group,domain,cell,producer_block_prefix_count,declared_block_prefix_count,declared_minus_producer,base_logical_offset
proportional_domain_ablation,0,c00q0,0,0,0,0
proportional_domain_ablation,0,c00q1,4,0,-4,280
proportional_domain_ablation,0,c00q2,19,0,-19,1016
proportional_domain_ablation,0,c00q3,28,0,-28,1104
proportional_domain_ablation,0,c00q4,10,0,-10,640
proportional_domain_ablation,0,c01q0,26,30,4,896
proportional_domain_ablation,0,c01q1,31,44,13,1440
proportional_domain_ablation,0,c01q2,77,84,7,3424
proportional_domain_ablation,0,c01q3,131,103,-28,5112
proportional_domain_ablation,0,c01q4,126,119,-7,5640
proportional_domain_ablation,0,c02q0,0,0,0,0
proportional_domain_ablation,0,c02q1,6,3,-3,328
proportional_domain_ablation,0,c02q2,28,15,-13,1128
proportional_domain_ablation,0,c02q3,38,30,-8,1608
proportional_domain_ablation,0,c02q4,45,30,-15,1600
proportional_domain_ablation,0,c03q0,16,24,8,736
proportional_domain_ablation,0,c03q1,93,134,41,4680
proportional_domain_ablation,0,c03q2,93,86,-7,4744
proportional_domain_ablation,0,c03q3,159,85,-74,7280
proportional_domain_ablation,0,c03q4,101,54,-47,4720
proportional_domain_ablation,0,c04q0,0,1,1,0
proportional_domain_ablation,0,c04q1,1,9,8,16
proportional_domain_ablation,0,c04q2,13,32,19,696
proportional_domain_ablation,0,c04q3,13,18,5,416
proportional_domain_ablation,0,c04q4,5,3,-2,88
proportional_domain_ablation,0,c05q0,1,4,3,48
proportional_domain_ablation,0,c05q1,7,13,6,224
proportional_domain_ablation,0,c05q2,20,40,20,984
proportional_domain_ablation,0,c05q3,50,137,87,2336
proportional_domain_ablation,0,c05q4,30,72,42,1512
proportional_domain_ablation,0,c06q0,0,0,0,0
proportional_domain_ablation,0,c06q1,2,5,3,48
proportional_domain_ablation,0,c06q2,5,27,22,232
proportional_domain_ablation,0,c06q3,28,29,1,1088
proportional_domain_ablation,0,c06q4,18,28,10,896
proportional_domain_ablation,0,c07q0,1,18,17,56
proportional_domain_ablation,0,c07q1,24,34,10,880
proportional_domain_ablation,0,c07q2,59,31,-28,2160
proportional_domain_ablation,0,c07q3,38,31,-7,1896
proportional_domain_ablation,0,c07q4,14,9,-5,432
proportional_domain_ablation,0,c08q0,0,0,0,0
proportional_domain_ablation,0,c08q1,1,5,4,24
proportional_domain_ablation,0,c08q2,6,16,10,192
proportional_domain_ablation,0,c08q3,5,21,16,288
proportional_domain_ablation,0,c08q4,11,7,-4,416
proportional_domain_ablation,0,c09q0,0,2,2,0
proportional_domain_ablation,0,c09q1,3,15,12,56
proportional_domain_ablation,0,c09q2,2,39,37,144
proportional_domain_ablation,0,c09q3,3,16,13,208
proportional_domain_ablation,0,c09q4,2,6,4,48
proportional_domain_ablation,0,c10q0,0,8,8,16
proportional_domain_ablation,0,c10q1,9,33,24,208
proportional_domain_ablation,0,c10q2,4,40,36,336
proportional_domain_ablation,0,c10q3,6,23,17,272
proportional_domain_ablation,0,c10q4,2,6,4,104
proportional_domain_ablation,0,c11q0,0,4,4,40
proportional_domain_ablation,0,c11q1,10,10,0,472
proportional_domain_ablation,0,c11q2,30,39,9,1168
proportional_domain_ablation,0,c11q3,33,36,3,1000
proportional_domain_ablation,0,c11q4,7,3,-4,296
proportional_domain_ablation,0,c12q0,3,1,-2,88
proportional_domain_ablation,0,c12q1,35,24,-11,1432
proportional_domain_ablation,0,c12q2,83,61,-22,3248
proportional_domain_ablation,0,c12q3,63,43,-20,3368
proportional_domain_ablation,0,c12q4,29,15,-14,920
proportional_domain_ablation,0,c13q0,0,1,1,0
proportional_domain_ablation,0,c13q1,4,31,27,384
proportional_domain_ablation,0,c13q2,15,59,44,1056
proportional_domain_ablation,0,c13q3,63,98,35,2536
proportional_domain_ablation,0,c13q4,22,41,19,1176
proportional_domain_ablation,0,c14q0,4,24,20,328
proportional_domain_ablation,0,c14q1,119,223,104,4400
proportional_domain_ablation,0,c14q2,256,193,-63,12048
proportional_domain_ablation,0,c14q3,271,182,-89,11680
proportional_domain_ablation,0,c14q4,60,31,-29,2400
proportional_domain_ablation,0,c15q0,0,4,4,0
proportional_domain_ablation,0,c15q1,0,18,18,24
proportional_domain_ablation,0,c15q2,1,40,39,64
proportional_domain_ablation,0,c15q3,1,36,35,64
proportional_domain_ablation,0,c15q4,3,20,17,192
proportional_domain_ablation,0,c16q0,4,4,0,136
proportional_domain_ablation,0,c16q1,21,21,0,568
proportional_domain_ablation,0,c16q2,34,50,16,1304
proportional_domain_ablation,0,c16q3,35,36,1,1504
proportional_domain_ablation,0,c16q4,17,14,-3,600
proportional_domain_ablation,0,c17q0,33,31,-2,1552
proportional_domain_ablation,0,c17q1,96,71,-25,3800
proportional_domain_ablation,0,c17q2,158,98,-60,6392
proportional_domain_ablation,0,c17q3,110,77,-33,4952
proportional_domain_ablation,0,c17q4,40,22,-18,1328
proportional_domain_ablation,0,c18q0,2,4,2,88
proportional_domain_ablation,0,c18q1,12,24,12,704
proportional_domain_ablation,0,c18q2,26,50,24,1224
proportional_domain_ablation,0,c18q3,11,24,13,608
proportional_domain_ablation,0,c18q4,3,4,1,352
proportional_domain_ablation,0,c19q0,0,3,3,0
proportional_domain_ablation,0,c19q1,0,20,20,24
proportional_domain_ablation,0,c19q2,13,38,25,608
proportional_domain_ablation,0,c19q3,13,26,13,448
proportional_domain_ablation,0,c19q4,4,9,5,152
proportional_domain_ablation,0,c20q0,0,3,3,40
proportional_domain_ablation,0,c20q1,32,44,12,968
proportional_domain_ablation,0,c20q2,58,46,-12,2440
proportional_domain_ablation,0,c20q3,33,39,6,1496
proportional_domain_ablation,0,c20q4,40,20,-20,1848
proportional_domain_ablation,0,c21q0,7,9,2,208
proportional_domain_ablation,0,c21q1,43,19,-24,1664
proportional_domain_ablation,0,c21q2,102,60,-42,4872
proportional_domain_ablation,0,c21q3,137,75,-62,5728
proportional_domain_ablation,0,c21q4,58,34,-24,2336
proportional_domain_ablation,0,c22q0,0,0,0,0
proportional_domain_ablation,0,c22q1,3,1,-2,104
proportional_domain_ablation,0,c22q2,17,14,-3,824
proportional_domain_ablation,0,c22q3,30,26,-4,1456
proportional_domain_ablation,0,c22q4,7,5,-2,504
proportional_domain_ablation,0,c23q0,4,17,13,248
proportional_domain_ablation,0,c23q1,41,50,9,1800
proportional_domain_ablation,0,c23q2,91,72,-19,3560
proportional_domain_ablation,0,c23q3,123,102,-21,4472
proportional_domain_ablation,0,c23q4,84,30,-54,3304
proportional_domain_ablation,0,c24q0,11,19,8,640
proportional_domain_ablation,0,c24q1,68,49,-19,2800
proportional_domain_ablation,0,c24q2,120,81,-39,5048
proportional_domain_ablation,0,c24q3,89,63,-26,3488
proportional_domain_ablation,0,c24q4,32,24,-8,1744
proportional_domain_ablation,0,c25q0,47,34,-13,1816
proportional_domain_ablation,0,c25q1,126,101,-25,5208
proportional_domain_ablation,0,c25q2,183,135,-48,7928
proportional_domain_ablation,0,c25q3,137,94,-43,5368
proportional_domain_ablation,0,c25q4,40,22,-18,2200
proportional_domain_ablation,0,c26q0,0,16,16,0
proportional_domain_ablation,0,c26q1,1,73,72,16
proportional_domain_ablation,0,c26q2,14,124,110,552
proportional_domain_ablation,0,c26q3,20,220,200,928
proportional_domain_ablation,0,c26q4,26,278,252,1240
proportional_domain_ablation,0,c27q0,0,0,0,0
proportional_domain_ablation,0,c27q1,0,3,3,56
proportional_domain_ablation,0,c27q2,8,13,5,288
proportional_domain_ablation,0,c27q3,10,7,-3,432
proportional_domain_ablation,0,c27q4,2,0,-2,168
proportional_domain_ablation,0,c28q0,0,2,2,0
proportional_domain_ablation,0,c28q1,85,145,60,3488
proportional_domain_ablation,0,c28q2,205,167,-38,9456
proportional_domain_ablation,0,c28q3,342,210,-132,14944
proportional_domain_ablation,0,c28q4,177,91,-86,7352
proportional_domain_ablation,0,c29q0,18,24,6,840
proportional_domain_ablation,0,c29q1,30,25,-5,1224
proportional_domain_ablation,0,c29q2,80,107,27,3280
proportional_domain_ablation,0,c29q3,84,127,43,4128
proportional_domain_ablation,0,c29q4,83,50,-33,3664
proportional_domain_ablation,0,c30q0,0,1,1,0
proportional_domain_ablation,0,c30q1,10,17,7,896
proportional_domain_ablation,0,c30q2,82,59,-23,3664
proportional_domain_ablation,0,c30q3,300,161,-139,11096
proportional_domain_ablation,0,c30q4,480,298,-182,19664
proportional_domain_ablation,0,c31q0,0,0,0,0
proportional_domain_ablation,0,c31q1,0,6,6,16
proportional_domain_ablation,0,c31q2,3,18,15,64
proportional_domain_ablation,0,c31q3,2,15,13,104
proportional_domain_ablation,0,c31q4,2,14,12,56
proportional_domain_ablation,0,c32q0,7,30,23,280
proportional_domain_ablation,0,c32q1,40,134,94,1768
proportional_domain_ablation,0,c32q2,222,168,-54,10272
proportional_domain_ablation,0,c32q3,407,228,-179,17496
proportional_domain_ablation,0,c32q4,158,80,-78,6632
proportional_domain_ablation,0,c33q0,0,0,0,0
proportional_domain_ablation,0,c33q1,0,34,34,104
proportional_domain_ablation,0,c33q2,4,60,56,288
proportional_domain_ablation,0,c33q3,8,58,50,456
proportional_domain_ablation,0,c33q4,24,76,52,792
proportional_domain_ablation,0,c34q0,0,0,0,0
proportional_domain_ablation,0,c34q1,12,5,-7,288
proportional_domain_ablation,0,c34q2,19,13,-6,856
proportional_domain_ablation,0,c34q3,22,21,-1,976
proportional_domain_ablation,0,c34q4,6,12,6,512
proportional_domain_ablation,0,c35q0,0,10,10,64
proportional_domain_ablation,0,c35q1,25,52,27,976
proportional_domain_ablation,0,c35q2,37,70,33,1544
proportional_domain_ablation,0,c35q3,27,52,25,1064
proportional_domain_ablation,0,c35q4,12,10,-2,416
proportional_domain_ablation,0,c36q0,2,5,3,56
proportional_domain_ablation,0,c36q1,6,22,16,280
proportional_domain_ablation,0,c36q2,11,20,9,504
proportional_domain_ablation,0,c36q3,7,11,4,264
proportional_domain_ablation,0,c36q4,4,3,-1,96
proportional_domain_ablation,0,c37q0,1,5,4,24
proportional_domain_ablation,0,c37q1,11,17,6,256
proportional_domain_ablation,0,c37q2,23,64,41,1008
proportional_domain_ablation,0,c37q3,35,90,55,1616
proportional_domain_ablation,0,c37q4,38,83,45,1360
proportional_domain_ablation,0,c38q0,22,40,18,808
proportional_domain_ablation,0,c38q1,40,72,32,2176
proportional_domain_ablation,0,c38q2,151,153,2,6968
proportional_domain_ablation,0,c38q3,229,150,-79,8488
proportional_domain_ablation,0,c38q4,214,123,-91,8568
proportional_domain_ablation,0,c39q0,4,0,-4,120
proportional_domain_ablation,0,c39q1,38,21,-17,1520
proportional_domain_ablation,0,c39q2,184,111,-73,7728
proportional_domain_ablation,0,c39q3,104,35,-69,3800
proportional_domain_ablation,0,c39q4,77,37,-40,3640
proportional_domain_ablation,1,c00q0,0,1,1,0
proportional_domain_ablation,1,c00q1,4,30,26,280
proportional_domain_ablation,1,c00q2,19,100,81,1016
proportional_domain_ablation,1,c00q3,28,85,57,1104
proportional_domain_ablation,1,c00q4,10,55,45,640
proportional_domain_ablation,1,c01q0,26,0,-26,896
proportional_domain_ablation,1,c01q1,31,0,-31,1440
proportional_domain_ablation,1,c01q2,77,0,-77,3424
proportional_domain_ablation,1,c01q3,131,0,-131,5112
proportional_domain_ablation,1,c01q4,126,0,-126,5640
proportional_domain_ablation,1,c02q0,0,0,0,0
proportional_domain_ablation,1,c02q1,6,5,-1,328
proportional_domain_ablation,1,c02q2,28,20,-8,1128
proportional_domain_ablation,1,c02q3,38,38,0,1608
proportional_domain_ablation,1,c02q4,45,29,-16,1600
proportional_domain_ablation,1,c03q0,16,16,0,736
proportional_domain_ablation,1,c03q1,93,133,40,4680
proportional_domain_ablation,1,c03q2,93,106,13,4744
proportional_domain_ablation,1,c03q3,159,80,-79,7280
proportional_domain_ablation,1,c03q4,101,43,-58,4720
proportional_domain_ablation,1,c04q0,0,0,0,0
proportional_domain_ablation,1,c04q1,1,12,11,16
proportional_domain_ablation,1,c04q2,13,35,22,696
proportional_domain_ablation,1,c04q3,13,16,3,416
proportional_domain_ablation,1,c04q4,5,5,0,88
proportional_domain_ablation,1,c05q0,1,3,2,48
proportional_domain_ablation,1,c05q1,7,15,8,224
proportional_domain_ablation,1,c05q2,20,53,33,984
proportional_domain_ablation,1,c05q3,50,111,61,2336
proportional_domain_ablation,1,c05q4,30,92,62,1512
proportional_domain_ablation,1,c06q0,0,0,0,0
proportional_domain_ablation,1,c06q1,2,3,1,48
proportional_domain_ablation,1,c06q2,5,22,17,232
proportional_domain_ablation,1,c06q3,28,29,1,1088
proportional_domain_ablation,1,c06q4,18,18,0,896
proportional_domain_ablation,1,c07q0,1,18,17,56
proportional_domain_ablation,1,c07q1,24,34,10,880
proportional_domain_ablation,1,c07q2,59,39,-20,2160
proportional_domain_ablation,1,c07q3,38,37,-1,1896
proportional_domain_ablation,1,c07q4,14,4,-10,432
proportional_domain_ablation,1,c08q0,0,0,0,0
proportional_domain_ablation,1,c08q1,1,2,1,24
proportional_domain_ablation,1,c08q2,6,20,14,192
proportional_domain_ablation,1,c08q3,5,21,16,288
proportional_domain_ablation,1,c08q4,11,7,-4,416
proportional_domain_ablation,1,c09q0,0,1,1,0
proportional_domain_ablation,1,c09q1,3,14,11,56
proportional_domain_ablation,1,c09q2,2,35,33,144
proportional_domain_ablation,1,c09q3,3,18,15,208
proportional_domain_ablation,1,c09q4,2,1,-1,48
proportional_domain_ablation,1,c10q0,0,5,5,16
proportional_domain_ablation,1,c10q1,9,33,24,208
proportional_domain_ablation,1,c10q2,4,50,46,336
proportional_domain_ablation,1,c10q3,6,20,14,272
proportional_domain_ablation,1,c10q4,2,7,5,104
proportional_domain_ablation,1,c11q0,0,3,3,40
proportional_domain_ablation,1,c11q1,10,19,9,472
proportional_domain_ablation,1,c11q2,30,47,17,1168
proportional_domain_ablation,1,c11q3,33,35,2,1000
proportional_domain_ablation,1,c11q4,7,5,-2,296
proportional_domain_ablation,1,c12q0,3,1,-2,88
proportional_domain_ablation,1,c12q1,35,20,-15,1432
proportional_domain_ablation,1,c12q2,83,60,-23,3248
proportional_domain_ablation,1,c12q3,63,50,-13,3368
proportional_domain_ablation,1,c12q4,29,16,-13,920
proportional_domain_ablation,1,c13q0,0,0,0,0
proportional_domain_ablation,1,c13q1,4,21,17,384
proportional_domain_ablation,1,c13q2,15,43,28,1056
proportional_domain_ablation,1,c13q3,63,135,72,2536
proportional_domain_ablation,1,c13q4,22,41,19,1176
proportional_domain_ablation,1,c14q0,4,20,16,328
proportional_domain_ablation,1,c14q1,119,210,91,4400
proportional_domain_ablation,1,c14q2,256,200,-56,12048
proportional_domain_ablation,1,c14q3,271,175,-96,11680
proportional_domain_ablation,1,c14q4,60,36,-24,2400
proportional_domain_ablation,1,c15q0,0,1,1,0
proportional_domain_ablation,1,c15q1,0,15,15,24
proportional_domain_ablation,1,c15q2,1,49,48,64
proportional_domain_ablation,1,c15q3,1,37,36,64
proportional_domain_ablation,1,c15q4,3,22,19,192
proportional_domain_ablation,1,c16q0,4,6,2,136
proportional_domain_ablation,1,c16q1,21,14,-7,568
proportional_domain_ablation,1,c16q2,34,44,10,1304
proportional_domain_ablation,1,c16q3,35,52,17,1504
proportional_domain_ablation,1,c16q4,17,17,0,600
proportional_domain_ablation,1,c17q0,33,24,-9,1552
proportional_domain_ablation,1,c17q1,96,59,-37,3800
proportional_domain_ablation,1,c17q2,158,109,-49,6392
proportional_domain_ablation,1,c17q3,110,81,-29,4952
proportional_domain_ablation,1,c17q4,40,21,-19,1328
proportional_domain_ablation,1,c18q0,2,5,3,88
proportional_domain_ablation,1,c18q1,12,27,15,704
proportional_domain_ablation,1,c18q2,26,46,20,1224
proportional_domain_ablation,1,c18q3,11,21,10,608
proportional_domain_ablation,1,c18q4,3,5,2,352
proportional_domain_ablation,1,c19q0,0,4,4,0
proportional_domain_ablation,1,c19q1,0,25,25,24
proportional_domain_ablation,1,c19q2,13,43,30,608
proportional_domain_ablation,1,c19q3,13,18,5,448
proportional_domain_ablation,1,c19q4,4,14,10,152
proportional_domain_ablation,1,c20q0,0,2,2,40
proportional_domain_ablation,1,c20q1,32,37,5,968
proportional_domain_ablation,1,c20q2,58,56,-2,2440
proportional_domain_ablation,1,c20q3,33,32,-1,1496
proportional_domain_ablation,1,c20q4,40,18,-22,1848
proportional_domain_ablation,1,c21q0,7,2,-5,208
proportional_domain_ablation,1,c21q1,43,25,-18,1664
proportional_domain_ablation,1,c21q2,102,78,-24,4872
proportional_domain_ablation,1,c21q3,137,67,-70,5728
proportional_domain_ablation,1,c21q4,58,34,-24,2336
proportional_domain_ablation,1,c22q0,0,0,0,0
proportional_domain_ablation,1,c22q1,3,3,0,104
proportional_domain_ablation,1,c22q2,17,6,-11,824
proportional_domain_ablation,1,c22q3,30,20,-10,1456
proportional_domain_ablation,1,c22q4,7,4,-3,504
proportional_domain_ablation,1,c23q0,4,18,14,248
proportional_domain_ablation,1,c23q1,41,49,8,1800
proportional_domain_ablation,1,c23q2,91,86,-5,3560
proportional_domain_ablation,1,c23q3,123,91,-32,4472
proportional_domain_ablation,1,c23q4,84,43,-41,3304
proportional_domain_ablation,1,c24q0,11,19,8,640
proportional_domain_ablation,1,c24q1,68,42,-26,2800
proportional_domain_ablation,1,c24q2,120,91,-29,5048
proportional_domain_ablation,1,c24q3,89,57,-32,3488
proportional_domain_ablation,1,c24q4,32,37,5,1744
proportional_domain_ablation,1,c25q0,47,30,-17,1816
proportional_domain_ablation,1,c25q1,126,94,-32,5208
proportional_domain_ablation,1,c25q2,183,143,-40,7928
proportional_domain_ablation,1,c25q3,137,91,-46,5368
proportional_domain_ablation,1,c25q4,40,21,-19,2200
proportional_domain_ablation,1,c26q0,0,17,17,0
proportional_domain_ablation,1,c26q1,1,61,60,16
proportional_domain_ablation,1,c26q2,14,147,133,552
proportional_domain_ablation,1,c26q3,20,210,190,928
proportional_domain_ablation,1,c26q4,26,286,260,1240
proportional_domain_ablation,1,c27q0,0,0,0,0
proportional_domain_ablation,1,c27q1,0,3,3,56
proportional_domain_ablation,1,c27q2,8,14,6,288
proportional_domain_ablation,1,c27q3,10,11,1,432
proportional_domain_ablation,1,c27q4,2,1,-1,168
proportional_domain_ablation,1,c28q0,0,1,1,0
proportional_domain_ablation,1,c28q1,85,149,64,3488
proportional_domain_ablation,1,c28q2,205,159,-46,9456
proportional_domain_ablation,1,c28q3,342,228,-114,14944
proportional_domain_ablation,1,c28q4,177,99,-78,7352
proportional_domain_ablation,1,c29q0,18,12,-6,840
proportional_domain_ablation,1,c29q1,30,30,0,1224
proportional_domain_ablation,1,c29q2,80,95,15,3280
proportional_domain_ablation,1,c29q3,84,126,42,4128
proportional_domain_ablation,1,c29q4,83,45,-38,3664
proportional_domain_ablation,1,c30q0,0,3,3,0
proportional_domain_ablation,1,c30q1,10,22,12,896
proportional_domain_ablation,1,c30q2,82,65,-17,3664
proportional_domain_ablation,1,c30q3,300,166,-134,11096
proportional_domain_ablation,1,c30q4,480,293,-187,19664
proportional_domain_ablation,1,c31q0,0,1,1,0
proportional_domain_ablation,1,c31q1,0,8,8,16
proportional_domain_ablation,1,c31q2,3,20,17,64
proportional_domain_ablation,1,c31q3,2,19,17,104
proportional_domain_ablation,1,c31q4,2,8,6,56
proportional_domain_ablation,1,c32q0,7,34,27,280
proportional_domain_ablation,1,c32q1,40,141,101,1768
proportional_domain_ablation,1,c32q2,222,169,-53,10272
proportional_domain_ablation,1,c32q3,407,230,-177,17496
proportional_domain_ablation,1,c32q4,158,78,-80,6632
proportional_domain_ablation,1,c33q0,0,3,3,0
proportional_domain_ablation,1,c33q1,0,25,25,104
proportional_domain_ablation,1,c33q2,4,62,58,288
proportional_domain_ablation,1,c33q3,8,67,59,456
proportional_domain_ablation,1,c33q4,24,77,53,792
proportional_domain_ablation,1,c34q0,0,1,1,0
proportional_domain_ablation,1,c34q1,12,6,-6,288
proportional_domain_ablation,1,c34q2,19,9,-10,856
proportional_domain_ablation,1,c34q3,22,16,-6,976
proportional_domain_ablation,1,c34q4,6,13,7,512
proportional_domain_ablation,1,c35q0,0,8,8,64
proportional_domain_ablation,1,c35q1,25,54,29,976
proportional_domain_ablation,1,c35q2,37,75,38,1544
proportional_domain_ablation,1,c35q3,27,47,20,1064
proportional_domain_ablation,1,c35q4,12,15,3,416
proportional_domain_ablation,1,c36q0,2,3,1,56
proportional_domain_ablation,1,c36q1,6,20,14,280
proportional_domain_ablation,1,c36q2,11,24,13,504
proportional_domain_ablation,1,c36q3,7,13,6,264
proportional_domain_ablation,1,c36q4,4,4,0,96
proportional_domain_ablation,1,c37q0,1,6,5,24
proportional_domain_ablation,1,c37q1,11,16,5,256
proportional_domain_ablation,1,c37q2,23,61,38,1008
proportional_domain_ablation,1,c37q3,35,91,56,1616
proportional_domain_ablation,1,c37q4,38,84,46,1360
proportional_domain_ablation,1,c38q0,22,36,14,808
proportional_domain_ablation,1,c38q1,40,77,37,2176
proportional_domain_ablation,1,c38q2,151,156,5,6968
proportional_domain_ablation,1,c38q3,229,153,-76,8488
proportional_domain_ablation,1,c38q4,214,124,-90,8568
proportional_domain_ablation,1,c39q0,4,1,-3,120
proportional_domain_ablation,1,c39q1,38,19,-19,1520
proportional_domain_ablation,1,c39q2,184,111,-73,7728
proportional_domain_ablation,1,c39q3,104,38,-66,3800
proportional_domain_ablation,1,c39q4,77,37,-40,3640
proportional_domain_ablation,2,c00q0,0,1,1,0
proportional_domain_ablation,2,c00q1,4,29,25,280
proportional_domain_ablation,2,c00q2,19,93,74,1016
proportional_domain_ablation,2,c00q3,28,86,58,1104
proportional_domain_ablation,2,c00q4,10,48,38,640
proportional_domain_ablation,2,c01q0,26,44,18,896
proportional_domain_ablation,2,c01q1,31,56,25,1440
proportional_domain_ablation,2,c01q2,77,53,-24,3424
proportional_domain_ablation,2,c01q3,131,118,-13,5112
proportional_domain_ablation,2,c01q4,126,111,-15,5640
proportional_domain_ablation,2,c02q0,0,0,0,0
proportional_domain_ablation,2,c02q1,6,0,-6,328
proportional_domain_ablation,2,c02q2,28,0,-28,1128
proportional_domain_ablation,2,c02q3,38,0,-38,1608
proportional_domain_ablation,2,c02q4,45,0,-45,1600
proportional_domain_ablation,2,c03q0,16,16,0,736
proportional_domain_ablation,2,c03q1,93,108,15,4680
proportional_domain_ablation,2,c03q2,93,99,6,4744
proportional_domain_ablation,2,c03q3,159,77,-82,7280
proportional_domain_ablation,2,c03q4,101,48,-53,4720
proportional_domain_ablation,2,c04q0,0,3,3,0
proportional_domain_ablation,2,c04q1,1,13,12,16
proportional_domain_ablation,2,c04q2,13,37,24,696
proportional_domain_ablation,2,c04q3,13,24,11,416
proportional_domain_ablation,2,c04q4,5,7,2,88
proportional_domain_ablation,2,c05q0,1,3,2,48
proportional_domain_ablation,2,c05q1,7,10,3,224
proportional_domain_ablation,2,c05q2,20,53,33,984
proportional_domain_ablation,2,c05q3,50,124,74,2336
proportional_domain_ablation,2,c05q4,30,79,49,1512
proportional_domain_ablation,2,c06q0,0,0,0,0
proportional_domain_ablation,2,c06q1,2,3,1,48
proportional_domain_ablation,2,c06q2,5,29,24,232
proportional_domain_ablation,2,c06q3,28,32,4,1088
proportional_domain_ablation,2,c06q4,18,20,2,896
proportional_domain_ablation,2,c07q0,1,14,13,56
proportional_domain_ablation,2,c07q1,24,43,19,880
proportional_domain_ablation,2,c07q2,59,38,-21,2160
proportional_domain_ablation,2,c07q3,38,29,-9,1896
proportional_domain_ablation,2,c07q4,14,8,-6,432
proportional_domain_ablation,2,c08q0,0,0,0,0
proportional_domain_ablation,2,c08q1,1,3,2,24
proportional_domain_ablation,2,c08q2,6,20,14,192
proportional_domain_ablation,2,c08q3,5,21,16,288
proportional_domain_ablation,2,c08q4,11,11,0,416
proportional_domain_ablation,2,c09q0,0,4,4,0
proportional_domain_ablation,2,c09q1,3,10,7,56
proportional_domain_ablation,2,c09q2,2,21,19,144
proportional_domain_ablation,2,c09q3,3,14,11,208
proportional_domain_ablation,2,c09q4,2,4,2,48
proportional_domain_ablation,2,c10q0,0,7,7,16
proportional_domain_ablation,2,c10q1,9,35,26,208
proportional_domain_ablation,2,c10q2,4,26,22,336
proportional_domain_ablation,2,c10q3,6,19,13,272
proportional_domain_ablation,2,c10q4,2,7,5,104
proportional_domain_ablation,2,c11q0,0,5,5,40
proportional_domain_ablation,2,c11q1,10,17,7,472
proportional_domain_ablation,2,c11q2,30,34,4,1168
proportional_domain_ablation,2,c11q3,33,29,-4,1000
proportional_domain_ablation,2,c11q4,7,10,3,296
proportional_domain_ablation,2,c12q0,3,2,-1,88
proportional_domain_ablation,2,c12q1,35,38,3,1432
proportional_domain_ablation,2,c12q2,83,61,-22,3248
proportional_domain_ablation,2,c12q3,63,51,-12,3368
proportional_domain_ablation,2,c12q4,29,10,-19,920
proportional_domain_ablation,2,c13q0,0,0,0,0
proportional_domain_ablation,2,c13q1,4,19,15,384
proportional_domain_ablation,2,c13q2,15,34,19,1056
proportional_domain_ablation,2,c13q3,63,114,51,2536
proportional_domain_ablation,2,c13q4,22,51,29,1176
proportional_domain_ablation,2,c14q0,4,23,19,328
proportional_domain_ablation,2,c14q1,119,209,90,4400
proportional_domain_ablation,2,c14q2,256,206,-50,12048
proportional_domain_ablation,2,c14q3,271,172,-99,11680
proportional_domain_ablation,2,c14q4,60,29,-31,2400
proportional_domain_ablation,2,c15q0,0,2,2,0
proportional_domain_ablation,2,c15q1,0,25,25,24
proportional_domain_ablation,2,c15q2,1,40,39,64
proportional_domain_ablation,2,c15q3,1,30,29,64
proportional_domain_ablation,2,c15q4,3,18,15,192
proportional_domain_ablation,2,c16q0,4,5,1,136
proportional_domain_ablation,2,c16q1,21,24,3,568
proportional_domain_ablation,2,c16q2,34,48,14,1304
proportional_domain_ablation,2,c16q3,35,37,2,1504
proportional_domain_ablation,2,c16q4,17,13,-4,600
proportional_domain_ablation,2,c17q0,33,16,-17,1552
proportional_domain_ablation,2,c17q1,96,75,-21,3800
proportional_domain_ablation,2,c17q2,158,98,-60,6392
proportional_domain_ablation,2,c17q3,110,79,-31,4952
proportional_domain_ablation,2,c17q4,40,14,-26,1328
proportional_domain_ablation,2,c18q0,2,5,3,88
proportional_domain_ablation,2,c18q1,12,27,15,704
proportional_domain_ablation,2,c18q2,26,41,15,1224
proportional_domain_ablation,2,c18q3,11,25,14,608
proportional_domain_ablation,2,c18q4,3,7,4,352
proportional_domain_ablation,2,c19q0,0,2,2,0
proportional_domain_ablation,2,c19q1,0,27,27,24
proportional_domain_ablation,2,c19q2,13,33,20,608
proportional_domain_ablation,2,c19q3,13,25,12,448
proportional_domain_ablation,2,c19q4,4,7,3,152
proportional_domain_ablation,2,c20q0,0,1,1,40
proportional_domain_ablation,2,c20q1,32,50,18,968
proportional_domain_ablation,2,c20q2,58,47,-11,2440
proportional_domain_ablation,2,c20q3,33,28,-5,1496
proportional_domain_ablation,2,c20q4,40,15,-25,1848
proportional_domain_ablation,2,c21q0,7,2,-5,208
proportional_domain_ablation,2,c21q1,43,23,-20,1664
proportional_domain_ablation,2,c21q2,102,67,-35,4872
proportional_domain_ablation,2,c21q3,137,100,-37,5728
proportional_domain_ablation,2,c21q4,58,36,-22,2336
proportional_domain_ablation,2,c22q0,0,0,0,0
proportional_domain_ablation,2,c22q1,3,3,0,104
proportional_domain_ablation,2,c22q2,17,11,-6,824
proportional_domain_ablation,2,c22q3,30,17,-13,1456
proportional_domain_ablation,2,c22q4,7,1,-6,504
proportional_domain_ablation,2,c23q0,4,15,11,248
proportional_domain_ablation,2,c23q1,41,49,8,1800
proportional_domain_ablation,2,c23q2,91,70,-21,3560
proportional_domain_ablation,2,c23q3,123,92,-31,4472
proportional_domain_ablation,2,c23q4,84,28,-56,3304
proportional_domain_ablation,2,c24q0,11,18,7,640
proportional_domain_ablation,2,c24q1,68,50,-18,2800
proportional_domain_ablation,2,c24q2,120,80,-40,5048
proportional_domain_ablation,2,c24q3,89,61,-28,3488
proportional_domain_ablation,2,c24q4,32,28,-4,1744
proportional_domain_ablation,2,c25q0,47,38,-9,1816
proportional_domain_ablation,2,c25q1,126,94,-32,5208
proportional_domain_ablation,2,c25q2,183,129,-54,7928
proportional_domain_ablation,2,c25q3,137,102,-35,5368
proportional_domain_ablation,2,c25q4,40,19,-21,2200
proportional_domain_ablation,2,c26q0,0,16,16,0
proportional_domain_ablation,2,c26q1,1,50,49,16
proportional_domain_ablation,2,c26q2,14,134,120,552
proportional_domain_ablation,2,c26q3,20,202,182,928
proportional_domain_ablation,2,c26q4,26,279,253,1240
proportional_domain_ablation,2,c27q0,0,1,1,0
proportional_domain_ablation,2,c27q1,0,3,3,56
proportional_domain_ablation,2,c27q2,8,13,5,288
proportional_domain_ablation,2,c27q3,10,4,-6,432
proportional_domain_ablation,2,c27q4,2,1,-1,168
proportional_domain_ablation,2,c28q0,0,4,4,0
proportional_domain_ablation,2,c28q1,85,144,59,3488
proportional_domain_ablation,2,c28q2,205,170,-35,9456
proportional_domain_ablation,2,c28q3,342,202,-140,14944
proportional_domain_ablation,2,c28q4,177,82,-95,7352
proportional_domain_ablation,2,c29q0,18,35,17,840
proportional_domain_ablation,2,c29q1,30,33,3,1224
proportional_domain_ablation,2,c29q2,80,95,15,3280
proportional_domain_ablation,2,c29q3,84,136,52,4128
proportional_domain_ablation,2,c29q4,83,42,-41,3664
proportional_domain_ablation,2,c30q0,0,2,2,0
proportional_domain_ablation,2,c30q1,10,12,2,896
proportional_domain_ablation,2,c30q2,82,66,-16,3664
proportional_domain_ablation,2,c30q3,300,151,-149,11096
proportional_domain_ablation,2,c30q4,480,287,-193,19664
proportional_domain_ablation,2,c31q0,0,1,1,0
proportional_domain_ablation,2,c31q1,0,11,11,16
proportional_domain_ablation,2,c31q2,3,17,14,64
proportional_domain_ablation,2,c31q3,2,16,14,104
proportional_domain_ablation,2,c31q4,2,3,1,56
proportional_domain_ablation,2,c32q0,7,26,19,280
proportional_domain_ablation,2,c32q1,40,135,95,1768
proportional_domain_ablation,2,c32q2,222,166,-56,10272
proportional_domain_ablation,2,c32q3,407,223,-184,17496
proportional_domain_ablation,2,c32q4,158,87,-71,6632
proportional_domain_ablation,2,c33q0,0,3,3,0
proportional_domain_ablation,2,c33q1,0,24,24,104
proportional_domain_ablation,2,c33q2,4,58,54,288
proportional_domain_ablation,2,c33q3,8,69,61,456
proportional_domain_ablation,2,c33q4,24,58,34,792
proportional_domain_ablation,2,c34q0,0,0,0,0
proportional_domain_ablation,2,c34q1,12,10,-2,288
proportional_domain_ablation,2,c34q2,19,15,-4,856
proportional_domain_ablation,2,c34q3,22,21,-1,976
proportional_domain_ablation,2,c34q4,6,12,6,512
proportional_domain_ablation,2,c35q0,0,10,10,64
proportional_domain_ablation,2,c35q1,25,49,24,976
proportional_domain_ablation,2,c35q2,37,68,31,1544
proportional_domain_ablation,2,c35q3,27,50,23,1064
proportional_domain_ablation,2,c35q4,12,12,0,416
proportional_domain_ablation,2,c36q0,2,5,3,56
proportional_domain_ablation,2,c36q1,6,14,8,280
proportional_domain_ablation,2,c36q2,11,20,9,504
proportional_domain_ablation,2,c36q3,7,9,2,264
proportional_domain_ablation,2,c36q4,4,2,-2,96
proportional_domain_ablation,2,c37q0,1,5,4,24
proportional_domain_ablation,2,c37q1,11,30,19,256
proportional_domain_ablation,2,c37q2,23,56,33,1008
proportional_domain_ablation,2,c37q3,35,94,59,1616
proportional_domain_ablation,2,c37q4,38,78,40,1360
proportional_domain_ablation,2,c38q0,22,38,16,808
proportional_domain_ablation,2,c38q1,40,75,35,2176
proportional_domain_ablation,2,c38q2,151,141,-10,6968
proportional_domain_ablation,2,c38q3,229,151,-78,8488
proportional_domain_ablation,2,c38q4,214,121,-93,8568
proportional_domain_ablation,2,c39q0,4,0,-4,120
proportional_domain_ablation,2,c39q1,38,20,-18,1520
proportional_domain_ablation,2,c39q2,184,112,-72,7728
proportional_domain_ablation,2,c39q3,104,33,-71,3800
proportional_domain_ablation,2,c39q4,77,35,-42,3640
proportional_domain_ablation,3,c00q0,0,1,1,0
proportional_domain_ablation,3,c00q1,4,30,26,280
proportional_domain_ablation,3,c00q2,19,100,81,1016
proportional_domain_ablation,3,c00q3,28,85,57,1104
proportional_domain_ablation,3,c00q4,10,55,45,640
proportional_domain_ablation,3,c01q0,26,48,22,896
proportional_domain_ablation,3,c01q1,31,45,14,1440
proportional_domain_ablation,3,c01q2,77,64,-13,3424
proportional_domain_ablation,3,c01q3,131,124,-7,5112
proportional_domain_ablation,3,c01q4,126,106,-20,5640
proportional_domain_ablation,3,c02q0,0,0,0,0
proportional_domain_ablation,3,c02q1,6,6,0,328
proportional_domain_ablation,3,c02q2,28,14,-14,1128
proportional_domain_ablation,3,c02q3,38,24,-14,1608
proportional_domain_ablation,3,c02q4,45,20,-25,1600
proportional_domain_ablation,3,c03q0,16,0,-16,736
proportional_domain_ablation,3,c03q1,93,0,-93,4680
proportional_domain_ablation,3,c03q2,93,0,-93,4744
proportional_domain_ablation,3,c03q3,159,0,-159,7280
proportional_domain_ablation,3,c03q4,101,0,-101,4720
proportional_domain_ablation,3,c04q0,0,0,0,0
proportional_domain_ablation,3,c04q1,1,12,11,16
proportional_domain_ablation,3,c04q2,13,32,19,696
proportional_domain_ablation,3,c04q3,13,18,5,416
proportional_domain_ablation,3,c04q4,5,4,-1,88
proportional_domain_ablation,3,c05q0,1,1,0,48
proportional_domain_ablation,3,c05q1,7,15,8,224
proportional_domain_ablation,3,c05q2,20,56,36,984
proportional_domain_ablation,3,c05q3,50,106,56,2336
proportional_domain_ablation,3,c05q4,30,91,61,1512
proportional_domain_ablation,3,c06q0,0,0,0,0
proportional_domain_ablation,3,c06q1,2,8,6,48
proportional_domain_ablation,3,c06q2,5,21,16,232
proportional_domain_ablation,3,c06q3,28,28,0,1088
proportional_domain_ablation,3,c06q4,18,23,5,896
proportional_domain_ablation,3,c07q0,1,15,14,56
proportional_domain_ablation,3,c07q1,24,31,7,880
proportional_domain_ablation,3,c07q2,59,34,-25,2160
proportional_domain_ablation,3,c07q3,38,36,-2,1896
proportional_domain_ablation,3,c07q4,14,8,-6,432
proportional_domain_ablation,3,c08q0,0,0,0,0
proportional_domain_ablation,3,c08q1,1,4,3,24
proportional_domain_ablation,3,c08q2,6,20,14,192
proportional_domain_ablation,3,c08q3,5,24,19,288
proportional_domain_ablation,3,c08q4,11,9,-2,416
proportional_domain_ablation,3,c09q0,0,2,2,0
proportional_domain_ablation,3,c09q1,3,11,8,56
proportional_domain_ablation,3,c09q2,2,31,29,144
proportional_domain_ablation,3,c09q3,3,18,15,208
proportional_domain_ablation,3,c09q4,2,7,5,48
proportional_domain_ablation,3,c10q0,0,3,3,16
proportional_domain_ablation,3,c10q1,9,31,22,208
proportional_domain_ablation,3,c10q2,4,40,36,336
proportional_domain_ablation,3,c10q3,6,32,26,272
proportional_domain_ablation,3,c10q4,2,4,2,104
proportional_domain_ablation,3,c11q0,0,1,1,40
proportional_domain_ablation,3,c11q1,10,21,11,472
proportional_domain_ablation,3,c11q2,30,51,21,1168
proportional_domain_ablation,3,c11q3,33,30,-3,1000
proportional_domain_ablation,3,c11q4,7,9,2,296
proportional_domain_ablation,3,c12q0,3,6,3,88
proportional_domain_ablation,3,c12q1,35,19,-16,1432
proportional_domain_ablation,3,c12q2,83,57,-26,3248
proportional_domain_ablation,3,c12q3,63,47,-16,3368
proportional_domain_ablation,3,c12q4,29,14,-15,920
proportional_domain_ablation,3,c13q0,0,0,0,0
proportional_domain_ablation,3,c13q1,4,25,21,384
proportional_domain_ablation,3,c13q2,15,39,24,1056
proportional_domain_ablation,3,c13q3,63,137,74,2536
proportional_domain_ablation,3,c13q4,22,52,30,1176
proportional_domain_ablation,3,c14q0,4,14,10,328
proportional_domain_ablation,3,c14q1,119,208,89,4400
proportional_domain_ablation,3,c14q2,256,206,-50,12048
proportional_domain_ablation,3,c14q3,271,175,-96,11680
proportional_domain_ablation,3,c14q4,60,33,-27,2400
proportional_domain_ablation,3,c15q0,0,3,3,0
proportional_domain_ablation,3,c15q1,0,15,15,24
proportional_domain_ablation,3,c15q2,1,41,40,64
proportional_domain_ablation,3,c15q3,1,42,41,64
proportional_domain_ablation,3,c15q4,3,21,18,192
proportional_domain_ablation,3,c16q0,4,6,2,136
proportional_domain_ablation,3,c16q1,21,20,-1,568
proportional_domain_ablation,3,c16q2,34,36,2,1304
proportional_domain_ablation,3,c16q3,35,47,12,1504
proportional_domain_ablation,3,c16q4,17,21,4,600
proportional_domain_ablation,3,c17q0,33,31,-2,1552
proportional_domain_ablation,3,c17q1,96,54,-42,3800
proportional_domain_ablation,3,c17q2,158,114,-44,6392
proportional_domain_ablation,3,c17q3,110,68,-42,4952
proportional_domain_ablation,3,c17q4,40,30,-10,1328
proportional_domain_ablation,3,c18q0,2,6,4,88
proportional_domain_ablation,3,c18q1,12,28,16,704
proportional_domain_ablation,3,c18q2,26,47,21,1224
proportional_domain_ablation,3,c18q3,11,22,11,608
proportional_domain_ablation,3,c18q4,3,5,2,352
proportional_domain_ablation,3,c19q0,0,2,2,0
proportional_domain_ablation,3,c19q1,0,26,26,24
proportional_domain_ablation,3,c19q2,13,46,33,608
proportional_domain_ablation,3,c19q3,13,21,8,448
proportional_domain_ablation,3,c19q4,4,5,1,152
proportional_domain_ablation,3,c20q0,0,1,1,40
proportional_domain_ablation,3,c20q1,32,39,7,968
proportional_domain_ablation,3,c20q2,58,58,0,2440
proportional_domain_ablation,3,c20q3,33,34,1,1496
proportional_domain_ablation,3,c20q4,40,18,-22,1848
proportional_domain_ablation,3,c21q0,7,3,-4,208
proportional_domain_ablation,3,c21q1,43,18,-25,1664
proportional_domain_ablation,3,c21q2,102,80,-22,4872
proportional_domain_ablation,3,c21q3,137,73,-64,5728
proportional_domain_ablation,3,c21q4,58,28,-30,2336
proportional_domain_ablation,3,c22q0,0,0,0,0
proportional_domain_ablation,3,c22q1,3,2,-1,104
proportional_domain_ablation,3,c22q2,17,13,-4,824
proportional_domain_ablation,3,c22q3,30,14,-16,1456
proportional_domain_ablation,3,c22q4,7,7,0,504
proportional_domain_ablation,3,c23q0,4,14,10,248
proportional_domain_ablation,3,c23q1,41,44,3,1800
proportional_domain_ablation,3,c23q2,91,95,4,3560
proportional_domain_ablation,3,c23q3,123,87,-36,4472
proportional_domain_ablation,3,c23q4,84,46,-38,3304
proportional_domain_ablation,3,c24q0,11,15,4,640
proportional_domain_ablation,3,c24q1,68,44,-24,2800
proportional_domain_ablation,3,c24q2,120,98,-22,5048
proportional_domain_ablation,3,c24q3,89,55,-34,3488
proportional_domain_ablation,3,c24q4,32,33,1,1744
proportional_domain_ablation,3,c25q0,47,39,-8,1816
proportional_domain_ablation,3,c25q1,126,88,-38,5208
proportional_domain_ablation,3,c25q2,183,140,-43,7928
proportional_domain_ablation,3,c25q3,137,93,-44,5368
proportional_domain_ablation,3,c25q4,40,22,-18,2200
proportional_domain_ablation,3,c26q0,0,15,15,0
proportional_domain_ablation,3,c26q1,1,62,61,16
proportional_domain_ablation,3,c26q2,14,150,136,552
proportional_domain_ablation,3,c26q3,20,213,193,928
proportional_domain_ablation,3,c26q4,26,285,259,1240
proportional_domain_ablation,3,c27q0,0,1,1,0
proportional_domain_ablation,3,c27q1,0,3,3,56
proportional_domain_ablation,3,c27q2,8,12,4,288
proportional_domain_ablation,3,c27q3,10,7,-3,432
proportional_domain_ablation,3,c27q4,2,1,-1,168
proportional_domain_ablation,3,c28q0,0,1,1,0
proportional_domain_ablation,3,c28q1,85,156,71,3488
proportional_domain_ablation,3,c28q2,205,154,-51,9456
proportional_domain_ablation,3,c28q3,342,236,-106,14944
proportional_domain_ablation,3,c28q4,177,95,-82,7352
proportional_domain_ablation,3,c29q0,18,17,-1,840
proportional_domain_ablation,3,c29q1,30,24,-6,1224
proportional_domain_ablation,3,c29q2,80,93,13,3280
proportional_domain_ablation,3,c29q3,84,128,44,4128
proportional_domain_ablation,3,c29q4,83,48,-35,3664
proportional_domain_ablation,3,c30q0,0,2,2,0
proportional_domain_ablation,3,c30q1,10,20,10,896
proportional_domain_ablation,3,c30q2,82,65,-17,3664
proportional_domain_ablation,3,c30q3,300,171,-129,11096
proportional_domain_ablation,3,c30q4,480,291,-189,19664
proportional_domain_ablation,3,c31q0,0,0,0,0
proportional_domain_ablation,3,c31q1,0,8,8,16
proportional_domain_ablation,3,c31q2,3,21,18,64
proportional_domain_ablation,3,c31q3,2,19,17,104
proportional_domain_ablation,3,c31q4,2,10,8,56
proportional_domain_ablation,3,c32q0,7,29,22,280
proportional_domain_ablation,3,c32q1,40,147,107,1768
proportional_domain_ablation,3,c32q2,222,166,-56,10272
proportional_domain_ablation,3,c32q3,407,233,-174,17496
proportional_domain_ablation,3,c32q4,158,79,-79,6632
proportional_domain_ablation,3,c33q0,0,1,1,0
proportional_domain_ablation,3,c33q1,0,24,24,104
proportional_domain_ablation,3,c33q2,4,65,61,288
proportional_domain_ablation,3,c33q3,8,68,60,456
proportional_domain_ablation,3,c33q4,24,78,54,792
proportional_domain_ablation,3,c34q0,0,0,0,0
proportional_domain_ablation,3,c34q1,12,8,-4,288
proportional_domain_ablation,3,c34q2,19,8,-11,856
proportional_domain_ablation,3,c34q3,22,14,-8,976
proportional_domain_ablation,3,c34q4,6,13,7,512
proportional_domain_ablation,3,c35q0,0,8,8,64
proportional_domain_ablation,3,c35q1,25,53,28,976
proportional_domain_ablation,3,c35q2,37,77,40,1544
proportional_domain_ablation,3,c35q3,27,44,17,1064
proportional_domain_ablation,3,c35q4,12,16,4,416
proportional_domain_ablation,3,c36q0,2,6,4,56
proportional_domain_ablation,3,c36q1,6,18,12,280
proportional_domain_ablation,3,c36q2,11,26,15,504
proportional_domain_ablation,3,c36q3,7,13,6,264
proportional_domain_ablation,3,c36q4,4,3,-1,96
proportional_domain_ablation,3,c37q0,1,5,4,24
proportional_domain_ablation,3,c37q1,11,18,7,256
proportional_domain_ablation,3,c37q2,23,60,37,1008
proportional_domain_ablation,3,c37q3,35,90,55,1616
proportional_domain_ablation,3,c37q4,38,86,48,1360
proportional_domain_ablation,3,c38q0,22,35,13,808
proportional_domain_ablation,3,c38q1,40,78,38,2176
proportional_domain_ablation,3,c38q2,151,157,6,6968
proportional_domain_ablation,3,c38q3,229,151,-78,8488
proportional_domain_ablation,3,c38q4,214,125,-89,8568
proportional_domain_ablation,3,c39q0,4,2,-2,120
proportional_domain_ablation,3,c39q1,38,19,-19,1520
proportional_domain_ablation,3,c39q2,184,110,-74,7728
proportional_domain_ablation,3,c39q3,104,39,-65,3800
proportional_domain_ablation,3,c39q4,77,37,-40,3640
proportional_domain_ablation,4,c00q0,0,1,1,0
proportional_domain_ablation,4,c00q1,4,29,25,280
proportional_domain_ablation,4,c00q2,19,93,74,1016
proportional_domain_ablation,4,c00q3,28,86,58,1104
proportional_domain_ablation,4,c00q4,10,48,38,640
proportional_domain_ablation,4,c01q0,26,44,18,896
proportional_domain_ablation,4,c01q1,31,55,24,1440
proportional_domain_ablation,4,c01q2,77,53,-24,3424
proportional_domain_ablation,4,c01q3,131,118,-13,5112
proportional_domain_ablation,4,c01q4,126,112,-14,5640
proportional_domain_ablation,4,c02q0,0,0,0,0
proportional_domain_ablation,4,c02q1,6,1,-5,328
proportional_domain_ablation,4,c02q2,28,18,-10,1128
proportional_domain_ablation,4,c02q3,38,20,-18,1608
proportional_domain_ablation,4,c02q4,45,24,-21,1600
proportional_domain_ablation,4,c03q0,16,16,0,736
proportional_domain_ablation,4,c03q1,93,121,28,4680
proportional_domain_ablation,4,c03q2,93,92,-1,4744
proportional_domain_ablation,4,c03q3,159,88,-71,7280
proportional_domain_ablation,4,c03q4,101,60,-41,4720
proportional_domain_ablation,4,c04q0,0,0,0,0
proportional_domain_ablation,4,c04q1,1,0,-1,16
proportional_domain_ablation,4,c04q2,13,0,-13,696
proportional_domain_ablation,4,c04q3,13,0,-13,416
proportional_domain_ablation,4,c04q4,5,0,-5,88
proportional_domain_ablation,4,c05q0,1,0,-1,48
proportional_domain_ablation,4,c05q1,7,13,6,224
proportional_domain_ablation,4,c05q2,20,50,30,984
proportional_domain_ablation,4,c05q3,50,130,80,2336
proportional_domain_ablation,4,c05q4,30,74,44,1512
proportional_domain_ablation,4,c06q0,0,0,0,0
proportional_domain_ablation,4,c06q1,2,8,6,48
proportional_domain_ablation,4,c06q2,5,26,21,232
proportional_domain_ablation,4,c06q3,28,31,3,1088
proportional_domain_ablation,4,c06q4,18,18,0,896
proportional_domain_ablation,4,c07q0,1,19,18,56
proportional_domain_ablation,4,c07q1,24,42,18,880
proportional_domain_ablation,4,c07q2,59,37,-22,2160
proportional_domain_ablation,4,c07q3,38,30,-8,1896
proportional_domain_ablation,4,c07q4,14,8,-6,432
proportional_domain_ablation,4,c08q0,0,1,1,0
proportional_domain_ablation,4,c08q1,1,3,2,24
proportional_domain_ablation,4,c08q2,6,16,10,192
proportional_domain_ablation,4,c08q3,5,24,19,288
proportional_domain_ablation,4,c08q4,11,9,-2,416
proportional_domain_ablation,4,c09q0,0,2,2,0
proportional_domain_ablation,4,c09q1,3,10,7,56
proportional_domain_ablation,4,c09q2,2,21,19,144
proportional_domain_ablation,4,c09q3,3,18,15,208
proportional_domain_ablation,4,c09q4,2,3,1,48
proportional_domain_ablation,4,c10q0,0,5,5,16
proportional_domain_ablation,4,c10q1,9,32,23,208
proportional_domain_ablation,4,c10q2,4,29,25,336
proportional_domain_ablation,4,c10q3,6,21,15,272
proportional_domain_ablation,4,c10q4,2,8,6,104
proportional_domain_ablation,4,c11q0,0,4,4,40
proportional_domain_ablation,4,c11q1,10,16,6,472
proportional_domain_ablation,4,c11q2,30,29,-1,1168
proportional_domain_ablation,4,c11q3,33,37,4,1000
proportional_domain_ablation,4,c11q4,7,7,0,296
proportional_domain_ablation,4,c12q0,3,5,2,88
proportional_domain_ablation,4,c12q1,35,37,2,1432
proportional_domain_ablation,4,c12q2,83,63,-20,3248
proportional_domain_ablation,4,c12q3,63,45,-18,3368
proportional_domain_ablation,4,c12q4,29,11,-18,920
proportional_domain_ablation,4,c13q0,0,0,0,0
proportional_domain_ablation,4,c13q1,4,17,13,384
proportional_domain_ablation,4,c13q2,15,39,24,1056
proportional_domain_ablation,4,c13q3,63,115,52,2536
proportional_domain_ablation,4,c13q4,22,49,27,1176
proportional_domain_ablation,4,c14q0,4,24,20,328
proportional_domain_ablation,4,c14q1,119,208,89,4400
proportional_domain_ablation,4,c14q2,256,202,-54,12048
proportional_domain_ablation,4,c14q3,271,174,-97,11680
proportional_domain_ablation,4,c14q4,60,31,-29,2400
proportional_domain_ablation,4,c15q0,0,3,3,0
proportional_domain_ablation,4,c15q1,0,25,25,24
proportional_domain_ablation,4,c15q2,1,35,34,64
proportional_domain_ablation,4,c15q3,1,31,30,64
proportional_domain_ablation,4,c15q4,3,20,17,192
proportional_domain_ablation,4,c16q0,4,7,3,136
proportional_domain_ablation,4,c16q1,21,21,0,568
proportional_domain_ablation,4,c16q2,34,48,14,1304
proportional_domain_ablation,4,c16q3,35,34,-1,1504
proportional_domain_ablation,4,c16q4,17,16,-1,600
proportional_domain_ablation,4,c17q0,33,16,-17,1552
proportional_domain_ablation,4,c17q1,96,75,-21,3800
proportional_domain_ablation,4,c17q2,158,97,-61,6392
proportional_domain_ablation,4,c17q3,110,78,-32,4952
proportional_domain_ablation,4,c17q4,40,15,-25,1328
proportional_domain_ablation,4,c18q0,2,3,1,88
proportional_domain_ablation,4,c18q1,12,30,18,704
proportional_domain_ablation,4,c18q2,26,40,14,1224
proportional_domain_ablation,4,c18q3,11,27,16,608
proportional_domain_ablation,4,c18q4,3,4,1,352
proportional_domain_ablation,4,c19q0,0,4,4,0
proportional_domain_ablation,4,c19q1,0,24,24,24
proportional_domain_ablation,4,c19q2,13,33,20,608
proportional_domain_ablation,4,c19q3,13,28,15,448
proportional_domain_ablation,4,c19q4,4,9,5,152
proportional_domain_ablation,4,c20q0,0,4,4,40
proportional_domain_ablation,4,c20q1,32,43,11,968
proportional_domain_ablation,4,c20q2,58,48,-10,2440
proportional_domain_ablation,4,c20q3,33,26,-7,1496
proportional_domain_ablation,4,c20q4,40,15,-25,1848
proportional_domain_ablation,4,c21q0,7,3,-4,208
proportional_domain_ablation,4,c21q1,43,26,-17,1664
proportional_domain_ablation,4,c21q2,102,65,-37,4872
proportional_domain_ablation,4,c21q3,137,104,-33,5728
proportional_domain_ablation,4,c21q4,58,32,-26,2336
proportional_domain_ablation,4,c22q0,0,0,0,0
proportional_domain_ablation,4,c22q1,3,1,-2,104
proportional_domain_ablation,4,c22q2,17,18,1,824
proportional_domain_ablation,4,c22q3,30,8,-22,1456
proportional_domain_ablation,4,c22q4,7,6,-1,504
proportional_domain_ablation,4,c23q0,4,15,11,248
proportional_domain_ablation,4,c23q1,41,52,11,1800
proportional_domain_ablation,4,c23q2,91,65,-26,3560
proportional_domain_ablation,4,c23q3,123,94,-29,4472
proportional_domain_ablation,4,c23q4,84,28,-56,3304
proportional_domain_ablation,4,c24q0,11,16,5,640
proportional_domain_ablation,4,c24q1,68,52,-16,2800
proportional_domain_ablation,4,c24q2,120,76,-44,5048
proportional_domain_ablation,4,c24q3,89,66,-23,3488
proportional_domain_ablation,4,c24q4,32,27,-5,1744
proportional_domain_ablation,4,c25q0,47,35,-12,1816
proportional_domain_ablation,4,c25q1,126,96,-30,5208
proportional_domain_ablation,4,c25q2,183,127,-56,7928
proportional_domain_ablation,4,c25q3,137,108,-29,5368
proportional_domain_ablation,4,c25q4,40,16,-24,2200
proportional_domain_ablation,4,c26q0,0,13,13,0
proportional_domain_ablation,4,c26q1,1,50,49,16
proportional_domain_ablation,4,c26q2,14,139,125,552
proportional_domain_ablation,4,c26q3,20,198,178,928
proportional_domain_ablation,4,c26q4,26,281,255,1240
proportional_domain_ablation,4,c27q0,0,0,0,0
proportional_domain_ablation,4,c27q1,0,3,3,56
proportional_domain_ablation,4,c27q2,8,12,4,288
proportional_domain_ablation,4,c27q3,10,5,-5,432
proportional_domain_ablation,4,c27q4,2,1,-1,168
proportional_domain_ablation,4,c28q0,0,4,4,0
proportional_domain_ablation,4,c28q1,85,139,54,3488
proportional_domain_ablation,4,c28q2,205,174,-31,9456
proportional_domain_ablation,4,c28q3,342,203,-139,14944
proportional_domain_ablation,4,c28q4,177,78,-99,7352
proportional_domain_ablation,4,c29q0,18,39,21,840
proportional_domain_ablation,4,c29q1,30,30,0,1224
proportional_domain_ablation,4,c29q2,80,96,16,3280
proportional_domain_ablation,4,c29q3,84,135,51,4128
proportional_domain_ablation,4,c29q4,83,42,-41,3664
proportional_domain_ablation,4,c30q0,0,1,1,0
proportional_domain_ablation,4,c30q1,10,14,4,896
proportional_domain_ablation,4,c30q2,82,63,-19,3664
proportional_domain_ablation,4,c30q3,300,154,-146,11096
proportional_domain_ablation,4,c30q4,480,287,-193,19664
proportional_domain_ablation,4,c31q0,0,1,1,0
proportional_domain_ablation,4,c31q1,0,11,11,16
proportional_domain_ablation,4,c31q2,3,16,13,64
proportional_domain_ablation,4,c31q3,2,15,13,104
proportional_domain_ablation,4,c31q4,2,4,2,56
proportional_domain_ablation,4,c32q0,7,25,18,280
proportional_domain_ablation,4,c32q1,40,136,96,1768
proportional_domain_ablation,4,c32q2,222,166,-56,10272
proportional_domain_ablation,4,c32q3,407,221,-186,17496
proportional_domain_ablation,4,c32q4,158,89,-69,6632
proportional_domain_ablation,4,c33q0,0,2,2,0
proportional_domain_ablation,4,c33q1,0,26,26,104
proportional_domain_ablation,4,c33q2,4,56,52,288
proportional_domain_ablation,4,c33q3,8,68,60,456
proportional_domain_ablation,4,c33q4,24,60,36,792
proportional_domain_ablation,4,c34q0,0,0,0,0
proportional_domain_ablation,4,c34q1,12,8,-4,288
proportional_domain_ablation,4,c34q2,19,16,-3,856
proportional_domain_ablation,4,c34q3,22,21,-1,976
proportional_domain_ablation,4,c34q4,6,11,5,512
proportional_domain_ablation,4,c35q0,0,11,11,64
proportional_domain_ablation,4,c35q1,25,50,25,976
proportional_domain_ablation,4,c35q2,37,66,29,1544
proportional_domain_ablation,4,c35q3,27,50,23,1064
proportional_domain_ablation,4,c35q4,12,14,2,416
proportional_domain_ablation,4,c36q0,2,4,2,56
proportional_domain_ablation,4,c36q1,6,15,9,280
proportional_domain_ablation,4,c36q2,11,20,9,504
proportional_domain_ablation,4,c36q3,7,7,0,264
proportional_domain_ablation,4,c36q4,4,3,-1,96
proportional_domain_ablation,4,c37q0,1,4,3,24
proportional_domain_ablation,4,c37q1,11,30,19,256
proportional_domain_ablation,4,c37q2,23,58,35,1008
proportional_domain_ablation,4,c37q3,35,94,59,1616
proportional_domain_ablation,4,c37q4,38,80,42,1360
proportional_domain_ablation,4,c38q0,22,35,13,808
proportional_domain_ablation,4,c38q1,40,75,35,2176
proportional_domain_ablation,4,c38q2,151,140,-11,6968
proportional_domain_ablation,4,c38q3,229,151,-78,8488
proportional_domain_ablation,4,c38q4,214,121,-93,8568
proportional_domain_ablation,4,c39q0,4,1,-3,120
proportional_domain_ablation,4,c39q1,38,19,-19,1520
proportional_domain_ablation,4,c39q2,184,112,-72,7728
proportional_domain_ablation,4,c39q3,104,33,-71,3800
proportional_domain_ablation,4,c39q4,77,35,-42,3640
proportional_domain_ablation,5,c00q0,0,1,1,0
proportional_domain_ablation,5,c00q1,4,30,26,280
proportional_domain_ablation,5,c00q2,19,98,79,1016
proportional_domain_ablation,5,c00q3,28,86,58,1104
proportional_domain_ablation,5,c00q4,10,48,38,640
proportional_domain_ablation,5,c01q0,26,48,22,896
proportional_domain_ablation,5,c01q1,31,52,21,1440
proportional_domain_ablation,5,c01q2,77,57,-20,3424
proportional_domain_ablation,5,c01q3,131,122,-9,5112
proportional_domain_ablation,5,c01q4,126,106,-20,5640
proportional_domain_ablation,5,c02q0,0,0,0,0
proportional_domain_ablation,5,c02q1,6,5,-1,328
proportional_domain_ablation,5,c02q2,28,18,-10,1128
proportional_domain_ablation,5,c02q3,38,23,-15,1608
proportional_domain_ablation,5,c02q4,45,21,-24,1600
proportional_domain_ablation,5,c03q0,16,16,0,736
proportional_domain_ablation,5,c03q1,93,124,31,4680
proportional_domain_ablation,5,c03q2,93,88,-5,4744
proportional_domain_ablation,5,c03q3,159,97,-62,7280
proportional_domain_ablation,5,c03q4,101,59,-42,4720
proportional_domain_ablation,5,c04q0,0,1,1,0
proportional_domain_ablation,5,c04q1,1,10,9,16
proportional_domain_ablation,5,c04q2,13,33,20,696
proportional_domain_ablation,5,c04q3,13,12,-1,416
proportional_domain_ablation,5,c04q4,5,7,2,88
proportional_domain_ablation,5,c05q0,1,0,-1,48
proportional_domain_ablation,5,c05q1,7,0,-7,224
proportional_domain_ablation,5,c05q2,20,0,-20,984
proportional_domain_ablation,5,c05q3,50,0,-50,2336
proportional_domain_ablation,5,c05q4,30,0,-30,1512
proportional_domain_ablation,5,c06q0,0,1,1,0
proportional_domain_ablation,5,c06q1,2,5,3,48
proportional_domain_ablation,5,c06q2,5,24,19,232
proportional_domain_ablation,5,c06q3,28,28,0,1088
proportional_domain_ablation,5,c06q4,18,28,10,896
proportional_domain_ablation,5,c07q0,1,19,18,56
proportional_domain_ablation,5,c07q1,24,36,12,880
proportional_domain_ablation,5,c07q2,59,32,-27,2160
proportional_domain_ablation,5,c07q3,38,33,-5,1896
proportional_domain_ablation,5,c07q4,14,4,-10,432
proportional_domain_ablation,5,c08q0,0,0,0,0
proportional_domain_ablation,5,c08q1,1,2,1,24
proportional_domain_ablation,5,c08q2,6,19,13,192
proportional_domain_ablation,5,c08q3,5,21,16,288
proportional_domain_ablation,5,c08q4,11,10,-1,416
proportional_domain_ablation,5,c09q0,0,2,2,0
proportional_domain_ablation,5,c09q1,3,13,10,56
proportional_domain_ablation,5,c09q2,2,39,37,144
proportional_domain_ablation,5,c09q3,3,19,16,208
proportional_domain_ablation,5,c09q4,2,1,-1,48
proportional_domain_ablation,5,c10q0,0,6,6,16
proportional_domain_ablation,5,c10q1,9,36,27,208
proportional_domain_ablation,5,c10q2,4,43,39,336
proportional_domain_ablation,5,c10q3,6,20,14,272
proportional_domain_ablation,5,c10q4,2,9,7,104
proportional_domain_ablation,5,c11q0,0,3,3,40
proportional_domain_ablation,5,c11q1,10,15,5,472
proportional_domain_ablation,5,c11q2,30,33,3,1168
proportional_domain_ablation,5,c11q3,33,38,5,1000
proportional_domain_ablation,5,c11q4,7,7,0,296
proportional_domain_ablation,5,c12q0,3,1,-2,88
proportional_domain_ablation,5,c12q1,35,15,-20,1432
proportional_domain_ablation,5,c12q2,83,65,-18,3248
proportional_domain_ablation,5,c12q3,63,44,-19,3368
proportional_domain_ablation,5,c12q4,29,16,-13,920
proportional_domain_ablation,5,c13q0,0,0,0,0
proportional_domain_ablation,5,c13q1,4,25,21,384
proportional_domain_ablation,5,c13q2,15,64,49,1056
proportional_domain_ablation,5,c13q3,63,102,39,2536
proportional_domain_ablation,5,c13q4,22,39,17,1176
proportional_domain_ablation,5,c14q0,4,23,19,328
proportional_domain_ablation,5,c14q1,119,223,104,4400
proportional_domain_ablation,5,c14q2,256,195,-61,12048
proportional_domain_ablation,5,c14q3,271,179,-92,11680
proportional_domain_ablation,5,c14q4,60,34,-26,2400
proportional_domain_ablation,5,c15q0,0,2,2,0
proportional_domain_ablation,5,c15q1,0,15,15,24
proportional_domain_ablation,5,c15q2,1,45,44,64
proportional_domain_ablation,5,c15q3,1,35,34,64
proportional_domain_ablation,5,c15q4,3,19,16,192
proportional_domain_ablation,5,c16q0,4,5,1,136
proportional_domain_ablation,5,c16q1,21,19,-2,568
proportional_domain_ablation,5,c16q2,34,51,17,1304
proportional_domain_ablation,5,c16q3,35,38,3,1504
proportional_domain_ablation,5,c16q4,17,12,-5,600
proportional_domain_ablation,5,c17q0,33,32,-1,1552
proportional_domain_ablation,5,c17q1,96,73,-23,3800
proportional_domain_ablation,5,c17q2,158,88,-70,6392
proportional_domain_ablation,5,c17q3,110,87,-23,4952
proportional_domain_ablation,5,c17q4,40,19,-21,1328
proportional_domain_ablation,5,c18q0,2,5,3,88
proportional_domain_ablation,5,c18q1,12,25,13,704
proportional_domain_ablation,5,c18q2,26,51,25,1224
proportional_domain_ablation,5,c18q3,11,24,13,608
proportional_domain_ablation,5,c18q4,3,4,1,352
proportional_domain_ablation,5,c19q0,0,2,2,0
proportional_domain_ablation,5,c19q1,0,17,17,24
proportional_domain_ablation,5,c19q2,13,41,28,608
proportional_domain_ablation,5,c19q3,13,27,14,448
proportional_domain_ablation,5,c19q4,4,5,1,152
proportional_domain_ablation,5,c20q0,0,3,3,40
proportional_domain_ablation,5,c20q1,32,48,16,968
proportional_domain_ablation,5,c20q2,58,43,-15,2440
proportional_domain_ablation,5,c20q3,33,36,3,1496
proportional_domain_ablation,5,c20q4,40,26,-14,1848
proportional_domain_ablation,5,c21q0,7,3,-4,208
proportional_domain_ablation,5,c21q1,43,23,-20,1664
proportional_domain_ablation,5,c21q2,102,64,-38,4872
proportional_domain_ablation,5,c21q3,137,71,-66,5728
proportional_domain_ablation,5,c21q4,58,35,-23,2336
proportional_domain_ablation,5,c22q0,0,0,0,0
proportional_domain_ablation,5,c22q1,3,1,-2,104
proportional_domain_ablation,5,c22q2,17,11,-6,824
proportional_domain_ablation,5,c22q3,30,26,-4,1456
proportional_domain_ablation,5,c22q4,7,8,1,504
proportional_domain_ablation,5,c23q0,4,16,12,248
proportional_domain_ablation,5,c23q1,41,52,11,1800
proportional_domain_ablation,5,c23q2,91,72,-19,3560
proportional_domain_ablation,5,c23q3,123,102,-21,4472
proportional_domain_ablation,5,c23q4,84,32,-52,3304
proportional_domain_ablation,5,c24q0,11,13,2,640
proportional_domain_ablation,5,c24q1,68,53,-15,2800
proportional_domain_ablation,5,c24q2,120,80,-40,5048
proportional_domain_ablation,5,c24q3,89,66,-23,3488
proportional_domain_ablation,5,c24q4,32,23,-9,1744
proportional_domain_ablation,5,c25q0,47,32,-15,1816
proportional_domain_ablation,5,c25q1,126,102,-24,5208
proportional_domain_ablation,5,c25q2,183,137,-46,7928
proportional_domain_ablation,5,c25q3,137,91,-46,5368
proportional_domain_ablation,5,c25q4,40,25,-15,2200
proportional_domain_ablation,5,c26q0,0,14,14,0
proportional_domain_ablation,5,c26q1,1,69,68,16
proportional_domain_ablation,5,c26q2,14,130,116,552
proportional_domain_ablation,5,c26q3,20,220,200,928
proportional_domain_ablation,5,c26q4,26,278,252,1240
proportional_domain_ablation,5,c27q0,0,0,0,0
proportional_domain_ablation,5,c27q1,0,2,2,56
proportional_domain_ablation,5,c27q2,8,15,7,288
proportional_domain_ablation,5,c27q3,10,6,-4,432
proportional_domain_ablation,5,c27q4,2,2,0,168
proportional_domain_ablation,5,c28q0,0,0,0,0
proportional_domain_ablation,5,c28q1,85,147,62,3488
proportional_domain_ablation,5,c28q2,205,164,-41,9456
proportional_domain_ablation,5,c28q3,342,210,-132,14944
proportional_domain_ablation,5,c28q4,177,91,-86,7352
proportional_domain_ablation,5,c29q0,18,25,7,840
proportional_domain_ablation,5,c29q1,30,26,-4,1224
proportional_domain_ablation,5,c29q2,80,107,27,3280
proportional_domain_ablation,5,c29q3,84,126,42,4128
proportional_domain_ablation,5,c29q4,83,50,-33,3664
proportional_domain_ablation,5,c30q0,0,2,2,0
proportional_domain_ablation,5,c30q1,10,14,4,896
proportional_domain_ablation,5,c30q2,82,62,-20,3664
proportional_domain_ablation,5,c30q3,300,161,-139,11096
proportional_domain_ablation,5,c30q4,480,296,-184,19664
proportional_domain_ablation,5,c31q0,0,0,0,0
proportional_domain_ablation,5,c31q1,0,7,7,16
proportional_domain_ablation,5,c31q2,3,17,14,64
proportional_domain_ablation,5,c31q3,2,16,14,104
proportional_domain_ablation,5,c31q4,2,13,11,56
proportional_domain_ablation,5,c32q0,7,31,24,280
proportional_domain_ablation,5,c32q1,40,135,95,1768
proportional_domain_ablation,5,c32q2,222,166,-56,10272
proportional_domain_ablation,5,c32q3,407,231,-176,17496
proportional_domain_ablation,5,c32q4,158,79,-79,6632
proportional_domain_ablation,5,c33q0,0,1,1,0
proportional_domain_ablation,5,c33q1,0,33,33,104
proportional_domain_ablation,5,c33q2,4,61,57,288
proportional_domain_ablation,5,c33q3,8,57,49,456
proportional_domain_ablation,5,c33q4,24,77,53,792
proportional_domain_ablation,5,c34q0,0,0,0,0
proportional_domain_ablation,5,c34q1,12,5,-7,288
proportional_domain_ablation,5,c34q2,19,12,-7,856
proportional_domain_ablation,5,c34q3,22,20,-2,976
proportional_domain_ablation,5,c34q4,6,10,4,512
proportional_domain_ablation,5,c35q0,0,14,14,64
proportional_domain_ablation,5,c35q1,25,52,27,976
proportional_domain_ablation,5,c35q2,37,68,31,1544
proportional_domain_ablation,5,c35q3,27,52,25,1064
proportional_domain_ablation,5,c35q4,12,10,-2,416
proportional_domain_ablation,5,c36q0,2,4,2,56
proportional_domain_ablation,5,c36q1,6,23,17,280
proportional_domain_ablation,5,c36q2,11,22,11,504
proportional_domain_ablation,5,c36q3,7,9,2,264
proportional_domain_ablation,5,c36q4,4,5,1,96
proportional_domain_ablation,5,c37q0,1,5,4,24
proportional_domain_ablation,5,c37q1,11,16,5,256
proportional_domain_ablation,5,c37q2,23,64,41,1008
proportional_domain_ablation,5,c37q3,35,91,56,1616
proportional_domain_ablation,5,c37q4,38,81,43,1360
proportional_domain_ablation,5,c38q0,22,42,20,808
proportional_domain_ablation,5,c38q1,40,72,32,2176
proportional_domain_ablation,5,c38q2,151,152,1,6968
proportional_domain_ablation,5,c38q3,229,150,-79,8488
proportional_domain_ablation,5,c38q4,214,124,-90,8568
proportional_domain_ablation,5,c39q0,4,0,-4,120
proportional_domain_ablation,5,c39q1,38,21,-17,1520
proportional_domain_ablation,5,c39q2,184,111,-73,7728
proportional_domain_ablation,5,c39q3,104,35,-69,3800
proportional_domain_ablation,5,c39q4,77,37,-40,3640
proportional_domain_ablation,6,c00q0,0,1,1,0
proportional_domain_ablation,6,c00q1,4,29,25,280
proportional_domain_ablation,6,c00q2,19,93,74,1016
proportional_domain_ablation,6,c00q3,28,86,58,1104
proportional_domain_ablation,6,c00q4,10,48,38,640
proportional_domain_ablation,6,c01q0,26,44,18,896
proportional_domain_ablation,6,c01q1,31,56,25,1440
proportional_domain_ablation,6,c01q2,77,53,-24,3424
proportional_domain_ablation,6,c01q3,131,118,-13,5112
proportional_domain_ablation,6,c01q4,126,111,-15,5640
proportional_domain_ablation,6,c02q0,0,0,0,0
proportional_domain_ablation,6,c02q1,6,1,-5,328
proportional_domain_ablation,6,c02q2,28,21,-7,1128
proportional_domain_ablation,6,c02q3,38,17,-21,1608
proportional_domain_ablation,6,c02q4,45,24,-21,1600
proportional_domain_ablation,6,c03q0,16,16,0,736
proportional_domain_ablation,6,c03q1,93,122,29,4680
proportional_domain_ablation,6,c03q2,93,91,-2,4744
proportional_domain_ablation,6,c03q3,159,88,-71,7280
proportional_domain_ablation,6,c03q4,101,60,-41,4720
proportional_domain_ablation,6,c04q0,0,0,0,0
proportional_domain_ablation,6,c04q1,1,8,7,16
proportional_domain_ablation,6,c04q2,13,31,18,696
proportional_domain_ablation,6,c04q3,13,19,6,416
proportional_domain_ablation,6,c04q4,5,4,-1,88
proportional_domain_ablation,6,c05q0,1,3,2,48
proportional_domain_ablation,6,c05q1,7,10,3,224
proportional_domain_ablation,6,c05q2,20,55,35,984
proportional_domain_ablation,6,c05q3,50,130,80,2336
proportional_domain_ablation,6,c05q4,30,83,53,1512
proportional_domain_ablation,6,c06q0,0,0,0,0
proportional_domain_ablation,6,c06q1,2,0,-2,48
proportional_domain_ablation,6,c06q2,5,0,-5,232
proportional_domain_ablation,6,c06q3,28,0,-28,1088
proportional_domain_ablation,6,c06q4,18,0,-18,896
proportional_domain_ablation,6,c07q0,1,12,11,56
proportional_domain_ablation,6,c07q1,24,44,20,880
proportional_domain_ablation,6,c07q2,59,39,-20,2160
proportional_domain_ablation,6,c07q3,38,28,-10,1896
proportional_domain_ablation,6,c07q4,14,8,-6,432
proportional_domain_ablation,6,c08q0,0,1,1,0
proportional_domain_ablation,6,c08q1,1,2,1,24
proportional_domain_ablation,6,c08q2,6,19,13,192
proportional_domain_ablation,6,c08q3,5,23,18,288
proportional_domain_ablation,6,c08q4,11,8,-3,416
proportional_domain_ablation,6,c09q0,0,3,3,0
proportional_domain_ablation,6,c09q1,3,15,12,56
proportional_domain_ablation,6,c09q2,2,21,19,144
proportional_domain_ablation,6,c09q3,3,15,12,208
proportional_domain_ablation,6,c09q4,2,2,0,48
proportional_domain_ablation,6,c10q0,0,6,6,16
proportional_domain_ablation,6,c10q1,9,36,27,208
proportional_domain_ablation,6,c10q2,4,21,17,336
proportional_domain_ablation,6,c10q3,6,24,18,272
proportional_domain_ablation,6,c10q4,2,7,5,104
proportional_domain_ablation,6,c11q0,0,3,3,40
proportional_domain_ablation,6,c11q1,10,20,10,472
proportional_domain_ablation,6,c11q2,30,34,4,1168
proportional_domain_ablation,6,c11q3,33,28,-5,1000
proportional_domain_ablation,6,c11q4,7,10,3,296
proportional_domain_ablation,6,c12q0,3,2,-1,88
proportional_domain_ablation,6,c12q1,35,35,0,1432
proportional_domain_ablation,6,c12q2,83,65,-18,3248
proportional_domain_ablation,6,c12q3,63,52,-11,3368
proportional_domain_ablation,6,c12q4,29,8,-21,920
proportional_domain_ablation,6,c13q0,0,0,0,0
proportional_domain_ablation,6,c13q1,4,20,16,384
proportional_domain_ablation,6,c13q2,15,30,15,1056
proportional_domain_ablation,6,c13q3,63,115,52,2536
proportional_domain_ablation,6,c13q4,22,53,31,1176
proportional_domain_ablation,6,c14q0,4,22,18,328
proportional_domain_ablation,6,c14q1,119,210,91,4400
proportional_domain_ablation,6,c14q2,256,208,-48,12048
proportional_domain_ablation,6,c14q3,271,171,-100,11680
proportional_domain_ablation,6,c14q4,60,29,-31,2400
proportional_domain_ablation,6,c15q0,0,1,1,0
proportional_domain_ablation,6,c15q1,0,26,26,24
proportional_domain_ablation,6,c15q2,1,40,39,64
proportional_domain_ablation,6,c15q3,1,29,28,64
proportional_domain_ablation,6,c15q4,3,20,17,192
proportional_domain_ablation,6,c16q0,4,3,-1,136
proportional_domain_ablation,6,c16q1,21,22,1,568
proportional_domain_ablation,6,c16q2,34,50,16,1304
proportional_domain_ablation,6,c16q3,35,37,2,1504
proportional_domain_ablation,6,c16q4,17,13,-4,600
proportional_domain_ablation,6,c17q0,33,17,-16,1552
proportional_domain_ablation,6,c17q1,96,75,-21,3800
proportional_domain_ablation,6,c17q2,158,96,-62,6392
proportional_domain_ablation,6,c17q3,110,81,-29,4952
proportional_domain_ablation,6,c17q4,40,13,-27,1328
proportional_domain_ablation,6,c18q0,2,5,3,88
proportional_domain_ablation,6,c18q1,12,28,16,704
proportional_domain_ablation,6,c18q2,26,42,16,1224
proportional_domain_ablation,6,c18q3,11,25,14,608
proportional_domain_ablation,6,c18q4,3,3,0,352
proportional_domain_ablation,6,c19q0,0,5,5,0
proportional_domain_ablation,6,c19q1,0,27,27,24
proportional_domain_ablation,6,c19q2,13,33,20,608
proportional_domain_ablation,6,c19q3,13,25,12,448
proportional_domain_ablation,6,c19q4,4,6,2,152
proportional_domain_ablation,6,c20q0,0,2,2,40
proportional_domain_ablation,6,c20q1,32,50,18,968
proportional_domain_ablation,6,c20q2,58,47,-11,2440
proportional_domain_ablation,6,c20q3,33,28,-5,1496
proportional_domain_ablation,6,c20q4,40,14,-26,1848
proportional_domain_ablation,6,c21q0,7,2,-5,208
proportional_domain_ablation,6,c21q1,43,24,-19,1664
proportional_domain_ablation,6,c21q2,102,66,-36,4872
proportional_domain_ablation,6,c21q3,137,100,-37,5728
proportional_domain_ablation,6,c21q4,58,35,-23,2336
proportional_domain_ablation,6,c22q0,0,0,0,0
proportional_domain_ablation,6,c22q1,3,6,3,104
proportional_domain_ablation,6,c22q2,17,10,-7,824
proportional_domain_ablation,6,c22q3,30,18,-12,1456
proportional_domain_ablation,6,c22q4,7,1,-6,504
proportional_domain_ablation,6,c23q0,4,14,10,248
proportional_domain_ablation,6,c23q1,41,47,6,1800
proportional_domain_ablation,6,c23q2,91,73,-18,3560
proportional_domain_ablation,6,c23q3,123,90,-33,4472
proportional_domain_ablation,6,c23q4,84,29,-55,3304
proportional_domain_ablation,6,c24q0,11,15,4,640
proportional_domain_ablation,6,c24q1,68,53,-15,2800
proportional_domain_ablation,6,c24q2,120,78,-42,5048
proportional_domain_ablation,6,c24q3,89,63,-26,3488
proportional_domain_ablation,6,c24q4,32,29,-3,1744
proportional_domain_ablation,6,c25q0,47,37,-10,1816
proportional_domain_ablation,6,c25q1,126,95,-31,5208
proportional_domain_ablation,6,c25q2,183,127,-56,7928
proportional_domain_ablation,6,c25q3,137,102,-35,5368
proportional_domain_ablation,6,c25q4,40,21,-19,2200
proportional_domain_ablation,6,c26q0,0,15,15,0
proportional_domain_ablation,6,c26q1,1,50,49,16
proportional_domain_ablation,6,c26q2,14,134,120,552
proportional_domain_ablation,6,c26q3,20,199,179,928
proportional_domain_ablation,6,c26q4,26,281,255,1240
proportional_domain_ablation,6,c27q0,0,1,1,0
proportional_domain_ablation,6,c27q1,0,3,3,56
proportional_domain_ablation,6,c27q2,8,13,5,288
proportional_domain_ablation,6,c27q3,10,6,-4,432
proportional_domain_ablation,6,c27q4,2,0,-2,168
proportional_domain_ablation,6,c28q0,0,3,3,0
proportional_domain_ablation,6,c28q1,85,145,60,3488
proportional_domain_ablation,6,c28q2,205,169,-36,9456
proportional_domain_ablation,6,c28q3,342,204,-138,14944
proportional_domain_ablation,6,c28q4,177,79,-98,7352
proportional_domain_ablation,6,c29q0,18,37,19,840
proportional_domain_ablation,6,c29q1,30,33,3,1224
proportional_domain_ablation,6,c29q2,80,95,15,3280
proportional_domain_ablation,6,c29q3,84,137,53,4128
proportional_domain_ablation,6,c29q4,83,41,-42,3664
proportional_domain_ablation,6,c30q0,0,1,1,0
proportional_domain_ablation,6,c30q1,10,14,4,896
proportional_domain_ablation,6,c30q2,82,65,-17,3664
proportional_domain_ablation,6,c30q3,300,152,-148,11096
proportional_domain_ablation,6,c30q4,480,285,-195,19664
proportional_domain_ablation,6,c31q0,0,1,1,0
proportional_domain_ablation,6,c31q1,0,12,12,16
proportional_domain_ablation,6,c31q2,3,18,15,64
proportional_domain_ablation,6,c31q3,2,14,12,104
proportional_domain_ablation,6,c31q4,2,4,2,56
proportional_domain_ablation,6,c32q0,7,26,19,280
proportional_domain_ablation,6,c32q1,40,136,96,1768
proportional_domain_ablation,6,c32q2,222,166,-56,10272
proportional_domain_ablation,6,c32q3,407,223,-184,17496
proportional_domain_ablation,6,c32q4,158,87,-71,6632
proportional_domain_ablation,6,c33q0,0,2,2,0
proportional_domain_ablation,6,c33q1,0,25,25,104
proportional_domain_ablation,6,c33q2,4,58,54,288
proportional_domain_ablation,6,c33q3,8,68,60,456
proportional_domain_ablation,6,c33q4,24,59,35,792
proportional_domain_ablation,6,c34q0,0,0,0,0
proportional_domain_ablation,6,c34q1,12,10,-2,288
proportional_domain_ablation,6,c34q2,19,15,-4,856
proportional_domain_ablation,6,c34q3,22,21,-1,976
proportional_domain_ablation,6,c34q4,6,11,5,512
proportional_domain_ablation,6,c35q0,0,10,10,64
proportional_domain_ablation,6,c35q1,25,50,25,976
proportional_domain_ablation,6,c35q2,37,68,31,1544
proportional_domain_ablation,6,c35q3,27,49,22,1064
proportional_domain_ablation,6,c35q4,12,12,0,416
proportional_domain_ablation,6,c36q0,2,6,4,56
proportional_domain_ablation,6,c36q1,6,12,6,280
proportional_domain_ablation,6,c36q2,11,22,11,504
proportional_domain_ablation,6,c36q3,7,8,1,264
proportional_domain_ablation,6,c36q4,4,3,-1,96
proportional_domain_ablation,6,c37q0,1,5,4,24
proportional_domain_ablation,6,c37q1,11,29,18,256
proportional_domain_ablation,6,c37q2,23,57,34,1008
proportional_domain_ablation,6,c37q3,35,93,58,1616
proportional_domain_ablation,6,c37q4,38,79,41,1360
proportional_domain_ablation,6,c38q0,22,38,16,808
proportional_domain_ablation,6,c38q1,40,75,35,2176
proportional_domain_ablation,6,c38q2,151,141,-10,6968
proportional_domain_ablation,6,c38q3,229,151,-78,8488
proportional_domain_ablation,6,c38q4,214,121,-93,8568
proportional_domain_ablation,6,c39q0,4,0,-4,120
proportional_domain_ablation,6,c39q1,38,20,-18,1520
proportional_domain_ablation,6,c39q2,184,112,-72,7728
proportional_domain_ablation,6,c39q3,104,33,-71,3800
proportional_domain_ablation,6,c39q4,77,35,-42,3640
proportional_domain_ablation,7,c00q0,0,1,1,0
proportional_domain_ablation,7,c00q1,4,29,25,280
proportional_domain_ablation,7,c00q2,19,93,74,1016
proportional_domain_ablation,7,c00q3,28,88,60,1104
proportional_domain_ablation,7,c00q4,10,49,39,640
proportional_domain_ablation,7,c01q0,26,43,17,896
proportional_domain_ablation,7,c01q1,31,55,24,1440
proportional_domain_ablation,7,c01q2,77,53,-24,3424
proportional_domain_ablation,7,c01q3,131,119,-12,5112
proportional_domain_ablation,7,c01q4,126,109,-17,5640
proportional_domain_ablation,7,c02q0,0,0,0,0
proportional_domain_ablation,7,c02q1,6,4,-2,328
proportional_domain_ablation,7,c02q2,28,19,-9,1128
proportional_domain_ablation,7,c02q3,38,20,-18,1608
proportional_domain_ablation,7,c02q4,45,21,-24,1600
proportional_domain_ablation,7,c03q0,16,18,2,736
proportional_domain_ablation,7,c03q1,93,121,28,4680
proportional_domain_ablation,7,c03q2,93,92,-1,4744
proportional_domain_ablation,7,c03q3,159,91,-68,7280
proportional_domain_ablation,7,c03q4,101,56,-45,4720
proportional_domain_ablation,7,c04q0,0,1,1,0
proportional_domain_ablation,7,c04q1,1,11,10,16
proportional_domain_ablation,7,c04q2,13,33,20,696
proportional_domain_ablation,7,c04q3,13,16,3,416
proportional_domain_ablation,7,c04q4,5,4,-1,88
proportional_domain_ablation,7,c05q0,1,1,0,48
proportional_domain_ablation,7,c05q1,7,12,5,224
proportional_domain_ablation,7,c05q2,20,57,37,984
proportional_domain_ablation,7,c05q3,50,127,77,2336
proportional_domain_ablation,7,c05q4,30,84,54,1512
proportional_domain_ablation,7,c06q0,0,0,0,0
proportional_domain_ablation,7,c06q1,2,5,3,48
proportional_domain_ablation,7,c06q2,5,27,22,232
proportional_domain_ablation,7,c06q3,28,38,10,1088
proportional_domain_ablation,7,c06q4,18,22,4,896
proportional_domain_ablation,7,c07q0,1,0,-1,56
proportional_domain_ablation,7,c07q1,24,0,-24,880
proportional_domain_ablation,7,c07q2,59,0,-59,2160
proportional_domain_ablation,7,c07q3,38,0,-38,1896
proportional_domain_ablation,7,c07q4,14,0,-14,432
proportional_domain_ablation,7,c08q0,0,1,1,0
proportional_domain_ablation,7,c08q1,1,3,2,24
proportional_domain_ablation,7,c08q2,6,17,11,192
proportional_domain_ablation,7,c08q3,5,28,23,288
proportional_domain_ablation,7,c08q4,11,11,0,416
proportional_domain_ablation,7,c09q0,0,2,2,0
proportional_domain_ablation,7,c09q1,3,10,7,56
proportional_domain_ablation,7,c09q2,2,31,29,144
proportional_domain_ablation,7,c09q3,3,11,8,208
proportional_domain_ablation,7,c09q4,2,5,3,48
proportional_domain_ablation,7,c10q0,0,3,3,16
proportional_domain_ablation,7,c10q1,9,28,19,208
proportional_domain_ablation,7,c10q2,4,39,35,336
proportional_domain_ablation,7,c10q3,6,11,5,272
proportional_domain_ablation,7,c10q4,2,4,2,104
proportional_domain_ablation,7,c11q0,0,5,5,40
proportional_domain_ablation,7,c11q1,10,21,11,472
proportional_domain_ablation,7,c11q2,30,41,11,1168
proportional_domain_ablation,7,c11q3,33,24,-9,1000
proportional_domain_ablation,7,c11q4,7,2,-5,296
proportional_domain_ablation,7,c12q0,3,3,0,88
proportional_domain_ablation,7,c12q1,35,33,-2,1432
proportional_domain_ablation,7,c12q2,83,67,-16,3248
proportional_domain_ablation,7,c12q3,63,57,-6,3368
proportional_domain_ablation,7,c12q4,29,13,-16,920
proportional_domain_ablation,7,c13q0,0,0,0,0
proportional_domain_ablation,7,c13q1,4,19,15,384
proportional_domain_ablation,7,c13q2,15,36,21,1056
proportional_domain_ablation,7,c13q3,63,111,48,2536
proportional_domain_ablation,7,c13q4,22,56,34,1176
proportional_domain_ablation,7,c14q0,4,16,12,328
proportional_domain_ablation,7,c14q1,119,217,98,4400
proportional_domain_ablation,7,c14q2,256,203,-53,12048
proportional_domain_ablation,7,c14q3,271,169,-102,11680
proportional_domain_ablation,7,c14q4,60,31,-29,2400
proportional_domain_ablation,7,c15q0,0,2,2,0
proportional_domain_ablation,7,c15q1,0,17,17,24
proportional_domain_ablation,7,c15q2,1,51,50,64
proportional_domain_ablation,7,c15q3,1,27,26,64
proportional_domain_ablation,7,c15q4,3,20,17,192
proportional_domain_ablation,7,c16q0,4,2,-2,136
proportional_domain_ablation,7,c16q1,21,18,-3,568
proportional_domain_ablation,7,c16q2,34,46,12,1304
proportional_domain_ablation,7,c16q3,35,50,15,1504
proportional_domain_ablation,7,c16q4,17,11,-6,600
proportional_domain_ablation,7,c17q0,33,23,-10,1552
proportional_domain_ablation,7,c17q1,96,60,-36,3800
proportional_domain_ablation,7,c17q2,158,106,-52,6392
proportional_domain_ablation,7,c17q3,110,77,-33,4952
proportional_domain_ablation,7,c17q4,40,21,-19,1328
proportional_domain_ablation,7,c18q0,2,4,2,88
proportional_domain_ablation,7,c18q1,12,19,7,704
proportional_domain_ablation,7,c18q2,26,45,19,1224
proportional_domain_ablation,7,c18q3,11,23,12,608
proportional_domain_ablation,7,c18q4,3,4,1,352
proportional_domain_ablation,7,c19q0,0,4,4,0
proportional_domain_ablation,7,c19q1,0,25,25,24
proportional_domain_ablation,7,c19q2,13,42,29,608
proportional_domain_ablation,7,c19q3,13,20,7,448
proportional_domain_ablation,7,c19q4,4,5,1,152
proportional_domain_ablation,7,c20q0,0,3,3,40
proportional_domain_ablation,7,c20q1,32,45,13,968
proportional_domain_ablation,7,c20q2,58,57,-1,2440
proportional_domain_ablation,7,c20q3,33,24,-9,1496
proportional_domain_ablation,7,c20q4,40,21,-19,1848
proportional_domain_ablation,7,c21q0,7,1,-6,208
proportional_domain_ablation,7,c21q1,43,18,-25,1664
proportional_domain_ablation,7,c21q2,102,67,-35,4872
proportional_domain_ablation,7,c21q3,137,96,-41,5728
proportional_domain_ablation,7,c21q4,58,40,-18,2336
proportional_domain_ablation,7,c22q0,0,0,0,0
proportional_domain_ablation,7,c22q1,3,2,-1,104
proportional_domain_ablation,7,c22q2,17,11,-6,824
proportional_domain_ablation,7,c22q3,30,15,-15,1456
proportional_domain_ablation,7,c22q4,7,8,1,504
proportional_domain_ablation,7,c23q0,4,15,11,248
proportional_domain_ablation,7,c23q1,41,43,2,1800
proportional_domain_ablation,7,c23q2,91,83,-8,3560
proportional_domain_ablation,7,c23q3,123,84,-39,4472
proportional_domain_ablation,7,c23q4,84,36,-48,3304
proportional_domain_ablation,7,c24q0,11,10,-1,640
proportional_domain_ablation,7,c24q1,68,46,-22,2800
proportional_domain_ablation,7,c24q2,120,85,-35,5048
proportional_domain_ablation,7,c24q3,89,58,-31,3488
proportional_domain_ablation,7,c24q4,32,31,-1,1744
proportional_domain_ablation,7,c25q0,47,37,-10,1816
proportional_domain_ablation,7,c25q1,126,89,-37,5208
proportional_domain_ablation,7,c25q2,183,131,-52,7928
proportional_domain_ablation,7,c25q3,137,99,-38,5368
proportional_domain_ablation,7,c25q4,40,34,-6,2200
proportional_domain_ablation,7,c26q0,0,9,9,0
proportional_domain_ablation,7,c26q1,1,50,49,16
proportional_domain_ablation,7,c26q2,14,138,124,552
proportional_domain_ablation,7,c26q3,20,199,179,928
proportional_domain_ablation,7,c26q4,26,282,256,1240
proportional_domain_ablation,7,c27q0,0,0,0,0
proportional_domain_ablation,7,c27q1,0,1,1,56
proportional_domain_ablation,7,c27q2,8,13,5,288
proportional_domain_ablation,7,c27q3,10,9,-1,432
proportional_domain_ablation,7,c27q4,2,0,-2,168
proportional_domain_ablation,7,c28q0,0,2,2,0
proportional_domain_ablation,7,c28q1,85,145,60,3488
proportional_domain_ablation,7,c28q2,205,176,-29,9456
proportional_domain_ablation,7,c28q3,342,203,-139,14944
proportional_domain_ablation,7,c28q4,177,75,-102,7352
proportional_domain_ablation,7,c29q0,18,28,10,840
proportional_domain_ablation,7,c29q1,30,43,13,1224
proportional_domain_ablation,7,c29q2,80,91,11,3280
proportional_domain_ablation,7,c29q3,84,139,55,4128
proportional_domain_ablation,7,c29q4,83,40,-43,3664
proportional_domain_ablation,7,c30q0,0,3,3,0
proportional_domain_ablation,7,c30q1,10,16,6,896
proportional_domain_ablation,7,c30q2,82,62,-20,3664
proportional_domain_ablation,7,c30q3,300,153,-147,11096
proportional_domain_ablation,7,c30q4,480,287,-193,19664
proportional_domain_ablation,7,c31q0,0,0,0,0
proportional_domain_ablation,7,c31q1,0,7,7,16
proportional_domain_ablation,7,c31q2,3,22,19,64
proportional_domain_ablation,7,c31q3,2,20,18,104
proportional_domain_ablation,7,c31q4,2,5,3,56
proportional_domain_ablation,7,c32q0,7,26,19,280
proportional_domain_ablation,7,c32q1,40,133,93,1768
proportional_domain_ablation,7,c32q2,222,168,-54,10272
proportional_domain_ablation,7,c32q3,407,223,-184,17496
proportional_domain_ablation,7,c32q4,158,88,-70,6632
proportional_domain_ablation,7,c33q0,0,2,2,0
proportional_domain_ablation,7,c33q1,0,25,25,104
proportional_domain_ablation,7,c33q2,4,57,53,288
proportional_domain_ablation,7,c33q3,8,67,59,456
proportional_domain_ablation,7,c33q4,24,61,37,792
proportional_domain_ablation,7,c34q0,0,0,0,0
proportional_domain_ablation,7,c34q1,12,6,-6,288
proportional_domain_ablation,7,c34q2,19,16,-3,856
proportional_domain_ablation,7,c34q3,22,22,0,976
proportional_domain_ablation,7,c34q4,6,10,4,512
proportional_domain_ablation,7,c35q0,0,11,11,64
proportional_domain_ablation,7,c35q1,25,49,24,976
proportional_domain_ablation,7,c35q2,37,74,37,1544
proportional_domain_ablation,7,c35q3,27,47,20,1064
proportional_domain_ablation,7,c35q4,12,12,0,416
proportional_domain_ablation,7,c36q0,2,3,1,56
proportional_domain_ablation,7,c36q1,6,15,9,280
proportional_domain_ablation,7,c36q2,11,24,13,504
proportional_domain_ablation,7,c36q3,7,7,0,264
proportional_domain_ablation,7,c36q4,4,4,0,96
proportional_domain_ablation,7,c37q0,1,3,2,24
proportional_domain_ablation,7,c37q1,11,25,14,256
proportional_domain_ablation,7,c37q2,23,61,38,1008
proportional_domain_ablation,7,c37q3,35,91,56,1616
proportional_domain_ablation,7,c37q4,38,81,43,1360
proportional_domain_ablation,7,c38q0,22,39,17,808
proportional_domain_ablation,7,c38q1,40,74,34,2176
proportional_domain_ablation,7,c38q2,151,143,-8,6968
proportional_domain_ablation,7,c38q3,229,150,-79,8488
proportional_domain_ablation,7,c38q4,214,122,-92,8568
proportional_domain_ablation,7,c39q0,4,1,-3,120
proportional_domain_ablation,7,c39q1,38,19,-19,1520
proportional_domain_ablation,7,c39q2,184,113,-71,7728
proportional_domain_ablation,7,c39q3,104,32,-72,3800
proportional_domain_ablation,7,c39q4,77,36,-41,3640
proportional_domain_ablation,8,c00q0,0,1,1,0
proportional_domain_ablation,8,c00q1,4,29,25,280
proportional_domain_ablation,8,c00q2,19,93,74,1016
proportional_domain_ablation,8,c00q3,28,85,57,1104
proportional_domain_ablation,8,c00q4,10,48,38,640
proportional_domain_ablation,8,c01q0,26,44,18,896
proportional_domain_ablation,8,c01q1,31,54,23,1440
proportional_domain_ablation,8,c01q2,77,54,-23,3424
proportional_domain_ablation,8,c01q3,131,119,-12,5112
proportional_domain_ablation,8,c01q4,126,110,-16,5640
proportional_domain_ablation,8,c02q0,0,0,0,0
proportional_domain_ablation,8,c02q1,6,2,-4,328
proportional_domain_ablation,8,c02q2,28,18,-10,1128
proportional_domain_ablation,8,c02q3,38,21,-17,1608
proportional_domain_ablation,8,c02q4,45,23,-22,1600
proportional_domain_ablation,8,c03q0,16,16,0,736
proportional_domain_ablation,8,c03q1,93,118,25,4680
proportional_domain_ablation,8,c03q2,93,95,2,4744
proportional_domain_ablation,8,c03q3,159,85,-74,7280
proportional_domain_ablation,8,c03q4,101,61,-40,4720
proportional_domain_ablation,8,c04q0,0,1,1,0
proportional_domain_ablation,8,c04q1,1,7,6,16
proportional_domain_ablation,8,c04q2,13,29,16,696
proportional_domain_ablation,8,c04q3,13,23,10,416
proportional_domain_ablation,8,c04q4,5,1,-4,88
proportional_domain_ablation,8,c05q0,1,4,3,48
proportional_domain_ablation,8,c05q1,7,11,4,224
proportional_domain_ablation,8,c05q2,20,54,34,984
proportional_domain_ablation,8,c05q3,50,130,80,2336
proportional_domain_ablation,8,c05q4,30,79,49,1512
proportional_domain_ablation,8,c06q0,0,0,0,0
proportional_domain_ablation,8,c06q1,2,8,6,48
proportional_domain_ablation,8,c06q2,5,24,19,232
proportional_domain_ablation,8,c06q3,28,39,11,1088
proportional_domain_ablation,8,c06q4,18,18,0,896
proportional_domain_ablation,8,c07q0,1,20,19,56
proportional_domain_ablation,8,c07q1,24,35,11,880
proportional_domain_ablation,8,c07q2,59,38,-21,2160
proportional_domain_ablation,8,c07q3,38,28,-10,1896
proportional_domain_ablation,8,c07q4,14,5,-9,432
proportional_domain_ablation,8,c08q0,0,0,0,0
proportional_domain_ablation,8,c08q1,1,0,-1,24
proportional_domain_ablation,8,c08q2,6,0,-6,192
proportional_domain_ablation,8,c08q3,5,0,-5,288
proportional_domain_ablation,8,c08q4,11,0,-11,416
proportional_domain_ablation,8,c09q0,0,1,1,0
proportional_domain_ablation,8,c09q1,3,10,7,56
proportional_domain_ablation,8,c09q2,2,22,20,144
proportional_domain_ablation,8,c09q3,3,16,13,208
proportional_domain_ablation,8,c09q4,2,8,6,48
proportional_domain_ablation,8,c10q0,0,4,4,16
proportional_domain_ablation,8,c10q1,9,25,16,208
proportional_domain_ablation,8,c10q2,4,35,31,336
proportional_domain_ablation,8,c10q3,6,22,16,272
proportional_domain_ablation,8,c10q4,2,7,5,104
proportional_domain_ablation,8,c11q0,0,1,1,40
proportional_domain_ablation,8,c11q1,10,19,9,472
proportional_domain_ablation,8,c11q2,30,33,3,1168
proportional_domain_ablation,8,c11q3,33,32,-1,1000
proportional_domain_ablation,8,c11q4,7,13,6,296
proportional_domain_ablation,8,c12q0,3,6,3,88
proportional_domain_ablation,8,c12q1,35,29,-6,1432
proportional_domain_ablation,8,c12q2,83,63,-20,3248
proportional_domain_ablation,8,c12q3,63,42,-21,3368
proportional_domain_ablation,8,c12q4,29,16,-13,920
proportional_domain_ablation,8,c13q0,0,0,0,0
proportional_domain_ablation,8,c13q1,4,10,6,384
proportional_domain_ablation,8,c13q2,15,43,28,1056
proportional_domain_ablation,8,c13q3,63,124,61,2536
proportional_domain_ablation,8,c13q4,22,41,19,1176
proportional_domain_ablation,8,c14q0,4,23,19,328
proportional_domain_ablation,8,c14q1,119,211,92,4400
proportional_domain_ablation,8,c14q2,256,204,-52,12048
proportional_domain_ablation,8,c14q3,271,168,-103,11680
proportional_domain_ablation,8,c14q4,60,37,-23,2400
proportional_domain_ablation,8,c15q0,0,4,4,0
proportional_domain_ablation,8,c15q1,0,19,19,24
proportional_domain_ablation,8,c15q2,1,36,35,64
proportional_domain_ablation,8,c15q3,1,33,32,64
proportional_domain_ablation,8,c15q4,3,22,19,192
proportional_domain_ablation,8,c16q0,4,5,1,136
proportional_domain_ablation,8,c16q1,21,18,-3,568
proportional_domain_ablation,8,c16q2,34,47,13,1304
proportional_domain_ablation,8,c16q3,35,36,1,1504
proportional_domain_ablation,8,c16q4,17,12,-5,600
proportional_domain_ablation,8,c17q0,33,23,-10,1552
proportional_domain_ablation,8,c17q1,96,70,-26,3800
proportional_domain_ablation,8,c17q2,158,97,-61,6392
proportional_domain_ablation,8,c17q3,110,76,-34,4952
proportional_domain_ablation,8,c17q4,40,22,-18,1328
proportional_domain_ablation,8,c18q0,2,4,2,88
proportional_domain_ablation,8,c18q1,12,22,10,704
proportional_domain_ablation,8,c18q2,26,48,22,1224
proportional_domain_ablation,8,c18q3,11,22,11,608
proportional_domain_ablation,8,c18q4,3,7,4,352
proportional_domain_ablation,8,c19q0,0,4,4,0
proportional_domain_ablation,8,c19q1,0,22,22,24
proportional_domain_ablation,8,c19q2,13,34,21,608
proportional_domain_ablation,8,c19q3,13,30,17,448
proportional_domain_ablation,8,c19q4,4,8,4,152
proportional_domain_ablation,8,c20q0,0,1,1,40
proportional_domain_ablation,8,c20q1,32,41,9,968
proportional_domain_ablation,8,c20q2,58,51,-7,2440
proportional_domain_ablation,8,c20q3,33,24,-9,1496
proportional_domain_ablation,8,c20q4,40,16,-24,1848
proportional_domain_ablation,8,c21q0,7,3,-4,208
proportional_domain_ablation,8,c21q1,43,24,-19,1664
proportional_domain_ablation,8,c21q2,102,70,-32,4872
proportional_domain_ablation,8,c21q3,137,98,-39,5728
proportional_domain_ablation,8,c21q4,58,38,-20,2336
proportional_domain_ablation,8,c22q0,0,0,0,0
proportional_domain_ablation,8,c22q1,3,6,3,104
proportional_domain_ablation,8,c22q2,17,5,-12,824
proportional_domain_ablation,8,c22q3,30,14,-16,1456
proportional_domain_ablation,8,c22q4,7,6,-1,504
proportional_domain_ablation,8,c23q0,4,14,10,248
proportional_domain_ablation,8,c23q1,41,49,8,1800
proportional_domain_ablation,8,c23q2,91,71,-20,3560
proportional_domain_ablation,8,c23q3,123,89,-34,4472
proportional_domain_ablation,8,c23q4,84,33,-51,3304
proportional_domain_ablation,8,c24q0,11,15,4,640
proportional_domain_ablation,8,c24q1,68,53,-15,2800
proportional_domain_ablation,8,c24q2,120,73,-47,5048
proportional_domain_ablation,8,c24q3,89,63,-26,3488
proportional_domain_ablation,8,c24q4,32,32,0,1744
proportional_domain_ablation,8,c25q0,47,34,-13,1816
proportional_domain_ablation,8,c25q1,126,96,-30,5208
proportional_domain_ablation,8,c25q2,183,126,-57,7928
proportional_domain_ablation,8,c25q3,137,100,-37,5368
proportional_domain_ablation,8,c25q4,40,23,-17,2200
proportional_domain_ablation,8,c26q0,0,9,9,0
proportional_domain_ablation,8,c26q1,1,52,51,16
proportional_domain_ablation,8,c26q2,14,139,125,552
proportional_domain_ablation,8,c26q3,20,199,179,928
proportional_domain_ablation,8,c26q4,26,278,252,1240
proportional_domain_ablation,8,c27q0,0,0,0,0
proportional_domain_ablation,8,c27q1,0,3,3,56
proportional_domain_ablation,8,c27q2,8,12,4,288
proportional_domain_ablation,8,c27q3,10,6,-4,432
proportional_domain_ablation,8,c27q4,2,0,-2,168
proportional_domain_ablation,8,c28q0,0,2,2,0
proportional_domain_ablation,8,c28q1,85,144,59,3488
proportional_domain_ablation,8,c28q2,205,173,-32,9456
proportional_domain_ablation,8,c28q3,342,200,-142,14944
proportional_domain_ablation,8,c28q4,177,81,-96,7352
proportional_domain_ablation,8,c29q0,18,35,17,840
proportional_domain_ablation,8,c29q1,30,34,4,1224
proportional_domain_ablation,8,c29q2,80,95,15,3280
proportional_domain_ablation,8,c29q3,84,136,52,4128
proportional_domain_ablation,8,c29q4,83,38,-45,3664
proportional_domain_ablation,8,c30q0,0,4,4,0
proportional_domain_ablation,8,c30q1,10,19,9,896
proportional_domain_ablation,8,c30q2,82,59,-23,3664
proportional_domain_ablation,8,c30q3,300,151,-149,11096
proportional_domain_ablation,8,c30q4,480,290,-190,19664
proportional_domain_ablation,8,c31q0,0,1,1,0
proportional_domain_ablation,8,c31q1,0,4,4,16
proportional_domain_ablation,8,c31q2,3,20,17,64
proportional_domain_ablation,8,c31q3,2,12,10,104
proportional_domain_ablation,8,c31q4,2,7,5,56
proportional_domain_ablation,8,c32q0,7,28,21,280
proportional_domain_ablation,8,c32q1,40,133,93,1768
proportional_domain_ablation,8,c32q2,222,164,-58,10272
proportional_domain_ablation,8,c32q3,407,225,-182,17496
proportional_domain_ablation,8,c32q4,158,87,-71,6632
proportional_domain_ablation,8,c33q0,0,3,3,0
proportional_domain_ablation,8,c33q1,0,23,23,104
proportional_domain_ablation,8,c33q2,4,57,53,288
proportional_domain_ablation,8,c33q3,8,68,60,456
proportional_domain_ablation,8,c33q4,24,63,39,792
proportional_domain_ablation,8,c34q0,0,1,1,0
proportional_domain_ablation,8,c34q1,12,4,-8,288
proportional_domain_ablation,8,c34q2,19,19,0,856
proportional_domain_ablation,8,c34q3,22,16,-6,976
proportional_domain_ablation,8,c34q4,6,12,6,512
proportional_domain_ablation,8,c35q0,0,11,11,64
proportional_domain_ablation,8,c35q1,25,51,26,976
proportional_domain_ablation,8,c35q2,37,65,28,1544
proportional_domain_ablation,8,c35q3,27,52,25,1064
proportional_domain_ablation,8,c35q4,12,12,0,416
proportional_domain_ablation,8,c36q0,2,2,0,56
proportional_domain_ablation,8,c36q1,6,17,11,280
proportional_domain_ablation,8,c36q2,11,19,8,504
proportional_domain_ablation,8,c36q3,7,8,1,264
proportional_domain_ablation,8,c36q4,4,2,-2,96
proportional_domain_ablation,8,c37q0,1,4,3,24
proportional_domain_ablation,8,c37q1,11,30,19,256
proportional_domain_ablation,8,c37q2,23,58,35,1008
proportional_domain_ablation,8,c37q3,35,95,60,1616
proportional_domain_ablation,8,c37q4,38,79,41,1360
proportional_domain_ablation,8,c38q0,22,37,15,808
proportional_domain_ablation,8,c38q1,40,73,33,2176
proportional_domain_ablation,8,c38q2,151,139,-12,6968
proportional_domain_ablation,8,c38q3,229,151,-78,8488
proportional_domain_ablation,8,c38q4,214,121,-93,8568
proportional_domain_ablation,8,c39q0,4,1,-3,120
proportional_domain_ablation,8,c39q1,38,19,-19,1520
proportional_domain_ablation,8,c39q2,184,112,-72,7728
proportional_domain_ablation,8,c39q3,104,33,-71,3800
proportional_domain_ablation,8,c39q4,77,35,-42,3640
proportional_domain_ablation,9,c00q0,0,1,1,0
proportional_domain_ablation,9,c00q1,4,29,25,280
proportional_domain_ablation,9,c00q2,19,93,74,1016
proportional_domain_ablation,9,c00q3,28,85,57,1104
proportional_domain_ablation,9,c00q4,10,48,38,640
proportional_domain_ablation,9,c01q0,26,44,18,896
proportional_domain_ablation,9,c01q1,31,54,23,1440
proportional_domain_ablation,9,c01q2,77,55,-22,3424
proportional_domain_ablation,9,c01q3,131,118,-13,5112
proportional_domain_ablation,9,c01q4,126,110,-16,5640
proportional_domain_ablation,9,c02q0,0,2,2,0
proportional_domain_ablation,9,c02q1,6,1,-5,328
proportional_domain_ablation,9,c02q2,28,18,-10,1128
proportional_domain_ablation,9,c02q3,38,20,-18,1608
proportional_domain_ablation,9,c02q4,45,24,-21,1600
proportional_domain_ablation,9,c03q0,16,16,0,736
proportional_domain_ablation,9,c03q1,93,120,27,4680
proportional_domain_ablation,9,c03q2,93,92,-1,4744
proportional_domain_ablation,9,c03q3,159,88,-71,7280
proportional_domain_ablation,9,c03q4,101,59,-42,4720
proportional_domain_ablation,9,c04q0,0,2,2,0
proportional_domain_ablation,9,c04q1,1,6,5,16
proportional_domain_ablation,9,c04q2,13,30,17,696
proportional_domain_ablation,9,c04q3,13,22,9,416
proportional_domain_ablation,9,c04q4,5,2,-3,88
proportional_domain_ablation,9,c05q0,1,3,2,48
proportional_domain_ablation,9,c05q1,7,11,4,224
proportional_domain_ablation,9,c05q2,20,55,35,984
proportional_domain_ablation,9,c05q3,50,129,79,2336
proportional_domain_ablation,9,c05q4,30,81,51,1512
proportional_domain_ablation,9,c06q0,0,0,0,0
proportional_domain_ablation,9,c06q1,2,6,4,48
proportional_domain_ablation,9,c06q2,5,24,19,232
proportional_domain_ablation,9,c06q3,28,39,11,1088
proportional_domain_ablation,9,c06q4,18,22,4,896
proportional_domain_ablation,9,c07q0,1,19,18,56
proportional_domain_ablation,9,c07q1,24,33,9,880
proportional_domain_ablation,9,c07q2,59,38,-21,2160
proportional_domain_ablation,9,c07q3,38,27,-11,1896
proportional_domain_ablation,9,c07q4,14,5,-9,432
proportional_domain_ablation,9,c08q0,0,0,0,0
proportional_domain_ablation,9,c08q1,1,1,0,24
proportional_domain_ablation,9,c08q2,6,14,8,192
proportional_domain_ablation,9,c08q3,5,22,17,288
proportional_domain_ablation,9,c08q4,11,8,-3,416
proportional_domain_ablation,9,c09q0,0,0,0,0
proportional_domain_ablation,9,c09q1,3,0,-3,56
proportional_domain_ablation,9,c09q2,2,0,-2,144
proportional_domain_ablation,9,c09q3,3,0,-3,208
proportional_domain_ablation,9,c09q4,2,0,-2,48
proportional_domain_ablation,9,c10q0,0,2,2,16
proportional_domain_ablation,9,c10q1,9,33,24,208
proportional_domain_ablation,9,c10q2,4,30,26,336
proportional_domain_ablation,9,c10q3,6,22,16,272
proportional_domain_ablation,9,c10q4,2,9,7,104
proportional_domain_ablation,9,c11q0,0,1,1,40
proportional_domain_ablation,9,c11q1,10,17,7,472
proportional_domain_ablation,9,c11q2,30,29,-1,1168
proportional_domain_ablation,9,c11q3,33,35,2,1000
proportional_domain_ablation,9,c11q4,7,11,4,296
proportional_domain_ablation,9,c12q0,3,2,-1,88
proportional_domain_ablation,9,c12q1,35,39,4,1432
proportional_domain_ablation,9,c12q2,83,60,-23,3248
proportional_domain_ablation,9,c12q3,63,46,-17,3368
proportional_domain_ablation,9,c12q4,29,13,-16,920
proportional_domain_ablation,9,c13q0,0,0,0,0
proportional_domain_ablation,9,c13q1,4,15,11,384
proportional_domain_ablation,9,c13q2,15,39,24,1056
proportional_domain_ablation,9,c13q3,63,119,56,2536
proportional_domain_ablation,9,c13q4,22,46,24,1176
proportional_domain_ablation,9,c14q0,4,22,18,328
proportional_domain_ablation,9,c14q1,119,209,90,4400
proportional_domain_ablation,9,c14q2,256,203,-53,12048
proportional_domain_ablation,9,c14q3,271,171,-100,11680
proportional_domain_ablation,9,c14q4,60,34,-26,2400
proportional_domain_ablation,9,c15q0,0,5,5,0
proportional_domain_ablation,9,c15q1,0,24,24,24
proportional_domain_ablation,9,c15q2,1,33,32,64
proportional_domain_ablation,9,c15q3,1,32,31,64
proportional_domain_ablation,9,c15q4,3,20,17,192
proportional_domain_ablation,9,c16q0,4,9,5,136
proportional_domain_ablation,9,c16q1,21,18,-3,568
proportional_domain_ablation,9,c16q2,34,47,13,1304
proportional_domain_ablation,9,c16q3,35,38,3,1504
proportional_domain_ablation,9,c16q4,17,14,-3,600
proportional_domain_ablation,9,c17q0,33,16,-17,1552
proportional_domain_ablation,9,c17q1,96,75,-21,3800
proportional_domain_ablation,9,c17q2,158,95,-63,6392
proportional_domain_ablation,9,c17q3,110,79,-31,4952
proportional_domain_ablation,9,c17q4,40,14,-26,1328
proportional_domain_ablation,9,c18q0,2,6,4,88
proportional_domain_ablation,9,c18q1,12,28,16,704
proportional_domain_ablation,9,c18q2,26,42,16,1224
proportional_domain_ablation,9,c18q3,11,24,13,608
proportional_domain_ablation,9,c18q4,3,4,1,352
proportional_domain_ablation,9,c19q0,0,6,6,0
proportional_domain_ablation,9,c19q1,0,25,25,24
proportional_domain_ablation,9,c19q2,13,31,18,608
proportional_domain_ablation,9,c19q3,13,27,14,448
proportional_domain_ablation,9,c19q4,4,13,9,152
proportional_domain_ablation,9,c20q0,0,2,2,40
proportional_domain_ablation,9,c20q1,32,41,9,968
proportional_domain_ablation,9,c20q2,58,47,-11,2440
proportional_domain_ablation,9,c20q3,33,28,-5,1496
proportional_domain_ablation,9,c20q4,40,14,-26,1848
proportional_domain_ablation,9,c21q0,7,3,-4,208
proportional_domain_ablation,9,c21q1,43,28,-15,1664
proportional_domain_ablation,9,c21q2,102,66,-36,4872
proportional_domain_ablation,9,c21q3,137,102,-35,5728
proportional_domain_ablation,9,c21q4,58,30,-28,2336
proportional_domain_ablation,9,c22q0,0,0,0,0
proportional_domain_ablation,9,c22q1,3,5,2,104
proportional_domain_ablation,9,c22q2,17,15,-2,824
proportional_domain_ablation,9,c22q3,30,11,-19,1456
proportional_domain_ablation,9,c22q4,7,5,-2,504
proportional_domain_ablation,9,c23q0,4,13,9,248
proportional_domain_ablation,9,c23q1,41,52,11,1800
proportional_domain_ablation,9,c23q2,91,68,-23,3560
proportional_domain_ablation,9,c23q3,123,94,-29,4472
proportional_domain_ablation,9,c23q4,84,26,-58,3304
proportional_domain_ablation,9,c24q0,11,17,6,640
proportional_domain_ablation,9,c24q1,68,53,-15,2800
proportional_domain_ablation,9,c24q2,120,74,-46,5048
proportional_domain_ablation,9,c24q3,89,65,-24,3488
proportional_domain_ablation,9,c24q4,32,30,-2,1744
proportional_domain_ablation,9,c25q0,47,33,-14,1816
proportional_domain_ablation,9,c25q1,126,98,-28,5208
proportional_domain_ablation,9,c25q2,183,126,-57,7928
proportional_domain_ablation,9,c25q3,137,106,-31,5368
proportional_domain_ablation,9,c25q4,40,16,-24,2200
proportional_domain_ablation,9,c26q0,0,13,13,0
proportional_domain_ablation,9,c26q1,1,50,49,16
proportional_domain_ablation,9,c26q2,14,140,126,552
proportional_domain_ablation,9,c26q3,20,196,176,928
proportional_domain_ablation,9,c26q4,26,283,257,1240
proportional_domain_ablation,9,c27q0,0,0,0,0
proportional_domain_ablation,9,c27q1,0,2,2,56
proportional_domain_ablation,9,c27q2,8,11,3,288
proportional_domain_ablation,9,c27q3,10,8,-2,432
proportional_domain_ablation,9,c27q4,2,1,-1,168
proportional_domain_ablation,9,c28q0,0,1,1,0
proportional_domain_ablation,9,c28q1,85,142,57,3488
proportional_domain_ablation,9,c28q2,205,175,-30,9456
proportional_domain_ablation,9,c28q3,342,201,-141,14944
proportional_domain_ablation,9,c28q4,177,79,-98,7352
proportional_domain_ablation,9,c29q0,18,37,19,840
proportional_domain_ablation,9,c29q1,30,31,1,1224
proportional_domain_ablation,9,c29q2,80,96,16,3280
proportional_domain_ablation,9,c29q3,84,136,52,4128
proportional_domain_ablation,9,c29q4,83,40,-43,3664
proportional_domain_ablation,9,c30q0,0,2,2,0
proportional_domain_ablation,9,c30q1,10,18,8,896
proportional_domain_ablation,9,c30q2,82,58,-24,3664
proportional_domain_ablation,9,c30q3,300,155,-145,11096
proportional_domain_ablation,9,c30q4,480,287,-193,19664
proportional_domain_ablation,9,c31q0,0,1,1,0
proportional_domain_ablation,9,c31q1,0,9,9,16
proportional_domain_ablation,9,c31q2,3,18,15,64
proportional_domain_ablation,9,c31q3,2,13,11,104
proportional_domain_ablation,9,c31q4,2,6,4,56
proportional_domain_ablation,9,c32q0,7,25,18,280
proportional_domain_ablation,9,c32q1,40,136,96,1768
proportional_domain_ablation,9,c32q2,222,164,-58,10272
proportional_domain_ablation,9,c32q3,407,222,-185,17496
proportional_domain_ablation,9,c32q4,158,90,-68,6632
proportional_domain_ablation,9,c33q0,0,2,2,0
proportional_domain_ablation,9,c33q1,0,24,24,104
proportional_domain_ablation,9,c33q2,4,57,53,288
proportional_domain_ablation,9,c33q3,8,68,60,456
proportional_domain_ablation,9,c33q4,24,60,36,792
proportional_domain_ablation,9,c34q0,0,2,2,0
proportional_domain_ablation,9,c34q1,12,5,-7,288
proportional_domain_ablation,9,c34q2,19,18,-1,856
proportional_domain_ablation,9,c34q3,22,19,-3,976
proportional_domain_ablation,9,c34q4,6,11,5,512
proportional_domain_ablation,9,c35q0,0,12,12,64
proportional_domain_ablation,9,c35q1,25,51,26,976
proportional_domain_ablation,9,c35q2,37,64,27,1544
proportional_domain_ablation,9,c35q3,27,51,24,1064
proportional_domain_ablation,9,c35q4,12,14,2,416
proportional_domain_ablation,9,c36q0,2,3,1,56
proportional_domain_ablation,9,c36q1,6,15,9,280
proportional_domain_ablation,9,c36q2,11,20,9,504
proportional_domain_ablation,9,c36q3,7,9,2,264
proportional_domain_ablation,9,c36q4,4,2,-2,96
proportional_domain_ablation,9,c37q0,1,3,2,24
proportional_domain_ablation,9,c37q1,11,30,19,256
proportional_domain_ablation,9,c37q2,23,58,35,1008
proportional_domain_ablation,9,c37q3,35,94,59,1616
proportional_domain_ablation,9,c37q4,38,81,43,1360
proportional_domain_ablation,9,c38q0,22,35,13,808
proportional_domain_ablation,9,c38q1,40,75,35,2176
proportional_domain_ablation,9,c38q2,151,139,-12,6968
proportional_domain_ablation,9,c38q3,229,151,-78,8488
proportional_domain_ablation,9,c38q4,214,121,-93,8568
proportional_domain_ablation,9,c39q0,4,1,-3,120
proportional_domain_ablation,9,c39q1,38,19,-19,1520
proportional_domain_ablation,9,c39q2,184,112,-72,7728
proportional_domain_ablation,9,c39q3,104,33,-71,3800
proportional_domain_ablation,9,c39q4,77,35,-42,3640
proportional_domain_ablation,10,c00q0,0,1,1,0
proportional_domain_ablation,10,c00q1,4,29,25,280
proportional_domain_ablation,10,c00q2,19,93,74,1016
proportional_domain_ablation,10,c00q3,28,87,59,1104
proportional_domain_ablation,10,c00q4,10,48,38,640
proportional_domain_ablation,10,c01q0,26,43,17,896
proportional_domain_ablation,10,c01q1,31,57,26,1440
proportional_domain_ablation,10,c01q2,77,53,-24,3424
proportional_domain_ablation,10,c01q3,131,119,-12,5112
proportional_domain_ablation,10,c01q4,126,109,-17,5640
proportional_domain_ablation,10,c02q0,0,0,0,0
proportional_domain_ablation,10,c02q1,6,3,-3,328
proportional_domain_ablation,10,c02q2,28,20,-8,1128
proportional_domain_ablation,10,c02q3,38,17,-21,1608
proportional_domain_ablation,10,c02q4,45,23,-22,1600
proportional_domain_ablation,10,c03q0,16,17,1,736
proportional_domain_ablation,10,c03q1,93,122,29,4680
proportional_domain_ablation,10,c03q2,93,91,-2,4744
proportional_domain_ablation,10,c03q3,159,91,-68,7280
proportional_domain_ablation,10,c03q4,101,56,-45,4720
proportional_domain_ablation,10,c04q0,0,1,1,0
proportional_domain_ablation,10,c04q1,1,11,10,16
proportional_domain_ablation,10,c04q2,13,30,17,696
proportional_domain_ablation,10,c04q3,13,18,5,416
proportional_domain_ablation,10,c04q4,5,4,-1,88
proportional_domain_ablation,10,c05q0,1,3,2,48
proportional_domain_ablation,10,c05q1,7,9,2,224
proportional_domain_ablation,10,c05q2,20,57,37,984
proportional_domain_ablation,10,c05q3,50,130,80,2336
proportional_domain_ablation,10,c05q4,30,82,52,1512
proportional_domain_ablation,10,c06q0,0,0,0,0
proportional_domain_ablation,10,c06q1,2,3,1,48
proportional_domain_ablation,10,c06q2,5,27,22,232
proportional_domain_ablation,10,c06q3,28,40,12,1088
proportional_domain_ablation,10,c06q4,18,24,6,896
proportional_domain_ablation,10,c07q0,1,16,15,56
proportional_domain_ablation,10,c07q1,24,36,12,880
proportional_domain_ablation,10,c07q2,59,35,-24,2160
proportional_domain_ablation,10,c07q3,38,26,-12,1896
proportional_domain_ablation,10,c07q4,14,3,-11,432
proportional_domain_ablation,10,c08q0,0,0,0,0
proportional_domain_ablation,10,c08q1,1,4,3,24
proportional_domain_ablation,10,c08q2,6,11,5,192
proportional_domain_ablation,10,c08q3,5,23,18,288
proportional_domain_ablation,10,c08q4,11,6,-5,416
proportional_domain_ablation,10,c09q0,0,5,5,0
proportional_domain_ablation,10,c09q1,3,18,15,56
proportional_domain_ablation,10,c09q2,2,17,15,144
proportional_domain_ablation,10,c09q3,3,18,15,208
proportional_domain_ablation,10,c09q4,2,2,0,48
proportional_domain_ablation,10,c10q0,0,0,0,16
proportional_domain_ablation,10,c10q1,9,0,-9,208
proportional_domain_ablation,10,c10q2,4,0,-4,336
proportional_domain_ablation,10,c10q3,6,0,-6,272
proportional_domain_ablation,10,c10q4,2,0,-2,104
proportional_domain_ablation,10,c11q0,0,5,5,40
proportional_domain_ablation,10,c11q1,10,20,10,472
proportional_domain_ablation,10,c11q2,30,39,9,1168
proportional_domain_ablation,10,c11q3,33,21,-12,1000
proportional_domain_ablation,10,c11q4,7,10,3,296
proportional_domain_ablation,10,c12q0,3,3,0,88
proportional_domain_ablation,10,c12q1,35,29,-6,1432
proportional_domain_ablation,10,c12q2,83,74,-9,3248
proportional_domain_ablation,10,c12q3,63,50,-13,3368
proportional_domain_ablation,10,c12q4,29,15,-14,920
proportional_domain_ablation,10,c13q0,0,0,0,0
proportional_domain_ablation,10,c13q1,4,13,9,384
proportional_domain_ablation,10,c13q2,15,36,21,1056
proportional_domain_ablation,10,c13q3,63,108,45,2536
proportional_domain_ablation,10,c13q4,22,61,39,1176
proportional_domain_ablation,10,c14q0,4,15,11,328
proportional_domain_ablation,10,c14q1,119,218,99,4400
proportional_domain_ablation,10,c14q2,256,203,-53,12048
proportional_domain_ablation,10,c14q3,271,167,-104,11680
proportional_domain_ablation,10,c14q4,60,30,-30,2400
proportional_domain_ablation,10,c15q0,0,2,2,0
proportional_domain_ablation,10,c15q1,0,22,22,24
proportional_domain_ablation,10,c15q2,1,52,51,64
proportional_domain_ablation,10,c15q3,1,24,23,64
proportional_domain_ablation,10,c15q4,3,17,14,192
proportional_domain_ablation,10,c16q0,4,4,0,136
proportional_domain_ablation,10,c16q1,21,19,-2,568
proportional_domain_ablation,10,c16q2,34,48,14,1304
proportional_domain_ablation,10,c16q3,35,45,10,1504
proportional_domain_ablation,10,c16q4,17,12,-5,600
proportional_domain_ablation,10,c17q0,33,25,-8,1552
proportional_domain_ablation,10,c17q1,96,64,-32,3800
proportional_domain_ablation,10,c17q2,158,102,-56,6392
proportional_domain_ablation,10,c17q3,110,78,-32,4952
proportional_domain_ablation,10,c17q4,40,18,-22,1328
proportional_domain_ablation,10,c18q0,2,3,1,88
proportional_domain_ablation,10,c18q1,12,26,14,704
proportional_domain_ablation,10,c18q2,26,41,15,1224
proportional_domain_ablation,10,c18q3,11,22,11,608
proportional_domain_ablation,10,c18q4,3,7,4,352
proportional_domain_ablation,10,c19q0,0,5,5,0
proportional_domain_ablation,10,c19q1,0,23,23,24
proportional_domain_ablation,10,c19q2,13,38,25,608
proportional_domain_ablation,10,c19q3,13,21,8,448
proportional_domain_ablation,10,c19q4,4,12,8,152
proportional_domain_ablation,10,c20q0,0,1,1,40
proportional_domain_ablation,10,c20q1,32,45,13,968
proportional_domain_ablation,10,c20q2,58,52,-6,2440
proportional_domain_ablation,10,c20q3,33,31,-2,1496
proportional_domain_ablation,10,c20q4,40,11,-29,1848
proportional_domain_ablation,10,c21q0,7,3,-4,208
proportional_domain_ablation,10,c21q1,43,19,-24,1664
proportional_domain_ablation,10,c21q2,102,71,-31,4872
proportional_domain_ablation,10,c21q3,137,95,-42,5728
proportional_domain_ablation,10,c21q4,58,35,-23,2336
proportional_domain_ablation,10,c22q0,0,0,0,0
proportional_domain_ablation,10,c22q1,3,6,3,104
proportional_domain_ablation,10,c22q2,17,10,-7,824
proportional_domain_ablation,10,c22q3,30,22,-8,1456
proportional_domain_ablation,10,c22q4,7,5,-2,504
proportional_domain_ablation,10,c23q0,4,7,3,248
proportional_domain_ablation,10,c23q1,41,47,6,1800
proportional_domain_ablation,10,c23q2,91,78,-13,3560
proportional_domain_ablation,10,c23q3,123,84,-39,4472
proportional_domain_ablation,10,c23q4,84,38,-46,3304
proportional_domain_ablation,10,c24q0,11,5,-6,640
proportional_domain_ablation,10,c24q1,68,56,-12,2800
proportional_domain_ablation,10,c24q2,120,80,-40,5048
proportional_domain_ablation,10,c24q3,89,59,-30,3488
proportional_domain_ablation,10,c24q4,32,33,1,1744
proportional_domain_ablation,10,c25q0,47,36,-11,1816
proportional_domain_ablation,10,c25q1,126,90,-36,5208
proportional_domain_ablation,10,c25q2,183,130,-53,7928
proportional_domain_ablation,10,c25q3,137,103,-34,5368
proportional_domain_ablation,10,c25q4,40,24,-16,2200
proportional_domain_ablation,10,c26q0,0,10,10,0
proportional_domain_ablation,10,c26q1,1,51,50,16
proportional_domain_ablation,10,c26q2,14,138,124,552
proportional_domain_ablation,10,c26q3,20,197,177,928
proportional_domain_ablation,10,c26q4,26,284,258,1240
proportional_domain_ablation,10,c27q0,0,0,0,0
proportional_domain_ablation,10,c27q1,0,4,4,56
proportional_domain_ablation,10,c27q2,8,14,6,288
proportional_domain_ablation,10,c27q3,10,5,-5,432
proportional_domain_ablation,10,c27q4,2,1,-1,168
proportional_domain_ablation,10,c28q0,0,3,3,0
proportional_domain_ablation,10,c28q1,85,144,59,3488
proportional_domain_ablation,10,c28q2,205,173,-32,9456
proportional_domain_ablation,10,c28q3,342,202,-140,14944
proportional_domain_ablation,10,c28q4,177,79,-98,7352
proportional_domain_ablation,10,c29q0,18,32,14,840
proportional_domain_ablation,10,c29q1,30,39,9,1224
proportional_domain_ablation,10,c29q2,80,93,13,3280
proportional_domain_ablation,10,c29q3,84,136,52,4128
proportional_domain_ablation,10,c29q4,83,43,-40,3664
proportional_domain_ablation,10,c30q0,0,2,2,0
proportional_domain_ablation,10,c30q1,10,14,4,896
proportional_domain_ablation,10,c30q2,82,60,-22,3664
proportional_domain_ablation,10,c30q3,300,155,-145,11096
proportional_domain_ablation,10,c30q4,480,286,-194,19664
proportional_domain_ablation,10,c31q0,0,1,1,0
proportional_domain_ablation,10,c31q1,0,10,10,16
proportional_domain_ablation,10,c31q2,3,22,19,64
proportional_domain_ablation,10,c31q3,2,15,13,104
proportional_domain_ablation,10,c31q4,2,5,3,56
proportional_domain_ablation,10,c32q0,7,24,17,280
proportional_domain_ablation,10,c32q1,40,135,95,1768
proportional_domain_ablation,10,c32q2,222,168,-54,10272
proportional_domain_ablation,10,c32q3,407,223,-184,17496
proportional_domain_ablation,10,c32q4,158,87,-71,6632
proportional_domain_ablation,10,c33q0,0,2,2,0
proportional_domain_ablation,10,c33q1,0,25,25,104
proportional_domain_ablation,10,c33q2,4,55,51,288
proportional_domain_ablation,10,c33q3,8,71,63,456
proportional_domain_ablation,10,c33q4,24,58,34,792
proportional_domain_ablation,10,c34q0,0,0,0,0
proportional_domain_ablation,10,c34q1,12,10,-2,288
proportional_domain_ablation,10,c34q2,19,14,-5,856
proportional_domain_ablation,10,c34q3,22,22,0,976
proportional_domain_ablation,10,c34q4,6,12,6,512
proportional_domain_ablation,10,c35q0,0,11,11,64
proportional_domain_ablation,10,c35q1,25,47,22,976
proportional_domain_ablation,10,c35q2,37,72,35,1544
proportional_domain_ablation,10,c35q3,27,47,20,1064
proportional_domain_ablation,10,c35q4,12,13,1,416
proportional_domain_ablation,10,c36q0,2,6,4,56
proportional_domain_ablation,10,c36q1,6,11,5,280
proportional_domain_ablation,10,c36q2,11,23,12,504
proportional_domain_ablation,10,c36q3,7,8,1,264
proportional_domain_ablation,10,c36q4,4,4,0,96
proportional_domain_ablation,10,c37q0,1,4,3,24
proportional_domain_ablation,10,c37q1,11,24,13,256
proportional_domain_ablation,10,c37q2,23,60,37,1008
proportional_domain_ablation,10,c37q3,35,94,59,1616
proportional_domain_ablation,10,c37q4,38,80,42,1360
proportional_domain_ablation,10,c38q0,22,38,16,808
proportional_domain_ablation,10,c38q1,40,74,34,2176
proportional_domain_ablation,10,c38q2,151,142,-9,6968
proportional_domain_ablation,10,c38q3,229,151,-78,8488
proportional_domain_ablation,10,c38q4,214,122,-92,8568
proportional_domain_ablation,10,c39q0,4,0,-4,120
proportional_domain_ablation,10,c39q1,38,19,-19,1520
proportional_domain_ablation,10,c39q2,184,113,-71,7728
proportional_domain_ablation,10,c39q3,104,32,-72,3800
proportional_domain_ablation,10,c39q4,77,36,-41,3640
proportional_domain_ablation,11,c00q0,0,1,1,0
proportional_domain_ablation,11,c00q1,4,29,25,280
proportional_domain_ablation,11,c00q2,19,93,74,1016
proportional_domain_ablation,11,c00q3,28,87,59,1104
proportional_domain_ablation,11,c00q4,10,48,38,640
proportional_domain_ablation,11,c01q0,26,43,17,896
proportional_domain_ablation,11,c01q1,31,57,26,1440
proportional_domain_ablation,11,c01q2,77,53,-24,3424
proportional_domain_ablation,11,c01q3,131,119,-12,5112
proportional_domain_ablation,11,c01q4,126,109,-17,5640
proportional_domain_ablation,11,c02q0,0,0,0,0
proportional_domain_ablation,11,c02q1,6,3,-3,328
proportional_domain_ablation,11,c02q2,28,20,-8,1128
proportional_domain_ablation,11,c02q3,38,17,-21,1608
proportional_domain_ablation,11,c02q4,45,23,-22,1600
proportional_domain_ablation,11,c03q0,16,17,1,736
proportional_domain_ablation,11,c03q1,93,122,29,4680
proportional_domain_ablation,11,c03q2,93,91,-2,4744
proportional_domain_ablation,11,c03q3,159,92,-67,7280
proportional_domain_ablation,11,c03q4,101,56,-45,4720
proportional_domain_ablation,11,c04q0,0,0,0,0
proportional_domain_ablation,11,c04q1,1,12,11,16
proportional_domain_ablation,11,c04q2,13,29,16,696
proportional_domain_ablation,11,c04q3,13,19,6,416
proportional_domain_ablation,11,c04q4,5,4,-1,88
proportional_domain_ablation,11,c05q0,1,3,2,48
proportional_domain_ablation,11,c05q1,7,8,1,224
proportional_domain_ablation,11,c05q2,20,58,38,984
proportional_domain_ablation,11,c05q3,50,129,79,2336
proportional_domain_ablation,11,c05q4,30,82,52,1512
proportional_domain_ablation,11,c06q0,0,0,0,0
proportional_domain_ablation,11,c06q1,2,5,3,48
proportional_domain_ablation,11,c06q2,5,26,21,232
proportional_domain_ablation,11,c06q3,28,39,11,1088
proportional_domain_ablation,11,c06q4,18,25,7,896
proportional_domain_ablation,11,c07q0,1,16,15,56
proportional_domain_ablation,11,c07q1,24,36,12,880
proportional_domain_ablation,11,c07q2,59,34,-25,2160
proportional_domain_ablation,11,c07q3,38,26,-12,1896
proportional_domain_ablation,11,c07q4,14,4,-10,432
proportional_domain_ablation,11,c08q0,0,0,0,0
proportional_domain_ablation,11,c08q1,1,4,3,24
proportional_domain_ablation,11,c08q2,6,10,4,192
proportional_domain_ablation,11,c08q3,5,24,19,288
proportional_domain_ablation,11,c08q4,11,7,-4,416
proportional_domain_ablation,11,c09q0,0,3,3,0
proportional_domain_ablation,11,c09q1,3,19,16,56
proportional_domain_ablation,11,c09q2,2,17,15,144
proportional_domain_ablation,11,c09q3,3,18,15,208
proportional_domain_ablation,11,c09q4,2,3,1,48
proportional_domain_ablation,11,c10q0,0,6,6,16
proportional_domain_ablation,11,c10q1,9,33,24,208
proportional_domain_ablation,11,c10q2,4,30,26,336
proportional_domain_ablation,11,c10q3,6,14,8,272
proportional_domain_ablation,11,c10q4,2,10,8,104
proportional_domain_ablation,11,c11q0,0,0,0,40
proportional_domain_ablation,11,c11q1,10,0,-10,472
proportional_domain_ablation,11,c11q2,30,0,-30,1168
proportional_domain_ablation,11,c11q3,33,0,-33,1000
proportional_domain_ablation,11,c11q4,7,0,-7,296
proportional_domain_ablation,11,c12q0,3,3,0,88
proportional_domain_ablation,11,c12q1,35,29,-6,1432
proportional_domain_ablation,11,c12q2,83,73,-10,3248
proportional_domain_ablation,11,c12q3,63,51,-12,3368
proportional_domain_ablation,11,c12q4,29,15,-14,920
proportional_domain_ablation,11,c13q0,0,0,0,0
proportional_domain_ablation,11,c13q1,4,12,8,384
proportional_domain_ablation,11,c13q2,15,37,22,1056
proportional_domain_ablation,11,c13q3,63,108,45,2536
proportional_domain_ablation,11,c13q4,22,60,38,1176
proportional_domain_ablation,11,c14q0,4,15,11,328
proportional_domain_ablation,11,c14q1,119,218,99,4400
proportional_domain_ablation,11,c14q2,256,204,-52,12048
proportional_domain_ablation,11,c14q3,271,167,-104,11680
proportional_domain_ablation,11,c14q4,60,30,-30,2400
proportional_domain_ablation,11,c15q0,0,2,2,0
proportional_domain_ablation,11,c15q1,0,20,20,24
proportional_domain_ablation,11,c15q2,1,53,52,64
proportional_domain_ablation,11,c15q3,1,25,24,64
proportional_domain_ablation,11,c15q4,3,16,13,192
proportional_domain_ablation,11,c16q0,4,5,1,136
proportional_domain_ablation,11,c16q1,21,19,-2,568
proportional_domain_ablation,11,c16q2,34,47,13,1304
proportional_domain_ablation,11,c16q3,35,46,11,1504
proportional_domain_ablation,11,c16q4,17,12,-5,600
proportional_domain_ablation,11,c17q0,33,25,-8,1552
proportional_domain_ablation,11,c17q1,96,64,-32,3800
proportional_domain_ablation,11,c17q2,158,101,-57,6392
proportional_domain_ablation,11,c17q3,110,78,-32,4952
proportional_domain_ablation,11,c17q4,40,18,-22,1328
proportional_domain_ablation,11,c18q0,2,4,2,88
proportional_domain_ablation,11,c18q1,12,26,14,704
proportional_domain_ablation,11,c18q2,26,41,15,1224
proportional_domain_ablation,11,c18q3,11,21,10,608
proportional_domain_ablation,11,c18q4,3,8,5,352
proportional_domain_ablation,11,c19q0,0,5,5,0
proportional_domain_ablation,11,c19q1,0,22,22,24
proportional_domain_ablation,11,c19q2,13,39,26,608
proportional_domain_ablation,11,c19q3,13,21,8,448
proportional_domain_ablation,11,c19q4,4,11,7,152
proportional_domain_ablation,11,c20q0,0,2,2,40
proportional_domain_ablation,11,c20q1,32,45,13,968
proportional_domain_ablation,11,c20q2,58,51,-7,2440
proportional_domain_ablation,11,c20q3,33,31,-2,1496
proportional_domain_ablation,11,c20q4,40,12,-28,1848
proportional_domain_ablation,11,c21q0,7,3,-4,208
proportional_domain_ablation,11,c21q1,43,19,-24,1664
proportional_domain_ablation,11,c21q2,102,71,-31,4872
proportional_domain_ablation,11,c21q3,137,95,-42,5728
proportional_domain_ablation,11,c21q4,58,35,-23,2336
proportional_domain_ablation,11,c22q0,0,0,0,0
proportional_domain_ablation,11,c22q1,3,6,3,104
proportional_domain_ablation,11,c22q2,17,10,-7,824
proportional_domain_ablation,11,c22q3,30,21,-9,1456
proportional_domain_ablation,11,c22q4,7,6,-1,504
proportional_domain_ablation,11,c23q0,4,5,1,248
proportional_domain_ablation,11,c23q1,41,49,8,1800
proportional_domain_ablation,11,c23q2,91,78,-13,3560
proportional_domain_ablation,11,c23q3,123,84,-39,4472
proportional_domain_ablation,11,c23q4,84,38,-46,3304
proportional_domain_ablation,11,c24q0,11,5,-6,640
proportional_domain_ablation,11,c24q1,68,56,-12,2800
proportional_domain_ablation,11,c24q2,120,79,-41,5048
proportional_domain_ablation,11,c24q3,89,60,-29,3488
proportional_domain_ablation,11,c24q4,32,33,1,1744
proportional_domain_ablation,11,c25q0,47,36,-11,1816
proportional_domain_ablation,11,c25q1,126,89,-37,5208
proportional_domain_ablation,11,c25q2,183,131,-52,7928
proportional_domain_ablation,11,c25q3,137,103,-34,5368
proportional_domain_ablation,11,c25q4,40,24,-16,2200
proportional_domain_ablation,11,c26q0,0,9,9,0
proportional_domain_ablation,11,c26q1,1,52,51,16
proportional_domain_ablation,11,c26q2,14,138,124,552
proportional_domain_ablation,11,c26q3,20,197,177,928
proportional_domain_ablation,11,c26q4,26,283,257,1240
proportional_domain_ablation,11,c27q0,0,1,1,0
proportional_domain_ablation,11,c27q1,0,4,4,56
proportional_domain_ablation,11,c27q2,8,13,5,288
proportional_domain_ablation,11,c27q3,10,5,-5,432
proportional_domain_ablation,11,c27q4,2,1,-1,168
proportional_domain_ablation,11,c28q0,0,3,3,0
proportional_domain_ablation,11,c28q1,85,145,60,3488
proportional_domain_ablation,11,c28q2,205,172,-33,9456
proportional_domain_ablation,11,c28q3,342,203,-139,14944
proportional_domain_ablation,11,c28q4,177,79,-98,7352
proportional_domain_ablation,11,c29q0,18,31,13,840
proportional_domain_ablation,11,c29q1,30,40,10,1224
proportional_domain_ablation,11,c29q2,80,93,13,3280
proportional_domain_ablation,11,c29q3,84,136,52,4128
proportional_domain_ablation,11,c29q4,83,42,-41,3664
proportional_domain_ablation,11,c30q0,0,1,1,0
proportional_domain_ablation,11,c30q1,10,15,5,896
proportional_domain_ablation,11,c30q2,82,61,-21,3664
proportional_domain_ablation,11,c30q3,300,155,-145,11096
proportional_domain_ablation,11,c30q4,480,285,-195,19664
proportional_domain_ablation,11,c31q0,0,2,2,0
proportional_domain_ablation,11,c31q1,0,10,10,16
proportional_domain_ablation,11,c31q2,3,22,19,64
proportional_domain_ablation,11,c31q3,2,15,13,104
proportional_domain_ablation,11,c31q4,2,5,3,56
proportional_domain_ablation,11,c32q0,7,24,17,280
proportional_domain_ablation,11,c32q1,40,135,95,1768
proportional_domain_ablation,11,c32q2,222,168,-54,10272
proportional_domain_ablation,11,c32q3,407,223,-184,17496
proportional_domain_ablation,11,c32q4,158,87,-71,6632
proportional_domain_ablation,11,c33q0,0,2,2,0
proportional_domain_ablation,11,c33q1,0,25,25,104
proportional_domain_ablation,11,c33q2,4,55,51,288
proportional_domain_ablation,11,c33q3,8,70,62,456
proportional_domain_ablation,11,c33q4,24,59,35,792
proportional_domain_ablation,11,c34q0,0,0,0,0
proportional_domain_ablation,11,c34q1,12,10,-2,288
proportional_domain_ablation,11,c34q2,19,14,-5,856
proportional_domain_ablation,11,c34q3,22,22,0,976
proportional_domain_ablation,11,c34q4,6,11,5,512
proportional_domain_ablation,11,c35q0,0,12,12,64
proportional_domain_ablation,11,c35q1,25,47,22,976
proportional_domain_ablation,11,c35q2,37,72,35,1544
proportional_domain_ablation,11,c35q3,27,47,20,1064
proportional_domain_ablation,11,c35q4,12,13,1,416
proportional_domain_ablation,11,c36q0,2,5,3,56
proportional_domain_ablation,11,c36q1,6,12,6,280
proportional_domain_ablation,11,c36q2,11,23,12,504
proportional_domain_ablation,11,c36q3,7,8,1,264
proportional_domain_ablation,11,c36q4,4,4,0,96
proportional_domain_ablation,11,c37q0,1,3,2,24
proportional_domain_ablation,11,c37q1,11,25,14,256
proportional_domain_ablation,11,c37q2,23,60,37,1008
proportional_domain_ablation,11,c37q3,35,94,59,1616
proportional_domain_ablation,11,c37q4,38,80,42,1360
proportional_domain_ablation,11,c38q0,22,38,16,808
proportional_domain_ablation,11,c38q1,40,74,34,2176
proportional_domain_ablation,11,c38q2,151,142,-9,6968
proportional_domain_ablation,11,c38q3,229,151,-78,8488
proportional_domain_ablation,11,c38q4,214,122,-92,8568
proportional_domain_ablation,11,c39q0,4,0,-4,120
proportional_domain_ablation,11,c39q1,38,19,-19,1520
proportional_domain_ablation,11,c39q2,184,113,-71,7728
proportional_domain_ablation,11,c39q3,104,32,-72,3800
proportional_domain_ablation,11,c39q4,77,36,-41,3640
proportional_domain_ablation,12,c00q0,0,1,1,0
proportional_domain_ablation,12,c00q1,4,29,25,280
proportional_domain_ablation,12,c00q2,19,95,76,1016
proportional_domain_ablation,12,c00q3,28,88,60,1104
proportional_domain_ablation,12,c00q4,10,48,38,640
proportional_domain_ablation,12,c01q0,26,43,17,896
proportional_domain_ablation,12,c01q1,31,55,24,1440
proportional_domain_ablation,12,c01q2,77,55,-22,3424
proportional_domain_ablation,12,c01q3,131,117,-14,5112
proportional_domain_ablation,12,c01q4,126,109,-17,5640
proportional_domain_ablation,12,c02q0,0,0,0,0
proportional_domain_ablation,12,c02q1,6,5,-1,328
proportional_domain_ablation,12,c02q2,28,21,-7,1128
proportional_domain_ablation,12,c02q3,38,18,-20,1608
proportional_domain_ablation,12,c02q4,45,23,-22,1600
proportional_domain_ablation,12,c03q0,16,15,-1,736
proportional_domain_ablation,12,c03q1,93,122,29,4680
proportional_domain_ablation,12,c03q2,93,91,-2,4744
proportional_domain_ablation,12,c03q3,159,92,-67,7280
proportional_domain_ablation,12,c03q4,101,57,-44,4720
proportional_domain_ablation,12,c04q0,0,0,0,0
proportional_domain_ablation,12,c04q1,1,14,13,16
proportional_domain_ablation,12,c04q2,13,33,20,696
proportional_domain_ablation,12,c04q3,13,15,2,416
proportional_domain_ablation,12,c04q4,5,2,-3,88
proportional_domain_ablation,12,c05q0,1,4,3,48
proportional_domain_ablation,12,c05q1,7,11,4,224
proportional_domain_ablation,12,c05q2,20,54,34,984
proportional_domain_ablation,12,c05q3,50,135,85,2336
proportional_domain_ablation,12,c05q4,30,80,50,1512
proportional_domain_ablation,12,c06q0,0,0,0,0
proportional_domain_ablation,12,c06q1,2,6,4,48
proportional_domain_ablation,12,c06q2,5,31,26,232
proportional_domain_ablation,12,c06q3,28,31,3,1088
proportional_domain_ablation,12,c06q4,18,28,10,896
proportional_domain_ablation,12,c07q0,1,15,14,56
proportional_domain_ablation,12,c07q1,24,39,15,880
proportional_domain_ablation,12,c07q2,59,34,-25,2160
proportional_domain_ablation,12,c07q3,38,25,-13,1896
proportional_domain_ablation,12,c07q4,14,5,-9,432
proportional_domain_ablation,12,c08q0,0,0,0,0
proportional_domain_ablation,12,c08q1,1,0,-1,24
proportional_domain_ablation,12,c08q2,6,14,8,192
proportional_domain_ablation,12,c08q3,5,22,17,288
proportional_domain_ablation,12,c08q4,11,12,1,416
proportional_domain_ablation,12,c09q0,0,3,3,0
proportional_domain_ablation,12,c09q1,3,12,9,56
proportional_domain_ablation,12,c09q2,2,18,16,144
proportional_domain_ablation,12,c09q3,3,22,19,208
proportional_domain_ablation,12,c09q4,2,2,0,48
proportional_domain_ablation,12,c10q0,0,5,5,16
proportional_domain_ablation,12,c10q1,9,33,24,208
proportional_domain_ablation,12,c10q2,4,27,23,336
proportional_domain_ablation,12,c10q3,6,20,14,272
proportional_domain_ablation,12,c10q4,2,7,5,104
proportional_domain_ablation,12,c11q0,0,6,6,40
proportional_domain_ablation,12,c11q1,10,18,8,472
proportional_domain_ablation,12,c11q2,30,51,21,1168
proportional_domain_ablation,12,c11q3,33,35,2,1000
proportional_domain_ablation,12,c11q4,7,9,2,296
proportional_domain_ablation,12,c12q0,3,0,-3,88
proportional_domain_ablation,12,c12q1,35,0,-35,1432
proportional_domain_ablation,12,c12q2,83,0,-83,3248
proportional_domain_ablation,12,c12q3,63,0,-63,3368
proportional_domain_ablation,12,c12q4,29,0,-29,920
proportional_domain_ablation,12,c13q0,0,1,1,0
proportional_domain_ablation,12,c13q1,4,19,15,384
proportional_domain_ablation,12,c13q2,15,44,29,1056
proportional_domain_ablation,12,c13q3,63,104,41,2536
proportional_domain_ablation,12,c13q4,22,42,20,1176
proportional_domain_ablation,12,c14q0,4,31,27,328
proportional_domain_ablation,12,c14q1,119,216,97,4400
proportional_domain_ablation,12,c14q2,256,200,-56,12048
proportional_domain_ablation,12,c14q3,271,174,-97,11680
proportional_domain_ablation,12,c14q4,60,28,-32,2400
proportional_domain_ablation,12,c15q0,0,2,2,0
proportional_domain_ablation,12,c15q1,0,16,16,24
proportional_domain_ablation,12,c15q2,1,47,46,64
proportional_domain_ablation,12,c15q3,1,42,41,64
proportional_domain_ablation,12,c15q4,3,13,10,192
proportional_domain_ablation,12,c16q0,4,2,-2,136
proportional_domain_ablation,12,c16q1,21,18,-3,568
proportional_domain_ablation,12,c16q2,34,41,7,1304
proportional_domain_ablation,12,c16q3,35,56,21,1504
proportional_domain_ablation,12,c16q4,17,13,-4,600
proportional_domain_ablation,12,c17q0,33,22,-11,1552
proportional_domain_ablation,12,c17q1,96,53,-43,3800
proportional_domain_ablation,12,c17q2,158,110,-48,6392
proportional_domain_ablation,12,c17q3,110,74,-36,4952
proportional_domain_ablation,12,c17q4,40,24,-16,1328
proportional_domain_ablation,12,c18q0,2,4,2,88
proportional_domain_ablation,12,c18q1,12,27,15,704
proportional_domain_ablation,12,c18q2,26,42,16,1224
proportional_domain_ablation,12,c18q3,11,19,8,608
proportional_domain_ablation,12,c18q4,3,4,1,352
proportional_domain_ablation,12,c19q0,0,6,6,0
proportional_domain_ablation,12,c19q1,0,22,22,24
proportional_domain_ablation,12,c19q2,13,48,35,608
proportional_domain_ablation,12,c19q3,13,20,7,448
proportional_domain_ablation,12,c19q4,4,6,2,152
proportional_domain_ablation,12,c20q0,0,3,3,40
proportional_domain_ablation,12,c20q1,32,36,4,968
proportional_domain_ablation,12,c20q2,58,59,1,2440
proportional_domain_ablation,12,c20q3,33,32,-1,1496
proportional_domain_ablation,12,c20q4,40,16,-24,1848
proportional_domain_ablation,12,c21q0,7,2,-5,208
proportional_domain_ablation,12,c21q1,43,21,-22,1664
proportional_domain_ablation,12,c21q2,102,63,-39,4872
proportional_domain_ablation,12,c21q3,137,92,-45,5728
proportional_domain_ablation,12,c21q4,58,41,-17,2336
proportional_domain_ablation,12,c22q0,0,0,0,0
proportional_domain_ablation,12,c22q1,3,3,0,104
proportional_domain_ablation,12,c22q2,17,11,-6,824
proportional_domain_ablation,12,c22q3,30,15,-15,1456
proportional_domain_ablation,12,c22q4,7,10,3,504
proportional_domain_ablation,12,c23q0,4,13,9,248
proportional_domain_ablation,12,c23q1,41,41,0,1800
proportional_domain_ablation,12,c23q2,91,82,-9,3560
proportional_domain_ablation,12,c23q3,123,89,-34,4472
proportional_domain_ablation,12,c23q4,84,38,-46,3304
proportional_domain_ablation,12,c24q0,11,14,3,640
proportional_domain_ablation,12,c24q1,68,40,-28,2800
proportional_domain_ablation,12,c24q2,120,90,-30,5048
proportional_domain_ablation,12,c24q3,89,50,-39,3488
proportional_domain_ablation,12,c24q4,32,35,3,1744
proportional_domain_ablation,12,c25q0,47,35,-12,1816
proportional_domain_ablation,12,c25q1,126,90,-36,5208
proportional_domain_ablation,12,c25q2,183,136,-47,7928
proportional_domain_ablation,12,c25q3,137,98,-39,5368
proportional_domain_ablation,12,c25q4,40,28,-12,2200
proportional_domain_ablation,12,c26q0,0,16,16,0
proportional_domain_ablation,12,c26q1,1,50,49,16
proportional_domain_ablation,12,c26q2,14,140,126,552
proportional_domain_ablation,12,c26q3,20,198,178,928
proportional_domain_ablation,12,c26q4,26,282,256,1240
proportional_domain_ablation,12,c27q0,0,0,0,0
proportional_domain_ablation,12,c27q1,0,3,3,56
proportional_domain_ablation,12,c27q2,8,11,3,288
proportional_domain_ablation,12,c27q3,10,4,-6,432
proportional_domain_ablation,12,c27q4,2,2,0,168
proportional_domain_ablation,12,c28q0,0,2,2,0
proportional_domain_ablation,12,c28q1,85,152,67,3488
proportional_domain_ablation,12,c28q2,205,165,-40,9456
proportional_domain_ablation,12,c28q3,342,213,-129,14944
proportional_domain_ablation,12,c28q4,177,79,-98,7352
proportional_domain_ablation,12,c29q0,18,19,1,840
proportional_domain_ablation,12,c29q1,30,46,16,1224
proportional_domain_ablation,12,c29q2,80,92,12,3280
proportional_domain_ablation,12,c29q3,84,141,57,4128
proportional_domain_ablation,12,c29q4,83,38,-45,3664
proportional_domain_ablation,12,c30q0,0,2,2,0
proportional_domain_ablation,12,c30q1,10,18,8,896
proportional_domain_ablation,12,c30q2,82,63,-19,3664
proportional_domain_ablation,12,c30q3,300,153,-147,11096
proportional_domain_ablation,12,c30q4,480,289,-191,19664
proportional_domain_ablation,12,c31q0,0,1,1,0
proportional_domain_ablation,12,c31q1,0,7,7,16
proportional_domain_ablation,12,c31q2,3,23,20,64
proportional_domain_ablation,12,c31q3,2,17,15,104
proportional_domain_ablation,12,c31q4,2,8,6,56
proportional_domain_ablation,12,c32q0,7,21,14,280
proportional_domain_ablation,12,c32q1,40,138,98,1768
proportional_domain_ablation,12,c32q2,222,171,-51,10272
proportional_domain_ablation,12,c32q3,407,221,-186,17496
proportional_domain_ablation,12,c32q4,158,84,-74,6632
proportional_domain_ablation,12,c33q0,0,4,4,0
proportional_domain_ablation,12,c33q1,0,26,26,104
proportional_domain_ablation,12,c33q2,4,59,55,288
proportional_domain_ablation,12,c33q3,8,62,54,456
proportional_domain_ablation,12,c33q4,24,68,44,792
proportional_domain_ablation,12,c34q0,0,1,1,0
proportional_domain_ablation,12,c34q1,12,2,-10,288
proportional_domain_ablation,12,c34q2,19,19,0,856
proportional_domain_ablation,12,c34q3,22,20,-2,976
proportional_domain_ablation,12,c34q4,6,9,3,512
proportional_domain_ablation,12,c35q0,0,14,14,64
proportional_domain_ablation,12,c35q1,25,47,22,976
proportional_domain_ablation,12,c35q2,37,73,36,1544
proportional_domain_ablation,12,c35q3,27,47,20,1064
proportional_domain_ablation,12,c35q4,12,14,2,416
proportional_domain_ablation,12,c36q0,2,4,2,56
proportional_domain_ablation,12,c36q1,6,15,9,280
proportional_domain_ablation,12,c36q2,11,21,10,504
proportional_domain_ablation,12,c36q3,7,11,4,264
proportional_domain_ablation,12,c36q4,4,3,-1,96
proportional_domain_ablation,12,c37q0,1,4,3,24
proportional_domain_ablation,12,c37q1,11,22,11,256
proportional_domain_ablation,12,c37q2,23,63,40,1008
proportional_domain_ablation,12,c37q3,35,91,56,1616
proportional_domain_ablation,12,c37q4,38,81,43,1360
proportional_domain_ablation,12,c38q0,22,37,15,808
proportional_domain_ablation,12,c38q1,40,75,35,2176
proportional_domain_ablation,12,c38q2,151,147,-4,6968
proportional_domain_ablation,12,c38q3,229,149,-80,8488
proportional_domain_ablation,12,c38q4,214,122,-92,8568
proportional_domain_ablation,12,c39q0,4,2,-2,120
proportional_domain_ablation,12,c39q1,38,19,-19,1520
proportional_domain_ablation,12,c39q2,184,111,-73,7728
proportional_domain_ablation,12,c39q3,104,34,-70,3800
proportional_domain_ablation,12,c39q4,77,36,-41,3640
proportional_domain_ablation,13,c00q0,0,1,1,0
proportional_domain_ablation,13,c00q1,4,30,26,280
proportional_domain_ablation,13,c00q2,19,95,76,1016
proportional_domain_ablation,13,c00q3,28,88,60,1104
proportional_domain_ablation,13,c00q4,10,48,38,640
proportional_domain_ablation,13,c01q0,26,46,20,896
proportional_domain_ablation,13,c01q1,31,54,23,1440
proportional_domain_ablation,13,c01q2,77,55,-22,3424
proportional_domain_ablation,13,c01q3,131,123,-8,5112
proportional_domain_ablation,13,c01q4,126,104,-22,5640
proportional_domain_ablation,13,c02q0,0,1,1,0
proportional_domain_ablation,13,c02q1,6,6,0,328
proportional_domain_ablation,13,c02q2,28,18,-10,1128
proportional_domain_ablation,13,c02q3,38,19,-19,1608
proportional_domain_ablation,13,c02q4,45,24,-21,1600
proportional_domain_ablation,13,c03q0,16,17,1,736
proportional_domain_ablation,13,c03q1,93,120,27,4680
proportional_domain_ablation,13,c03q2,93,90,-3,4744
proportional_domain_ablation,13,c03q3,159,98,-61,7280
proportional_domain_ablation,13,c03q4,101,57,-44,4720
proportional_domain_ablation,13,c04q0,0,2,2,0
proportional_domain_ablation,13,c04q1,1,11,10,16
proportional_domain_ablation,13,c04q2,13,30,17,696
proportional_domain_ablation,13,c04q3,13,17,4,416
proportional_domain_ablation,13,c04q4,5,1,-4,88
proportional_domain_ablation,13,c05q0,1,4,3,48
proportional_domain_ablation,13,c05q1,7,14,7,224
proportional_domain_ablation,13,c05q2,20,59,39,984
proportional_domain_ablation,13,c05q3,50,136,86,2336
proportional_domain_ablation,13,c05q4,30,80,50,1512
proportional_domain_ablation,13,c06q0,0,0,0,0
proportional_domain_ablation,13,c06q1,2,5,3,48
proportional_domain_ablation,13,c06q2,5,33,28,232
proportional_domain_ablation,13,c06q3,28,32,4,1088
proportional_domain_ablation,13,c06q4,18,22,4,896
proportional_domain_ablation,13,c07q0,1,20,19,56
proportional_domain_ablation,13,c07q1,24,34,10,880
proportional_domain_ablation,13,c07q2,59,36,-23,2160
proportional_domain_ablation,13,c07q3,38,19,-19,1896
proportional_domain_ablation,13,c07q4,14,6,-8,432
proportional_domain_ablation,13,c08q0,0,0,0,0
proportional_domain_ablation,13,c08q1,1,4,3,24
proportional_domain_ablation,13,c08q2,6,15,9,192
proportional_domain_ablation,13,c08q3,5,29,24,288
proportional_domain_ablation,13,c08q4,11,6,-5,416
proportional_domain_ablation,13,c09q0,0,0,0,0
proportional_domain_ablation,13,c09q1,3,7,4,56
proportional_domain_ablation,13,c09q2,2,28,26,144
proportional_domain_ablation,13,c09q3,3,21,18,208
proportional_domain_ablation,13,c09q4,2,2,0,48
proportional_domain_ablation,13,c10q0,0,6,6,16
proportional_domain_ablation,13,c10q1,9,29,20,208
proportional_domain_ablation,13,c10q2,4,31,27,336
proportional_domain_ablation,13,c10q3,6,20,14,272
proportional_domain_ablation,13,c10q4,2,9,7,104
proportional_domain_ablation,13,c11q0,0,3,3,40
proportional_domain_ablation,13,c11q1,10,28,18,472
proportional_domain_ablation,13,c11q2,30,47,17,1168
proportional_domain_ablation,13,c11q3,33,32,-1,1000
proportional_domain_ablation,13,c11q4,7,9,2,296
proportional_domain_ablation,13,c12q0,3,1,-2,88
proportional_domain_ablation,13,c12q1,35,25,-10,1432
proportional_domain_ablation,13,c12q2,83,41,-42,3248
proportional_domain_ablation,13,c12q3,63,49,-14,3368
proportional_domain_ablation,13,c12q4,29,15,-14,920
proportional_domain_ablation,13,c13q0,0,0,0,0
proportional_domain_ablation,13,c13q1,4,0,-4,384
proportional_domain_ablation,13,c13q2,15,0,-15,1056
proportional_domain_ablation,13,c13q3,63,0,-63,2536
proportional_domain_ablation,13,c13q4,22,0,-22,1176
proportional_domain_ablation,13,c14q0,4,25,21,328
proportional_domain_ablation,13,c14q1,119,219,100,4400
proportional_domain_ablation,13,c14q2,256,197,-59,12048
proportional_domain_ablation,13,c14q3,271,179,-92,11680
proportional_domain_ablation,13,c14q4,60,31,-29,2400
proportional_domain_ablation,13,c15q0,0,3,3,0
proportional_domain_ablation,13,c15q1,0,19,19,24
proportional_domain_ablation,13,c15q2,1,39,38,64
proportional_domain_ablation,13,c15q3,1,34,33,64
proportional_domain_ablation,13,c15q4,3,22,19,192
proportional_domain_ablation,13,c16q0,4,8,4,136
proportional_domain_ablation,13,c16q1,21,24,3,568
proportional_domain_ablation,13,c16q2,34,33,-1,1304
proportional_domain_ablation,13,c16q3,35,43,8,1504
proportional_domain_ablation,13,c16q4,17,19,2,600
proportional_domain_ablation,13,c17q0,33,27,-6,1552
proportional_domain_ablation,13,c17q1,96,65,-31,3800
proportional_domain_ablation,13,c17q2,158,105,-53,6392
proportional_domain_ablation,13,c17q3,110,76,-34,4952
proportional_domain_ablation,13,c17q4,40,20,-20,1328
proportional_domain_ablation,13,c18q0,2,3,1,88
proportional_domain_ablation,13,c18q1,12,27,15,704
proportional_domain_ablation,13,c18q2,26,50,24,1224
proportional_domain_ablation,13,c18q3,11,16,5,608
proportional_domain_ablation,13,c18q4,3,5,2,352
proportional_domain_ablation,13,c19q0,0,1,1,0
proportional_domain_ablation,13,c19q1,0,27,27,24
proportional_domain_ablation,13,c19q2,13,40,27,608
proportional_domain_ablation,13,c19q3,13,27,14,448
proportional_domain_ablation,13,c19q4,4,6,2,152
proportional_domain_ablation,13,c20q0,0,2,2,40
proportional_domain_ablation,13,c20q1,32,41,9,968
proportional_domain_ablation,13,c20q2,58,50,-8,2440
proportional_domain_ablation,13,c20q3,33,38,5,1496
proportional_domain_ablation,13,c20q4,40,19,-21,1848
proportional_domain_ablation,13,c21q0,7,4,-3,208
proportional_domain_ablation,13,c21q1,43,24,-19,1664
proportional_domain_ablation,13,c21q2,102,56,-46,4872
proportional_domain_ablation,13,c21q3,137,83,-54,5728
proportional_domain_ablation,13,c21q4,58,39,-19,2336
proportional_domain_ablation,13,c22q0,0,0,0,0
proportional_domain_ablation,13,c22q1,3,3,0,104
proportional_domain_ablation,13,c22q2,17,12,-5,824
proportional_domain_ablation,13,c22q3,30,19,-11,1456
proportional_domain_ablation,13,c22q4,7,9,2,504
proportional_domain_ablation,13,c23q0,4,16,12,248
proportional_domain_ablation,13,c23q1,41,47,6,1800
proportional_domain_ablation,13,c23q2,91,77,-14,3560
proportional_domain_ablation,13,c23q3,123,86,-37,4472
proportional_domain_ablation,13,c23q4,84,47,-37,3304
proportional_domain_ablation,13,c24q0,11,11,0,640
proportional_domain_ablation,13,c24q1,68,50,-18,2800
proportional_domain_ablation,13,c24q2,120,83,-37,5048
proportional_domain_ablation,13,c24q3,89,56,-33,3488
proportional_domain_ablation,13,c24q4,32,24,-8,1744
proportional_domain_ablation,13,c25q0,47,39,-8,1816
proportional_domain_ablation,13,c25q1,126,98,-28,5208
proportional_domain_ablation,13,c25q2,183,131,-52,7928
proportional_domain_ablation,13,c25q3,137,97,-40,5368
proportional_domain_ablation,13,c25q4,40,25,-15,2200
proportional_domain_ablation,13,c26q0,0,13,13,0
proportional_domain_ablation,13,c26q1,1,67,66,16
proportional_domain_ablation,13,c26q2,14,132,118,552
proportional_domain_ablation,13,c26q3,20,215,195,928
proportional_domain_ablation,13,c26q4,26,282,256,1240
proportional_domain_ablation,13,c27q0,0,0,0,0
proportional_domain_ablation,13,c27q1,0,5,5,56
proportional_domain_ablation,13,c27q2,8,7,-1,288
proportional_domain_ablation,13,c27q3,10,4,-6,432
proportional_domain_ablation,13,c27q4,2,0,-2,168
proportional_domain_ablation,13,c28q0,0,2,2,0
proportional_domain_ablation,13,c28q1,85,149,64,3488
proportional_domain_ablation,13,c28q2,205,167,-38,9456
proportional_domain_ablation,13,c28q3,342,210,-132,14944
proportional_domain_ablation,13,c28q4,177,89,-88,7352
proportional_domain_ablation,13,c29q0,18,22,4,840
proportional_domain_ablation,13,c29q1,30,30,0,1224
proportional_domain_ablation,13,c29q2,80,103,23,3280
proportional_domain_ablation,13,c29q3,84,131,47,4128
proportional_domain_ablation,13,c29q4,83,45,-38,3664
proportional_domain_ablation,13,c30q0,0,1,1,0
proportional_domain_ablation,13,c30q1,10,20,10,896
proportional_domain_ablation,13,c30q2,82,63,-19,3664
proportional_domain_ablation,13,c30q3,300,156,-144,11096
proportional_domain_ablation,13,c30q4,480,294,-186,19664
proportional_domain_ablation,13,c31q0,0,1,1,0
proportional_domain_ablation,13,c31q1,0,8,8,16
proportional_domain_ablation,13,c31q2,3,17,14,64
proportional_domain_ablation,13,c31q3,2,21,19,104
proportional_domain_ablation,13,c31q4,2,6,4,56
proportional_domain_ablation,13,c32q0,7,30,23,280
proportional_domain_ablation,13,c32q1,40,132,92,1768
proportional_domain_ablation,13,c32q2,222,174,-48,10272
proportional_domain_ablation,13,c32q3,407,224,-183,17496
proportional_domain_ablation,13,c32q4,158,81,-77,6632
proportional_domain_ablation,13,c33q0,0,3,3,0
proportional_domain_ablation,13,c33q1,0,28,28,104
proportional_domain_ablation,13,c33q2,4,62,58,288
proportional_domain_ablation,13,c33q3,8,56,48,456
proportional_domain_ablation,13,c33q4,24,76,52,792
proportional_domain_ablation,13,c34q0,0,0,0,0
proportional_domain_ablation,13,c34q1,12,3,-9,288
proportional_domain_ablation,13,c34q2,19,15,-4,856
proportional_domain_ablation,13,c34q3,22,19,-3,976
proportional_domain_ablation,13,c34q4,6,13,7,512
proportional_domain_ablation,13,c35q0,0,12,12,64
proportional_domain_ablation,13,c35q1,25,49,24,976
proportional_domain_ablation,13,c35q2,37,70,33,1544
proportional_domain_ablation,13,c35q3,27,50,23,1064
proportional_domain_ablation,13,c35q4,12,12,0,416
proportional_domain_ablation,13,c36q0,2,5,3,56
proportional_domain_ablation,13,c36q1,6,21,15,280
proportional_domain_ablation,13,c36q2,11,21,10,504
proportional_domain_ablation,13,c36q3,7,11,4,264
proportional_domain_ablation,13,c36q4,4,3,-1,96
proportional_domain_ablation,13,c37q0,1,3,2,24
proportional_domain_ablation,13,c37q1,11,19,8,256
proportional_domain_ablation,13,c37q2,23,66,43,1008
proportional_domain_ablation,13,c37q3,35,89,54,1616
proportional_domain_ablation,13,c37q4,38,81,43,1360
proportional_domain_ablation,13,c38q0,22,39,17,808
proportional_domain_ablation,13,c38q1,40,75,35,2176
proportional_domain_ablation,13,c38q2,151,150,-1,6968
proportional_domain_ablation,13,c38q3,229,150,-79,8488
proportional_domain_ablation,13,c38q4,214,122,-92,8568
proportional_domain_ablation,13,c39q0,4,2,-2,120
proportional_domain_ablation,13,c39q1,38,21,-17,1520
proportional_domain_ablation,13,c39q2,184,109,-75,7728
proportional_domain_ablation,13,c39q3,104,35,-69,3800
proportional_domain_ablation,13,c39q4,77,37,-40,3640
proportional_domain_ablation,14,c00q0,0,1,1,0
proportional_domain_ablation,14,c00q1,4,32,28,280
proportional_domain_ablation,14,c00q2,19,100,81,1016
proportional_domain_ablation,14,c00q3,28,88,60,1104
proportional_domain_ablation,14,c00q4,10,55,45,640
proportional_domain_ablation,14,c01q0,26,51,25,896
proportional_domain_ablation,14,c01q1,31,45,14,1440
proportional_domain_ablation,14,c01q2,77,74,-3,3424
proportional_domain_ablation,14,c01q3,131,124,-7,5112
proportional_domain_ablation,14,c01q4,126,104,-22,5640
proportional_domain_ablation,14,c02q0,0,1,1,0
proportional_domain_ablation,14,c02q1,6,3,-3,328
proportional_domain_ablation,14,c02q2,28,17,-11,1128
proportional_domain_ablation,14,c02q3,38,21,-17,1608
proportional_domain_ablation,14,c02q4,45,23,-22,1600
proportional_domain_ablation,14,c03q0,16,21,5,736
proportional_domain_ablation,14,c03q1,93,126,33,4680
proportional_domain_ablation,14,c03q2,93,90,-3,4744
proportional_domain_ablation,14,c03q3,159,110,-49,7280
proportional_domain_ablation,14,c03q4,101,56,-45,4720
proportional_domain_ablation,14,c04q0,0,2,2,0
proportional_domain_ablation,14,c04q1,1,9,8,16
proportional_domain_ablation,14,c04q2,13,33,20,696
proportional_domain_ablation,14,c04q3,13,23,10,416
proportional_domain_ablation,14,c04q4,5,4,-1,88
proportional_domain_ablation,14,c05q0,1,3,2,48
proportional_domain_ablation,14,c05q1,7,16,9,224
proportional_domain_ablation,14,c05q2,20,66,46,984
proportional_domain_ablation,14,c05q3,50,129,79,2336
proportional_domain_ablation,14,c05q4,30,98,68,1512
proportional_domain_ablation,14,c06q0,0,1,1,0
proportional_domain_ablation,14,c06q1,2,7,5,48
proportional_domain_ablation,14,c06q2,5,27,22,232
proportional_domain_ablation,14,c06q3,28,31,3,1088
proportional_domain_ablation,14,c06q4,18,27,9,896
proportional_domain_ablation,14,c07q0,1,13,12,56
proportional_domain_ablation,14,c07q1,24,28,4,880
proportional_domain_ablation,14,c07q2,59,42,-17,2160
proportional_domain_ablation,14,c07q3,38,18,-20,1896
proportional_domain_ablation,14,c07q4,14,3,-11,432
proportional_domain_ablation,14,c08q0,0,0,0,0
proportional_domain_ablation,14,c08q1,1,2,1,24
proportional_domain_ablation,14,c08q2,6,22,16,192
proportional_domain_ablation,14,c08q3,5,27,22,288
proportional_domain_ablation,14,c08q4,11,7,-4,416
proportional_domain_ablation,14,c09q0,0,1,1,0
proportional_domain_ablation,14,c09q1,3,16,13,56
proportional_domain_ablation,14,c09q2,2,19,17,144
proportional_domain_ablation,14,c09q3,3,20,17,208
proportional_domain_ablation,14,c09q4,2,4,2,48
proportional_domain_ablation,14,c10q0,0,6,6,16
proportional_domain_ablation,14,c10q1,9,42,33,208
proportional_domain_ablation,14,c10q2,4,46,42,336
proportional_domain_ablation,14,c10q3,6,20,14,272
proportional_domain_ablation,14,c10q4,2,11,9,104
proportional_domain_ablation,14,c11q0,0,1,1,40
proportional_domain_ablation,14,c11q1,10,17,7,472
proportional_domain_ablation,14,c11q2,30,38,8,1168
proportional_domain_ablation,14,c11q3,33,23,-10,1000
proportional_domain_ablation,14,c11q4,7,4,-3,296
proportional_domain_ablation,14,c12q0,3,3,0,88
proportional_domain_ablation,14,c12q1,35,26,-9,1432
proportional_domain_ablation,14,c12q2,83,66,-17,3248
proportional_domain_ablation,14,c12q3,63,56,-7,3368
proportional_domain_ablation,14,c12q4,29,16,-13,920
proportional_domain_ablation,14,c13q0,0,0,0,0
proportional_domain_ablation,14,c13q1,4,18,14,384
proportional_domain_ablation,14,c13q2,15,59,44,1056
proportional_domain_ablation,14,c13q3,63,121,58,2536
proportional_domain_ablation,14,c13q4,22,47,25,1176
proportional_domain_ablation,14,c14q0,4,0,-4,328
proportional_domain_ablation,14,c14q1,119,0,-119,4400
proportional_domain_ablation,14,c14q2,256,0,-256,12048
proportional_domain_ablation,14,c14q3,271,0,-271,11680
proportional_domain_ablation,14,c14q4,60,0,-60,2400
proportional_domain_ablation,14,c15q0,0,1,1,0
proportional_domain_ablation,14,c15q1,0,19,19,24
proportional_domain_ablation,14,c15q2,1,45,44,64
proportional_domain_ablation,14,c15q3,1,47,46,64
proportional_domain_ablation,14,c15q4,3,21,18,192
proportional_domain_ablation,14,c16q0,4,7,3,136
proportional_domain_ablation,14,c16q1,21,18,-3,568
proportional_domain_ablation,14,c16q2,34,43,9,1304
proportional_domain_ablation,14,c16q3,35,49,14,1504
proportional_domain_ablation,14,c16q4,17,16,-1,600
proportional_domain_ablation,14,c17q0,33,27,-6,1552
proportional_domain_ablation,14,c17q1,96,69,-27,3800
proportional_domain_ablation,14,c17q2,158,114,-44,6392
proportional_domain_ablation,14,c17q3,110,80,-30,4952
proportional_domain_ablation,14,c17q4,40,21,-19,1328
proportional_domain_ablation,14,c18q0,2,9,7,88
proportional_domain_ablation,14,c18q1,12,33,21,704
proportional_domain_ablation,14,c18q2,26,40,14,1224
proportional_domain_ablation,14,c18q3,11,14,3,608
proportional_domain_ablation,14,c18q4,3,6,3,352
proportional_domain_ablation,14,c19q0,0,7,7,0
proportional_domain_ablation,14,c19q1,0,31,31,24
proportional_domain_ablation,14,c19q2,13,46,33,608
proportional_domain_ablation,14,c19q3,13,28,15,448
proportional_domain_ablation,14,c19q4,4,5,1,152
proportional_domain_ablation,14,c20q0,0,1,1,40
proportional_domain_ablation,14,c20q1,32,43,11,968
proportional_domain_ablation,14,c20q2,58,58,0,2440
proportional_domain_ablation,14,c20q3,33,32,-1,1496
proportional_domain_ablation,14,c20q4,40,15,-25,1848
proportional_domain_ablation,14,c21q0,7,7,0,208
proportional_domain_ablation,14,c21q1,43,24,-19,1664
proportional_domain_ablation,14,c21q2,102,69,-33,4872
proportional_domain_ablation,14,c21q3,137,82,-55,5728
proportional_domain_ablation,14,c21q4,58,41,-17,2336
proportional_domain_ablation,14,c22q0,0,0,0,0
proportional_domain_ablation,14,c22q1,3,3,0,104
proportional_domain_ablation,14,c22q2,17,14,-3,824
proportional_domain_ablation,14,c22q3,30,13,-17,1456
proportional_domain_ablation,14,c22q4,7,9,2,504
proportional_domain_ablation,14,c23q0,4,10,6,248
proportional_domain_ablation,14,c23q1,41,41,0,1800
proportional_domain_ablation,14,c23q2,91,65,-26,3560
proportional_domain_ablation,14,c23q3,123,102,-21,4472
proportional_domain_ablation,14,c23q4,84,49,-35,3304
proportional_domain_ablation,14,c24q0,11,12,1,640
proportional_domain_ablation,14,c24q1,68,50,-18,2800
proportional_domain_ablation,14,c24q2,120,105,-15,5048
proportional_domain_ablation,14,c24q3,89,58,-31,3488
proportional_domain_ablation,14,c24q4,32,35,3,1744
proportional_domain_ablation,14,c25q0,47,37,-10,1816
proportional_domain_ablation,14,c25q1,126,93,-33,5208
proportional_domain_ablation,14,c25q2,183,145,-38,7928
proportional_domain_ablation,14,c25q3,137,99,-38,5368
proportional_domain_ablation,14,c25q4,40,21,-19,2200
proportional_domain_ablation,14,c26q0,0,21,21,0
proportional_domain_ablation,14,c26q1,1,51,50,16
proportional_domain_ablation,14,c26q2,14,162,148,552
proportional_domain_ablation,14,c26q3,20,220,200,928
proportional_domain_ablation,14,c26q4,26,284,258,1240
proportional_domain_ablation,14,c27q0,0,0,0,0
proportional_domain_ablation,14,c27q1,0,3,3,56
proportional_domain_ablation,14,c27q2,8,15,7,288
proportional_domain_ablation,14,c27q3,10,10,0,432
proportional_domain_ablation,14,c27q4,2,1,-1,168
proportional_domain_ablation,14,c28q0,0,7,7,0
proportional_domain_ablation,14,c28q1,85,148,63,3488
proportional_domain_ablation,14,c28q2,205,165,-40,9456
proportional_domain_ablation,14,c28q3,342,242,-100,14944
proportional_domain_ablation,14,c28q4,177,95,-82,7352
proportional_domain_ablation,14,c29q0,18,24,6,840
proportional_domain_ablation,14,c29q1,30,39,9,1224
proportional_domain_ablation,14,c29q2,80,74,-6,3280
proportional_domain_ablation,14,c29q3,84,125,41,4128
proportional_domain_ablation,14,c29q4,83,40,-43,3664
proportional_domain_ablation,14,c30q0,0,1,1,0
proportional_domain_ablation,14,c30q1,10,18,8,896
proportional_domain_ablation,14,c30q2,82,71,-11,3664
proportional_domain_ablation,14,c30q3,300,191,-109,11096
proportional_domain_ablation,14,c30q4,480,291,-189,19664
proportional_domain_ablation,14,c31q0,0,0,0,0
proportional_domain_ablation,14,c31q1,0,11,11,16
proportional_domain_ablation,14,c31q2,3,19,16,64
proportional_domain_ablation,14,c31q3,2,22,20,104
proportional_domain_ablation,14,c31q4,2,9,7,56
proportional_domain_ablation,14,c32q0,7,30,23,280
proportional_domain_ablation,14,c32q1,40,155,115,1768
proportional_domain_ablation,14,c32q2,222,159,-63,10272
proportional_domain_ablation,14,c32q3,407,251,-156,17496
proportional_domain_ablation,14,c32q4,158,83,-75,6632
proportional_domain_ablation,14,c33q0,0,1,1,0
proportional_domain_ablation,14,c33q1,0,25,25,104
proportional_domain_ablation,14,c33q2,4,64,60,288
proportional_domain_ablation,14,c33q3,8,76,68,456
proportional_domain_ablation,14,c33q4,24,68,44,792
proportional_domain_ablation,14,c34q0,0,1,1,0
proportional_domain_ablation,14,c34q1,12,10,-2,288
proportional_domain_ablation,14,c34q2,19,16,-3,856
proportional_domain_ablation,14,c34q3,22,19,-3,976
proportional_domain_ablation,14,c34q4,6,4,-2,512
proportional_domain_ablation,14,c35q0,0,10,10,64
proportional_domain_ablation,14,c35q1,25,49,24,976
proportional_domain_ablation,14,c35q2,37,73,36,1544
proportional_domain_ablation,14,c35q3,27,50,23,1064
proportional_domain_ablation,14,c35q4,12,16,4,416
proportional_domain_ablation,14,c36q0,2,5,3,56
proportional_domain_ablation,14,c36q1,6,20,14,280
proportional_domain_ablation,14,c36q2,11,32,21,504
proportional_domain_ablation,14,c36q3,7,17,10,264
proportional_domain_ablation,14,c36q4,4,5,1,96
proportional_domain_ablation,14,c37q0,1,2,1,24
proportional_domain_ablation,14,c37q1,11,22,11,256
proportional_domain_ablation,14,c37q2,23,56,33,1008
proportional_domain_ablation,14,c37q3,35,91,56,1616
proportional_domain_ablation,14,c37q4,38,81,43,1360
proportional_domain_ablation,14,c38q0,22,37,15,808
proportional_domain_ablation,14,c38q1,40,84,44,2176
proportional_domain_ablation,14,c38q2,151,161,10,6968
proportional_domain_ablation,14,c38q3,229,156,-73,8488
proportional_domain_ablation,14,c38q4,214,128,-86,8568
proportional_domain_ablation,14,c39q0,4,2,-2,120
proportional_domain_ablation,14,c39q1,38,20,-18,1520
proportional_domain_ablation,14,c39q2,184,112,-72,7728
proportional_domain_ablation,14,c39q3,104,38,-66,3800
proportional_domain_ablation,14,c39q4,77,39,-38,3640
proportional_domain_ablation,15,c00q0,0,1,1,0
proportional_domain_ablation,15,c00q1,4,29,25,280
proportional_domain_ablation,15,c00q2,19,93,74,1016
proportional_domain_ablation,15,c00q3,28,88,60,1104
proportional_domain_ablation,15,c00q4,10,49,39,640
proportional_domain_ablation,15,c01q0,26,43,17,896
proportional_domain_ablation,15,c01q1,31,55,24,1440
proportional_domain_ablation,15,c01q2,77,53,-24,3424
proportional_domain_ablation,15,c01q3,131,119,-12,5112
proportional_domain_ablation,15,c01q4,126,109,-17,5640
proportional_domain_ablation,15,c02q0,0,0,0,0
proportional_domain_ablation,15,c02q1,6,4,-2,328
proportional_domain_ablation,15,c02q2,28,19,-9,1128
proportional_domain_ablation,15,c02q3,38,19,-19,1608
proportional_domain_ablation,15,c02q4,45,22,-23,1600
proportional_domain_ablation,15,c03q0,16,18,2,736
proportional_domain_ablation,15,c03q1,93,121,28,4680
proportional_domain_ablation,15,c03q2,93,91,-2,4744
proportional_domain_ablation,15,c03q3,159,92,-67,7280
proportional_domain_ablation,15,c03q4,101,56,-45,4720
proportional_domain_ablation,15,c04q0,0,0,0,0
proportional_domain_ablation,15,c04q1,1,12,11,16
proportional_domain_ablation,15,c04q2,13,32,19,696
proportional_domain_ablation,15,c04q3,13,17,4,416
proportional_domain_ablation,15,c04q4,5,4,-1,88
proportional_domain_ablation,15,c05q0,1,1,0,48
proportional_domain_ablation,15,c05q1,7,10,3,224
proportional_domain_ablation,15,c05q2,20,58,38,984
proportional_domain_ablation,15,c05q3,50,128,78,2336
proportional_domain_ablation,15,c05q4,30,84,54,1512
proportional_domain_ablation,15,c06q0,0,0,0,0
proportional_domain_ablation,15,c06q1,2,4,2,48
proportional_domain_ablation,15,c06q2,5,28,23,232
proportional_domain_ablation,15,c06q3,28,38,10,1088
proportional_domain_ablation,15,c06q4,18,22,4,896
proportional_domain_ablation,15,c07q0,1,18,17,56
proportional_domain_ablation,15,c07q1,24,37,13,880
proportional_domain_ablation,15,c07q2,59,35,-24,2160
proportional_domain_ablation,15,c07q3,38,23,-15,1896
proportional_domain_ablation,15,c07q4,14,8,-6,432
proportional_domain_ablation,15,c08q0,0,0,0,0
proportional_domain_ablation,15,c08q1,1,1,0,24
proportional_domain_ablation,15,c08q2,6,10,4,192
proportional_domain_ablation,15,c08q3,5,25,20,288
proportional_domain_ablation,15,c08q4,11,9,-2,416
proportional_domain_ablation,15,c09q0,0,3,3,0
proportional_domain_ablation,15,c09q1,3,17,14,56
proportional_domain_ablation,15,c09q2,2,15,13,144
proportional_domain_ablation,15,c09q3,3,18,15,208
proportional_domain_ablation,15,c09q4,2,5,3,48
proportional_domain_ablation,15,c10q0,0,6,6,16
proportional_domain_ablation,15,c10q1,9,31,22,208
proportional_domain_ablation,15,c10q2,4,31,27,336
proportional_domain_ablation,15,c10q3,6,13,7,272
proportional_domain_ablation,15,c10q4,2,12,10,104
proportional_domain_ablation,15,c11q0,0,1,1,40
proportional_domain_ablation,15,c11q1,10,20,10,472
proportional_domain_ablation,15,c11q2,30,56,26,1168
proportional_domain_ablation,15,c11q3,33,33,0,1000
proportional_domain_ablation,15,c11q4,7,7,0,296
proportional_domain_ablation,15,c12q0,3,1,-2,88
proportional_domain_ablation,15,c12q1,35,28,-7,1432
proportional_domain_ablation,15,c12q2,83,52,-31,3248
proportional_domain_ablation,15,c12q3,63,32,-31,3368
proportional_domain_ablation,15,c12q4,29,16,-13,920
proportional_domain_ablation,15,c13q0,0,0,0,0
proportional_domain_ablation,15,c13q1,4,22,18,384
proportional_domain_ablation,15,c13q2,15,52,37,1056
proportional_domain_ablation,15,c13q3,63,114,51,2536
proportional_domain_ablation,15,c13q4,22,55,33,1176
proportional_domain_ablation,15,c14q0,4,21,17,328
proportional_domain_ablation,15,c14q1,119,219,100,4400
proportional_domain_ablation,15,c14q2,256,204,-52,12048
proportional_domain_ablation,15,c14q3,271,170,-101,11680
proportional_domain_ablation,15,c14q4,60,25,-35,2400
proportional_domain_ablation,15,c15q0,0,0,0,0
proportional_domain_ablation,15,c15q1,0,0,0,24
proportional_domain_ablation,15,c15q2,1,0,-1,64
proportional_domain_ablation,15,c15q3,1,0,-1,64
proportional_domain_ablation,15,c15q4,3,0,-3,192
proportional_domain_ablation,15,c16q0,4,3,-1,136
proportional_domain_ablation,15,c16q1,21,19,-2,568
proportional_domain_ablation,15,c16q2,34,44,10,1304
proportional_domain_ablation,15,c16q3,35,52,17,1504
proportional_domain_ablation,15,c16q4,17,10,-7,600
proportional_domain_ablation,15,c17q0,33,22,-11,1552
proportional_domain_ablation,15,c17q1,96,63,-33,3800
proportional_domain_ablation,15,c17q2,158,103,-55,6392
proportional_domain_ablation,15,c17q3,110,78,-32,4952
proportional_domain_ablation,15,c17q4,40,22,-18,1328
proportional_domain_ablation,15,c18q0,2,3,1,88
proportional_domain_ablation,15,c18q1,12,18,6,704
proportional_domain_ablation,15,c18q2,26,45,19,1224
proportional_domain_ablation,15,c18q3,11,23,12,608
proportional_domain_ablation,15,c18q4,3,4,1,352
proportional_domain_ablation,15,c19q0,0,5,5,0
proportional_domain_ablation,15,c19q1,0,25,25,24
proportional_domain_ablation,15,c19q2,13,41,28,608
proportional_domain_ablation,15,c19q3,13,20,7,448
proportional_domain_ablation,15,c19q4,4,7,3,152
proportional_domain_ablation,15,c20q0,0,2,2,40
proportional_domain_ablation,15,c20q1,32,47,15,968
proportional_domain_ablation,15,c20q2,58,55,-3,2440
proportional_domain_ablation,15,c20q3,33,25,-8,1496
proportional_domain_ablation,15,c20q4,40,20,-20,1848
proportional_domain_ablation,15,c21q0,7,1,-6,208
proportional_domain_ablation,15,c21q1,43,18,-25,1664
proportional_domain_ablation,15,c21q2,102,70,-32,4872
proportional_domain_ablation,15,c21q3,137,95,-42,5728
proportional_domain_ablation,15,c21q4,58,38,-20,2336
proportional_domain_ablation,15,c22q0,0,0,0,0
proportional_domain_ablation,15,c22q1,3,2,-1,104
proportional_domain_ablation,15,c22q2,17,12,-5,824
proportional_domain_ablation,15,c22q3,30,14,-16,1456
proportional_domain_ablation,15,c22q4,7,10,3,504
proportional_domain_ablation,15,c23q0,4,13,9,248
proportional_domain_ablation,15,c23q1,41,43,2,1800
proportional_domain_ablation,15,c23q2,91,83,-8,3560
proportional_domain_ablation,15,c23q3,123,84,-39,4472
proportional_domain_ablation,15,c23q4,84,36,-48,3304
proportional_domain_ablation,15,c24q0,11,9,-2,640
proportional_domain_ablation,15,c24q1,68,47,-21,2800
proportional_domain_ablation,15,c24q2,120,86,-34,5048
proportional_domain_ablation,15,c24q3,89,57,-32,3488
proportional_domain_ablation,15,c24q4,32,31,-1,1744
proportional_domain_ablation,15,c25q0,47,39,-8,1816
proportional_domain_ablation,15,c25q1,126,88,-38,5208
proportional_domain_ablation,15,c25q2,183,132,-51,7928
proportional_domain_ablation,15,c25q3,137,97,-40,5368
proportional_domain_ablation,15,c25q4,40,34,-6,2200
proportional_domain_ablation,15,c26q0,0,8,8,0
proportional_domain_ablation,15,c26q1,1,51,50,16
proportional_domain_ablation,15,c26q2,14,137,123,552
proportional_domain_ablation,15,c26q3,20,199,179,928
proportional_domain_ablation,15,c26q4,26,282,256,1240
proportional_domain_ablation,15,c27q0,0,0,0,0
proportional_domain_ablation,15,c27q1,0,1,1,56
proportional_domain_ablation,15,c27q2,8,13,5,288
proportional_domain_ablation,15,c27q3,10,9,-1,432
proportional_domain_ablation,15,c27q4,2,0,-2,168
proportional_domain_ablation,15,c28q0,0,2,2,0
proportional_domain_ablation,15,c28q1,85,146,61,3488
proportional_domain_ablation,15,c28q2,205,175,-30,9456
proportional_domain_ablation,15,c28q3,342,203,-139,14944
proportional_domain_ablation,15,c28q4,177,76,-101,7352
proportional_domain_ablation,15,c29q0,18,28,10,840
proportional_domain_ablation,15,c29q1,30,42,12,1224
proportional_domain_ablation,15,c29q2,80,92,12,3280
proportional_domain_ablation,15,c29q3,84,138,54,4128
proportional_domain_ablation,15,c29q4,83,41,-42,3664
proportional_domain_ablation,15,c30q0,0,2,2,0
proportional_domain_ablation,15,c30q1,10,16,6,896
proportional_domain_ablation,15,c30q2,82,62,-20,3664
proportional_domain_ablation,15,c30q3,300,153,-147,11096
proportional_domain_ablation,15,c30q4,480,287,-193,19664
proportional_domain_ablation,15,c31q0,0,0,0,0
proportional_domain_ablation,15,c31q1,0,7,7,16
proportional_domain_ablation,15,c31q2,3,22,19,64
proportional_domain_ablation,15,c31q3,2,20,18,104
proportional_domain_ablation,15,c31q4,2,5,3,56
proportional_domain_ablation,15,c32q0,7,26,19,280
proportional_domain_ablation,15,c32q1,40,133,93,1768
proportional_domain_ablation,15,c32q2,222,168,-54,10272
proportional_domain_ablation,15,c32q3,407,223,-184,17496
proportional_domain_ablation,15,c32q4,158,89,-69,6632
proportional_domain_ablation,15,c33q0,0,1,1,0
proportional_domain_ablation,15,c33q1,0,25,25,104
proportional_domain_ablation,15,c33q2,4,57,53,288
proportional_domain_ablation,15,c33q3,8,67,59,456
proportional_domain_ablation,15,c33q4,24,61,37,792
proportional_domain_ablation,15,c34q0,0,0,0,0
proportional_domain_ablation,15,c34q1,12,6,-6,288
proportional_domain_ablation,15,c34q2,19,16,-3,856
proportional_domain_ablation,15,c34q3,22,23,1,976
proportional_domain_ablation,15,c34q4,6,9,3,512
proportional_domain_ablation,15,c35q0,0,12,12,64
proportional_domain_ablation,15,c35q1,25,49,24,976
proportional_domain_ablation,15,c35q2,37,73,36,1544
proportional_domain_ablation,15,c35q3,27,47,20,1064
proportional_domain_ablation,15,c35q4,12,13,1,416
proportional_domain_ablation,15,c36q0,2,2,0,56
proportional_domain_ablation,15,c36q1,6,15,9,280
proportional_domain_ablation,15,c36q2,11,24,13,504
proportional_domain_ablation,15,c36q3,7,7,0,264
proportional_domain_ablation,15,c36q4,4,5,1,96
proportional_domain_ablation,15,c37q0,1,2,1,24
proportional_domain_ablation,15,c37q1,11,26,15,256
proportional_domain_ablation,15,c37q2,23,60,37,1008
proportional_domain_ablation,15,c37q3,35,91,56,1616
proportional_domain_ablation,15,c37q4,38,81,43,1360
proportional_domain_ablation,15,c38q0,22,40,18,808
proportional_domain_ablation,15,c38q1,40,74,34,2176
proportional_domain_ablation,15,c38q2,151,142,-9,6968
proportional_domain_ablation,15,c38q3,229,150,-79,8488
proportional_domain_ablation,15,c38q4,214,122,-92,8568
proportional_domain_ablation,15,c39q0,4,1,-3,120
proportional_domain_ablation,15,c39q1,38,19,-19,1520
proportional_domain_ablation,15,c39q2,184,113,-71,7728
proportional_domain_ablation,15,c39q3,104,32,-72,3800
proportional_domain_ablation,15,c39q4,77,36,-41,3640
proportional_domain_ablation,16,c00q0,0,1,1,0
proportional_domain_ablation,16,c00q1,4,29,25,280
proportional_domain_ablation,16,c00q2,19,93,74,1016
proportional_domain_ablation,16,c00q3,28,88,60,1104
proportional_domain_ablation,16,c00q4,10,49,39,640
proportional_domain_ablation,16,c01q0,26,43,17,896
proportional_domain_ablation,16,c01q1,31,55,24,1440
proportional_domain_ablation,16,c01q2,77,53,-24,3424
proportional_domain_ablation,16,c01q3,131,119,-12,5112
proportional_domain_ablation,16,c01q4,126,109,-17,5640
proportional_domain_ablation,16,c02q0,0,0,0,0
proportional_domain_ablation,16,c02q1,6,4,-2,328
proportional_domain_ablation,16,c02q2,28,19,-9,1128
proportional_domain_ablation,16,c02q3,38,20,-18,1608
proportional_domain_ablation,16,c02q4,45,22,-23,1600
proportional_domain_ablation,16,c03q0,16,18,2,736
proportional_domain_ablation,16,c03q1,93,120,27,4680
proportional_domain_ablation,16,c03q2,93,92,-1,4744
proportional_domain_ablation,16,c03q3,159,91,-68,7280
proportional_domain_ablation,16,c03q4,101,56,-45,4720
proportional_domain_ablation,16,c04q0,0,2,2,0
proportional_domain_ablation,16,c04q1,1,11,10,16
proportional_domain_ablation,16,c04q2,13,33,20,696
proportional_domain_ablation,16,c04q3,13,16,3,416
proportional_domain_ablation,16,c04q4,5,3,-2,88
proportional_domain_ablation,16,c05q0,1,1,0,48
proportional_domain_ablation,16,c05q1,7,12,5,224
proportional_domain_ablation,16,c05q2,20,57,37,984
proportional_domain_ablation,16,c05q3,50,128,78,2336
proportional_domain_ablation,16,c05q4,30,83,53,1512
proportional_domain_ablation,16,c06q0,0,0,0,0
proportional_domain_ablation,16,c06q1,2,6,4,48
proportional_domain_ablation,16,c06q2,5,27,22,232
proportional_domain_ablation,16,c06q3,28,37,9,1088
proportional_domain_ablation,16,c06q4,18,24,6,896
proportional_domain_ablation,16,c07q0,1,18,17,56
proportional_domain_ablation,16,c07q1,24,35,11,880
proportional_domain_ablation,16,c07q2,59,37,-22,2160
proportional_domain_ablation,16,c07q3,38,22,-16,1896
proportional_domain_ablation,16,c07q4,14,8,-6,432
proportional_domain_ablation,16,c08q0,0,0,0,0
proportional_domain_ablation,16,c08q1,1,0,-1,24
proportional_domain_ablation,16,c08q2,6,12,6,192
proportional_domain_ablation,16,c08q3,5,24,19,288
proportional_domain_ablation,16,c08q4,11,10,-1,416
proportional_domain_ablation,16,c09q0,0,2,2,0
proportional_domain_ablation,16,c09q1,3,17,14,56
proportional_domain_ablation,16,c09q2,2,15,13,144
proportional_domain_ablation,16,c09q3,3,18,15,208
proportional_domain_ablation,16,c09q4,2,7,5,48
proportional_domain_ablation,16,c10q0,0,3,3,16
proportional_domain_ablation,16,c10q1,9,31,22,208
proportional_domain_ablation,16,c10q2,4,32,28,336
proportional_domain_ablation,16,c10q3,6,16,10,272
proportional_domain_ablation,16,c10q4,2,8,6,104
proportional_domain_ablation,16,c11q0,0,2,2,40
proportional_domain_ablation,16,c11q1,10,20,10,472
proportional_domain_ablation,16,c11q2,30,55,25,1168
proportional_domain_ablation,16,c11q3,33,33,0,1000
proportional_domain_ablation,16,c11q4,7,7,0,296
proportional_domain_ablation,16,c12q0,3,3,0,88
proportional_domain_ablation,16,c12q1,35,26,-9,1432
proportional_domain_ablation,16,c12q2,83,52,-31,3248
proportional_domain_ablation,16,c12q3,63,35,-28,3368
proportional_domain_ablation,16,c12q4,29,15,-14,920
proportional_domain_ablation,16,c13q0,0,0,0,0
proportional_domain_ablation,16,c13q1,4,21,17,384
proportional_domain_ablation,16,c13q2,15,53,38,1056
proportional_domain_ablation,16,c13q3,63,115,52,2536
proportional_domain_ablation,16,c13q4,22,52,30,1176
proportional_domain_ablation,16,c14q0,4,23,19,328
proportional_domain_ablation,16,c14q1,119,222,103,4400
proportional_domain_ablation,16,c14q2,256,201,-55,12048
proportional_domain_ablation,16,c14q3,271,169,-102,11680
proportional_domain_ablation,16,c14q4,60,26,-34,2400
proportional_domain_ablation,16,c15q0,0,1,1,0
proportional_domain_ablation,16,c15q1,0,18,18,24
proportional_domain_ablation,16,c15q2,1,47,46,64
proportional_domain_ablation,16,c15q3,1,42,41,64
proportional_domain_ablation,16,c15q4,3,14,11,192
proportional_domain_ablation,16,c16q0,4,0,-4,136
proportional_domain_ablation,16,c16q1,21,0,-21,568
proportional_domain_ablation,16,c16q2,34,0,-34,1304
proportional_domain_ablation,16,c16q3,35,0,-35,1504
proportional_domain_ablation,16,c16q4,17,0,-17,600
proportional_domain_ablation,16,c17q0,33,24,-9,1552
proportional_domain_ablation,16,c17q1,96,56,-40,3800
proportional_domain_ablation,16,c17q2,158,109,-49,6392
proportional_domain_ablation,16,c17q3,110,78,-32,4952
proportional_domain_ablation,16,c17q4,40,22,-18,1328
proportional_domain_ablation,16,c18q0,2,3,1,88
proportional_domain_ablation,16,c18q1,12,20,8,704
proportional_domain_ablation,16,c18q2,26,44,18,1224
proportional_domain_ablation,16,c18q3,11,24,13,608
proportional_domain_ablation,16,c18q4,3,2,-1,352
proportional_domain_ablation,16,c19q0,0,3,3,0
proportional_domain_ablation,16,c19q1,0,28,28,24
proportional_domain_ablation,16,c19q2,13,40,27,608
proportional_domain_ablation,16,c19q3,13,22,9,448
proportional_domain_ablation,16,c19q4,4,3,-1,152
proportional_domain_ablation,16,c20q0,0,3,3,40
proportional_domain_ablation,16,c20q1,32,47,15,968
proportional_domain_ablation,16,c20q2,58,57,-1,2440
proportional_domain_ablation,16,c20q3,33,25,-8,1496
proportional_domain_ablation,16,c20q4,40,20,-20,1848
proportional_domain_ablation,16,c21q0,7,2,-5,208
proportional_domain_ablation,16,c21q1,43,16,-27,1664
proportional_domain_ablation,16,c21q2,102,68,-34,4872
proportional_domain_ablation,16,c21q3,137,93,-44,5728
proportional_domain_ablation,16,c21q4,58,42,-16,2336
proportional_domain_ablation,16,c22q0,0,0,0,0
proportional_domain_ablation,16,c22q1,3,2,-1,104
proportional_domain_ablation,16,c22q2,17,9,-8,824
proportional_domain_ablation,16,c22q3,30,19,-11,1456
proportional_domain_ablation,16,c22q4,7,5,-2,504
proportional_domain_ablation,16,c23q0,4,17,13,248
proportional_domain_ablation,16,c23q1,41,41,0,1800
proportional_domain_ablation,16,c23q2,91,83,-8,3560
proportional_domain_ablation,16,c23q3,123,84,-39,4472
proportional_domain_ablation,16,c23q4,84,37,-47,3304
proportional_domain_ablation,16,c24q0,11,10,-1,640
proportional_domain_ablation,16,c24q1,68,46,-22,2800
proportional_domain_ablation,16,c24q2,120,85,-35,5048
proportional_domain_ablation,16,c24q3,89,59,-30,3488
proportional_domain_ablation,16,c24q4,32,31,-1,1744
proportional_domain_ablation,16,c25q0,47,37,-10,1816
proportional_domain_ablation,16,c25q1,126,85,-41,5208
proportional_domain_ablation,16,c25q2,183,135,-48,7928
proportional_domain_ablation,16,c25q3,137,99,-38,5368
proportional_domain_ablation,16,c25q4,40,31,-9,2200
proportional_domain_ablation,16,c26q0,0,12,12,0
proportional_domain_ablation,16,c26q1,1,49,48,16
proportional_domain_ablation,16,c26q2,14,138,124,552
proportional_domain_ablation,16,c26q3,20,199,179,928
proportional_domain_ablation,16,c26q4,26,283,257,1240
proportional_domain_ablation,16,c27q0,0,0,0,0
proportional_domain_ablation,16,c27q1,0,1,1,56
proportional_domain_ablation,16,c27q2,8,11,3,288
proportional_domain_ablation,16,c27q3,10,9,-1,432
proportional_domain_ablation,16,c27q4,2,2,0,168
proportional_domain_ablation,16,c28q0,0,1,1,0
proportional_domain_ablation,16,c28q1,85,146,61,3488
proportional_domain_ablation,16,c28q2,205,177,-28,9456
proportional_domain_ablation,16,c28q3,342,202,-140,14944
proportional_domain_ablation,16,c28q4,177,76,-101,7352
proportional_domain_ablation,16,c29q0,18,26,8,840
proportional_domain_ablation,16,c29q1,30,42,12,1224
proportional_domain_ablation,16,c29q2,80,93,13,3280
proportional_domain_ablation,16,c29q3,84,139,55,4128
proportional_domain_ablation,16,c29q4,83,40,-43,3664
proportional_domain_ablation,16,c30q0,0,3,3,0
proportional_domain_ablation,16,c30q1,10,15,5,896
proportional_domain_ablation,16,c30q2,82,64,-18,3664
proportional_domain_ablation,16,c30q3,300,153,-147,11096
proportional_domain_ablation,16,c30q4,480,287,-193,19664
proportional_domain_ablation,16,c31q0,0,0,0,0
proportional_domain_ablation,16,c31q1,0,6,6,16
proportional_domain_ablation,16,c31q2,3,22,19,64
proportional_domain_ablation,16,c31q3,2,20,18,104
proportional_domain_ablation,16,c31q4,2,6,4,56
proportional_domain_ablation,16,c32q0,7,26,19,280
proportional_domain_ablation,16,c32q1,40,132,92,1768
proportional_domain_ablation,16,c32q2,222,169,-53,10272
proportional_domain_ablation,16,c32q3,407,223,-184,17496
proportional_domain_ablation,16,c32q4,158,88,-70,6632
proportional_domain_ablation,16,c33q0,0,1,1,0
proportional_domain_ablation,16,c33q1,0,26,26,104
proportional_domain_ablation,16,c33q2,4,57,53,288
proportional_domain_ablation,16,c33q3,8,66,58,456
proportional_domain_ablation,16,c33q4,24,62,38,792
proportional_domain_ablation,16,c34q0,0,0,0,0
proportional_domain_ablation,16,c34q1,12,4,-8,288
proportional_domain_ablation,16,c34q2,19,18,-1,856
proportional_domain_ablation,16,c34q3,22,22,0,976
proportional_domain_ablation,16,c34q4,6,9,3,512
proportional_domain_ablation,16,c35q0,0,12,12,64
proportional_domain_ablation,16,c35q1,25,48,23,976
proportional_domain_ablation,16,c35q2,37,73,36,1544
proportional_domain_ablation,16,c35q3,27,49,22,1064
proportional_domain_ablation,16,c35q4,12,12,0,416
proportional_domain_ablation,16,c36q0,2,3,1,56
proportional_domain_ablation,16,c36q1,6,15,9,280
proportional_domain_ablation,16,c36q2,11,23,12,504
proportional_domain_ablation,16,c36q3,7,7,0,264
proportional_domain_ablation,16,c36q4,4,4,0,96
proportional_domain_ablation,16,c37q0,1,4,3,24
proportional_domain_ablation,16,c37q1,11,25,14,256
proportional_domain_ablation,16,c37q2,23,60,37,1008
proportional_domain_ablation,16,c37q3,35,92,57,1616
proportional_domain_ablation,16,c37q4,38,81,43,1360
proportional_domain_ablation,16,c38q0,22,39,17,808
proportional_domain_ablation,16,c38q1,40,74,34,2176
proportional_domain_ablation,16,c38q2,151,143,-8,6968
proportional_domain_ablation,16,c38q3,229,150,-79,8488
proportional_domain_ablation,16,c38q4,214,122,-92,8568
proportional_domain_ablation,16,c39q0,4,1,-3,120
proportional_domain_ablation,16,c39q1,38,19,-19,1520
proportional_domain_ablation,16,c39q2,184,113,-71,7728
proportional_domain_ablation,16,c39q3,104,32,-72,3800
proportional_domain_ablation,16,c39q4,77,36,-41,3640
proportional_domain_ablation,17,c00q0,0,1,1,0
proportional_domain_ablation,17,c00q1,4,30,26,280
proportional_domain_ablation,17,c00q2,19,98,79,1016
proportional_domain_ablation,17,c00q3,28,86,58,1104
proportional_domain_ablation,17,c00q4,10,48,38,640
proportional_domain_ablation,17,c01q0,26,49,23,896
proportional_domain_ablation,17,c01q1,31,51,20,1440
proportional_domain_ablation,17,c01q2,77,58,-19,3424
proportional_domain_ablation,17,c01q3,131,121,-10,5112
proportional_domain_ablation,17,c01q4,126,106,-20,5640
proportional_domain_ablation,17,c02q0,0,1,1,0
proportional_domain_ablation,17,c02q1,6,5,-1,328
proportional_domain_ablation,17,c02q2,28,19,-9,1128
proportional_domain_ablation,17,c02q3,38,23,-15,1608
proportional_domain_ablation,17,c02q4,45,19,-26,1600
proportional_domain_ablation,17,c03q0,16,18,2,736
proportional_domain_ablation,17,c03q1,93,124,31,4680
proportional_domain_ablation,17,c03q2,93,88,-5,4744
proportional_domain_ablation,17,c03q3,159,96,-63,7280
proportional_domain_ablation,17,c03q4,101,59,-42,4720
proportional_domain_ablation,17,c04q0,0,1,1,0
proportional_domain_ablation,17,c04q1,1,9,8,16
proportional_domain_ablation,17,c04q2,13,34,21,696
proportional_domain_ablation,17,c04q3,13,15,2,416
proportional_domain_ablation,17,c04q4,5,4,-1,88
proportional_domain_ablation,17,c05q0,1,5,4,48
proportional_domain_ablation,17,c05q1,7,14,7,224
proportional_domain_ablation,17,c05q2,20,58,38,984
proportional_domain_ablation,17,c05q3,50,133,83,2336
proportional_domain_ablation,17,c05q4,30,85,55,1512
proportional_domain_ablation,17,c06q0,0,1,1,0
proportional_domain_ablation,17,c06q1,2,6,4,48
proportional_domain_ablation,17,c06q2,5,31,26,232
proportional_domain_ablation,17,c06q3,28,29,1,1088
proportional_domain_ablation,17,c06q4,18,26,8,896
proportional_domain_ablation,17,c07q0,1,22,21,56
proportional_domain_ablation,17,c07q1,24,30,6,880
proportional_domain_ablation,17,c07q2,59,31,-28,2160
proportional_domain_ablation,17,c07q3,38,26,-12,1896
proportional_domain_ablation,17,c07q4,14,5,-9,432
proportional_domain_ablation,17,c08q0,0,1,1,0
proportional_domain_ablation,17,c08q1,1,2,1,24
proportional_domain_ablation,17,c08q2,6,16,10,192
proportional_domain_ablation,17,c08q3,5,25,20,288
proportional_domain_ablation,17,c08q4,11,5,-6,416
proportional_domain_ablation,17,c09q0,0,2,2,0
proportional_domain_ablation,17,c09q1,3,6,3,56
proportional_domain_ablation,17,c09q2,2,32,30,144
proportional_domain_ablation,17,c09q3,3,23,20,208
proportional_domain_ablation,17,c09q4,2,2,0,48
proportional_domain_ablation,17,c10q0,0,2,2,16
proportional_domain_ablation,17,c10q1,9,29,20,208
proportional_domain_ablation,17,c10q2,4,33,29,336
proportional_domain_ablation,17,c10q3,6,24,18,272
proportional_domain_ablation,17,c10q4,2,11,9,104
proportional_domain_ablation,17,c11q0,0,5,5,40
proportional_domain_ablation,17,c11q1,10,25,15,472
proportional_domain_ablation,17,c11q2,30,42,12,1168
proportional_domain_ablation,17,c11q3,33,32,-1,1000
proportional_domain_ablation,17,c11q4,7,7,0,296
proportional_domain_ablation,17,c12q0,3,4,1,88
proportional_domain_ablation,17,c12q1,35,22,-13,1432
proportional_domain_ablation,17,c12q2,83,41,-42,3248
proportional_domain_ablation,17,c12q3,63,54,-9,3368
proportional_domain_ablation,17,c12q4,29,17,-12,920
proportional_domain_ablation,17,c13q0,0,0,0,0
proportional_domain_ablation,17,c13q1,4,18,14,384
proportional_domain_ablation,17,c13q2,15,60,45,1056
proportional_domain_ablation,17,c13q3,63,114,51,2536
proportional_domain_ablation,17,c13q4,22,46,24,1176
proportional_domain_ablation,17,c14q0,4,26,22,328
proportional_domain_ablation,17,c14q1,119,227,108,4400
proportional_domain_ablation,17,c14q2,256,204,-52,12048
proportional_domain_ablation,17,c14q3,271,168,-103,11680
proportional_domain_ablation,17,c14q4,60,35,-25,2400
proportional_domain_ablation,17,c15q0,0,4,4,0
proportional_domain_ablation,17,c15q1,0,23,23,24
proportional_domain_ablation,17,c15q2,1,40,39,64
proportional_domain_ablation,17,c15q3,1,33,32,64
proportional_domain_ablation,17,c15q4,3,8,5,192
proportional_domain_ablation,17,c16q0,4,4,0,136
proportional_domain_ablation,17,c16q1,21,21,0,568
proportional_domain_ablation,17,c16q2,34,51,17,1304
proportional_domain_ablation,17,c16q3,35,45,10,1504
proportional_domain_ablation,17,c16q4,17,16,-1,600
proportional_domain_ablation,17,c17q0,33,0,-33,1552
proportional_domain_ablation,17,c17q1,96,0,-96,3800
proportional_domain_ablation,17,c17q2,158,0,-158,6392
proportional_domain_ablation,17,c17q3,110,0,-110,4952
proportional_domain_ablation,17,c17q4,40,0,-40,1328
proportional_domain_ablation,17,c18q0,2,3,1,88
proportional_domain_ablation,17,c18q1,12,26,14,704
proportional_domain_ablation,17,c18q2,26,46,20,1224
proportional_domain_ablation,17,c18q3,11,27,16,608
proportional_domain_ablation,17,c18q4,3,6,3,352
proportional_domain_ablation,17,c19q0,0,2,2,0
proportional_domain_ablation,17,c19q1,0,18,18,24
proportional_domain_ablation,17,c19q2,13,38,25,608
proportional_domain_ablation,17,c19q3,13,26,13,448
proportional_domain_ablation,17,c19q4,4,7,3,152
proportional_domain_ablation,17,c20q0,0,2,2,40
proportional_domain_ablation,17,c20q1,32,45,13,968
proportional_domain_ablation,17,c20q2,58,48,-10,2440
proportional_domain_ablation,17,c20q3,33,32,-1,1496
proportional_domain_ablation,17,c20q4,40,26,-14,1848
proportional_domain_ablation,17,c21q0,7,6,-1,208
proportional_domain_ablation,17,c21q1,43,22,-21,1664
proportional_domain_ablation,17,c21q2,102,68,-34,4872
proportional_domain_ablation,17,c21q3,137,68,-69,5728
proportional_domain_ablation,17,c21q4,58,35,-23,2336
proportional_domain_ablation,17,c22q0,0,0,0,0
proportional_domain_ablation,17,c22q1,3,2,-1,104
proportional_domain_ablation,17,c22q2,17,9,-8,824
proportional_domain_ablation,17,c22q3,30,27,-3,1456
proportional_domain_ablation,17,c22q4,7,5,-2,504
proportional_domain_ablation,17,c23q0,4,19,15,248
proportional_domain_ablation,17,c23q1,41,52,11,1800
proportional_domain_ablation,17,c23q2,91,71,-20,3560
proportional_domain_ablation,17,c23q3,123,100,-23,4472
proportional_domain_ablation,17,c23q4,84,30,-54,3304
proportional_domain_ablation,17,c24q0,11,17,6,640
proportional_domain_ablation,17,c24q1,68,52,-16,2800
proportional_domain_ablation,17,c24q2,120,84,-36,5048
proportional_domain_ablation,17,c24q3,89,67,-22,3488
proportional_domain_ablation,17,c24q4,32,21,-11,1744
proportional_domain_ablation,17,c25q0,47,32,-15,1816
proportional_domain_ablation,17,c25q1,126,103,-23,5208
proportional_domain_ablation,17,c25q2,183,137,-46,7928
proportional_domain_ablation,17,c25q3,137,88,-49,5368
proportional_domain_ablation,17,c25q4,40,25,-15,2200
proportional_domain_ablation,17,c26q0,0,13,13,0
proportional_domain_ablation,17,c26q1,1,71,70,16
proportional_domain_ablation,17,c26q2,14,132,118,552
proportional_domain_ablation,17,c26q3,20,218,198,928
proportional_domain_ablation,17,c26q4,26,279,253,1240
proportional_domain_ablation,17,c27q0,0,0,0,0
proportional_domain_ablation,17,c27q1,0,2,2,56
proportional_domain_ablation,17,c27q2,8,14,6,288
proportional_domain_ablation,17,c27q3,10,6,-4,432
proportional_domain_ablation,17,c27q4,2,0,-2,168
proportional_domain_ablation,17,c28q0,0,5,5,0
proportional_domain_ablation,17,c28q1,85,146,61,3488
proportional_domain_ablation,17,c28q2,205,163,-42,9456
proportional_domain_ablation,17,c28q3,342,211,-131,14944
proportional_domain_ablation,17,c28q4,177,92,-85,7352
proportional_domain_ablation,17,c29q0,18,22,4,840
proportional_domain_ablation,17,c29q1,30,27,-3,1224
proportional_domain_ablation,17,c29q2,80,108,28,3280
proportional_domain_ablation,17,c29q3,84,127,43,4128
proportional_domain_ablation,17,c29q4,83,52,-31,3664
proportional_domain_ablation,17,c30q0,0,0,0,0
proportional_domain_ablation,17,c30q1,10,11,1,896
proportional_domain_ablation,17,c30q2,82,65,-17,3664
proportional_domain_ablation,17,c30q3,300,163,-137,11096
proportional_domain_ablation,17,c30q4,480,293,-187,19664
proportional_domain_ablation,17,c31q0,0,0,0,0
proportional_domain_ablation,17,c31q1,0,7,7,16
proportional_domain_ablation,17,c31q2,3,19,16,64
proportional_domain_ablation,17,c31q3,2,15,13,104
proportional_domain_ablation,17,c31q4,2,11,9,56
proportional_domain_ablation,17,c32q0,7,32,25,280
proportional_domain_ablation,17,c32q1,40,137,97,1768
proportional_domain_ablation,17,c32q2,222,166,-56,10272
proportional_domain_ablation,17,c32q3,407,232,-175,17496
proportional_domain_ablation,17,c32q4,158,79,-79,6632
proportional_domain_ablation,17,c33q0,0,0,0,0
proportional_domain_ablation,17,c33q1,0,30,30,104
proportional_domain_ablation,17,c33q2,4,64,60,288
proportional_domain_ablation,17,c33q3,8,56,48,456
proportional_domain_ablation,17,c33q4,24,79,55,792
proportional_domain_ablation,17,c34q0,0,0,0,0
proportional_domain_ablation,17,c34q1,12,2,-10,288
proportional_domain_ablation,17,c34q2,19,15,-4,856
proportional_domain_ablation,17,c34q3,22,19,-3,976
proportional_domain_ablation,17,c34q4,6,10,4,512
proportional_domain_ablation,17,c35q0,0,14,14,64
proportional_domain_ablation,17,c35q1,25,52,27,976
proportional_domain_ablation,17,c35q2,37,66,29,1544
proportional_domain_ablation,17,c35q3,27,54,27,1064
proportional_domain_ablation,17,c35q4,12,11,-1,416
proportional_domain_ablation,17,c36q0,2,3,1,56
proportional_domain_ablation,17,c36q1,6,21,15,280
proportional_domain_ablation,17,c36q2,11,24,13,504
proportional_domain_ablation,17,c36q3,7,9,2,264
proportional_domain_ablation,17,c36q4,4,6,2,96
proportional_domain_ablation,17,c37q0,1,4,3,24
proportional_domain_ablation,17,c37q1,11,17,6,256
proportional_domain_ablation,17,c37q2,23,64,41,1008
proportional_domain_ablation,17,c37q3,35,91,56,1616
proportional_domain_ablation,17,c37q4,38,80,42,1360
proportional_domain_ablation,17,c38q0,22,43,21,808
proportional_domain_ablation,17,c38q1,40,71,31,2176
proportional_domain_ablation,17,c38q2,151,153,2,6968
proportional_domain_ablation,17,c38q3,229,150,-79,8488
proportional_domain_ablation,17,c38q4,214,124,-90,8568
proportional_domain_ablation,17,c39q0,4,0,-4,120
proportional_domain_ablation,17,c39q1,38,21,-17,1520
proportional_domain_ablation,17,c39q2,184,111,-73,7728
proportional_domain_ablation,17,c39q3,104,35,-69,3800
proportional_domain_ablation,17,c39q4,77,37,-40,3640
proportional_domain_ablation,18,c00q0,0,1,1,0
proportional_domain_ablation,18,c00q1,4,29,25,280
proportional_domain_ablation,18,c00q2,19,93,74,1016
proportional_domain_ablation,18,c00q3,28,87,59,1104
proportional_domain_ablation,18,c00q4,10,48,38,640
proportional_domain_ablation,18,c01q0,26,43,17,896
proportional_domain_ablation,18,c01q1,31,57,26,1440
proportional_domain_ablation,18,c01q2,77,53,-24,3424
proportional_domain_ablation,18,c01q3,131,119,-12,5112
proportional_domain_ablation,18,c01q4,126,109,-17,5640
proportional_domain_ablation,18,c02q0,0,0,0,0
proportional_domain_ablation,18,c02q1,6,3,-3,328
proportional_domain_ablation,18,c02q2,28,20,-8,1128
proportional_domain_ablation,18,c02q3,38,17,-21,1608
proportional_domain_ablation,18,c02q4,45,23,-22,1600
proportional_domain_ablation,18,c03q0,16,17,1,736
proportional_domain_ablation,18,c03q1,93,122,29,4680
proportional_domain_ablation,18,c03q2,93,91,-2,4744
proportional_domain_ablation,18,c03q3,159,92,-67,7280
proportional_domain_ablation,18,c03q4,101,56,-45,4720
proportional_domain_ablation,18,c04q0,0,0,0,0
proportional_domain_ablation,18,c04q1,1,12,11,16
proportional_domain_ablation,18,c04q2,13,29,16,696
proportional_domain_ablation,18,c04q3,13,19,6,416
proportional_domain_ablation,18,c04q4,5,4,-1,88
proportional_domain_ablation,18,c05q0,1,3,2,48
proportional_domain_ablation,18,c05q1,7,8,1,224
proportional_domain_ablation,18,c05q2,20,58,38,984
proportional_domain_ablation,18,c05q3,50,129,79,2336
proportional_domain_ablation,18,c05q4,30,82,52,1512
proportional_domain_ablation,18,c06q0,0,0,0,0
proportional_domain_ablation,18,c06q1,2,5,3,48
proportional_domain_ablation,18,c06q2,5,26,21,232
proportional_domain_ablation,18,c06q3,28,39,11,1088
proportional_domain_ablation,18,c06q4,18,25,7,896
proportional_domain_ablation,18,c07q0,1,16,15,56
proportional_domain_ablation,18,c07q1,24,36,12,880
proportional_domain_ablation,18,c07q2,59,34,-25,2160
proportional_domain_ablation,18,c07q3,38,26,-12,1896
proportional_domain_ablation,18,c07q4,14,4,-10,432
proportional_domain_ablation,18,c08q0,0,1,1,0
proportional_domain_ablation,18,c08q1,1,4,3,24
proportional_domain_ablation,18,c08q2,6,10,4,192
proportional_domain_ablation,18,c08q3,5,24,19,288
proportional_domain_ablation,18,c08q4,11,7,-4,416
proportional_domain_ablation,18,c09q0,0,4,4,0
proportional_domain_ablation,18,c09q1,3,17,14,56
proportional_domain_ablation,18,c09q2,2,17,15,144
proportional_domain_ablation,18,c09q3,3,19,16,208
proportional_domain_ablation,18,c09q4,2,2,0,48
proportional_domain_ablation,18,c10q0,0,7,7,16
proportional_domain_ablation,18,c10q1,9,32,23,208
proportional_domain_ablation,18,c10q2,4,30,26,336
proportional_domain_ablation,18,c10q3,6,14,8,272
proportional_domain_ablation,18,c10q4,2,10,8,104
proportional_domain_ablation,18,c11q0,0,3,3,40
proportional_domain_ablation,18,c11q1,10,17,7,472
proportional_domain_ablation,18,c11q2,30,56,26,1168
proportional_domain_ablation,18,c11q3,33,34,1,1000
proportional_domain_ablation,18,c11q4,7,7,0,296
proportional_domain_ablation,18,c12q0,3,3,0,88
proportional_domain_ablation,18,c12q1,35,28,-7,1432
proportional_domain_ablation,18,c12q2,83,48,-35,3248
proportional_domain_ablation,18,c12q3,63,34,-29,3368
proportional_domain_ablation,18,c12q4,29,16,-13,920
proportional_domain_ablation,18,c13q0,0,0,0,0
proportional_domain_ablation,18,c13q1,4,23,19,384
proportional_domain_ablation,18,c13q2,15,51,36,1056
proportional_domain_ablation,18,c13q3,63,115,52,2536
proportional_domain_ablation,18,c13q4,22,53,31,1176
proportional_domain_ablation,18,c14q0,4,24,20,328
proportional_domain_ablation,18,c14q1,119,218,99,4400
proportional_domain_ablation,18,c14q2,256,201,-55,12048
proportional_domain_ablation,18,c14q3,271,172,-99,11680
proportional_domain_ablation,18,c14q4,60,24,-36,2400
proportional_domain_ablation,18,c15q0,0,4,4,0
proportional_domain_ablation,18,c15q1,0,14,14,24
proportional_domain_ablation,18,c15q2,1,47,46,64
proportional_domain_ablation,18,c15q3,1,43,42,64
proportional_domain_ablation,18,c15q4,3,18,15,192
proportional_domain_ablation,18,c16q0,4,2,-2,136
proportional_domain_ablation,18,c16q1,21,14,-7,568
proportional_domain_ablation,18,c16q2,34,29,-5,1304
proportional_domain_ablation,18,c16q3,35,58,23,1504
proportional_domain_ablation,18,c16q4,17,15,-2,600
proportional_domain_ablation,18,c17q0,33,24,-9,1552
proportional_domain_ablation,18,c17q1,96,63,-33,3800
proportional_domain_ablation,18,c17q2,158,100,-58,6392
proportional_domain_ablation,18,c17q3,110,71,-39,4952
proportional_domain_ablation,18,c17q4,40,21,-19,1328
proportional_domain_ablation,18,c18q0,2,0,-2,88
proportional_domain_ablation,18,c18q1,12,0,-12,704
proportional_domain_ablation,18,c18q2,26,0,-26,1224
proportional_domain_ablation,18,c18q3,11,0,-11,608
proportional_domain_ablation,18,c18q4,3,0,-3,352
proportional_domain_ablation,18,c19q0,0,5,5,0
proportional_domain_ablation,18,c19q1,0,23,23,24
proportional_domain_ablation,18,c19q2,13,39,26,608
proportional_domain_ablation,18,c19q3,13,19,6,448
proportional_domain_ablation,18,c19q4,4,10,6,152
proportional_domain_ablation,18,c20q0,0,5,5,40
proportional_domain_ablation,18,c20q1,32,44,12,968
proportional_domain_ablation,18,c20q2,58,52,-6,2440
proportional_domain_ablation,18,c20q3,33,29,-4,1496
proportional_domain_ablation,18,c20q4,40,14,-26,1848
proportional_domain_ablation,18,c21q0,7,3,-4,208
proportional_domain_ablation,18,c21q1,43,17,-26,1664
proportional_domain_ablation,18,c21q2,102,74,-28,4872
proportional_domain_ablation,18,c21q3,137,93,-44,5728
proportional_domain_ablation,18,c21q4,58,36,-22,2336
proportional_domain_ablation,18,c22q0,0,0,0,0
proportional_domain_ablation,18,c22q1,3,3,0,104
proportional_domain_ablation,18,c22q2,17,11,-6,824
proportional_domain_ablation,18,c22q3,30,21,-9,1456
proportional_domain_ablation,18,c22q4,7,8,1,504
proportional_domain_ablation,18,c23q0,4,7,3,248
proportional_domain_ablation,18,c23q1,41,48,7,1800
proportional_domain_ablation,18,c23q2,91,77,-14,3560
proportional_domain_ablation,18,c23q3,123,84,-39,4472
proportional_domain_ablation,18,c23q4,84,37,-47,3304
proportional_domain_ablation,18,c24q0,11,7,-4,640
proportional_domain_ablation,18,c24q1,68,55,-13,2800
proportional_domain_ablation,18,c24q2,120,78,-42,5048
proportional_domain_ablation,18,c24q3,89,62,-27,3488
proportional_domain_ablation,18,c24q4,32,29,-3,1744
proportional_domain_ablation,18,c25q0,47,40,-7,1816
proportional_domain_ablation,18,c25q1,126,88,-38,5208
proportional_domain_ablation,18,c25q2,183,132,-51,7928
proportional_domain_ablation,18,c25q3,137,102,-35,5368
proportional_domain_ablation,18,c25q4,40,25,-15,2200
proportional_domain_ablation,18,c26q0,0,9,9,0
proportional_domain_ablation,18,c26q1,1,52,51,16
proportional_domain_ablation,18,c26q2,14,139,125,552
proportional_domain_ablation,18,c26q3,20,196,176,928
proportional_domain_ablation,18,c26q4,26,281,255,1240
proportional_domain_ablation,18,c27q0,0,0,0,0
proportional_domain_ablation,18,c27q1,0,4,4,56
proportional_domain_ablation,18,c27q2,8,15,7,288
proportional_domain_ablation,18,c27q3,10,5,-5,432
proportional_domain_ablation,18,c27q4,2,1,-1,168
proportional_domain_ablation,18,c28q0,0,2,2,0
proportional_domain_ablation,18,c28q1,85,147,62,3488
proportional_domain_ablation,18,c28q2,205,171,-34,9456
proportional_domain_ablation,18,c28q3,342,204,-138,14944
proportional_domain_ablation,18,c28q4,177,78,-99,7352
proportional_domain_ablation,18,c29q0,18,30,12,840
proportional_domain_ablation,18,c29q1,30,42,12,1224
proportional_domain_ablation,18,c29q2,80,90,10,3280
proportional_domain_ablation,18,c29q3,84,136,52,4128
proportional_domain_ablation,18,c29q4,83,43,-40,3664
proportional_domain_ablation,18,c30q0,0,3,3,0
proportional_domain_ablation,18,c30q1,10,14,4,896
proportional_domain_ablation,18,c30q2,82,63,-19,3664
proportional_domain_ablation,18,c30q3,300,153,-147,11096
proportional_domain_ablation,18,c30q4,480,286,-194,19664
proportional_domain_ablation,18,c31q0,0,1,1,0
proportional_domain_ablation,18,c31q1,0,10,10,16
proportional_domain_ablation,18,c31q2,3,20,17,64
proportional_domain_ablation,18,c31q3,2,18,16,104
proportional_domain_ablation,18,c31q4,2,6,4,56
proportional_domain_ablation,18,c32q0,7,23,16,280
proportional_domain_ablation,18,c32q1,40,135,95,1768
proportional_domain_ablation,18,c32q2,222,168,-54,10272
proportional_domain_ablation,18,c32q3,407,224,-183,17496
proportional_domain_ablation,18,c32q4,158,87,-71,6632
proportional_domain_ablation,18,c33q0,0,1,1,0
proportional_domain_ablation,18,c33q1,0,25,25,104
proportional_domain_ablation,18,c33q2,4,56,52,288
proportional_domain_ablation,18,c33q3,8,70,62,456
proportional_domain_ablation,18,c33q4,24,59,35,792
proportional_domain_ablation,18,c34q0,0,0,0,0
proportional_domain_ablation,18,c34q1,12,8,-4,288
proportional_domain_ablation,18,c34q2,19,16,-3,856
proportional_domain_ablation,18,c34q3,22,21,-1,976
proportional_domain_ablation,18,c34q4,6,11,5,512
proportional_domain_ablation,18,c35q0,0,13,13,64
proportional_domain_ablation,18,c35q1,25,46,21,976
proportional_domain_ablation,18,c35q2,37,73,36,1544
proportional_domain_ablation,18,c35q3,27,47,20,1064
proportional_domain_ablation,18,c35q4,12,13,1,416
proportional_domain_ablation,18,c36q0,2,4,2,56
proportional_domain_ablation,18,c36q1,6,13,7,280
proportional_domain_ablation,18,c36q2,11,23,12,504
proportional_domain_ablation,18,c36q3,7,8,1,264
proportional_domain_ablation,18,c36q4,4,4,0,96
proportional_domain_ablation,18,c37q0,1,2,1,24
proportional_domain_ablation,18,c37q1,11,26,15,256
proportional_domain_ablation,18,c37q2,23,60,37,1008
proportional_domain_ablation,18,c37q3,35,93,58,1616
proportional_domain_ablation,18,c37q4,38,80,42,1360
proportional_domain_ablation,18,c38q0,22,39,17,808
proportional_domain_ablation,18,c38q1,40,74,34,2176
proportional_domain_ablation,18,c38q2,151,142,-9,6968
proportional_domain_ablation,18,c38q3,229,150,-79,8488
proportional_domain_ablation,18,c38q4,214,122,-92,8568
proportional_domain_ablation,18,c39q0,4,1,-3,120
proportional_domain_ablation,18,c39q1,38,19,-19,1520
proportional_domain_ablation,18,c39q2,184,113,-71,7728
proportional_domain_ablation,18,c39q3,104,32,-72,3800
proportional_domain_ablation,18,c39q4,77,36,-41,3640
proportional_domain_ablation,19,c00q0,0,1,1,0
proportional_domain_ablation,19,c00q1,4,29,25,280
proportional_domain_ablation,19,c00q2,19,93,74,1016
proportional_domain_ablation,19,c00q3,28,87,59,1104
proportional_domain_ablation,19,c00q4,10,48,38,640
proportional_domain_ablation,19,c01q0,26,43,17,896
proportional_domain_ablation,19,c01q1,31,57,26,1440
proportional_domain_ablation,19,c01q2,77,53,-24,3424
proportional_domain_ablation,19,c01q3,131,119,-12,5112
proportional_domain_ablation,19,c01q4,126,109,-17,5640
proportional_domain_ablation,19,c02q0,0,0,0,0
proportional_domain_ablation,19,c02q1,6,3,-3,328
proportional_domain_ablation,19,c02q2,28,20,-8,1128
proportional_domain_ablation,19,c02q3,38,17,-21,1608
proportional_domain_ablation,19,c02q4,45,23,-22,1600
proportional_domain_ablation,19,c03q0,16,17,1,736
proportional_domain_ablation,19,c03q1,93,122,29,4680
proportional_domain_ablation,19,c03q2,93,91,-2,4744
proportional_domain_ablation,19,c03q3,159,91,-68,7280
proportional_domain_ablation,19,c03q4,101,56,-45,4720
proportional_domain_ablation,19,c04q0,0,1,1,0
proportional_domain_ablation,19,c04q1,1,11,10,16
proportional_domain_ablation,19,c04q2,13,30,17,696
proportional_domain_ablation,19,c04q3,13,18,5,416
proportional_domain_ablation,19,c04q4,5,4,-1,88
proportional_domain_ablation,19,c05q0,1,3,2,48
proportional_domain_ablation,19,c05q1,7,9,2,224
proportional_domain_ablation,19,c05q2,20,57,37,984
proportional_domain_ablation,19,c05q3,50,130,80,2336
proportional_domain_ablation,19,c05q4,30,82,52,1512
proportional_domain_ablation,19,c06q0,0,0,0,0
proportional_domain_ablation,19,c06q1,2,3,1,48
proportional_domain_ablation,19,c06q2,5,27,22,232
proportional_domain_ablation,19,c06q3,28,40,12,1088
proportional_domain_ablation,19,c06q4,18,24,6,896
proportional_domain_ablation,19,c07q0,1,16,15,56
proportional_domain_ablation,19,c07q1,24,36,12,880
proportional_domain_ablation,19,c07q2,59,35,-24,2160
proportional_domain_ablation,19,c07q3,38,26,-12,1896
proportional_domain_ablation,19,c07q4,14,3,-11,432
proportional_domain_ablation,19,c08q0,0,0,0,0
proportional_domain_ablation,19,c08q1,1,4,3,24
proportional_domain_ablation,19,c08q2,6,11,5,192
proportional_domain_ablation,19,c08q3,5,23,18,288
proportional_domain_ablation,19,c08q4,11,6,-5,416
proportional_domain_ablation,19,c09q0,0,5,5,0
proportional_domain_ablation,19,c09q1,3,18,15,56
proportional_domain_ablation,19,c09q2,2,17,15,144
proportional_domain_ablation,19,c09q3,3,18,15,208
proportional_domain_ablation,19,c09q4,2,2,0,48
proportional_domain_ablation,19,c10q0,0,8,8,16
proportional_domain_ablation,19,c10q1,9,31,22,208
proportional_domain_ablation,19,c10q2,4,31,27,336
proportional_domain_ablation,19,c10q3,6,14,8,272
proportional_domain_ablation,19,c10q4,2,10,8,104
proportional_domain_ablation,19,c11q0,0,4,4,40
proportional_domain_ablation,19,c11q1,10,17,7,472
proportional_domain_ablation,19,c11q2,30,56,26,1168
proportional_domain_ablation,19,c11q3,33,32,-1,1000
proportional_domain_ablation,19,c11q4,7,9,2,296
proportional_domain_ablation,19,c12q0,3,3,0,88
proportional_domain_ablation,19,c12q1,35,28,-7,1432
proportional_domain_ablation,19,c12q2,83,48,-35,3248
proportional_domain_ablation,19,c12q3,63,32,-31,3368
proportional_domain_ablation,19,c12q4,29,18,-11,920
proportional_domain_ablation,19,c13q0,0,0,0,0
proportional_domain_ablation,19,c13q1,4,19,15,384
proportional_domain_ablation,19,c13q2,15,52,37,1056
proportional_domain_ablation,19,c13q3,63,116,53,2536
proportional_domain_ablation,19,c13q4,22,53,31,1176
proportional_domain_ablation,19,c14q0,4,25,21,328
proportional_domain_ablation,19,c14q1,119,217,98,4400
proportional_domain_ablation,19,c14q2,256,202,-54,12048
proportional_domain_ablation,19,c14q3,271,172,-99,11680
proportional_domain_ablation,19,c14q4,60,24,-36,2400
proportional_domain_ablation,19,c15q0,0,3,3,0
proportional_domain_ablation,19,c15q1,0,15,15,24
proportional_domain_ablation,19,c15q2,1,47,46,64
proportional_domain_ablation,19,c15q3,1,43,42,64
proportional_domain_ablation,19,c15q4,3,18,15,192
proportional_domain_ablation,19,c16q0,4,2,-2,136
proportional_domain_ablation,19,c16q1,21,15,-6,568
proportional_domain_ablation,19,c16q2,34,28,-6,1304
proportional_domain_ablation,19,c16q3,35,57,22,1504
proportional_domain_ablation,19,c16q4,17,16,-1,600
proportional_domain_ablation,19,c17q0,33,25,-8,1552
proportional_domain_ablation,19,c17q1,96,59,-37,3800
proportional_domain_ablation,19,c17q2,158,102,-56,6392
proportional_domain_ablation,19,c17q3,110,71,-39,4952
proportional_domain_ablation,19,c17q4,40,20,-20,1328
proportional_domain_ablation,19,c18q0,2,6,4,88
proportional_domain_ablation,19,c18q1,12,27,15,704
proportional_domain_ablation,19,c18q2,26,42,16,1224
proportional_domain_ablation,19,c18q3,11,21,10,608
proportional_domain_ablation,19,c18q4,3,9,6,352
proportional_domain_ablation,19,c19q0,0,0,0,0
proportional_domain_ablation,19,c19q1,0,0,0,24
proportional_domain_ablation,19,c19q2,13,0,-13,608
proportional_domain_ablation,19,c19q3,13,0,-13,448
proportional_domain_ablation,19,c19q4,4,0,-4,152
proportional_domain_ablation,19,c20q0,0,1,1,40
proportional_domain_ablation,19,c20q1,32,45,13,968
proportional_domain_ablation,19,c20q2,58,52,-6,2440
proportional_domain_ablation,19,c20q3,33,31,-2,1496
proportional_domain_ablation,19,c20q4,40,11,-29,1848
proportional_domain_ablation,19,c21q0,7,3,-4,208
proportional_domain_ablation,19,c21q1,43,19,-24,1664
proportional_domain_ablation,19,c21q2,102,71,-31,4872
proportional_domain_ablation,19,c21q3,137,95,-42,5728
proportional_domain_ablation,19,c21q4,58,35,-23,2336
proportional_domain_ablation,19,c22q0,0,0,0,0
proportional_domain_ablation,19,c22q1,3,6,3,104
proportional_domain_ablation,19,c22q2,17,10,-7,824
proportional_domain_ablation,19,c22q3,30,22,-8,1456
proportional_domain_ablation,19,c22q4,7,5,-2,504
proportional_domain_ablation,19,c23q0,4,7,3,248
proportional_domain_ablation,19,c23q1,41,47,6,1800
proportional_domain_ablation,19,c23q2,91,78,-13,3560
proportional_domain_ablation,19,c23q3,123,84,-39,4472
proportional_domain_ablation,19,c23q4,84,38,-46,3304
proportional_domain_ablation,19,c24q0,11,5,-6,640
proportional_domain_ablation,19,c24q1,68,56,-12,2800
proportional_domain_ablation,19,c24q2,120,80,-40,5048
proportional_domain_ablation,19,c24q3,89,59,-30,3488
proportional_domain_ablation,19,c24q4,32,33,1,1744
proportional_domain_ablation,19,c25q0,47,36,-11,1816
proportional_domain_ablation,19,c25q1,126,90,-36,5208
proportional_domain_ablation,19,c25q2,183,130,-53,7928
proportional_domain_ablation,19,c25q3,137,103,-34,5368
proportional_domain_ablation,19,c25q4,40,24,-16,2200
proportional_domain_ablation,19,c26q0,0,10,10,0
proportional_domain_ablation,19,c26q1,1,51,50,16
proportional_domain_ablation,19,c26q2,14,138,124,552
proportional_domain_ablation,19,c26q3,20,197,177,928
proportional_domain_ablation,19,c26q4,26,284,258,1240
proportional_domain_ablation,19,c27q0,0,0,0,0
proportional_domain_ablation,19,c27q1,0,4,4,56
proportional_domain_ablation,19,c27q2,8,14,6,288
proportional_domain_ablation,19,c27q3,10,5,-5,432
proportional_domain_ablation,19,c27q4,2,1,-1,168
proportional_domain_ablation,19,c28q0,0,3,3,0
proportional_domain_ablation,19,c28q1,85,144,59,3488
proportional_domain_ablation,19,c28q2,205,173,-32,9456
proportional_domain_ablation,19,c28q3,342,202,-140,14944
proportional_domain_ablation,19,c28q4,177,79,-98,7352
proportional_domain_ablation,19,c29q0,18,32,14,840
proportional_domain_ablation,19,c29q1,30,39,9,1224
proportional_domain_ablation,19,c29q2,80,93,13,3280
proportional_domain_ablation,19,c29q3,84,136,52,4128
proportional_domain_ablation,19,c29q4,83,43,-40,3664
proportional_domain_ablation,19,c30q0,0,2,2,0
proportional_domain_ablation,19,c30q1,10,14,4,896
proportional_domain_ablation,19,c30q2,82,60,-22,3664
proportional_domain_ablation,19,c30q3,300,155,-145,11096
proportional_domain_ablation,19,c30q4,480,286,-194,19664
proportional_domain_ablation,19,c31q0,0,1,1,0
proportional_domain_ablation,19,c31q1,0,10,10,16
proportional_domain_ablation,19,c31q2,3,22,19,64
proportional_domain_ablation,19,c31q3,2,15,13,104
proportional_domain_ablation,19,c31q4,2,5,3,56
proportional_domain_ablation,19,c32q0,7,24,17,280
proportional_domain_ablation,19,c32q1,40,135,95,1768
proportional_domain_ablation,19,c32q2,222,168,-54,10272
proportional_domain_ablation,19,c32q3,407,223,-184,17496
proportional_domain_ablation,19,c32q4,158,87,-71,6632
proportional_domain_ablation,19,c33q0,0,2,2,0
proportional_domain_ablation,19,c33q1,0,25,25,104
proportional_domain_ablation,19,c33q2,4,55,51,288
proportional_domain_ablation,19,c33q3,8,71,63,456
proportional_domain_ablation,19,c33q4,24,58,34,792
proportional_domain_ablation,19,c34q0,0,0,0,0
proportional_domain_ablation,19,c34q1,12,10,-2,288
proportional_domain_ablation,19,c34q2,19,14,-5,856
proportional_domain_ablation,19,c34q3,22,22,0,976
proportional_domain_ablation,19,c34q4,6,12,6,512
proportional_domain_ablation,19,c35q0,0,11,11,64
proportional_domain_ablation,19,c35q1,25,47,22,976
proportional_domain_ablation,19,c35q2,37,72,35,1544
proportional_domain_ablation,19,c35q3,27,47,20,1064
proportional_domain_ablation,19,c35q4,12,13,1,416
proportional_domain_ablation,19,c36q0,2,6,4,56
proportional_domain_ablation,19,c36q1,6,11,5,280
proportional_domain_ablation,19,c36q2,11,23,12,504
proportional_domain_ablation,19,c36q3,7,8,1,264
proportional_domain_ablation,19,c36q4,4,4,0,96
proportional_domain_ablation,19,c37q0,1,4,3,24
proportional_domain_ablation,19,c37q1,11,24,13,256
proportional_domain_ablation,19,c37q2,23,60,37,1008
proportional_domain_ablation,19,c37q3,35,94,59,1616
proportional_domain_ablation,19,c37q4,38,80,42,1360
proportional_domain_ablation,19,c38q0,22,38,16,808
proportional_domain_ablation,19,c38q1,40,74,34,2176
proportional_domain_ablation,19,c38q2,151,142,-9,6968
proportional_domain_ablation,19,c38q3,229,151,-78,8488
proportional_domain_ablation,19,c38q4,214,122,-92,8568
proportional_domain_ablation,19,c39q0,4,0,-4,120
proportional_domain_ablation,19,c39q1,38,19,-19,1520
proportional_domain_ablation,19,c39q2,184,113,-71,7728
proportional_domain_ablation,19,c39q3,104,32,-72,3800
proportional_domain_ablation,19,c39q4,77,36,-41,3640
proportional_domain_ablation,20,c00q0,0,1,1,0
proportional_domain_ablation,20,c00q1,4,29,25,280
proportional_domain_ablation,20,c00q2,19,94,75,1016
proportional_domain_ablation,20,c00q3,28,88,60,1104
proportional_domain_ablation,20,c00q4,10,49,39,640
proportional_domain_ablation,20,c01q0,26,43,17,896
proportional_domain_ablation,20,c01q1,31,55,24,1440
proportional_domain_ablation,20,c01q2,77,54,-23,3424
proportional_domain_ablation,20,c01q3,131,117,-14,5112
proportional_domain_ablation,20,c01q4,126,110,-16,5640
proportional_domain_ablation,20,c02q0,0,0,0,0
proportional_domain_ablation,20,c02q1,6,4,-2,328
proportional_domain_ablation,20,c02q2,28,19,-9,1128
proportional_domain_ablation,20,c02q3,38,20,-18,1608
proportional_domain_ablation,20,c02q4,45,21,-24,1600
proportional_domain_ablation,20,c03q0,16,18,2,736
proportional_domain_ablation,20,c03q1,93,121,28,4680
proportional_domain_ablation,20,c03q2,93,92,-1,4744
proportional_domain_ablation,20,c03q3,159,91,-68,7280
proportional_domain_ablation,20,c03q4,101,57,-44,4720
proportional_domain_ablation,20,c04q0,0,1,1,0
proportional_domain_ablation,20,c04q1,1,12,11,16
proportional_domain_ablation,20,c04q2,13,33,20,696
proportional_domain_ablation,20,c04q3,13,17,4,416
proportional_domain_ablation,20,c04q4,5,1,-4,88
proportional_domain_ablation,20,c05q0,1,2,1,48
proportional_domain_ablation,20,c05q1,7,14,7,224
proportional_domain_ablation,20,c05q2,20,54,34,984
proportional_domain_ablation,20,c05q3,50,131,81,2336
proportional_domain_ablation,20,c05q4,30,81,51,1512
proportional_domain_ablation,20,c06q0,0,1,1,0
proportional_domain_ablation,20,c06q1,2,6,4,48
proportional_domain_ablation,20,c06q2,5,29,24,232
proportional_domain_ablation,20,c06q3,28,33,5,1088
proportional_domain_ablation,20,c06q4,18,26,8,896
proportional_domain_ablation,20,c07q0,1,17,16,56
proportional_domain_ablation,20,c07q1,24,38,14,880
proportional_domain_ablation,20,c07q2,59,36,-23,2160
proportional_domain_ablation,20,c07q3,38,23,-15,1896
proportional_domain_ablation,20,c07q4,14,5,-9,432
proportional_domain_ablation,20,c08q0,0,1,1,0
proportional_domain_ablation,20,c08q1,1,2,1,24
proportional_domain_ablation,20,c08q2,6,14,8,192
proportional_domain_ablation,20,c08q3,5,18,13,288
proportional_domain_ablation,20,c08q4,11,13,2,416
proportional_domain_ablation,20,c09q0,0,3,3,0
proportional_domain_ablation,20,c09q1,3,14,11,56
proportional_domain_ablation,20,c09q2,2,16,14,144
proportional_domain_ablation,20,c09q3,3,23,20,208
proportional_domain_ablation,20,c09q4,2,3,1,48
proportional_domain_ablation,20,c10q0,0,3,3,16
proportional_domain_ablation,20,c10q1,9,31,22,208
proportional_domain_ablation,20,c10q2,4,31,27,336
proportional_domain_ablation,20,c10q3,6,21,15,272
proportional_domain_ablation,20,c10q4,2,6,4,104
proportional_domain_ablation,20,c11q0,0,2,2,40
proportional_domain_ablation,20,c11q1,10,21,11,472
proportional_domain_ablation,20,c11q2,30,52,22,1168
proportional_domain_ablation,20,c11q3,33,35,2,1000
proportional_domain_ablation,20,c11q4,7,7,0,296
proportional_domain_ablation,20,c12q0,3,7,4,88
proportional_domain_ablation,20,c12q1,35,23,-12,1432
proportional_domain_ablation,20,c12q2,83,48,-35,3248
proportional_domain_ablation,20,c12q3,63,40,-23,3368
proportional_domain_ablation,20,c12q4,29,14,-15,920
proportional_domain_ablation,20,c13q0,0,1,1,0
proportional_domain_ablation,20,c13q1,4,22,18,384
proportional_domain_ablation,20,c13q2,15,46,31,1056
proportional_domain_ablation,20,c13q3,63,123,60,2536
proportional_domain_ablation,20,c13q4,22,49,27,1176
proportional_domain_ablation,20,c14q0,4,22,18,328
proportional_domain_ablation,20,c14q1,119,222,103,4400
proportional_domain_ablation,20,c14q2,256,203,-53,12048
proportional_domain_ablation,20,c14q3,271,167,-104,11680
proportional_domain_ablation,20,c14q4,60,28,-32,2400
proportional_domain_ablation,20,c15q0,0,1,1,0
proportional_domain_ablation,20,c15q1,0,19,19,24
proportional_domain_ablation,20,c15q2,1,50,49,64
proportional_domain_ablation,20,c15q3,1,38,37,64
proportional_domain_ablation,20,c15q4,3,16,13,192
proportional_domain_ablation,20,c16q0,4,3,-1,136
proportional_domain_ablation,20,c16q1,21,17,-4,568
proportional_domain_ablation,20,c16q2,34,33,-1,1304
proportional_domain_ablation,20,c16q3,35,54,19,1504
proportional_domain_ablation,20,c16q4,17,12,-5,600
proportional_domain_ablation,20,c17q0,33,30,-3,1552
proportional_domain_ablation,20,c17q1,96,57,-39,3800
proportional_domain_ablation,20,c17q2,158,97,-61,6392
proportional_domain_ablation,20,c17q3,110,77,-33,4952
proportional_domain_ablation,20,c17q4,40,23,-17,1328
proportional_domain_ablation,20,c18q0,2,3,1,88
proportional_domain_ablation,20,c18q1,12,29,17,704
proportional_domain_ablation,20,c18q2,26,38,12,1224
proportional_domain_ablation,20,c18q3,11,24,13,608
proportional_domain_ablation,20,c18q4,3,8,5,352
proportional_domain_ablation,20,c19q0,0,6,6,0
proportional_domain_ablation,20,c19q1,0,25,25,24
proportional_domain_ablation,20,c19q2,13,41,28,608
proportional_domain_ablation,20,c19q3,13,21,8,448
proportional_domain_ablation,20,c19q4,4,6,2,152
proportional_domain_ablation,20,c20q0,0,0,0,40
proportional_domain_ablation,20,c20q1,32,0,-32,968
proportional_domain_ablation,20,c20q2,58,0,-58,2440
proportional_domain_ablation,20,c20q3,33,0,-33,1496
proportional_domain_ablation,20,c20q4,40,0,-40,1848
proportional_domain_ablation,20,c21q0,7,5,-2,208
proportional_domain_ablation,20,c21q1,43,19,-24,1664
proportional_domain_ablation,20,c21q2,102,61,-41,4872
proportional_domain_ablation,20,c21q3,137,95,-42,5728
proportional_domain_ablation,20,c21q4,58,40,-18,2336
proportional_domain_ablation,20,c22q0,0,0,0,0
proportional_domain_ablation,20,c22q1,3,1,-2,104
proportional_domain_ablation,20,c22q2,17,16,-1,824
proportional_domain_ablation,20,c22q3,30,16,-14,1456
proportional_domain_ablation,20,c22q4,7,3,-4,504
proportional_domain_ablation,20,c23q0,4,16,12,248
proportional_domain_ablation,20,c23q1,41,40,-1,1800
proportional_domain_ablation,20,c23q2,91,84,-7,3560
proportional_domain_ablation,20,c23q3,123,84,-39,4472
proportional_domain_ablation,20,c23q4,84,41,-43,3304
proportional_domain_ablation,20,c24q0,11,13,2,640
proportional_domain_ablation,20,c24q1,68,44,-24,2800
proportional_domain_ablation,20,c24q2,120,85,-35,5048
proportional_domain_ablation,20,c24q3,89,55,-34,3488
proportional_domain_ablation,20,c24q4,32,31,-1,1744
proportional_domain_ablation,20,c25q0,47,36,-11,1816
proportional_domain_ablation,20,c25q1,126,87,-39,5208
proportional_domain_ablation,20,c25q2,183,137,-46,7928
proportional_domain_ablation,20,c25q3,137,98,-39,5368
proportional_domain_ablation,20,c25q4,40,29,-11,2200
proportional_domain_ablation,20,c26q0,0,19,19,0
proportional_domain_ablation,20,c26q1,1,45,44,16
proportional_domain_ablation,20,c26q2,14,141,127,552
proportional_domain_ablation,20,c26q3,20,199,179,928
proportional_domain_ablation,20,c26q4,26,282,256,1240
proportional_domain_ablation,20,c27q0,0,0,0,0
proportional_domain_ablation,20,c27q1,0,4,4,56
proportional_domain_ablation,20,c27q2,8,9,1,288
proportional_domain_ablation,20,c27q3,10,8,-2,432
proportional_domain_ablation,20,c27q4,2,0,-2,168
proportional_domain_ablation,20,c28q0,0,2,2,0
proportional_domain_ablation,20,c28q1,85,150,65,3488
proportional_domain_ablation,20,c28q2,205,167,-38,9456
proportional_domain_ablation,20,c28q3,342,211,-131,14944
proportional_domain_ablation,20,c28q4,177,78,-99,7352
proportional_domain_ablation,20,c29q0,18,22,4,840
proportional_domain_ablation,20,c29q1,30,44,14,1224
proportional_domain_ablation,20,c29q2,80,94,14,3280
proportional_domain_ablation,20,c29q3,84,139,55,4128
proportional_domain_ablation,20,c29q4,83,38,-45,3664
proportional_domain_ablation,20,c30q0,0,1,1,0
proportional_domain_ablation,20,c30q1,10,20,10,896
proportional_domain_ablation,20,c30q2,82,61,-21,3664
proportional_domain_ablation,20,c30q3,300,152,-148,11096
proportional_domain_ablation,20,c30q4,480,292,-188,19664
proportional_domain_ablation,20,c31q0,0,1,1,0
proportional_domain_ablation,20,c31q1,0,5,5,16
proportional_domain_ablation,20,c31q2,3,26,23,64
proportional_domain_ablation,20,c31q3,2,15,13,104
proportional_domain_ablation,20,c31q4,2,8,6,56
proportional_domain_ablation,20,c32q0,7,21,14,280
proportional_domain_ablation,20,c32q1,40,136,96,1768
proportional_domain_ablation,20,c32q2,222,171,-51,10272
proportional_domain_ablation,20,c32q3,407,223,-184,17496
proportional_domain_ablation,20,c32q4,158,85,-73,6632
proportional_domain_ablation,20,c33q0,0,1,1,0
proportional_domain_ablation,20,c33q1,0,29,29,104
proportional_domain_ablation,20,c33q2,4,57,53,288
proportional_domain_ablation,20,c33q3,8,63,55,456
proportional_domain_ablation,20,c33q4,24,68,44,792
proportional_domain_ablation,20,c34q0,0,0,0,0
proportional_domain_ablation,20,c34q1,12,2,-10,288
proportional_domain_ablation,20,c34q2,19,18,-1,856
proportional_domain_ablation,20,c34q3,22,21,-1,976
proportional_domain_ablation,20,c34q4,6,10,4,512
proportional_domain_ablation,20,c35q0,0,12,12,64
proportional_domain_ablation,20,c35q1,25,47,22,976
proportional_domain_ablation,20,c35q2,37,73,36,1544
proportional_domain_ablation,20,c35q3,27,47,20,1064
proportional_domain_ablation,20,c35q4,12,16,4,416
proportional_domain_ablation,20,c36q0,2,3,1,56
proportional_domain_ablation,20,c36q1,6,15,9,280
proportional_domain_ablation,20,c36q2,11,21,10,504
proportional_domain_ablation,20,c36q3,7,10,3,264
proportional_domain_ablation,20,c36q4,4,3,-1,96
proportional_domain_ablation,20,c37q0,1,4,3,24
proportional_domain_ablation,20,c37q1,11,23,12,256
proportional_domain_ablation,20,c37q2,23,62,39,1008
proportional_domain_ablation,20,c37q3,35,91,56,1616
proportional_domain_ablation,20,c37q4,38,83,45,1360
proportional_domain_ablation,20,c38q0,22,37,15,808
proportional_domain_ablation,20,c38q1,40,74,34,2176
proportional_domain_ablation,20,c38q2,151,146,-5,6968
proportional_domain_ablation,20,c38q3,229,149,-80,8488
proportional_domain_ablation,20,c38q4,214,122,-92,8568
proportional_domain_ablation,20,c39q0,4,2,-2,120
proportional_domain_ablation,20,c39q1,38,19,-19,1520
proportional_domain_ablation,20,c39q2,184,111,-73,7728
proportional_domain_ablation,20,c39q3,104,34,-70,3800
proportional_domain_ablation,20,c39q4,77,36,-41,3640
proportional_domain_ablation,21,c00q0,0,1,1,0
proportional_domain_ablation,21,c00q1,4,30,26,280
proportional_domain_ablation,21,c00q2,19,95,76,1016
proportional_domain_ablation,21,c00q3,28,88,60,1104
proportional_domain_ablation,21,c00q4,10,48,38,640
proportional_domain_ablation,21,c01q0,26,46,20,896
proportional_domain_ablation,21,c01q1,31,53,22,1440
proportional_domain_ablation,21,c01q2,77,54,-23,3424
proportional_domain_ablation,21,c01q3,131,124,-7,5112
proportional_domain_ablation,21,c01q4,126,104,-22,5640
proportional_domain_ablation,21,c02q0,0,0,0,0
proportional_domain_ablation,21,c02q1,6,6,0,328
proportional_domain_ablation,21,c02q2,28,19,-9,1128
proportional_domain_ablation,21,c02q3,38,18,-20,1608
proportional_domain_ablation,21,c02q4,45,26,-19,1600
proportional_domain_ablation,21,c03q0,16,13,-3,736
proportional_domain_ablation,21,c03q1,93,123,30,4680
proportional_domain_ablation,21,c03q2,93,91,-2,4744
proportional_domain_ablation,21,c03q3,159,94,-65,7280
proportional_domain_ablation,21,c03q4,101,59,-42,4720
proportional_domain_ablation,21,c04q0,0,1,1,0
proportional_domain_ablation,21,c04q1,1,10,9,16
proportional_domain_ablation,21,c04q2,13,34,21,696
proportional_domain_ablation,21,c04q3,13,14,1,416
proportional_domain_ablation,21,c04q4,5,3,-2,88
proportional_domain_ablation,21,c05q0,1,1,0,48
proportional_domain_ablation,21,c05q1,7,15,8,224
proportional_domain_ablation,21,c05q2,20,55,35,984
proportional_domain_ablation,21,c05q3,50,139,89,2336
proportional_domain_ablation,21,c05q4,30,79,49,1512
proportional_domain_ablation,21,c06q0,0,0,0,0
proportional_domain_ablation,21,c06q1,2,5,3,48
proportional_domain_ablation,21,c06q2,5,34,29,232
proportional_domain_ablation,21,c06q3,28,28,0,1088
proportional_domain_ablation,21,c06q4,18,27,9,896
proportional_domain_ablation,21,c07q0,1,19,18,56
proportional_domain_ablation,21,c07q1,24,33,9,880
proportional_domain_ablation,21,c07q2,59,36,-23,2160
proportional_domain_ablation,21,c07q3,38,21,-17,1896
proportional_domain_ablation,21,c07q4,14,5,-9,432
proportional_domain_ablation,21,c08q0,0,0,0,0
proportional_domain_ablation,21,c08q1,1,2,1,24
proportional_domain_ablation,21,c08q2,6,18,12,192
proportional_domain_ablation,21,c08q3,5,24,19,288
proportional_domain_ablation,21,c08q4,11,12,1,416
proportional_domain_ablation,21,c09q0,0,1,1,0
proportional_domain_ablation,21,c09q1,3,5,2,56
proportional_domain_ablation,21,c09q2,2,25,23,144
proportional_domain_ablation,21,c09q3,3,19,16,208
proportional_domain_ablation,21,c09q4,2,6,4,48
proportional_domain_ablation,21,c10q0,0,4,4,16
proportional_domain_ablation,21,c10q1,9,32,23,208
proportional_domain_ablation,21,c10q2,4,24,20,336
proportional_domain_ablation,21,c10q3,6,26,20,272
proportional_domain_ablation,21,c10q4,2,6,4,104
proportional_domain_ablation,21,c11q0,0,3,3,40
proportional_domain_ablation,21,c11q1,10,27,17,472
proportional_domain_ablation,21,c11q2,30,49,19,1168
proportional_domain_ablation,21,c11q3,33,32,-1,1000
proportional_domain_ablation,21,c11q4,7,9,2,296
proportional_domain_ablation,21,c12q0,3,1,-2,88
proportional_domain_ablation,21,c12q1,35,28,-7,1432
proportional_domain_ablation,21,c12q2,83,40,-43,3248
proportional_domain_ablation,21,c12q3,63,46,-17,3368
proportional_domain_ablation,21,c12q4,29,14,-15,920
proportional_domain_ablation,21,c13q0,0,0,0,0
proportional_domain_ablation,21,c13q1,4,26,22,384
proportional_domain_ablation,21,c13q2,15,44,29,1056
proportional_domain_ablation,21,c13q3,63,123,60,2536
proportional_domain_ablation,21,c13q4,22,52,30,1176
proportional_domain_ablation,21,c14q0,4,17,13,328
proportional_domain_ablation,21,c14q1,119,227,108,4400
proportional_domain_ablation,21,c14q2,256,202,-54,12048
proportional_domain_ablation,21,c14q3,271,171,-100,11680
proportional_domain_ablation,21,c14q4,60,27,-33,2400
proportional_domain_ablation,21,c15q0,0,2,2,0
proportional_domain_ablation,21,c15q1,0,23,23,24
proportional_domain_ablation,21,c15q2,1,52,51,64
proportional_domain_ablation,21,c15q3,1,29,28,64
proportional_domain_ablation,21,c15q4,3,15,12,192
proportional_domain_ablation,21,c16q0,4,6,2,136
proportional_domain_ablation,21,c16q1,21,9,-12,568
proportional_domain_ablation,21,c16q2,34,49,15,1304
proportional_domain_ablation,21,c16q3,35,48,13,1504
proportional_domain_ablation,21,c16q4,17,14,-3,600
proportional_domain_ablation,21,c17q0,33,25,-8,1552
proportional_domain_ablation,21,c17q1,96,62,-34,3800
proportional_domain_ablation,21,c17q2,158,100,-58,6392
proportional_domain_ablation,21,c17q3,110,75,-35,4952
proportional_domain_ablation,21,c17q4,40,24,-16,1328
proportional_domain_ablation,21,c18q0,2,4,2,88
proportional_domain_ablation,21,c18q1,12,23,11,704
proportional_domain_ablation,21,c18q2,26,43,17,1224
proportional_domain_ablation,21,c18q3,11,31,20,608
proportional_domain_ablation,21,c18q4,3,4,1,352
proportional_domain_ablation,21,c19q0,0,4,4,0
proportional_domain_ablation,21,c19q1,0,23,23,24
proportional_domain_ablation,21,c19q2,13,37,24,608
proportional_domain_ablation,21,c19q3,13,25,12,448
proportional_domain_ablation,21,c19q4,4,3,-1,152
proportional_domain_ablation,21,c20q0,0,2,2,40
proportional_domain_ablation,21,c20q1,32,36,4,968
proportional_domain_ablation,21,c20q2,58,57,-1,2440
proportional_domain_ablation,21,c20q3,33,34,1,1496
proportional_domain_ablation,21,c20q4,40,26,-14,1848
proportional_domain_ablation,21,c21q0,7,0,-7,208
proportional_domain_ablation,21,c21q1,43,0,-43,1664
proportional_domain_ablation,21,c21q2,102,0,-102,4872
proportional_domain_ablation,21,c21q3,137,0,-137,5728
proportional_domain_ablation,21,c21q4,58,0,-58,2336
proportional_domain_ablation,21,c22q0,0,0,0,0
proportional_domain_ablation,21,c22q1,3,5,2,104
proportional_domain_ablation,21,c22q2,17,11,-6,824
proportional_domain_ablation,21,c22q3,30,22,-8,1456
proportional_domain_ablation,21,c22q4,7,6,-1,504
proportional_domain_ablation,21,c23q0,4,17,13,248
proportional_domain_ablation,21,c23q1,41,47,6,1800
proportional_domain_ablation,21,c23q2,91,71,-20,3560
proportional_domain_ablation,21,c23q3,123,89,-34,4472
proportional_domain_ablation,21,c23q4,84,41,-43,3304
proportional_domain_ablation,21,c24q0,11,16,5,640
proportional_domain_ablation,21,c24q1,68,45,-23,2800
proportional_domain_ablation,21,c24q2,120,91,-29,5048
proportional_domain_ablation,21,c24q3,89,49,-40,3488
proportional_domain_ablation,21,c24q4,32,25,-7,1744
proportional_domain_ablation,21,c25q0,47,40,-7,1816
proportional_domain_ablation,21,c25q1,126,98,-28,5208
proportional_domain_ablation,21,c25q2,183,133,-50,7928
proportional_domain_ablation,21,c25q3,137,92,-45,5368
proportional_domain_ablation,21,c25q4,40,26,-14,2200
proportional_domain_ablation,21,c26q0,0,17,17,0
proportional_domain_ablation,21,c26q1,1,65,64,16
proportional_domain_ablation,21,c26q2,14,134,120,552
proportional_domain_ablation,21,c26q3,20,203,183,928
proportional_domain_ablation,21,c26q4,26,286,260,1240
proportional_domain_ablation,21,c27q0,0,0,0,0
proportional_domain_ablation,21,c27q1,0,2,2,56
proportional_domain_ablation,21,c27q2,8,6,-2,288
proportional_domain_ablation,21,c27q3,10,7,-3,432
proportional_domain_ablation,21,c27q4,2,1,-1,168
proportional_domain_ablation,21,c28q0,0,2,2,0
proportional_domain_ablation,21,c28q1,85,151,66,3488
proportional_domain_ablation,21,c28q2,205,164,-41,9456
proportional_domain_ablation,21,c28q3,342,212,-130,14944
proportional_domain_ablation,21,c28q4,177,88,-89,7352
proportional_domain_ablation,21,c29q0,18,18,0,840
proportional_domain_ablation,21,c29q1,30,39,9,1224
proportional_domain_ablation,21,c29q2,80,94,14,3280
proportional_domain_ablation,21,c29q3,84,139,55,4128
proportional_domain_ablation,21,c29q4,83,42,-41,3664
proportional_domain_ablation,21,c30q0,0,1,1,0
proportional_domain_ablation,21,c30q1,10,17,7,896
proportional_domain_ablation,21,c30q2,82,66,-16,3664
proportional_domain_ablation,21,c30q3,300,152,-148,11096
proportional_domain_ablation,21,c30q4,480,296,-184,19664
proportional_domain_ablation,21,c31q0,0,0,0,0
proportional_domain_ablation,21,c31q1,0,4,4,16
proportional_domain_ablation,21,c31q2,3,17,14,64
proportional_domain_ablation,21,c31q3,2,23,21,104
proportional_domain_ablation,21,c31q4,2,11,9,56
proportional_domain_ablation,21,c32q0,7,21,14,280
proportional_domain_ablation,21,c32q1,40,137,97,1768
proportional_domain_ablation,21,c32q2,222,171,-51,10272
proportional_domain_ablation,21,c32q3,407,227,-180,17496
proportional_domain_ablation,21,c32q4,158,80,-78,6632
proportional_domain_ablation,21,c33q0,0,3,3,0
proportional_domain_ablation,21,c33q1,0,29,29,104
proportional_domain_ablation,21,c33q2,4,60,56,288
proportional_domain_ablation,21,c33q3,8,57,49,456
proportional_domain_ablation,21,c33q4,24,71,47,792
proportional_domain_ablation,21,c34q0,0,0,0,0
proportional_domain_ablation,21,c34q1,12,7,-5,288
proportional_domain_ablation,21,c34q2,19,18,-1,856
proportional_domain_ablation,21,c34q3,22,17,-5,976
proportional_domain_ablation,21,c34q4,6,12,6,512
proportional_domain_ablation,21,c35q0,0,9,9,64
proportional_domain_ablation,21,c35q1,25,48,23,976
proportional_domain_ablation,21,c35q2,37,74,37,1544
proportional_domain_ablation,21,c35q3,27,50,23,1064
proportional_domain_ablation,21,c35q4,12,12,0,416
proportional_domain_ablation,21,c36q0,2,4,2,56
proportional_domain_ablation,21,c36q1,6,21,15,280
proportional_domain_ablation,21,c36q2,11,18,7,504
proportional_domain_ablation,21,c36q3,7,12,5,264
proportional_domain_ablation,21,c36q4,4,3,-1,96
proportional_domain_ablation,21,c37q0,1,3,2,24
proportional_domain_ablation,21,c37q1,11,20,9,256
proportional_domain_ablation,21,c37q2,23,67,44,1008
proportional_domain_ablation,21,c37q3,35,86,51,1616
proportional_domain_ablation,21,c37q4,38,83,45,1360
proportional_domain_ablation,21,c38q0,22,39,17,808
proportional_domain_ablation,21,c38q1,40,74,34,2176
proportional_domain_ablation,21,c38q2,151,148,-3,6968
proportional_domain_ablation,21,c38q3,229,152,-77,8488
proportional_domain_ablation,21,c38q4,214,120,-94,8568
proportional_domain_ablation,21,c39q0,4,2,-2,120
proportional_domain_ablation,21,c39q1,38,21,-17,1520
proportional_domain_ablation,21,c39q2,184,110,-74,7728
proportional_domain_ablation,21,c39q3,104,34,-70,3800
proportional_domain_ablation,21,c39q4,77,37,-40,3640
proportional_domain_ablation,22,c00q0,0,1,1,0
proportional_domain_ablation,22,c00q1,4,29,25,280
proportional_domain_ablation,22,c00q2,19,92,73,1016
proportional_domain_ablation,22,c00q3,28,86,58,1104
proportional_domain_ablation,22,c00q4,10,48,38,640
proportional_domain_ablation,22,c01q0,26,44,18,896
proportional_domain_ablation,22,c01q1,31,53,22,1440
proportional_domain_ablation,22,c01q2,77,55,-22,3424
proportional_domain_ablation,22,c01q3,131,119,-12,5112
proportional_domain_ablation,22,c01q4,126,109,-17,5640
proportional_domain_ablation,22,c02q0,0,0,0,0
proportional_domain_ablation,22,c02q1,6,3,-3,328
proportional_domain_ablation,22,c02q2,28,16,-12,1128
proportional_domain_ablation,22,c02q3,38,23,-15,1608
proportional_domain_ablation,22,c02q4,45,22,-23,1600
proportional_domain_ablation,22,c03q0,16,17,1,736
proportional_domain_ablation,22,c03q1,93,117,24,4680
proportional_domain_ablation,22,c03q2,93,94,1,4744
proportional_domain_ablation,22,c03q3,159,81,-78,7280
proportional_domain_ablation,22,c03q4,101,65,-36,4720
proportional_domain_ablation,22,c04q0,0,1,1,0
proportional_domain_ablation,22,c04q1,1,8,7,16
proportional_domain_ablation,22,c04q2,13,28,15,696
proportional_domain_ablation,22,c04q3,13,23,10,416
proportional_domain_ablation,22,c04q4,5,3,-2,88
proportional_domain_ablation,22,c05q0,1,2,1,48
proportional_domain_ablation,22,c05q1,7,11,4,224
proportional_domain_ablation,22,c05q2,20,54,34,984
proportional_domain_ablation,22,c05q3,50,129,79,2336
proportional_domain_ablation,22,c05q4,30,81,51,1512
proportional_domain_ablation,22,c06q0,0,0,0,0
proportional_domain_ablation,22,c06q1,2,5,3,48
proportional_domain_ablation,22,c06q2,5,25,20,232
proportional_domain_ablation,22,c06q3,28,39,11,1088
proportional_domain_ablation,22,c06q4,18,20,2,896
proportional_domain_ablation,22,c07q0,1,20,19,56
proportional_domain_ablation,22,c07q1,24,34,10,880
proportional_domain_ablation,22,c07q2,59,39,-20,2160
proportional_domain_ablation,22,c07q3,38,29,-9,1896
proportional_domain_ablation,22,c07q4,14,3,-11,432
proportional_domain_ablation,22,c08q0,0,0,0,0
proportional_domain_ablation,22,c08q1,1,2,1,24
proportional_domain_ablation,22,c08q2,6,11,5,192
proportional_domain_ablation,22,c08q3,5,19,14,288
proportional_domain_ablation,22,c08q4,11,11,0,416
proportional_domain_ablation,22,c09q0,0,1,1,0
proportional_domain_ablation,22,c09q1,3,12,9,56
proportional_domain_ablation,22,c09q2,2,27,25,144
proportional_domain_ablation,22,c09q3,3,11,8,208
proportional_domain_ablation,22,c09q4,2,2,0,48
proportional_domain_ablation,22,c10q0,0,9,9,16
proportional_domain_ablation,22,c10q1,9,33,24,208
proportional_domain_ablation,22,c10q2,4,35,31,336
proportional_domain_ablation,22,c10q3,6,13,7,272
proportional_domain_ablation,22,c10q4,2,2,0,104
proportional_domain_ablation,22,c11q0,0,2,2,40
proportional_domain_ablation,22,c11q1,10,20,10,472
proportional_domain_ablation,22,c11q2,30,55,25,1168
proportional_domain_ablation,22,c11q3,33,30,-3,1000
proportional_domain_ablation,22,c11q4,7,14,7,296
proportional_domain_ablation,22,c12q0,3,3,0,88
proportional_domain_ablation,22,c12q1,35,26,-9,1432
proportional_domain_ablation,22,c12q2,83,49,-34,3248
proportional_domain_ablation,22,c12q3,63,38,-25,3368
proportional_domain_ablation,22,c12q4,29,8,-21,920
proportional_domain_ablation,22,c13q0,0,0,0,0
proportional_domain_ablation,22,c13q1,4,24,20,384
proportional_domain_ablation,22,c13q2,15,54,39,1056
proportional_domain_ablation,22,c13q3,63,113,50,2536
proportional_domain_ablation,22,c13q4,22,50,28,1176
proportional_domain_ablation,22,c14q0,4,23,19,328
proportional_domain_ablation,22,c14q1,119,214,95,4400
proportional_domain_ablation,22,c14q2,256,203,-53,12048
proportional_domain_ablation,22,c14q3,271,175,-96,11680
proportional_domain_ablation,22,c14q4,60,25,-35,2400
proportional_domain_ablation,22,c15q0,0,1,1,0
proportional_domain_ablation,22,c15q1,0,15,15,24
proportional_domain_ablation,22,c15q2,1,42,41,64
proportional_domain_ablation,22,c15q3,1,37,36,64
proportional_domain_ablation,22,c15q4,3,28,25,192
proportional_domain_ablation,22,c16q0,4,4,0,136
proportional_domain_ablation,22,c16q1,21,16,-5,568
proportional_domain_ablation,22,c16q2,34,34,0,1304
proportional_domain_ablation,22,c16q3,35,38,3,1504
proportional_domain_ablation,22,c16q4,17,19,2,600
proportional_domain_ablation,22,c17q0,33,31,-2,1552
proportional_domain_ablation,22,c17q1,96,58,-38,3800
proportional_domain_ablation,22,c17q2,158,104,-54,6392
proportional_domain_ablation,22,c17q3,110,67,-43,4952
proportional_domain_ablation,22,c17q4,40,20,-20,1328
proportional_domain_ablation,22,c18q0,2,4,2,88
proportional_domain_ablation,22,c18q1,12,29,17,704
proportional_domain_ablation,22,c18q2,26,45,19,1224
proportional_domain_ablation,22,c18q3,11,21,10,608
proportional_domain_ablation,22,c18q4,3,1,-2,352
proportional_domain_ablation,22,c19q0,0,6,6,0
proportional_domain_ablation,22,c19q1,0,24,24,24
proportional_domain_ablation,22,c19q2,13,44,31,608
proportional_domain_ablation,22,c19q3,13,26,13,448
proportional_domain_ablation,22,c19q4,4,8,4,152
proportional_domain_ablation,22,c20q0,0,3,3,40
proportional_domain_ablation,22,c20q1,32,31,-1,968
proportional_domain_ablation,22,c20q2,58,44,-14,2440
proportional_domain_ablation,22,c20q3,33,34,1,1496
proportional_domain_ablation,22,c20q4,40,18,-22,1848
proportional_domain_ablation,22,c21q0,7,3,-4,208
proportional_domain_ablation,22,c21q1,43,24,-19,1664
proportional_domain_ablation,22,c21q2,102,85,-17,4872
proportional_domain_ablation,22,c21q3,137,86,-51,5728
proportional_domain_ablation,22,c21q4,58,32,-26,2336
proportional_domain_ablation,22,c22q0,0,0,0,0
proportional_domain_ablation,22,c22q1,3,0,-3,104
proportional_domain_ablation,22,c22q2,17,0,-17,824
proportional_domain_ablation,22,c22q3,30,0,-30,1456
proportional_domain_ablation,22,c22q4,7,0,-7,504
proportional_domain_ablation,22,c23q0,4,18,14,248
proportional_domain_ablation,22,c23q1,41,45,4,1800
proportional_domain_ablation,22,c23q2,91,71,-20,3560
proportional_domain_ablation,22,c23q3,123,84,-39,4472
proportional_domain_ablation,22,c23q4,84,37,-47,3304
proportional_domain_ablation,22,c24q0,11,13,2,640
proportional_domain_ablation,22,c24q1,68,56,-12,2800
proportional_domain_ablation,22,c24q2,120,74,-46,5048
proportional_domain_ablation,22,c24q3,89,60,-29,3488
proportional_domain_ablation,22,c24q4,32,32,0,1744
proportional_domain_ablation,22,c25q0,47,34,-13,1816
proportional_domain_ablation,22,c25q1,126,97,-29,5208
proportional_domain_ablation,22,c25q2,183,125,-58,7928
proportional_domain_ablation,22,c25q3,137,99,-38,5368
proportional_domain_ablation,22,c25q4,40,20,-20,2200
proportional_domain_ablation,22,c26q0,0,11,11,0
proportional_domain_ablation,22,c26q1,1,53,52,16
proportional_domain_ablation,22,c26q2,14,140,126,552
proportional_domain_ablation,22,c26q3,20,194,174,928
proportional_domain_ablation,22,c26q4,26,282,256,1240
proportional_domain_ablation,22,c27q0,0,0,0,0
proportional_domain_ablation,22,c27q1,0,2,2,56
proportional_domain_ablation,22,c27q2,8,11,3,288
proportional_domain_ablation,22,c27q3,10,6,-4,432
proportional_domain_ablation,22,c27q4,2,3,1,168
proportional_domain_ablation,22,c28q0,0,3,3,0
proportional_domain_ablation,22,c28q1,85,141,56,3488
proportional_domain_ablation,22,c28q2,205,176,-29,9456
proportional_domain_ablation,22,c28q3,342,194,-148,14944
proportional_domain_ablation,22,c28q4,177,85,-92,7352
proportional_domain_ablation,22,c29q0,18,30,12,840
proportional_domain_ablation,22,c29q1,30,39,9,1224
proportional_domain_ablation,22,c29q2,80,93,13,3280
proportional_domain_ablation,22,c29q3,84,134,50,4128
proportional_domain_ablation,22,c29q4,83,42,-41,3664
proportional_domain_ablation,22,c30q0,0,0,0,0
proportional_domain_ablation,22,c30q1,10,19,9,896
proportional_domain_ablation,22,c30q2,82,60,-22,3664
proportional_domain_ablation,22,c30q3,300,153,-147,11096
proportional_domain_ablation,22,c30q4,480,288,-192,19664
proportional_domain_ablation,22,c31q0,0,0,0,0
proportional_domain_ablation,22,c31q1,0,4,4,16
proportional_domain_ablation,22,c31q2,3,20,17,64
proportional_domain_ablation,22,c31q3,2,11,9,104
proportional_domain_ablation,22,c31q4,2,6,4,56
proportional_domain_ablation,22,c32q0,7,29,22,280
proportional_domain_ablation,22,c32q1,40,133,93,1768
proportional_domain_ablation,22,c32q2,222,163,-59,10272
proportional_domain_ablation,22,c32q3,407,225,-182,17496
proportional_domain_ablation,22,c32q4,158,88,-70,6632
proportional_domain_ablation,22,c33q0,0,3,3,0
proportional_domain_ablation,22,c33q1,0,20,20,104
proportional_domain_ablation,22,c33q2,4,58,54,288
proportional_domain_ablation,22,c33q3,8,69,61,456
proportional_domain_ablation,22,c33q4,24,63,39,792
proportional_domain_ablation,22,c34q0,0,0,0,0
proportional_domain_ablation,22,c34q1,12,4,-8,288
proportional_domain_ablation,22,c34q2,19,20,1,856
proportional_domain_ablation,22,c34q3,22,17,-5,976
proportional_domain_ablation,22,c34q4,6,10,4,512
proportional_domain_ablation,22,c35q0,0,14,14,64
proportional_domain_ablation,22,c35q1,25,52,27,976
proportional_domain_ablation,22,c35q2,37,62,25,1544
proportional_domain_ablation,22,c35q3,27,52,25,1064
proportional_domain_ablation,22,c35q4,12,12,0,416
proportional_domain_ablation,22,c36q0,2,2,0,56
proportional_domain_ablation,22,c36q1,6,15,9,280
proportional_domain_ablation,22,c36q2,11,20,9,504
proportional_domain_ablation,22,c36q3,7,7,0,264
proportional_domain_ablation,22,c36q4,4,4,0,96
proportional_domain_ablation,22,c37q0,1,5,4,24
proportional_domain_ablation,22,c37q1,11,28,17,256
proportional_domain_ablation,22,c37q2,23,58,35,1008
proportional_domain_ablation,22,c37q3,35,95,60,1616
proportional_domain_ablation,22,c37q4,38,78,40,1360
proportional_domain_ablation,22,c38q0,22,38,16,808
proportional_domain_ablation,22,c38q1,40,72,32,2176
proportional_domain_ablation,22,c38q2,151,140,-11,6968
proportional_domain_ablation,22,c38q3,229,151,-78,8488
proportional_domain_ablation,22,c38q4,214,120,-94,8568
proportional_domain_ablation,22,c39q0,4,2,-2,120
proportional_domain_ablation,22,c39q1,38,20,-18,1520
proportional_domain_ablation,22,c39q2,184,110,-74,7728
proportional_domain_ablation,22,c39q3,104,34,-70,3800
proportional_domain_ablation,22,c39q4,77,34,-43,3640
proportional_domain_ablation,23,c00q0,0,1,1,0
proportional_domain_ablation,23,c00q1,4,30,26,280
proportional_domain_ablation,23,c00q2,19,96,77,1016
proportional_domain_ablation,23,c00q3,28,87,59,1104
proportional_domain_ablation,23,c00q4,10,49,39,640
proportional_domain_ablation,23,c01q0,26,47,21,896
proportional_domain_ablation,23,c01q1,31,53,22,1440
proportional_domain_ablation,23,c01q2,77,55,-22,3424
proportional_domain_ablation,23,c01q3,131,122,-9,5112
proportional_domain_ablation,23,c01q4,126,106,-20,5640
proportional_domain_ablation,23,c02q0,0,0,0,0
proportional_domain_ablation,23,c02q1,6,6,0,328
proportional_domain_ablation,23,c02q2,28,17,-11,1128
proportional_domain_ablation,23,c02q3,38,21,-17,1608
proportional_domain_ablation,23,c02q4,45,22,-23,1600
proportional_domain_ablation,23,c03q0,16,17,1,736
proportional_domain_ablation,23,c03q1,93,123,30,4680
proportional_domain_ablation,23,c03q2,93,88,-5,4744
proportional_domain_ablation,23,c03q3,159,98,-61,7280
proportional_domain_ablation,23,c03q4,101,58,-43,4720
proportional_domain_ablation,23,c04q0,0,1,1,0
proportional_domain_ablation,23,c04q1,1,11,10,16
proportional_domain_ablation,23,c04q2,13,31,18,696
proportional_domain_ablation,23,c04q3,13,15,2,416
proportional_domain_ablation,23,c04q4,5,1,-4,88
proportional_domain_ablation,23,c05q0,1,7,6,48
proportional_domain_ablation,23,c05q1,7,14,7,224
proportional_domain_ablation,23,c05q2,20,57,37,984
proportional_domain_ablation,23,c05q3,50,137,87,2336
proportional_domain_ablation,23,c05q4,30,79,49,1512
proportional_domain_ablation,23,c06q0,0,0,0,0
proportional_domain_ablation,23,c06q1,2,7,5,48
proportional_domain_ablation,23,c06q2,5,32,27,232
proportional_domain_ablation,23,c06q3,28,31,3,1088
proportional_domain_ablation,23,c06q4,18,24,6,896
proportional_domain_ablation,23,c07q0,1,18,17,56
proportional_domain_ablation,23,c07q1,24,35,11,880
proportional_domain_ablation,23,c07q2,59,34,-25,2160
proportional_domain_ablation,23,c07q3,38,21,-17,1896
proportional_domain_ablation,23,c07q4,14,8,-6,432
proportional_domain_ablation,23,c08q0,0,0,0,0
proportional_domain_ablation,23,c08q1,1,1,0,24
proportional_domain_ablation,23,c08q2,6,17,11,192
proportional_domain_ablation,23,c08q3,5,29,24,288
proportional_domain_ablation,23,c08q4,11,4,-7,416
proportional_domain_ablation,23,c09q0,0,1,1,0
proportional_domain_ablation,23,c09q1,3,7,4,56
proportional_domain_ablation,23,c09q2,2,30,28,144
proportional_domain_ablation,23,c09q3,3,19,16,208
proportional_domain_ablation,23,c09q4,2,5,3,48
proportional_domain_ablation,23,c10q0,0,5,5,16
proportional_domain_ablation,23,c10q1,9,27,18,208
proportional_domain_ablation,23,c10q2,4,32,28,336
proportional_domain_ablation,23,c10q3,6,20,14,272
proportional_domain_ablation,23,c10q4,2,9,7,104
proportional_domain_ablation,23,c11q0,0,2,2,40
proportional_domain_ablation,23,c11q1,10,30,20,472
proportional_domain_ablation,23,c11q2,30,46,16,1168
proportional_domain_ablation,23,c11q3,33,32,-1,1000
proportional_domain_ablation,23,c11q4,7,7,0,296
proportional_domain_ablation,23,c12q0,3,2,-1,88
proportional_domain_ablation,23,c12q1,35,24,-11,1432
proportional_domain_ablation,23,c12q2,83,42,-41,3248
proportional_domain_ablation,23,c12q3,63,47,-16,3368
proportional_domain_ablation,23,c12q4,29,19,-10,920
proportional_domain_ablation,23,c13q0,0,0,0,0
proportional_domain_ablation,23,c13q1,4,22,18,384
proportional_domain_ablation,23,c13q2,15,48,33,1056
proportional_domain_ablation,23,c13q3,63,122,59,2536
proportional_domain_ablation,23,c13q4,22,48,26,1176
proportional_domain_ablation,23,c14q0,4,21,17,328
proportional_domain_ablation,23,c14q1,119,229,110,4400
proportional_domain_ablation,23,c14q2,256,200,-56,12048
proportional_domain_ablation,23,c14q3,271,170,-101,11680
proportional_domain_ablation,23,c14q4,60,33,-27,2400
proportional_domain_ablation,23,c15q0,0,4,4,0
proportional_domain_ablation,23,c15q1,0,19,19,24
proportional_domain_ablation,23,c15q2,1,50,49,64
proportional_domain_ablation,23,c15q3,1,28,27,64
proportional_domain_ablation,23,c15q4,3,16,13,192
proportional_domain_ablation,23,c16q0,4,1,-3,136
proportional_domain_ablation,23,c16q1,21,17,-4,568
proportional_domain_ablation,23,c16q2,34,50,16,1304
proportional_domain_ablation,23,c16q3,35,45,10,1504
proportional_domain_ablation,23,c16q4,17,15,-2,600
proportional_domain_ablation,23,c17q0,33,26,-7,1552
proportional_domain_ablation,23,c17q1,96,61,-35,3800
proportional_domain_ablation,23,c17q2,158,97,-61,6392
proportional_domain_ablation,23,c17q3,110,83,-27,4952
proportional_domain_ablation,23,c17q4,40,19,-21,1328
proportional_domain_ablation,23,c18q0,2,4,2,88
proportional_domain_ablation,23,c18q1,12,20,8,704
proportional_domain_ablation,23,c18q2,26,53,27,1224
proportional_domain_ablation,23,c18q3,11,28,17,608
proportional_domain_ablation,23,c18q4,3,3,0,352
proportional_domain_ablation,23,c19q0,0,2,2,0
proportional_domain_ablation,23,c19q1,0,25,25,24
proportional_domain_ablation,23,c19q2,13,40,27,608
proportional_domain_ablation,23,c19q3,13,16,3,448
proportional_domain_ablation,23,c19q4,4,5,1,152
proportional_domain_ablation,23,c20q0,0,2,2,40
proportional_domain_ablation,23,c20q1,32,38,6,968
proportional_domain_ablation,23,c20q2,58,56,-2,2440
proportional_domain_ablation,23,c20q3,33,44,11,1496
proportional_domain_ablation,23,c20q4,40,25,-15,1848
proportional_domain_ablation,23,c21q0,7,5,-2,208
proportional_domain_ablation,23,c21q1,43,30,-13,1664
proportional_domain_ablation,23,c21q2,102,66,-36,4872
proportional_domain_ablation,23,c21q3,137,95,-42,5728
proportional_domain_ablation,23,c21q4,58,29,-29,2336
proportional_domain_ablation,23,c22q0,0,0,0,0
proportional_domain_ablation,23,c22q1,3,3,0,104
proportional_domain_ablation,23,c22q2,17,10,-7,824
proportional_domain_ablation,23,c22q3,30,20,-10,1456
proportional_domain_ablation,23,c22q4,7,9,2,504
proportional_domain_ablation,23,c23q0,4,0,-4,248
proportional_domain_ablation,23,c23q1,41,0,-41,1800
proportional_domain_ablation,23,c23q2,91,0,-91,3560
proportional_domain_ablation,23,c23q3,123,0,-123,4472
proportional_domain_ablation,23,c23q4,84,0,-84,3304
proportional_domain_ablation,23,c24q0,11,14,3,640
proportional_domain_ablation,23,c24q1,68,51,-17,2800
proportional_domain_ablation,23,c24q2,120,81,-39,5048
proportional_domain_ablation,23,c24q3,89,56,-33,3488
proportional_domain_ablation,23,c24q4,32,28,-4,1744
proportional_domain_ablation,23,c25q0,47,37,-10,1816
proportional_domain_ablation,23,c25q1,126,95,-31,5208
proportional_domain_ablation,23,c25q2,183,132,-51,7928
proportional_domain_ablation,23,c25q3,137,99,-38,5368
proportional_domain_ablation,23,c25q4,40,25,-15,2200
proportional_domain_ablation,23,c26q0,0,12,12,0
proportional_domain_ablation,23,c26q1,1,68,67,16
proportional_domain_ablation,23,c26q2,14,129,115,552
proportional_domain_ablation,23,c26q3,20,217,197,928
proportional_domain_ablation,23,c26q4,26,281,255,1240
proportional_domain_ablation,23,c27q0,0,0,0,0
proportional_domain_ablation,23,c27q1,0,3,3,56
proportional_domain_ablation,23,c27q2,8,10,2,288
proportional_domain_ablation,23,c27q3,10,3,-7,432
proportional_domain_ablation,23,c27q4,2,0,-2,168
proportional_domain_ablation,23,c28q0,0,2,2,0
proportional_domain_ablation,23,c28q1,85,151,66,3488
proportional_domain_ablation,23,c28q2,205,166,-39,9456
proportional_domain_ablation,23,c28q3,342,209,-133,14944
proportional_domain_ablation,23,c28q4,177,90,-87,7352
proportional_domain_ablation,23,c29q0,18,25,7,840
proportional_domain_ablation,23,c29q1,30,27,-3,1224
proportional_domain_ablation,23,c29q2,80,101,21,3280
proportional_domain_ablation,23,c29q3,84,133,49,4128
proportional_domain_ablation,23,c29q4,83,47,-36,3664
proportional_domain_ablation,23,c30q0,0,1,1,0
proportional_domain_ablation,23,c30q1,10,17,7,896
proportional_domain_ablation,23,c30q2,82,65,-17,3664
proportional_domain_ablation,23,c30q3,300,153,-147,11096
proportional_domain_ablation,23,c30q4,480,296,-184,19664
proportional_domain_ablation,23,c31q0,0,1,1,0
proportional_domain_ablation,23,c31q1,0,8,8,16
proportional_domain_ablation,23,c31q2,3,17,14,64
proportional_domain_ablation,23,c31q3,2,19,17,104
proportional_domain_ablation,23,c31q4,2,11,9,56
proportional_domain_ablation,23,c32q0,7,26,19,280
proportional_domain_ablation,23,c32q1,40,133,93,1768
proportional_domain_ablation,23,c32q2,222,171,-51,10272
proportional_domain_ablation,23,c32q3,407,228,-179,17496
proportional_domain_ablation,23,c32q4,158,80,-78,6632
proportional_domain_ablation,23,c33q0,0,3,3,0
proportional_domain_ablation,23,c33q1,0,29,29,104
proportional_domain_ablation,23,c33q2,4,61,57,288
proportional_domain_ablation,23,c33q3,8,58,50,456
proportional_domain_ablation,23,c33q4,24,75,51,792
proportional_domain_ablation,23,c34q0,0,0,0,0
proportional_domain_ablation,23,c34q1,12,3,-9,288
proportional_domain_ablation,23,c34q2,19,15,-4,856
proportional_domain_ablation,23,c34q3,22,20,-2,976
proportional_domain_ablation,23,c34q4,6,14,8,512
proportional_domain_ablation,23,c35q0,0,10,10,64
proportional_domain_ablation,23,c35q1,25,50,25,976
proportional_domain_ablation,23,c35q2,37,71,34,1544
proportional_domain_ablation,23,c35q3,27,50,23,1064
proportional_domain_ablation,23,c35q4,12,10,-2,416
proportional_domain_ablation,23,c36q0,2,7,5,56
proportional_domain_ablation,23,c36q1,6,21,15,280
proportional_domain_ablation,23,c36q2,11,21,10,504
proportional_domain_ablation,23,c36q3,7,11,4,264
proportional_domain_ablation,23,c36q4,4,3,-1,96
proportional_domain_ablation,23,c37q0,1,3,2,24
proportional_domain_ablation,23,c37q1,11,18,7,256
proportional_domain_ablation,23,c37q2,23,66,43,1008
proportional_domain_ablation,23,c37q3,35,90,55,1616
proportional_domain_ablation,23,c37q4,38,81,43,1360
proportional_domain_ablation,23,c38q0,22,39,17,808
proportional_domain_ablation,23,c38q1,40,74,34,2176
proportional_domain_ablation,23,c38q2,151,151,0,6968
proportional_domain_ablation,23,c38q3,229,150,-79,8488
proportional_domain_ablation,23,c38q4,214,122,-92,8568
proportional_domain_ablation,23,c39q0,4,2,-2,120
proportional_domain_ablation,23,c39q1,38,21,-17,1520
proportional_domain_ablation,23,c39q2,184,109,-75,7728
proportional_domain_ablation,23,c39q3,104,35,-69,3800
proportional_domain_ablation,23,c39q4,77,37,-40,3640
proportional_domain_ablation,24,c00q0,0,1,1,0
proportional_domain_ablation,24,c00q1,4,30,26,280
proportional_domain_ablation,24,c00q2,19,95,76,1016
proportional_domain_ablation,24,c00q3,28,88,60,1104
proportional_domain_ablation,24,c00q4,10,48,38,640
proportional_domain_ablation,24,c01q0,26,46,20,896
proportional_domain_ablation,24,c01q1,31,54,23,1440
proportional_domain_ablation,24,c01q2,77,55,-22,3424
proportional_domain_ablation,24,c01q3,131,123,-8,5112
proportional_domain_ablation,24,c01q4,126,104,-22,5640
proportional_domain_ablation,24,c02q0,0,0,0,0
proportional_domain_ablation,24,c02q1,6,6,0,328
proportional_domain_ablation,24,c02q2,28,18,-10,1128
proportional_domain_ablation,24,c02q3,38,20,-18,1608
proportional_domain_ablation,24,c02q4,45,24,-21,1600
proportional_domain_ablation,24,c03q0,16,16,0,736
proportional_domain_ablation,24,c03q1,93,121,28,4680
proportional_domain_ablation,24,c03q2,93,90,-3,4744
proportional_domain_ablation,24,c03q3,159,96,-63,7280
proportional_domain_ablation,24,c03q4,101,58,-43,4720
proportional_domain_ablation,24,c04q0,0,2,2,0
proportional_domain_ablation,24,c04q1,1,10,9,16
proportional_domain_ablation,24,c04q2,13,32,19,696
proportional_domain_ablation,24,c04q3,13,16,3,416
proportional_domain_ablation,24,c04q4,5,2,-3,88
proportional_domain_ablation,24,c05q0,1,1,0,48
proportional_domain_ablation,24,c05q1,7,17,10,224
proportional_domain_ablation,24,c05q2,20,57,37,984
proportional_domain_ablation,24,c05q3,50,137,87,2336
proportional_domain_ablation,24,c05q4,30,80,50,1512
proportional_domain_ablation,24,c06q0,0,0,0,0
proportional_domain_ablation,24,c06q1,2,4,2,48
proportional_domain_ablation,24,c06q2,5,35,30,232
proportional_domain_ablation,24,c06q3,28,31,3,1088
proportional_domain_ablation,24,c06q4,18,23,5,896
proportional_domain_ablation,24,c07q0,1,18,17,56
proportional_domain_ablation,24,c07q1,24,33,9,880
proportional_domain_ablation,24,c07q2,59,36,-23,2160
proportional_domain_ablation,24,c07q3,38,21,-17,1896
proportional_domain_ablation,24,c07q4,14,5,-9,432
proportional_domain_ablation,24,c08q0,0,1,1,0
proportional_domain_ablation,24,c08q1,1,4,3,24
proportional_domain_ablation,24,c08q2,6,14,8,192
proportional_domain_ablation,24,c08q3,5,30,25,288
proportional_domain_ablation,24,c08q4,11,7,-4,416
proportional_domain_ablation,24,c09q0,0,0,0,0
proportional_domain_ablation,24,c09q1,3,7,4,56
proportional_domain_ablation,24,c09q2,2,26,24,144
proportional_domain_ablation,24,c09q3,3,21,18,208
proportional_domain_ablation,24,c09q4,2,4,2,48
proportional_domain_ablation,24,c10q0,0,5,5,16
proportional_domain_ablation,24,c10q1,9,30,21,208
proportional_domain_ablation,24,c10q2,4,28,24,336
proportional_domain_ablation,24,c10q3,6,23,17,272
proportional_domain_ablation,24,c10q4,2,6,4,104
proportional_domain_ablation,24,c11q0,0,4,4,40
proportional_domain_ablation,24,c11q1,10,25,15,472
proportional_domain_ablation,24,c11q2,30,50,20,1168
proportional_domain_ablation,24,c11q3,33,30,-3,1000
proportional_domain_ablation,24,c11q4,7,8,1,296
proportional_domain_ablation,24,c12q0,3,5,2,88
proportional_domain_ablation,24,c12q1,35,24,-11,1432
proportional_domain_ablation,24,c12q2,83,43,-40,3248
proportional_domain_ablation,24,c12q3,63,48,-15,3368
proportional_domain_ablation,24,c12q4,29,12,-17,920
proportional_domain_ablation,24,c13q0,0,1,1,0
proportional_domain_ablation,24,c13q1,4,27,23,384
proportional_domain_ablation,24,c13q2,15,45,30,1056
proportional_domain_ablation,24,c13q3,63,121,58,2536
proportional_domain_ablation,24,c13q4,22,52,30,1176
proportional_domain_ablation,24,c14q0,4,18,14,328
proportional_domain_ablation,24,c14q1,119,229,110,4400
proportional_domain_ablation,24,c14q2,256,198,-58,12048
proportional_domain_ablation,24,c14q3,271,172,-99,11680
proportional_domain_ablation,24,c14q4,60,34,-26,2400
proportional_domain_ablation,24,c15q0,0,2,2,0
proportional_domain_ablation,24,c15q1,0,18,18,24
proportional_domain_ablation,24,c15q2,1,50,49,64
proportional_domain_ablation,24,c15q3,1,27,26,64
proportional_domain_ablation,24,c15q4,3,21,18,192
proportional_domain_ablation,24,c16q0,4,2,-2,136
proportional_domain_ablation,24,c16q1,21,10,-11,568
proportional_domain_ablation,24,c16q2,34,52,18,1304
proportional_domain_ablation,24,c16q3,35,46,11,1504
proportional_domain_ablation,24,c16q4,17,15,-2,600
proportional_domain_ablation,24,c17q0,33,25,-8,1552
proportional_domain_ablation,24,c17q1,96,61,-35,3800
proportional_domain_ablation,24,c17q2,158,100,-58,6392
proportional_domain_ablation,24,c17q3,110,77,-33,4952
proportional_domain_ablation,24,c17q4,40,22,-18,1328
proportional_domain_ablation,24,c18q0,2,5,3,88
proportional_domain_ablation,24,c18q1,12,22,10,704
proportional_domain_ablation,24,c18q2,26,49,23,1224
proportional_domain_ablation,24,c18q3,11,25,14,608
proportional_domain_ablation,24,c18q4,3,11,8,352
proportional_domain_ablation,24,c19q0,0,1,1,0
proportional_domain_ablation,24,c19q1,0,22,22,24
proportional_domain_ablation,24,c19q2,13,33,20,608
proportional_domain_ablation,24,c19q3,13,23,10,448
proportional_domain_ablation,24,c19q4,4,6,2,152
proportional_domain_ablation,24,c20q0,0,3,3,40
proportional_domain_ablation,24,c20q1,32,40,8,968
proportional_domain_ablation,24,c20q2,58,52,-6,2440
proportional_domain_ablation,24,c20q3,33,39,6,1496
proportional_domain_ablation,24,c20q4,40,26,-14,1848
proportional_domain_ablation,24,c21q0,7,3,-4,208
proportional_domain_ablation,24,c21q1,43,30,-13,1664
proportional_domain_ablation,24,c21q2,102,73,-29,4872
proportional_domain_ablation,24,c21q3,137,90,-47,5728
proportional_domain_ablation,24,c21q4,58,37,-21,2336
proportional_domain_ablation,24,c22q0,0,0,0,0
proportional_domain_ablation,24,c22q1,3,1,-2,104
proportional_domain_ablation,24,c22q2,17,6,-11,824
proportional_domain_ablation,24,c22q3,30,18,-12,1456
proportional_domain_ablation,24,c22q4,7,6,-1,504
proportional_domain_ablation,24,c23q0,4,21,17,248
proportional_domain_ablation,24,c23q1,41,40,-1,1800
proportional_domain_ablation,24,c23q2,91,69,-22,3560
proportional_domain_ablation,24,c23q3,123,83,-40,4472
proportional_domain_ablation,24,c23q4,84,35,-49,3304
proportional_domain_ablation,24,c24q0,11,0,-11,640
proportional_domain_ablation,24,c24q1,68,0,-68,2800
proportional_domain_ablation,24,c24q2,120,0,-120,5048
proportional_domain_ablation,24,c24q3,89,0,-89,3488
proportional_domain_ablation,24,c24q4,32,0,-32,1744
proportional_domain_ablation,24,c25q0,47,41,-6,1816
proportional_domain_ablation,24,c25q1,126,96,-30,5208
proportional_domain_ablation,24,c25q2,183,131,-52,7928
proportional_domain_ablation,24,c25q3,137,98,-39,5368
proportional_domain_ablation,24,c25q4,40,23,-17,2200
proportional_domain_ablation,24,c26q0,0,15,15,0
proportional_domain_ablation,24,c26q1,1,63,62,16
proportional_domain_ablation,24,c26q2,14,133,119,552
proportional_domain_ablation,24,c26q3,20,215,195,928
proportional_domain_ablation,24,c26q4,26,285,259,1240
proportional_domain_ablation,24,c27q0,0,0,0,0
proportional_domain_ablation,24,c27q1,0,2,2,56
proportional_domain_ablation,24,c27q2,8,5,-3,288
proportional_domain_ablation,24,c27q3,10,6,-4,432
proportional_domain_ablation,24,c27q4,2,0,-2,168
proportional_domain_ablation,24,c28q0,0,0,0,0
proportional_domain_ablation,24,c28q1,85,151,66,3488
proportional_domain_ablation,24,c28q2,205,167,-38,9456
proportional_domain_ablation,24,c28q3,342,211,-131,14944
proportional_domain_ablation,24,c28q4,177,87,-90,7352
proportional_domain_ablation,24,c29q0,18,22,4,840
proportional_domain_ablation,24,c29q1,30,31,1,1224
proportional_domain_ablation,24,c29q2,80,101,21,3280
proportional_domain_ablation,24,c29q3,84,136,52,4128
proportional_domain_ablation,24,c29q4,83,41,-42,3664
proportional_domain_ablation,24,c30q0,0,4,4,0
proportional_domain_ablation,24,c30q1,10,17,7,896
proportional_domain_ablation,24,c30q2,82,64,-18,3664
proportional_domain_ablation,24,c30q3,300,155,-145,11096
proportional_domain_ablation,24,c30q4,480,295,-185,19664
proportional_domain_ablation,24,c31q0,0,0,0,0
proportional_domain_ablation,24,c31q1,0,8,8,16
proportional_domain_ablation,24,c31q2,3,16,13,64
proportional_domain_ablation,24,c31q3,2,23,21,104
proportional_domain_ablation,24,c31q4,2,6,4,56
proportional_domain_ablation,24,c32q0,7,29,22,280
proportional_domain_ablation,24,c32q1,40,132,92,1768
proportional_domain_ablation,24,c32q2,222,173,-49,10272
proportional_domain_ablation,24,c32q3,407,224,-183,17496
proportional_domain_ablation,24,c32q4,158,83,-75,6632
proportional_domain_ablation,24,c33q0,0,3,3,0
proportional_domain_ablation,24,c33q1,0,26,26,104
proportional_domain_ablation,24,c33q2,4,62,58,288
proportional_domain_ablation,24,c33q3,8,58,50,456
proportional_domain_ablation,24,c33q4,24,74,50,792
proportional_domain_ablation,24,c34q0,0,0,0,0
proportional_domain_ablation,24,c34q1,12,5,-7,288
proportional_domain_ablation,24,c34q2,19,16,-3,856
proportional_domain_ablation,24,c34q3,22,16,-6,976
proportional_domain_ablation,24,c34q4,6,14,8,512
proportional_domain_ablation,24,c35q0,0,11,11,64
proportional_domain_ablation,24,c35q1,25,49,24,976
proportional_domain_ablation,24,c35q2,37,71,34,1544
proportional_domain_ablation,24,c35q3,27,51,24,1064
proportional_domain_ablation,24,c35q4,12,13,1,416
proportional_domain_ablation,24,c36q0,2,2,0,56
proportional_domain_ablation,24,c36q1,6,21,15,280
proportional_domain_ablation,24,c36q2,11,21,10,504
proportional_domain_ablation,24,c36q3,7,11,4,264
proportional_domain_ablation,24,c36q4,4,4,0,96
proportional_domain_ablation,24,c37q0,1,3,2,24
proportional_domain_ablation,24,c37q1,11,20,9,256
proportional_domain_ablation,24,c37q2,23,65,42,1008
proportional_domain_ablation,24,c37q3,35,88,53,1616
proportional_domain_ablation,24,c37q4,38,81,43,1360
proportional_domain_ablation,24,c38q0,22,39,17,808
proportional_domain_ablation,24,c38q1,40,76,36,2176
proportional_domain_ablation,24,c38q2,151,149,-2,6968
proportional_domain_ablation,24,c38q3,229,151,-78,8488
proportional_domain_ablation,24,c38q4,214,121,-93,8568
proportional_domain_ablation,24,c39q0,4,2,-2,120
proportional_domain_ablation,24,c39q1,38,21,-17,1520
proportional_domain_ablation,24,c39q2,184,109,-75,7728
proportional_domain_ablation,24,c39q3,104,35,-69,3800
proportional_domain_ablation,24,c39q4,77,37,-40,3640
proportional_domain_ablation,25,c00q0,0,1,1,0
proportional_domain_ablation,25,c00q1,4,30,26,280
proportional_domain_ablation,25,c00q2,19,100,81,1016
proportional_domain_ablation,25,c00q3,28,85,57,1104
proportional_domain_ablation,25,c00q4,10,55,45,640
proportional_domain_ablation,25,c01q0,26,47,21,896
proportional_domain_ablation,25,c01q1,31,46,15,1440
proportional_domain_ablation,25,c01q2,77,62,-15,3424
proportional_domain_ablation,25,c01q3,131,123,-8,5112
proportional_domain_ablation,25,c01q4,126,106,-20,5640
proportional_domain_ablation,25,c02q0,0,0,0,0
proportional_domain_ablation,25,c02q1,6,7,1,328
proportional_domain_ablation,25,c02q2,28,16,-12,1128
proportional_domain_ablation,25,c02q3,38,22,-16,1608
proportional_domain_ablation,25,c02q4,45,19,-26,1600
proportional_domain_ablation,25,c03q0,16,20,4,736
proportional_domain_ablation,25,c03q1,93,126,33,4680
proportional_domain_ablation,25,c03q2,93,87,-6,4744
proportional_domain_ablation,25,c03q3,159,101,-58,7280
proportional_domain_ablation,25,c03q4,101,56,-45,4720
proportional_domain_ablation,25,c04q0,0,1,1,0
proportional_domain_ablation,25,c04q1,1,16,15,16
proportional_domain_ablation,25,c04q2,13,27,14,696
proportional_domain_ablation,25,c04q3,13,17,4,416
proportional_domain_ablation,25,c04q4,5,4,-1,88
proportional_domain_ablation,25,c05q0,1,5,4,48
proportional_domain_ablation,25,c05q1,7,17,10,224
proportional_domain_ablation,25,c05q2,20,59,39,984
proportional_domain_ablation,25,c05q3,50,135,85,2336
proportional_domain_ablation,25,c05q4,30,91,61,1512
proportional_domain_ablation,25,c06q0,0,0,0,0
proportional_domain_ablation,25,c06q1,2,6,4,48
proportional_domain_ablation,25,c06q2,5,22,17,232
proportional_domain_ablation,25,c06q3,28,32,4,1088
proportional_domain_ablation,25,c06q4,18,30,12,896
proportional_domain_ablation,25,c07q0,1,15,14,56
proportional_domain_ablation,25,c07q1,24,33,9,880
proportional_domain_ablation,25,c07q2,59,28,-31,2160
proportional_domain_ablation,25,c07q3,38,29,-9,1896
proportional_domain_ablation,25,c07q4,14,2,-12,432
proportional_domain_ablation,25,c08q0,0,1,1,0
proportional_domain_ablation,25,c08q1,1,5,4,24
proportional_domain_ablation,25,c08q2,6,22,16,192
proportional_domain_ablation,25,c08q3,5,13,8,288
proportional_domain_ablation,25,c08q4,11,6,-5,416
proportional_domain_ablation,25,c09q0,0,5,5,0
proportional_domain_ablation,25,c09q1,3,13,10,56
proportional_domain_ablation,25,c09q2,2,31,29,144
proportional_domain_ablation,25,c09q3,3,18,15,208
proportional_domain_ablation,25,c09q4,2,5,3,48
proportional_domain_ablation,25,c10q0,0,4,4,16
proportional_domain_ablation,25,c10q1,9,19,10,208
proportional_domain_ablation,25,c10q2,4,45,41,336
proportional_domain_ablation,25,c10q3,6,30,24,272
proportional_domain_ablation,25,c10q4,2,8,6,104
proportional_domain_ablation,25,c11q0,0,5,5,40
proportional_domain_ablation,25,c11q1,10,14,4,472
proportional_domain_ablation,25,c11q2,30,49,19,1168
proportional_domain_ablation,25,c11q3,33,33,0,1000
proportional_domain_ablation,25,c11q4,7,3,-4,296
proportional_domain_ablation,25,c12q0,3,3,0,88
proportional_domain_ablation,25,c12q1,35,24,-11,1432
proportional_domain_ablation,25,c12q2,83,43,-40,3248
proportional_domain_ablation,25,c12q3,63,59,-4,3368
proportional_domain_ablation,25,c12q4,29,9,-20,920
proportional_domain_ablation,25,c13q0,0,0,0,0
proportional_domain_ablation,25,c13q1,4,16,12,384
proportional_domain_ablation,25,c13q2,15,62,47,1056
proportional_domain_ablation,25,c13q3,63,121,58,2536
proportional_domain_ablation,25,c13q4,22,49,27,1176
proportional_domain_ablation,25,c14q0,4,24,20,328
proportional_domain_ablation,25,c14q1,119,230,111,4400
proportional_domain_ablation,25,c14q2,256,202,-54,12048
proportional_domain_ablation,25,c14q3,271,175,-96,11680
proportional_domain_ablation,25,c14q4,60,38,-22,2400
proportional_domain_ablation,25,c15q0,0,5,5,0
proportional_domain_ablation,25,c15q1,0,15,15,24
proportional_domain_ablation,25,c15q2,1,37,36,64
proportional_domain_ablation,25,c15q3,1,28,27,64
proportional_domain_ablation,25,c15q4,3,20,17,192
proportional_domain_ablation,25,c16q0,4,11,7,136
proportional_domain_ablation,25,c16q1,21,21,0,568
proportional_domain_ablation,25,c16q2,34,41,7,1304
proportional_domain_ablation,25,c16q3,35,44,9,1504
proportional_domain_ablation,25,c16q4,17,14,-3,600
proportional_domain_ablation,25,c17q0,33,27,-6,1552
proportional_domain_ablation,25,c17q1,96,64,-32,3800
proportional_domain_ablation,25,c17q2,158,102,-56,6392
proportional_domain_ablation,25,c17q3,110,73,-37,4952
proportional_domain_ablation,25,c17q4,40,23,-17,1328
proportional_domain_ablation,25,c18q0,2,2,0,88
proportional_domain_ablation,25,c18q1,12,33,21,704
proportional_domain_ablation,25,c18q2,26,50,24,1224
proportional_domain_ablation,25,c18q3,11,20,9,608
proportional_domain_ablation,25,c18q4,3,3,0,352
proportional_domain_ablation,25,c19q0,0,3,3,0
proportional_domain_ablation,25,c19q1,0,22,22,24
proportional_domain_ablation,25,c19q2,13,33,20,608
proportional_domain_ablation,25,c19q3,13,25,12,448
proportional_domain_ablation,25,c19q4,4,8,4,152
proportional_domain_ablation,25,c20q0,0,3,3,40
proportional_domain_ablation,25,c20q1,32,43,11,968
proportional_domain_ablation,25,c20q2,58,74,16,2440
proportional_domain_ablation,25,c20q3,33,36,3,1496
proportional_domain_ablation,25,c20q4,40,21,-19,1848
proportional_domain_ablation,25,c21q0,7,4,-3,208
proportional_domain_ablation,25,c21q1,43,26,-17,1664
proportional_domain_ablation,25,c21q2,102,77,-25,4872
proportional_domain_ablation,25,c21q3,137,81,-56,5728
proportional_domain_ablation,25,c21q4,58,41,-17,2336
proportional_domain_ablation,25,c22q0,0,0,0,0
proportional_domain_ablation,25,c22q1,3,4,1,104
proportional_domain_ablation,25,c22q2,17,8,-9,824
proportional_domain_ablation,25,c22q3,30,20,-10,1456
proportional_domain_ablation,25,c22q4,7,6,-1,504
proportional_domain_ablation,25,c23q0,4,10,6,248
proportional_domain_ablation,25,c23q1,41,41,0,1800
proportional_domain_ablation,25,c23q2,91,77,-14,3560
proportional_domain_ablation,25,c23q3,123,83,-40,4472
proportional_domain_ablation,25,c23q4,84,41,-43,3304
proportional_domain_ablation,25,c24q0,11,15,4,640
proportional_domain_ablation,25,c24q1,68,51,-17,2800
proportional_domain_ablation,25,c24q2,120,92,-28,5048
proportional_domain_ablation,25,c24q3,89,46,-43,3488
proportional_domain_ablation,25,c24q4,32,30,-2,1744
proportional_domain_ablation,25,c25q0,47,0,-47,1816
proportional_domain_ablation,25,c25q1,126,0,-126,5208
proportional_domain_ablation,25,c25q2,183,0,-183,7928
proportional_domain_ablation,25,c25q3,137,0,-137,5368
proportional_domain_ablation,25,c25q4,40,0,-40,2200
proportional_domain_ablation,25,c26q0,0,17,17,0
proportional_domain_ablation,25,c26q1,1,60,59,16
proportional_domain_ablation,25,c26q2,14,145,131,552
proportional_domain_ablation,25,c26q3,20,212,192,928
proportional_domain_ablation,25,c26q4,26,287,261,1240
proportional_domain_ablation,25,c27q0,0,0,0,0
proportional_domain_ablation,25,c27q1,0,4,4,56
proportional_domain_ablation,25,c27q2,8,12,4,288
proportional_domain_ablation,25,c27q3,10,10,0,432
proportional_domain_ablation,25,c27q4,2,2,0,168
proportional_domain_ablation,25,c28q0,0,2,2,0
proportional_domain_ablation,25,c28q1,85,149,64,3488
proportional_domain_ablation,25,c28q2,205,160,-45,9456
proportional_domain_ablation,25,c28q3,342,225,-117,14944
proportional_domain_ablation,25,c28q4,177,98,-79,7352
proportional_domain_ablation,25,c29q0,18,13,-5,840
proportional_domain_ablation,25,c29q1,30,31,1,1224
proportional_domain_ablation,25,c29q2,80,94,14,3280
proportional_domain_ablation,25,c29q3,84,128,44,4128
proportional_domain_ablation,25,c29q4,83,45,-38,3664
proportional_domain_ablation,25,c30q0,0,3,3,0
proportional_domain_ablation,25,c30q1,10,22,12,896
proportional_domain_ablation,25,c30q2,82,62,-20,3664
proportional_domain_ablation,25,c30q3,300,168,-132,11096
proportional_domain_ablation,25,c30q4,480,292,-188,19664
proportional_domain_ablation,25,c31q0,0,2,2,0
proportional_domain_ablation,25,c31q1,0,8,8,16
proportional_domain_ablation,25,c31q2,3,21,18,64
proportional_domain_ablation,25,c31q3,2,17,15,104
proportional_domain_ablation,25,c31q4,2,7,5,56
proportional_domain_ablation,25,c32q0,7,36,29,280
proportional_domain_ablation,25,c32q1,40,141,101,1768
proportional_domain_ablation,25,c32q2,222,168,-54,10272
proportional_domain_ablation,25,c32q3,407,232,-175,17496
proportional_domain_ablation,25,c32q4,158,76,-82,6632
proportional_domain_ablation,25,c33q0,0,3,3,0
proportional_domain_ablation,25,c33q1,0,25,25,104
proportional_domain_ablation,25,c33q2,4,61,57,288
proportional_domain_ablation,25,c33q3,8,67,59,456
proportional_domain_ablation,25,c33q4,24,80,56,792
proportional_domain_ablation,25,c34q0,0,0,0,0
proportional_domain_ablation,25,c34q1,12,5,-7,288
proportional_domain_ablation,25,c34q2,19,8,-11,856
proportional_domain_ablation,25,c34q3,22,17,-5,976
proportional_domain_ablation,25,c34q4,6,12,6,512
proportional_domain_ablation,25,c35q0,0,9,9,64
proportional_domain_ablation,25,c35q1,25,53,28,976
proportional_domain_ablation,25,c35q2,37,75,38,1544
proportional_domain_ablation,25,c35q3,27,47,20,1064
proportional_domain_ablation,25,c35q4,12,16,4,416
proportional_domain_ablation,25,c36q0,2,2,0,56
proportional_domain_ablation,25,c36q1,6,21,15,280
proportional_domain_ablation,25,c36q2,11,24,13,504
proportional_domain_ablation,25,c36q3,7,12,5,264
proportional_domain_ablation,25,c36q4,4,4,0,96
proportional_domain_ablation,25,c37q0,1,7,6,24
proportional_domain_ablation,25,c37q1,11,16,5,256
proportional_domain_ablation,25,c37q2,23,61,38,1008
proportional_domain_ablation,25,c37q3,35,91,56,1616
proportional_domain_ablation,25,c37q4,38,83,45,1360
proportional_domain_ablation,25,c38q0,22,37,15,808
proportional_domain_ablation,25,c38q1,40,77,37,2176
proportional_domain_ablation,25,c38q2,151,155,4,6968
proportional_domain_ablation,25,c38q3,229,153,-76,8488
proportional_domain_ablation,25,c38q4,214,124,-90,8568
proportional_domain_ablation,25,c39q0,4,1,-3,120
proportional_domain_ablation,25,c39q1,38,19,-19,1520
proportional_domain_ablation,25,c39q2,184,111,-73,7728
proportional_domain_ablation,25,c39q3,104,38,-66,3800
proportional_domain_ablation,25,c39q4,77,37,-40,3640
proportional_domain_ablation,26,c00q0,0,1,1,0
proportional_domain_ablation,26,c00q1,4,32,28,280
proportional_domain_ablation,26,c00q2,19,102,83,1016
proportional_domain_ablation,26,c00q3,28,89,61,1104
proportional_domain_ablation,26,c00q4,10,53,43,640
proportional_domain_ablation,26,c01q0,26,52,26,896
proportional_domain_ablation,26,c01q1,31,46,15,1440
proportional_domain_ablation,26,c01q2,77,76,-1,3424
proportional_domain_ablation,26,c01q3,131,122,-9,5112
proportional_domain_ablation,26,c01q4,126,105,-21,5640
proportional_domain_ablation,26,c02q0,0,0,0,0
proportional_domain_ablation,26,c02q1,6,0,-6,328
proportional_domain_ablation,26,c02q2,28,21,-7,1128
proportional_domain_ablation,26,c02q3,38,20,-18,1608
proportional_domain_ablation,26,c02q4,45,22,-23,1600
proportional_domain_ablation,26,c03q0,16,26,10,736
proportional_domain_ablation,26,c03q1,93,127,34,4680
proportional_domain_ablation,26,c03q2,93,90,-3,4744
proportional_domain_ablation,26,c03q3,159,112,-47,7280
proportional_domain_ablation,26,c03q4,101,53,-48,4720
proportional_domain_ablation,26,c04q0,0,1,1,0
proportional_domain_ablation,26,c04q1,1,12,11,16
proportional_domain_ablation,26,c04q2,13,36,23,696
proportional_domain_ablation,26,c04q3,13,19,6,416
proportional_domain_ablation,26,c04q4,5,4,-1,88
proportional_domain_ablation,26,c05q0,1,3,2,48
proportional_domain_ablation,26,c05q1,7,20,13,224
proportional_domain_ablation,26,c05q2,20,65,45,984
proportional_domain_ablation,26,c05q3,50,134,84,2336
proportional_domain_ablation,26,c05q4,30,97,67,1512
proportional_domain_ablation,26,c06q0,0,0,0,0
proportional_domain_ablation,26,c06q1,2,7,5,48
proportional_domain_ablation,26,c06q2,5,29,24,232
proportional_domain_ablation,26,c06q3,28,29,1,1088
proportional_domain_ablation,26,c06q4,18,25,7,896
proportional_domain_ablation,26,c07q0,1,12,11,56
proportional_domain_ablation,26,c07q1,24,30,6,880
proportional_domain_ablation,26,c07q2,59,39,-20,2160
proportional_domain_ablation,26,c07q3,38,24,-14,1896
proportional_domain_ablation,26,c07q4,14,4,-10,432
proportional_domain_ablation,26,c08q0,0,1,1,0
proportional_domain_ablation,26,c08q1,1,3,2,24
proportional_domain_ablation,26,c08q2,6,19,13,192
proportional_domain_ablation,26,c08q3,5,22,17,288
proportional_domain_ablation,26,c08q4,11,13,2,416
proportional_domain_ablation,26,c09q0,0,2,2,0
proportional_domain_ablation,26,c09q1,3,8,5,56
proportional_domain_ablation,26,c09q2,2,26,24,144
proportional_domain_ablation,26,c09q3,3,20,17,208
proportional_domain_ablation,26,c09q4,2,4,2,48
proportional_domain_ablation,26,c10q0,0,8,8,16
proportional_domain_ablation,26,c10q1,9,44,35,208
proportional_domain_ablation,26,c10q2,4,41,37,336
proportional_domain_ablation,26,c10q3,6,24,18,272
proportional_domain_ablation,26,c10q4,2,7,5,104
proportional_domain_ablation,26,c11q0,0,1,1,40
proportional_domain_ablation,26,c11q1,10,22,12,472
proportional_domain_ablation,26,c11q2,30,32,2,1168
proportional_domain_ablation,26,c11q3,33,19,-14,1000
proportional_domain_ablation,26,c11q4,7,6,-1,296
proportional_domain_ablation,26,c12q0,3,4,1,88
proportional_domain_ablation,26,c12q1,35,31,-4,1432
proportional_domain_ablation,26,c12q2,83,62,-21,3248
proportional_domain_ablation,26,c12q3,63,62,-1,3368
proportional_domain_ablation,26,c12q4,29,11,-18,920
proportional_domain_ablation,26,c13q0,0,0,0,0
proportional_domain_ablation,26,c13q1,4,23,19,384
proportional_domain_ablation,26,c13q2,15,55,40,1056
proportional_domain_ablation,26,c13q3,63,128,65,2536
proportional_domain_ablation,26,c13q4,22,43,21,1176
proportional_domain_ablation,26,c14q0,4,27,23,328
proportional_domain_ablation,26,c14q1,119,242,123,4400
proportional_domain_ablation,26,c14q2,256,212,-44,12048
proportional_domain_ablation,26,c14q3,271,169,-102,11680
proportional_domain_ablation,26,c14q4,60,37,-23,2400
proportional_domain_ablation,26,c15q0,0,4,4,0
proportional_domain_ablation,26,c15q1,0,25,25,24
proportional_domain_ablation,26,c15q2,1,45,44,64
proportional_domain_ablation,26,c15q3,1,37,36,64
proportional_domain_ablation,26,c15q4,3,17,14,192
proportional_domain_ablation,26,c16q0,4,5,1,136
proportional_domain_ablation,26,c16q1,21,18,-3,568
proportional_domain_ablation,26,c16q2,34,47,13,1304
proportional_domain_ablation,26,c16q3,35,40,5,1504
proportional_domain_ablation,26,c16q4,17,20,3,600
proportional_domain_ablation,26,c17q0,33,23,-10,1552
proportional_domain_ablation,26,c17q1,96,71,-25,3800
proportional_domain_ablation,26,c17q2,158,109,-49,6392
proportional_domain_ablation,26,c17q3,110,75,-35,4952
proportional_domain_ablation,26,c17q4,40,19,-21,1328
proportional_domain_ablation,26,c18q0,2,4,2,88
proportional_domain_ablation,26,c18q1,12,24,12,704
proportional_domain_ablation,26,c18q2,26,49,23,1224
proportional_domain_ablation,26,c18q3,11,24,13,608
proportional_domain_ablation,26,c18q4,3,7,4,352
proportional_domain_ablation,26,c19q0,0,2,2,0
proportional_domain_ablation,26,c19q1,0,36,36,24
proportional_domain_ablation,26,c19q2,13,54,41,608
proportional_domain_ablation,26,c19q3,13,28,15,448
proportional_domain_ablation,26,c19q4,4,8,4,152
proportional_domain_ablation,26,c20q0,0,3,3,40
proportional_domain_ablation,26,c20q1,32,43,11,968
proportional_domain_ablation,26,c20q2,58,67,9,2440
proportional_domain_ablation,26,c20q3,33,41,8,1496
proportional_domain_ablation,26,c20q4,40,13,-27,1848
proportional_domain_ablation,26,c21q0,7,4,-3,208
proportional_domain_ablation,26,c21q1,43,28,-15,1664
proportional_domain_ablation,26,c21q2,102,78,-24,4872
proportional_domain_ablation,26,c21q3,137,83,-54,5728
proportional_domain_ablation,26,c21q4,58,38,-20,2336
proportional_domain_ablation,26,c22q0,0,0,0,0
proportional_domain_ablation,26,c22q1,3,2,-1,104
proportional_domain_ablation,26,c22q2,17,8,-9,824
proportional_domain_ablation,26,c22q3,30,16,-14,1456
proportional_domain_ablation,26,c22q4,7,5,-2,504
proportional_domain_ablation,26,c23q0,4,11,7,248
proportional_domain_ablation,26,c23q1,41,50,9,1800
proportional_domain_ablation,26,c23q2,91,79,-12,3560
proportional_domain_ablation,26,c23q3,123,96,-27,4472
proportional_domain_ablation,26,c23q4,84,31,-53,3304
proportional_domain_ablation,26,c24q0,11,11,0,640
proportional_domain_ablation,26,c24q1,68,52,-16,2800
proportional_domain_ablation,26,c24q2,120,93,-27,5048
proportional_domain_ablation,26,c24q3,89,69,-20,3488
proportional_domain_ablation,26,c24q4,32,23,-9,1744
proportional_domain_ablation,26,c25q0,47,35,-12,1816
proportional_domain_ablation,26,c25q1,126,91,-35,5208
proportional_domain_ablation,26,c25q2,183,149,-34,7928
proportional_domain_ablation,26,c25q3,137,79,-58,5368
proportional_domain_ablation,26,c25q4,40,27,-13,2200
proportional_domain_ablation,26,c26q0,0,0,0,0
proportional_domain_ablation,26,c26q1,1,0,-1,16
proportional_domain_ablation,26,c26q2,14,0,-14,552
proportional_domain_ablation,26,c26q3,20,0,-20,928
proportional_domain_ablation,26,c26q4,26,0,-26,1240
proportional_domain_ablation,26,c27q0,0,0,0,0
proportional_domain_ablation,26,c27q1,0,1,1,56
proportional_domain_ablation,26,c27q2,8,12,4,288
proportional_domain_ablation,26,c27q3,10,7,-3,432
proportional_domain_ablation,26,c27q4,2,1,-1,168
proportional_domain_ablation,26,c28q0,0,2,2,0
proportional_domain_ablation,26,c28q1,85,166,81,3488
proportional_domain_ablation,26,c28q2,205,157,-48,9456
proportional_domain_ablation,26,c28q3,342,239,-103,14944
proportional_domain_ablation,26,c28q4,177,113,-64,7352
proportional_domain_ablation,26,c29q0,18,20,2,840
proportional_domain_ablation,26,c29q1,30,27,-3,1224
proportional_domain_ablation,26,c29q2,80,82,2,3280
proportional_domain_ablation,26,c29q3,84,117,33,4128
proportional_domain_ablation,26,c29q4,83,47,-36,3664
proportional_domain_ablation,26,c30q0,0,0,0,0
proportional_domain_ablation,26,c30q1,10,13,3,896
proportional_domain_ablation,26,c30q2,82,67,-15,3664
proportional_domain_ablation,26,c30q3,300,202,-98,11096
proportional_domain_ablation,26,c30q4,480,313,-167,19664
proportional_domain_ablation,26,c31q0,0,2,2,0
proportional_domain_ablation,26,c31q1,0,5,5,16
proportional_domain_ablation,26,c31q2,3,20,17,64
proportional_domain_ablation,26,c31q3,2,20,18,104
proportional_domain_ablation,26,c31q4,2,10,8,56
proportional_domain_ablation,26,c32q0,7,30,23,280
proportional_domain_ablation,26,c32q1,40,162,122,1768
proportional_domain_ablation,26,c32q2,222,160,-62,10272
proportional_domain_ablation,26,c32q3,407,249,-158,17496
proportional_domain_ablation,26,c32q4,158,89,-69,6632
proportional_domain_ablation,26,c33q0,0,0,0,0
proportional_domain_ablation,26,c33q1,0,23,23,104
proportional_domain_ablation,26,c33q2,4,61,57,288
proportional_domain_ablation,26,c33q3,8,80,72,456
proportional_domain_ablation,26,c33q4,24,64,40,792
proportional_domain_ablation,26,c34q0,0,1,1,0
proportional_domain_ablation,26,c34q1,12,10,-2,288
proportional_domain_ablation,26,c34q2,19,21,2,856
proportional_domain_ablation,26,c34q3,22,21,-1,976
proportional_domain_ablation,26,c34q4,6,8,2,512
proportional_domain_ablation,26,c35q0,0,6,6,64
proportional_domain_ablation,26,c35q1,25,45,20,976
proportional_domain_ablation,26,c35q2,37,76,39,1544
proportional_domain_ablation,26,c35q3,27,51,24,1064
proportional_domain_ablation,26,c35q4,12,14,2,416
proportional_domain_ablation,26,c36q0,2,4,2,56
proportional_domain_ablation,26,c36q1,6,22,16,280
proportional_domain_ablation,26,c36q2,11,32,21,504
proportional_domain_ablation,26,c36q3,7,17,10,264
proportional_domain_ablation,26,c36q4,4,6,2,96
proportional_domain_ablation,26,c37q0,1,6,5,24
proportional_domain_ablation,26,c37q1,11,20,9,256
proportional_domain_ablation,26,c37q2,23,58,35,1008
proportional_domain_ablation,26,c37q3,35,88,53,1616
proportional_domain_ablation,26,c37q4,38,81,43,1360
proportional_domain_ablation,26,c38q0,22,37,15,808
proportional_domain_ablation,26,c38q1,40,88,48,2176
proportional_domain_ablation,26,c38q2,151,162,11,6968
proportional_domain_ablation,26,c38q3,229,158,-71,8488
proportional_domain_ablation,26,c38q4,214,127,-87,8568
proportional_domain_ablation,26,c39q0,4,2,-2,120
proportional_domain_ablation,26,c39q1,38,21,-17,1520
proportional_domain_ablation,26,c39q2,184,112,-72,7728
proportional_domain_ablation,26,c39q3,104,39,-65,3800
proportional_domain_ablation,26,c39q4,77,39,-38,3640
proportional_domain_ablation,27,c00q0,0,1,1,0
proportional_domain_ablation,27,c00q1,4,29,25,280
proportional_domain_ablation,27,c00q2,19,91,72,1016
proportional_domain_ablation,27,c00q3,28,86,58,1104
proportional_domain_ablation,27,c00q4,10,49,39,640
proportional_domain_ablation,27,c01q0,26,43,17,896
proportional_domain_ablation,27,c01q1,31,53,22,1440
proportional_domain_ablation,27,c01q2,77,56,-21,3424
proportional_domain_ablation,27,c01q3,131,117,-14,5112
proportional_domain_ablation,27,c01q4,126,109,-17,5640
proportional_domain_ablation,27,c02q0,0,0,0,0
proportional_domain_ablation,27,c02q1,6,5,-1,328
proportional_domain_ablation,27,c02q2,28,14,-14,1128
proportional_domain_ablation,27,c02q3,38,25,-13,1608
proportional_domain_ablation,27,c02q4,45,22,-23,1600
proportional_domain_ablation,27,c03q0,16,15,-1,736
proportional_domain_ablation,27,c03q1,93,116,23,4680
proportional_domain_ablation,27,c03q2,93,95,2,4744
proportional_domain_ablation,27,c03q3,159,81,-78,7280
proportional_domain_ablation,27,c03q4,101,66,-35,4720
proportional_domain_ablation,27,c04q0,0,1,1,0
proportional_domain_ablation,27,c04q1,1,9,8,16
proportional_domain_ablation,27,c04q2,13,27,14,696
proportional_domain_ablation,27,c04q3,13,24,11,416
proportional_domain_ablation,27,c04q4,5,2,-3,88
proportional_domain_ablation,27,c05q0,1,1,0,48
proportional_domain_ablation,27,c05q1,7,12,5,224
proportional_domain_ablation,27,c05q2,20,54,34,984
proportional_domain_ablation,27,c05q3,50,129,79,2336
proportional_domain_ablation,27,c05q4,30,81,51,1512
proportional_domain_ablation,27,c06q0,0,0,0,0
proportional_domain_ablation,27,c06q1,2,4,2,48
proportional_domain_ablation,27,c06q2,5,25,20,232
proportional_domain_ablation,27,c06q3,28,38,10,1088
proportional_domain_ablation,27,c06q4,18,21,3,896
proportional_domain_ablation,27,c07q0,1,18,17,56
proportional_domain_ablation,27,c07q1,24,36,12,880
proportional_domain_ablation,27,c07q2,59,36,-23,2160
proportional_domain_ablation,27,c07q3,38,31,-7,1896
proportional_domain_ablation,27,c07q4,14,4,-10,432
proportional_domain_ablation,27,c08q0,0,0,0,0
proportional_domain_ablation,27,c08q1,1,2,1,24
proportional_domain_ablation,27,c08q2,6,13,7,192
proportional_domain_ablation,27,c08q3,5,19,14,288
proportional_domain_ablation,27,c08q4,11,8,-3,416
proportional_domain_ablation,27,c09q0,0,3,3,0
proportional_domain_ablation,27,c09q1,3,7,4,56
proportional_domain_ablation,27,c09q2,2,32,30,144
proportional_domain_ablation,27,c09q3,3,10,7,208
proportional_domain_ablation,27,c09q4,2,2,0,48
proportional_domain_ablation,27,c10q0,0,7,7,16
proportional_domain_ablation,27,c10q1,9,34,25,208
proportional_domain_ablation,27,c10q2,4,36,32,336
proportional_domain_ablation,27,c10q3,6,13,7,272
proportional_domain_ablation,27,c10q4,2,4,2,104
proportional_domain_ablation,27,c11q0,0,0,0,40
proportional_domain_ablation,27,c11q1,10,20,10,472
proportional_domain_ablation,27,c11q2,30,52,22,1168
proportional_domain_ablation,27,c11q3,33,31,-2,1000
proportional_domain_ablation,27,c11q4,7,14,7,296
proportional_domain_ablation,27,c12q0,3,4,1,88
proportional_domain_ablation,27,c12q1,35,28,-7,1432
proportional_domain_ablation,27,c12q2,83,50,-33,3248
proportional_domain_ablation,27,c12q3,63,35,-28,3368
proportional_domain_ablation,27,c12q4,29,9,-20,920
proportional_domain_ablation,27,c13q0,0,0,0,0
proportional_domain_ablation,27,c13q1,4,23,19,384
proportional_domain_ablation,27,c13q2,15,55,40,1056
proportional_domain_ablation,27,c13q3,63,111,48,2536
proportional_domain_ablation,27,c13q4,22,52,30,1176
proportional_domain_ablation,27,c14q0,4,24,20,328
proportional_domain_ablation,27,c14q1,119,209,90,4400
proportional_domain_ablation,27,c14q2,256,204,-52,12048
proportional_domain_ablation,27,c14q3,271,177,-94,11680
proportional_domain_ablation,27,c14q4,60,24,-36,2400
proportional_domain_ablation,27,c15q0,0,1,1,0
proportional_domain_ablation,27,c15q1,0,16,16,24
proportional_domain_ablation,27,c15q2,1,39,38,64
proportional_domain_ablation,27,c15q3,1,39,38,64
proportional_domain_ablation,27,c15q4,3,28,25,192
proportional_domain_ablation,27,c16q0,4,4,0,136
proportional_domain_ablation,27,c16q1,21,17,-4,568
proportional_domain_ablation,27,c16q2,34,32,-2,1304
proportional_domain_ablation,27,c16q3,35,38,3,1504
proportional_domain_ablation,27,c16q4,17,13,-4,600
proportional_domain_ablation,27,c17q0,33,37,4,1552
proportional_domain_ablation,27,c17q1,96,59,-37,3800
proportional_domain_ablation,27,c17q2,158,100,-58,6392
proportional_domain_ablation,27,c17q3,110,73,-37,4952
proportional_domain_ablation,27,c17q4,40,15,-25,1328
proportional_domain_ablation,27,c18q0,2,7,5,88
proportional_domain_ablation,27,c18q1,12,27,15,704
proportional_domain_ablation,27,c18q2,26,47,21,1224
proportional_domain_ablation,27,c18q3,11,21,10,608
proportional_domain_ablation,27,c18q4,3,4,1,352
proportional_domain_ablation,27,c19q0,0,1,1,0
proportional_domain_ablation,27,c19q1,0,22,22,24
proportional_domain_ablation,27,c19q2,13,48,35,608
proportional_domain_ablation,27,c19q3,13,24,11,448
proportional_domain_ablation,27,c19q4,4,7,3,152
proportional_domain_ablation,27,c20q0,0,1,1,40
proportional_domain_ablation,27,c20q1,32,37,5,968
proportional_domain_ablation,27,c20q2,58,43,-15,2440
proportional_domain_ablation,27,c20q3,33,34,1,1496
proportional_domain_ablation,27,c20q4,40,14,-26,1848
proportional_domain_ablation,27,c21q0,7,5,-2,208
proportional_domain_ablation,27,c21q1,43,28,-15,1664
proportional_domain_ablation,27,c21q2,102,78,-24,4872
proportional_domain_ablation,27,c21q3,137,93,-44,5728
proportional_domain_ablation,27,c21q4,58,27,-31,2336
proportional_domain_ablation,27,c22q0,0,0,0,0
proportional_domain_ablation,27,c22q1,3,3,0,104
proportional_domain_ablation,27,c22q2,17,13,-4,824
proportional_domain_ablation,27,c22q3,30,18,-12,1456
proportional_domain_ablation,27,c22q4,7,7,0,504
proportional_domain_ablation,27,c23q0,4,14,10,248
proportional_domain_ablation,27,c23q1,41,49,8,1800
proportional_domain_ablation,27,c23q2,91,70,-21,3560
proportional_domain_ablation,27,c23q3,123,78,-45,4472
proportional_domain_ablation,27,c23q4,84,41,-43,3304
proportional_domain_ablation,27,c24q0,11,12,1,640
proportional_domain_ablation,27,c24q1,68,45,-23,2800
proportional_domain_ablation,27,c24q2,120,84,-36,5048
proportional_domain_ablation,27,c24q3,89,63,-26,3488
proportional_domain_ablation,27,c24q4,32,29,-3,1744
proportional_domain_ablation,27,c25q0,47,30,-17,1816
proportional_domain_ablation,27,c25q1,126,84,-42,5208
proportional_domain_ablation,27,c25q2,183,141,-42,7928
proportional_domain_ablation,27,c25q3,137,95,-42,5368
proportional_domain_ablation,27,c25q4,40,18,-22,2200
proportional_domain_ablation,27,c26q0,0,11,11,0
proportional_domain_ablation,27,c26q1,1,56,55,16
proportional_domain_ablation,27,c26q2,14,141,127,552
proportional_domain_ablation,27,c26q3,20,194,174,928
proportional_domain_ablation,27,c26q4,26,287,261,1240
proportional_domain_ablation,27,c27q0,0,0,0,0
proportional_domain_ablation,27,c27q1,0,0,0,56
proportional_domain_ablation,27,c27q2,8,0,-8,288
proportional_domain_ablation,27,c27q3,10,0,-10,432
proportional_domain_ablation,27,c27q4,2,0,-2,168
proportional_domain_ablation,27,c28q0,0,2,2,0
proportional_domain_ablation,27,c28q1,85,140,55,3488
proportional_domain_ablation,27,c28q2,205,175,-30,9456
proportional_domain_ablation,27,c28q3,342,190,-152,14944
proportional_domain_ablation,27,c28q4,177,90,-87,7352
proportional_domain_ablation,27,c29q0,18,27,9,840
proportional_domain_ablation,27,c29q1,30,43,13,1224
proportional_domain_ablation,27,c29q2,80,90,10,3280
proportional_domain_ablation,27,c29q3,84,133,49,4128
proportional_domain_ablation,27,c29q4,83,39,-44,3664
proportional_domain_ablation,27,c30q0,0,3,3,0
proportional_domain_ablation,27,c30q1,10,21,11,896
proportional_domain_ablation,27,c30q2,82,56,-26,3664
proportional_domain_ablation,27,c30q3,300,153,-147,11096
proportional_domain_ablation,27,c30q4,480,286,-194,19664
proportional_domain_ablation,27,c31q0,0,0,0,0
proportional_domain_ablation,27,c31q1,0,11,11,16
proportional_domain_ablation,27,c31q2,3,15,12,64
proportional_domain_ablation,27,c31q3,2,12,10,104
proportional_domain_ablation,27,c31q4,2,7,5,56
proportional_domain_ablation,27,c32q0,7,26,19,280
proportional_domain_ablation,27,c32q1,40,134,94,1768
proportional_domain_ablation,27,c32q2,222,164,-58,10272
proportional_domain_ablation,27,c32q3,407,226,-181,17496
proportional_domain_ablation,27,c32q4,158,87,-71,6632
proportional_domain_ablation,27,c33q0,0,2,2,0
proportional_domain_ablation,27,c33q1,0,22,22,104
proportional_domain_ablation,27,c33q2,4,56,52,288
proportional_domain_ablation,27,c33q3,8,68,60,456
proportional_domain_ablation,27,c33q4,24,62,38,792
proportional_domain_ablation,27,c34q0,0,0,0,0
proportional_domain_ablation,27,c34q1,12,5,-7,288
proportional_domain_ablation,27,c34q2,19,20,1,856
proportional_domain_ablation,27,c34q3,22,20,-2,976
proportional_domain_ablation,27,c34q4,6,10,4,512
proportional_domain_ablation,27,c35q0,0,10,10,64
proportional_domain_ablation,27,c35q1,25,53,28,976
proportional_domain_ablation,27,c35q2,37,64,27,1544
proportional_domain_ablation,27,c35q3,27,50,23,1064
proportional_domain_ablation,27,c35q4,12,11,-1,416
proportional_domain_ablation,27,c36q0,2,4,2,56
proportional_domain_ablation,27,c36q1,6,14,8,280
proportional_domain_ablation,27,c36q2,11,19,8,504
proportional_domain_ablation,27,c36q3,7,8,1,264
proportional_domain_ablation,27,c36q4,4,4,0,96
proportional_domain_ablation,27,c37q0,1,4,3,24
proportional_domain_ablation,27,c37q1,11,29,18,256
proportional_domain_ablation,27,c37q2,23,58,35,1008
proportional_domain_ablation,27,c37q3,35,96,61,1616
proportional_domain_ablation,27,c37q4,38,77,39,1360
proportional_domain_ablation,27,c38q0,22,37,15,808
proportional_domain_ablation,27,c38q1,40,72,32,2176
proportional_domain_ablation,27,c38q2,151,141,-10,6968
proportional_domain_ablation,27,c38q3,229,150,-79,8488
proportional_domain_ablation,27,c38q4,214,120,-94,8568
proportional_domain_ablation,27,c39q0,4,2,-2,120
proportional_domain_ablation,27,c39q1,38,20,-18,1520
proportional_domain_ablation,27,c39q2,184,110,-74,7728
proportional_domain_ablation,27,c39q3,104,34,-70,3800
proportional_domain_ablation,27,c39q4,77,34,-43,3640
proportional_domain_ablation,28,c00q0,0,1,1,0
proportional_domain_ablation,28,c00q1,4,32,28,280
proportional_domain_ablation,28,c00q2,19,100,81,1016
proportional_domain_ablation,28,c00q3,28,88,60,1104
proportional_domain_ablation,28,c00q4,10,55,45,640
proportional_domain_ablation,28,c01q0,26,51,25,896
proportional_domain_ablation,28,c01q1,31,45,14,1440
proportional_domain_ablation,28,c01q2,77,74,-3,3424
proportional_domain_ablation,28,c01q3,131,124,-7,5112
proportional_domain_ablation,28,c01q4,126,104,-22,5640
proportional_domain_ablation,28,c02q0,0,1,1,0
proportional_domain_ablation,28,c02q1,6,3,-3,328
proportional_domain_ablation,28,c02q2,28,17,-11,1128
proportional_domain_ablation,28,c02q3,38,21,-17,1608
proportional_domain_ablation,28,c02q4,45,23,-22,1600
proportional_domain_ablation,28,c03q0,16,21,5,736
proportional_domain_ablation,28,c03q1,93,126,33,4680
proportional_domain_ablation,28,c03q2,93,90,-3,4744
proportional_domain_ablation,28,c03q3,159,110,-49,7280
proportional_domain_ablation,28,c03q4,101,57,-44,4720
proportional_domain_ablation,28,c04q0,0,1,1,0
proportional_domain_ablation,28,c04q1,1,10,9,16
proportional_domain_ablation,28,c04q2,13,33,20,696
proportional_domain_ablation,28,c04q3,13,22,9,416
proportional_domain_ablation,28,c04q4,5,4,-1,88
proportional_domain_ablation,28,c05q0,1,3,2,48
proportional_domain_ablation,28,c05q1,7,16,9,224
proportional_domain_ablation,28,c05q2,20,68,48,984
proportional_domain_ablation,28,c05q3,50,128,78,2336
proportional_domain_ablation,28,c05q4,30,99,69,1512
proportional_domain_ablation,28,c06q0,0,1,1,0
proportional_domain_ablation,28,c06q1,2,5,3,48
proportional_domain_ablation,28,c06q2,5,28,23,232
proportional_domain_ablation,28,c06q3,28,31,3,1088
proportional_domain_ablation,28,c06q4,18,27,9,896
proportional_domain_ablation,28,c07q0,1,12,11,56
proportional_domain_ablation,28,c07q1,24,29,5,880
proportional_domain_ablation,28,c07q2,59,42,-17,2160
proportional_domain_ablation,28,c07q3,38,17,-21,1896
proportional_domain_ablation,28,c07q4,14,4,-10,432
proportional_domain_ablation,28,c08q0,0,0,0,0
proportional_domain_ablation,28,c08q1,1,2,1,24
proportional_domain_ablation,28,c08q2,6,23,17,192
proportional_domain_ablation,28,c08q3,5,25,20,288
proportional_domain_ablation,28,c08q4,11,7,-4,416
proportional_domain_ablation,28,c09q0,0,1,1,0
proportional_domain_ablation,28,c09q1,3,17,14,56
proportional_domain_ablation,28,c09q2,2,18,16,144
proportional_domain_ablation,28,c09q3,3,20,17,208
proportional_domain_ablation,28,c09q4,2,6,4,48
proportional_domain_ablation,28,c10q0,0,6,6,16
proportional_domain_ablation,28,c10q1,9,41,32,208
proportional_domain_ablation,28,c10q2,4,46,42,336
proportional_domain_ablation,28,c10q3,6,19,13,272
proportional_domain_ablation,28,c10q4,2,12,10,104
proportional_domain_ablation,28,c11q0,0,1,1,40
proportional_domain_ablation,28,c11q1,10,18,8,472
proportional_domain_ablation,28,c11q2,30,38,8,1168
proportional_domain_ablation,28,c11q3,33,21,-12,1000
proportional_domain_ablation,28,c11q4,7,6,-1,296
proportional_domain_ablation,28,c12q0,3,3,0,88
proportional_domain_ablation,28,c12q1,35,26,-9,1432
proportional_domain_ablation,28,c12q2,83,65,-18,3248
proportional_domain_ablation,28,c12q3,63,57,-6,3368
proportional_domain_ablation,28,c12q4,29,15,-14,920
proportional_domain_ablation,28,c13q0,0,1,1,0
proportional_domain_ablation,28,c13q1,4,17,13,384
proportional_domain_ablation,28,c13q2,15,59,44,1056
proportional_domain_ablation,28,c13q3,63,122,59,2536
proportional_domain_ablation,28,c13q4,22,46,24,1176
proportional_domain_ablation,28,c14q0,4,23,19,328
proportional_domain_ablation,28,c14q1,119,244,125,4400
proportional_domain_ablation,28,c14q2,256,212,-44,12048
proportional_domain_ablation,28,c14q3,271,174,-97,11680
proportional_domain_ablation,28,c14q4,60,22,-38,2400
proportional_domain_ablation,28,c15q0,0,5,5,0
proportional_domain_ablation,28,c15q1,0,18,18,24
proportional_domain_ablation,28,c15q2,1,55,54,64
proportional_domain_ablation,28,c15q3,1,39,38,64
proportional_domain_ablation,28,c15q4,3,18,15,192
proportional_domain_ablation,28,c16q0,4,6,2,136
proportional_domain_ablation,28,c16q1,21,16,-5,568
proportional_domain_ablation,28,c16q2,34,41,7,1304
proportional_domain_ablation,28,c16q3,35,50,15,1504
proportional_domain_ablation,28,c16q4,17,10,-7,600
proportional_domain_ablation,28,c17q0,33,31,-2,1552
proportional_domain_ablation,28,c17q1,96,64,-32,3800
proportional_domain_ablation,28,c17q2,158,101,-57,6392
proportional_domain_ablation,28,c17q3,110,87,-23,4952
proportional_domain_ablation,28,c17q4,40,18,-22,1328
proportional_domain_ablation,28,c18q0,2,3,1,88
proportional_domain_ablation,28,c18q1,12,26,14,704
proportional_domain_ablation,28,c18q2,26,46,20,1224
proportional_domain_ablation,28,c18q3,11,21,10,608
proportional_domain_ablation,28,c18q4,3,6,3,352
proportional_domain_ablation,28,c19q0,0,3,3,0
proportional_domain_ablation,28,c19q1,0,26,26,24
proportional_domain_ablation,28,c19q2,13,56,43,608
proportional_domain_ablation,28,c19q3,13,33,20,448
proportional_domain_ablation,28,c19q4,4,8,4,152
proportional_domain_ablation,28,c20q0,0,3,3,40
proportional_domain_ablation,28,c20q1,32,45,13,968
proportional_domain_ablation,28,c20q2,58,59,1,2440
proportional_domain_ablation,28,c20q3,33,41,8,1496
proportional_domain_ablation,28,c20q4,40,23,-17,1848
proportional_domain_ablation,28,c21q0,7,6,-1,208
proportional_domain_ablation,28,c21q1,43,24,-19,1664
proportional_domain_ablation,28,c21q2,102,77,-25,4872
proportional_domain_ablation,28,c21q3,137,79,-58,5728
proportional_domain_ablation,28,c21q4,58,37,-21,2336
proportional_domain_ablation,28,c22q0,0,0,0,0
proportional_domain_ablation,28,c22q1,3,1,-2,104
proportional_domain_ablation,28,c22q2,17,17,0,824
proportional_domain_ablation,28,c22q3,30,20,-10,1456
proportional_domain_ablation,28,c22q4,7,3,-4,504
proportional_domain_ablation,28,c23q0,4,9,5,248
proportional_domain_ablation,28,c23q1,41,41,0,1800
proportional_domain_ablation,28,c23q2,91,79,-12,3560
proportional_domain_ablation,28,c23q3,123,86,-37,4472
proportional_domain_ablation,28,c23q4,84,50,-34,3304
proportional_domain_ablation,28,c24q0,11,17,6,640
proportional_domain_ablation,28,c24q1,68,37,-31,2800
proportional_domain_ablation,28,c24q2,120,93,-27,5048
proportional_domain_ablation,28,c24q3,89,69,-20,3488
proportional_domain_ablation,28,c24q4,32,30,-2,1744
proportional_domain_ablation,28,c25q0,47,31,-16,1816
proportional_domain_ablation,28,c25q1,126,88,-38,5208
proportional_domain_ablation,28,c25q2,183,144,-39,7928
proportional_domain_ablation,28,c25q3,137,89,-48,5368
proportional_domain_ablation,28,c25q4,40,18,-22,2200
proportional_domain_ablation,28,c26q0,0,15,15,0
proportional_domain_ablation,28,c26q1,1,59,58,16
proportional_domain_ablation,28,c26q2,14,155,141,552
proportional_domain_ablation,28,c26q3,20,212,192,928
proportional_domain_ablation,28,c26q4,26,316,290,1240
proportional_domain_ablation,28,c27q0,0,0,0,0
proportional_domain_ablation,28,c27q1,0,3,3,56
proportional_domain_ablation,28,c27q2,8,4,-4,288
proportional_domain_ablation,28,c27q3,10,7,-3,432
proportional_domain_ablation,28,c27q4,2,0,-2,168
proportional_domain_ablation,28,c28q0,0,0,0,0
proportional_domain_ablation,28,c28q1,85,0,-85,3488
proportional_domain_ablation,28,c28q2,205,0,-205,9456
proportional_domain_ablation,28,c28q3,342,0,-342,14944
proportional_domain_ablation,28,c28q4,177,0,-177,7352
proportional_domain_ablation,28,c29q0,18,25,7,840
proportional_domain_ablation,28,c29q1,30,40,10,1224
proportional_domain_ablation,28,c29q2,80,74,-6,3280
proportional_domain_ablation,28,c29q3,84,125,41,4128
proportional_domain_ablation,28,c29q4,83,37,-46,3664
proportional_domain_ablation,28,c30q0,0,5,5,0
proportional_domain_ablation,28,c30q1,10,16,6,896
proportional_domain_ablation,28,c30q2,82,70,-12,3664
proportional_domain_ablation,28,c30q3,300,193,-107,11096
proportional_domain_ablation,28,c30q4,480,291,-189,19664
proportional_domain_ablation,28,c31q0,0,0,0,0
proportional_domain_ablation,28,c31q1,0,9,9,16
proportional_domain_ablation,28,c31q2,3,20,17,64
proportional_domain_ablation,28,c31q3,2,22,20,104
proportional_domain_ablation,28,c31q4,2,11,9,56
proportional_domain_ablation,28,c32q0,7,29,22,280
proportional_domain_ablation,28,c32q1,40,154,114,1768
proportional_domain_ablation,28,c32q2,222,160,-62,10272
proportional_domain_ablation,28,c32q3,407,252,-155,17496
proportional_domain_ablation,28,c32q4,158,83,-75,6632
proportional_domain_ablation,28,c33q0,0,1,1,0
proportional_domain_ablation,28,c33q1,0,25,25,104
proportional_domain_ablation,28,c33q2,4,63,59,288
proportional_domain_ablation,28,c33q3,8,77,69,456
proportional_domain_ablation,28,c33q4,24,68,44,792
proportional_domain_ablation,28,c34q0,0,0,0,0
proportional_domain_ablation,28,c34q1,12,10,-2,288
proportional_domain_ablation,28,c34q2,19,17,-2,856
proportional_domain_ablation,28,c34q3,22,19,-3,976
proportional_domain_ablation,28,c34q4,6,3,-3,512
proportional_domain_ablation,28,c35q0,0,11,11,64
proportional_domain_ablation,28,c35q1,25,48,23,976
proportional_domain_ablation,28,c35q2,37,74,37,1544
proportional_domain_ablation,28,c35q3,27,50,23,1064
proportional_domain_ablation,28,c35q4,12,16,4,416
proportional_domain_ablation,28,c36q0,2,4,2,56
proportional_domain_ablation,28,c36q1,6,20,14,280
proportional_domain_ablation,28,c36q2,11,33,22,504
proportional_domain_ablation,28,c36q3,7,17,10,264
proportional_domain_ablation,28,c36q4,4,3,-1,96
proportional_domain_ablation,28,c37q0,1,4,3,24
proportional_domain_ablation,28,c37q1,11,22,11,256
proportional_domain_ablation,28,c37q2,23,56,33,1008
proportional_domain_ablation,28,c37q3,35,91,56,1616
proportional_domain_ablation,28,c37q4,38,80,42,1360
proportional_domain_ablation,28,c38q0,22,38,16,808
proportional_domain_ablation,28,c38q1,40,84,44,2176
proportional_domain_ablation,28,c38q2,151,161,10,6968
proportional_domain_ablation,28,c38q3,229,156,-73,8488
proportional_domain_ablation,28,c38q4,214,128,-86,8568
proportional_domain_ablation,28,c39q0,4,2,-2,120
proportional_domain_ablation,28,c39q1,38,20,-18,1520
proportional_domain_ablation,28,c39q2,184,112,-72,7728
proportional_domain_ablation,28,c39q3,104,38,-66,3800
proportional_domain_ablation,28,c39q4,77,39,-38,3640
proportional_domain_ablation,29,c00q0,0,1,1,0
proportional_domain_ablation,29,c00q1,4,30,26,280
proportional_domain_ablation,29,c00q2,19,98,79,1016
proportional_domain_ablation,29,c00q3,28,86,58,1104
proportional_domain_ablation,29,c00q4,10,48,38,640
proportional_domain_ablation,29,c01q0,26,49,23,896
proportional_domain_ablation,29,c01q1,31,51,20,1440
proportional_domain_ablation,29,c01q2,77,59,-18,3424
proportional_domain_ablation,29,c01q3,131,121,-10,5112
proportional_domain_ablation,29,c01q4,126,106,-20,5640
proportional_domain_ablation,29,c02q0,0,0,0,0
proportional_domain_ablation,29,c02q1,6,6,0,328
proportional_domain_ablation,29,c02q2,28,19,-9,1128
proportional_domain_ablation,29,c02q3,38,22,-16,1608
proportional_domain_ablation,29,c02q4,45,20,-25,1600
proportional_domain_ablation,29,c03q0,16,18,2,736
proportional_domain_ablation,29,c03q1,93,124,31,4680
proportional_domain_ablation,29,c03q2,93,87,-6,4744
proportional_domain_ablation,29,c03q3,159,96,-63,7280
proportional_domain_ablation,29,c03q4,101,59,-42,4720
proportional_domain_ablation,29,c04q0,0,1,1,0
proportional_domain_ablation,29,c04q1,1,10,9,16
proportional_domain_ablation,29,c04q2,13,34,21,696
proportional_domain_ablation,29,c04q3,13,15,2,416
proportional_domain_ablation,29,c04q4,5,4,-1,88
proportional_domain_ablation,29,c05q0,1,4,3,48
proportional_domain_ablation,29,c05q1,7,16,9,224
proportional_domain_ablation,29,c05q2,20,56,36,984
proportional_domain_ablation,29,c05q3,50,134,84,2336
proportional_domain_ablation,29,c05q4,30,85,55,1512
proportional_domain_ablation,29,c06q0,0,0,0,0
proportional_domain_ablation,29,c06q1,2,8,6,48
proportional_domain_ablation,29,c06q2,5,30,25,232
proportional_domain_ablation,29,c06q3,28,31,3,1088
proportional_domain_ablation,29,c06q4,18,26,8,896
proportional_domain_ablation,29,c07q0,1,20,19,56
proportional_domain_ablation,29,c07q1,24,30,6,880
proportional_domain_ablation,29,c07q2,59,31,-28,2160
proportional_domain_ablation,29,c07q3,38,25,-13,1896
proportional_domain_ablation,29,c07q4,14,8,-6,432
proportional_domain_ablation,29,c08q0,0,0,0,0
proportional_domain_ablation,29,c08q1,1,1,0,24
proportional_domain_ablation,29,c08q2,6,16,10,192
proportional_domain_ablation,29,c08q3,5,24,19,288
proportional_domain_ablation,29,c08q4,11,7,-4,416
proportional_domain_ablation,29,c09q0,0,0,0,0
proportional_domain_ablation,29,c09q1,3,7,4,56
proportional_domain_ablation,29,c09q2,2,33,31,144
proportional_domain_ablation,29,c09q3,3,21,18,208
proportional_domain_ablation,29,c09q4,2,3,1,48
proportional_domain_ablation,29,c10q0,0,2,2,16
proportional_domain_ablation,29,c10q1,9,29,20,208
proportional_domain_ablation,29,c10q2,4,32,28,336
proportional_domain_ablation,29,c10q3,6,24,18,272
proportional_domain_ablation,29,c10q4,2,13,11,104
proportional_domain_ablation,29,c11q0,0,4,4,40
proportional_domain_ablation,29,c11q1,10,25,15,472
proportional_domain_ablation,29,c11q2,30,43,13,1168
proportional_domain_ablation,29,c11q3,33,30,-3,1000
proportional_domain_ablation,29,c11q4,7,7,0,296
proportional_domain_ablation,29,c12q0,3,4,1,88
proportional_domain_ablation,29,c12q1,35,22,-13,1432
proportional_domain_ablation,29,c12q2,83,41,-42,3248
proportional_domain_ablation,29,c12q3,63,56,-7,3368
proportional_domain_ablation,29,c12q4,29,17,-12,920
proportional_domain_ablation,29,c13q0,0,0,0,0
proportional_domain_ablation,29,c13q1,4,17,13,384
proportional_domain_ablation,29,c13q2,15,60,45,1056
proportional_domain_ablation,29,c13q3,63,115,52,2536
proportional_domain_ablation,29,c13q4,22,46,24,1176
proportional_domain_ablation,29,c14q0,4,26,22,328
proportional_domain_ablation,29,c14q1,119,226,107,4400
proportional_domain_ablation,29,c14q2,256,204,-52,12048
proportional_domain_ablation,29,c14q3,271,169,-102,11680
proportional_domain_ablation,29,c14q4,60,36,-24,2400
proportional_domain_ablation,29,c15q0,0,2,2,0
proportional_domain_ablation,29,c15q1,0,25,25,24
proportional_domain_ablation,29,c15q2,1,38,37,64
proportional_domain_ablation,29,c15q3,1,32,31,64
proportional_domain_ablation,29,c15q4,3,10,7,192
proportional_domain_ablation,29,c16q0,4,6,2,136
proportional_domain_ablation,29,c16q1,21,18,-3,568
proportional_domain_ablation,29,c16q2,34,53,19,1304
proportional_domain_ablation,29,c16q3,35,44,9,1504
proportional_domain_ablation,29,c16q4,17,14,-3,600
proportional_domain_ablation,29,c17q0,33,24,-9,1552
proportional_domain_ablation,29,c17q1,96,66,-30,3800
proportional_domain_ablation,29,c17q2,158,98,-60,6392
proportional_domain_ablation,29,c17q3,110,80,-30,4952
proportional_domain_ablation,29,c17q4,40,17,-23,1328
proportional_domain_ablation,29,c18q0,2,2,0,88
proportional_domain_ablation,29,c18q1,12,30,18,704
proportional_domain_ablation,29,c18q2,26,56,30,1224
proportional_domain_ablation,29,c18q3,11,16,5,608
proportional_domain_ablation,29,c18q4,3,9,6,352
proportional_domain_ablation,29,c19q0,0,4,4,0
proportional_domain_ablation,29,c19q1,0,20,20,24
proportional_domain_ablation,29,c19q2,13,33,20,608
proportional_domain_ablation,29,c19q3,13,19,6,448
proportional_domain_ablation,29,c19q4,4,9,5,152
proportional_domain_ablation,29,c20q0,0,4,4,40
proportional_domain_ablation,29,c20q1,32,40,8,968
proportional_domain_ablation,29,c20q2,58,64,6,2440
proportional_domain_ablation,29,c20q3,33,39,6,1496
proportional_domain_ablation,29,c20q4,40,23,-17,1848
proportional_domain_ablation,29,c21q0,7,5,-2,208
proportional_domain_ablation,29,c21q1,43,28,-15,1664
proportional_domain_ablation,29,c21q2,102,70,-32,4872
proportional_domain_ablation,29,c21q3,137,95,-42,5728
proportional_domain_ablation,29,c21q4,58,27,-31,2336
proportional_domain_ablation,29,c22q0,0,0,0,0
proportional_domain_ablation,29,c22q1,3,3,0,104
proportional_domain_ablation,29,c22q2,17,15,-2,824
proportional_domain_ablation,29,c22q3,30,16,-14,1456
proportional_domain_ablation,29,c22q4,7,7,0,504
proportional_domain_ablation,29,c23q0,4,14,10,248
proportional_domain_ablation,29,c23q1,41,42,1,1800
proportional_domain_ablation,29,c23q2,91,72,-19,3560
proportional_domain_ablation,29,c23q3,123,81,-42,4472
proportional_domain_ablation,29,c23q4,84,41,-43,3304
proportional_domain_ablation,29,c24q0,11,14,3,640
proportional_domain_ablation,29,c24q1,68,56,-12,2800
proportional_domain_ablation,29,c24q2,120,79,-41,5048
proportional_domain_ablation,29,c24q3,89,63,-26,3488
proportional_domain_ablation,29,c24q4,32,23,-9,1744
proportional_domain_ablation,29,c25q0,47,35,-12,1816
proportional_domain_ablation,29,c25q1,126,98,-28,5208
proportional_domain_ablation,29,c25q2,183,135,-48,7928
proportional_domain_ablation,29,c25q3,137,92,-45,5368
proportional_domain_ablation,29,c25q4,40,21,-19,2200
proportional_domain_ablation,29,c26q0,0,13,13,0
proportional_domain_ablation,29,c26q1,1,61,60,16
proportional_domain_ablation,29,c26q2,14,128,114,552
proportional_domain_ablation,29,c26q3,20,218,198,928
proportional_domain_ablation,29,c26q4,26,284,258,1240
proportional_domain_ablation,29,c27q0,0,0,0,0
proportional_domain_ablation,29,c27q1,0,2,2,56
proportional_domain_ablation,29,c27q2,8,19,11,288
proportional_domain_ablation,29,c27q3,10,10,0,432
proportional_domain_ablation,29,c27q4,2,2,0,168
proportional_domain_ablation,29,c28q0,0,1,1,0
proportional_domain_ablation,29,c28q1,85,156,71,3488
proportional_domain_ablation,29,c28q2,205,150,-55,9456
proportional_domain_ablation,29,c28q3,342,211,-131,14944
proportional_domain_ablation,29,c28q4,177,136,-41,7352
proportional_domain_ablation,29,c29q0,18,0,-18,840
proportional_domain_ablation,29,c29q1,30,0,-30,1224
proportional_domain_ablation,29,c29q2,80,0,-80,3280
proportional_domain_ablation,29,c29q3,84,0,-84,4128
proportional_domain_ablation,29,c29q4,83,0,-83,3664
proportional_domain_ablation,29,c30q0,0,3,3,0
proportional_domain_ablation,29,c30q1,10,12,2,896
proportional_domain_ablation,29,c30q2,82,62,-20,3664
proportional_domain_ablation,29,c30q3,300,160,-140,11096
proportional_domain_ablation,29,c30q4,480,297,-183,19664
proportional_domain_ablation,29,c31q0,0,1,1,0
proportional_domain_ablation,29,c31q1,0,7,7,16
proportional_domain_ablation,29,c31q2,3,19,16,64
proportional_domain_ablation,29,c31q3,2,15,13,104
proportional_domain_ablation,29,c31q4,2,8,6,56
proportional_domain_ablation,29,c32q0,7,36,29,280
proportional_domain_ablation,29,c32q1,40,133,93,1768
proportional_domain_ablation,29,c32q2,222,169,-53,10272
proportional_domain_ablation,29,c32q3,407,231,-176,17496
proportional_domain_ablation,29,c32q4,158,81,-77,6632
proportional_domain_ablation,29,c33q0,0,0,0,0
proportional_domain_ablation,29,c33q1,0,28,28,104
proportional_domain_ablation,29,c33q2,4,63,59,288
proportional_domain_ablation,29,c33q3,8,58,50,456
proportional_domain_ablation,29,c33q4,24,79,55,792
proportional_domain_ablation,29,c34q0,0,0,0,0
proportional_domain_ablation,29,c34q1,12,3,-9,288
proportional_domain_ablation,29,c34q2,19,15,-4,856
proportional_domain_ablation,29,c34q3,22,18,-4,976
proportional_domain_ablation,29,c34q4,6,7,1,512
proportional_domain_ablation,29,c35q0,0,17,17,64
proportional_domain_ablation,29,c35q1,25,51,26,976
proportional_domain_ablation,29,c35q2,37,68,31,1544
proportional_domain_ablation,29,c35q3,27,51,24,1064
proportional_domain_ablation,29,c35q4,12,13,1,416
proportional_domain_ablation,29,c36q0,2,4,2,56
proportional_domain_ablation,29,c36q1,6,21,15,280
proportional_domain_ablation,29,c36q2,11,24,13,504
proportional_domain_ablation,29,c36q3,7,9,2,264
proportional_domain_ablation,29,c36q4,4,6,2,96
proportional_domain_ablation,29,c37q0,1,4,3,24
proportional_domain_ablation,29,c37q1,11,15,4,256
proportional_domain_ablation,29,c37q2,23,64,41,1008
proportional_domain_ablation,29,c37q3,35,93,58,1616
proportional_domain_ablation,29,c37q4,38,80,42,1360
proportional_domain_ablation,29,c38q0,22,43,21,808
proportional_domain_ablation,29,c38q1,40,71,31,2176
proportional_domain_ablation,29,c38q2,151,152,1,6968
proportional_domain_ablation,29,c38q3,229,151,-78,8488
proportional_domain_ablation,29,c38q4,214,124,-90,8568
proportional_domain_ablation,29,c39q0,4,0,-4,120
proportional_domain_ablation,29,c39q1,38,21,-17,1520
proportional_domain_ablation,29,c39q2,184,110,-74,7728
proportional_domain_ablation,29,c39q3,104,36,-68,3800
proportional_domain_ablation,29,c39q4,77,37,-40,3640
proportional_domain_ablation,30,c00q0,0,1,1,0
proportional_domain_ablation,30,c00q1,4,31,27,280
proportional_domain_ablation,30,c00q2,19,99,80,1016
proportional_domain_ablation,30,c00q3,28,87,59,1104
proportional_domain_ablation,30,c00q4,10,58,48,640
proportional_domain_ablation,30,c01q0,26,47,21,896
proportional_domain_ablation,30,c01q1,31,43,12,1440
proportional_domain_ablation,30,c01q2,77,69,-8,3424
proportional_domain_ablation,30,c01q3,131,125,-6,5112
proportional_domain_ablation,30,c01q4,126,107,-19,5640
proportional_domain_ablation,30,c02q0,0,0,0,0
proportional_domain_ablation,30,c02q1,6,3,-3,328
proportional_domain_ablation,30,c02q2,28,14,-14,1128
proportional_domain_ablation,30,c02q3,38,23,-15,1608
proportional_domain_ablation,30,c02q4,45,22,-23,1600
proportional_domain_ablation,30,c03q0,16,17,1,736
proportional_domain_ablation,30,c03q1,93,128,35,4680
proportional_domain_ablation,30,c03q2,93,89,-4,4744
proportional_domain_ablation,30,c03q3,159,112,-47,7280
proportional_domain_ablation,30,c03q4,101,54,-47,4720
proportional_domain_ablation,30,c04q0,0,1,1,0
proportional_domain_ablation,30,c04q1,1,10,9,16
proportional_domain_ablation,30,c04q2,13,28,15,696
proportional_domain_ablation,30,c04q3,13,24,11,416
proportional_domain_ablation,30,c04q4,5,2,-3,88
proportional_domain_ablation,30,c05q0,1,6,5,48
proportional_domain_ablation,30,c05q1,7,14,7,224
proportional_domain_ablation,30,c05q2,20,64,44,984
proportional_domain_ablation,30,c05q3,50,133,83,2336
proportional_domain_ablation,30,c05q4,30,89,59,1512
proportional_domain_ablation,30,c06q0,0,0,0,0
proportional_domain_ablation,30,c06q1,2,8,6,48
proportional_domain_ablation,30,c06q2,5,27,22,232
proportional_domain_ablation,30,c06q3,28,35,7,1088
proportional_domain_ablation,30,c06q4,18,26,8,896
proportional_domain_ablation,30,c07q0,1,16,15,56
proportional_domain_ablation,30,c07q1,24,27,3,880
proportional_domain_ablation,30,c07q2,59,33,-26,2160
proportional_domain_ablation,30,c07q3,38,34,-4,1896
proportional_domain_ablation,30,c07q4,14,3,-11,432
proportional_domain_ablation,30,c08q0,0,0,0,0
proportional_domain_ablation,30,c08q1,1,1,0,24
proportional_domain_ablation,30,c08q2,6,10,4,192
proportional_domain_ablation,30,c08q3,5,25,20,288
proportional_domain_ablation,30,c08q4,11,8,-3,416
proportional_domain_ablation,30,c09q0,0,3,3,0
proportional_domain_ablation,30,c09q1,3,16,13,56
proportional_domain_ablation,30,c09q2,2,27,25,144
proportional_domain_ablation,30,c09q3,3,13,10,208
proportional_domain_ablation,30,c09q4,2,3,1,48
proportional_domain_ablation,30,c10q0,0,1,1,16
proportional_domain_ablation,30,c10q1,9,37,28,208
proportional_domain_ablation,30,c10q2,4,50,46,336
proportional_domain_ablation,30,c10q3,6,19,13,272
proportional_domain_ablation,30,c10q4,2,13,11,104
proportional_domain_ablation,30,c11q0,0,4,4,40
proportional_domain_ablation,30,c11q1,10,15,5,472
proportional_domain_ablation,30,c11q2,30,46,16,1168
proportional_domain_ablation,30,c11q3,33,25,-8,1000
proportional_domain_ablation,30,c11q4,7,8,1,296
proportional_domain_ablation,30,c12q0,3,2,-1,88
proportional_domain_ablation,30,c12q1,35,15,-20,1432
proportional_domain_ablation,30,c12q2,83,57,-26,3248
proportional_domain_ablation,30,c12q3,63,53,-10,3368
proportional_domain_ablation,30,c12q4,29,14,-15,920
proportional_domain_ablation,30,c13q0,0,0,0,0
proportional_domain_ablation,30,c13q1,4,36,32,384
proportional_domain_ablation,30,c13q2,15,46,31,1056
proportional_domain_ablation,30,c13q3,63,119,56,2536
proportional_domain_ablation,30,c13q4,22,58,36,1176
proportional_domain_ablation,30,c14q0,4,18,14,328
proportional_domain_ablation,30,c14q1,119,230,111,4400
proportional_domain_ablation,30,c14q2,256,218,-38,12048
proportional_domain_ablation,30,c14q3,271,180,-91,11680
proportional_domain_ablation,30,c14q4,60,23,-37,2400
proportional_domain_ablation,30,c15q0,0,0,0,0
proportional_domain_ablation,30,c15q1,0,21,21,24
proportional_domain_ablation,30,c15q2,1,35,34,64
proportional_domain_ablation,30,c15q3,1,47,46,64
proportional_domain_ablation,30,c15q4,3,19,16,192
proportional_domain_ablation,30,c16q0,4,4,0,136
proportional_domain_ablation,30,c16q1,21,20,-1,568
proportional_domain_ablation,30,c16q2,34,39,5,1304
proportional_domain_ablation,30,c16q3,35,46,11,1504
proportional_domain_ablation,30,c16q4,17,14,-3,600
proportional_domain_ablation,30,c17q0,33,32,-1,1552
proportional_domain_ablation,30,c17q1,96,57,-39,3800
proportional_domain_ablation,30,c17q2,158,108,-50,6392
proportional_domain_ablation,30,c17q3,110,82,-28,4952
proportional_domain_ablation,30,c17q4,40,21,-19,1328
proportional_domain_ablation,30,c18q0,2,3,1,88
proportional_domain_ablation,30,c18q1,12,27,15,704
proportional_domain_ablation,30,c18q2,26,43,17,1224
proportional_domain_ablation,30,c18q3,11,16,5,608
proportional_domain_ablation,30,c18q4,3,3,0,352
proportional_domain_ablation,30,c19q0,0,4,4,0
proportional_domain_ablation,30,c19q1,0,30,30,24
proportional_domain_ablation,30,c19q2,13,40,27,608
proportional_domain_ablation,30,c19q3,13,25,12,448
proportional_domain_ablation,30,c19q4,4,12,8,152
proportional_domain_ablation,30,c20q0,0,6,6,40
proportional_domain_ablation,30,c20q1,32,54,22,968
proportional_domain_ablation,30,c20q2,58,59,1,2440
proportional_domain_ablation,30,c20q3,33,32,-1,1496
proportional_domain_ablation,30,c20q4,40,23,-17,1848
proportional_domain_ablation,30,c21q0,7,3,-4,208
proportional_domain_ablation,30,c21q1,43,30,-13,1664
proportional_domain_ablation,30,c21q2,102,73,-29,4872
proportional_domain_ablation,30,c21q3,137,91,-46,5728
proportional_domain_ablation,30,c21q4,58,28,-30,2336
proportional_domain_ablation,30,c22q0,0,0,0,0
proportional_domain_ablation,30,c22q1,3,0,-3,104
proportional_domain_ablation,30,c22q2,17,13,-4,824
proportional_domain_ablation,30,c22q3,30,22,-8,1456
proportional_domain_ablation,30,c22q4,7,5,-2,504
proportional_domain_ablation,30,c23q0,4,16,12,248
proportional_domain_ablation,30,c23q1,41,49,8,1800
proportional_domain_ablation,30,c23q2,91,60,-31,3560
proportional_domain_ablation,30,c23q3,123,100,-23,4472
proportional_domain_ablation,30,c23q4,84,38,-46,3304
proportional_domain_ablation,30,c24q0,11,14,3,640
proportional_domain_ablation,30,c24q1,68,53,-15,2800
proportional_domain_ablation,30,c24q2,120,76,-44,5048
proportional_domain_ablation,30,c24q3,89,65,-24,3488
proportional_domain_ablation,30,c24q4,32,31,-1,1744
proportional_domain_ablation,30,c25q0,47,40,-7,1816
proportional_domain_ablation,30,c25q1,126,89,-37,5208
proportional_domain_ablation,30,c25q2,183,136,-47,7928
proportional_domain_ablation,30,c25q3,137,90,-47,5368
proportional_domain_ablation,30,c25q4,40,35,-5,2200
proportional_domain_ablation,30,c26q0,0,12,12,0
proportional_domain_ablation,30,c26q1,1,45,44,16
proportional_domain_ablation,30,c26q2,14,152,138,552
proportional_domain_ablation,30,c26q3,20,215,195,928
proportional_domain_ablation,30,c26q4,26,311,285,1240
proportional_domain_ablation,30,c27q0,0,1,1,0
proportional_domain_ablation,30,c27q1,0,1,1,56
proportional_domain_ablation,30,c27q2,8,10,2,288
proportional_domain_ablation,30,c27q3,10,7,-3,432
proportional_domain_ablation,30,c27q4,2,1,-1,168
proportional_domain_ablation,30,c28q0,0,1,1,0
proportional_domain_ablation,30,c28q1,85,148,63,3488
proportional_domain_ablation,30,c28q2,205,151,-54,9456
proportional_domain_ablation,30,c28q3,342,255,-87,14944
proportional_domain_ablation,30,c28q4,177,122,-55,7352
proportional_domain_ablation,30,c29q0,18,23,5,840
proportional_domain_ablation,30,c29q1,30,31,1,1224
proportional_domain_ablation,30,c29q2,80,95,15,3280
proportional_domain_ablation,30,c29q3,84,120,36,4128
proportional_domain_ablation,30,c29q4,83,41,-42,3664
proportional_domain_ablation,30,c30q0,0,0,0,0
proportional_domain_ablation,30,c30q1,10,0,-10,896
proportional_domain_ablation,30,c30q2,82,0,-82,3664
proportional_domain_ablation,30,c30q3,300,0,-300,11096
proportional_domain_ablation,30,c30q4,480,0,-480,19664
proportional_domain_ablation,30,c31q0,0,1,1,0
proportional_domain_ablation,30,c31q1,0,10,10,16
proportional_domain_ablation,30,c31q2,3,15,12,64
proportional_domain_ablation,30,c31q3,2,23,21,104
proportional_domain_ablation,30,c31q4,2,10,8,56
proportional_domain_ablation,30,c32q0,7,28,21,280
proportional_domain_ablation,30,c32q1,40,150,110,1768
proportional_domain_ablation,30,c32q2,222,162,-60,10272
proportional_domain_ablation,30,c32q3,407,241,-166,17496
proportional_domain_ablation,30,c32q4,158,87,-71,6632
proportional_domain_ablation,30,c33q0,0,1,1,0
proportional_domain_ablation,30,c33q1,0,20,20,104
proportional_domain_ablation,30,c33q2,4,68,64,288
proportional_domain_ablation,30,c33q3,8,71,63,456
proportional_domain_ablation,30,c33q4,24,73,49,792
proportional_domain_ablation,30,c34q0,0,0,0,0
proportional_domain_ablation,30,c34q1,12,6,-6,288
proportional_domain_ablation,30,c34q2,19,17,-2,856
proportional_domain_ablation,30,c34q3,22,9,-13,976
proportional_domain_ablation,30,c34q4,6,11,5,512
proportional_domain_ablation,30,c35q0,0,14,14,64
proportional_domain_ablation,30,c35q1,25,48,23,976
proportional_domain_ablation,30,c35q2,37,78,41,1544
proportional_domain_ablation,30,c35q3,27,46,19,1064
proportional_domain_ablation,30,c35q4,12,11,-1,416
proportional_domain_ablation,30,c36q0,2,6,4,56
proportional_domain_ablation,30,c36q1,6,22,16,280
proportional_domain_ablation,30,c36q2,11,31,20,504
proportional_domain_ablation,30,c36q3,7,9,2,264
proportional_domain_ablation,30,c36q4,4,6,2,96
proportional_domain_ablation,30,c37q0,1,5,4,24
proportional_domain_ablation,30,c37q1,11,18,7,256
proportional_domain_ablation,30,c37q2,23,56,33,1008
proportional_domain_ablation,30,c37q3,35,93,58,1616
proportional_domain_ablation,30,c37q4,38,85,47,1360
proportional_domain_ablation,30,c38q0,22,33,11,808
proportional_domain_ablation,30,c38q1,40,82,42,2176
proportional_domain_ablation,30,c38q2,151,159,8,6968
proportional_domain_ablation,30,c38q3,229,152,-77,8488
proportional_domain_ablation,30,c38q4,214,128,-86,8568
proportional_domain_ablation,30,c39q0,4,0,-4,120
proportional_domain_ablation,30,c39q1,38,20,-18,1520
proportional_domain_ablation,30,c39q2,184,111,-73,7728
proportional_domain_ablation,30,c39q3,104,40,-64,3800
proportional_domain_ablation,30,c39q4,77,37,-40,3640
proportional_domain_ablation,31,c00q0,0,1,1,0
proportional_domain_ablation,31,c00q1,4,29,25,280
proportional_domain_ablation,31,c00q2,19,93,74,1016
proportional_domain_ablation,31,c00q3,28,85,57,1104
proportional_domain_ablation,31,c00q4,10,48,38,640
proportional_domain_ablation,31,c01q0,26,44,18,896
proportional_domain_ablation,31,c01q1,31,54,23,1440
proportional_domain_ablation,31,c01q2,77,54,-23,3424
proportional_domain_ablation,31,c01q3,131,119,-12,5112
proportional_domain_ablation,31,c01q4,126,110,-16,5640
proportional_domain_ablation,31,c02q0,0,0,0,0
proportional_domain_ablation,31,c02q1,6,2,-4,328
proportional_domain_ablation,31,c02q2,28,18,-10,1128
proportional_domain_ablation,31,c02q3,38,21,-17,1608
proportional_domain_ablation,31,c02q4,45,23,-22,1600
proportional_domain_ablation,31,c03q0,16,16,0,736
proportional_domain_ablation,31,c03q1,93,118,25,4680
proportional_domain_ablation,31,c03q2,93,95,2,4744
proportional_domain_ablation,31,c03q3,159,84,-75,7280
proportional_domain_ablation,31,c03q4,101,62,-39,4720
proportional_domain_ablation,31,c04q0,0,1,1,0
proportional_domain_ablation,31,c04q1,1,7,6,16
proportional_domain_ablation,31,c04q2,13,29,16,696
proportional_domain_ablation,31,c04q3,13,23,10,416
proportional_domain_ablation,31,c04q4,5,1,-4,88
proportional_domain_ablation,31,c05q0,1,4,3,48
proportional_domain_ablation,31,c05q1,7,11,4,224
proportional_domain_ablation,31,c05q2,20,54,34,984
proportional_domain_ablation,31,c05q3,50,129,79,2336
proportional_domain_ablation,31,c05q4,30,80,50,1512
proportional_domain_ablation,31,c06q0,0,0,0,0
proportional_domain_ablation,31,c06q1,2,7,5,48
proportional_domain_ablation,31,c06q2,5,25,20,232
proportional_domain_ablation,31,c06q3,28,39,11,1088
proportional_domain_ablation,31,c06q4,18,18,0,896
proportional_domain_ablation,31,c07q0,1,20,19,56
proportional_domain_ablation,31,c07q1,24,35,11,880
proportional_domain_ablation,31,c07q2,59,38,-21,2160
proportional_domain_ablation,31,c07q3,38,28,-10,1896
proportional_domain_ablation,31,c07q4,14,5,-9,432
proportional_domain_ablation,31,c08q0,0,0,0,0
proportional_domain_ablation,31,c08q1,1,1,0,24
proportional_domain_ablation,31,c08q2,6,13,7,192
proportional_domain_ablation,31,c08q3,5,18,13,288
proportional_domain_ablation,31,c08q4,11,10,-1,416
proportional_domain_ablation,31,c09q0,0,2,2,0
proportional_domain_ablation,31,c09q1,3,14,11,56
proportional_domain_ablation,31,c09q2,2,24,22,144
proportional_domain_ablation,31,c09q3,3,11,8,208
proportional_domain_ablation,31,c09q4,2,7,5,48
proportional_domain_ablation,31,c10q0,0,5,5,16
proportional_domain_ablation,31,c10q1,9,32,23,208
proportional_domain_ablation,31,c10q2,4,35,31,336
proportional_domain_ablation,31,c10q3,6,13,7,272
proportional_domain_ablation,31,c10q4,2,3,1,104
proportional_domain_ablation,31,c11q0,0,2,2,40
proportional_domain_ablation,31,c11q1,10,22,12,472
proportional_domain_ablation,31,c11q2,30,55,25,1168
proportional_domain_ablation,31,c11q3,33,30,-3,1000
proportional_domain_ablation,31,c11q4,7,12,5,296
proportional_domain_ablation,31,c12q0,3,2,-1,88
proportional_domain_ablation,31,c12q1,35,27,-8,1432
proportional_domain_ablation,31,c12q2,83,49,-34,3248
proportional_domain_ablation,31,c12q3,63,36,-27,3368
proportional_domain_ablation,31,c12q4,29,10,-19,920
proportional_domain_ablation,31,c13q0,0,1,1,0
proportional_domain_ablation,31,c13q1,4,22,18,384
proportional_domain_ablation,31,c13q2,15,57,42,1056
proportional_domain_ablation,31,c13q3,63,111,48,2536
proportional_domain_ablation,31,c13q4,22,49,27,1176
proportional_domain_ablation,31,c14q0,4,23,19,328
proportional_domain_ablation,31,c14q1,119,220,101,4400
proportional_domain_ablation,31,c14q2,256,199,-57,12048
proportional_domain_ablation,31,c14q3,271,175,-96,11680
proportional_domain_ablation,31,c14q4,60,23,-37,2400
proportional_domain_ablation,31,c15q0,0,1,1,0
proportional_domain_ablation,31,c15q1,0,19,19,24
proportional_domain_ablation,31,c15q2,1,43,42,64
proportional_domain_ablation,31,c15q3,1,39,38,64
proportional_domain_ablation,31,c15q4,3,22,19,192
proportional_domain_ablation,31,c16q0,4,4,0,136
proportional_domain_ablation,31,c16q1,21,16,-5,568
proportional_domain_ablation,31,c16q2,34,36,2,1304
proportional_domain_ablation,31,c16q3,35,35,0,1504
proportional_domain_ablation,31,c16q4,17,24,7,600
proportional_domain_ablation,31,c17q0,33,28,-5,1552
proportional_domain_ablation,31,c17q1,96,60,-36,3800
proportional_domain_ablation,31,c17q2,158,102,-56,6392
proportional_domain_ablation,31,c17q3,110,67,-43,4952
proportional_domain_ablation,31,c17q4,40,21,-19,1328
proportional_domain_ablation,31,c18q0,2,6,4,88
proportional_domain_ablation,31,c18q1,12,28,16,704
proportional_domain_ablation,31,c18q2,26,45,19,1224
proportional_domain_ablation,31,c18q3,11,17,6,608
proportional_domain_ablation,31,c18q4,3,6,3,352
proportional_domain_ablation,31,c19q0,0,2,2,0
proportional_domain_ablation,31,c19q1,0,25,25,24
proportional_domain_ablation,31,c19q2,13,45,32,608
proportional_domain_ablation,31,c19q3,13,24,11,448
proportional_domain_ablation,31,c19q4,4,10,6,152
proportional_domain_ablation,31,c20q0,0,3,3,40
proportional_domain_ablation,31,c20q1,32,33,1,968
proportional_domain_ablation,31,c20q2,58,44,-14,2440
proportional_domain_ablation,31,c20q3,33,30,-3,1496
proportional_domain_ablation,31,c20q4,40,22,-18,1848
proportional_domain_ablation,31,c21q0,7,2,-5,208
proportional_domain_ablation,31,c21q1,43,24,-19,1664
proportional_domain_ablation,31,c21q2,102,86,-16,4872
proportional_domain_ablation,31,c21q3,137,84,-53,5728
proportional_domain_ablation,31,c21q4,58,35,-23,2336
proportional_domain_ablation,31,c22q0,0,0,0,0
proportional_domain_ablation,31,c22q1,3,4,1,104
proportional_domain_ablation,31,c22q2,17,10,-7,824
proportional_domain_ablation,31,c22q3,30,24,-6,1456
proportional_domain_ablation,31,c22q4,7,3,-4,504
proportional_domain_ablation,31,c23q0,4,15,11,248
proportional_domain_ablation,31,c23q1,41,39,-2,1800
proportional_domain_ablation,31,c23q2,91,77,-14,3560
proportional_domain_ablation,31,c23q3,123,81,-42,4472
proportional_domain_ablation,31,c23q4,84,37,-47,3304
proportional_domain_ablation,31,c24q0,11,20,9,640
proportional_domain_ablation,31,c24q1,68,40,-28,2800
proportional_domain_ablation,31,c24q2,120,86,-34,5048
proportional_domain_ablation,31,c24q3,89,59,-30,3488
proportional_domain_ablation,31,c24q4,32,26,-6,1744
proportional_domain_ablation,31,c25q0,47,32,-15,1816
proportional_domain_ablation,31,c25q1,126,89,-37,5208
proportional_domain_ablation,31,c25q2,183,139,-44,7928
proportional_domain_ablation,31,c25q3,137,90,-47,5368
proportional_domain_ablation,31,c25q4,40,22,-18,2200
proportional_domain_ablation,31,c26q0,0,14,14,0
proportional_domain_ablation,31,c26q1,1,54,53,16
proportional_domain_ablation,31,c26q2,14,142,128,552
proportional_domain_ablation,31,c26q3,20,192,172,928
proportional_domain_ablation,31,c26q4,26,289,263,1240
proportional_domain_ablation,31,c27q0,0,0,0,0
proportional_domain_ablation,31,c27q1,0,1,1,56
proportional_domain_ablation,31,c27q2,8,9,1,288
proportional_domain_ablation,31,c27q3,10,6,-4,432
proportional_domain_ablation,31,c27q4,2,2,0,168
proportional_domain_ablation,31,c28q0,0,5,5,0
proportional_domain_ablation,31,c28q1,85,152,67,3488
proportional_domain_ablation,31,c28q2,205,160,-45,9456
proportional_domain_ablation,31,c28q3,342,184,-158,14944
proportional_domain_ablation,31,c28q4,177,108,-69,7352
proportional_domain_ablation,31,c29q0,18,32,14,840
proportional_domain_ablation,31,c29q1,30,33,3,1224
proportional_domain_ablation,31,c29q2,80,100,20,3280
proportional_domain_ablation,31,c29q3,84,134,50,4128
proportional_domain_ablation,31,c29q4,83,39,-44,3664
proportional_domain_ablation,31,c30q0,0,2,2,0
proportional_domain_ablation,31,c30q1,10,13,3,896
proportional_domain_ablation,31,c30q2,82,53,-29,3664
proportional_domain_ablation,31,c30q3,300,154,-146,11096
proportional_domain_ablation,31,c30q4,480,285,-195,19664
proportional_domain_ablation,31,c31q0,0,0,0,0
proportional_domain_ablation,31,c31q1,0,0,0,16
proportional_domain_ablation,31,c31q2,3,0,-3,64
proportional_domain_ablation,31,c31q3,2,0,-2,104
proportional_domain_ablation,31,c31q4,2,0,-2,56
proportional_domain_ablation,31,c32q0,7,29,22,280
proportional_domain_ablation,31,c32q1,40,133,93,1768
proportional_domain_ablation,31,c32q2,222,163,-59,10272
proportional_domain_ablation,31,c32q3,407,226,-181,17496
proportional_domain_ablation,31,c32q4,158,87,-71,6632
proportional_domain_ablation,31,c33q0,0,2,2,0
proportional_domain_ablation,31,c33q1,0,23,23,104
proportional_domain_ablation,31,c33q2,4,57,53,288
proportional_domain_ablation,31,c33q3,8,68,60,456
proportional_domain_ablation,31,c33q4,24,63,39,792
proportional_domain_ablation,31,c34q0,0,1,1,0
proportional_domain_ablation,31,c34q1,12,4,-8,288
proportional_domain_ablation,31,c34q2,19,20,1,856
proportional_domain_ablation,31,c34q3,22,16,-6,976
proportional_domain_ablation,31,c34q4,6,11,5,512
proportional_domain_ablation,31,c35q0,0,11,11,64
proportional_domain_ablation,31,c35q1,25,52,27,976
proportional_domain_ablation,31,c35q2,37,64,27,1544
proportional_domain_ablation,31,c35q3,27,52,25,1064
proportional_domain_ablation,31,c35q4,12,12,0,416
proportional_domain_ablation,31,c36q0,2,2,0,56
proportional_domain_ablation,31,c36q1,6,17,11,280
proportional_domain_ablation,31,c36q2,11,19,8,504
proportional_domain_ablation,31,c36q3,7,8,1,264
proportional_domain_ablation,31,c36q4,4,2,-2,96
proportional_domain_ablation,31,c37q0,1,4,3,24
proportional_domain_ablation,31,c37q1,11,31,20,256
proportional_domain_ablation,31,c37q2,23,57,34,1008
proportional_domain_ablation,31,c37q3,35,95,60,1616
proportional_domain_ablation,31,c37q4,38,79,41,1360
proportional_domain_ablation,31,c38q0,22,37,15,808
proportional_domain_ablation,31,c38q1,40,73,33,2176
proportional_domain_ablation,31,c38q2,151,139,-12,6968
proportional_domain_ablation,31,c38q3,229,151,-78,8488
proportional_domain_ablation,31,c38q4,214,121,-93,8568
proportional_domain_ablation,31,c39q0,4,1,-3,120
proportional_domain_ablation,31,c39q1,38,19,-19,1520
proportional_domain_ablation,31,c39q2,184,112,-72,7728
proportional_domain_ablation,31,c39q3,104,33,-71,3800
proportional_domain_ablation,31,c39q4,77,35,-42,3640
proportional_domain_ablation,32,c00q0,0,1,1,0
proportional_domain_ablation,32,c00q1,4,32,28,280
proportional_domain_ablation,32,c00q2,19,100,81,1016
proportional_domain_ablation,32,c00q3,28,91,63,1104
proportional_domain_ablation,32,c00q4,10,52,42,640
proportional_domain_ablation,32,c01q0,26,52,26,896
proportional_domain_ablation,32,c01q1,31,45,14,1440
proportional_domain_ablation,32,c01q2,77,76,-1,3424
proportional_domain_ablation,32,c01q3,131,122,-9,5112
proportional_domain_ablation,32,c01q4,126,106,-20,5640
proportional_domain_ablation,32,c02q0,0,0,0,0
proportional_domain_ablation,32,c02q1,6,1,-5,328
proportional_domain_ablation,32,c02q2,28,19,-9,1128
proportional_domain_ablation,32,c02q3,38,21,-17,1608
proportional_domain_ablation,32,c02q4,45,23,-22,1600
proportional_domain_ablation,32,c03q0,16,21,5,736
proportional_domain_ablation,32,c03q1,93,127,34,4680
proportional_domain_ablation,32,c03q2,93,90,-3,4744
proportional_domain_ablation,32,c03q3,159,112,-47,7280
proportional_domain_ablation,32,c03q4,101,55,-46,4720
proportional_domain_ablation,32,c04q0,0,1,1,0
proportional_domain_ablation,32,c04q1,1,8,7,16
proportional_domain_ablation,32,c04q2,13,37,24,696
proportional_domain_ablation,32,c04q3,13,21,8,416
proportional_domain_ablation,32,c04q4,5,3,-2,88
proportional_domain_ablation,32,c05q0,1,1,0,48
proportional_domain_ablation,32,c05q1,7,18,11,224
proportional_domain_ablation,32,c05q2,20,68,48,984
proportional_domain_ablation,32,c05q3,50,130,80,2336
proportional_domain_ablation,32,c05q4,30,100,70,1512
proportional_domain_ablation,32,c06q0,0,0,0,0
proportional_domain_ablation,32,c06q1,2,6,4,48
proportional_domain_ablation,32,c06q2,5,27,22,232
proportional_domain_ablation,32,c06q3,28,32,4,1088
proportional_domain_ablation,32,c06q4,18,27,9,896
proportional_domain_ablation,32,c07q0,1,8,7,56
proportional_domain_ablation,32,c07q1,24,30,6,880
proportional_domain_ablation,32,c07q2,59,43,-16,2160
proportional_domain_ablation,32,c07q3,38,16,-22,1896
proportional_domain_ablation,32,c07q4,14,10,-4,432
proportional_domain_ablation,32,c08q0,0,0,0,0
proportional_domain_ablation,32,c08q1,1,3,2,24
proportional_domain_ablation,32,c08q2,6,16,10,192
proportional_domain_ablation,32,c08q3,5,27,22,288
proportional_domain_ablation,32,c08q4,11,8,-3,416
proportional_domain_ablation,32,c09q0,0,3,3,0
proportional_domain_ablation,32,c09q1,3,13,10,56
proportional_domain_ablation,32,c09q2,2,18,16,144
proportional_domain_ablation,32,c09q3,3,22,19,208
proportional_domain_ablation,32,c09q4,2,7,5,48
proportional_domain_ablation,32,c10q0,0,4,4,16
proportional_domain_ablation,32,c10q1,9,46,37,208
proportional_domain_ablation,32,c10q2,4,42,38,336
proportional_domain_ablation,32,c10q3,6,21,15,272
proportional_domain_ablation,32,c10q4,2,7,5,104
proportional_domain_ablation,32,c11q0,0,5,5,40
proportional_domain_ablation,32,c11q1,10,15,5,472
proportional_domain_ablation,32,c11q2,30,38,8,1168
proportional_domain_ablation,32,c11q3,33,21,-12,1000
proportional_domain_ablation,32,c11q4,7,5,-2,296
proportional_domain_ablation,32,c12q0,3,3,0,88
proportional_domain_ablation,32,c12q1,35,28,-7,1432
proportional_domain_ablation,32,c12q2,83,62,-21,3248
proportional_domain_ablation,32,c12q3,63,65,2,3368
proportional_domain_ablation,32,c12q4,29,12,-17,920
proportional_domain_ablation,32,c13q0,0,0,0,0
proportional_domain_ablation,32,c13q1,4,19,15,384
proportional_domain_ablation,32,c13q2,15,55,40,1056
proportional_domain_ablation,32,c13q3,63,122,59,2536
proportional_domain_ablation,32,c13q4,22,47,25,1176
proportional_domain_ablation,32,c14q0,4,29,25,328
proportional_domain_ablation,32,c14q1,119,241,122,4400
proportional_domain_ablation,32,c14q2,256,210,-46,12048
proportional_domain_ablation,32,c14q3,271,179,-92,11680
proportional_domain_ablation,32,c14q4,60,25,-35,2400
proportional_domain_ablation,32,c15q0,0,3,3,0
proportional_domain_ablation,32,c15q1,0,25,25,24
proportional_domain_ablation,32,c15q2,1,46,45,64
proportional_domain_ablation,32,c15q3,1,37,36,64
proportional_domain_ablation,32,c15q4,3,19,16,192
proportional_domain_ablation,32,c16q0,4,4,0,136
proportional_domain_ablation,32,c16q1,21,19,-2,568
proportional_domain_ablation,32,c16q2,34,43,9,1304
proportional_domain_ablation,32,c16q3,35,47,12,1504
proportional_domain_ablation,32,c16q4,17,9,-8,600
proportional_domain_ablation,32,c17q0,33,32,-1,1552
proportional_domain_ablation,32,c17q1,96,63,-33,3800
proportional_domain_ablation,32,c17q2,158,106,-52,6392
proportional_domain_ablation,32,c17q3,110,86,-24,4952
proportional_domain_ablation,32,c17q4,40,19,-21,1328
proportional_domain_ablation,32,c18q0,2,7,5,88
proportional_domain_ablation,32,c18q1,12,19,7,704
proportional_domain_ablation,32,c18q2,26,42,16,1224
proportional_domain_ablation,32,c18q3,11,28,17,608
proportional_domain_ablation,32,c18q4,3,7,4,352
proportional_domain_ablation,32,c19q0,0,5,5,0
proportional_domain_ablation,32,c19q1,0,21,21,24
proportional_domain_ablation,32,c19q2,13,57,44,608
proportional_domain_ablation,32,c19q3,13,34,21,448
proportional_domain_ablation,32,c19q4,4,11,7,152
proportional_domain_ablation,32,c20q0,0,1,1,40
proportional_domain_ablation,32,c20q1,32,49,17,968
proportional_domain_ablation,32,c20q2,58,56,-2,2440
proportional_domain_ablation,32,c20q3,33,38,5,1496
proportional_domain_ablation,32,c20q4,40,28,-12,1848
proportional_domain_ablation,32,c21q0,7,3,-4,208
proportional_domain_ablation,32,c21q1,43,16,-27,1664
proportional_domain_ablation,32,c21q2,102,81,-21,4872
proportional_domain_ablation,32,c21q3,137,81,-56,5728
proportional_domain_ablation,32,c21q4,58,42,-16,2336
proportional_domain_ablation,32,c22q0,0,0,0,0
proportional_domain_ablation,32,c22q1,3,3,0,104
proportional_domain_ablation,32,c22q2,17,12,-5,824
proportional_domain_ablation,32,c22q3,30,14,-16,1456
proportional_domain_ablation,32,c22q4,7,3,-4,504
proportional_domain_ablation,32,c23q0,4,13,9,248
proportional_domain_ablation,32,c23q1,41,43,2,1800
proportional_domain_ablation,32,c23q2,91,83,-8,3560
proportional_domain_ablation,32,c23q3,123,83,-40,4472
proportional_domain_ablation,32,c23q4,84,52,-32,3304
proportional_domain_ablation,32,c24q0,11,8,-3,640
proportional_domain_ablation,32,c24q1,68,44,-24,2800
proportional_domain_ablation,32,c24q2,120,94,-26,5048
proportional_domain_ablation,32,c24q3,89,73,-16,3488
proportional_domain_ablation,32,c24q4,32,25,-7,1744
proportional_domain_ablation,32,c25q0,47,28,-19,1816
proportional_domain_ablation,32,c25q1,126,90,-36,5208
proportional_domain_ablation,32,c25q2,183,140,-43,7928
proportional_domain_ablation,32,c25q3,137,85,-52,5368
proportional_domain_ablation,32,c25q4,40,27,-13,2200
proportional_domain_ablation,32,c26q0,0,13,13,0
proportional_domain_ablation,32,c26q1,1,58,57,16
proportional_domain_ablation,32,c26q2,14,155,141,552
proportional_domain_ablation,32,c26q3,20,217,197,928
proportional_domain_ablation,32,c26q4,26,308,282,1240
proportional_domain_ablation,32,c27q0,0,0,0,0
proportional_domain_ablation,32,c27q1,0,3,3,56
proportional_domain_ablation,32,c27q2,8,12,4,288
proportional_domain_ablation,32,c27q3,10,4,-6,432
proportional_domain_ablation,32,c27q4,2,2,0,168
proportional_domain_ablation,32,c28q0,0,2,2,0
proportional_domain_ablation,32,c28q1,85,137,52,3488
proportional_domain_ablation,32,c28q2,205,189,-16,9456
proportional_domain_ablation,32,c28q3,342,263,-79,14944
proportional_domain_ablation,32,c28q4,177,106,-71,7352
proportional_domain_ablation,32,c29q0,18,28,10,840
proportional_domain_ablation,32,c29q1,30,36,6,1224
proportional_domain_ablation,32,c29q2,80,98,18,3280
proportional_domain_ablation,32,c29q3,84,127,43,4128
proportional_domain_ablation,32,c29q4,83,45,-38,3664
proportional_domain_ablation,32,c30q0,0,2,2,0
proportional_domain_ablation,32,c30q1,10,15,5,896
proportional_domain_ablation,32,c30q2,82,49,-33,3664
proportional_domain_ablation,32,c30q3,300,158,-142,11096
proportional_domain_ablation,32,c30q4,480,290,-190,19664
proportional_domain_ablation,32,c31q0,0,0,0,0
proportional_domain_ablation,32,c31q1,0,11,11,16
proportional_domain_ablation,32,c31q2,3,16,13,64
proportional_domain_ablation,32,c31q3,2,17,15,104
proportional_domain_ablation,32,c31q4,2,8,6,56
proportional_domain_ablation,32,c32q0,7,0,-7,280
proportional_domain_ablation,32,c32q1,40,0,-40,1768
proportional_domain_ablation,32,c32q2,222,0,-222,10272
proportional_domain_ablation,32,c32q3,407,0,-407,17496
proportional_domain_ablation,32,c32q4,158,0,-158,6632
proportional_domain_ablation,32,c33q0,0,1,1,0
proportional_domain_ablation,32,c33q1,0,24,24,104
proportional_domain_ablation,32,c33q2,4,61,57,288
proportional_domain_ablation,32,c33q3,8,78,70,456
proportional_domain_ablation,32,c33q4,24,68,44,792
proportional_domain_ablation,32,c34q0,0,0,0,0
proportional_domain_ablation,32,c34q1,12,10,-2,288
proportional_domain_ablation,32,c34q2,19,18,-1,856
proportional_domain_ablation,32,c34q3,22,21,-1,976
proportional_domain_ablation,32,c34q4,6,4,-2,512
proportional_domain_ablation,32,c35q0,0,6,6,64
proportional_domain_ablation,32,c35q1,25,50,25,976
proportional_domain_ablation,32,c35q2,37,72,35,1544
proportional_domain_ablation,32,c35q3,27,52,25,1064
proportional_domain_ablation,32,c35q4,12,15,3,416
proportional_domain_ablation,32,c36q0,2,5,3,56
proportional_domain_ablation,32,c36q1,6,22,16,280
proportional_domain_ablation,32,c36q2,11,32,21,504
proportional_domain_ablation,32,c36q3,7,16,9,264
proportional_domain_ablation,32,c36q4,4,5,1,96
proportional_domain_ablation,32,c37q0,1,5,4,24
proportional_domain_ablation,32,c37q1,11,20,9,256
proportional_domain_ablation,32,c37q2,23,57,34,1008
proportional_domain_ablation,32,c37q3,35,92,57,1616
proportional_domain_ablation,32,c37q4,38,79,41,1360
proportional_domain_ablation,32,c38q0,22,38,16,808
proportional_domain_ablation,32,c38q1,40,85,45,2176
proportional_domain_ablation,32,c38q2,151,160,9,6968
proportional_domain_ablation,32,c38q3,229,158,-71,8488
proportional_domain_ablation,32,c38q4,214,128,-86,8568
proportional_domain_ablation,32,c39q0,4,1,-3,120
proportional_domain_ablation,32,c39q1,38,21,-17,1520
proportional_domain_ablation,32,c39q2,184,112,-72,7728
proportional_domain_ablation,32,c39q3,104,38,-66,3800
proportional_domain_ablation,32,c39q4,77,39,-38,3640
proportional_domain_ablation,33,c00q0,0,1,1,0
proportional_domain_ablation,33,c00q1,4,30,26,280
proportional_domain_ablation,33,c00q2,19,95,76,1016
proportional_domain_ablation,33,c00q3,28,88,60,1104
proportional_domain_ablation,33,c00q4,10,48,38,640
proportional_domain_ablation,33,c01q0,26,46,20,896
proportional_domain_ablation,33,c01q1,31,54,23,1440
proportional_domain_ablation,33,c01q2,77,54,-23,3424
proportional_domain_ablation,33,c01q3,131,124,-7,5112
proportional_domain_ablation,33,c01q4,126,104,-22,5640
proportional_domain_ablation,33,c02q0,0,0,0,0
proportional_domain_ablation,33,c02q1,6,6,0,328
proportional_domain_ablation,33,c02q2,28,18,-10,1128
proportional_domain_ablation,33,c02q3,38,19,-19,1608
proportional_domain_ablation,33,c02q4,45,25,-20,1600
proportional_domain_ablation,33,c03q0,16,15,-1,736
proportional_domain_ablation,33,c03q1,93,121,28,4680
proportional_domain_ablation,33,c03q2,93,91,-2,4744
proportional_domain_ablation,33,c03q3,159,96,-63,7280
proportional_domain_ablation,33,c03q4,101,58,-43,4720
proportional_domain_ablation,33,c04q0,0,1,1,0
proportional_domain_ablation,33,c04q1,1,10,9,16
proportional_domain_ablation,33,c04q2,13,33,20,696
proportional_domain_ablation,33,c04q3,13,16,3,416
proportional_domain_ablation,33,c04q4,5,2,-3,88
proportional_domain_ablation,33,c05q0,1,0,-1,48
proportional_domain_ablation,33,c05q1,7,18,11,224
proportional_domain_ablation,33,c05q2,20,57,37,984
proportional_domain_ablation,33,c05q3,50,137,87,2336
proportional_domain_ablation,33,c05q4,30,80,50,1512
proportional_domain_ablation,33,c06q0,0,0,0,0
proportional_domain_ablation,33,c06q1,2,3,1,48
proportional_domain_ablation,33,c06q2,5,35,30,232
proportional_domain_ablation,33,c06q3,28,31,3,1088
proportional_domain_ablation,33,c06q4,18,24,6,896
proportional_domain_ablation,33,c07q0,1,18,17,56
proportional_domain_ablation,33,c07q1,24,32,8,880
proportional_domain_ablation,33,c07q2,59,37,-22,2160
proportional_domain_ablation,33,c07q3,38,21,-17,1896
proportional_domain_ablation,33,c07q4,14,5,-9,432
proportional_domain_ablation,33,c08q0,0,0,0,0
proportional_domain_ablation,33,c08q1,1,2,1,24
proportional_domain_ablation,33,c08q2,6,17,11,192
proportional_domain_ablation,33,c08q3,5,29,24,288
proportional_domain_ablation,33,c08q4,11,7,-4,416
proportional_domain_ablation,33,c09q0,0,1,1,0
proportional_domain_ablation,33,c09q1,3,7,4,56
proportional_domain_ablation,33,c09q2,2,25,23,144
proportional_domain_ablation,33,c09q3,3,21,18,208
proportional_domain_ablation,33,c09q4,2,5,3,48
proportional_domain_ablation,33,c10q0,0,5,5,16
proportional_domain_ablation,33,c10q1,9,30,21,208
proportional_domain_ablation,33,c10q2,4,27,23,336
proportional_domain_ablation,33,c10q3,6,23,17,272
proportional_domain_ablation,33,c10q4,2,6,4,104
proportional_domain_ablation,33,c11q0,0,4,4,40
proportional_domain_ablation,33,c11q1,10,26,16,472
proportional_domain_ablation,33,c11q2,30,49,19,1168
proportional_domain_ablation,33,c11q3,33,31,-2,1000
proportional_domain_ablation,33,c11q4,7,8,1,296
proportional_domain_ablation,33,c12q0,3,5,2,88
proportional_domain_ablation,33,c12q1,35,24,-11,1432
proportional_domain_ablation,33,c12q2,83,41,-42,3248
proportional_domain_ablation,33,c12q3,63,50,-13,3368
proportional_domain_ablation,33,c12q4,29,10,-19,920
proportional_domain_ablation,33,c13q0,0,0,0,0
proportional_domain_ablation,33,c13q1,4,29,25,384
proportional_domain_ablation,33,c13q2,15,43,28,1056
proportional_domain_ablation,33,c13q3,63,123,60,2536
proportional_domain_ablation,33,c13q4,22,53,31,1176
proportional_domain_ablation,33,c14q0,4,16,12,328
proportional_domain_ablation,33,c14q1,119,230,111,4400
proportional_domain_ablation,33,c14q2,256,197,-59,12048
proportional_domain_ablation,33,c14q3,271,171,-100,11680
proportional_domain_ablation,33,c14q4,60,32,-28,2400
proportional_domain_ablation,33,c15q0,0,5,5,0
proportional_domain_ablation,33,c15q1,0,18,18,24
proportional_domain_ablation,33,c15q2,1,51,50,64
proportional_domain_ablation,33,c15q3,1,28,27,64
proportional_domain_ablation,33,c15q4,3,18,15,192
proportional_domain_ablation,33,c16q0,4,5,1,136
proportional_domain_ablation,33,c16q1,21,8,-13,568
proportional_domain_ablation,33,c16q2,34,53,19,1304
proportional_domain_ablation,33,c16q3,35,43,8,1504
proportional_domain_ablation,33,c16q4,17,17,0,600
proportional_domain_ablation,33,c17q0,33,25,-8,1552
proportional_domain_ablation,33,c17q1,96,59,-37,3800
proportional_domain_ablation,33,c17q2,158,103,-55,6392
proportional_domain_ablation,33,c17q3,110,74,-36,4952
proportional_domain_ablation,33,c17q4,40,23,-17,1328
proportional_domain_ablation,33,c18q0,2,4,2,88
proportional_domain_ablation,33,c18q1,12,22,10,704
proportional_domain_ablation,33,c18q2,26,48,22,1224
proportional_domain_ablation,33,c18q3,11,28,17,608
proportional_domain_ablation,33,c18q4,3,10,7,352
proportional_domain_ablation,33,c19q0,0,3,3,0
proportional_domain_ablation,33,c19q1,0,22,22,24
proportional_domain_ablation,33,c19q2,13,31,18,608
proportional_domain_ablation,33,c19q3,13,24,11,448
proportional_domain_ablation,33,c19q4,4,6,2,152
proportional_domain_ablation,33,c20q0,0,1,1,40
proportional_domain_ablation,33,c20q1,32,40,8,968
proportional_domain_ablation,33,c20q2,58,52,-6,2440
proportional_domain_ablation,33,c20q3,33,42,9,1496
proportional_domain_ablation,33,c20q4,40,23,-17,1848
proportional_domain_ablation,33,c21q0,7,4,-3,208
proportional_domain_ablation,33,c21q1,43,32,-11,1664
proportional_domain_ablation,33,c21q2,102,73,-29,4872
proportional_domain_ablation,33,c21q3,137,86,-51,5728
proportional_domain_ablation,33,c21q4,58,40,-18,2336
proportional_domain_ablation,33,c22q0,0,0,0,0
proportional_domain_ablation,33,c22q1,3,1,-2,104
proportional_domain_ablation,33,c22q2,17,6,-11,824
proportional_domain_ablation,33,c22q3,30,18,-12,1456
proportional_domain_ablation,33,c22q4,7,4,-3,504
proportional_domain_ablation,33,c23q0,4,21,17,248
proportional_domain_ablation,33,c23q1,41,41,0,1800
proportional_domain_ablation,33,c23q2,91,69,-22,3560
proportional_domain_ablation,33,c23q3,123,85,-38,4472
proportional_domain_ablation,33,c23q4,84,33,-51,3304
proportional_domain_ablation,33,c24q0,11,14,3,640
proportional_domain_ablation,33,c24q1,68,54,-14,2800
proportional_domain_ablation,33,c24q2,120,85,-35,5048
proportional_domain_ablation,33,c24q3,89,66,-23,3488
proportional_domain_ablation,33,c24q4,32,28,-4,1744
proportional_domain_ablation,33,c25q0,47,24,-23,1816
proportional_domain_ablation,33,c25q1,126,96,-30,5208
proportional_domain_ablation,33,c25q2,183,136,-47,7928
proportional_domain_ablation,33,c25q3,137,90,-47,5368
proportional_domain_ablation,33,c25q4,40,28,-12,2200
proportional_domain_ablation,33,c26q0,0,8,8,0
proportional_domain_ablation,33,c26q1,1,62,61,16
proportional_domain_ablation,33,c26q2,14,134,120,552
proportional_domain_ablation,33,c26q3,20,205,185,928
proportional_domain_ablation,33,c26q4,26,283,257,1240
proportional_domain_ablation,33,c27q0,0,0,0,0
proportional_domain_ablation,33,c27q1,0,1,1,56
proportional_domain_ablation,33,c27q2,8,15,7,288
proportional_domain_ablation,33,c27q3,10,7,-3,432
proportional_domain_ablation,33,c27q4,2,1,-1,168
proportional_domain_ablation,33,c28q0,0,4,4,0
proportional_domain_ablation,33,c28q1,85,168,83,3488
proportional_domain_ablation,33,c28q2,205,147,-58,9456
proportional_domain_ablation,33,c28q3,342,210,-132,14944
proportional_domain_ablation,33,c28q4,177,108,-69,7352
proportional_domain_ablation,33,c29q0,18,36,18,840
proportional_domain_ablation,33,c29q1,30,45,15,1224
proportional_domain_ablation,33,c29q2,80,102,22,3280
proportional_domain_ablation,33,c29q3,84,107,23,4128
proportional_domain_ablation,33,c29q4,83,34,-49,3664
proportional_domain_ablation,33,c30q0,0,2,2,0
proportional_domain_ablation,33,c30q1,10,17,7,896
proportional_domain_ablation,33,c30q2,82,60,-22,3664
proportional_domain_ablation,33,c30q3,300,172,-128,11096
proportional_domain_ablation,33,c30q4,480,262,-218,19664
proportional_domain_ablation,33,c31q0,0,0,0,0
proportional_domain_ablation,33,c31q1,0,7,7,16
proportional_domain_ablation,33,c31q2,3,17,14,64
proportional_domain_ablation,33,c31q3,2,17,15,104
proportional_domain_ablation,33,c31q4,2,8,6,56
proportional_domain_ablation,33,c32q0,7,31,24,280
proportional_domain_ablation,33,c32q1,40,148,108,1768
proportional_domain_ablation,33,c32q2,222,165,-57,10272
proportional_domain_ablation,33,c32q3,407,224,-183,17496
proportional_domain_ablation,33,c32q4,158,87,-71,6632
proportional_domain_ablation,33,c33q0,0,0,0,0
proportional_domain_ablation,33,c33q1,0,0,0,104
proportional_domain_ablation,33,c33q2,4,0,-4,288
proportional_domain_ablation,33,c33q3,8,0,-8,456
proportional_domain_ablation,33,c33q4,24,0,-24,792
proportional_domain_ablation,33,c34q0,0,0,0,0
proportional_domain_ablation,33,c34q1,12,7,-5,288
proportional_domain_ablation,33,c34q2,19,16,-3,856
proportional_domain_ablation,33,c34q3,22,15,-7,976
proportional_domain_ablation,33,c34q4,6,14,8,512
proportional_domain_ablation,33,c35q0,0,11,11,64
proportional_domain_ablation,33,c35q1,25,49,24,976
proportional_domain_ablation,33,c35q2,37,71,34,1544
proportional_domain_ablation,33,c35q3,27,51,24,1064
proportional_domain_ablation,33,c35q4,12,12,0,416
proportional_domain_ablation,33,c36q0,2,3,1,56
proportional_domain_ablation,33,c36q1,6,20,14,280
proportional_domain_ablation,33,c36q2,11,21,10,504
proportional_domain_ablation,33,c36q3,7,11,4,264
proportional_domain_ablation,33,c36q4,4,5,1,96
proportional_domain_ablation,33,c37q0,1,3,2,24
proportional_domain_ablation,33,c37q1,11,19,8,256
proportional_domain_ablation,33,c37q2,23,66,43,1008
proportional_domain_ablation,33,c37q3,35,87,52,1616
proportional_domain_ablation,33,c37q4,38,81,43,1360
proportional_domain_ablation,33,c38q0,22,40,18,808
proportional_domain_ablation,33,c38q1,40,75,35,2176
proportional_domain_ablation,33,c38q2,151,149,-2,6968
proportional_domain_ablation,33,c38q3,229,151,-78,8488
proportional_domain_ablation,33,c38q4,214,121,-93,8568
proportional_domain_ablation,33,c39q0,4,2,-2,120
proportional_domain_ablation,33,c39q1,38,21,-17,1520
proportional_domain_ablation,33,c39q2,184,109,-75,7728
proportional_domain_ablation,33,c39q3,104,35,-69,3800
proportional_domain_ablation,33,c39q4,77,37,-40,3640
proportional_domain_ablation,34,c00q0,0,1,1,0
proportional_domain_ablation,34,c00q1,4,29,25,280
proportional_domain_ablation,34,c00q2,19,93,74,1016
proportional_domain_ablation,34,c00q3,28,85,57,1104
proportional_domain_ablation,34,c00q4,10,48,38,640
proportional_domain_ablation,34,c01q0,26,44,18,896
proportional_domain_ablation,34,c01q1,31,54,23,1440
proportional_domain_ablation,34,c01q2,77,54,-23,3424
proportional_domain_ablation,34,c01q3,131,119,-12,5112
proportional_domain_ablation,34,c01q4,126,110,-16,5640
proportional_domain_ablation,34,c02q0,0,0,0,0
proportional_domain_ablation,34,c02q1,6,2,-4,328
proportional_domain_ablation,34,c02q2,28,18,-10,1128
proportional_domain_ablation,34,c02q3,38,21,-17,1608
proportional_domain_ablation,34,c02q4,45,23,-22,1600
proportional_domain_ablation,34,c03q0,16,16,0,736
proportional_domain_ablation,34,c03q1,93,118,25,4680
proportional_domain_ablation,34,c03q2,93,95,2,4744
proportional_domain_ablation,34,c03q3,159,84,-75,7280
proportional_domain_ablation,34,c03q4,101,62,-39,4720
proportional_domain_ablation,34,c04q0,0,1,1,0
proportional_domain_ablation,34,c04q1,1,7,6,16
proportional_domain_ablation,34,c04q2,13,29,16,696
proportional_domain_ablation,34,c04q3,13,23,10,416
proportional_domain_ablation,34,c04q4,5,1,-4,88
proportional_domain_ablation,34,c05q0,1,4,3,48
proportional_domain_ablation,34,c05q1,7,11,4,224
proportional_domain_ablation,34,c05q2,20,54,34,984
proportional_domain_ablation,34,c05q3,50,129,79,2336
proportional_domain_ablation,34,c05q4,30,80,50,1512
proportional_domain_ablation,34,c06q0,0,0,0,0
proportional_domain_ablation,34,c06q1,2,7,5,48
proportional_domain_ablation,34,c06q2,5,25,20,232
proportional_domain_ablation,34,c06q3,28,39,11,1088
proportional_domain_ablation,34,c06q4,18,18,0,896
proportional_domain_ablation,34,c07q0,1,20,19,56
proportional_domain_ablation,34,c07q1,24,35,11,880
proportional_domain_ablation,34,c07q2,59,38,-21,2160
proportional_domain_ablation,34,c07q3,38,28,-10,1896
proportional_domain_ablation,34,c07q4,14,5,-9,432
proportional_domain_ablation,34,c08q0,0,0,0,0
proportional_domain_ablation,34,c08q1,1,1,0,24
proportional_domain_ablation,34,c08q2,6,13,7,192
proportional_domain_ablation,34,c08q3,5,18,13,288
proportional_domain_ablation,34,c08q4,11,10,-1,416
proportional_domain_ablation,34,c09q0,0,2,2,0
proportional_domain_ablation,34,c09q1,3,14,11,56
proportional_domain_ablation,34,c09q2,2,24,22,144
proportional_domain_ablation,34,c09q3,3,11,8,208
proportional_domain_ablation,34,c09q4,2,7,5,48
proportional_domain_ablation,34,c10q0,0,5,5,16
proportional_domain_ablation,34,c10q1,9,32,23,208
proportional_domain_ablation,34,c10q2,4,35,31,336
proportional_domain_ablation,34,c10q3,6,13,7,272
proportional_domain_ablation,34,c10q4,2,3,1,104
proportional_domain_ablation,34,c11q0,0,2,2,40
proportional_domain_ablation,34,c11q1,10,22,12,472
proportional_domain_ablation,34,c11q2,30,55,25,1168
proportional_domain_ablation,34,c11q3,33,30,-3,1000
proportional_domain_ablation,34,c11q4,7,12,5,296
proportional_domain_ablation,34,c12q0,3,2,-1,88
proportional_domain_ablation,34,c12q1,35,27,-8,1432
proportional_domain_ablation,34,c12q2,83,49,-34,3248
proportional_domain_ablation,34,c12q3,63,36,-27,3368
proportional_domain_ablation,34,c12q4,29,10,-19,920
proportional_domain_ablation,34,c13q0,0,1,1,0
proportional_domain_ablation,34,c13q1,4,22,18,384
proportional_domain_ablation,34,c13q2,15,57,42,1056
proportional_domain_ablation,34,c13q3,63,111,48,2536
proportional_domain_ablation,34,c13q4,22,49,27,1176
proportional_domain_ablation,34,c14q0,4,23,19,328
proportional_domain_ablation,34,c14q1,119,220,101,4400
proportional_domain_ablation,34,c14q2,256,199,-57,12048
proportional_domain_ablation,34,c14q3,271,175,-96,11680
proportional_domain_ablation,34,c14q4,60,23,-37,2400
proportional_domain_ablation,34,c15q0,0,1,1,0
proportional_domain_ablation,34,c15q1,0,19,19,24
proportional_domain_ablation,34,c15q2,1,43,42,64
proportional_domain_ablation,34,c15q3,1,39,38,64
proportional_domain_ablation,34,c15q4,3,22,19,192
proportional_domain_ablation,34,c16q0,4,4,0,136
proportional_domain_ablation,34,c16q1,21,16,-5,568
proportional_domain_ablation,34,c16q2,34,36,2,1304
proportional_domain_ablation,34,c16q3,35,35,0,1504
proportional_domain_ablation,34,c16q4,17,24,7,600
proportional_domain_ablation,34,c17q0,33,28,-5,1552
proportional_domain_ablation,34,c17q1,96,60,-36,3800
proportional_domain_ablation,34,c17q2,158,102,-56,6392
proportional_domain_ablation,34,c17q3,110,67,-43,4952
proportional_domain_ablation,34,c17q4,40,21,-19,1328
proportional_domain_ablation,34,c18q0,2,6,4,88
proportional_domain_ablation,34,c18q1,12,28,16,704
proportional_domain_ablation,34,c18q2,26,45,19,1224
proportional_domain_ablation,34,c18q3,11,17,6,608
proportional_domain_ablation,34,c18q4,3,6,3,352
proportional_domain_ablation,34,c19q0,0,2,2,0
proportional_domain_ablation,34,c19q1,0,25,25,24
proportional_domain_ablation,34,c19q2,13,45,32,608
proportional_domain_ablation,34,c19q3,13,24,11,448
proportional_domain_ablation,34,c19q4,4,10,6,152
proportional_domain_ablation,34,c20q0,0,3,3,40
proportional_domain_ablation,34,c20q1,32,33,1,968
proportional_domain_ablation,34,c20q2,58,43,-15,2440
proportional_domain_ablation,34,c20q3,33,30,-3,1496
proportional_domain_ablation,34,c20q4,40,22,-18,1848
proportional_domain_ablation,34,c21q0,7,3,-4,208
proportional_domain_ablation,34,c21q1,43,24,-19,1664
proportional_domain_ablation,34,c21q2,102,86,-16,4872
proportional_domain_ablation,34,c21q3,137,84,-53,5728
proportional_domain_ablation,34,c21q4,58,34,-24,2336
proportional_domain_ablation,34,c22q0,0,0,0,0
proportional_domain_ablation,34,c22q1,3,5,2,104
proportional_domain_ablation,34,c22q2,17,10,-7,824
proportional_domain_ablation,34,c22q3,30,24,-6,1456
proportional_domain_ablation,34,c22q4,7,3,-4,504
proportional_domain_ablation,34,c23q0,4,14,10,248
proportional_domain_ablation,34,c23q1,41,40,-1,1800
proportional_domain_ablation,34,c23q2,91,77,-14,3560
proportional_domain_ablation,34,c23q3,123,81,-42,4472
proportional_domain_ablation,34,c23q4,84,37,-47,3304
proportional_domain_ablation,34,c24q0,11,19,8,640
proportional_domain_ablation,34,c24q1,68,41,-27,2800
proportional_domain_ablation,34,c24q2,120,86,-34,5048
proportional_domain_ablation,34,c24q3,89,59,-30,3488
proportional_domain_ablation,34,c24q4,32,26,-6,1744
proportional_domain_ablation,34,c25q0,47,31,-16,1816
proportional_domain_ablation,34,c25q1,126,89,-37,5208
proportional_domain_ablation,34,c25q2,183,140,-43,7928
proportional_domain_ablation,34,c25q3,137,90,-47,5368
proportional_domain_ablation,34,c25q4,40,21,-19,2200
proportional_domain_ablation,34,c26q0,0,15,15,0
proportional_domain_ablation,34,c26q1,1,54,53,16
proportional_domain_ablation,34,c26q2,14,142,128,552
proportional_domain_ablation,34,c26q3,20,192,172,928
proportional_domain_ablation,34,c26q4,26,289,263,1240
proportional_domain_ablation,34,c27q0,0,0,0,0
proportional_domain_ablation,34,c27q1,0,1,1,56
proportional_domain_ablation,34,c27q2,8,9,1,288
proportional_domain_ablation,34,c27q3,10,6,-4,432
proportional_domain_ablation,34,c27q4,2,1,-1,168
proportional_domain_ablation,34,c28q0,0,6,6,0
proportional_domain_ablation,34,c28q1,85,151,66,3488
proportional_domain_ablation,34,c28q2,205,160,-45,9456
proportional_domain_ablation,34,c28q3,342,184,-158,14944
proportional_domain_ablation,34,c28q4,177,109,-68,7352
proportional_domain_ablation,34,c29q0,18,31,13,840
proportional_domain_ablation,34,c29q1,30,32,2,1224
proportional_domain_ablation,34,c29q2,80,102,22,3280
proportional_domain_ablation,34,c29q3,84,133,49,4128
proportional_domain_ablation,34,c29q4,83,39,-44,3664
proportional_domain_ablation,34,c30q0,0,1,1,0
proportional_domain_ablation,34,c30q1,10,15,5,896
proportional_domain_ablation,34,c30q2,82,53,-29,3664
proportional_domain_ablation,34,c30q3,300,153,-147,11096
proportional_domain_ablation,34,c30q4,480,286,-194,19664
proportional_domain_ablation,34,c31q0,0,0,0,0
proportional_domain_ablation,34,c31q1,0,6,6,16
proportional_domain_ablation,34,c31q2,3,17,14,64
proportional_domain_ablation,34,c31q3,2,17,15,104
proportional_domain_ablation,34,c31q4,2,6,4,56
proportional_domain_ablation,34,c32q0,7,26,19,280
proportional_domain_ablation,34,c32q1,40,142,102,1768
proportional_domain_ablation,34,c32q2,222,157,-65,10272
proportional_domain_ablation,34,c32q3,407,223,-184,17496
proportional_domain_ablation,34,c32q4,158,95,-63,6632
proportional_domain_ablation,34,c33q0,0,2,2,0
proportional_domain_ablation,34,c33q1,0,20,20,104
proportional_domain_ablation,34,c33q2,4,52,48,288
proportional_domain_ablation,34,c33q3,8,65,57,456
proportional_domain_ablation,34,c33q4,24,75,51,792
proportional_domain_ablation,34,c34q0,0,0,0,0
proportional_domain_ablation,34,c34q1,12,0,-12,288
proportional_domain_ablation,34,c34q2,19,0,-19,856
proportional_domain_ablation,34,c34q3,22,0,-22,976
proportional_domain_ablation,34,c34q4,6,0,-6,512
proportional_domain_ablation,34,c35q0,0,11,11,64
proportional_domain_ablation,34,c35q1,25,52,27,976
proportional_domain_ablation,34,c35q2,37,64,27,1544
proportional_domain_ablation,34,c35q3,27,52,25,1064
proportional_domain_ablation,34,c35q4,12,12,0,416
proportional_domain_ablation,34,c36q0,2,2,0,56
proportional_domain_ablation,34,c36q1,6,17,11,280
proportional_domain_ablation,34,c36q2,11,19,8,504
proportional_domain_ablation,34,c36q3,7,8,1,264
proportional_domain_ablation,34,c36q4,4,2,-2,96
proportional_domain_ablation,34,c37q0,1,4,3,24
proportional_domain_ablation,34,c37q1,11,31,20,256
proportional_domain_ablation,34,c37q2,23,57,34,1008
proportional_domain_ablation,34,c37q3,35,95,60,1616
proportional_domain_ablation,34,c37q4,38,79,41,1360
proportional_domain_ablation,34,c38q0,22,37,15,808
proportional_domain_ablation,34,c38q1,40,73,33,2176
proportional_domain_ablation,34,c38q2,151,139,-12,6968
proportional_domain_ablation,34,c38q3,229,151,-78,8488
proportional_domain_ablation,34,c38q4,214,121,-93,8568
proportional_domain_ablation,34,c39q0,4,1,-3,120
proportional_domain_ablation,34,c39q1,38,19,-19,1520
proportional_domain_ablation,34,c39q2,184,112,-72,7728
proportional_domain_ablation,34,c39q3,104,33,-71,3800
proportional_domain_ablation,34,c39q4,77,35,-42,3640
proportional_domain_ablation,35,c00q0,0,1,1,0
proportional_domain_ablation,35,c00q1,4,30,26,280
proportional_domain_ablation,35,c00q2,19,94,75,1016
proportional_domain_ablation,35,c00q3,28,88,60,1104
proportional_domain_ablation,35,c00q4,10,48,38,640
proportional_domain_ablation,35,c01q0,26,44,18,896
proportional_domain_ablation,35,c01q1,31,54,23,1440
proportional_domain_ablation,35,c01q2,77,56,-21,3424
proportional_domain_ablation,35,c01q3,131,118,-13,5112
proportional_domain_ablation,35,c01q4,126,109,-17,5640
proportional_domain_ablation,35,c02q0,0,0,0,0
proportional_domain_ablation,35,c02q1,6,4,-2,328
proportional_domain_ablation,35,c02q2,28,21,-7,1128
proportional_domain_ablation,35,c02q3,38,18,-20,1608
proportional_domain_ablation,35,c02q4,45,22,-23,1600
proportional_domain_ablation,35,c03q0,16,16,0,736
proportional_domain_ablation,35,c03q1,93,123,30,4680
proportional_domain_ablation,35,c03q2,93,89,-4,4744
proportional_domain_ablation,35,c03q3,159,96,-63,7280
proportional_domain_ablation,35,c03q4,101,54,-47,4720
proportional_domain_ablation,35,c04q0,0,1,1,0
proportional_domain_ablation,35,c04q1,1,13,12,16
proportional_domain_ablation,35,c04q2,13,35,22,696
proportional_domain_ablation,35,c04q3,13,13,0,416
proportional_domain_ablation,35,c04q4,5,3,-2,88
proportional_domain_ablation,35,c05q0,1,3,2,48
proportional_domain_ablation,35,c05q1,7,14,7,224
proportional_domain_ablation,35,c05q2,20,54,34,984
proportional_domain_ablation,35,c05q3,50,133,83,2336
proportional_domain_ablation,35,c05q4,30,80,50,1512
proportional_domain_ablation,35,c06q0,0,0,0,0
proportional_domain_ablation,35,c06q1,2,9,7,48
proportional_domain_ablation,35,c06q2,5,31,26,232
proportional_domain_ablation,35,c06q3,28,28,0,1088
proportional_domain_ablation,35,c06q4,18,28,10,896
proportional_domain_ablation,35,c07q0,1,17,16,56
proportional_domain_ablation,35,c07q1,24,36,12,880
proportional_domain_ablation,35,c07q2,59,36,-23,2160
proportional_domain_ablation,35,c07q3,38,22,-16,1896
proportional_domain_ablation,35,c07q4,14,5,-9,432
proportional_domain_ablation,35,c08q0,0,0,0,0
proportional_domain_ablation,35,c08q1,1,1,0,24
proportional_domain_ablation,35,c08q2,6,15,9,192
proportional_domain_ablation,35,c08q3,5,25,20,288
proportional_domain_ablation,35,c08q4,11,14,3,416
proportional_domain_ablation,35,c09q0,0,1,1,0
proportional_domain_ablation,35,c09q1,3,8,5,56
proportional_domain_ablation,35,c09q2,2,22,20,144
proportional_domain_ablation,35,c09q3,3,19,16,208
proportional_domain_ablation,35,c09q4,2,3,1,48
proportional_domain_ablation,35,c10q0,0,7,7,16
proportional_domain_ablation,35,c10q1,9,31,22,208
proportional_domain_ablation,35,c10q2,4,24,20,336
proportional_domain_ablation,35,c10q3,6,22,16,272
proportional_domain_ablation,35,c10q4,2,11,9,104
proportional_domain_ablation,35,c11q0,0,3,3,40
proportional_domain_ablation,35,c11q1,10,19,9,472
proportional_domain_ablation,35,c11q2,30,50,20,1168
proportional_domain_ablation,35,c11q3,33,34,1,1000
proportional_domain_ablation,35,c11q4,7,11,4,296
proportional_domain_ablation,35,c12q0,3,2,-1,88
proportional_domain_ablation,35,c12q1,35,25,-10,1432
proportional_domain_ablation,35,c12q2,83,47,-36,3248
proportional_domain_ablation,35,c12q3,63,41,-22,3368
proportional_domain_ablation,35,c12q4,29,16,-13,920
proportional_domain_ablation,35,c13q0,0,0,0,0
proportional_domain_ablation,35,c13q1,4,26,22,384
proportional_domain_ablation,35,c13q2,15,42,27,1056
proportional_domain_ablation,35,c13q3,63,126,63,2536
proportional_domain_ablation,35,c13q4,22,50,28,1176
proportional_domain_ablation,35,c14q0,4,19,15,328
proportional_domain_ablation,35,c14q1,119,226,107,4400
proportional_domain_ablation,35,c14q2,256,203,-53,12048
proportional_domain_ablation,35,c14q3,271,166,-105,11680
proportional_domain_ablation,35,c14q4,60,26,-34,2400
proportional_domain_ablation,35,c15q0,0,4,4,0
proportional_domain_ablation,35,c15q1,0,22,22,24
proportional_domain_ablation,35,c15q2,1,51,50,64
proportional_domain_ablation,35,c15q3,1,30,29,64
proportional_domain_ablation,35,c15q4,3,14,11,192
proportional_domain_ablation,35,c16q0,4,7,3,136
proportional_domain_ablation,35,c16q1,21,16,-5,568
proportional_domain_ablation,35,c16q2,34,33,-1,1304
proportional_domain_ablation,35,c16q3,35,56,21,1504
proportional_domain_ablation,35,c16q4,17,14,-3,600
proportional_domain_ablation,35,c17q0,33,26,-7,1552
proportional_domain_ablation,35,c17q1,96,58,-38,3800
proportional_domain_ablation,35,c17q2,158,104,-54,6392
proportional_domain_ablation,35,c17q3,110,75,-35,4952
proportional_domain_ablation,35,c17q4,40,20,-20,1328
proportional_domain_ablation,35,c18q0,2,5,3,88
proportional_domain_ablation,35,c18q1,12,28,16,704
proportional_domain_ablation,35,c18q2,26,42,16,1224
proportional_domain_ablation,35,c18q3,11,24,13,608
proportional_domain_ablation,35,c18q4,3,6,3,352
proportional_domain_ablation,35,c19q0,0,4,4,0
proportional_domain_ablation,35,c19q1,0,27,27,24
proportional_domain_ablation,35,c19q2,13,38,25,608
proportional_domain_ablation,35,c19q3,13,23,10,448
proportional_domain_ablation,35,c19q4,4,8,4,152
proportional_domain_ablation,35,c20q0,0,2,2,40
proportional_domain_ablation,35,c20q1,32,29,-3,968
proportional_domain_ablation,35,c20q2,58,53,-5,2440
proportional_domain_ablation,35,c20q3,33,32,-1,1496
proportional_domain_ablation,35,c20q4,40,31,-9,1848
proportional_domain_ablation,35,c21q0,7,1,-6,208
proportional_domain_ablation,35,c21q1,43,31,-12,1664
proportional_domain_ablation,35,c21q2,102,75,-27,4872
proportional_domain_ablation,35,c21q3,137,88,-49,5728
proportional_domain_ablation,35,c21q4,58,39,-19,2336
proportional_domain_ablation,35,c22q0,0,0,0,0
proportional_domain_ablation,35,c22q1,3,4,1,104
proportional_domain_ablation,35,c22q2,17,13,-4,824
proportional_domain_ablation,35,c22q3,30,10,-20,1456
proportional_domain_ablation,35,c22q4,7,5,-2,504
proportional_domain_ablation,35,c23q0,4,13,9,248
proportional_domain_ablation,35,c23q1,41,47,6,1800
proportional_domain_ablation,35,c23q2,91,63,-28,3560
proportional_domain_ablation,35,c23q3,123,97,-26,4472
proportional_domain_ablation,35,c23q4,84,32,-52,3304
proportional_domain_ablation,35,c24q0,11,9,-2,640
proportional_domain_ablation,35,c24q1,68,53,-15,2800
proportional_domain_ablation,35,c24q2,120,87,-33,5048
proportional_domain_ablation,35,c24q3,89,56,-33,3488
proportional_domain_ablation,35,c24q4,32,37,5,1744
proportional_domain_ablation,35,c25q0,47,28,-19,1816
proportional_domain_ablation,35,c25q1,126,87,-39,5208
proportional_domain_ablation,35,c25q2,183,148,-35,7928
proportional_domain_ablation,35,c25q3,137,79,-58,5368
proportional_domain_ablation,35,c25q4,40,23,-17,2200
proportional_domain_ablation,35,c26q0,0,13,13,0
proportional_domain_ablation,35,c26q1,1,59,58,16
proportional_domain_ablation,35,c26q2,14,145,131,552
proportional_domain_ablation,35,c26q3,20,198,178,928
proportional_domain_ablation,35,c26q4,26,285,259,1240
proportional_domain_ablation,35,c27q0,0,0,0,0
proportional_domain_ablation,35,c27q1,0,2,2,56
proportional_domain_ablation,35,c27q2,8,12,4,288
proportional_domain_ablation,35,c27q3,10,4,-6,432
proportional_domain_ablation,35,c27q4,2,2,0,168
proportional_domain_ablation,35,c28q0,0,1,1,0
proportional_domain_ablation,35,c28q1,85,173,88,3488
proportional_domain_ablation,35,c28q2,205,140,-65,9456
proportional_domain_ablation,35,c28q3,342,201,-141,14944
proportional_domain_ablation,35,c28q4,177,114,-63,7352
proportional_domain_ablation,35,c29q0,18,29,11,840
proportional_domain_ablation,35,c29q1,30,43,13,1224
proportional_domain_ablation,35,c29q2,80,105,25,3280
proportional_domain_ablation,35,c29q3,84,118,34,4128
proportional_domain_ablation,35,c29q4,83,33,-50,3664
proportional_domain_ablation,35,c30q0,0,2,2,0
proportional_domain_ablation,35,c30q1,10,11,1,896
proportional_domain_ablation,35,c30q2,82,59,-23,3664
proportional_domain_ablation,35,c30q3,300,169,-131,11096
proportional_domain_ablation,35,c30q4,480,275,-205,19664
proportional_domain_ablation,35,c31q0,0,1,1,0
proportional_domain_ablation,35,c31q1,0,5,5,16
proportional_domain_ablation,35,c31q2,3,12,9,64
proportional_domain_ablation,35,c31q3,2,14,12,104
proportional_domain_ablation,35,c31q4,2,9,7,56
proportional_domain_ablation,35,c32q0,7,27,20,280
proportional_domain_ablation,35,c32q1,40,156,116,1768
proportional_domain_ablation,35,c32q2,222,159,-63,10272
proportional_domain_ablation,35,c32q3,407,233,-174,17496
proportional_domain_ablation,35,c32q4,158,84,-74,6632
proportional_domain_ablation,35,c33q0,0,1,1,0
proportional_domain_ablation,35,c33q1,0,23,23,104
proportional_domain_ablation,35,c33q2,4,48,44,288
proportional_domain_ablation,35,c33q3,8,77,69,456
proportional_domain_ablation,35,c33q4,24,81,57,792
proportional_domain_ablation,35,c34q0,0,0,0,0
proportional_domain_ablation,35,c34q1,12,4,-8,288
proportional_domain_ablation,35,c34q2,19,22,3,856
proportional_domain_ablation,35,c34q3,22,18,-4,976
proportional_domain_ablation,35,c34q4,6,10,4,512
proportional_domain_ablation,35,c35q0,0,0,0,64
proportional_domain_ablation,35,c35q1,25,0,-25,976
proportional_domain_ablation,35,c35q2,37,0,-37,1544
proportional_domain_ablation,35,c35q3,27,0,-27,1064
proportional_domain_ablation,35,c35q4,12,0,-12,416
proportional_domain_ablation,35,c36q0,2,6,4,56
proportional_domain_ablation,35,c36q1,6,17,11,280
proportional_domain_ablation,35,c36q2,11,20,9,504
proportional_domain_ablation,35,c36q3,7,12,5,264
proportional_domain_ablation,35,c36q4,4,1,-3,96
proportional_domain_ablation,35,c37q0,1,6,5,24
proportional_domain_ablation,35,c37q1,11,22,11,256
proportional_domain_ablation,35,c37q2,23,62,39,1008
proportional_domain_ablation,35,c37q3,35,88,53,1616
proportional_domain_ablation,35,c37q4,38,82,44,1360
proportional_domain_ablation,35,c38q0,22,40,18,808
proportional_domain_ablation,35,c38q1,40,74,34,2176
proportional_domain_ablation,35,c38q2,151,147,-4,6968
proportional_domain_ablation,35,c38q3,229,150,-79,8488
proportional_domain_ablation,35,c38q4,214,122,-92,8568
proportional_domain_ablation,35,c39q0,4,1,-3,120
proportional_domain_ablation,35,c39q1,38,20,-18,1520
proportional_domain_ablation,35,c39q2,184,110,-74,7728
proportional_domain_ablation,35,c39q3,104,34,-70,3800
proportional_domain_ablation,35,c39q4,77,37,-40,3640
proportional_domain_ablation,36,c00q0,0,1,1,0
proportional_domain_ablation,36,c00q1,4,29,25,280
proportional_domain_ablation,36,c00q2,19,93,74,1016
proportional_domain_ablation,36,c00q3,28,85,57,1104
proportional_domain_ablation,36,c00q4,10,48,38,640
proportional_domain_ablation,36,c01q0,26,45,19,896
proportional_domain_ablation,36,c01q1,31,54,23,1440
proportional_domain_ablation,36,c01q2,77,54,-23,3424
proportional_domain_ablation,36,c01q3,131,118,-13,5112
proportional_domain_ablation,36,c01q4,126,111,-15,5640
proportional_domain_ablation,36,c02q0,0,1,1,0
proportional_domain_ablation,36,c02q1,6,1,-5,328
proportional_domain_ablation,36,c02q2,28,18,-10,1128
proportional_domain_ablation,36,c02q3,38,20,-18,1608
proportional_domain_ablation,36,c02q4,45,24,-21,1600
proportional_domain_ablation,36,c03q0,16,16,0,736
proportional_domain_ablation,36,c03q1,93,120,27,4680
proportional_domain_ablation,36,c03q2,93,92,-1,4744
proportional_domain_ablation,36,c03q3,159,89,-70,7280
proportional_domain_ablation,36,c03q4,101,60,-41,4720
proportional_domain_ablation,36,c04q0,0,0,0,0
proportional_domain_ablation,36,c04q1,1,7,6,16
proportional_domain_ablation,36,c04q2,13,29,16,696
proportional_domain_ablation,36,c04q3,13,22,9,416
proportional_domain_ablation,36,c04q4,5,2,-3,88
proportional_domain_ablation,36,c05q0,1,4,3,48
proportional_domain_ablation,36,c05q1,7,11,4,224
proportional_domain_ablation,36,c05q2,20,54,34,984
proportional_domain_ablation,36,c05q3,50,129,79,2336
proportional_domain_ablation,36,c05q4,30,81,51,1512
proportional_domain_ablation,36,c06q0,0,0,0,0
proportional_domain_ablation,36,c06q1,2,6,4,48
proportional_domain_ablation,36,c06q2,5,25,20,232
proportional_domain_ablation,36,c06q3,28,39,11,1088
proportional_domain_ablation,36,c06q4,18,23,5,896
proportional_domain_ablation,36,c07q0,1,18,17,56
proportional_domain_ablation,36,c07q1,24,32,8,880
proportional_domain_ablation,36,c07q2,59,39,-20,2160
proportional_domain_ablation,36,c07q3,38,27,-11,1896
proportional_domain_ablation,36,c07q4,14,5,-9,432
proportional_domain_ablation,36,c08q0,0,0,0,0
proportional_domain_ablation,36,c08q1,1,0,-1,24
proportional_domain_ablation,36,c08q2,6,14,8,192
proportional_domain_ablation,36,c08q3,5,22,17,288
proportional_domain_ablation,36,c08q4,11,9,-2,416
proportional_domain_ablation,36,c09q0,0,0,0,0
proportional_domain_ablation,36,c09q1,3,14,11,56
proportional_domain_ablation,36,c09q2,2,25,23,144
proportional_domain_ablation,36,c09q3,3,16,13,208
proportional_domain_ablation,36,c09q4,2,3,1,48
proportional_domain_ablation,36,c10q0,0,3,3,16
proportional_domain_ablation,36,c10q1,9,35,26,208
proportional_domain_ablation,36,c10q2,4,32,28,336
proportional_domain_ablation,36,c10q3,6,11,5,272
proportional_domain_ablation,36,c10q4,2,7,5,104
proportional_domain_ablation,36,c11q0,0,5,5,40
proportional_domain_ablation,36,c11q1,10,21,11,472
proportional_domain_ablation,36,c11q2,30,53,23,1168
proportional_domain_ablation,36,c11q3,33,35,2,1000
proportional_domain_ablation,36,c11q4,7,7,0,296
proportional_domain_ablation,36,c12q0,3,3,0,88
proportional_domain_ablation,36,c12q1,35,28,-7,1432
proportional_domain_ablation,36,c12q2,83,50,-33,3248
proportional_domain_ablation,36,c12q3,63,32,-31,3368
proportional_domain_ablation,36,c12q4,29,14,-15,920
proportional_domain_ablation,36,c13q0,0,1,1,0
proportional_domain_ablation,36,c13q1,4,24,20,384
proportional_domain_ablation,36,c13q2,15,49,34,1056
proportional_domain_ablation,36,c13q3,63,119,56,2536
proportional_domain_ablation,36,c13q4,22,46,24,1176
proportional_domain_ablation,36,c14q0,4,26,22,328
proportional_domain_ablation,36,c14q1,119,215,96,4400
proportional_domain_ablation,36,c14q2,256,199,-57,12048
proportional_domain_ablation,36,c14q3,271,181,-90,11680
proportional_domain_ablation,36,c14q4,60,19,-41,2400
proportional_domain_ablation,36,c15q0,0,3,3,0
proportional_domain_ablation,36,c15q1,0,15,15,24
proportional_domain_ablation,36,c15q2,1,47,46,64
proportional_domain_ablation,36,c15q3,1,43,42,64
proportional_domain_ablation,36,c15q4,3,18,15,192
proportional_domain_ablation,36,c16q0,4,4,0,136
proportional_domain_ablation,36,c16q1,21,13,-8,568
proportional_domain_ablation,36,c16q2,34,34,0,1304
proportional_domain_ablation,36,c16q3,35,43,8,1504
proportional_domain_ablation,36,c16q4,17,20,3,600
proportional_domain_ablation,36,c17q0,33,26,-7,1552
proportional_domain_ablation,36,c17q1,96,62,-34,3800
proportional_domain_ablation,36,c17q2,158,103,-55,6392
proportional_domain_ablation,36,c17q3,110,67,-43,4952
proportional_domain_ablation,36,c17q4,40,21,-19,1328
proportional_domain_ablation,36,c18q0,2,3,1,88
proportional_domain_ablation,36,c18q1,12,30,18,704
proportional_domain_ablation,36,c18q2,26,44,18,1224
proportional_domain_ablation,36,c18q3,11,18,7,608
proportional_domain_ablation,36,c18q4,3,4,1,352
proportional_domain_ablation,36,c19q0,0,5,5,0
proportional_domain_ablation,36,c19q1,0,23,23,24
proportional_domain_ablation,36,c19q2,13,50,37,608
proportional_domain_ablation,36,c19q3,13,25,12,448
proportional_domain_ablation,36,c19q4,4,6,2,152
proportional_domain_ablation,36,c20q0,0,0,0,40
proportional_domain_ablation,36,c20q1,32,39,7,968
proportional_domain_ablation,36,c20q2,58,43,-15,2440
proportional_domain_ablation,36,c20q3,33,27,-6,1496
proportional_domain_ablation,36,c20q4,40,25,-15,1848
proportional_domain_ablation,36,c21q0,7,3,-4,208
proportional_domain_ablation,36,c21q1,43,23,-20,1664
proportional_domain_ablation,36,c21q2,102,86,-16,4872
proportional_domain_ablation,36,c21q3,137,82,-55,5728
proportional_domain_ablation,36,c21q4,58,39,-19,2336
proportional_domain_ablation,36,c22q0,0,0,0,0
proportional_domain_ablation,36,c22q1,3,1,-2,104
proportional_domain_ablation,36,c22q2,17,10,-7,824
proportional_domain_ablation,36,c22q3,30,21,-9,1456
proportional_domain_ablation,36,c22q4,7,5,-2,504
proportional_domain_ablation,36,c23q0,4,18,14,248
proportional_domain_ablation,36,c23q1,41,32,-9,1800
proportional_domain_ablation,36,c23q2,91,82,-9,3560
proportional_domain_ablation,36,c23q3,123,79,-44,4472
proportional_domain_ablation,36,c23q4,84,45,-39,3304
proportional_domain_ablation,36,c24q0,11,14,3,640
proportional_domain_ablation,36,c24q1,68,37,-31,2800
proportional_domain_ablation,36,c24q2,120,90,-30,5048
proportional_domain_ablation,36,c24q3,89,58,-31,3488
proportional_domain_ablation,36,c24q4,32,30,-2,1744
proportional_domain_ablation,36,c25q0,47,31,-16,1816
proportional_domain_ablation,36,c25q1,126,89,-37,5208
proportional_domain_ablation,36,c25q2,183,139,-44,7928
proportional_domain_ablation,36,c25q3,137,90,-47,5368
proportional_domain_ablation,36,c25q4,40,21,-19,2200
proportional_domain_ablation,36,c26q0,0,13,13,0
proportional_domain_ablation,36,c26q1,1,53,52,16
proportional_domain_ablation,36,c26q2,14,139,125,552
proportional_domain_ablation,36,c26q3,20,199,179,928
proportional_domain_ablation,36,c26q4,26,284,258,1240
proportional_domain_ablation,36,c27q0,0,0,0,0
proportional_domain_ablation,36,c27q1,0,1,1,56
proportional_domain_ablation,36,c27q2,8,16,8,288
proportional_domain_ablation,36,c27q3,10,5,-5,432
proportional_domain_ablation,36,c27q4,2,2,0,168
proportional_domain_ablation,36,c28q0,0,2,2,0
proportional_domain_ablation,36,c28q1,85,150,65,3488
proportional_domain_ablation,36,c28q2,205,161,-44,9456
proportional_domain_ablation,36,c28q3,342,189,-153,14944
proportional_domain_ablation,36,c28q4,177,108,-69,7352
proportional_domain_ablation,36,c29q0,18,25,7,840
proportional_domain_ablation,36,c29q1,30,34,4,1224
proportional_domain_ablation,36,c29q2,80,110,30,3280
proportional_domain_ablation,36,c29q3,84,129,45,4128
proportional_domain_ablation,36,c29q4,83,38,-45,3664
proportional_domain_ablation,36,c30q0,0,1,1,0
proportional_domain_ablation,36,c30q1,10,15,5,896
proportional_domain_ablation,36,c30q2,82,50,-32,3664
proportional_domain_ablation,36,c30q3,300,156,-144,11096
proportional_domain_ablation,36,c30q4,480,286,-194,19664
proportional_domain_ablation,36,c31q0,0,0,0,0
proportional_domain_ablation,36,c31q1,0,5,5,16
proportional_domain_ablation,36,c31q2,3,16,13,64
proportional_domain_ablation,36,c31q3,2,15,13,104
proportional_domain_ablation,36,c31q4,2,9,7,56
proportional_domain_ablation,36,c32q0,7,28,21,280
proportional_domain_ablation,36,c32q1,40,143,103,1768
proportional_domain_ablation,36,c32q2,222,157,-65,10272
proportional_domain_ablation,36,c32q3,407,226,-181,17496
proportional_domain_ablation,36,c32q4,158,92,-66,6632
proportional_domain_ablation,36,c33q0,0,1,1,0
proportional_domain_ablation,36,c33q1,0,20,20,104
proportional_domain_ablation,36,c33q2,4,58,54,288
proportional_domain_ablation,36,c33q3,8,57,49,456
proportional_domain_ablation,36,c33q4,24,79,55,792
proportional_domain_ablation,36,c34q0,0,0,0,0
proportional_domain_ablation,36,c34q1,12,8,-4,288
proportional_domain_ablation,36,c34q2,19,14,-5,856
proportional_domain_ablation,36,c34q3,22,27,5,976
proportional_domain_ablation,36,c34q4,6,10,4,512
proportional_domain_ablation,36,c35q0,0,11,11,64
proportional_domain_ablation,36,c35q1,25,42,17,976
proportional_domain_ablation,36,c35q2,37,68,31,1544
proportional_domain_ablation,36,c35q3,27,33,6,1064
proportional_domain_ablation,36,c35q4,12,7,-5,416
proportional_domain_ablation,36,c36q0,2,0,-2,56
proportional_domain_ablation,36,c36q1,6,0,-6,280
proportional_domain_ablation,36,c36q2,11,0,-11,504
proportional_domain_ablation,36,c36q3,7,0,-7,264
proportional_domain_ablation,36,c36q4,4,0,-4,96
proportional_domain_ablation,36,c37q0,1,4,3,24
proportional_domain_ablation,36,c37q1,11,30,19,256
proportional_domain_ablation,36,c37q2,23,58,35,1008
proportional_domain_ablation,36,c37q3,35,94,59,1616
proportional_domain_ablation,36,c37q4,38,80,42,1360
proportional_domain_ablation,36,c38q0,22,35,13,808
proportional_domain_ablation,36,c38q1,40,75,35,2176
proportional_domain_ablation,36,c38q2,151,140,-11,6968
proportional_domain_ablation,36,c38q3,229,151,-78,8488
proportional_domain_ablation,36,c38q4,214,121,-93,8568
proportional_domain_ablation,36,c39q0,4,1,-3,120
proportional_domain_ablation,36,c39q1,38,19,-19,1520
proportional_domain_ablation,36,c39q2,184,112,-72,7728
proportional_domain_ablation,36,c39q3,104,33,-71,3800
proportional_domain_ablation,36,c39q4,77,35,-42,3640
proportional_domain_ablation,37,c00q0,0,1,1,0
proportional_domain_ablation,37,c00q1,4,30,26,280
proportional_domain_ablation,37,c00q2,19,96,77,1016
proportional_domain_ablation,37,c00q3,28,87,59,1104
proportional_domain_ablation,37,c00q4,10,49,39,640
proportional_domain_ablation,37,c01q0,26,48,22,896
proportional_domain_ablation,37,c01q1,31,52,21,1440
proportional_domain_ablation,37,c01q2,77,55,-22,3424
proportional_domain_ablation,37,c01q3,131,123,-8,5112
proportional_domain_ablation,37,c01q4,126,105,-21,5640
proportional_domain_ablation,37,c02q0,0,0,0,0
proportional_domain_ablation,37,c02q1,6,7,1,328
proportional_domain_ablation,37,c02q2,28,16,-12,1128
proportional_domain_ablation,37,c02q3,38,22,-16,1608
proportional_domain_ablation,37,c02q4,45,22,-23,1600
proportional_domain_ablation,37,c03q0,16,16,0,736
proportional_domain_ablation,37,c03q1,93,123,30,4680
proportional_domain_ablation,37,c03q2,93,89,-4,4744
proportional_domain_ablation,37,c03q3,159,98,-61,7280
proportional_domain_ablation,37,c03q4,101,57,-44,4720
proportional_domain_ablation,37,c04q0,0,2,2,0
proportional_domain_ablation,37,c04q1,1,10,9,16
proportional_domain_ablation,37,c04q2,13,31,18,696
proportional_domain_ablation,37,c04q3,13,15,2,416
proportional_domain_ablation,37,c04q4,5,2,-3,88
proportional_domain_ablation,37,c05q0,1,6,5,48
proportional_domain_ablation,37,c05q1,7,15,8,224
proportional_domain_ablation,37,c05q2,20,57,37,984
proportional_domain_ablation,37,c05q3,50,136,86,2336
proportional_domain_ablation,37,c05q4,30,79,49,1512
proportional_domain_ablation,37,c06q0,0,1,1,0
proportional_domain_ablation,37,c06q1,2,7,5,48
proportional_domain_ablation,37,c06q2,5,31,26,232
proportional_domain_ablation,37,c06q3,28,31,3,1088
proportional_domain_ablation,37,c06q4,18,24,6,896
proportional_domain_ablation,37,c07q0,1,18,17,56
proportional_domain_ablation,37,c07q1,24,35,11,880
proportional_domain_ablation,37,c07q2,59,35,-24,2160
proportional_domain_ablation,37,c07q3,38,20,-18,1896
proportional_domain_ablation,37,c07q4,14,9,-5,432
proportional_domain_ablation,37,c08q0,0,0,0,0
proportional_domain_ablation,37,c08q1,1,0,-1,24
proportional_domain_ablation,37,c08q2,6,17,11,192
proportional_domain_ablation,37,c08q3,5,29,24,288
proportional_domain_ablation,37,c08q4,11,4,-7,416
proportional_domain_ablation,37,c09q0,0,1,1,0
proportional_domain_ablation,37,c09q1,3,7,4,56
proportional_domain_ablation,37,c09q2,2,31,29,144
proportional_domain_ablation,37,c09q3,3,18,15,208
proportional_domain_ablation,37,c09q4,2,5,3,48
proportional_domain_ablation,37,c10q0,0,5,5,16
proportional_domain_ablation,37,c10q1,9,27,18,208
proportional_domain_ablation,37,c10q2,4,32,28,336
proportional_domain_ablation,37,c10q3,6,20,14,272
proportional_domain_ablation,37,c10q4,2,9,7,104
proportional_domain_ablation,37,c11q0,0,2,2,40
proportional_domain_ablation,37,c11q1,10,31,21,472
proportional_domain_ablation,37,c11q2,30,45,15,1168
proportional_domain_ablation,37,c11q3,33,32,-1,1000
proportional_domain_ablation,37,c11q4,7,7,0,296
proportional_domain_ablation,37,c12q0,3,3,0,88
proportional_domain_ablation,37,c12q1,35,23,-12,1432
proportional_domain_ablation,37,c12q2,83,42,-41,3248
proportional_domain_ablation,37,c12q3,63,48,-15,3368
proportional_domain_ablation,37,c12q4,29,18,-11,920
proportional_domain_ablation,37,c13q0,0,0,0,0
proportional_domain_ablation,37,c13q1,4,23,19,384
proportional_domain_ablation,37,c13q2,15,47,32,1056
proportional_domain_ablation,37,c13q3,63,122,59,2536
proportional_domain_ablation,37,c13q4,22,49,27,1176
proportional_domain_ablation,37,c14q0,4,21,17,328
proportional_domain_ablation,37,c14q1,119,229,110,4400
proportional_domain_ablation,37,c14q2,256,200,-56,12048
proportional_domain_ablation,37,c14q3,271,169,-102,11680
proportional_domain_ablation,37,c14q4,60,35,-25,2400
proportional_domain_ablation,37,c15q0,0,3,3,0
proportional_domain_ablation,37,c15q1,0,18,18,24
proportional_domain_ablation,37,c15q2,1,50,49,64
proportional_domain_ablation,37,c15q3,1,28,27,64
proportional_domain_ablation,37,c15q4,3,17,14,192
proportional_domain_ablation,37,c16q0,4,0,-4,136
proportional_domain_ablation,37,c16q1,21,19,-2,568
proportional_domain_ablation,37,c16q2,34,49,15,1304
proportional_domain_ablation,37,c16q3,35,45,10,1504
proportional_domain_ablation,37,c16q4,17,14,-3,600
proportional_domain_ablation,37,c17q0,33,26,-7,1552
proportional_domain_ablation,37,c17q1,96,62,-34,3800
proportional_domain_ablation,37,c17q2,158,97,-61,6392
proportional_domain_ablation,37,c17q3,110,82,-28,4952
proportional_domain_ablation,37,c17q4,40,19,-21,1328
proportional_domain_ablation,37,c18q0,2,4,2,88
proportional_domain_ablation,37,c18q1,12,21,9,704
proportional_domain_ablation,37,c18q2,26,52,26,1224
proportional_domain_ablation,37,c18q3,11,29,18,608
proportional_domain_ablation,37,c18q4,3,2,-1,352
proportional_domain_ablation,37,c19q0,0,3,3,0
proportional_domain_ablation,37,c19q1,0,25,25,24
proportional_domain_ablation,37,c19q2,13,39,26,608
proportional_domain_ablation,37,c19q3,13,17,4,448
proportional_domain_ablation,37,c19q4,4,4,0,152
proportional_domain_ablation,37,c20q0,0,2,2,40
proportional_domain_ablation,37,c20q1,32,38,6,968
proportional_domain_ablation,37,c20q2,58,56,-2,2440
proportional_domain_ablation,37,c20q3,33,44,11,1496
proportional_domain_ablation,37,c20q4,40,25,-15,1848
proportional_domain_ablation,37,c21q0,7,5,-2,208
proportional_domain_ablation,37,c21q1,43,31,-12,1664
proportional_domain_ablation,37,c21q2,102,67,-35,4872
proportional_domain_ablation,37,c21q3,137,94,-43,5728
proportional_domain_ablation,37,c21q4,58,29,-29,2336
proportional_domain_ablation,37,c22q0,0,0,0,0
proportional_domain_ablation,37,c22q1,3,3,0,104
proportional_domain_ablation,37,c22q2,17,10,-7,824
proportional_domain_ablation,37,c22q3,30,19,-11,1456
proportional_domain_ablation,37,c22q4,7,11,4,504
proportional_domain_ablation,37,c23q0,4,12,8,248
proportional_domain_ablation,37,c23q1,41,45,4,1800
proportional_domain_ablation,37,c23q2,91,65,-26,3560
proportional_domain_ablation,37,c23q3,123,87,-36,4472
proportional_domain_ablation,37,c23q4,84,34,-50,3304
proportional_domain_ablation,37,c24q0,11,19,8,640
proportional_domain_ablation,37,c24q1,68,50,-18,2800
proportional_domain_ablation,37,c24q2,120,86,-34,5048
proportional_domain_ablation,37,c24q3,89,67,-22,3488
proportional_domain_ablation,37,c24q4,32,19,-13,1744
proportional_domain_ablation,37,c25q0,47,32,-15,1816
proportional_domain_ablation,37,c25q1,126,95,-31,5208
proportional_domain_ablation,37,c25q2,183,138,-45,7928
proportional_domain_ablation,37,c25q3,137,89,-48,5368
proportional_domain_ablation,37,c25q4,40,22,-18,2200
proportional_domain_ablation,37,c26q0,0,15,15,0
proportional_domain_ablation,37,c26q1,1,57,56,16
proportional_domain_ablation,37,c26q2,14,132,118,552
proportional_domain_ablation,37,c26q3,20,214,194,928
proportional_domain_ablation,37,c26q4,26,281,255,1240
proportional_domain_ablation,37,c27q0,0,0,0,0
proportional_domain_ablation,37,c27q1,0,5,5,56
proportional_domain_ablation,37,c27q2,8,14,6,288
proportional_domain_ablation,37,c27q3,10,5,-5,432
proportional_domain_ablation,37,c27q4,2,1,-1,168
proportional_domain_ablation,37,c28q0,0,2,2,0
proportional_domain_ablation,37,c28q1,85,168,83,3488
proportional_domain_ablation,37,c28q2,205,151,-54,9456
proportional_domain_ablation,37,c28q3,342,205,-137,14944
proportional_domain_ablation,37,c28q4,177,122,-55,7352
proportional_domain_ablation,37,c29q0,18,36,18,840
proportional_domain_ablation,37,c29q1,30,35,5,1224
proportional_domain_ablation,37,c29q2,80,103,23,3280
proportional_domain_ablation,37,c29q3,84,103,19,4128
proportional_domain_ablation,37,c29q4,83,40,-43,3664
proportional_domain_ablation,37,c30q0,0,3,3,0
proportional_domain_ablation,37,c30q1,10,14,4,896
proportional_domain_ablation,37,c30q2,82,53,-29,3664
proportional_domain_ablation,37,c30q3,300,180,-120,11096
proportional_domain_ablation,37,c30q4,480,260,-220,19664
proportional_domain_ablation,37,c31q0,0,0,0,0
proportional_domain_ablation,37,c31q1,0,8,8,16
proportional_domain_ablation,37,c31q2,3,16,13,64
proportional_domain_ablation,37,c31q3,2,19,17,104
proportional_domain_ablation,37,c31q4,2,10,8,56
proportional_domain_ablation,37,c32q0,7,31,24,280
proportional_domain_ablation,37,c32q1,40,146,106,1768
proportional_domain_ablation,37,c32q2,222,165,-57,10272
proportional_domain_ablation,37,c32q3,407,229,-178,17496
proportional_domain_ablation,37,c32q4,158,85,-73,6632
proportional_domain_ablation,37,c33q0,0,2,2,0
proportional_domain_ablation,37,c33q1,0,24,24,104
proportional_domain_ablation,37,c33q2,4,62,58,288
proportional_domain_ablation,37,c33q3,8,78,70,456
proportional_domain_ablation,37,c33q4,24,79,55,792
proportional_domain_ablation,37,c34q0,0,0,0,0
proportional_domain_ablation,37,c34q1,12,5,-7,288
proportional_domain_ablation,37,c34q2,19,13,-6,856
proportional_domain_ablation,37,c34q3,22,14,-8,976
proportional_domain_ablation,37,c34q4,6,5,-1,512
proportional_domain_ablation,37,c35q0,0,7,7,64
proportional_domain_ablation,37,c35q1,25,46,21,976
proportional_domain_ablation,37,c35q2,37,60,23,1544
proportional_domain_ablation,37,c35q3,27,46,19,1064
proportional_domain_ablation,37,c35q4,12,15,3,416
proportional_domain_ablation,37,c36q0,2,2,0,56
proportional_domain_ablation,37,c36q1,6,27,21,280
proportional_domain_ablation,37,c36q2,11,31,20,504
proportional_domain_ablation,37,c36q3,7,15,8,264
proportional_domain_ablation,37,c36q4,4,7,3,96
proportional_domain_ablation,37,c37q0,1,0,-1,24
proportional_domain_ablation,37,c37q1,11,0,-11,256
proportional_domain_ablation,37,c37q2,23,0,-23,1008
proportional_domain_ablation,37,c37q3,35,0,-35,1616
proportional_domain_ablation,37,c37q4,38,0,-38,1360
proportional_domain_ablation,37,c38q0,22,38,16,808
proportional_domain_ablation,37,c38q1,40,75,35,2176
proportional_domain_ablation,37,c38q2,151,151,0,6968
proportional_domain_ablation,37,c38q3,229,150,-79,8488
proportional_domain_ablation,37,c38q4,214,122,-92,8568
proportional_domain_ablation,37,c39q0,4,2,-2,120
proportional_domain_ablation,37,c39q1,38,20,-18,1520
proportional_domain_ablation,37,c39q2,184,110,-74,7728
proportional_domain_ablation,37,c39q3,104,35,-69,3800
proportional_domain_ablation,37,c39q4,77,37,-40,3640
proportional_domain_ablation,38,c00q0,0,1,1,0
proportional_domain_ablation,38,c00q1,4,31,27,280
proportional_domain_ablation,38,c00q2,19,99,80,1016
proportional_domain_ablation,38,c00q3,28,87,59,1104
proportional_domain_ablation,38,c00q4,10,56,46,640
proportional_domain_ablation,38,c01q0,26,49,23,896
proportional_domain_ablation,38,c01q1,31,43,12,1440
proportional_domain_ablation,38,c01q2,77,68,-9,3424
proportional_domain_ablation,38,c01q3,131,124,-7,5112
proportional_domain_ablation,38,c01q4,126,108,-18,5640
proportional_domain_ablation,38,c02q0,0,0,0,0
proportional_domain_ablation,38,c02q1,6,3,-3,328
proportional_domain_ablation,38,c02q2,28,14,-14,1128
proportional_domain_ablation,38,c02q3,38,24,-14,1608
proportional_domain_ablation,38,c02q4,45,22,-23,1600
proportional_domain_ablation,38,c03q0,16,17,1,736
proportional_domain_ablation,38,c03q1,93,126,33,4680
proportional_domain_ablation,38,c03q2,93,90,-3,4744
proportional_domain_ablation,38,c03q3,159,112,-47,7280
proportional_domain_ablation,38,c03q4,101,54,-47,4720
proportional_domain_ablation,38,c04q0,0,1,1,0
proportional_domain_ablation,38,c04q1,1,8,7,16
proportional_domain_ablation,38,c04q2,13,31,18,696
proportional_domain_ablation,38,c04q3,13,20,7,416
proportional_domain_ablation,38,c04q4,5,4,-1,88
proportional_domain_ablation,38,c05q0,1,4,3,48
proportional_domain_ablation,38,c05q1,7,16,9,224
proportional_domain_ablation,38,c05q2,20,64,44,984
proportional_domain_ablation,38,c05q3,50,132,82,2336
proportional_domain_ablation,38,c05q4,30,90,60,1512
proportional_domain_ablation,38,c06q0,0,0,0,0
proportional_domain_ablation,38,c06q1,2,6,4,48
proportional_domain_ablation,38,c06q2,5,29,24,232
proportional_domain_ablation,38,c06q3,28,35,7,1088
proportional_domain_ablation,38,c06q4,18,23,5,896
proportional_domain_ablation,38,c07q0,1,18,17,56
proportional_domain_ablation,38,c07q1,24,26,2,880
proportional_domain_ablation,38,c07q2,59,35,-24,2160
proportional_domain_ablation,38,c07q3,38,35,-3,1896
proportional_domain_ablation,38,c07q4,14,3,-11,432
proportional_domain_ablation,38,c08q0,0,0,0,0
proportional_domain_ablation,38,c08q1,1,1,0,24
proportional_domain_ablation,38,c08q2,6,9,3,192
proportional_domain_ablation,38,c08q3,5,24,19,288
proportional_domain_ablation,38,c08q4,11,10,-1,416
proportional_domain_ablation,38,c09q0,0,1,1,0
proportional_domain_ablation,38,c09q1,3,14,11,56
proportional_domain_ablation,38,c09q2,2,31,29,144
proportional_domain_ablation,38,c09q3,3,13,10,208
proportional_domain_ablation,38,c09q4,2,3,1,48
proportional_domain_ablation,38,c10q0,0,2,2,16
proportional_domain_ablation,38,c10q1,9,36,27,208
proportional_domain_ablation,38,c10q2,4,50,46,336
proportional_domain_ablation,38,c10q3,6,17,11,272
proportional_domain_ablation,38,c10q4,2,12,10,104
proportional_domain_ablation,38,c11q0,0,6,6,40
proportional_domain_ablation,38,c11q1,10,16,6,472
proportional_domain_ablation,38,c11q2,30,44,14,1168
proportional_domain_ablation,38,c11q3,33,26,-7,1000
proportional_domain_ablation,38,c11q4,7,6,-1,296
proportional_domain_ablation,38,c12q0,3,5,2,88
proportional_domain_ablation,38,c12q1,35,14,-21,1432
proportional_domain_ablation,38,c12q2,83,58,-25,3248
proportional_domain_ablation,38,c12q3,63,53,-10,3368
proportional_domain_ablation,38,c12q4,29,13,-16,920
proportional_domain_ablation,38,c13q0,0,0,0,0
proportional_domain_ablation,38,c13q1,4,33,29,384
proportional_domain_ablation,38,c13q2,15,47,32,1056
proportional_domain_ablation,38,c13q3,63,120,57,2536
proportional_domain_ablation,38,c13q4,22,58,36,1176
proportional_domain_ablation,38,c14q0,4,18,14,328
proportional_domain_ablation,38,c14q1,119,227,108,4400
proportional_domain_ablation,38,c14q2,256,220,-36,12048
proportional_domain_ablation,38,c14q3,271,180,-91,11680
proportional_domain_ablation,38,c14q4,60,25,-35,2400
proportional_domain_ablation,38,c15q0,0,1,1,0
proportional_domain_ablation,38,c15q1,0,18,18,24
proportional_domain_ablation,38,c15q2,1,38,37,64
proportional_domain_ablation,38,c15q3,1,45,44,64
proportional_domain_ablation,38,c15q4,3,18,15,192
proportional_domain_ablation,38,c16q0,4,6,2,136
proportional_domain_ablation,38,c16q1,21,20,-1,568
proportional_domain_ablation,38,c16q2,34,38,4,1304
proportional_domain_ablation,38,c16q3,35,46,11,1504
proportional_domain_ablation,38,c16q4,17,15,-2,600
proportional_domain_ablation,38,c17q0,33,32,-1,1552
proportional_domain_ablation,38,c17q1,96,57,-39,3800
proportional_domain_ablation,38,c17q2,158,106,-52,6392
proportional_domain_ablation,38,c17q3,110,80,-30,4952
proportional_domain_ablation,38,c17q4,40,26,-14,1328
proportional_domain_ablation,38,c18q0,2,2,0,88
proportional_domain_ablation,38,c18q1,12,27,15,704
proportional_domain_ablation,38,c18q2,26,43,17,1224
proportional_domain_ablation,38,c18q3,11,16,5,608
proportional_domain_ablation,38,c18q4,3,4,1,352
proportional_domain_ablation,38,c19q0,0,2,2,0
proportional_domain_ablation,38,c19q1,0,28,28,24
proportional_domain_ablation,38,c19q2,13,42,29,608
proportional_domain_ablation,38,c19q3,13,27,14,448
proportional_domain_ablation,38,c19q4,4,7,3,152
proportional_domain_ablation,38,c20q0,0,4,4,40
proportional_domain_ablation,38,c20q1,32,58,26,968
proportional_domain_ablation,38,c20q2,58,61,3,2440
proportional_domain_ablation,38,c20q3,33,31,-2,1496
proportional_domain_ablation,38,c20q4,40,21,-19,1848
proportional_domain_ablation,38,c21q0,7,5,-2,208
proportional_domain_ablation,38,c21q1,43,28,-15,1664
proportional_domain_ablation,38,c21q2,102,75,-27,4872
proportional_domain_ablation,38,c21q3,137,92,-45,5728
proportional_domain_ablation,38,c21q4,58,29,-29,2336
proportional_domain_ablation,38,c22q0,0,0,0,0
proportional_domain_ablation,38,c22q1,3,1,-2,104
proportional_domain_ablation,38,c22q2,17,7,-10,824
proportional_domain_ablation,38,c22q3,30,23,-7,1456
proportional_domain_ablation,38,c22q4,7,6,-1,504
proportional_domain_ablation,38,c23q0,4,13,9,248
proportional_domain_ablation,38,c23q1,41,51,10,1800
proportional_domain_ablation,38,c23q2,91,64,-27,3560
proportional_domain_ablation,38,c23q3,123,98,-25,4472
proportional_domain_ablation,38,c23q4,84,38,-46,3304
proportional_domain_ablation,38,c24q0,11,12,1,640
proportional_domain_ablation,38,c24q1,68,53,-15,2800
proportional_domain_ablation,38,c24q2,120,79,-41,5048
proportional_domain_ablation,38,c24q3,89,61,-28,3488
proportional_domain_ablation,38,c24q4,32,33,1,1744
proportional_domain_ablation,38,c25q0,47,37,-10,1816
proportional_domain_ablation,38,c25q1,126,93,-33,5208
proportional_domain_ablation,38,c25q2,183,136,-47,7928
proportional_domain_ablation,38,c25q3,137,90,-47,5368
proportional_domain_ablation,38,c25q4,40,31,-9,2200
proportional_domain_ablation,38,c26q0,0,16,16,0
proportional_domain_ablation,38,c26q1,1,43,42,16
proportional_domain_ablation,38,c26q2,14,154,140,552
proportional_domain_ablation,38,c26q3,20,215,195,928
proportional_domain_ablation,38,c26q4,26,306,280,1240
proportional_domain_ablation,38,c27q0,0,1,1,0
proportional_domain_ablation,38,c27q1,0,5,5,56
proportional_domain_ablation,38,c27q2,8,9,1,288
proportional_domain_ablation,38,c27q3,10,8,-2,432
proportional_domain_ablation,38,c27q4,2,1,-1,168
proportional_domain_ablation,38,c28q0,0,1,1,0
proportional_domain_ablation,38,c28q1,85,147,62,3488
proportional_domain_ablation,38,c28q2,205,147,-58,9456
proportional_domain_ablation,38,c28q3,342,258,-84,14944
proportional_domain_ablation,38,c28q4,177,122,-55,7352
proportional_domain_ablation,38,c29q0,18,24,6,840
proportional_domain_ablation,38,c29q1,30,31,1,1224
proportional_domain_ablation,38,c29q2,80,93,13,3280
proportional_domain_ablation,38,c29q3,84,122,38,4128
proportional_domain_ablation,38,c29q4,83,40,-43,3664
proportional_domain_ablation,38,c30q0,0,2,2,0
proportional_domain_ablation,38,c30q1,10,20,10,896
proportional_domain_ablation,38,c30q2,82,59,-23,3664
proportional_domain_ablation,38,c30q3,300,159,-141,11096
proportional_domain_ablation,38,c30q4,480,273,-207,19664
proportional_domain_ablation,38,c31q0,0,0,0,0
proportional_domain_ablation,38,c31q1,0,8,8,16
proportional_domain_ablation,38,c31q2,3,16,13,64
proportional_domain_ablation,38,c31q3,2,21,19,104
proportional_domain_ablation,38,c31q4,2,9,7,56
proportional_domain_ablation,38,c32q0,7,33,26,280
proportional_domain_ablation,38,c32q1,40,146,106,1768
proportional_domain_ablation,38,c32q2,222,164,-58,10272
proportional_domain_ablation,38,c32q3,407,254,-153,17496
proportional_domain_ablation,38,c32q4,158,97,-61,6632
proportional_domain_ablation,38,c33q0,0,3,3,0
proportional_domain_ablation,38,c33q1,0,19,19,104
proportional_domain_ablation,38,c33q2,4,43,39,288
proportional_domain_ablation,38,c33q3,8,72,64,456
proportional_domain_ablation,38,c33q4,24,77,53,792
proportional_domain_ablation,38,c34q0,0,0,0,0
proportional_domain_ablation,38,c34q1,12,5,-7,288
proportional_domain_ablation,38,c34q2,19,24,5,856
proportional_domain_ablation,38,c34q3,22,20,-2,976
proportional_domain_ablation,38,c34q4,6,14,8,512
proportional_domain_ablation,38,c35q0,0,11,11,64
proportional_domain_ablation,38,c35q1,25,60,35,976
proportional_domain_ablation,38,c35q2,37,70,33,1544
proportional_domain_ablation,38,c35q3,27,56,29,1064
proportional_domain_ablation,38,c35q4,12,16,4,416
proportional_domain_ablation,38,c36q0,2,3,1,56
proportional_domain_ablation,38,c36q1,6,25,19,280
proportional_domain_ablation,38,c36q2,11,26,15,504
proportional_domain_ablation,38,c36q3,7,13,6,264
proportional_domain_ablation,38,c36q4,4,5,1,96
proportional_domain_ablation,38,c37q0,1,3,2,24
proportional_domain_ablation,38,c37q1,11,27,16,256
proportional_domain_ablation,38,c37q2,23,66,43,1008
proportional_domain_ablation,38,c37q3,35,88,53,1616
proportional_domain_ablation,38,c37q4,38,84,46,1360
proportional_domain_ablation,38,c38q0,22,0,-22,808
proportional_domain_ablation,38,c38q1,40,0,-40,2176
proportional_domain_ablation,38,c38q2,151,0,-151,6968
proportional_domain_ablation,38,c38q3,229,0,-229,8488
proportional_domain_ablation,38,c38q4,214,0,-214,8568
proportional_domain_ablation,38,c39q0,4,0,-4,120
proportional_domain_ablation,38,c39q1,38,20,-18,1520
proportional_domain_ablation,38,c39q2,184,111,-73,7728
proportional_domain_ablation,38,c39q3,104,40,-64,3800
proportional_domain_ablation,38,c39q4,77,37,-40,3640
proportional_domain_ablation,39,c00q0,0,1,1,0
proportional_domain_ablation,39,c00q1,4,30,26,280
proportional_domain_ablation,39,c00q2,19,94,75,1016
proportional_domain_ablation,39,c00q3,28,88,60,1104
proportional_domain_ablation,39,c00q4,10,48,38,640
proportional_domain_ablation,39,c01q0,26,46,20,896
proportional_domain_ablation,39,c01q1,31,54,23,1440
proportional_domain_ablation,39,c01q2,77,54,-23,3424
proportional_domain_ablation,39,c01q3,131,122,-9,5112
proportional_domain_ablation,39,c01q4,126,105,-21,5640
proportional_domain_ablation,39,c02q0,0,0,0,0
proportional_domain_ablation,39,c02q1,6,5,-1,328
proportional_domain_ablation,39,c02q2,28,21,-7,1128
proportional_domain_ablation,39,c02q3,38,18,-20,1608
proportional_domain_ablation,39,c02q4,45,25,-20,1600
proportional_domain_ablation,39,c03q0,16,14,-2,736
proportional_domain_ablation,39,c03q1,93,123,30,4680
proportional_domain_ablation,39,c03q2,93,91,-2,4744
proportional_domain_ablation,39,c03q3,159,93,-66,7280
proportional_domain_ablation,39,c03q4,101,56,-45,4720
proportional_domain_ablation,39,c04q0,0,3,3,0
proportional_domain_ablation,39,c04q1,1,10,9,16
proportional_domain_ablation,39,c04q2,13,33,20,696
proportional_domain_ablation,39,c04q3,13,15,2,416
proportional_domain_ablation,39,c04q4,5,4,-1,88
proportional_domain_ablation,39,c05q0,1,1,0,48
proportional_domain_ablation,39,c05q1,7,14,7,224
proportional_domain_ablation,39,c05q2,20,56,36,984
proportional_domain_ablation,39,c05q3,50,135,85,2336
proportional_domain_ablation,39,c05q4,30,80,50,1512
proportional_domain_ablation,39,c06q0,0,0,0,0
proportional_domain_ablation,39,c06q1,2,8,6,48
proportional_domain_ablation,39,c06q2,5,31,26,232
proportional_domain_ablation,39,c06q3,28,28,0,1088
proportional_domain_ablation,39,c06q4,18,28,10,896
proportional_domain_ablation,39,c07q0,1,17,16,56
proportional_domain_ablation,39,c07q1,24,35,11,880
proportional_domain_ablation,39,c07q2,59,39,-20,2160
proportional_domain_ablation,39,c07q3,38,21,-17,1896
proportional_domain_ablation,39,c07q4,14,2,-12,432
proportional_domain_ablation,39,c08q0,0,0,0,0
proportional_domain_ablation,39,c08q1,1,1,0,24
proportional_domain_ablation,39,c08q2,6,18,12,192
proportional_domain_ablation,39,c08q3,5,23,18,288
proportional_domain_ablation,39,c08q4,11,15,4,416
proportional_domain_ablation,39,c09q0,0,1,1,0
proportional_domain_ablation,39,c09q1,3,6,3,56
proportional_domain_ablation,39,c09q2,2,24,22,144
proportional_domain_ablation,39,c09q3,3,17,14,208
proportional_domain_ablation,39,c09q4,2,6,4,48
proportional_domain_ablation,39,c10q0,0,6,6,16
proportional_domain_ablation,39,c10q1,9,30,21,208
proportional_domain_ablation,39,c10q2,4,25,21,336
proportional_domain_ablation,39,c10q3,6,23,17,272
proportional_domain_ablation,39,c10q4,2,10,8,104
proportional_domain_ablation,39,c11q0,0,1,1,40
proportional_domain_ablation,39,c11q1,10,26,16,472
proportional_domain_ablation,39,c11q2,30,48,18,1168
proportional_domain_ablation,39,c11q3,33,34,1,1000
proportional_domain_ablation,39,c11q4,7,7,0,296
proportional_domain_ablation,39,c12q0,3,6,3,88
proportional_domain_ablation,39,c12q1,35,24,-11,1432
proportional_domain_ablation,39,c12q2,83,43,-40,3248
proportional_domain_ablation,39,c12q3,63,43,-20,3368
proportional_domain_ablation,39,c12q4,29,14,-15,920
proportional_domain_ablation,39,c13q0,0,1,1,0
proportional_domain_ablation,39,c13q1,4,26,22,384
proportional_domain_ablation,39,c13q2,15,45,30,1056
proportional_domain_ablation,39,c13q3,63,123,60,2536
proportional_domain_ablation,39,c13q4,22,52,30,1176
proportional_domain_ablation,39,c14q0,4,17,13,328
proportional_domain_ablation,39,c14q1,119,228,109,4400
proportional_domain_ablation,39,c14q2,256,202,-54,12048
proportional_domain_ablation,39,c14q3,271,167,-104,11680
proportional_domain_ablation,39,c14q4,60,28,-32,2400
proportional_domain_ablation,39,c15q0,0,2,2,0
proportional_domain_ablation,39,c15q1,0,22,22,24
proportional_domain_ablation,39,c15q2,1,52,51,64
proportional_domain_ablation,39,c15q3,1,29,28,64
proportional_domain_ablation,39,c15q4,3,17,14,192
proportional_domain_ablation,39,c16q0,4,4,0,136
proportional_domain_ablation,39,c16q1,21,13,-8,568
proportional_domain_ablation,39,c16q2,34,40,6,1304
proportional_domain_ablation,39,c16q3,35,50,15,1504
proportional_domain_ablation,39,c16q4,17,17,0,600
proportional_domain_ablation,39,c17q0,33,26,-7,1552
proportional_domain_ablation,39,c17q1,96,59,-37,3800
proportional_domain_ablation,39,c17q2,158,105,-53,6392
proportional_domain_ablation,39,c17q3,110,73,-37,4952
proportional_domain_ablation,39,c17q4,40,23,-17,1328
proportional_domain_ablation,39,c18q0,2,6,4,88
proportional_domain_ablation,39,c18q1,12,22,10,704
proportional_domain_ablation,39,c18q2,26,42,16,1224
proportional_domain_ablation,39,c18q3,11,27,16,608
proportional_domain_ablation,39,c18q4,3,10,7,352
proportional_domain_ablation,39,c19q0,0,3,3,0
proportional_domain_ablation,39,c19q1,0,22,22,24
proportional_domain_ablation,39,c19q2,13,39,26,608
proportional_domain_ablation,39,c19q3,13,25,12,448
proportional_domain_ablation,39,c19q4,4,4,0,152
proportional_domain_ablation,39,c20q0,0,1,1,40
proportional_domain_ablation,39,c20q1,32,34,2,968
proportional_domain_ablation,39,c20q2,58,57,-1,2440
proportional_domain_ablation,39,c20q3,33,29,-4,1496
proportional_domain_ablation,39,c20q4,40,31,-9,1848
proportional_domain_ablation,39,c21q0,7,4,-3,208
proportional_domain_ablation,39,c21q1,43,30,-13,1664
proportional_domain_ablation,39,c21q2,102,79,-23,4872
proportional_domain_ablation,39,c21q3,137,85,-52,5728
proportional_domain_ablation,39,c21q4,58,38,-20,2336
proportional_domain_ablation,39,c22q0,0,0,0,0
proportional_domain_ablation,39,c22q1,3,4,1,104
proportional_domain_ablation,39,c22q2,17,9,-8,824
proportional_domain_ablation,39,c22q3,30,9,-21,1456
proportional_domain_ablation,39,c22q4,7,1,-6,504
proportional_domain_ablation,39,c23q0,4,19,15,248
proportional_domain_ablation,39,c23q1,41,50,9,1800
proportional_domain_ablation,39,c23q2,91,63,-28,3560
proportional_domain_ablation,39,c23q3,123,93,-30,4472
proportional_domain_ablation,39,c23q4,84,32,-52,3304
proportional_domain_ablation,39,c24q0,11,10,-1,640
proportional_domain_ablation,39,c24q1,68,53,-15,2800
proportional_domain_ablation,39,c24q2,120,91,-29,5048
proportional_domain_ablation,39,c24q3,89,54,-35,3488
proportional_domain_ablation,39,c24q4,32,39,7,1744
proportional_domain_ablation,39,c25q0,47,21,-26,1816
proportional_domain_ablation,39,c25q1,126,94,-32,5208
proportional_domain_ablation,39,c25q2,183,142,-41,7928
proportional_domain_ablation,39,c25q3,137,86,-51,5368
proportional_domain_ablation,39,c25q4,40,21,-19,2200
proportional_domain_ablation,39,c26q0,0,19,19,0
proportional_domain_ablation,39,c26q1,1,51,50,16
proportional_domain_ablation,39,c26q2,14,143,129,552
proportional_domain_ablation,39,c26q3,20,201,181,928
proportional_domain_ablation,39,c26q4,26,286,260,1240
proportional_domain_ablation,39,c27q0,0,0,0,0
proportional_domain_ablation,39,c27q1,0,3,3,56
proportional_domain_ablation,39,c27q2,8,9,1,288
proportional_domain_ablation,39,c27q3,10,2,-8,432
proportional_domain_ablation,39,c27q4,2,3,1,168
proportional_domain_ablation,39,c28q0,0,4,4,0
proportional_domain_ablation,39,c28q1,85,168,83,3488
proportional_domain_ablation,39,c28q2,205,144,-61,9456
proportional_domain_ablation,39,c28q3,342,208,-134,14944
proportional_domain_ablation,39,c28q4,177,112,-65,7352
proportional_domain_ablation,39,c29q0,18,30,12,840
proportional_domain_ablation,39,c29q1,30,47,17,1224
proportional_domain_ablation,39,c29q2,80,99,19,3280
proportional_domain_ablation,39,c29q3,84,118,34,4128
proportional_domain_ablation,39,c29q4,83,28,-55,3664
proportional_domain_ablation,39,c30q0,0,3,3,0
proportional_domain_ablation,39,c30q1,10,15,5,896
proportional_domain_ablation,39,c30q2,82,60,-22,3664
proportional_domain_ablation,39,c30q3,300,168,-132,11096
proportional_domain_ablation,39,c30q4,480,276,-204,19664
proportional_domain_ablation,39,c31q0,0,0,0,0
proportional_domain_ablation,39,c31q1,0,3,3,16
proportional_domain_ablation,39,c31q2,3,11,8,64
proportional_domain_ablation,39,c31q3,2,18,16,104
proportional_domain_ablation,39,c31q4,2,7,5,56
proportional_domain_ablation,39,c32q0,7,27,20,280
proportional_domain_ablation,39,c32q1,40,155,115,1768
proportional_domain_ablation,39,c32q2,222,165,-57,10272
proportional_domain_ablation,39,c32q3,407,228,-179,17496
proportional_domain_ablation,39,c32q4,158,87,-71,6632
proportional_domain_ablation,39,c33q0,0,0,0,0
proportional_domain_ablation,39,c33q1,0,17,17,104
proportional_domain_ablation,39,c33q2,4,59,55,288
proportional_domain_ablation,39,c33q3,8,80,72,456
proportional_domain_ablation,39,c33q4,24,74,50,792
proportional_domain_ablation,39,c34q0,0,1,1,0
proportional_domain_ablation,39,c34q1,12,8,-4,288
proportional_domain_ablation,39,c34q2,19,17,-2,856
proportional_domain_ablation,39,c34q3,22,21,-1,976
proportional_domain_ablation,39,c34q4,6,9,3,512
proportional_domain_ablation,39,c35q0,0,6,6,64
proportional_domain_ablation,39,c35q1,25,34,9,976
proportional_domain_ablation,39,c35q2,37,59,22,1544
proportional_domain_ablation,39,c35q3,27,45,18,1064
proportional_domain_ablation,39,c35q4,12,8,-4,416
proportional_domain_ablation,39,c36q0,2,4,2,56
proportional_domain_ablation,39,c36q1,6,24,18,280
proportional_domain_ablation,39,c36q2,11,28,17,504
proportional_domain_ablation,39,c36q3,7,15,8,264
proportional_domain_ablation,39,c36q4,4,10,6,96
proportional_domain_ablation,39,c37q0,1,7,6,24
proportional_domain_ablation,39,c37q1,11,30,19,256
proportional_domain_ablation,39,c37q2,23,75,52,1008
proportional_domain_ablation,39,c37q3,35,93,58,1616
proportional_domain_ablation,39,c37q4,38,89,51,1360
proportional_domain_ablation,39,c38q0,22,23,1,808
proportional_domain_ablation,39,c38q1,40,68,28,2176
proportional_domain_ablation,39,c38q2,151,137,-14,6968
proportional_domain_ablation,39,c38q3,229,174,-55,8488
proportional_domain_ablation,39,c38q4,214,104,-110,8568
proportional_domain_ablation,39,c39q0,4,0,-4,120
proportional_domain_ablation,39,c39q1,38,0,-38,1520
proportional_domain_ablation,39,c39q2,184,0,-184,7728
proportional_domain_ablation,39,c39q3,104,0,-104,3800
proportional_domain_ablation,39,c39q4,77,0,-77,3640
semantic_domain_ablation,0,c00q0,0,0,0,0
semantic_domain_ablation,0,c00q1,4,0,-4,280
semantic_domain_ablation,0,c00q2,19,0,-19,1016
semantic_domain_ablation,0,c00q3,28,0,-28,1104
semantic_domain_ablation,0,c00q4,10,0,-10,640
semantic_domain_ablation,0,c01q0,26,26,0,896
semantic_domain_ablation,0,c01q1,31,39,8,1440
semantic_domain_ablation,0,c01q2,77,80,3,3424
semantic_domain_ablation,0,c01q3,131,104,-27,5112
semantic_domain_ablation,0,c01q4,126,126,0,5640
semantic_domain_ablation,0,c02q0,0,0,0,0
semantic_domain_ablation,0,c02q1,6,4,-2,328
semantic_domain_ablation,0,c02q2,28,14,-14,1128
semantic_domain_ablation,0,c02q3,38,35,-3,1608
semantic_domain_ablation,0,c02q4,45,34,-11,1600
semantic_domain_ablation,0,c03q0,16,20,4,736
semantic_domain_ablation,0,c03q1,93,102,9,4680
semantic_domain_ablation,0,c03q2,93,65,-28,4744
semantic_domain_ablation,0,c03q3,159,63,-96,7280
semantic_domain_ablation,0,c03q4,101,33,-68,4720
semantic_domain_ablation,0,c04q0,0,0,0,0
semantic_domain_ablation,0,c04q1,1,4,3,16
semantic_domain_ablation,0,c04q2,13,13,0,696
semantic_domain_ablation,0,c04q3,13,5,-8,416
semantic_domain_ablation,0,c04q4,5,1,-4,88
semantic_domain_ablation,0,c05q0,1,3,2,48
semantic_domain_ablation,0,c05q1,7,12,5,224
semantic_domain_ablation,0,c05q2,20,47,27,984
semantic_domain_ablation,0,c05q3,50,105,55,2336
semantic_domain_ablation,0,c05q4,30,67,37,1512
semantic_domain_ablation,0,c06q0,0,0,0,0
semantic_domain_ablation,0,c06q1,2,0,-2,48
semantic_domain_ablation,0,c06q2,5,13,8,232
semantic_domain_ablation,0,c06q3,28,10,-18,1088
semantic_domain_ablation,0,c06q4,18,7,-11,896
semantic_domain_ablation,0,c07q0,1,14,13,56
semantic_domain_ablation,0,c07q1,24,38,14,880
semantic_domain_ablation,0,c07q2,59,37,-22,2160
semantic_domain_ablation,0,c07q3,38,27,-11,1896
semantic_domain_ablation,0,c07q4,14,6,-8,432
semantic_domain_ablation,0,c08q0,0,0,0,0
semantic_domain_ablation,0,c08q1,1,1,0,24
semantic_domain_ablation,0,c08q2,6,18,12,192
semantic_domain_ablation,0,c08q3,5,28,23,288
semantic_domain_ablation,0,c08q4,11,10,-1,416
semantic_domain_ablation,0,c09q0,0,2,2,0
semantic_domain_ablation,0,c09q1,3,8,5,56
semantic_domain_ablation,0,c09q2,2,27,25,144
semantic_domain_ablation,0,c09q3,3,17,14,208
semantic_domain_ablation,0,c09q4,2,5,3,48
semantic_domain_ablation,0,c10q0,0,2,2,16
semantic_domain_ablation,0,c10q1,9,17,8,208
semantic_domain_ablation,0,c10q2,4,20,16,336
semantic_domain_ablation,0,c10q3,6,9,3,272
semantic_domain_ablation,0,c10q4,2,2,0,104
semantic_domain_ablation,0,c11q0,0,2,2,40
semantic_domain_ablation,0,c11q1,10,10,0,472
semantic_domain_ablation,0,c11q2,30,36,6,1168
semantic_domain_ablation,0,c11q3,33,22,-11,1000
semantic_domain_ablation,0,c11q4,7,5,-2,296
semantic_domain_ablation,0,c12q0,3,7,4,88
semantic_domain_ablation,0,c12q1,35,20,-15,1432
semantic_domain_ablation,0,c12q2,83,68,-15,3248
semantic_domain_ablation,0,c12q3,63,50,-13,3368
semantic_domain_ablation,0,c12q4,29,18,-11,920
semantic_domain_ablation,0,c13q0,0,0,0,0
semantic_domain_ablation,0,c13q1,4,30,26,384
semantic_domain_ablation,0,c13q2,15,59,44,1056
semantic_domain_ablation,0,c13q3,63,142,79,2536
semantic_domain_ablation,0,c13q4,22,56,34,1176
semantic_domain_ablation,0,c14q0,4,36,32,328
semantic_domain_ablation,0,c14q1,119,276,157,4400
semantic_domain_ablation,0,c14q2,256,275,19,12048
semantic_domain_ablation,0,c14q3,271,237,-34,11680
semantic_domain_ablation,0,c14q4,60,45,-15,2400
semantic_domain_ablation,0,c15q0,0,0,0,0
semantic_domain_ablation,0,c15q1,0,5,5,24
semantic_domain_ablation,0,c15q2,1,13,12,64
semantic_domain_ablation,0,c15q3,1,10,9,64
semantic_domain_ablation,0,c15q4,3,6,3,192
semantic_domain_ablation,0,c16q0,4,1,-3,136
semantic_domain_ablation,0,c16q1,21,21,0,568
semantic_domain_ablation,0,c16q2,34,34,0,1304
semantic_domain_ablation,0,c16q3,35,45,10,1504
semantic_domain_ablation,0,c16q4,17,10,-7,600
semantic_domain_ablation,0,c17q0,33,28,-5,1552
semantic_domain_ablation,0,c17q1,96,54,-42,3800
semantic_domain_ablation,0,c17q2,158,89,-69,6392
semantic_domain_ablation,0,c17q3,110,71,-39,4952
semantic_domain_ablation,0,c17q4,40,17,-23,1328
semantic_domain_ablation,0,c18q0,2,5,3,88
semantic_domain_ablation,0,c18q1,12,24,12,704
semantic_domain_ablation,0,c18q2,26,65,39,1224
semantic_domain_ablation,0,c18q3,11,27,16,608
semantic_domain_ablation,0,c18q4,3,8,5,352
semantic_domain_ablation,0,c19q0,0,1,1,0
semantic_domain_ablation,0,c19q1,0,17,17,24
semantic_domain_ablation,0,c19q2,13,31,18,608
semantic_domain_ablation,0,c19q3,13,20,7,448
semantic_domain_ablation,0,c19q4,4,5,1,152
semantic_domain_ablation,0,c20q0,0,3,3,40
semantic_domain_ablation,0,c20q1,32,36,4,968
semantic_domain_ablation,0,c20q2,58,39,-19,2440
semantic_domain_ablation,0,c20q3,33,28,-5,1496
semantic_domain_ablation,0,c20q4,40,15,-25,1848
semantic_domain_ablation,0,c21q0,7,2,-5,208
semantic_domain_ablation,0,c21q1,43,18,-25,1664
semantic_domain_ablation,0,c21q2,102,50,-52,4872
semantic_domain_ablation,0,c21q3,137,52,-85,5728
semantic_domain_ablation,0,c21q4,58,25,-33,2336
semantic_domain_ablation,0,c22q0,0,0,0,0
semantic_domain_ablation,0,c22q1,3,3,0,104
semantic_domain_ablation,0,c22q2,17,15,-2,824
semantic_domain_ablation,0,c22q3,30,21,-9,1456
semantic_domain_ablation,0,c22q4,7,5,-2,504
semantic_domain_ablation,0,c23q0,4,13,9,248
semantic_domain_ablation,0,c23q1,41,31,-10,1800
semantic_domain_ablation,0,c23q2,91,49,-42,3560
semantic_domain_ablation,0,c23q3,123,69,-54,4472
semantic_domain_ablation,0,c23q4,84,32,-52,3304
semantic_domain_ablation,0,c24q0,11,10,-1,640
semantic_domain_ablation,0,c24q1,68,42,-26,2800
semantic_domain_ablation,0,c24q2,120,67,-53,5048
semantic_domain_ablation,0,c24q3,89,45,-44,3488
semantic_domain_ablation,0,c24q4,32,14,-18,1744
semantic_domain_ablation,0,c25q0,47,39,-8,1816
semantic_domain_ablation,0,c25q1,126,86,-40,5208
semantic_domain_ablation,0,c25q2,183,136,-47,7928
semantic_domain_ablation,0,c25q3,137,94,-43,5368
semantic_domain_ablation,0,c25q4,40,19,-21,2200
semantic_domain_ablation,0,c26q0,0,6,6,0
semantic_domain_ablation,0,c26q1,1,37,36,16
semantic_domain_ablation,0,c26q2,14,95,81,552
semantic_domain_ablation,0,c26q3,20,133,113,928
semantic_domain_ablation,0,c26q4,26,173,147,1240
semantic_domain_ablation,0,c27q0,0,0,0,0
semantic_domain_ablation,0,c27q1,0,2,2,56
semantic_domain_ablation,0,c27q2,8,20,12,288
semantic_domain_ablation,0,c27q3,10,12,2,432
semantic_domain_ablation,0,c27q4,2,2,0,168
semantic_domain_ablation,0,c28q0,0,1,1,0
semantic_domain_ablation,0,c28q1,85,191,106,3488
semantic_domain_ablation,0,c28q2,205,211,6,9456
semantic_domain_ablation,0,c28q3,342,309,-33,14944
semantic_domain_ablation,0,c28q4,177,145,-32,7352
semantic_domain_ablation,0,c29q0,18,24,6,840
semantic_domain_ablation,0,c29q1,30,36,6,1224
semantic_domain_ablation,0,c29q2,80,84,4,3280
semantic_domain_ablation,0,c29q3,84,103,19,4128
semantic_domain_ablation,0,c29q4,83,33,-50,3664
semantic_domain_ablation,0,c30q0,0,3,3,0
semantic_domain_ablation,0,c30q1,10,11,1,896
semantic_domain_ablation,0,c30q2,82,77,-5,3664
semantic_domain_ablation,0,c30q3,300,222,-78,11096
semantic_domain_ablation,0,c30q4,480,453,-27,19664
semantic_domain_ablation,0,c31q0,0,0,0,0
semantic_domain_ablation,0,c31q1,0,5,5,16
semantic_domain_ablation,0,c31q2,3,10,7,64
semantic_domain_ablation,0,c31q3,2,10,8,104
semantic_domain_ablation,0,c31q4,2,2,0,56
semantic_domain_ablation,0,c32q0,7,46,39,280
semantic_domain_ablation,0,c32q1,40,225,185,1768
semantic_domain_ablation,0,c32q2,222,230,8,10272
semantic_domain_ablation,0,c32q3,407,344,-63,17496
semantic_domain_ablation,0,c32q4,158,138,-20,6632
semantic_domain_ablation,0,c33q0,0,2,2,0
semantic_domain_ablation,0,c33q1,0,13,13,104
semantic_domain_ablation,0,c33q2,4,29,25,288
semantic_domain_ablation,0,c33q3,8,39,31,456
semantic_domain_ablation,0,c33q4,24,49,25,792
semantic_domain_ablation,0,c34q0,0,1,1,0
semantic_domain_ablation,0,c34q1,12,1,-11,288
semantic_domain_ablation,0,c34q2,19,6,-13,856
semantic_domain_ablation,0,c34q3,22,13,-9,976
semantic_domain_ablation,0,c34q4,6,2,-4,512
semantic_domain_ablation,0,c35q0,0,13,13,64
semantic_domain_ablation,0,c35q1,25,37,12,976
semantic_domain_ablation,0,c35q2,37,58,21,1544
semantic_domain_ablation,0,c35q3,27,45,18,1064
semantic_domain_ablation,0,c35q4,12,4,-8,416
semantic_domain_ablation,0,c36q0,2,6,4,56
semantic_domain_ablation,0,c36q1,6,25,19,280
semantic_domain_ablation,0,c36q2,11,31,20,504
semantic_domain_ablation,0,c36q3,7,16,9,264
semantic_domain_ablation,0,c36q4,4,8,4,96
semantic_domain_ablation,0,c37q0,1,5,4,24
semantic_domain_ablation,0,c37q1,11,17,6,256
semantic_domain_ablation,0,c37q2,23,40,17,1008
semantic_domain_ablation,0,c37q3,35,80,45,1616
semantic_domain_ablation,0,c37q4,38,65,27,1360
semantic_domain_ablation,0,c38q0,22,28,6,808
semantic_domain_ablation,0,c38q1,40,71,31,2176
semantic_domain_ablation,0,c38q2,151,129,-22,6968
semantic_domain_ablation,0,c38q3,229,146,-83,8488
semantic_domain_ablation,0,c38q4,214,103,-111,8568
semantic_domain_ablation,0,c39q0,4,1,-3,120
semantic_domain_ablation,0,c39q1,38,29,-9,1520
semantic_domain_ablation,0,c39q2,184,186,2,7728
semantic_domain_ablation,0,c39q3,104,84,-20,3800
semantic_domain_ablation,0,c39q4,77,62,-15,3640
semantic_domain_ablation,1,c00q0,0,1,1,0
semantic_domain_ablation,1,c00q1,4,32,28,280
semantic_domain_ablation,1,c00q2,19,101,82,1016
semantic_domain_ablation,1,c00q3,28,93,65,1104
semantic_domain_ablation,1,c00q4,10,55,45,640
semantic_domain_ablation,1,c01q0,26,0,-26,896
semantic_domain_ablation,1,c01q1,31,0,-31,1440
semantic_domain_ablation,1,c01q2,77,0,-77,3424
semantic_domain_ablation,1,c01q3,131,0,-131,5112
semantic_domain_ablation,1,c01q4,126,0,-126,5640
semantic_domain_ablation,1,c02q0,0,0,0,0
semantic_domain_ablation,1,c02q1,6,9,3,328
semantic_domain_ablation,1,c02q2,28,34,6,1128
semantic_domain_ablation,1,c02q3,38,38,0,1608
semantic_domain_ablation,1,c02q4,45,20,-25,1600
semantic_domain_ablation,1,c03q0,16,11,-5,736
semantic_domain_ablation,1,c03q1,93,106,13,4680
semantic_domain_ablation,1,c03q2,93,84,-9,4744
semantic_domain_ablation,1,c03q3,159,61,-98,7280
semantic_domain_ablation,1,c03q4,101,37,-64,4720
semantic_domain_ablation,1,c04q0,0,1,1,0
semantic_domain_ablation,1,c04q1,1,2,1,16
semantic_domain_ablation,1,c04q2,13,12,-1,696
semantic_domain_ablation,1,c04q3,13,4,-9,416
semantic_domain_ablation,1,c04q4,5,1,-4,88
semantic_domain_ablation,1,c05q0,1,0,-1,48
semantic_domain_ablation,1,c05q1,7,11,4,224
semantic_domain_ablation,1,c05q2,20,44,24,984
semantic_domain_ablation,1,c05q3,50,111,61,2336
semantic_domain_ablation,1,c05q4,30,67,37,1512
semantic_domain_ablation,1,c06q0,0,0,0,0
semantic_domain_ablation,1,c06q1,2,0,-2,48
semantic_domain_ablation,1,c06q2,5,4,-1,232
semantic_domain_ablation,1,c06q3,28,8,-20,1088
semantic_domain_ablation,1,c06q4,18,7,-11,896
semantic_domain_ablation,1,c07q0,1,11,10,56
semantic_domain_ablation,1,c07q1,24,37,13,880
semantic_domain_ablation,1,c07q2,59,44,-15,2160
semantic_domain_ablation,1,c07q3,38,35,-3,1896
semantic_domain_ablation,1,c07q4,14,5,-9,432
semantic_domain_ablation,1,c08q0,0,0,0,0
semantic_domain_ablation,1,c08q1,1,5,4,24
semantic_domain_ablation,1,c08q2,6,16,10,192
semantic_domain_ablation,1,c08q3,5,27,22,288
semantic_domain_ablation,1,c08q4,11,8,-3,416
semantic_domain_ablation,1,c09q0,0,2,2,0
semantic_domain_ablation,1,c09q1,3,6,3,56
semantic_domain_ablation,1,c09q2,2,21,19,144
semantic_domain_ablation,1,c09q3,3,15,12,208
semantic_domain_ablation,1,c09q4,2,6,4,48
semantic_domain_ablation,1,c10q0,0,0,0,16
semantic_domain_ablation,1,c10q1,9,17,8,208
semantic_domain_ablation,1,c10q2,4,16,12,336
semantic_domain_ablation,1,c10q3,6,11,5,272
semantic_domain_ablation,1,c10q4,2,6,4,104
semantic_domain_ablation,1,c11q0,0,2,2,40
semantic_domain_ablation,1,c11q1,10,16,6,472
semantic_domain_ablation,1,c11q2,30,35,5,1168
semantic_domain_ablation,1,c11q3,33,23,-10,1000
semantic_domain_ablation,1,c11q4,7,4,-3,296
semantic_domain_ablation,1,c12q0,3,4,1,88
semantic_domain_ablation,1,c12q1,35,20,-15,1432
semantic_domain_ablation,1,c12q2,83,64,-19,3248
semantic_domain_ablation,1,c12q3,63,51,-12,3368
semantic_domain_ablation,1,c12q4,29,23,-6,920
semantic_domain_ablation,1,c13q0,0,0,0,0
semantic_domain_ablation,1,c13q1,4,28,24,384
semantic_domain_ablation,1,c13q2,15,74,59,1056
semantic_domain_ablation,1,c13q3,63,134,71,2536
semantic_domain_ablation,1,c13q4,22,66,44,1176
semantic_domain_ablation,1,c14q0,4,24,20,328
semantic_domain_ablation,1,c14q1,119,285,166,4400
semantic_domain_ablation,1,c14q2,256,268,12,12048
semantic_domain_ablation,1,c14q3,271,245,-26,11680
semantic_domain_ablation,1,c14q4,60,46,-14,2400
semantic_domain_ablation,1,c15q0,0,0,0,0
semantic_domain_ablation,1,c15q1,0,4,4,24
semantic_domain_ablation,1,c15q2,1,11,10,64
semantic_domain_ablation,1,c15q3,1,6,5,64
semantic_domain_ablation,1,c15q4,3,5,2,192
semantic_domain_ablation,1,c16q0,4,8,4,136
semantic_domain_ablation,1,c16q1,21,19,-2,568
semantic_domain_ablation,1,c16q2,34,39,5,1304
semantic_domain_ablation,1,c16q3,35,46,11,1504
semantic_domain_ablation,1,c16q4,17,8,-9,600
semantic_domain_ablation,1,c17q0,33,24,-9,1552
semantic_domain_ablation,1,c17q1,96,56,-40,3800
semantic_domain_ablation,1,c17q2,158,91,-67,6392
semantic_domain_ablation,1,c17q3,110,78,-32,4952
semantic_domain_ablation,1,c17q4,40,21,-19,1328
semantic_domain_ablation,1,c18q0,2,5,3,88
semantic_domain_ablation,1,c18q1,12,26,14,704
semantic_domain_ablation,1,c18q2,26,46,20,1224
semantic_domain_ablation,1,c18q3,11,36,25,608
semantic_domain_ablation,1,c18q4,3,7,4,352
semantic_domain_ablation,1,c19q0,0,4,4,0
semantic_domain_ablation,1,c19q1,0,20,20,24
semantic_domain_ablation,1,c19q2,13,33,20,608
semantic_domain_ablation,1,c19q3,13,18,5,448
semantic_domain_ablation,1,c19q4,4,7,3,152
semantic_domain_ablation,1,c20q0,0,1,1,40
semantic_domain_ablation,1,c20q1,32,32,0,968
semantic_domain_ablation,1,c20q2,58,49,-9,2440
semantic_domain_ablation,1,c20q3,33,27,-6,1496
semantic_domain_ablation,1,c20q4,40,12,-28,1848
semantic_domain_ablation,1,c21q0,7,1,-6,208
semantic_domain_ablation,1,c21q1,43,21,-22,1664
semantic_domain_ablation,1,c21q2,102,45,-57,4872
semantic_domain_ablation,1,c21q3,137,63,-74,5728
semantic_domain_ablation,1,c21q4,58,21,-37,2336
semantic_domain_ablation,1,c22q0,0,0,0,0
semantic_domain_ablation,1,c22q1,3,2,-1,104
semantic_domain_ablation,1,c22q2,17,9,-8,824
semantic_domain_ablation,1,c22q3,30,13,-17,1456
semantic_domain_ablation,1,c22q4,7,7,0,504
semantic_domain_ablation,1,c23q0,4,12,8,248
semantic_domain_ablation,1,c23q1,41,41,0,1800
semantic_domain_ablation,1,c23q2,91,58,-33,3560
semantic_domain_ablation,1,c23q3,123,57,-66,4472
semantic_domain_ablation,1,c23q4,84,34,-50,3304
semantic_domain_ablation,1,c24q0,11,9,-2,640
semantic_domain_ablation,1,c24q1,68,35,-33,2800
semantic_domain_ablation,1,c24q2,120,69,-51,5048
semantic_domain_ablation,1,c24q3,89,49,-40,3488
semantic_domain_ablation,1,c24q4,32,19,-13,1744
semantic_domain_ablation,1,c25q0,47,34,-13,1816
semantic_domain_ablation,1,c25q1,126,96,-30,5208
semantic_domain_ablation,1,c25q2,183,139,-44,7928
semantic_domain_ablation,1,c25q3,137,88,-49,5368
semantic_domain_ablation,1,c25q4,40,27,-13,2200
semantic_domain_ablation,1,c26q0,0,8,8,0
semantic_domain_ablation,1,c26q1,1,28,27,16
semantic_domain_ablation,1,c26q2,14,91,77,552
semantic_domain_ablation,1,c26q3,20,140,120,928
semantic_domain_ablation,1,c26q4,26,168,142,1240
semantic_domain_ablation,1,c27q0,0,1,1,0
semantic_domain_ablation,1,c27q1,0,7,7,56
semantic_domain_ablation,1,c27q2,8,11,3,288
semantic_domain_ablation,1,c27q3,10,10,0,432
semantic_domain_ablation,1,c27q4,2,1,-1,168
semantic_domain_ablation,1,c28q0,0,2,2,0
semantic_domain_ablation,1,c28q1,85,208,123,3488
semantic_domain_ablation,1,c28q2,205,210,5,9456
semantic_domain_ablation,1,c28q3,342,309,-33,14944
semantic_domain_ablation,1,c28q4,177,154,-23,7352
semantic_domain_ablation,1,c29q0,18,20,2,840
semantic_domain_ablation,1,c29q1,30,30,0,1224
semantic_domain_ablation,1,c29q2,80,89,9,3280
semantic_domain_ablation,1,c29q3,84,108,24,4128
semantic_domain_ablation,1,c29q4,83,32,-51,3664
semantic_domain_ablation,1,c30q0,0,4,4,0
semantic_domain_ablation,1,c30q1,10,17,7,896
semantic_domain_ablation,1,c30q2,82,73,-9,3664
semantic_domain_ablation,1,c30q3,300,219,-81,11096
semantic_domain_ablation,1,c30q4,480,454,-26,19664
semantic_domain_ablation,1,c31q0,0,0,0,0
semantic_domain_ablation,1,c31q1,0,7,7,16
semantic_domain_ablation,1,c31q2,3,12,9,64
semantic_domain_ablation,1,c31q3,2,13,11,104
semantic_domain_ablation,1,c31q4,2,5,3,56
semantic_domain_ablation,1,c32q0,7,38,31,280
semantic_domain_ablation,1,c32q1,40,227,187,1768
semantic_domain_ablation,1,c32q2,222,233,11,10272
semantic_domain_ablation,1,c32q3,407,353,-54,17496
semantic_domain_ablation,1,c32q4,158,130,-28,6632
semantic_domain_ablation,1,c33q0,0,1,1,0
semantic_domain_ablation,1,c33q1,0,19,19,104
semantic_domain_ablation,1,c33q2,4,33,29,288
semantic_domain_ablation,1,c33q3,8,30,22,456
semantic_domain_ablation,1,c33q4,24,55,31,792
semantic_domain_ablation,1,c34q0,0,0,0,0
semantic_domain_ablation,1,c34q1,12,5,-7,288
semantic_domain_ablation,1,c34q2,19,9,-10,856
semantic_domain_ablation,1,c34q3,22,8,-14,976
semantic_domain_ablation,1,c34q4,6,7,1,512
semantic_domain_ablation,1,c35q0,0,5,5,64
semantic_domain_ablation,1,c35q1,25,40,15,976
semantic_domain_ablation,1,c35q2,37,59,22,1544
semantic_domain_ablation,1,c35q3,27,44,17,1064
semantic_domain_ablation,1,c35q4,12,11,-1,416
semantic_domain_ablation,1,c36q0,2,1,-1,56
semantic_domain_ablation,1,c36q1,6,21,15,280
semantic_domain_ablation,1,c36q2,11,35,24,504
semantic_domain_ablation,1,c36q3,7,15,8,264
semantic_domain_ablation,1,c36q4,4,5,1,96
semantic_domain_ablation,1,c37q0,1,6,5,24
semantic_domain_ablation,1,c37q1,11,24,13,256
semantic_domain_ablation,1,c37q2,23,40,17,1008
semantic_domain_ablation,1,c37q3,35,80,45,1616
semantic_domain_ablation,1,c37q4,38,64,26,1360
semantic_domain_ablation,1,c38q0,22,25,3,808
semantic_domain_ablation,1,c38q1,40,71,31,2176
semantic_domain_ablation,1,c38q2,151,135,-16,6968
semantic_domain_ablation,1,c38q3,229,143,-86,8488
semantic_domain_ablation,1,c38q4,214,106,-108,8568
semantic_domain_ablation,1,c39q0,4,3,-1,120
semantic_domain_ablation,1,c39q1,38,28,-10,1520
semantic_domain_ablation,1,c39q2,184,185,1,7728
semantic_domain_ablation,1,c39q3,104,87,-17,3800
semantic_domain_ablation,1,c39q4,77,62,-15,3640
semantic_domain_ablation,2,c00q0,0,1,1,0
semantic_domain_ablation,2,c00q1,4,30,26,280
semantic_domain_ablation,2,c00q2,19,100,81,1016
semantic_domain_ablation,2,c00q3,28,87,59,1104
semantic_domain_ablation,2,c00q4,10,58,48,640
semantic_domain_ablation,2,c01q0,26,42,16,896
semantic_domain_ablation,2,c01q1,31,45,14,1440
semantic_domain_ablation,2,c01q2,77,52,-25,3424
semantic_domain_ablation,2,c01q3,131,115,-16,5112
semantic_domain_ablation,2,c01q4,126,109,-17,5640
semantic_domain_ablation,2,c02q0,0,0,0,0
semantic_domain_ablation,2,c02q1,6,0,-6,328
semantic_domain_ablation,2,c02q2,28,0,-28,1128
semantic_domain_ablation,2,c02q3,38,0,-38,1608
semantic_domain_ablation,2,c02q4,45,0,-45,1600
semantic_domain_ablation,2,c03q0,16,12,-4,736
semantic_domain_ablation,2,c03q1,93,76,-17,4680
semantic_domain_ablation,2,c03q2,93,70,-23,4744
semantic_domain_ablation,2,c03q3,159,70,-89,7280
semantic_domain_ablation,2,c03q4,101,40,-61,4720
semantic_domain_ablation,2,c04q0,0,0,0,0
semantic_domain_ablation,2,c04q1,1,2,1,16
semantic_domain_ablation,2,c04q2,13,11,-2,696
semantic_domain_ablation,2,c04q3,13,5,-8,416
semantic_domain_ablation,2,c04q4,5,1,-4,88
semantic_domain_ablation,2,c05q0,1,4,3,48
semantic_domain_ablation,2,c05q1,7,5,-2,224
semantic_domain_ablation,2,c05q2,20,38,18,984
semantic_domain_ablation,2,c05q3,50,126,76,2336
semantic_domain_ablation,2,c05q4,30,64,34,1512
semantic_domain_ablation,2,c06q0,0,0,0,0
semantic_domain_ablation,2,c06q1,2,3,1,48
semantic_domain_ablation,2,c06q2,5,7,2,232
semantic_domain_ablation,2,c06q3,28,9,-19,1088
semantic_domain_ablation,2,c06q4,18,8,-10,896
semantic_domain_ablation,2,c07q0,1,16,15,56
semantic_domain_ablation,2,c07q1,24,34,10,880
semantic_domain_ablation,2,c07q2,59,47,-12,2160
semantic_domain_ablation,2,c07q3,38,31,-7,1896
semantic_domain_ablation,2,c07q4,14,6,-8,432
semantic_domain_ablation,2,c08q0,0,0,0,0
semantic_domain_ablation,2,c08q1,1,2,1,24
semantic_domain_ablation,2,c08q2,6,13,7,192
semantic_domain_ablation,2,c08q3,5,30,25,288
semantic_domain_ablation,2,c08q4,11,10,-1,416
semantic_domain_ablation,2,c09q0,0,3,3,0
semantic_domain_ablation,2,c09q1,3,9,6,56
semantic_domain_ablation,2,c09q2,2,23,21,144
semantic_domain_ablation,2,c09q3,3,12,9,208
semantic_domain_ablation,2,c09q4,2,1,-1,48
semantic_domain_ablation,2,c10q0,0,3,3,16
semantic_domain_ablation,2,c10q1,9,18,9,208
semantic_domain_ablation,2,c10q2,4,26,22,336
semantic_domain_ablation,2,c10q3,6,12,6,272
semantic_domain_ablation,2,c10q4,2,3,1,104
semantic_domain_ablation,2,c11q0,0,4,4,40
semantic_domain_ablation,2,c11q1,10,8,-2,472
semantic_domain_ablation,2,c11q2,30,34,4,1168
semantic_domain_ablation,2,c11q3,33,25,-8,1000
semantic_domain_ablation,2,c11q4,7,8,1,296
semantic_domain_ablation,2,c12q0,3,5,2,88
semantic_domain_ablation,2,c12q1,35,23,-12,1432
semantic_domain_ablation,2,c12q2,83,50,-33,3248
semantic_domain_ablation,2,c12q3,63,45,-18,3368
semantic_domain_ablation,2,c12q4,29,17,-12,920
semantic_domain_ablation,2,c13q0,0,0,0,0
semantic_domain_ablation,2,c13q1,4,14,10,384
semantic_domain_ablation,2,c13q2,15,70,55,1056
semantic_domain_ablation,2,c13q3,63,154,91,2536
semantic_domain_ablation,2,c13q4,22,60,38,1176
semantic_domain_ablation,2,c14q0,4,21,17,328
semantic_domain_ablation,2,c14q1,119,274,155,4400
semantic_domain_ablation,2,c14q2,256,270,14,12048
semantic_domain_ablation,2,c14q3,271,231,-40,11680
semantic_domain_ablation,2,c14q4,60,45,-15,2400
semantic_domain_ablation,2,c15q0,0,0,0,0
semantic_domain_ablation,2,c15q1,0,2,2,24
semantic_domain_ablation,2,c15q2,1,11,10,64
semantic_domain_ablation,2,c15q3,1,12,11,64
semantic_domain_ablation,2,c15q4,3,7,4,192
semantic_domain_ablation,2,c16q0,4,6,2,136
semantic_domain_ablation,2,c16q1,21,21,0,568
semantic_domain_ablation,2,c16q2,34,33,-1,1304
semantic_domain_ablation,2,c16q3,35,35,0,1504
semantic_domain_ablation,2,c16q4,17,15,-2,600
semantic_domain_ablation,2,c17q0,33,27,-6,1552
semantic_domain_ablation,2,c17q1,96,59,-37,3800
semantic_domain_ablation,2,c17q2,158,74,-84,6392
semantic_domain_ablation,2,c17q3,110,75,-35,4952
semantic_domain_ablation,2,c17q4,40,19,-21,1328
semantic_domain_ablation,2,c18q0,2,5,3,88
semantic_domain_ablation,2,c18q1,12,30,18,704
semantic_domain_ablation,2,c18q2,26,51,25,1224
semantic_domain_ablation,2,c18q3,11,29,18,608
semantic_domain_ablation,2,c18q4,3,7,4,352
semantic_domain_ablation,2,c19q0,0,4,4,0
semantic_domain_ablation,2,c19q1,0,16,16,24
semantic_domain_ablation,2,c19q2,13,30,17,608
semantic_domain_ablation,2,c19q3,13,19,6,448
semantic_domain_ablation,2,c19q4,4,2,-2,152
semantic_domain_ablation,2,c20q0,0,0,0,40
semantic_domain_ablation,2,c20q1,32,33,1,968
semantic_domain_ablation,2,c20q2,58,50,-8,2440
semantic_domain_ablation,2,c20q3,33,25,-8,1496
semantic_domain_ablation,2,c20q4,40,12,-28,1848
semantic_domain_ablation,2,c21q0,7,1,-6,208
semantic_domain_ablation,2,c21q1,43,16,-27,1664
semantic_domain_ablation,2,c21q2,102,57,-45,4872
semantic_domain_ablation,2,c21q3,137,55,-82,5728
semantic_domain_ablation,2,c21q4,58,18,-40,2336
semantic_domain_ablation,2,c22q0,0,0,0,0
semantic_domain_ablation,2,c22q1,3,5,2,104
semantic_domain_ablation,2,c22q2,17,10,-7,824
semantic_domain_ablation,2,c22q3,30,10,-20,1456
semantic_domain_ablation,2,c22q4,7,6,-1,504
semantic_domain_ablation,2,c23q0,4,5,1,248
semantic_domain_ablation,2,c23q1,41,36,-5,1800
semantic_domain_ablation,2,c23q2,91,56,-35,3560
semantic_domain_ablation,2,c23q3,123,92,-31,4472
semantic_domain_ablation,2,c23q4,84,35,-49,3304
semantic_domain_ablation,2,c24q0,11,9,-2,640
semantic_domain_ablation,2,c24q1,68,29,-39,2800
semantic_domain_ablation,2,c24q2,120,64,-56,5048
semantic_domain_ablation,2,c24q3,89,45,-44,3488
semantic_domain_ablation,2,c24q4,32,18,-14,1744
semantic_domain_ablation,2,c25q0,47,27,-20,1816
semantic_domain_ablation,2,c25q1,126,90,-36,5208
semantic_domain_ablation,2,c25q2,183,127,-56,7928
semantic_domain_ablation,2,c25q3,137,91,-46,5368
semantic_domain_ablation,2,c25q4,40,22,-18,2200
semantic_domain_ablation,2,c26q0,0,7,7,0
semantic_domain_ablation,2,c26q1,1,38,37,16
semantic_domain_ablation,2,c26q2,14,89,75,552
semantic_domain_ablation,2,c26q3,20,121,101,928
semantic_domain_ablation,2,c26q4,26,173,147,1240
semantic_domain_ablation,2,c27q0,0,1,1,0
semantic_domain_ablation,2,c27q1,0,4,4,56
semantic_domain_ablation,2,c27q2,8,9,1,288
semantic_domain_ablation,2,c27q3,10,10,0,432
semantic_domain_ablation,2,c27q4,2,2,0,168
semantic_domain_ablation,2,c28q0,0,2,2,0
semantic_domain_ablation,2,c28q1,85,198,113,3488
semantic_domain_ablation,2,c28q2,205,208,3,9456
semantic_domain_ablation,2,c28q3,342,303,-39,14944
semantic_domain_ablation,2,c28q4,177,152,-25,7352
semantic_domain_ablation,2,c29q0,18,22,4,840
semantic_domain_ablation,2,c29q1,30,30,0,1224
semantic_domain_ablation,2,c29q2,80,85,5,3280
semantic_domain_ablation,2,c29q3,84,86,2,4128
semantic_domain_ablation,2,c29q4,83,32,-51,3664
semantic_domain_ablation,2,c30q0,0,3,3,0
semantic_domain_ablation,2,c30q1,10,20,10,896
semantic_domain_ablation,2,c30q2,82,56,-26,3664
semantic_domain_ablation,2,c30q3,300,241,-59,11096
semantic_domain_ablation,2,c30q4,480,439,-41,19664
semantic_domain_ablation,2,c31q0,0,0,0,0
semantic_domain_ablation,2,c31q1,0,1,1,16
semantic_domain_ablation,2,c31q2,3,17,14,64
semantic_domain_ablation,2,c31q3,2,11,9,104
semantic_domain_ablation,2,c31q4,2,3,1,56
semantic_domain_ablation,2,c32q0,7,42,35,280
semantic_domain_ablation,2,c32q1,40,215,175,1768
semantic_domain_ablation,2,c32q2,222,232,10,10272
semantic_domain_ablation,2,c32q3,407,331,-76,17496
semantic_domain_ablation,2,c32q4,158,135,-23,6632
semantic_domain_ablation,2,c33q0,0,0,0,0
semantic_domain_ablation,2,c33q1,0,15,15,104
semantic_domain_ablation,2,c33q2,4,23,19,288
semantic_domain_ablation,2,c33q3,8,51,43,456
semantic_domain_ablation,2,c33q4,24,35,11,792
semantic_domain_ablation,2,c34q0,0,0,0,0
semantic_domain_ablation,2,c34q1,12,3,-9,288
semantic_domain_ablation,2,c34q2,19,13,-6,856
semantic_domain_ablation,2,c34q3,22,10,-12,976
semantic_domain_ablation,2,c34q4,6,8,2,512
semantic_domain_ablation,2,c35q0,0,11,11,64
semantic_domain_ablation,2,c35q1,25,38,13,976
semantic_domain_ablation,2,c35q2,37,62,25,1544
semantic_domain_ablation,2,c35q3,27,33,6,1064
semantic_domain_ablation,2,c35q4,12,12,0,416
semantic_domain_ablation,2,c36q0,2,3,1,56
semantic_domain_ablation,2,c36q1,6,23,17,280
semantic_domain_ablation,2,c36q2,11,33,22,504
semantic_domain_ablation,2,c36q3,7,12,5,264
semantic_domain_ablation,2,c36q4,4,5,1,96
semantic_domain_ablation,2,c37q0,1,3,2,24
semantic_domain_ablation,2,c37q1,11,17,6,256
semantic_domain_ablation,2,c37q2,23,43,20,1008
semantic_domain_ablation,2,c37q3,35,78,43,1616
semantic_domain_ablation,2,c37q4,38,66,28,1360
semantic_domain_ablation,2,c38q0,22,31,9,808
semantic_domain_ablation,2,c38q1,40,69,29,2176
semantic_domain_ablation,2,c38q2,151,122,-29,6968
semantic_domain_ablation,2,c38q3,229,141,-88,8488
semantic_domain_ablation,2,c38q4,214,100,-114,8568
semantic_domain_ablation,2,c39q0,4,3,-1,120
semantic_domain_ablation,2,c39q1,38,30,-8,1520
semantic_domain_ablation,2,c39q2,184,187,3,7728
semantic_domain_ablation,2,c39q3,104,78,-26,3800
semantic_domain_ablation,2,c39q4,77,60,-17,3640
semantic_domain_ablation,3,c00q0,0,1,1,0
semantic_domain_ablation,3,c00q1,4,30,26,280
semantic_domain_ablation,3,c00q2,19,100,81,1016
semantic_domain_ablation,3,c00q3,28,93,65,1104
semantic_domain_ablation,3,c00q4,10,54,44,640
semantic_domain_ablation,3,c01q0,26,47,21,896
semantic_domain_ablation,3,c01q1,31,41,10,1440
semantic_domain_ablation,3,c01q2,77,62,-15,3424
semantic_domain_ablation,3,c01q3,131,118,-13,5112
semantic_domain_ablation,3,c01q4,126,105,-21,5640
semantic_domain_ablation,3,c02q0,0,0,0,0
semantic_domain_ablation,3,c02q1,6,10,4,328
semantic_domain_ablation,3,c02q2,28,17,-11,1128
semantic_domain_ablation,3,c02q3,38,26,-12,1608
semantic_domain_ablation,3,c02q4,45,27,-18,1600
semantic_domain_ablation,3,c03q0,16,0,-16,736
semantic_domain_ablation,3,c03q1,93,0,-93,4680
semantic_domain_ablation,3,c03q2,93,0,-93,4744
semantic_domain_ablation,3,c03q3,159,0,-159,7280
semantic_domain_ablation,3,c03q4,101,0,-101,4720
semantic_domain_ablation,3,c04q0,0,1,1,0
semantic_domain_ablation,3,c04q1,1,4,3,16
semantic_domain_ablation,3,c04q2,13,5,-8,696
semantic_domain_ablation,3,c04q3,13,6,-7,416
semantic_domain_ablation,3,c04q4,5,2,-3,88
semantic_domain_ablation,3,c05q0,1,4,3,48
semantic_domain_ablation,3,c05q1,7,14,7,224
semantic_domain_ablation,3,c05q2,20,46,26,984
semantic_domain_ablation,3,c05q3,50,112,62,2336
semantic_domain_ablation,3,c05q4,30,54,24,1512
semantic_domain_ablation,3,c06q0,0,0,0,0
semantic_domain_ablation,3,c06q1,2,3,1,48
semantic_domain_ablation,3,c06q2,5,10,5,232
semantic_domain_ablation,3,c06q3,28,10,-18,1088
semantic_domain_ablation,3,c06q4,18,13,-5,896
semantic_domain_ablation,3,c07q0,1,17,16,56
semantic_domain_ablation,3,c07q1,24,39,15,880
semantic_domain_ablation,3,c07q2,59,36,-23,2160
semantic_domain_ablation,3,c07q3,38,30,-8,1896
semantic_domain_ablation,3,c07q4,14,5,-9,432
semantic_domain_ablation,3,c08q0,0,0,0,0
semantic_domain_ablation,3,c08q1,1,2,1,24
semantic_domain_ablation,3,c08q2,6,11,5,192
semantic_domain_ablation,3,c08q3,5,27,22,288
semantic_domain_ablation,3,c08q4,11,14,3,416
semantic_domain_ablation,3,c09q0,0,0,0,0
semantic_domain_ablation,3,c09q1,3,12,9,56
semantic_domain_ablation,3,c09q2,2,22,20,144
semantic_domain_ablation,3,c09q3,3,18,15,208
semantic_domain_ablation,3,c09q4,2,1,-1,48
semantic_domain_ablation,3,c10q0,0,4,4,16
semantic_domain_ablation,3,c10q1,9,19,10,208
semantic_domain_ablation,3,c10q2,4,22,18,336
semantic_domain_ablation,3,c10q3,6,9,3,272
semantic_domain_ablation,3,c10q4,2,3,1,104
semantic_domain_ablation,3,c11q0,0,3,3,40
semantic_domain_ablation,3,c11q1,10,11,1,472
semantic_domain_ablation,3,c11q2,30,26,-4,1168
semantic_domain_ablation,3,c11q3,33,26,-7,1000
semantic_domain_ablation,3,c11q4,7,5,-2,296
semantic_domain_ablation,3,c12q0,3,6,3,88
semantic_domain_ablation,3,c12q1,35,23,-12,1432
semantic_domain_ablation,3,c12q2,83,64,-19,3248
semantic_domain_ablation,3,c12q3,63,54,-9,3368
semantic_domain_ablation,3,c12q4,29,16,-13,920
semantic_domain_ablation,3,c13q0,0,0,0,0
semantic_domain_ablation,3,c13q1,4,34,30,384
semantic_domain_ablation,3,c13q2,15,59,44,1056
semantic_domain_ablation,3,c13q3,63,144,81,2536
semantic_domain_ablation,3,c13q4,22,53,31,1176
semantic_domain_ablation,3,c14q0,4,31,27,328
semantic_domain_ablation,3,c14q1,119,284,165,4400
semantic_domain_ablation,3,c14q2,256,271,15,12048
semantic_domain_ablation,3,c14q3,271,242,-29,11680
semantic_domain_ablation,3,c14q4,60,40,-20,2400
semantic_domain_ablation,3,c15q0,0,0,0,0
semantic_domain_ablation,3,c15q1,0,5,5,24
semantic_domain_ablation,3,c15q2,1,15,14,64
semantic_domain_ablation,3,c15q3,1,11,10,64
semantic_domain_ablation,3,c15q4,3,6,3,192
semantic_domain_ablation,3,c16q0,4,3,-1,136
semantic_domain_ablation,3,c16q1,21,15,-6,568
semantic_domain_ablation,3,c16q2,34,42,8,1304
semantic_domain_ablation,3,c16q3,35,39,4,1504
semantic_domain_ablation,3,c16q4,17,15,-2,600
semantic_domain_ablation,3,c17q0,33,22,-11,1552
semantic_domain_ablation,3,c17q1,96,62,-34,3800
semantic_domain_ablation,3,c17q2,158,86,-72,6392
semantic_domain_ablation,3,c17q3,110,73,-37,4952
semantic_domain_ablation,3,c17q4,40,13,-27,1328
semantic_domain_ablation,3,c18q0,2,7,5,88
semantic_domain_ablation,3,c18q1,12,21,9,704
semantic_domain_ablation,3,c18q2,26,66,40,1224
semantic_domain_ablation,3,c18q3,11,28,17,608
semantic_domain_ablation,3,c18q4,3,6,3,352
semantic_domain_ablation,3,c19q0,0,5,5,0
semantic_domain_ablation,3,c19q1,0,18,18,24
semantic_domain_ablation,3,c19q2,13,31,18,608
semantic_domain_ablation,3,c19q3,13,18,5,448
semantic_domain_ablation,3,c19q4,4,4,0,152
semantic_domain_ablation,3,c20q0,0,3,3,40
semantic_domain_ablation,3,c20q1,32,35,3,968
semantic_domain_ablation,3,c20q2,58,46,-12,2440
semantic_domain_ablation,3,c20q3,33,26,-7,1496
semantic_domain_ablation,3,c20q4,40,15,-25,1848
semantic_domain_ablation,3,c21q0,7,2,-5,208
semantic_domain_ablation,3,c21q1,43,13,-30,1664
semantic_domain_ablation,3,c21q2,102,53,-49,4872
semantic_domain_ablation,3,c21q3,137,54,-83,5728
semantic_domain_ablation,3,c21q4,58,24,-34,2336
semantic_domain_ablation,3,c22q0,0,0,0,0
semantic_domain_ablation,3,c22q1,3,5,2,104
semantic_domain_ablation,3,c22q2,17,8,-9,824
semantic_domain_ablation,3,c22q3,30,22,-8,1456
semantic_domain_ablation,3,c22q4,7,5,-2,504
semantic_domain_ablation,3,c23q0,4,13,9,248
semantic_domain_ablation,3,c23q1,41,35,-6,1800
semantic_domain_ablation,3,c23q2,91,52,-39,3560
semantic_domain_ablation,3,c23q3,123,64,-59,4472
semantic_domain_ablation,3,c23q4,84,37,-47,3304
semantic_domain_ablation,3,c24q0,11,5,-6,640
semantic_domain_ablation,3,c24q1,68,41,-27,2800
semantic_domain_ablation,3,c24q2,120,72,-48,5048
semantic_domain_ablation,3,c24q3,89,39,-50,3488
semantic_domain_ablation,3,c24q4,32,18,-14,1744
semantic_domain_ablation,3,c25q0,47,32,-15,1816
semantic_domain_ablation,3,c25q1,126,96,-30,5208
semantic_domain_ablation,3,c25q2,183,129,-54,7928
semantic_domain_ablation,3,c25q3,137,103,-34,5368
semantic_domain_ablation,3,c25q4,40,13,-27,2200
semantic_domain_ablation,3,c26q0,0,9,9,0
semantic_domain_ablation,3,c26q1,1,32,31,16
semantic_domain_ablation,3,c26q2,14,100,86,552
semantic_domain_ablation,3,c26q3,20,136,116,928
semantic_domain_ablation,3,c26q4,26,166,140,1240
semantic_domain_ablation,3,c27q0,0,0,0,0
semantic_domain_ablation,3,c27q1,0,7,7,56
semantic_domain_ablation,3,c27q2,8,16,8,288
semantic_domain_ablation,3,c27q3,10,10,0,432
semantic_domain_ablation,3,c27q4,2,1,-1,168
semantic_domain_ablation,3,c28q0,0,4,4,0
semantic_domain_ablation,3,c28q1,85,195,110,3488
semantic_domain_ablation,3,c28q2,205,211,6,9456
semantic_domain_ablation,3,c28q3,342,307,-35,14944
semantic_domain_ablation,3,c28q4,177,149,-28,7352
semantic_domain_ablation,3,c29q0,18,20,2,840
semantic_domain_ablation,3,c29q1,30,37,7,1224
semantic_domain_ablation,3,c29q2,80,87,7,3280
semantic_domain_ablation,3,c29q3,84,102,18,4128
semantic_domain_ablation,3,c29q4,83,33,-50,3664
semantic_domain_ablation,3,c30q0,0,5,5,0
semantic_domain_ablation,3,c30q1,10,9,-1,896
semantic_domain_ablation,3,c30q2,82,80,-2,3664
semantic_domain_ablation,3,c30q3,300,220,-80,11096
semantic_domain_ablation,3,c30q4,480,452,-28,19664
semantic_domain_ablation,3,c31q0,0,0,0,0
semantic_domain_ablation,3,c31q1,0,5,5,16
semantic_domain_ablation,3,c31q2,3,11,8,64
semantic_domain_ablation,3,c31q3,2,11,9,104
semantic_domain_ablation,3,c31q4,2,3,1,56
semantic_domain_ablation,3,c32q0,7,42,35,280
semantic_domain_ablation,3,c32q1,40,228,188,1768
semantic_domain_ablation,3,c32q2,222,228,6,10272
semantic_domain_ablation,3,c32q3,407,346,-61,17496
semantic_domain_ablation,3,c32q4,158,138,-20,6632
semantic_domain_ablation,3,c33q0,0,2,2,0
semantic_domain_ablation,3,c33q1,0,14,14,104
semantic_domain_ablation,3,c33q2,4,30,26,288
semantic_domain_ablation,3,c33q3,8,38,30,456
semantic_domain_ablation,3,c33q4,24,47,23,792
semantic_domain_ablation,3,c34q0,0,1,1,0
semantic_domain_ablation,3,c34q1,12,4,-8,288
semantic_domain_ablation,3,c34q2,19,6,-13,856
semantic_domain_ablation,3,c34q3,22,11,-11,976
semantic_domain_ablation,3,c34q4,6,4,-2,512
semantic_domain_ablation,3,c35q0,0,13,13,64
semantic_domain_ablation,3,c35q1,25,35,10,976
semantic_domain_ablation,3,c35q2,37,58,21,1544
semantic_domain_ablation,3,c35q3,27,46,19,1064
semantic_domain_ablation,3,c35q4,12,5,-7,416
semantic_domain_ablation,3,c36q0,2,4,2,56
semantic_domain_ablation,3,c36q1,6,25,19,280
semantic_domain_ablation,3,c36q2,11,32,21,504
semantic_domain_ablation,3,c36q3,7,17,10,264
semantic_domain_ablation,3,c36q4,4,5,1,96
semantic_domain_ablation,3,c37q0,1,7,6,24
semantic_domain_ablation,3,c37q1,11,18,7,256
semantic_domain_ablation,3,c37q2,23,40,17,1008
semantic_domain_ablation,3,c37q3,35,81,46,1616
semantic_domain_ablation,3,c37q4,38,62,24,1360
semantic_domain_ablation,3,c38q0,22,29,7,808
semantic_domain_ablation,3,c38q1,40,72,32,2176
semantic_domain_ablation,3,c38q2,151,130,-21,6968
semantic_domain_ablation,3,c38q3,229,144,-85,8488
semantic_domain_ablation,3,c38q4,214,105,-109,8568
semantic_domain_ablation,3,c39q0,4,1,-3,120
semantic_domain_ablation,3,c39q1,38,29,-9,1520
semantic_domain_ablation,3,c39q2,184,185,1,7728
semantic_domain_ablation,3,c39q3,104,85,-19,3800
semantic_domain_ablation,3,c39q4,77,62,-15,3640
semantic_domain_ablation,4,c00q0,0,1,1,0
semantic_domain_ablation,4,c00q1,4,30,26,280
semantic_domain_ablation,4,c00q2,19,100,81,1016
semantic_domain_ablation,4,c00q3,28,87,59,1104
semantic_domain_ablation,4,c00q4,10,55,45,640
semantic_domain_ablation,4,c01q0,26,40,14,896
semantic_domain_ablation,4,c01q1,31,48,17,1440
semantic_domain_ablation,4,c01q2,77,50,-27,3424
semantic_domain_ablation,4,c01q3,131,116,-15,5112
semantic_domain_ablation,4,c01q4,126,108,-18,5640
semantic_domain_ablation,4,c02q0,0,1,1,0
semantic_domain_ablation,4,c02q1,6,4,-2,328
semantic_domain_ablation,4,c02q2,28,22,-6,1128
semantic_domain_ablation,4,c02q3,38,24,-14,1608
semantic_domain_ablation,4,c02q4,45,27,-18,1600
semantic_domain_ablation,4,c03q0,16,11,-5,736
semantic_domain_ablation,4,c03q1,93,85,-8,4680
semantic_domain_ablation,4,c03q2,93,74,-19,4744
semantic_domain_ablation,4,c03q3,159,60,-99,7280
semantic_domain_ablation,4,c03q4,101,32,-69,4720
semantic_domain_ablation,4,c04q0,0,0,0,0
semantic_domain_ablation,4,c04q1,1,0,-1,16
semantic_domain_ablation,4,c04q2,13,0,-13,696
semantic_domain_ablation,4,c04q3,13,0,-13,416
semantic_domain_ablation,4,c04q4,5,0,-5,88
semantic_domain_ablation,4,c05q0,1,2,1,48
semantic_domain_ablation,4,c05q1,7,18,11,224
semantic_domain_ablation,4,c05q2,20,54,34,984
semantic_domain_ablation,4,c05q3,50,106,56,2336
semantic_domain_ablation,4,c05q4,30,76,46,1512
semantic_domain_ablation,4,c06q0,0,1,1,0
semantic_domain_ablation,4,c06q1,2,0,-2,48
semantic_domain_ablation,4,c06q2,5,8,3,232
semantic_domain_ablation,4,c06q3,28,9,-19,1088
semantic_domain_ablation,4,c06q4,18,11,-7,896
semantic_domain_ablation,4,c07q0,1,19,18,56
semantic_domain_ablation,4,c07q1,24,34,10,880
semantic_domain_ablation,4,c07q2,59,33,-26,2160
semantic_domain_ablation,4,c07q3,38,36,-2,1896
semantic_domain_ablation,4,c07q4,14,7,-7,432
semantic_domain_ablation,4,c08q0,0,0,0,0
semantic_domain_ablation,4,c08q1,1,1,0,24
semantic_domain_ablation,4,c08q2,6,16,10,192
semantic_domain_ablation,4,c08q3,5,22,17,288
semantic_domain_ablation,4,c08q4,11,15,4,416
semantic_domain_ablation,4,c09q0,0,2,2,0
semantic_domain_ablation,4,c09q1,3,10,7,56
semantic_domain_ablation,4,c09q2,2,32,30,144
semantic_domain_ablation,4,c09q3,3,11,8,208
semantic_domain_ablation,4,c09q4,2,3,1,48
semantic_domain_ablation,4,c10q0,0,2,2,16
semantic_domain_ablation,4,c10q1,9,19,10,208
semantic_domain_ablation,4,c10q2,4,18,14,336
semantic_domain_ablation,4,c10q3,6,11,5,272
semantic_domain_ablation,4,c10q4,2,5,3,104
semantic_domain_ablation,4,c11q0,0,2,2,40
semantic_domain_ablation,4,c11q1,10,16,6,472
semantic_domain_ablation,4,c11q2,30,29,-1,1168
semantic_domain_ablation,4,c11q3,33,22,-11,1000
semantic_domain_ablation,4,c11q4,7,5,-2,296
semantic_domain_ablation,4,c12q0,3,1,-2,88
semantic_domain_ablation,4,c12q1,35,17,-18,1432
semantic_domain_ablation,4,c12q2,83,59,-24,3248
semantic_domain_ablation,4,c12q3,63,40,-23,3368
semantic_domain_ablation,4,c12q4,29,12,-17,920
semantic_domain_ablation,4,c13q0,0,1,1,0
semantic_domain_ablation,4,c13q1,4,26,22,384
semantic_domain_ablation,4,c13q2,15,56,41,1056
semantic_domain_ablation,4,c13q3,63,162,99,2536
semantic_domain_ablation,4,c13q4,22,44,22,1176
semantic_domain_ablation,4,c14q0,4,21,17,328
semantic_domain_ablation,4,c14q1,119,287,168,4400
semantic_domain_ablation,4,c14q2,256,265,9,12048
semantic_domain_ablation,4,c14q3,271,234,-37,11680
semantic_domain_ablation,4,c14q4,60,50,-10,2400
semantic_domain_ablation,4,c15q0,0,0,0,0
semantic_domain_ablation,4,c15q1,0,7,7,24
semantic_domain_ablation,4,c15q2,1,12,11,64
semantic_domain_ablation,4,c15q3,1,9,8,64
semantic_domain_ablation,4,c15q4,3,3,0,192
semantic_domain_ablation,4,c16q0,4,3,-1,136
semantic_domain_ablation,4,c16q1,21,13,-8,568
semantic_domain_ablation,4,c16q2,34,35,1,1304
semantic_domain_ablation,4,c16q3,35,44,9,1504
semantic_domain_ablation,4,c16q4,17,18,1,600
semantic_domain_ablation,4,c17q0,33,25,-8,1552
semantic_domain_ablation,4,c17q1,96,45,-51,3800
semantic_domain_ablation,4,c17q2,158,89,-69,6392
semantic_domain_ablation,4,c17q3,110,65,-45,4952
semantic_domain_ablation,4,c17q4,40,18,-22,1328
semantic_domain_ablation,4,c18q0,2,2,0,88
semantic_domain_ablation,4,c18q1,12,30,18,704
semantic_domain_ablation,4,c18q2,26,57,31,1224
semantic_domain_ablation,4,c18q3,11,19,8,608
semantic_domain_ablation,4,c18q4,3,5,2,352
semantic_domain_ablation,4,c19q0,0,6,6,0
semantic_domain_ablation,4,c19q1,0,19,19,24
semantic_domain_ablation,4,c19q2,13,29,16,608
semantic_domain_ablation,4,c19q3,13,18,5,448
semantic_domain_ablation,4,c19q4,4,7,3,152
semantic_domain_ablation,4,c20q0,0,3,3,40
semantic_domain_ablation,4,c20q1,32,35,3,968
semantic_domain_ablation,4,c20q2,58,37,-21,2440
semantic_domain_ablation,4,c20q3,33,28,-5,1496
semantic_domain_ablation,4,c20q4,40,17,-23,1848
semantic_domain_ablation,4,c21q0,7,4,-3,208
semantic_domain_ablation,4,c21q1,43,21,-22,1664
semantic_domain_ablation,4,c21q2,102,47,-55,4872
semantic_domain_ablation,4,c21q3,137,47,-90,5728
semantic_domain_ablation,4,c21q4,58,17,-41,2336
semantic_domain_ablation,4,c22q0,0,0,0,0
semantic_domain_ablation,4,c22q1,3,3,0,104
semantic_domain_ablation,4,c22q2,17,10,-7,824
semantic_domain_ablation,4,c22q3,30,20,-10,1456
semantic_domain_ablation,4,c22q4,7,4,-3,504
semantic_domain_ablation,4,c23q0,4,9,5,248
semantic_domain_ablation,4,c23q1,41,36,-5,1800
semantic_domain_ablation,4,c23q2,91,68,-23,3560
semantic_domain_ablation,4,c23q3,123,80,-43,4472
semantic_domain_ablation,4,c23q4,84,32,-52,3304
semantic_domain_ablation,4,c24q0,11,9,-2,640
semantic_domain_ablation,4,c24q1,68,35,-33,2800
semantic_domain_ablation,4,c24q2,120,67,-53,5048
semantic_domain_ablation,4,c24q3,89,30,-59,3488
semantic_domain_ablation,4,c24q4,32,23,-9,1744
semantic_domain_ablation,4,c25q0,47,35,-12,1816
semantic_domain_ablation,4,c25q1,126,80,-46,5208
semantic_domain_ablation,4,c25q2,183,124,-59,7928
semantic_domain_ablation,4,c25q3,137,96,-41,5368
semantic_domain_ablation,4,c25q4,40,21,-19,2200
semantic_domain_ablation,4,c26q0,0,6,6,0
semantic_domain_ablation,4,c26q1,1,38,37,16
semantic_domain_ablation,4,c26q2,14,85,71,552
semantic_domain_ablation,4,c26q3,20,124,104,928
semantic_domain_ablation,4,c26q4,26,168,142,1240
semantic_domain_ablation,4,c27q0,0,0,0,0
semantic_domain_ablation,4,c27q1,0,3,3,56
semantic_domain_ablation,4,c27q2,8,14,6,288
semantic_domain_ablation,4,c27q3,10,1,-9,432
semantic_domain_ablation,4,c27q4,2,1,-1,168
semantic_domain_ablation,4,c28q0,0,4,4,0
semantic_domain_ablation,4,c28q1,85,198,113,3488
semantic_domain_ablation,4,c28q2,205,217,12,9456
semantic_domain_ablation,4,c28q3,342,289,-53,14944
semantic_domain_ablation,4,c28q4,177,157,-20,7352
semantic_domain_ablation,4,c29q0,18,21,3,840
semantic_domain_ablation,4,c29q1,30,35,5,1224
semantic_domain_ablation,4,c29q2,80,76,-4,3280
semantic_domain_ablation,4,c29q3,84,87,3,4128
semantic_domain_ablation,4,c29q4,83,36,-47,3664
semantic_domain_ablation,4,c30q0,0,3,3,0
semantic_domain_ablation,4,c30q1,10,15,5,896
semantic_domain_ablation,4,c30q2,82,54,-28,3664
semantic_domain_ablation,4,c30q3,300,253,-47,11096
semantic_domain_ablation,4,c30q4,480,426,-54,19664
semantic_domain_ablation,4,c31q0,0,0,0,0
semantic_domain_ablation,4,c31q1,0,6,6,16
semantic_domain_ablation,4,c31q2,3,9,6,64
semantic_domain_ablation,4,c31q3,2,12,10,104
semantic_domain_ablation,4,c31q4,2,9,7,56
semantic_domain_ablation,4,c32q0,7,38,31,280
semantic_domain_ablation,4,c32q1,40,210,170,1768
semantic_domain_ablation,4,c32q2,222,238,16,10272
semantic_domain_ablation,4,c32q3,407,322,-85,17496
semantic_domain_ablation,4,c32q4,158,134,-24,6632
semantic_domain_ablation,4,c33q0,0,0,0,0
semantic_domain_ablation,4,c33q1,0,9,9,104
semantic_domain_ablation,4,c33q2,4,33,29,288
semantic_domain_ablation,4,c33q3,8,45,37,456
semantic_domain_ablation,4,c33q4,24,30,6,792
semantic_domain_ablation,4,c34q0,0,0,0,0
semantic_domain_ablation,4,c34q1,12,6,-6,288
semantic_domain_ablation,4,c34q2,19,13,-6,856
semantic_domain_ablation,4,c34q3,22,18,-4,976
semantic_domain_ablation,4,c34q4,6,5,-1,512
semantic_domain_ablation,4,c35q0,0,7,7,64
semantic_domain_ablation,4,c35q1,25,40,15,976
semantic_domain_ablation,4,c35q2,37,60,23,1544
semantic_domain_ablation,4,c35q3,27,35,8,1064
semantic_domain_ablation,4,c35q4,12,7,-5,416
semantic_domain_ablation,4,c36q0,2,5,3,56
semantic_domain_ablation,4,c36q1,6,25,19,280
semantic_domain_ablation,4,c36q2,11,31,20,504
semantic_domain_ablation,4,c36q3,7,10,3,264
semantic_domain_ablation,4,c36q4,4,3,-1,96
semantic_domain_ablation,4,c37q0,1,8,7,24
semantic_domain_ablation,4,c37q1,11,15,4,256
semantic_domain_ablation,4,c37q2,23,47,24,1008
semantic_domain_ablation,4,c37q3,35,72,37,1616
semantic_domain_ablation,4,c37q4,38,69,31,1360
semantic_domain_ablation,4,c38q0,22,28,6,808
semantic_domain_ablation,4,c38q1,40,70,30,2176
semantic_domain_ablation,4,c38q2,151,124,-27,6968
semantic_domain_ablation,4,c38q3,229,138,-91,8488
semantic_domain_ablation,4,c38q4,214,98,-116,8568
semantic_domain_ablation,4,c39q0,4,1,-3,120
semantic_domain_ablation,4,c39q1,38,30,-8,1520
semantic_domain_ablation,4,c39q2,184,187,3,7728
semantic_domain_ablation,4,c39q3,104,78,-26,3800
semantic_domain_ablation,4,c39q4,77,59,-18,3640
semantic_domain_ablation,5,c00q0,0,1,1,0
semantic_domain_ablation,5,c00q1,4,30,26,280
semantic_domain_ablation,5,c00q2,19,100,81,1016
semantic_domain_ablation,5,c00q3,28,93,65,1104
semantic_domain_ablation,5,c00q4,10,53,43,640
semantic_domain_ablation,5,c01q0,26,47,21,896
semantic_domain_ablation,5,c01q1,31,40,9,1440
semantic_domain_ablation,5,c01q2,77,61,-16,3424
semantic_domain_ablation,5,c01q3,131,117,-14,5112
semantic_domain_ablation,5,c01q4,126,105,-21,5640
semantic_domain_ablation,5,c02q0,0,0,0,0
semantic_domain_ablation,5,c02q1,6,7,1,328
semantic_domain_ablation,5,c02q2,28,23,-5,1128
semantic_domain_ablation,5,c02q3,38,25,-13,1608
semantic_domain_ablation,5,c02q4,45,26,-19,1600
semantic_domain_ablation,5,c03q0,16,13,-3,736
semantic_domain_ablation,5,c03q1,93,89,-4,4680
semantic_domain_ablation,5,c03q2,93,74,-19,4744
semantic_domain_ablation,5,c03q3,159,57,-102,7280
semantic_domain_ablation,5,c03q4,101,45,-56,4720
semantic_domain_ablation,5,c04q0,0,1,1,0
semantic_domain_ablation,5,c04q1,1,7,6,16
semantic_domain_ablation,5,c04q2,13,12,-1,696
semantic_domain_ablation,5,c04q3,13,5,-8,416
semantic_domain_ablation,5,c04q4,5,1,-4,88
semantic_domain_ablation,5,c05q0,1,0,-1,48
semantic_domain_ablation,5,c05q1,7,0,-7,224
semantic_domain_ablation,5,c05q2,20,0,-20,984
semantic_domain_ablation,5,c05q3,50,0,-50,2336
semantic_domain_ablation,5,c05q4,30,0,-30,1512
semantic_domain_ablation,5,c06q0,0,0,0,0
semantic_domain_ablation,5,c06q1,2,2,0,48
semantic_domain_ablation,5,c06q2,5,6,1,232
semantic_domain_ablation,5,c06q3,28,9,-19,1088
semantic_domain_ablation,5,c06q4,18,9,-9,896
semantic_domain_ablation,5,c07q0,1,21,20,56
semantic_domain_ablation,5,c07q1,24,29,5,880
semantic_domain_ablation,5,c07q2,59,38,-21,2160
semantic_domain_ablation,5,c07q3,38,24,-14,1896
semantic_domain_ablation,5,c07q4,14,8,-6,432
semantic_domain_ablation,5,c08q0,0,1,1,0
semantic_domain_ablation,5,c08q1,1,3,2,24
semantic_domain_ablation,5,c08q2,6,20,14,192
semantic_domain_ablation,5,c08q3,5,22,17,288
semantic_domain_ablation,5,c08q4,11,12,1,416
semantic_domain_ablation,5,c09q0,0,4,4,0
semantic_domain_ablation,5,c09q1,3,10,7,56
semantic_domain_ablation,5,c09q2,2,29,27,144
semantic_domain_ablation,5,c09q3,3,16,13,208
semantic_domain_ablation,5,c09q4,2,2,0,48
semantic_domain_ablation,5,c10q0,0,3,3,16
semantic_domain_ablation,5,c10q1,9,17,8,208
semantic_domain_ablation,5,c10q2,4,14,10,336
semantic_domain_ablation,5,c10q3,6,7,1,272
semantic_domain_ablation,5,c10q4,2,4,2,104
semantic_domain_ablation,5,c11q0,0,0,0,40
semantic_domain_ablation,5,c11q1,10,18,8,472
semantic_domain_ablation,5,c11q2,30,31,1,1168
semantic_domain_ablation,5,c11q3,33,23,-10,1000
semantic_domain_ablation,5,c11q4,7,4,-3,296
semantic_domain_ablation,5,c12q0,3,4,1,88
semantic_domain_ablation,5,c12q1,35,26,-9,1432
semantic_domain_ablation,5,c12q2,83,69,-14,3248
semantic_domain_ablation,5,c12q3,63,56,-7,3368
semantic_domain_ablation,5,c12q4,29,12,-17,920
semantic_domain_ablation,5,c13q0,0,0,0,0
semantic_domain_ablation,5,c13q1,4,30,26,384
semantic_domain_ablation,5,c13q2,15,55,40,1056
semantic_domain_ablation,5,c13q3,63,138,75,2536
semantic_domain_ablation,5,c13q4,22,65,43,1176
semantic_domain_ablation,5,c14q0,4,38,34,328
semantic_domain_ablation,5,c14q1,119,265,146,4400
semantic_domain_ablation,5,c14q2,256,272,16,12048
semantic_domain_ablation,5,c14q3,271,241,-30,11680
semantic_domain_ablation,5,c14q4,60,46,-14,2400
semantic_domain_ablation,5,c15q0,0,0,0,0
semantic_domain_ablation,5,c15q1,0,5,5,24
semantic_domain_ablation,5,c15q2,1,10,9,64
semantic_domain_ablation,5,c15q3,1,13,12,64
semantic_domain_ablation,5,c15q4,3,7,4,192
semantic_domain_ablation,5,c16q0,4,5,1,136
semantic_domain_ablation,5,c16q1,21,17,-4,568
semantic_domain_ablation,5,c16q2,34,32,-2,1304
semantic_domain_ablation,5,c16q3,35,43,8,1504
semantic_domain_ablation,5,c16q4,17,14,-3,600
semantic_domain_ablation,5,c17q0,33,32,-1,1552
semantic_domain_ablation,5,c17q1,96,45,-51,3800
semantic_domain_ablation,5,c17q2,158,102,-56,6392
semantic_domain_ablation,5,c17q3,110,59,-51,4952
semantic_domain_ablation,5,c17q4,40,9,-31,1328
semantic_domain_ablation,5,c18q0,2,2,0,88
semantic_domain_ablation,5,c18q1,12,38,26,704
semantic_domain_ablation,5,c18q2,26,61,35,1224
semantic_domain_ablation,5,c18q3,11,27,16,608
semantic_domain_ablation,5,c18q4,3,9,6,352
semantic_domain_ablation,5,c19q0,0,1,1,0
semantic_domain_ablation,5,c19q1,0,18,18,24
semantic_domain_ablation,5,c19q2,13,30,17,608
semantic_domain_ablation,5,c19q3,13,20,7,448
semantic_domain_ablation,5,c19q4,4,8,4,152
semantic_domain_ablation,5,c20q0,0,2,2,40
semantic_domain_ablation,5,c20q1,32,36,4,968
semantic_domain_ablation,5,c20q2,58,41,-17,2440
semantic_domain_ablation,5,c20q3,33,22,-11,1496
semantic_domain_ablation,5,c20q4,40,17,-23,1848
semantic_domain_ablation,5,c21q0,7,3,-4,208
semantic_domain_ablation,5,c21q1,43,17,-26,1664
semantic_domain_ablation,5,c21q2,102,52,-50,4872
semantic_domain_ablation,5,c21q3,137,54,-83,5728
semantic_domain_ablation,5,c21q4,58,27,-31,2336
semantic_domain_ablation,5,c22q0,0,0,0,0
semantic_domain_ablation,5,c22q1,3,3,0,104
semantic_domain_ablation,5,c22q2,17,12,-5,824
semantic_domain_ablation,5,c22q3,30,18,-12,1456
semantic_domain_ablation,5,c22q4,7,4,-3,504
semantic_domain_ablation,5,c23q0,4,9,5,248
semantic_domain_ablation,5,c23q1,41,32,-9,1800
semantic_domain_ablation,5,c23q2,91,48,-43,3560
semantic_domain_ablation,5,c23q3,123,75,-48,4472
semantic_domain_ablation,5,c23q4,84,34,-50,3304
semantic_domain_ablation,5,c24q0,11,15,4,640
semantic_domain_ablation,5,c24q1,68,38,-30,2800
semantic_domain_ablation,5,c24q2,120,64,-56,5048
semantic_domain_ablation,5,c24q3,89,37,-52,3488
semantic_domain_ablation,5,c24q4,32,21,-11,1744
semantic_domain_ablation,5,c25q0,47,40,-7,1816
semantic_domain_ablation,5,c25q1,126,86,-40,5208
semantic_domain_ablation,5,c25q2,183,135,-48,7928
semantic_domain_ablation,5,c25q3,137,88,-49,5368
semantic_domain_ablation,5,c25q4,40,20,-20,2200
semantic_domain_ablation,5,c26q0,0,6,6,0
semantic_domain_ablation,5,c26q1,1,41,40,16
semantic_domain_ablation,5,c26q2,14,91,77,552
semantic_domain_ablation,5,c26q3,20,127,107,928
semantic_domain_ablation,5,c26q4,26,186,160,1240
semantic_domain_ablation,5,c27q0,0,0,0,0
semantic_domain_ablation,5,c27q1,0,3,3,56
semantic_domain_ablation,5,c27q2,8,14,6,288
semantic_domain_ablation,5,c27q3,10,7,-3,432
semantic_domain_ablation,5,c27q4,2,0,-2,168
semantic_domain_ablation,5,c28q0,0,2,2,0
semantic_domain_ablation,5,c28q1,85,192,107,3488
semantic_domain_ablation,5,c28q2,205,216,11,9456
semantic_domain_ablation,5,c28q3,342,305,-37,14944
semantic_domain_ablation,5,c28q4,177,146,-31,7352
semantic_domain_ablation,5,c29q0,18,25,7,840
semantic_domain_ablation,5,c29q1,30,39,9,1224
semantic_domain_ablation,5,c29q2,80,90,10,3280
semantic_domain_ablation,5,c29q3,84,98,14,4128
semantic_domain_ablation,5,c29q4,83,23,-60,3664
semantic_domain_ablation,5,c30q0,0,0,0,0
semantic_domain_ablation,5,c30q1,10,17,7,896
semantic_domain_ablation,5,c30q2,82,75,-7,3664
semantic_domain_ablation,5,c30q3,300,222,-78,11096
semantic_domain_ablation,5,c30q4,480,451,-29,19664
semantic_domain_ablation,5,c31q0,0,0,0,0
semantic_domain_ablation,5,c31q1,0,6,6,16
semantic_domain_ablation,5,c31q2,3,11,8,64
semantic_domain_ablation,5,c31q3,2,4,2,104
semantic_domain_ablation,5,c31q4,2,8,6,56
semantic_domain_ablation,5,c32q0,7,43,36,280
semantic_domain_ablation,5,c32q1,40,226,186,1768
semantic_domain_ablation,5,c32q2,222,230,8,10272
semantic_domain_ablation,5,c32q3,407,346,-61,17496
semantic_domain_ablation,5,c32q4,158,134,-24,6632
semantic_domain_ablation,5,c33q0,0,2,2,0
semantic_domain_ablation,5,c33q1,0,14,14,104
semantic_domain_ablation,5,c33q2,4,27,23,288
semantic_domain_ablation,5,c33q3,8,42,34,456
semantic_domain_ablation,5,c33q4,24,45,21,792
semantic_domain_ablation,5,c34q0,0,0,0,0
semantic_domain_ablation,5,c34q1,12,2,-10,288
semantic_domain_ablation,5,c34q2,19,6,-13,856
semantic_domain_ablation,5,c34q3,22,12,-10,976
semantic_domain_ablation,5,c34q4,6,6,0,512
semantic_domain_ablation,5,c35q0,0,11,11,64
semantic_domain_ablation,5,c35q1,25,38,13,976
semantic_domain_ablation,5,c35q2,37,57,20,1544
semantic_domain_ablation,5,c35q3,27,43,16,1064
semantic_domain_ablation,5,c35q4,12,7,-5,416
semantic_domain_ablation,5,c36q0,2,5,3,56
semantic_domain_ablation,5,c36q1,6,22,16,280
semantic_domain_ablation,5,c36q2,11,36,25,504
semantic_domain_ablation,5,c36q3,7,14,7,264
semantic_domain_ablation,5,c36q4,4,7,3,96
semantic_domain_ablation,5,c37q0,1,6,5,24
semantic_domain_ablation,5,c37q1,11,18,7,256
semantic_domain_ablation,5,c37q2,23,38,15,1008
semantic_domain_ablation,5,c37q3,35,81,46,1616
semantic_domain_ablation,5,c37q4,38,65,27,1360
semantic_domain_ablation,5,c38q0,22,29,7,808
semantic_domain_ablation,5,c38q1,40,67,27,2176
semantic_domain_ablation,5,c38q2,151,129,-22,6968
semantic_domain_ablation,5,c38q3,229,148,-81,8488
semantic_domain_ablation,5,c38q4,214,102,-112,8568
semantic_domain_ablation,5,c39q0,4,0,-4,120
semantic_domain_ablation,5,c39q1,38,33,-5,1520
semantic_domain_ablation,5,c39q2,184,183,-1,7728
semantic_domain_ablation,5,c39q3,104,83,-21,3800
semantic_domain_ablation,5,c39q4,77,62,-15,3640
semantic_domain_ablation,6,c00q0,0,1,1,0
semantic_domain_ablation,6,c00q1,4,30,26,280
semantic_domain_ablation,6,c00q2,19,100,81,1016
semantic_domain_ablation,6,c00q3,28,87,59,1104
semantic_domain_ablation,6,c00q4,10,55,45,640
semantic_domain_ablation,6,c01q0,26,40,14,896
semantic_domain_ablation,6,c01q1,31,48,17,1440
semantic_domain_ablation,6,c01q2,77,50,-27,3424
semantic_domain_ablation,6,c01q3,131,116,-15,5112
semantic_domain_ablation,6,c01q4,126,109,-17,5640
semantic_domain_ablation,6,c02q0,0,1,1,0
semantic_domain_ablation,6,c02q1,6,3,-3,328
semantic_domain_ablation,6,c02q2,28,22,-6,1128
semantic_domain_ablation,6,c02q3,38,24,-14,1608
semantic_domain_ablation,6,c02q4,45,27,-18,1600
semantic_domain_ablation,6,c03q0,16,12,-4,736
semantic_domain_ablation,6,c03q1,93,84,-9,4680
semantic_domain_ablation,6,c03q2,93,75,-18,4744
semantic_domain_ablation,6,c03q3,159,59,-100,7280
semantic_domain_ablation,6,c03q4,101,33,-68,4720
semantic_domain_ablation,6,c04q0,0,0,0,0
semantic_domain_ablation,6,c04q1,1,3,2,16
semantic_domain_ablation,6,c04q2,13,12,-1,696
semantic_domain_ablation,6,c04q3,13,10,-3,416
semantic_domain_ablation,6,c04q4,5,1,-4,88
semantic_domain_ablation,6,c05q0,1,0,-1,48
semantic_domain_ablation,6,c05q1,7,22,15,224
semantic_domain_ablation,6,c05q2,20,53,33,984
semantic_domain_ablation,6,c05q3,50,101,51,2336
semantic_domain_ablation,6,c05q4,30,77,47,1512
semantic_domain_ablation,6,c06q0,0,0,0,0
semantic_domain_ablation,6,c06q1,2,0,-2,48
semantic_domain_ablation,6,c06q2,5,0,-5,232
semantic_domain_ablation,6,c06q3,28,0,-28,1088
semantic_domain_ablation,6,c06q4,18,0,-18,896
semantic_domain_ablation,6,c07q0,1,18,17,56
semantic_domain_ablation,6,c07q1,24,36,12,880
semantic_domain_ablation,6,c07q2,59,33,-26,2160
semantic_domain_ablation,6,c07q3,38,32,-6,1896
semantic_domain_ablation,6,c07q4,14,13,-1,432
semantic_domain_ablation,6,c08q0,0,0,0,0
semantic_domain_ablation,6,c08q1,1,1,0,24
semantic_domain_ablation,6,c08q2,6,17,11,192
semantic_domain_ablation,6,c08q3,5,21,16,288
semantic_domain_ablation,6,c08q4,11,11,0,416
semantic_domain_ablation,6,c09q0,0,3,3,0
semantic_domain_ablation,6,c09q1,3,10,7,56
semantic_domain_ablation,6,c09q2,2,34,32,144
semantic_domain_ablation,6,c09q3,3,13,10,208
semantic_domain_ablation,6,c09q4,2,1,-1,48
semantic_domain_ablation,6,c10q0,0,0,0,16
semantic_domain_ablation,6,c10q1,9,21,12,208
semantic_domain_ablation,6,c10q2,4,18,14,336
semantic_domain_ablation,6,c10q3,6,10,4,272
semantic_domain_ablation,6,c10q4,2,4,2,104
semantic_domain_ablation,6,c11q0,0,3,3,40
semantic_domain_ablation,6,c11q1,10,15,5,472
semantic_domain_ablation,6,c11q2,30,30,0,1168
semantic_domain_ablation,6,c11q3,33,23,-10,1000
semantic_domain_ablation,6,c11q4,7,4,-3,296
semantic_domain_ablation,6,c12q0,3,4,1,88
semantic_domain_ablation,6,c12q1,35,16,-19,1432
semantic_domain_ablation,6,c12q2,83,59,-24,3248
semantic_domain_ablation,6,c12q3,63,36,-27,3368
semantic_domain_ablation,6,c12q4,29,14,-15,920
semantic_domain_ablation,6,c13q0,0,0,0,0
semantic_domain_ablation,6,c13q1,4,26,22,384
semantic_domain_ablation,6,c13q2,15,57,42,1056
semantic_domain_ablation,6,c13q3,63,163,100,2536
semantic_domain_ablation,6,c13q4,22,44,22,1176
semantic_domain_ablation,6,c14q0,4,18,14,328
semantic_domain_ablation,6,c14q1,119,291,172,4400
semantic_domain_ablation,6,c14q2,256,266,10,12048
semantic_domain_ablation,6,c14q3,271,232,-39,11680
semantic_domain_ablation,6,c14q4,60,49,-11,2400
semantic_domain_ablation,6,c15q0,0,1,1,0
semantic_domain_ablation,6,c15q1,0,6,6,24
semantic_domain_ablation,6,c15q2,1,12,11,64
semantic_domain_ablation,6,c15q3,1,11,10,64
semantic_domain_ablation,6,c15q4,3,3,0,192
semantic_domain_ablation,6,c16q0,4,2,-2,136
semantic_domain_ablation,6,c16q1,21,12,-9,568
semantic_domain_ablation,6,c16q2,34,34,0,1304
semantic_domain_ablation,6,c16q3,35,48,13,1504
semantic_domain_ablation,6,c16q4,17,15,-2,600
semantic_domain_ablation,6,c17q0,33,26,-7,1552
semantic_domain_ablation,6,c17q1,96,43,-53,3800
semantic_domain_ablation,6,c17q2,158,91,-67,6392
semantic_domain_ablation,6,c17q3,110,65,-45,4952
semantic_domain_ablation,6,c17q4,40,17,-23,1328
semantic_domain_ablation,6,c18q0,2,4,2,88
semantic_domain_ablation,6,c18q1,12,28,16,704
semantic_domain_ablation,6,c18q2,26,59,33,1224
semantic_domain_ablation,6,c18q3,11,19,8,608
semantic_domain_ablation,6,c18q4,3,4,1,352
semantic_domain_ablation,6,c19q0,0,4,4,0
semantic_domain_ablation,6,c19q1,0,22,22,24
semantic_domain_ablation,6,c19q2,13,29,16,608
semantic_domain_ablation,6,c19q3,13,17,4,448
semantic_domain_ablation,6,c19q4,4,7,3,152
semantic_domain_ablation,6,c20q0,0,3,3,40
semantic_domain_ablation,6,c20q1,32,36,4,968
semantic_domain_ablation,6,c20q2,58,37,-21,2440
semantic_domain_ablation,6,c20q3,33,28,-5,1496
semantic_domain_ablation,6,c20q4,40,13,-27,1848
semantic_domain_ablation,6,c21q0,7,5,-2,208
semantic_domain_ablation,6,c21q1,43,22,-21,1664
semantic_domain_ablation,6,c21q2,102,49,-53,4872
semantic_domain_ablation,6,c21q3,137,48,-89,5728
semantic_domain_ablation,6,c21q4,58,17,-41,2336
semantic_domain_ablation,6,c22q0,0,0,0,0
semantic_domain_ablation,6,c22q1,3,1,-2,104
semantic_domain_ablation,6,c22q2,17,11,-6,824
semantic_domain_ablation,6,c22q3,30,18,-12,1456
semantic_domain_ablation,6,c22q4,7,7,0,504
semantic_domain_ablation,6,c23q0,4,8,4,248
semantic_domain_ablation,6,c23q1,41,35,-6,1800
semantic_domain_ablation,6,c23q2,91,67,-24,3560
semantic_domain_ablation,6,c23q3,123,83,-40,4472
semantic_domain_ablation,6,c23q4,84,31,-53,3304
semantic_domain_ablation,6,c24q0,11,8,-3,640
semantic_domain_ablation,6,c24q1,68,37,-31,2800
semantic_domain_ablation,6,c24q2,120,64,-56,5048
semantic_domain_ablation,6,c24q3,89,31,-58,3488
semantic_domain_ablation,6,c24q4,32,21,-11,1744
semantic_domain_ablation,6,c25q0,47,36,-11,1816
semantic_domain_ablation,6,c25q1,126,80,-46,5208
semantic_domain_ablation,6,c25q2,183,124,-59,7928
semantic_domain_ablation,6,c25q3,137,96,-41,5368
semantic_domain_ablation,6,c25q4,40,25,-15,2200
semantic_domain_ablation,6,c26q0,0,6,6,0
semantic_domain_ablation,6,c26q1,1,34,33,16
semantic_domain_ablation,6,c26q2,14,87,73,552
semantic_domain_ablation,6,c26q3,20,125,105,928
semantic_domain_ablation,6,c26q4,26,168,142,1240
semantic_domain_ablation,6,c27q0,0,0,0,0
semantic_domain_ablation,6,c27q1,0,3,3,56
semantic_domain_ablation,6,c27q2,8,12,4,288
semantic_domain_ablation,6,c27q3,10,3,-7,432
semantic_domain_ablation,6,c27q4,2,0,-2,168
semantic_domain_ablation,6,c28q0,0,4,4,0
semantic_domain_ablation,6,c28q1,85,199,114,3488
semantic_domain_ablation,6,c28q2,205,216,11,9456
semantic_domain_ablation,6,c28q3,342,290,-52,14944
semantic_domain_ablation,6,c28q4,177,156,-21,7352
semantic_domain_ablation,6,c29q0,18,21,3,840
semantic_domain_ablation,6,c29q1,30,37,7,1224
semantic_domain_ablation,6,c29q2,80,73,-7,3280
semantic_domain_ablation,6,c29q3,84,89,5,4128
semantic_domain_ablation,6,c29q4,83,34,-49,3664
semantic_domain_ablation,6,c30q0,0,5,5,0
semantic_domain_ablation,6,c30q1,10,14,4,896
semantic_domain_ablation,6,c30q2,82,55,-27,3664
semantic_domain_ablation,6,c30q3,300,253,-47,11096
semantic_domain_ablation,6,c30q4,480,426,-54,19664
semantic_domain_ablation,6,c31q0,0,0,0,0
semantic_domain_ablation,6,c31q1,0,6,6,16
semantic_domain_ablation,6,c31q2,3,10,7,64
semantic_domain_ablation,6,c31q3,2,12,10,104
semantic_domain_ablation,6,c31q4,2,7,5,56
semantic_domain_ablation,6,c32q0,7,40,33,280
semantic_domain_ablation,6,c32q1,40,207,167,1768
semantic_domain_ablation,6,c32q2,222,240,18,10272
semantic_domain_ablation,6,c32q3,407,322,-85,17496
semantic_domain_ablation,6,c32q4,158,134,-24,6632
semantic_domain_ablation,6,c33q0,0,1,1,0
semantic_domain_ablation,6,c33q1,0,9,9,104
semantic_domain_ablation,6,c33q2,4,33,29,288
semantic_domain_ablation,6,c33q3,8,45,37,456
semantic_domain_ablation,6,c33q4,24,30,6,792
semantic_domain_ablation,6,c34q0,0,0,0,0
semantic_domain_ablation,6,c34q1,12,5,-7,288
semantic_domain_ablation,6,c34q2,19,13,-6,856
semantic_domain_ablation,6,c34q3,22,17,-5,976
semantic_domain_ablation,6,c34q4,6,6,0,512
semantic_domain_ablation,6,c35q0,0,8,8,64
semantic_domain_ablation,6,c35q1,25,40,15,976
semantic_domain_ablation,6,c35q2,37,60,23,1544
semantic_domain_ablation,6,c35q3,27,33,6,1064
semantic_domain_ablation,6,c35q4,12,7,-5,416
semantic_domain_ablation,6,c36q0,2,7,5,56
semantic_domain_ablation,6,c36q1,6,24,18,280
semantic_domain_ablation,6,c36q2,11,31,20,504
semantic_domain_ablation,6,c36q3,7,10,3,264
semantic_domain_ablation,6,c36q4,4,4,0,96
semantic_domain_ablation,6,c37q0,1,8,7,24
semantic_domain_ablation,6,c37q1,11,15,4,256
semantic_domain_ablation,6,c37q2,23,47,24,1008
semantic_domain_ablation,6,c37q3,35,72,37,1616
semantic_domain_ablation,6,c37q4,38,68,30,1360
semantic_domain_ablation,6,c38q0,22,28,6,808
semantic_domain_ablation,6,c38q1,40,70,30,2176
semantic_domain_ablation,6,c38q2,151,125,-26,6968
semantic_domain_ablation,6,c38q3,229,138,-91,8488
semantic_domain_ablation,6,c38q4,214,98,-116,8568
semantic_domain_ablation,6,c39q0,4,1,-3,120
semantic_domain_ablation,6,c39q1,38,30,-8,1520
semantic_domain_ablation,6,c39q2,184,187,3,7728
semantic_domain_ablation,6,c39q3,104,78,-26,3800
semantic_domain_ablation,6,c39q4,77,59,-18,3640
semantic_domain_ablation,7,c00q0,0,1,1,0
semantic_domain_ablation,7,c00q1,4,30,26,280
semantic_domain_ablation,7,c00q2,19,100,81,1016
semantic_domain_ablation,7,c00q3,28,88,60,1104
semantic_domain_ablation,7,c00q4,10,57,47,640
semantic_domain_ablation,7,c01q0,26,43,17,896
semantic_domain_ablation,7,c01q1,31,44,13,1440
semantic_domain_ablation,7,c01q2,77,54,-23,3424
semantic_domain_ablation,7,c01q3,131,114,-17,5112
semantic_domain_ablation,7,c01q4,126,109,-17,5640
semantic_domain_ablation,7,c02q0,0,0,0,0
semantic_domain_ablation,7,c02q1,6,6,0,328
semantic_domain_ablation,7,c02q2,28,22,-6,1128
semantic_domain_ablation,7,c02q3,38,28,-10,1608
semantic_domain_ablation,7,c02q4,45,23,-22,1600
semantic_domain_ablation,7,c03q0,16,14,-2,736
semantic_domain_ablation,7,c03q1,93,86,-7,4680
semantic_domain_ablation,7,c03q2,93,71,-22,4744
semantic_domain_ablation,7,c03q3,159,60,-99,7280
semantic_domain_ablation,7,c03q4,101,39,-62,4720
semantic_domain_ablation,7,c04q0,0,1,1,0
semantic_domain_ablation,7,c04q1,1,4,3,16
semantic_domain_ablation,7,c04q2,13,10,-3,696
semantic_domain_ablation,7,c04q3,13,12,-1,416
semantic_domain_ablation,7,c04q4,5,3,-2,88
semantic_domain_ablation,7,c05q0,1,4,3,48
semantic_domain_ablation,7,c05q1,7,10,3,224
semantic_domain_ablation,7,c05q2,20,51,31,984
semantic_domain_ablation,7,c05q3,50,108,58,2336
semantic_domain_ablation,7,c05q4,30,80,50,1512
semantic_domain_ablation,7,c06q0,0,0,0,0
semantic_domain_ablation,7,c06q1,2,1,-1,48
semantic_domain_ablation,7,c06q2,5,11,6,232
semantic_domain_ablation,7,c06q3,28,10,-18,1088
semantic_domain_ablation,7,c06q4,18,6,-12,896
semantic_domain_ablation,7,c07q0,1,0,-1,56
semantic_domain_ablation,7,c07q1,24,0,-24,880
semantic_domain_ablation,7,c07q2,59,0,-59,2160
semantic_domain_ablation,7,c07q3,38,0,-38,1896
semantic_domain_ablation,7,c07q4,14,0,-14,432
semantic_domain_ablation,7,c08q0,0,0,0,0
semantic_domain_ablation,7,c08q1,1,3,2,24
semantic_domain_ablation,7,c08q2,6,17,11,192
semantic_domain_ablation,7,c08q3,5,19,14,288
semantic_domain_ablation,7,c08q4,11,13,2,416
semantic_domain_ablation,7,c09q0,0,1,1,0
semantic_domain_ablation,7,c09q1,3,15,12,56
semantic_domain_ablation,7,c09q2,2,22,20,144
semantic_domain_ablation,7,c09q3,3,15,12,208
semantic_domain_ablation,7,c09q4,2,1,-1,48
semantic_domain_ablation,7,c10q0,0,3,3,16
semantic_domain_ablation,7,c10q1,9,14,5,208
semantic_domain_ablation,7,c10q2,4,19,15,336
semantic_domain_ablation,7,c10q3,6,8,2,272
semantic_domain_ablation,7,c10q4,2,5,3,104
semantic_domain_ablation,7,c11q0,0,4,4,40
semantic_domain_ablation,7,c11q1,10,19,9,472
semantic_domain_ablation,7,c11q2,30,31,1,1168
semantic_domain_ablation,7,c11q3,33,24,-9,1000
semantic_domain_ablation,7,c11q4,7,6,-1,296
semantic_domain_ablation,7,c12q0,3,3,0,88
semantic_domain_ablation,7,c12q1,35,31,-4,1432
semantic_domain_ablation,7,c12q2,83,53,-30,3248
semantic_domain_ablation,7,c12q3,63,42,-21,3368
semantic_domain_ablation,7,c12q4,29,10,-19,920
semantic_domain_ablation,7,c13q0,0,0,0,0
semantic_domain_ablation,7,c13q1,4,31,27,384
semantic_domain_ablation,7,c13q2,15,58,43,1056
semantic_domain_ablation,7,c13q3,63,151,88,2536
semantic_domain_ablation,7,c13q4,22,66,44,1176
semantic_domain_ablation,7,c14q0,4,25,21,328
semantic_domain_ablation,7,c14q1,119,270,151,4400
semantic_domain_ablation,7,c14q2,256,268,12,12048
semantic_domain_ablation,7,c14q3,271,239,-32,11680
semantic_domain_ablation,7,c14q4,60,38,-22,2400
semantic_domain_ablation,7,c15q0,0,0,0,0
semantic_domain_ablation,7,c15q1,0,6,6,24
semantic_domain_ablation,7,c15q2,1,12,11,64
semantic_domain_ablation,7,c15q3,1,7,6,64
semantic_domain_ablation,7,c15q4,3,7,4,192
semantic_domain_ablation,7,c16q0,4,4,0,136
semantic_domain_ablation,7,c16q1,21,19,-2,568
semantic_domain_ablation,7,c16q2,34,45,11,1304
semantic_domain_ablation,7,c16q3,35,33,-2,1504
semantic_domain_ablation,7,c16q4,17,12,-5,600
semantic_domain_ablation,7,c17q0,33,21,-12,1552
semantic_domain_ablation,7,c17q1,96,66,-30,3800
semantic_domain_ablation,7,c17q2,158,72,-86,6392
semantic_domain_ablation,7,c17q3,110,79,-31,4952
semantic_domain_ablation,7,c17q4,40,17,-23,1328
semantic_domain_ablation,7,c18q0,2,4,2,88
semantic_domain_ablation,7,c18q1,12,29,17,704
semantic_domain_ablation,7,c18q2,26,52,26,1224
semantic_domain_ablation,7,c18q3,11,27,16,608
semantic_domain_ablation,7,c18q4,3,8,5,352
semantic_domain_ablation,7,c19q0,0,3,3,0
semantic_domain_ablation,7,c19q1,0,22,22,24
semantic_domain_ablation,7,c19q2,13,24,11,608
semantic_domain_ablation,7,c19q3,13,24,11,448
semantic_domain_ablation,7,c19q4,4,4,0,152
semantic_domain_ablation,7,c20q0,0,3,3,40
semantic_domain_ablation,7,c20q1,32,27,-5,968
semantic_domain_ablation,7,c20q2,58,46,-12,2440
semantic_domain_ablation,7,c20q3,33,31,-2,1496
semantic_domain_ablation,7,c20q4,40,14,-26,1848
semantic_domain_ablation,7,c21q0,7,2,-5,208
semantic_domain_ablation,7,c21q1,43,12,-31,1664
semantic_domain_ablation,7,c21q2,102,53,-49,4872
semantic_domain_ablation,7,c21q3,137,60,-77,5728
semantic_domain_ablation,7,c21q4,58,20,-38,2336
semantic_domain_ablation,7,c22q0,0,0,0,0
semantic_domain_ablation,7,c22q1,3,3,0,104
semantic_domain_ablation,7,c22q2,17,6,-11,824
semantic_domain_ablation,7,c22q3,30,20,-10,1456
semantic_domain_ablation,7,c22q4,7,2,-5,504
semantic_domain_ablation,7,c23q0,4,8,4,248
semantic_domain_ablation,7,c23q1,41,27,-14,1800
semantic_domain_ablation,7,c23q2,91,63,-28,3560
semantic_domain_ablation,7,c23q3,123,85,-38,4472
semantic_domain_ablation,7,c23q4,84,39,-45,3304
semantic_domain_ablation,7,c24q0,11,5,-6,640
semantic_domain_ablation,7,c24q1,68,41,-27,2800
semantic_domain_ablation,7,c24q2,120,54,-66,5048
semantic_domain_ablation,7,c24q3,89,43,-46,3488
semantic_domain_ablation,7,c24q4,32,24,-8,1744
semantic_domain_ablation,7,c25q0,47,22,-25,1816
semantic_domain_ablation,7,c25q1,126,96,-30,5208
semantic_domain_ablation,7,c25q2,183,130,-53,7928
semantic_domain_ablation,7,c25q3,137,84,-53,5368
semantic_domain_ablation,7,c25q4,40,22,-18,2200
semantic_domain_ablation,7,c26q0,0,9,9,0
semantic_domain_ablation,7,c26q1,1,39,38,16
semantic_domain_ablation,7,c26q2,14,84,70,552
semantic_domain_ablation,7,c26q3,20,124,104,928
semantic_domain_ablation,7,c26q4,26,180,154,1240
semantic_domain_ablation,7,c27q0,0,0,0,0
semantic_domain_ablation,7,c27q1,0,1,1,56
semantic_domain_ablation,7,c27q2,8,10,2,288
semantic_domain_ablation,7,c27q3,10,8,-2,432
semantic_domain_ablation,7,c27q4,2,1,-1,168
semantic_domain_ablation,7,c28q0,0,2,2,0
semantic_domain_ablation,7,c28q1,85,203,118,3488
semantic_domain_ablation,7,c28q2,205,202,-3,9456
semantic_domain_ablation,7,c28q3,342,303,-39,14944
semantic_domain_ablation,7,c28q4,177,156,-21,7352
semantic_domain_ablation,7,c29q0,18,21,3,840
semantic_domain_ablation,7,c29q1,30,32,2,1224
semantic_domain_ablation,7,c29q2,80,85,5,3280
semantic_domain_ablation,7,c29q3,84,87,3,4128
semantic_domain_ablation,7,c29q4,83,30,-53,3664
semantic_domain_ablation,7,c30q0,0,3,3,0
semantic_domain_ablation,7,c30q1,10,25,15,896
semantic_domain_ablation,7,c30q2,82,57,-25,3664
semantic_domain_ablation,7,c30q3,300,241,-59,11096
semantic_domain_ablation,7,c30q4,480,431,-49,19664
semantic_domain_ablation,7,c31q0,0,1,1,0
semantic_domain_ablation,7,c31q1,0,8,8,16
semantic_domain_ablation,7,c31q2,3,11,8,64
semantic_domain_ablation,7,c31q3,2,15,13,104
semantic_domain_ablation,7,c31q4,2,6,4,56
semantic_domain_ablation,7,c32q0,7,39,32,280
semantic_domain_ablation,7,c32q1,40,213,173,1768
semantic_domain_ablation,7,c32q2,222,235,13,10272
semantic_domain_ablation,7,c32q3,407,335,-72,17496
semantic_domain_ablation,7,c32q4,158,136,-22,6632
semantic_domain_ablation,7,c33q0,0,1,1,0
semantic_domain_ablation,7,c33q1,0,11,11,104
semantic_domain_ablation,7,c33q2,4,24,20,288
semantic_domain_ablation,7,c33q3,8,51,43,456
semantic_domain_ablation,7,c33q4,24,32,8,792
semantic_domain_ablation,7,c34q0,0,0,0,0
semantic_domain_ablation,7,c34q1,12,7,-5,288
semantic_domain_ablation,7,c34q2,19,8,-11,856
semantic_domain_ablation,7,c34q3,22,15,-7,976
semantic_domain_ablation,7,c34q4,6,6,0,512
semantic_domain_ablation,7,c35q0,0,13,13,64
semantic_domain_ablation,7,c35q1,25,37,12,976
semantic_domain_ablation,7,c35q2,37,62,25,1544
semantic_domain_ablation,7,c35q3,27,33,6,1064
semantic_domain_ablation,7,c35q4,12,12,0,416
semantic_domain_ablation,7,c36q0,2,6,4,56
semantic_domain_ablation,7,c36q1,6,20,14,280
semantic_domain_ablation,7,c36q2,11,31,20,504
semantic_domain_ablation,7,c36q3,7,17,10,264
semantic_domain_ablation,7,c36q4,4,5,1,96
semantic_domain_ablation,7,c37q0,1,1,0,24
semantic_domain_ablation,7,c37q1,11,18,7,256
semantic_domain_ablation,7,c37q2,23,43,20,1008
semantic_domain_ablation,7,c37q3,35,78,43,1616
semantic_domain_ablation,7,c37q4,38,67,29,1360
semantic_domain_ablation,7,c38q0,22,29,7,808
semantic_domain_ablation,7,c38q1,40,67,27,2176
semantic_domain_ablation,7,c38q2,151,126,-25,6968
semantic_domain_ablation,7,c38q3,229,141,-88,8488
semantic_domain_ablation,7,c38q4,214,101,-113,8568
semantic_domain_ablation,7,c39q0,4,0,-4,120
semantic_domain_ablation,7,c39q1,38,32,-6,1520
semantic_domain_ablation,7,c39q2,184,187,3,7728
semantic_domain_ablation,7,c39q3,104,79,-25,3800
semantic_domain_ablation,7,c39q4,77,60,-17,3640
semantic_domain_ablation,8,c00q0,0,1,1,0
semantic_domain_ablation,8,c00q1,4,30,26,280
semantic_domain_ablation,8,c00q2,19,100,81,1016
semantic_domain_ablation,8,c00q3,28,87,59,1104
semantic_domain_ablation,8,c00q4,10,58,48,640
semantic_domain_ablation,8,c01q0,26,37,11,896
semantic_domain_ablation,8,c01q1,31,49,18,1440
semantic_domain_ablation,8,c01q2,77,52,-25,3424
semantic_domain_ablation,8,c01q3,131,115,-16,5112
semantic_domain_ablation,8,c01q4,126,110,-16,5640
semantic_domain_ablation,8,c02q0,0,0,0,0
semantic_domain_ablation,8,c02q1,6,3,-3,328
semantic_domain_ablation,8,c02q2,28,23,-5,1128
semantic_domain_ablation,8,c02q3,38,23,-15,1608
semantic_domain_ablation,8,c02q4,45,28,-17,1600
semantic_domain_ablation,8,c03q0,16,10,-6,736
semantic_domain_ablation,8,c03q1,93,86,-7,4680
semantic_domain_ablation,8,c03q2,93,73,-20,4744
semantic_domain_ablation,8,c03q3,159,60,-99,7280
semantic_domain_ablation,8,c03q4,101,34,-67,4720
semantic_domain_ablation,8,c04q0,0,0,0,0
semantic_domain_ablation,8,c04q1,1,4,3,16
semantic_domain_ablation,8,c04q2,13,12,-1,696
semantic_domain_ablation,8,c04q3,13,7,-6,416
semantic_domain_ablation,8,c04q4,5,1,-4,88
semantic_domain_ablation,8,c05q0,1,5,4,48
semantic_domain_ablation,8,c05q1,7,18,11,224
semantic_domain_ablation,8,c05q2,20,53,33,984
semantic_domain_ablation,8,c05q3,50,105,55,2336
semantic_domain_ablation,8,c05q4,30,77,47,1512
semantic_domain_ablation,8,c06q0,0,0,0,0
semantic_domain_ablation,8,c06q1,2,2,0,48
semantic_domain_ablation,8,c06q2,5,9,4,232
semantic_domain_ablation,8,c06q3,28,11,-17,1088
semantic_domain_ablation,8,c06q4,18,6,-12,896
semantic_domain_ablation,8,c07q0,1,17,16,56
semantic_domain_ablation,8,c07q1,24,29,5,880
semantic_domain_ablation,8,c07q2,59,39,-20,2160
semantic_domain_ablation,8,c07q3,38,32,-6,1896
semantic_domain_ablation,8,c07q4,14,8,-6,432
semantic_domain_ablation,8,c08q0,0,0,0,0
semantic_domain_ablation,8,c08q1,1,0,-1,24
semantic_domain_ablation,8,c08q2,6,0,-6,192
semantic_domain_ablation,8,c08q3,5,0,-5,288
semantic_domain_ablation,8,c08q4,11,0,-11,416
semantic_domain_ablation,8,c09q0,0,0,0,0
semantic_domain_ablation,8,c09q1,3,10,7,56
semantic_domain_ablation,8,c09q2,2,24,22,144
semantic_domain_ablation,8,c09q3,3,17,14,208
semantic_domain_ablation,8,c09q4,2,6,4,48
semantic_domain_ablation,8,c10q0,0,3,3,16
semantic_domain_ablation,8,c10q1,9,20,11,208
semantic_domain_ablation,8,c10q2,4,15,11,336
semantic_domain_ablation,8,c10q3,6,10,4,272
semantic_domain_ablation,8,c10q4,2,5,3,104
semantic_domain_ablation,8,c11q0,0,0,0,40
semantic_domain_ablation,8,c11q1,10,16,6,472
semantic_domain_ablation,8,c11q2,30,34,4,1168
semantic_domain_ablation,8,c11q3,33,22,-11,1000
semantic_domain_ablation,8,c11q4,7,4,-3,296
semantic_domain_ablation,8,c12q0,3,4,1,88
semantic_domain_ablation,8,c12q1,35,24,-11,1432
semantic_domain_ablation,8,c12q2,83,46,-37,3248
semantic_domain_ablation,8,c12q3,63,43,-20,3368
semantic_domain_ablation,8,c12q4,29,13,-16,920
semantic_domain_ablation,8,c13q0,0,1,1,0
semantic_domain_ablation,8,c13q1,4,27,23,384
semantic_domain_ablation,8,c13q2,15,57,42,1056
semantic_domain_ablation,8,c13q3,63,161,98,2536
semantic_domain_ablation,8,c13q4,22,56,34,1176
semantic_domain_ablation,8,c14q0,4,16,12,328
semantic_domain_ablation,8,c14q1,119,284,165,4400
semantic_domain_ablation,8,c14q2,256,268,12,12048
semantic_domain_ablation,8,c14q3,271,231,-40,11680
semantic_domain_ablation,8,c14q4,60,42,-18,2400
semantic_domain_ablation,8,c15q0,0,0,0,0
semantic_domain_ablation,8,c15q1,0,7,7,24
semantic_domain_ablation,8,c15q2,1,18,17,64
semantic_domain_ablation,8,c15q3,1,12,11,64
semantic_domain_ablation,8,c15q4,3,5,2,192
semantic_domain_ablation,8,c16q0,4,2,-2,136
semantic_domain_ablation,8,c16q1,21,17,-4,568
semantic_domain_ablation,8,c16q2,34,30,-4,1304
semantic_domain_ablation,8,c16q3,35,43,8,1504
semantic_domain_ablation,8,c16q4,17,13,-4,600
semantic_domain_ablation,8,c17q0,33,26,-7,1552
semantic_domain_ablation,8,c17q1,96,53,-43,3800
semantic_domain_ablation,8,c17q2,158,85,-73,6392
semantic_domain_ablation,8,c17q3,110,69,-41,4952
semantic_domain_ablation,8,c17q4,40,16,-24,1328
semantic_domain_ablation,8,c18q0,2,4,2,88
semantic_domain_ablation,8,c18q1,12,28,16,704
semantic_domain_ablation,8,c18q2,26,57,31,1224
semantic_domain_ablation,8,c18q3,11,25,14,608
semantic_domain_ablation,8,c18q4,3,5,2,352
semantic_domain_ablation,8,c19q0,0,3,3,0
semantic_domain_ablation,8,c19q1,0,11,11,24
semantic_domain_ablation,8,c19q2,13,34,21,608
semantic_domain_ablation,8,c19q3,13,20,7,448
semantic_domain_ablation,8,c19q4,4,5,1,152
semantic_domain_ablation,8,c20q0,0,2,2,40
semantic_domain_ablation,8,c20q1,32,34,2,968
semantic_domain_ablation,8,c20q2,58,44,-14,2440
semantic_domain_ablation,8,c20q3,33,22,-11,1496
semantic_domain_ablation,8,c20q4,40,19,-21,1848
semantic_domain_ablation,8,c21q0,7,3,-4,208
semantic_domain_ablation,8,c21q1,43,13,-30,1664
semantic_domain_ablation,8,c21q2,102,54,-48,4872
semantic_domain_ablation,8,c21q3,137,53,-84,5728
semantic_domain_ablation,8,c21q4,58,19,-39,2336
semantic_domain_ablation,8,c22q0,0,0,0,0
semantic_domain_ablation,8,c22q1,3,2,-1,104
semantic_domain_ablation,8,c22q2,17,8,-9,824
semantic_domain_ablation,8,c22q3,30,15,-15,1456
semantic_domain_ablation,8,c22q4,7,4,-3,504
semantic_domain_ablation,8,c23q0,4,13,9,248
semantic_domain_ablation,8,c23q1,41,31,-10,1800
semantic_domain_ablation,8,c23q2,91,67,-24,3560
semantic_domain_ablation,8,c23q3,123,82,-41,4472
semantic_domain_ablation,8,c23q4,84,42,-42,3304
semantic_domain_ablation,8,c24q0,11,4,-7,640
semantic_domain_ablation,8,c24q1,68,28,-40,2800
semantic_domain_ablation,8,c24q2,120,66,-54,5048
semantic_domain_ablation,8,c24q3,89,38,-51,3488
semantic_domain_ablation,8,c24q4,32,16,-16,1744
semantic_domain_ablation,8,c25q0,47,41,-6,1816
semantic_domain_ablation,8,c25q1,126,74,-52,5208
semantic_domain_ablation,8,c25q2,183,133,-50,7928
semantic_domain_ablation,8,c25q3,137,91,-46,5368
semantic_domain_ablation,8,c25q4,40,25,-15,2200
semantic_domain_ablation,8,c26q0,0,10,10,0
semantic_domain_ablation,8,c26q1,1,33,32,16
semantic_domain_ablation,8,c26q2,14,92,78,552
semantic_domain_ablation,8,c26q3,20,120,100,928
semantic_domain_ablation,8,c26q4,26,169,143,1240
semantic_domain_ablation,8,c27q0,0,0,0,0
semantic_domain_ablation,8,c27q1,0,1,1,56
semantic_domain_ablation,8,c27q2,8,13,5,288
semantic_domain_ablation,8,c27q3,10,7,-3,432
semantic_domain_ablation,8,c27q4,2,1,-1,168
semantic_domain_ablation,8,c28q0,0,4,4,0
semantic_domain_ablation,8,c28q1,85,192,107,3488
semantic_domain_ablation,8,c28q2,205,221,16,9456
semantic_domain_ablation,8,c28q3,342,292,-50,14944
semantic_domain_ablation,8,c28q4,177,153,-24,7352
semantic_domain_ablation,8,c29q0,18,21,3,840
semantic_domain_ablation,8,c29q1,30,34,4,1224
semantic_domain_ablation,8,c29q2,80,77,-3,3280
semantic_domain_ablation,8,c29q3,84,88,4,4128
semantic_domain_ablation,8,c29q4,83,37,-46,3664
semantic_domain_ablation,8,c30q0,0,3,3,0
semantic_domain_ablation,8,c30q1,10,15,5,896
semantic_domain_ablation,8,c30q2,82,60,-22,3664
semantic_domain_ablation,8,c30q3,300,247,-53,11096
semantic_domain_ablation,8,c30q4,480,425,-55,19664
semantic_domain_ablation,8,c31q0,0,2,2,0
semantic_domain_ablation,8,c31q1,0,6,6,16
semantic_domain_ablation,8,c31q2,3,12,9,64
semantic_domain_ablation,8,c31q3,2,11,9,104
semantic_domain_ablation,8,c31q4,2,6,4,56
semantic_domain_ablation,8,c32q0,7,42,35,280
semantic_domain_ablation,8,c32q1,40,207,167,1768
semantic_domain_ablation,8,c32q2,222,235,13,10272
semantic_domain_ablation,8,c32q3,407,331,-76,17496
semantic_domain_ablation,8,c32q4,158,134,-24,6632
semantic_domain_ablation,8,c33q0,0,1,1,0
semantic_domain_ablation,8,c33q1,0,10,10,104
semantic_domain_ablation,8,c33q2,4,28,24,288
semantic_domain_ablation,8,c33q3,8,48,40,456
semantic_domain_ablation,8,c33q4,24,34,10,792
semantic_domain_ablation,8,c34q0,0,0,0,0
semantic_domain_ablation,8,c34q1,12,1,-11,288
semantic_domain_ablation,8,c34q2,19,15,-4,856
semantic_domain_ablation,8,c34q3,22,12,-10,976
semantic_domain_ablation,8,c34q4,6,10,4,512
semantic_domain_ablation,8,c35q0,0,8,8,64
semantic_domain_ablation,8,c35q1,25,37,12,976
semantic_domain_ablation,8,c35q2,37,62,25,1544
semantic_domain_ablation,8,c35q3,27,33,6,1064
semantic_domain_ablation,8,c35q4,12,11,-1,416
semantic_domain_ablation,8,c36q0,2,2,0,56
semantic_domain_ablation,8,c36q1,6,27,21,280
semantic_domain_ablation,8,c36q2,11,31,20,504
semantic_domain_ablation,8,c36q3,7,12,5,264
semantic_domain_ablation,8,c36q4,4,2,-2,96
semantic_domain_ablation,8,c37q0,1,5,4,24
semantic_domain_ablation,8,c37q1,11,19,8,256
semantic_domain_ablation,8,c37q2,23,43,20,1008
semantic_domain_ablation,8,c37q3,35,76,41,1616
semantic_domain_ablation,8,c37q4,38,65,27,1360
semantic_domain_ablation,8,c38q0,22,31,9,808
semantic_domain_ablation,8,c38q1,40,69,29,2176
semantic_domain_ablation,8,c38q2,151,124,-27,6968
semantic_domain_ablation,8,c38q3,229,142,-87,8488
semantic_domain_ablation,8,c38q4,214,95,-119,8568
semantic_domain_ablation,8,c39q0,4,4,0,120
semantic_domain_ablation,8,c39q1,38,30,-8,1520
semantic_domain_ablation,8,c39q2,184,187,3,7728
semantic_domain_ablation,8,c39q3,104,77,-27,3800
semantic_domain_ablation,8,c39q4,77,60,-17,3640
semantic_domain_ablation,9,c00q0,0,1,1,0
semantic_domain_ablation,9,c00q1,4,30,26,280
semantic_domain_ablation,9,c00q2,19,100,81,1016
semantic_domain_ablation,9,c00q3,28,87,59,1104
semantic_domain_ablation,9,c00q4,10,58,48,640
semantic_domain_ablation,9,c01q0,26,37,11,896
semantic_domain_ablation,9,c01q1,31,49,18,1440
semantic_domain_ablation,9,c01q2,77,52,-25,3424
semantic_domain_ablation,9,c01q3,131,114,-17,5112
semantic_domain_ablation,9,c01q4,126,110,-16,5640
semantic_domain_ablation,9,c02q0,0,1,1,0
semantic_domain_ablation,9,c02q1,6,3,-3,328
semantic_domain_ablation,9,c02q2,28,23,-5,1128
semantic_domain_ablation,9,c02q3,38,23,-15,1608
semantic_domain_ablation,9,c02q4,45,28,-17,1600
semantic_domain_ablation,9,c03q0,16,9,-7,736
semantic_domain_ablation,9,c03q1,93,87,-6,4680
semantic_domain_ablation,9,c03q2,93,73,-20,4744
semantic_domain_ablation,9,c03q3,159,60,-99,7280
semantic_domain_ablation,9,c03q4,101,32,-69,4720
semantic_domain_ablation,9,c04q0,0,1,1,0
semantic_domain_ablation,9,c04q1,1,5,4,16
semantic_domain_ablation,9,c04q2,13,12,-1,696
semantic_domain_ablation,9,c04q3,13,7,-6,416
semantic_domain_ablation,9,c04q4,5,1,-4,88
semantic_domain_ablation,9,c05q0,1,4,3,48
semantic_domain_ablation,9,c05q1,7,19,12,224
semantic_domain_ablation,9,c05q2,20,53,33,984
semantic_domain_ablation,9,c05q3,50,103,53,2336
semantic_domain_ablation,9,c05q4,30,78,48,1512
semantic_domain_ablation,9,c06q0,0,0,0,0
semantic_domain_ablation,9,c06q1,2,1,-1,48
semantic_domain_ablation,9,c06q2,5,9,4,232
semantic_domain_ablation,9,c06q3,28,13,-15,1088
semantic_domain_ablation,9,c06q4,18,6,-12,896
semantic_domain_ablation,9,c07q0,1,17,16,56
semantic_domain_ablation,9,c07q1,24,27,3,880
semantic_domain_ablation,9,c07q2,59,41,-18,2160
semantic_domain_ablation,9,c07q3,38,32,-6,1896
semantic_domain_ablation,9,c07q4,14,7,-7,432
semantic_domain_ablation,9,c08q0,0,0,0,0
semantic_domain_ablation,9,c08q1,1,1,0,24
semantic_domain_ablation,9,c08q2,6,15,9,192
semantic_domain_ablation,9,c08q3,5,30,25,288
semantic_domain_ablation,9,c08q4,11,18,7,416
semantic_domain_ablation,9,c09q0,0,0,0,0
semantic_domain_ablation,9,c09q1,3,0,-3,56
semantic_domain_ablation,9,c09q2,2,0,-2,144
semantic_domain_ablation,9,c09q3,3,0,-3,208
semantic_domain_ablation,9,c09q4,2,0,-2,48
semantic_domain_ablation,9,c10q0,0,3,3,16
semantic_domain_ablation,9,c10q1,9,16,7,208
semantic_domain_ablation,9,c10q2,4,19,15,336
semantic_domain_ablation,9,c10q3,6,9,3,272
semantic_domain_ablation,9,c10q4,2,4,2,104
semantic_domain_ablation,9,c11q0,0,2,2,40
semantic_domain_ablation,9,c11q1,10,12,2,472
semantic_domain_ablation,9,c11q2,30,37,7,1168
semantic_domain_ablation,9,c11q3,33,20,-13,1000
semantic_domain_ablation,9,c11q4,7,5,-2,296
semantic_domain_ablation,9,c12q0,3,5,2,88
semantic_domain_ablation,9,c12q1,35,21,-14,1432
semantic_domain_ablation,9,c12q2,83,47,-36,3248
semantic_domain_ablation,9,c12q3,63,43,-20,3368
semantic_domain_ablation,9,c12q4,29,15,-14,920
semantic_domain_ablation,9,c13q0,0,0,0,0
semantic_domain_ablation,9,c13q1,4,28,24,384
semantic_domain_ablation,9,c13q2,15,53,38,1056
semantic_domain_ablation,9,c13q3,63,165,102,2536
semantic_domain_ablation,9,c13q4,22,53,31,1176
semantic_domain_ablation,9,c14q0,4,16,12,328
semantic_domain_ablation,9,c14q1,119,286,167,4400
semantic_domain_ablation,9,c14q2,256,267,11,12048
semantic_domain_ablation,9,c14q3,271,230,-41,11680
semantic_domain_ablation,9,c14q4,60,43,-17,2400
semantic_domain_ablation,9,c15q0,0,0,0,0
semantic_domain_ablation,9,c15q1,0,7,7,24
semantic_domain_ablation,9,c15q2,1,17,16,64
semantic_domain_ablation,9,c15q3,1,13,12,64
semantic_domain_ablation,9,c15q4,3,4,1,192
semantic_domain_ablation,9,c16q0,4,5,1,136
semantic_domain_ablation,9,c16q1,21,14,-7,568
semantic_domain_ablation,9,c16q2,34,30,-4,1304
semantic_domain_ablation,9,c16q3,35,43,8,1504
semantic_domain_ablation,9,c16q4,17,14,-3,600
semantic_domain_ablation,9,c17q0,33,28,-5,1552
semantic_domain_ablation,9,c17q1,96,48,-48,3800
semantic_domain_ablation,9,c17q2,158,88,-70,6392
semantic_domain_ablation,9,c17q3,110,67,-43,4952
semantic_domain_ablation,9,c17q4,40,16,-24,1328
semantic_domain_ablation,9,c18q0,2,7,5,88
semantic_domain_ablation,9,c18q1,12,27,15,704
semantic_domain_ablation,9,c18q2,26,54,28,1224
semantic_domain_ablation,9,c18q3,11,27,16,608
semantic_domain_ablation,9,c18q4,3,6,3,352
semantic_domain_ablation,9,c19q0,0,2,2,0
semantic_domain_ablation,9,c19q1,0,14,14,24
semantic_domain_ablation,9,c19q2,13,30,17,608
semantic_domain_ablation,9,c19q3,13,21,8,448
semantic_domain_ablation,9,c19q4,4,6,2,152
semantic_domain_ablation,9,c20q0,0,3,3,40
semantic_domain_ablation,9,c20q1,32,33,1,968
semantic_domain_ablation,9,c20q2,58,44,-14,2440
semantic_domain_ablation,9,c20q3,33,20,-13,1496
semantic_domain_ablation,9,c20q4,40,21,-19,1848
semantic_domain_ablation,9,c21q0,7,2,-5,208
semantic_domain_ablation,9,c21q1,43,16,-27,1664
semantic_domain_ablation,9,c21q2,102,53,-49,4872
semantic_domain_ablation,9,c21q3,137,54,-83,5728
semantic_domain_ablation,9,c21q4,58,16,-42,2336
semantic_domain_ablation,9,c22q0,0,0,0,0
semantic_domain_ablation,9,c22q1,3,2,-1,104
semantic_domain_ablation,9,c22q2,17,8,-9,824
semantic_domain_ablation,9,c22q3,30,14,-16,1456
semantic_domain_ablation,9,c22q4,7,8,1,504
semantic_domain_ablation,9,c23q0,4,10,6,248
semantic_domain_ablation,9,c23q1,41,31,-10,1800
semantic_domain_ablation,9,c23q2,91,66,-25,3560
semantic_domain_ablation,9,c23q3,123,85,-38,4472
semantic_domain_ablation,9,c23q4,84,39,-45,3304
semantic_domain_ablation,9,c24q0,11,6,-5,640
semantic_domain_ablation,9,c24q1,68,29,-39,2800
semantic_domain_ablation,9,c24q2,120,64,-56,5048
semantic_domain_ablation,9,c24q3,89,36,-53,3488
semantic_domain_ablation,9,c24q4,32,22,-10,1744
semantic_domain_ablation,9,c25q0,47,35,-12,1816
semantic_domain_ablation,9,c25q1,126,76,-50,5208
semantic_domain_ablation,9,c25q2,183,131,-52,7928
semantic_domain_ablation,9,c25q3,137,93,-44,5368
semantic_domain_ablation,9,c25q4,40,25,-15,2200
semantic_domain_ablation,9,c26q0,0,8,8,0
semantic_domain_ablation,9,c26q1,1,34,33,16
semantic_domain_ablation,9,c26q2,14,92,78,552
semantic_domain_ablation,9,c26q3,20,120,100,928
semantic_domain_ablation,9,c26q4,26,169,143,1240
semantic_domain_ablation,9,c27q0,0,0,0,0
semantic_domain_ablation,9,c27q1,0,3,3,56
semantic_domain_ablation,9,c27q2,8,12,4,288
semantic_domain_ablation,9,c27q3,10,6,-4,432
semantic_domain_ablation,9,c27q4,2,2,0,168
semantic_domain_ablation,9,c28q0,0,3,3,0
semantic_domain_ablation,9,c28q1,85,193,108,3488
semantic_domain_ablation,9,c28q2,205,219,14,9456
semantic_domain_ablation,9,c28q3,342,294,-48,14944
semantic_domain_ablation,9,c28q4,177,153,-24,7352
semantic_domain_ablation,9,c29q0,18,20,2,840
semantic_domain_ablation,9,c29q1,30,35,5,1224
semantic_domain_ablation,9,c29q2,80,76,-4,3280
semantic_domain_ablation,9,c29q3,84,87,3,4128
semantic_domain_ablation,9,c29q4,83,38,-45,3664
semantic_domain_ablation,9,c30q0,0,3,3,0
semantic_domain_ablation,9,c30q1,10,15,5,896
semantic_domain_ablation,9,c30q2,82,61,-21,3664
semantic_domain_ablation,9,c30q3,300,245,-55,11096
semantic_domain_ablation,9,c30q4,480,428,-52,19664
semantic_domain_ablation,9,c31q0,0,2,2,0
semantic_domain_ablation,9,c31q1,0,5,5,16
semantic_domain_ablation,9,c31q2,3,11,8,64
semantic_domain_ablation,9,c31q3,2,13,11,104
semantic_domain_ablation,9,c31q4,2,5,3,56
semantic_domain_ablation,9,c32q0,7,42,35,280
semantic_domain_ablation,9,c32q1,40,206,166,1768
semantic_domain_ablation,9,c32q2,222,236,14,10272
semantic_domain_ablation,9,c32q3,407,330,-77,17496
semantic_domain_ablation,9,c32q4,158,134,-24,6632
semantic_domain_ablation,9,c33q0,0,0,0,0
semantic_domain_ablation,9,c33q1,0,10,10,104
semantic_domain_ablation,9,c33q2,4,28,24,288
semantic_domain_ablation,9,c33q3,8,48,40,456
semantic_domain_ablation,9,c33q4,24,34,10,792
semantic_domain_ablation,9,c34q0,0,0,0,0
semantic_domain_ablation,9,c34q1,12,1,-11,288
semantic_domain_ablation,9,c34q2,19,16,-3,856
semantic_domain_ablation,9,c34q3,22,12,-10,976
semantic_domain_ablation,9,c34q4,6,9,3,512
semantic_domain_ablation,9,c35q0,0,8,8,64
semantic_domain_ablation,9,c35q1,25,37,12,976
semantic_domain_ablation,9,c35q2,37,62,25,1544
semantic_domain_ablation,9,c35q3,27,35,8,1064
semantic_domain_ablation,9,c35q4,12,9,-3,416
semantic_domain_ablation,9,c36q0,2,3,1,56
semantic_domain_ablation,9,c36q1,6,26,20,280
semantic_domain_ablation,9,c36q2,11,31,20,504
semantic_domain_ablation,9,c36q3,7,13,6,264
semantic_domain_ablation,9,c36q4,4,1,-3,96
semantic_domain_ablation,9,c37q0,1,7,6,24
semantic_domain_ablation,9,c37q1,11,18,7,256
semantic_domain_ablation,9,c37q2,23,44,21,1008
semantic_domain_ablation,9,c37q3,35,74,39,1616
semantic_domain_ablation,9,c37q4,38,65,27,1360
semantic_domain_ablation,9,c38q0,22,32,10,808
semantic_domain_ablation,9,c38q1,40,69,29,2176
semantic_domain_ablation,9,c38q2,151,124,-27,6968
semantic_domain_ablation,9,c38q3,229,141,-88,8488
semantic_domain_ablation,9,c38q4,214,95,-119,8568
semantic_domain_ablation,9,c39q0,4,4,0,120
semantic_domain_ablation,9,c39q1,38,30,-8,1520
semantic_domain_ablation,9,c39q2,184,187,3,7728
semantic_domain_ablation,9,c39q3,104,77,-27,3800
semantic_domain_ablation,9,c39q4,77,60,-17,3640
semantic_domain_ablation,10,c00q0,0,1,1,0
semantic_domain_ablation,10,c00q1,4,30,26,280
semantic_domain_ablation,10,c00q2,19,100,81,1016
semantic_domain_ablation,10,c00q3,28,87,59,1104
semantic_domain_ablation,10,c00q4,10,58,48,640
semantic_domain_ablation,10,c01q0,26,37,11,896
semantic_domain_ablation,10,c01q1,31,49,18,1440
semantic_domain_ablation,10,c01q2,77,52,-25,3424
semantic_domain_ablation,10,c01q3,131,114,-17,5112
semantic_domain_ablation,10,c01q4,126,109,-17,5640
semantic_domain_ablation,10,c02q0,0,1,1,0
semantic_domain_ablation,10,c02q1,6,2,-4,328
semantic_domain_ablation,10,c02q2,28,23,-5,1128
semantic_domain_ablation,10,c02q3,38,24,-14,1608
semantic_domain_ablation,10,c02q4,45,28,-17,1600
semantic_domain_ablation,10,c03q0,16,10,-6,736
semantic_domain_ablation,10,c03q1,93,86,-7,4680
semantic_domain_ablation,10,c03q2,93,74,-19,4744
semantic_domain_ablation,10,c03q3,159,59,-100,7280
semantic_domain_ablation,10,c03q4,101,32,-69,4720
semantic_domain_ablation,10,c04q0,0,1,1,0
semantic_domain_ablation,10,c04q1,1,4,3,16
semantic_domain_ablation,10,c04q2,13,14,1,696
semantic_domain_ablation,10,c04q3,13,7,-6,416
semantic_domain_ablation,10,c04q4,5,0,-5,88
semantic_domain_ablation,10,c05q0,1,4,3,48
semantic_domain_ablation,10,c05q1,7,19,12,224
semantic_domain_ablation,10,c05q2,20,54,34,984
semantic_domain_ablation,10,c05q3,50,103,53,2336
semantic_domain_ablation,10,c05q4,30,77,47,1512
semantic_domain_ablation,10,c06q0,0,0,0,0
semantic_domain_ablation,10,c06q1,2,2,0,48
semantic_domain_ablation,10,c06q2,5,7,2,232
semantic_domain_ablation,10,c06q3,28,13,-15,1088
semantic_domain_ablation,10,c06q4,18,6,-12,896
semantic_domain_ablation,10,c07q0,1,19,18,56
semantic_domain_ablation,10,c07q1,24,27,3,880
semantic_domain_ablation,10,c07q2,59,41,-18,2160
semantic_domain_ablation,10,c07q3,38,31,-7,1896
semantic_domain_ablation,10,c07q4,14,7,-7,432
semantic_domain_ablation,10,c08q0,0,0,0,0
semantic_domain_ablation,10,c08q1,1,2,1,24
semantic_domain_ablation,10,c08q2,6,14,8,192
semantic_domain_ablation,10,c08q3,5,29,24,288
semantic_domain_ablation,10,c08q4,11,20,9,416
semantic_domain_ablation,10,c09q0,0,1,1,0
semantic_domain_ablation,10,c09q1,3,10,7,56
semantic_domain_ablation,10,c09q2,2,22,20,144
semantic_domain_ablation,10,c09q3,3,17,14,208
semantic_domain_ablation,10,c09q4,2,3,1,48
semantic_domain_ablation,10,c10q0,0,0,0,16
semantic_domain_ablation,10,c10q1,9,0,-9,208
semantic_domain_ablation,10,c10q2,4,0,-4,336
semantic_domain_ablation,10,c10q3,6,0,-6,272
semantic_domain_ablation,10,c10q4,2,0,-2,104
semantic_domain_ablation,10,c11q0,0,3,3,40
semantic_domain_ablation,10,c11q1,10,12,2,472
semantic_domain_ablation,10,c11q2,30,36,6,1168
semantic_domain_ablation,10,c11q3,33,19,-14,1000
semantic_domain_ablation,10,c11q4,7,5,-2,296
semantic_domain_ablation,10,c12q0,3,6,3,88
semantic_domain_ablation,10,c12q1,35,20,-15,1432
semantic_domain_ablation,10,c12q2,83,47,-36,3248
semantic_domain_ablation,10,c12q3,63,43,-20,3368
semantic_domain_ablation,10,c12q4,29,15,-14,920
semantic_domain_ablation,10,c13q0,0,0,0,0
semantic_domain_ablation,10,c13q1,4,29,25,384
semantic_domain_ablation,10,c13q2,15,51,36,1056
semantic_domain_ablation,10,c13q3,63,166,103,2536
semantic_domain_ablation,10,c13q4,22,54,32,1176
semantic_domain_ablation,10,c14q0,4,15,11,328
semantic_domain_ablation,10,c14q1,119,290,171,4400
semantic_domain_ablation,10,c14q2,256,263,7,12048
semantic_domain_ablation,10,c14q3,271,232,-39,11680
semantic_domain_ablation,10,c14q4,60,43,-17,2400
semantic_domain_ablation,10,c15q0,0,0,0,0
semantic_domain_ablation,10,c15q1,0,9,9,24
semantic_domain_ablation,10,c15q2,1,16,15,64
semantic_domain_ablation,10,c15q3,1,11,10,64
semantic_domain_ablation,10,c15q4,3,3,0,192
semantic_domain_ablation,10,c16q0,4,6,2,136
semantic_domain_ablation,10,c16q1,21,12,-9,568
semantic_domain_ablation,10,c16q2,34,31,-3,1304
semantic_domain_ablation,10,c16q3,35,45,10,1504
semantic_domain_ablation,10,c16q4,17,13,-4,600
semantic_domain_ablation,10,c17q0,33,29,-4,1552
semantic_domain_ablation,10,c17q1,96,47,-49,3800
semantic_domain_ablation,10,c17q2,158,88,-70,6392
semantic_domain_ablation,10,c17q3,110,66,-44,4952
semantic_domain_ablation,10,c17q4,40,17,-23,1328
semantic_domain_ablation,10,c18q0,2,5,3,88
semantic_domain_ablation,10,c18q1,12,28,16,704
semantic_domain_ablation,10,c18q2,26,55,29,1224
semantic_domain_ablation,10,c18q3,11,27,16,608
semantic_domain_ablation,10,c18q4,3,6,3,352
semantic_domain_ablation,10,c19q0,0,0,0,0
semantic_domain_ablation,10,c19q1,0,19,19,24
semantic_domain_ablation,10,c19q2,13,27,14,608
semantic_domain_ablation,10,c19q3,13,21,8,448
semantic_domain_ablation,10,c19q4,4,7,3,152
semantic_domain_ablation,10,c20q0,0,1,1,40
semantic_domain_ablation,10,c20q1,32,34,2,968
semantic_domain_ablation,10,c20q2,58,43,-15,2440
semantic_domain_ablation,10,c20q3,33,20,-13,1496
semantic_domain_ablation,10,c20q4,40,21,-19,1848
semantic_domain_ablation,10,c21q0,7,1,-6,208
semantic_domain_ablation,10,c21q1,43,20,-23,1664
semantic_domain_ablation,10,c21q2,102,50,-52,4872
semantic_domain_ablation,10,c21q3,137,56,-81,5728
semantic_domain_ablation,10,c21q4,58,15,-43,2336
semantic_domain_ablation,10,c22q0,0,0,0,0
semantic_domain_ablation,10,c22q1,3,1,-2,104
semantic_domain_ablation,10,c22q2,17,8,-9,824
semantic_domain_ablation,10,c22q3,30,15,-15,1456
semantic_domain_ablation,10,c22q4,7,7,0,504
semantic_domain_ablation,10,c23q0,4,12,8,248
semantic_domain_ablation,10,c23q1,41,29,-12,1800
semantic_domain_ablation,10,c23q2,91,68,-23,3560
semantic_domain_ablation,10,c23q3,123,86,-37,4472
semantic_domain_ablation,10,c23q4,84,37,-47,3304
semantic_domain_ablation,10,c24q0,11,4,-7,640
semantic_domain_ablation,10,c24q1,68,31,-37,2800
semantic_domain_ablation,10,c24q2,120,64,-56,5048
semantic_domain_ablation,10,c24q3,89,36,-53,3488
semantic_domain_ablation,10,c24q4,32,21,-11,1744
semantic_domain_ablation,10,c25q0,47,35,-12,1816
semantic_domain_ablation,10,c25q1,126,80,-46,5208
semantic_domain_ablation,10,c25q2,183,127,-56,7928
semantic_domain_ablation,10,c25q3,137,94,-43,5368
semantic_domain_ablation,10,c25q4,40,26,-14,2200
semantic_domain_ablation,10,c26q0,0,6,6,0
semantic_domain_ablation,10,c26q1,1,35,34,16
semantic_domain_ablation,10,c26q2,14,93,79,552
semantic_domain_ablation,10,c26q3,20,118,98,928
semantic_domain_ablation,10,c26q4,26,168,142,1240
semantic_domain_ablation,10,c27q0,0,1,1,0
semantic_domain_ablation,10,c27q1,0,4,4,56
semantic_domain_ablation,10,c27q2,8,11,3,288
semantic_domain_ablation,10,c27q3,10,7,-3,432
semantic_domain_ablation,10,c27q4,2,2,0,168
semantic_domain_ablation,10,c28q0,0,3,3,0
semantic_domain_ablation,10,c28q1,85,193,108,3488
semantic_domain_ablation,10,c28q2,205,219,14,9456
semantic_domain_ablation,10,c28q3,342,293,-49,14944
semantic_domain_ablation,10,c28q4,177,153,-24,7352
semantic_domain_ablation,10,c29q0,18,22,4,840
semantic_domain_ablation,10,c29q1,30,37,7,1224
semantic_domain_ablation,10,c29q2,80,72,-8,3280
semantic_domain_ablation,10,c29q3,84,89,5,4128
semantic_domain_ablation,10,c29q4,83,37,-46,3664
semantic_domain_ablation,10,c30q0,0,3,3,0
semantic_domain_ablation,10,c30q1,10,13,3,896
semantic_domain_ablation,10,c30q2,82,61,-21,3664
semantic_domain_ablation,10,c30q3,300,247,-53,11096
semantic_domain_ablation,10,c30q4,480,427,-53,19664
semantic_domain_ablation,10,c31q0,0,2,2,0
semantic_domain_ablation,10,c31q1,0,4,4,16
semantic_domain_ablation,10,c31q2,3,11,8,64
semantic_domain_ablation,10,c31q3,2,13,11,104
semantic_domain_ablation,10,c31q4,2,5,3,56
semantic_domain_ablation,10,c32q0,7,42,35,280
semantic_domain_ablation,10,c32q1,40,206,166,1768
semantic_domain_ablation,10,c32q2,222,237,15,10272
semantic_domain_ablation,10,c32q3,407,329,-78,17496
semantic_domain_ablation,10,c32q4,158,134,-24,6632
semantic_domain_ablation,10,c33q0,0,1,1,0
semantic_domain_ablation,10,c33q1,0,9,9,104
semantic_domain_ablation,10,c33q2,4,28,24,288
semantic_domain_ablation,10,c33q3,8,48,40,456
semantic_domain_ablation,10,c33q4,24,34,10,792
semantic_domain_ablation,10,c34q0,0,0,0,0
semantic_domain_ablation,10,c34q1,12,1,-11,288
semantic_domain_ablation,10,c34q2,19,16,-3,856
semantic_domain_ablation,10,c34q3,22,12,-10,976
semantic_domain_ablation,10,c34q4,6,9,3,512
semantic_domain_ablation,10,c35q0,0,8,8,64
semantic_domain_ablation,10,c35q1,25,37,12,976
semantic_domain_ablation,10,c35q2,37,62,25,1544
semantic_domain_ablation,10,c35q3,27,35,8,1064
semantic_domain_ablation,10,c35q4,12,9,-3,416
semantic_domain_ablation,10,c36q0,2,3,1,56
semantic_domain_ablation,10,c36q1,6,26,20,280
semantic_domain_ablation,10,c36q2,11,31,20,504
semantic_domain_ablation,10,c36q3,7,13,6,264
semantic_domain_ablation,10,c36q4,4,1,-3,96
semantic_domain_ablation,10,c37q0,1,7,6,24
semantic_domain_ablation,10,c37q1,11,18,7,256
semantic_domain_ablation,10,c37q2,23,44,21,1008
semantic_domain_ablation,10,c37q3,35,74,39,1616
semantic_domain_ablation,10,c37q4,38,65,27,1360
semantic_domain_ablation,10,c38q0,22,32,10,808
semantic_domain_ablation,10,c38q1,40,69,29,2176
semantic_domain_ablation,10,c38q2,151,124,-27,6968
semantic_domain_ablation,10,c38q3,229,141,-88,8488
semantic_domain_ablation,10,c38q4,214,95,-119,8568
semantic_domain_ablation,10,c39q0,4,4,0,120
semantic_domain_ablation,10,c39q1,38,30,-8,1520
semantic_domain_ablation,10,c39q2,184,187,3,7728
semantic_domain_ablation,10,c39q3,104,77,-27,3800
semantic_domain_ablation,10,c39q4,77,60,-17,3640
semantic_domain_ablation,11,c00q0,0,1,1,0
semantic_domain_ablation,11,c00q1,4,30,26,280
semantic_domain_ablation,11,c00q2,19,100,81,1016
semantic_domain_ablation,11,c00q3,28,87,59,1104
semantic_domain_ablation,11,c00q4,10,58,48,640
semantic_domain_ablation,11,c01q0,26,40,14,896
semantic_domain_ablation,11,c01q1,31,47,16,1440
semantic_domain_ablation,11,c01q2,77,51,-26,3424
semantic_domain_ablation,11,c01q3,131,116,-15,5112
semantic_domain_ablation,11,c01q4,126,109,-17,5640
semantic_domain_ablation,11,c02q0,0,0,0,0
semantic_domain_ablation,11,c02q1,6,3,-3,328
semantic_domain_ablation,11,c02q2,28,25,-3,1128
semantic_domain_ablation,11,c02q3,38,24,-14,1608
semantic_domain_ablation,11,c02q4,45,26,-19,1600
semantic_domain_ablation,11,c03q0,16,12,-4,736
semantic_domain_ablation,11,c03q1,93,85,-8,4680
semantic_domain_ablation,11,c03q2,93,72,-21,4744
semantic_domain_ablation,11,c03q3,159,60,-99,7280
semantic_domain_ablation,11,c03q4,101,34,-67,4720
semantic_domain_ablation,11,c04q0,0,0,0,0
semantic_domain_ablation,11,c04q1,1,5,4,16
semantic_domain_ablation,11,c04q2,13,15,2,696
semantic_domain_ablation,11,c04q3,13,3,-10,416
semantic_domain_ablation,11,c04q4,5,4,-1,88
semantic_domain_ablation,11,c05q0,1,4,3,48
semantic_domain_ablation,11,c05q1,7,16,9,224
semantic_domain_ablation,11,c05q2,20,53,33,984
semantic_domain_ablation,11,c05q3,50,106,56,2336
semantic_domain_ablation,11,c05q4,30,78,48,1512
semantic_domain_ablation,11,c06q0,0,1,1,0
semantic_domain_ablation,11,c06q1,2,0,-2,48
semantic_domain_ablation,11,c06q2,5,7,2,232
semantic_domain_ablation,11,c06q3,28,13,-15,1088
semantic_domain_ablation,11,c06q4,18,9,-9,896
semantic_domain_ablation,11,c07q0,1,15,14,56
semantic_domain_ablation,11,c07q1,24,28,4,880
semantic_domain_ablation,11,c07q2,59,42,-17,2160
semantic_domain_ablation,11,c07q3,38,32,-6,1896
semantic_domain_ablation,11,c07q4,14,4,-10,432
semantic_domain_ablation,11,c08q0,0,0,0,0
semantic_domain_ablation,11,c08q1,1,2,1,24
semantic_domain_ablation,11,c08q2,6,16,10,192
semantic_domain_ablation,11,c08q3,5,30,25,288
semantic_domain_ablation,11,c08q4,11,20,9,416
semantic_domain_ablation,11,c09q0,0,2,2,0
semantic_domain_ablation,11,c09q1,3,9,6,56
semantic_domain_ablation,11,c09q2,2,24,22,144
semantic_domain_ablation,11,c09q3,3,15,12,208
semantic_domain_ablation,11,c09q4,2,2,0,48
semantic_domain_ablation,11,c10q0,0,2,2,16
semantic_domain_ablation,11,c10q1,9,19,10,208
semantic_domain_ablation,11,c10q2,4,19,15,336
semantic_domain_ablation,11,c10q3,6,10,4,272
semantic_domain_ablation,11,c10q4,2,3,1,104
semantic_domain_ablation,11,c11q0,0,0,0,40
semantic_domain_ablation,11,c11q1,10,0,-10,472
semantic_domain_ablation,11,c11q2,30,0,-30,1168
semantic_domain_ablation,11,c11q3,33,0,-33,1000
semantic_domain_ablation,11,c11q4,7,0,-7,296
semantic_domain_ablation,11,c12q0,3,2,-1,88
semantic_domain_ablation,11,c12q1,35,26,-9,1432
semantic_domain_ablation,11,c12q2,83,44,-39,3248
semantic_domain_ablation,11,c12q3,63,51,-12,3368
semantic_domain_ablation,11,c12q4,29,7,-22,920
semantic_domain_ablation,11,c13q0,0,0,0,0
semantic_domain_ablation,11,c13q1,4,28,24,384
semantic_domain_ablation,11,c13q2,15,60,45,1056
semantic_domain_ablation,11,c13q3,63,160,97,2536
semantic_domain_ablation,11,c13q4,22,53,31,1176
semantic_domain_ablation,11,c14q0,4,21,17,328
semantic_domain_ablation,11,c14q1,119,280,161,4400
semantic_domain_ablation,11,c14q2,256,269,13,12048
semantic_domain_ablation,11,c14q3,271,233,-38,11680
semantic_domain_ablation,11,c14q4,60,38,-22,2400
semantic_domain_ablation,11,c15q0,0,0,0,0
semantic_domain_ablation,11,c15q1,0,7,7,24
semantic_domain_ablation,11,c15q2,1,13,12,64
semantic_domain_ablation,11,c15q3,1,15,14,64
semantic_domain_ablation,11,c15q4,3,7,4,192
semantic_domain_ablation,11,c16q0,4,5,1,136
semantic_domain_ablation,11,c16q1,21,17,-4,568
semantic_domain_ablation,11,c16q2,34,30,-4,1304
semantic_domain_ablation,11,c16q3,35,38,3,1504
semantic_domain_ablation,11,c16q4,17,17,0,600
semantic_domain_ablation,11,c17q0,33,23,-10,1552
semantic_domain_ablation,11,c17q1,96,56,-40,3800
semantic_domain_ablation,11,c17q2,158,77,-81,6392
semantic_domain_ablation,11,c17q3,110,76,-34,4952
semantic_domain_ablation,11,c17q4,40,15,-25,1328
semantic_domain_ablation,11,c18q0,2,7,5,88
semantic_domain_ablation,11,c18q1,12,29,17,704
semantic_domain_ablation,11,c18q2,26,53,27,1224
semantic_domain_ablation,11,c18q3,11,30,19,608
semantic_domain_ablation,11,c18q4,3,6,3,352
semantic_domain_ablation,11,c19q0,0,2,2,0
semantic_domain_ablation,11,c19q1,0,13,13,24
semantic_domain_ablation,11,c19q2,13,32,19,608
semantic_domain_ablation,11,c19q3,13,17,4,448
semantic_domain_ablation,11,c19q4,4,4,0,152
semantic_domain_ablation,11,c20q0,0,5,5,40
semantic_domain_ablation,11,c20q1,32,35,3,968
semantic_domain_ablation,11,c20q2,58,43,-15,2440
semantic_domain_ablation,11,c20q3,33,23,-10,1496
semantic_domain_ablation,11,c20q4,40,13,-27,1848
semantic_domain_ablation,11,c21q0,7,1,-6,208
semantic_domain_ablation,11,c21q1,43,20,-23,1664
semantic_domain_ablation,11,c21q2,102,57,-45,4872
semantic_domain_ablation,11,c21q3,137,50,-87,5728
semantic_domain_ablation,11,c21q4,58,22,-36,2336
semantic_domain_ablation,11,c22q0,0,0,0,0
semantic_domain_ablation,11,c22q1,3,2,-1,104
semantic_domain_ablation,11,c22q2,17,7,-10,824
semantic_domain_ablation,11,c22q3,30,12,-18,1456
semantic_domain_ablation,11,c22q4,7,4,-3,504
semantic_domain_ablation,11,c23q0,4,12,8,248
semantic_domain_ablation,11,c23q1,41,31,-10,1800
semantic_domain_ablation,11,c23q2,91,62,-29,3560
semantic_domain_ablation,11,c23q3,123,92,-31,4472
semantic_domain_ablation,11,c23q4,84,34,-50,3304
semantic_domain_ablation,11,c24q0,11,14,3,640
semantic_domain_ablation,11,c24q1,68,24,-44,2800
semantic_domain_ablation,11,c24q2,120,64,-56,5048
semantic_domain_ablation,11,c24q3,89,44,-45,3488
semantic_domain_ablation,11,c24q4,32,10,-22,1744
semantic_domain_ablation,11,c25q0,47,42,-5,1816
semantic_domain_ablation,11,c25q1,126,77,-49,5208
semantic_domain_ablation,11,c25q2,183,132,-51,7928
semantic_domain_ablation,11,c25q3,137,89,-48,5368
semantic_domain_ablation,11,c25q4,40,22,-18,2200
semantic_domain_ablation,11,c26q0,0,12,12,0
semantic_domain_ablation,11,c26q1,1,34,33,16
semantic_domain_ablation,11,c26q2,14,90,76,552
semantic_domain_ablation,11,c26q3,20,122,102,928
semantic_domain_ablation,11,c26q4,26,170,144,1240
semantic_domain_ablation,11,c27q0,0,0,0,0
semantic_domain_ablation,11,c27q1,0,1,1,56
semantic_domain_ablation,11,c27q2,8,14,6,288
semantic_domain_ablation,11,c27q3,10,7,-3,432
semantic_domain_ablation,11,c27q4,2,2,0,168
semantic_domain_ablation,11,c28q0,0,2,2,0
semantic_domain_ablation,11,c28q1,85,194,109,3488
semantic_domain_ablation,11,c28q2,205,215,10,9456
semantic_domain_ablation,11,c28q3,342,296,-46,14944
semantic_domain_ablation,11,c28q4,177,154,-23,7352
semantic_domain_ablation,11,c29q0,18,23,5,840
semantic_domain_ablation,11,c29q1,30,30,0,1224
semantic_domain_ablation,11,c29q2,80,82,2,3280
semantic_domain_ablation,11,c29q3,84,87,3,4128
semantic_domain_ablation,11,c29q4,83,36,-47,3664
semantic_domain_ablation,11,c30q0,0,3,3,0
semantic_domain_ablation,11,c30q1,10,19,9,896
semantic_domain_ablation,11,c30q2,82,55,-27,3664
semantic_domain_ablation,11,c30q3,300,244,-56,11096
semantic_domain_ablation,11,c30q4,480,429,-51,19664
semantic_domain_ablation,11,c31q0,0,0,0,0
semantic_domain_ablation,11,c31q1,0,7,7,16
semantic_domain_ablation,11,c31q2,3,15,12,64
semantic_domain_ablation,11,c31q3,2,9,7,104
semantic_domain_ablation,11,c31q4,2,9,7,56
semantic_domain_ablation,11,c32q0,7,40,33,280
semantic_domain_ablation,11,c32q1,40,209,169,1768
semantic_domain_ablation,11,c32q2,222,236,14,10272
semantic_domain_ablation,11,c32q3,407,331,-76,17496
semantic_domain_ablation,11,c32q4,158,134,-24,6632
semantic_domain_ablation,11,c33q0,0,1,1,0
semantic_domain_ablation,11,c33q1,0,11,11,104
semantic_domain_ablation,11,c33q2,4,25,21,288
semantic_domain_ablation,11,c33q3,8,51,43,456
semantic_domain_ablation,11,c33q4,24,34,10,792
semantic_domain_ablation,11,c34q0,0,0,0,0
semantic_domain_ablation,11,c34q1,12,1,-11,288
semantic_domain_ablation,11,c34q2,19,14,-5,856
semantic_domain_ablation,11,c34q3,22,11,-11,976
semantic_domain_ablation,11,c34q4,6,11,5,512
semantic_domain_ablation,11,c35q0,0,8,8,64
semantic_domain_ablation,11,c35q1,25,38,13,976
semantic_domain_ablation,11,c35q2,37,61,24,1544
semantic_domain_ablation,11,c35q3,27,34,7,1064
semantic_domain_ablation,11,c35q4,12,12,0,416
semantic_domain_ablation,11,c36q0,2,0,-2,56
semantic_domain_ablation,11,c36q1,6,28,22,280
semantic_domain_ablation,11,c36q2,11,29,18,504
semantic_domain_ablation,11,c36q3,7,15,8,264
semantic_domain_ablation,11,c36q4,4,2,-2,96
semantic_domain_ablation,11,c37q0,1,3,2,24
semantic_domain_ablation,11,c37q1,11,19,8,256
semantic_domain_ablation,11,c37q2,23,44,21,1008
semantic_domain_ablation,11,c37q3,35,76,41,1616
semantic_domain_ablation,11,c37q4,38,65,27,1360
semantic_domain_ablation,11,c38q0,22,31,9,808
semantic_domain_ablation,11,c38q1,40,68,28,2176
semantic_domain_ablation,11,c38q2,151,124,-27,6968
semantic_domain_ablation,11,c38q3,229,142,-87,8488
semantic_domain_ablation,11,c38q4,214,97,-117,8568
semantic_domain_ablation,11,c39q0,4,4,0,120
semantic_domain_ablation,11,c39q1,38,30,-8,1520
semantic_domain_ablation,11,c39q2,184,187,3,7728
semantic_domain_ablation,11,c39q3,104,77,-27,3800
semantic_domain_ablation,11,c39q4,77,60,-17,3640
semantic_domain_ablation,12,c00q0,0,1,1,0
semantic_domain_ablation,12,c00q1,4,30,26,280
semantic_domain_ablation,12,c00q2,19,100,81,1016
semantic_domain_ablation,12,c00q3,28,89,61,1104
semantic_domain_ablation,12,c00q4,10,56,46,640
semantic_domain_ablation,12,c01q0,26,44,18,896
semantic_domain_ablation,12,c01q1,31,43,12,1440
semantic_domain_ablation,12,c01q2,77,55,-22,3424
semantic_domain_ablation,12,c01q3,131,117,-14,5112
semantic_domain_ablation,12,c01q4,126,105,-21,5640
semantic_domain_ablation,12,c02q0,0,1,1,0
semantic_domain_ablation,12,c02q1,6,6,0,328
semantic_domain_ablation,12,c02q2,28,22,-6,1128
semantic_domain_ablation,12,c02q3,38,28,-10,1608
semantic_domain_ablation,12,c02q4,45,25,-20,1600
semantic_domain_ablation,12,c03q0,16,12,-4,736
semantic_domain_ablation,12,c03q1,93,86,-7,4680
semantic_domain_ablation,12,c03q2,93,73,-20,4744
semantic_domain_ablation,12,c03q3,159,61,-98,7280
semantic_domain_ablation,12,c03q4,101,38,-63,4720
semantic_domain_ablation,12,c04q0,0,1,1,0
semantic_domain_ablation,12,c04q1,1,4,3,16
semantic_domain_ablation,12,c04q2,13,11,-2,696
semantic_domain_ablation,12,c04q3,13,12,-1,416
semantic_domain_ablation,12,c04q4,5,2,-3,88
semantic_domain_ablation,12,c05q0,1,3,2,48
semantic_domain_ablation,12,c05q1,7,11,4,224
semantic_domain_ablation,12,c05q2,20,50,30,984
semantic_domain_ablation,12,c05q3,50,110,60,2336
semantic_domain_ablation,12,c05q4,30,80,50,1512
semantic_domain_ablation,12,c06q0,0,0,0,0
semantic_domain_ablation,12,c06q1,2,3,1,48
semantic_domain_ablation,12,c06q2,5,8,3,232
semantic_domain_ablation,12,c06q3,28,8,-20,1088
semantic_domain_ablation,12,c06q4,18,8,-10,896
semantic_domain_ablation,12,c07q0,1,17,16,56
semantic_domain_ablation,12,c07q1,24,26,2,880
semantic_domain_ablation,12,c07q2,59,45,-14,2160
semantic_domain_ablation,12,c07q3,38,30,-8,1896
semantic_domain_ablation,12,c07q4,14,6,-8,432
semantic_domain_ablation,12,c08q0,0,0,0,0
semantic_domain_ablation,12,c08q1,1,0,-1,24
semantic_domain_ablation,12,c08q2,6,21,15,192
semantic_domain_ablation,12,c08q3,5,35,30,288
semantic_domain_ablation,12,c08q4,11,12,1,416
semantic_domain_ablation,12,c09q0,0,2,2,0
semantic_domain_ablation,12,c09q1,3,6,3,56
semantic_domain_ablation,12,c09q2,2,27,25,144
semantic_domain_ablation,12,c09q3,3,14,11,208
semantic_domain_ablation,12,c09q4,2,5,3,48
semantic_domain_ablation,12,c10q0,0,2,2,16
semantic_domain_ablation,12,c10q1,9,19,10,208
semantic_domain_ablation,12,c10q2,4,18,14,336
semantic_domain_ablation,12,c10q3,6,10,4,272
semantic_domain_ablation,12,c10q4,2,2,0,104
semantic_domain_ablation,12,c11q0,0,3,3,40
semantic_domain_ablation,12,c11q1,10,12,2,472
semantic_domain_ablation,12,c11q2,30,26,-4,1168
semantic_domain_ablation,12,c11q3,33,19,-14,1000
semantic_domain_ablation,12,c11q4,7,3,-4,296
semantic_domain_ablation,12,c12q0,3,0,-3,88
semantic_domain_ablation,12,c12q1,35,0,-35,1432
semantic_domain_ablation,12,c12q2,83,0,-83,3248
semantic_domain_ablation,12,c12q3,63,0,-63,3368
semantic_domain_ablation,12,c12q4,29,0,-29,920
semantic_domain_ablation,12,c13q0,0,0,0,0
semantic_domain_ablation,12,c13q1,4,29,25,384
semantic_domain_ablation,12,c13q2,15,58,43,1056
semantic_domain_ablation,12,c13q3,63,153,90,2536
semantic_domain_ablation,12,c13q4,22,66,44,1176
semantic_domain_ablation,12,c14q0,4,28,24,328
semantic_domain_ablation,12,c14q1,119,268,149,4400
semantic_domain_ablation,12,c14q2,256,258,2,12048
semantic_domain_ablation,12,c14q3,271,248,-23,11680
semantic_domain_ablation,12,c14q4,60,41,-19,2400
semantic_domain_ablation,12,c15q0,0,0,0,0
semantic_domain_ablation,12,c15q1,0,4,4,24
semantic_domain_ablation,12,c15q2,1,9,8,64
semantic_domain_ablation,12,c15q3,1,11,10,64
semantic_domain_ablation,12,c15q4,3,8,5,192
semantic_domain_ablation,12,c16q0,4,5,1,136
semantic_domain_ablation,12,c16q1,21,15,-6,568
semantic_domain_ablation,12,c16q2,34,46,12,1304
semantic_domain_ablation,12,c16q3,35,34,-1,1504
semantic_domain_ablation,12,c16q4,17,12,-5,600
semantic_domain_ablation,12,c17q0,33,20,-13,1552
semantic_domain_ablation,12,c17q1,96,58,-38,3800
semantic_domain_ablation,12,c17q2,158,91,-67,6392
semantic_domain_ablation,12,c17q3,110,66,-44,4952
semantic_domain_ablation,12,c17q4,40,20,-20,1328
semantic_domain_ablation,12,c18q0,2,4,2,88
semantic_domain_ablation,12,c18q1,12,33,21,704
semantic_domain_ablation,12,c18q2,26,50,24,1224
semantic_domain_ablation,12,c18q3,11,23,12,608
semantic_domain_ablation,12,c18q4,3,9,6,352
semantic_domain_ablation,12,c19q0,0,4,4,0
semantic_domain_ablation,12,c19q1,0,21,21,24
semantic_domain_ablation,12,c19q2,13,31,18,608
semantic_domain_ablation,12,c19q3,13,15,2,448
semantic_domain_ablation,12,c19q4,4,3,-1,152
semantic_domain_ablation,12,c20q0,0,3,3,40
semantic_domain_ablation,12,c20q1,32,32,0,968
semantic_domain_ablation,12,c20q2,58,47,-11,2440
semantic_domain_ablation,12,c20q3,33,26,-7,1496
semantic_domain_ablation,12,c20q4,40,19,-21,1848
semantic_domain_ablation,12,c21q0,7,1,-6,208
semantic_domain_ablation,12,c21q1,43,16,-27,1664
semantic_domain_ablation,12,c21q2,102,44,-58,4872
semantic_domain_ablation,12,c21q3,137,64,-73,5728
semantic_domain_ablation,12,c21q4,58,23,-35,2336
semantic_domain_ablation,12,c22q0,0,0,0,0
semantic_domain_ablation,12,c22q1,3,2,-1,104
semantic_domain_ablation,12,c22q2,17,10,-7,824
semantic_domain_ablation,12,c22q3,30,13,-17,1456
semantic_domain_ablation,12,c22q4,7,11,4,504
semantic_domain_ablation,12,c23q0,4,5,1,248
semantic_domain_ablation,12,c23q1,41,23,-18,1800
semantic_domain_ablation,12,c23q2,91,59,-32,3560
semantic_domain_ablation,12,c23q3,123,86,-37,4472
semantic_domain_ablation,12,c23q4,84,40,-44,3304
semantic_domain_ablation,12,c24q0,11,12,1,640
semantic_domain_ablation,12,c24q1,68,29,-39,2800
semantic_domain_ablation,12,c24q2,120,57,-63,5048
semantic_domain_ablation,12,c24q3,89,46,-43,3488
semantic_domain_ablation,12,c24q4,32,22,-10,1744
semantic_domain_ablation,12,c25q0,47,30,-17,1816
semantic_domain_ablation,12,c25q1,126,91,-35,5208
semantic_domain_ablation,12,c25q2,183,134,-49,7928
semantic_domain_ablation,12,c25q3,137,83,-54,5368
semantic_domain_ablation,12,c25q4,40,20,-20,2200
semantic_domain_ablation,12,c26q0,0,10,10,0
semantic_domain_ablation,12,c26q1,1,38,37,16
semantic_domain_ablation,12,c26q2,14,79,65,552
semantic_domain_ablation,12,c26q3,20,132,112,928
semantic_domain_ablation,12,c26q4,26,180,154,1240
semantic_domain_ablation,12,c27q0,0,0,0,0
semantic_domain_ablation,12,c27q1,0,2,2,56
semantic_domain_ablation,12,c27q2,8,9,1,288
semantic_domain_ablation,12,c27q3,10,7,-3,432
semantic_domain_ablation,12,c27q4,2,2,0,168
semantic_domain_ablation,12,c28q0,0,4,4,0
semantic_domain_ablation,12,c28q1,85,198,113,3488
semantic_domain_ablation,12,c28q2,205,206,1,9456
semantic_domain_ablation,12,c28q3,342,305,-37,14944
semantic_domain_ablation,12,c28q4,177,152,-25,7352
semantic_domain_ablation,12,c29q0,18,24,6,840
semantic_domain_ablation,12,c29q1,30,30,0,1224
semantic_domain_ablation,12,c29q2,80,89,9,3280
semantic_domain_ablation,12,c29q3,84,84,0,4128
semantic_domain_ablation,12,c29q4,83,29,-54,3664
semantic_domain_ablation,12,c30q0,0,5,5,0
semantic_domain_ablation,12,c30q1,10,21,11,896
semantic_domain_ablation,12,c30q2,82,58,-24,3664
semantic_domain_ablation,12,c30q3,300,243,-57,11096
semantic_domain_ablation,12,c30q4,480,432,-48,19664
semantic_domain_ablation,12,c31q0,0,1,1,0
semantic_domain_ablation,12,c31q1,0,5,5,16
semantic_domain_ablation,12,c31q2,3,14,11,64
semantic_domain_ablation,12,c31q3,2,16,14,104
semantic_domain_ablation,12,c31q4,2,4,2,56
semantic_domain_ablation,12,c32q0,7,42,35,280
semantic_domain_ablation,12,c32q1,40,213,173,1768
semantic_domain_ablation,12,c32q2,222,234,12,10272
semantic_domain_ablation,12,c32q3,407,337,-70,17496
semantic_domain_ablation,12,c32q4,158,136,-22,6632
semantic_domain_ablation,12,c33q0,0,0,0,0
semantic_domain_ablation,12,c33q1,0,13,13,104
semantic_domain_ablation,12,c33q2,4,22,18,288
semantic_domain_ablation,12,c33q3,8,51,43,456
semantic_domain_ablation,12,c33q4,24,35,11,792
semantic_domain_ablation,12,c34q0,0,0,0,0
semantic_domain_ablation,12,c34q1,12,2,-10,288
semantic_domain_ablation,12,c34q2,19,11,-8,856
semantic_domain_ablation,12,c34q3,22,16,-6,976
semantic_domain_ablation,12,c34q4,6,5,-1,512
semantic_domain_ablation,12,c35q0,0,12,12,64
semantic_domain_ablation,12,c35q1,25,36,11,976
semantic_domain_ablation,12,c35q2,37,63,26,1544
semantic_domain_ablation,12,c35q3,27,33,6,1064
semantic_domain_ablation,12,c35q4,12,11,-1,416
semantic_domain_ablation,12,c36q0,2,6,4,56
semantic_domain_ablation,12,c36q1,6,21,15,280
semantic_domain_ablation,12,c36q2,11,32,21,504
semantic_domain_ablation,12,c36q3,7,17,10,264
semantic_domain_ablation,12,c36q4,4,4,0,96
semantic_domain_ablation,12,c37q0,1,5,4,24
semantic_domain_ablation,12,c37q1,11,16,5,256
semantic_domain_ablation,12,c37q2,23,44,21,1008
semantic_domain_ablation,12,c37q3,35,78,43,1616
semantic_domain_ablation,12,c37q4,38,65,27,1360
semantic_domain_ablation,12,c38q0,22,30,8,808
semantic_domain_ablation,12,c38q1,40,67,27,2176
semantic_domain_ablation,12,c38q2,151,125,-26,6968
semantic_domain_ablation,12,c38q3,229,143,-86,8488
semantic_domain_ablation,12,c38q4,214,100,-114,8568
semantic_domain_ablation,12,c39q0,4,2,-2,120
semantic_domain_ablation,12,c39q1,38,31,-7,1520
semantic_domain_ablation,12,c39q2,184,186,2,7728
semantic_domain_ablation,12,c39q3,104,81,-23,3800
semantic_domain_ablation,12,c39q4,77,60,-17,3640
semantic_domain_ablation,13,c00q0,0,1,1,0
semantic_domain_ablation,13,c00q1,4,30,26,280
semantic_domain_ablation,13,c00q2,19,100,81,1016
semantic_domain_ablation,13,c00q3,28,93,65,1104
semantic_domain_ablation,13,c00q4,10,54,44,640
semantic_domain_ablation,13,c01q0,26,47,21,896
semantic_domain_ablation,13,c01q1,31,41,10,1440
semantic_domain_ablation,13,c01q2,77,62,-15,3424
semantic_domain_ablation,13,c01q3,131,118,-13,5112
semantic_domain_ablation,13,c01q4,126,105,-21,5640
semantic_domain_ablation,13,c02q0,0,0,0,0
semantic_domain_ablation,13,c02q1,6,10,4,328
semantic_domain_ablation,13,c02q2,28,17,-11,1128
semantic_domain_ablation,13,c02q3,38,26,-12,1608
semantic_domain_ablation,13,c02q4,45,28,-17,1600
semantic_domain_ablation,13,c03q0,16,13,-3,736
semantic_domain_ablation,13,c03q1,93,95,2,4680
semantic_domain_ablation,13,c03q2,93,69,-24,4744
semantic_domain_ablation,13,c03q3,159,57,-102,7280
semantic_domain_ablation,13,c03q4,101,53,-48,4720
semantic_domain_ablation,13,c04q0,0,0,0,0
semantic_domain_ablation,13,c04q1,1,5,4,16
semantic_domain_ablation,13,c04q2,13,7,-6,696
semantic_domain_ablation,13,c04q3,13,7,-6,416
semantic_domain_ablation,13,c04q4,5,1,-4,88
semantic_domain_ablation,13,c05q0,1,1,0,48
semantic_domain_ablation,13,c05q1,7,16,9,224
semantic_domain_ablation,13,c05q2,20,51,31,984
semantic_domain_ablation,13,c05q3,50,110,60,2336
semantic_domain_ablation,13,c05q4,30,84,54,1512
semantic_domain_ablation,13,c06q0,0,0,0,0
semantic_domain_ablation,13,c06q1,2,2,0,48
semantic_domain_ablation,13,c06q2,5,7,2,232
semantic_domain_ablation,13,c06q3,28,10,-18,1088
semantic_domain_ablation,13,c06q4,18,5,-13,896
semantic_domain_ablation,13,c07q0,1,13,12,56
semantic_domain_ablation,13,c07q1,24,36,12,880
semantic_domain_ablation,13,c07q2,59,40,-19,2160
semantic_domain_ablation,13,c07q3,38,34,-4,1896
semantic_domain_ablation,13,c07q4,14,7,-7,432
semantic_domain_ablation,13,c08q0,0,0,0,0
semantic_domain_ablation,13,c08q1,1,4,3,24
semantic_domain_ablation,13,c08q2,6,26,20,192
semantic_domain_ablation,13,c08q3,5,23,18,288
semantic_domain_ablation,13,c08q4,11,15,4,416
semantic_domain_ablation,13,c09q0,0,1,1,0
semantic_domain_ablation,13,c09q1,3,11,8,56
semantic_domain_ablation,13,c09q2,2,25,23,144
semantic_domain_ablation,13,c09q3,3,18,15,208
semantic_domain_ablation,13,c09q4,2,4,2,48
semantic_domain_ablation,13,c10q0,0,1,1,16
semantic_domain_ablation,13,c10q1,9,15,6,208
semantic_domain_ablation,13,c10q2,4,18,14,336
semantic_domain_ablation,13,c10q3,6,10,4,272
semantic_domain_ablation,13,c10q4,2,4,2,104
semantic_domain_ablation,13,c11q0,0,0,0,40
semantic_domain_ablation,13,c11q1,10,11,1,472
semantic_domain_ablation,13,c11q2,30,24,-6,1168
semantic_domain_ablation,13,c11q3,33,24,-9,1000
semantic_domain_ablation,13,c11q4,7,7,0,296
semantic_domain_ablation,13,c12q0,3,6,3,88
semantic_domain_ablation,13,c12q1,35,14,-21,1432
semantic_domain_ablation,13,c12q2,83,58,-25,3248
semantic_domain_ablation,13,c12q3,63,41,-22,3368
semantic_domain_ablation,13,c12q4,29,12,-17,920
semantic_domain_ablation,13,c13q0,0,0,0,0
semantic_domain_ablation,13,c13q1,4,0,-4,384
semantic_domain_ablation,13,c13q2,15,0,-15,1056
semantic_domain_ablation,13,c13q3,63,0,-63,2536
semantic_domain_ablation,13,c13q4,22,0,-22,1176
semantic_domain_ablation,13,c14q0,4,30,26,328
semantic_domain_ablation,13,c14q1,119,287,168,4400
semantic_domain_ablation,13,c14q2,256,271,15,12048
semantic_domain_ablation,13,c14q3,271,241,-30,11680
semantic_domain_ablation,13,c14q4,60,40,-20,2400
semantic_domain_ablation,13,c15q0,0,1,1,0
semantic_domain_ablation,13,c15q1,0,3,3,24
semantic_domain_ablation,13,c15q2,1,17,16,64
semantic_domain_ablation,13,c15q3,1,9,8,64
semantic_domain_ablation,13,c15q4,3,8,5,192
semantic_domain_ablation,13,c16q0,4,2,-2,136
semantic_domain_ablation,13,c16q1,21,15,-6,568
semantic_domain_ablation,13,c16q2,34,42,8,1304
semantic_domain_ablation,13,c16q3,35,39,4,1504
semantic_domain_ablation,13,c16q4,17,17,0,600
semantic_domain_ablation,13,c17q0,33,22,-11,1552
semantic_domain_ablation,13,c17q1,96,61,-35,3800
semantic_domain_ablation,13,c17q2,158,86,-72,6392
semantic_domain_ablation,13,c17q3,110,73,-37,4952
semantic_domain_ablation,13,c17q4,40,12,-28,1328
semantic_domain_ablation,13,c18q0,2,7,5,88
semantic_domain_ablation,13,c18q1,12,20,8,704
semantic_domain_ablation,13,c18q2,26,68,42,1224
semantic_domain_ablation,13,c18q3,11,28,17,608
semantic_domain_ablation,13,c18q4,3,6,3,352
semantic_domain_ablation,13,c19q0,0,3,3,0
semantic_domain_ablation,13,c19q1,0,19,19,24
semantic_domain_ablation,13,c19q2,13,30,17,608
semantic_domain_ablation,13,c19q3,13,20,7,448
semantic_domain_ablation,13,c19q4,4,5,1,152
semantic_domain_ablation,13,c20q0,0,0,0,40
semantic_domain_ablation,13,c20q1,32,37,5,968
semantic_domain_ablation,13,c20q2,58,45,-13,2440
semantic_domain_ablation,13,c20q3,33,26,-7,1496
semantic_domain_ablation,13,c20q4,40,17,-23,1848
semantic_domain_ablation,13,c21q0,7,0,-7,208
semantic_domain_ablation,13,c21q1,43,14,-29,1664
semantic_domain_ablation,13,c21q2,102,53,-49,4872
semantic_domain_ablation,13,c21q3,137,55,-82,5728
semantic_domain_ablation,13,c21q4,58,22,-36,2336
semantic_domain_ablation,13,c22q0,0,0,0,0
semantic_domain_ablation,13,c22q1,3,5,2,104
semantic_domain_ablation,13,c22q2,17,8,-9,824
semantic_domain_ablation,13,c22q3,30,24,-6,1456
semantic_domain_ablation,13,c22q4,7,3,-4,504
semantic_domain_ablation,13,c23q0,4,13,9,248
semantic_domain_ablation,13,c23q1,41,35,-6,1800
semantic_domain_ablation,13,c23q2,91,52,-39,3560
semantic_domain_ablation,13,c23q3,123,65,-58,4472
semantic_domain_ablation,13,c23q4,84,38,-46,3304
semantic_domain_ablation,13,c24q0,11,4,-7,640
semantic_domain_ablation,13,c24q1,68,39,-29,2800
semantic_domain_ablation,13,c24q2,120,73,-47,5048
semantic_domain_ablation,13,c24q3,89,40,-49,3488
semantic_domain_ablation,13,c24q4,32,18,-14,1744
semantic_domain_ablation,13,c25q0,47,32,-15,1816
semantic_domain_ablation,13,c25q1,126,97,-29,5208
semantic_domain_ablation,13,c25q2,183,126,-57,7928
semantic_domain_ablation,13,c25q3,137,105,-32,5368
semantic_domain_ablation,13,c25q4,40,13,-27,2200
semantic_domain_ablation,13,c26q0,0,9,9,0
semantic_domain_ablation,13,c26q1,1,33,32,16
semantic_domain_ablation,13,c26q2,14,98,84,552
semantic_domain_ablation,13,c26q3,20,138,118,928
semantic_domain_ablation,13,c26q4,26,164,138,1240
semantic_domain_ablation,13,c27q0,0,1,1,0
semantic_domain_ablation,13,c27q1,0,6,6,56
semantic_domain_ablation,13,c27q2,8,18,10,288
semantic_domain_ablation,13,c27q3,10,8,-2,432
semantic_domain_ablation,13,c27q4,2,2,0,168
semantic_domain_ablation,13,c28q0,0,3,3,0
semantic_domain_ablation,13,c28q1,85,196,111,3488
semantic_domain_ablation,13,c28q2,205,212,7,9456
semantic_domain_ablation,13,c28q3,342,306,-36,14944
semantic_domain_ablation,13,c28q4,177,150,-27,7352
semantic_domain_ablation,13,c29q0,18,18,0,840
semantic_domain_ablation,13,c29q1,30,35,5,1224
semantic_domain_ablation,13,c29q2,80,90,10,3280
semantic_domain_ablation,13,c29q3,84,103,19,4128
semantic_domain_ablation,13,c29q4,83,32,-51,3664
semantic_domain_ablation,13,c30q0,0,5,5,0
semantic_domain_ablation,13,c30q1,10,8,-2,896
semantic_domain_ablation,13,c30q2,82,81,-1,3664
semantic_domain_ablation,13,c30q3,300,221,-79,11096
semantic_domain_ablation,13,c30q4,480,451,-29,19664
semantic_domain_ablation,13,c31q0,0,1,1,0
semantic_domain_ablation,13,c31q1,0,5,5,16
semantic_domain_ablation,13,c31q2,3,11,8,64
semantic_domain_ablation,13,c31q3,2,9,7,104
semantic_domain_ablation,13,c31q4,2,5,3,56
semantic_domain_ablation,13,c32q0,7,42,35,280
semantic_domain_ablation,13,c32q1,40,226,186,1768
semantic_domain_ablation,13,c32q2,222,230,8,10272
semantic_domain_ablation,13,c32q3,407,346,-61,17496
semantic_domain_ablation,13,c32q4,158,138,-20,6632
semantic_domain_ablation,13,c33q0,0,0,0,0
semantic_domain_ablation,13,c33q1,0,16,16,104
semantic_domain_ablation,13,c33q2,4,30,26,288
semantic_domain_ablation,13,c33q3,8,38,30,456
semantic_domain_ablation,13,c33q4,24,45,21,792
semantic_domain_ablation,13,c34q0,0,2,2,0
semantic_domain_ablation,13,c34q1,12,5,-7,288
semantic_domain_ablation,13,c34q2,19,5,-14,856
semantic_domain_ablation,13,c34q3,22,12,-10,976
semantic_domain_ablation,13,c34q4,6,4,-2,512
semantic_domain_ablation,13,c35q0,0,12,12,64
semantic_domain_ablation,13,c35q1,25,36,11,976
semantic_domain_ablation,13,c35q2,37,58,21,1544
semantic_domain_ablation,13,c35q3,27,45,18,1064
semantic_domain_ablation,13,c35q4,12,6,-6,416
semantic_domain_ablation,13,c36q0,2,3,1,56
semantic_domain_ablation,13,c36q1,6,26,20,280
semantic_domain_ablation,13,c36q2,11,32,21,504
semantic_domain_ablation,13,c36q3,7,16,9,264
semantic_domain_ablation,13,c36q4,4,5,1,96
semantic_domain_ablation,13,c37q0,1,7,6,24
semantic_domain_ablation,13,c37q1,11,18,7,256
semantic_domain_ablation,13,c37q2,23,41,18,1008
semantic_domain_ablation,13,c37q3,35,80,45,1616
semantic_domain_ablation,13,c37q4,38,63,25,1360
semantic_domain_ablation,13,c38q0,22,29,7,808
semantic_domain_ablation,13,c38q1,40,72,32,2176
semantic_domain_ablation,13,c38q2,151,130,-21,6968
semantic_domain_ablation,13,c38q3,229,144,-85,8488
semantic_domain_ablation,13,c38q4,214,105,-109,8568
semantic_domain_ablation,13,c39q0,4,1,-3,120
semantic_domain_ablation,13,c39q1,38,29,-9,1520
semantic_domain_ablation,13,c39q2,184,185,1,7728
semantic_domain_ablation,13,c39q3,104,85,-19,3800
semantic_domain_ablation,13,c39q4,77,62,-15,3640
semantic_domain_ablation,14,c00q0,0,1,1,0
semantic_domain_ablation,14,c00q1,4,35,31,280
semantic_domain_ablation,14,c00q2,19,106,87,1016
semantic_domain_ablation,14,c00q3,28,101,73,1104
semantic_domain_ablation,14,c00q4,10,60,50,640
semantic_domain_ablation,14,c01q0,26,49,23,896
semantic_domain_ablation,14,c01q1,31,29,-2,1440
semantic_domain_ablation,14,c01q2,77,78,1,3424
semantic_domain_ablation,14,c01q3,131,126,-5,5112
semantic_domain_ablation,14,c01q4,126,100,-26,5640
semantic_domain_ablation,14,c02q0,0,1,1,0
semantic_domain_ablation,14,c02q1,6,10,4,328
semantic_domain_ablation,14,c02q2,28,18,-10,1128
semantic_domain_ablation,14,c02q3,38,27,-11,1608
semantic_domain_ablation,14,c02q4,45,35,-10,1600
semantic_domain_ablation,14,c03q0,16,13,-3,736
semantic_domain_ablation,14,c03q1,93,97,4,4680
semantic_domain_ablation,14,c03q2,93,72,-21,4744
semantic_domain_ablation,14,c03q3,159,82,-77,7280
semantic_domain_ablation,14,c03q4,101,46,-55,4720
semantic_domain_ablation,14,c04q0,0,0,0,0
semantic_domain_ablation,14,c04q1,1,6,5,16
semantic_domain_ablation,14,c04q2,13,9,-4,696
semantic_domain_ablation,14,c04q3,13,7,-6,416
semantic_domain_ablation,14,c04q4,5,0,-5,88
semantic_domain_ablation,14,c05q0,1,2,1,48
semantic_domain_ablation,14,c05q1,7,18,11,224
semantic_domain_ablation,14,c05q2,20,45,25,984
semantic_domain_ablation,14,c05q3,50,136,86,2336
semantic_domain_ablation,14,c05q4,30,79,49,1512
semantic_domain_ablation,14,c06q0,0,0,0,0
semantic_domain_ablation,14,c06q1,2,2,0,48
semantic_domain_ablation,14,c06q2,5,8,3,232
semantic_domain_ablation,14,c06q3,28,8,-20,1088
semantic_domain_ablation,14,c06q4,18,8,-10,896
semantic_domain_ablation,14,c07q0,1,15,14,56
semantic_domain_ablation,14,c07q1,24,48,24,880
semantic_domain_ablation,14,c07q2,59,45,-14,2160
semantic_domain_ablation,14,c07q3,38,36,-2,1896
semantic_domain_ablation,14,c07q4,14,10,-4,432
semantic_domain_ablation,14,c08q0,0,0,0,0
semantic_domain_ablation,14,c08q1,1,3,2,24
semantic_domain_ablation,14,c08q2,6,17,11,192
semantic_domain_ablation,14,c08q3,5,27,22,288
semantic_domain_ablation,14,c08q4,11,12,1,416
semantic_domain_ablation,14,c09q0,0,3,3,0
semantic_domain_ablation,14,c09q1,3,5,2,56
semantic_domain_ablation,14,c09q2,2,20,18,144
semantic_domain_ablation,14,c09q3,3,17,14,208
semantic_domain_ablation,14,c09q4,2,2,0,48
semantic_domain_ablation,14,c10q0,0,3,3,16
semantic_domain_ablation,14,c10q1,9,17,8,208
semantic_domain_ablation,14,c10q2,4,17,13,336
semantic_domain_ablation,14,c10q3,6,6,0,272
semantic_domain_ablation,14,c10q4,2,3,1,104
semantic_domain_ablation,14,c11q0,0,1,1,40
semantic_domain_ablation,14,c11q1,10,15,5,472
semantic_domain_ablation,14,c11q2,30,35,5,1168
semantic_domain_ablation,14,c11q3,33,23,-10,1000
semantic_domain_ablation,14,c11q4,7,5,-2,296
semantic_domain_ablation,14,c12q0,3,3,0,88
semantic_domain_ablation,14,c12q1,35,16,-19,1432
semantic_domain_ablation,14,c12q2,83,75,-8,3248
semantic_domain_ablation,14,c12q3,63,57,-6,3368
semantic_domain_ablation,14,c12q4,29,16,-13,920
semantic_domain_ablation,14,c13q0,0,0,0,0
semantic_domain_ablation,14,c13q1,4,27,23,384
semantic_domain_ablation,14,c13q2,15,54,39,1056
semantic_domain_ablation,14,c13q3,63,163,100,2536
semantic_domain_ablation,14,c13q4,22,60,38,1176
semantic_domain_ablation,14,c14q0,4,0,-4,328
semantic_domain_ablation,14,c14q1,119,0,-119,4400
semantic_domain_ablation,14,c14q2,256,0,-256,12048
semantic_domain_ablation,14,c14q3,271,0,-271,11680
semantic_domain_ablation,14,c14q4,60,0,-60,2400
semantic_domain_ablation,14,c15q0,0,2,2,0
semantic_domain_ablation,14,c15q1,0,9,9,24
semantic_domain_ablation,14,c15q2,1,13,12,64
semantic_domain_ablation,14,c15q3,1,8,7,64
semantic_domain_ablation,14,c15q4,3,6,3,192
semantic_domain_ablation,14,c16q0,4,5,1,136
semantic_domain_ablation,14,c16q1,21,19,-2,568
semantic_domain_ablation,14,c16q2,34,36,2,1304
semantic_domain_ablation,14,c16q3,35,50,15,1504
semantic_domain_ablation,14,c16q4,17,15,-2,600
semantic_domain_ablation,14,c17q0,33,19,-14,1552
semantic_domain_ablation,14,c17q1,96,55,-41,3800
semantic_domain_ablation,14,c17q2,158,109,-49,6392
semantic_domain_ablation,14,c17q3,110,70,-40,4952
semantic_domain_ablation,14,c17q4,40,22,-18,1328
semantic_domain_ablation,14,c18q0,2,7,5,88
semantic_domain_ablation,14,c18q1,12,34,22,704
semantic_domain_ablation,14,c18q2,26,57,31,1224
semantic_domain_ablation,14,c18q3,11,30,19,608
semantic_domain_ablation,14,c18q4,3,10,7,352
semantic_domain_ablation,14,c19q0,0,3,3,0
semantic_domain_ablation,14,c19q1,0,19,19,24
semantic_domain_ablation,14,c19q2,13,44,31,608
semantic_domain_ablation,14,c19q3,13,21,8,448
semantic_domain_ablation,14,c19q4,4,3,-1,152
semantic_domain_ablation,14,c20q0,0,2,2,40
semantic_domain_ablation,14,c20q1,32,30,-2,968
semantic_domain_ablation,14,c20q2,58,53,-5,2440
semantic_domain_ablation,14,c20q3,33,37,4,1496
semantic_domain_ablation,14,c20q4,40,21,-19,1848
semantic_domain_ablation,14,c21q0,7,0,-7,208
semantic_domain_ablation,14,c21q1,43,13,-30,1664
semantic_domain_ablation,14,c21q2,102,39,-63,4872
semantic_domain_ablation,14,c21q3,137,77,-60,5728
semantic_domain_ablation,14,c21q4,58,22,-36,2336
semantic_domain_ablation,14,c22q0,0,0,0,0
semantic_domain_ablation,14,c22q1,3,5,2,104
semantic_domain_ablation,14,c22q2,17,12,-5,824
semantic_domain_ablation,14,c22q3,30,18,-12,1456
semantic_domain_ablation,14,c22q4,7,5,-2,504
semantic_domain_ablation,14,c23q0,4,10,6,248
semantic_domain_ablation,14,c23q1,41,33,-8,1800
semantic_domain_ablation,14,c23q2,91,68,-23,3560
semantic_domain_ablation,14,c23q3,123,68,-55,4472
semantic_domain_ablation,14,c23q4,84,40,-44,3304
semantic_domain_ablation,14,c24q0,11,7,-4,640
semantic_domain_ablation,14,c24q1,68,35,-33,2800
semantic_domain_ablation,14,c24q2,120,56,-64,5048
semantic_domain_ablation,14,c24q3,89,46,-43,3488
semantic_domain_ablation,14,c24q4,32,20,-12,1744
semantic_domain_ablation,14,c25q0,47,35,-12,1816
semantic_domain_ablation,14,c25q1,126,80,-46,5208
semantic_domain_ablation,14,c25q2,183,158,-25,7928
semantic_domain_ablation,14,c25q3,137,100,-37,5368
semantic_domain_ablation,14,c25q4,40,25,-15,2200
semantic_domain_ablation,14,c26q0,0,17,17,0
semantic_domain_ablation,14,c26q1,1,41,40,16
semantic_domain_ablation,14,c26q2,14,94,80,552
semantic_domain_ablation,14,c26q3,20,146,126,928
semantic_domain_ablation,14,c26q4,26,181,155,1240
semantic_domain_ablation,14,c27q0,0,0,0,0
semantic_domain_ablation,14,c27q1,0,5,5,56
semantic_domain_ablation,14,c27q2,8,15,7,288
semantic_domain_ablation,14,c27q3,10,6,-4,432
semantic_domain_ablation,14,c27q4,2,3,1,168
semantic_domain_ablation,14,c28q0,0,2,2,0
semantic_domain_ablation,14,c28q1,85,219,134,3488
semantic_domain_ablation,14,c28q2,205,243,38,9456
semantic_domain_ablation,14,c28q3,342,314,-28,14944
semantic_domain_ablation,14,c28q4,177,167,-10,7352
semantic_domain_ablation,14,c29q0,18,14,-4,840
semantic_domain_ablation,14,c29q1,30,33,3,1224
semantic_domain_ablation,14,c29q2,80,90,10,3280
semantic_domain_ablation,14,c29q3,84,101,17,4128
semantic_domain_ablation,14,c29q4,83,42,-41,3664
semantic_domain_ablation,14,c30q0,0,4,4,0
semantic_domain_ablation,14,c30q1,10,20,10,896
semantic_domain_ablation,14,c30q2,82,89,7,3664
semantic_domain_ablation,14,c30q3,300,219,-81,11096
semantic_domain_ablation,14,c30q4,480,488,8,19664
semantic_domain_ablation,14,c31q0,0,1,1,0
semantic_domain_ablation,14,c31q1,0,4,4,16
semantic_domain_ablation,14,c31q2,3,12,9,64
semantic_domain_ablation,14,c31q3,2,10,8,104
semantic_domain_ablation,14,c31q4,2,5,3,56
semantic_domain_ablation,14,c32q0,7,34,27,280
semantic_domain_ablation,14,c32q1,40,237,197,1768
semantic_domain_ablation,14,c32q2,222,266,44,10272
semantic_domain_ablation,14,c32q3,407,370,-37,17496
semantic_domain_ablation,14,c32q4,158,128,-30,6632
semantic_domain_ablation,14,c33q0,0,0,0,0
semantic_domain_ablation,14,c33q1,0,13,13,104
semantic_domain_ablation,14,c33q2,4,46,42,288
semantic_domain_ablation,14,c33q3,8,46,38,456
semantic_domain_ablation,14,c33q4,24,40,16,792
semantic_domain_ablation,14,c34q0,0,0,0,0
semantic_domain_ablation,14,c34q1,12,3,-9,288
semantic_domain_ablation,14,c34q2,19,8,-11,856
semantic_domain_ablation,14,c34q3,22,15,-7,976
semantic_domain_ablation,14,c34q4,6,11,5,512
semantic_domain_ablation,14,c35q0,0,13,13,64
semantic_domain_ablation,14,c35q1,25,39,14,976
semantic_domain_ablation,14,c35q2,37,46,9,1544
semantic_domain_ablation,14,c35q3,27,45,18,1064
semantic_domain_ablation,14,c35q4,12,12,0,416
semantic_domain_ablation,14,c36q0,2,4,2,56
semantic_domain_ablation,14,c36q1,6,23,17,280
semantic_domain_ablation,14,c36q2,11,41,30,504
semantic_domain_ablation,14,c36q3,7,10,3,264
semantic_domain_ablation,14,c36q4,4,7,3,96
semantic_domain_ablation,14,c37q0,1,7,6,24
semantic_domain_ablation,14,c37q1,11,27,16,256
semantic_domain_ablation,14,c37q2,23,61,38,1008
semantic_domain_ablation,14,c37q3,35,72,37,1616
semantic_domain_ablation,14,c37q4,38,66,28,1360
semantic_domain_ablation,14,c38q0,22,25,3,808
semantic_domain_ablation,14,c38q1,40,72,32,2176
semantic_domain_ablation,14,c38q2,151,139,-12,6968
semantic_domain_ablation,14,c38q3,229,165,-64,8488
semantic_domain_ablation,14,c38q4,214,106,-108,8568
semantic_domain_ablation,14,c39q0,4,1,-3,120
semantic_domain_ablation,14,c39q1,38,32,-6,1520
semantic_domain_ablation,14,c39q2,184,195,11,7728
semantic_domain_ablation,14,c39q3,104,88,-16,3800
semantic_domain_ablation,14,c39q4,77,67,-10,3640
semantic_domain_ablation,15,c00q0,0,1,1,0
semantic_domain_ablation,15,c00q1,4,30,26,280
semantic_domain_ablation,15,c00q2,19,100,81,1016
semantic_domain_ablation,15,c00q3,28,87,59,1104
semantic_domain_ablation,15,c00q4,10,55,45,640
semantic_domain_ablation,15,c01q0,26,40,14,896
semantic_domain_ablation,15,c01q1,31,48,17,1440
semantic_domain_ablation,15,c01q2,77,51,-26,3424
semantic_domain_ablation,15,c01q3,131,115,-16,5112
semantic_domain_ablation,15,c01q4,126,109,-17,5640
semantic_domain_ablation,15,c02q0,0,1,1,0
semantic_domain_ablation,15,c02q1,6,3,-3,328
semantic_domain_ablation,15,c02q2,28,23,-5,1128
semantic_domain_ablation,15,c02q3,38,23,-15,1608
semantic_domain_ablation,15,c02q4,45,29,-16,1600
semantic_domain_ablation,15,c03q0,16,10,-6,736
semantic_domain_ablation,15,c03q1,93,85,-8,4680
semantic_domain_ablation,15,c03q2,93,74,-19,4744
semantic_domain_ablation,15,c03q3,159,59,-100,7280
semantic_domain_ablation,15,c03q4,101,33,-68,4720
semantic_domain_ablation,15,c04q0,0,0,0,0
semantic_domain_ablation,15,c04q1,1,3,2,16
semantic_domain_ablation,15,c04q2,13,15,2,696
semantic_domain_ablation,15,c04q3,13,7,-6,416
semantic_domain_ablation,15,c04q4,5,1,-4,88
semantic_domain_ablation,15,c05q0,1,1,0,48
semantic_domain_ablation,15,c05q1,7,22,15,224
semantic_domain_ablation,15,c05q2,20,52,32,984
semantic_domain_ablation,15,c05q3,50,102,52,2336
semantic_domain_ablation,15,c05q4,30,78,48,1512
semantic_domain_ablation,15,c06q0,0,0,0,0
semantic_domain_ablation,15,c06q1,2,2,0,48
semantic_domain_ablation,15,c06q2,5,7,2,232
semantic_domain_ablation,15,c06q3,28,11,-17,1088
semantic_domain_ablation,15,c06q4,18,9,-9,896
semantic_domain_ablation,15,c07q0,1,17,16,56
semantic_domain_ablation,15,c07q1,24,29,5,880
semantic_domain_ablation,15,c07q2,59,40,-19,2160
semantic_domain_ablation,15,c07q3,38,33,-5,1896
semantic_domain_ablation,15,c07q4,14,6,-8,432
semantic_domain_ablation,15,c08q0,0,0,0,0
semantic_domain_ablation,15,c08q1,1,1,0,24
semantic_domain_ablation,15,c08q2,6,15,9,192
semantic_domain_ablation,15,c08q3,5,27,22,288
semantic_domain_ablation,15,c08q4,11,19,8,416
semantic_domain_ablation,15,c09q0,0,1,1,0
semantic_domain_ablation,15,c09q1,3,13,10,56
semantic_domain_ablation,15,c09q2,2,21,19,144
semantic_domain_ablation,15,c09q3,3,16,13,208
semantic_domain_ablation,15,c09q4,2,4,2,48
semantic_domain_ablation,15,c10q0,0,2,2,16
semantic_domain_ablation,15,c10q1,9,15,6,208
semantic_domain_ablation,15,c10q2,4,23,19,336
semantic_domain_ablation,15,c10q3,6,11,5,272
semantic_domain_ablation,15,c10q4,2,3,1,104
semantic_domain_ablation,15,c11q0,0,1,1,40
semantic_domain_ablation,15,c11q1,10,13,3,472
semantic_domain_ablation,15,c11q2,30,29,-1,1168
semantic_domain_ablation,15,c11q3,33,16,-17,1000
semantic_domain_ablation,15,c11q4,7,5,-2,296
semantic_domain_ablation,15,c12q0,3,1,-2,88
semantic_domain_ablation,15,c12q1,35,24,-11,1432
semantic_domain_ablation,15,c12q2,83,48,-35,3248
semantic_domain_ablation,15,c12q3,63,51,-12,3368
semantic_domain_ablation,15,c12q4,29,11,-18,920
semantic_domain_ablation,15,c13q0,0,0,0,0
semantic_domain_ablation,15,c13q1,4,25,21,384
semantic_domain_ablation,15,c13q2,15,61,46,1056
semantic_domain_ablation,15,c13q3,63,151,88,2536
semantic_domain_ablation,15,c13q4,22,45,23,1176
semantic_domain_ablation,15,c14q0,4,33,29,328
semantic_domain_ablation,15,c14q1,119,282,163,4400
semantic_domain_ablation,15,c14q2,256,275,19,12048
semantic_domain_ablation,15,c14q3,271,228,-43,11680
semantic_domain_ablation,15,c14q4,60,50,-10,2400
semantic_domain_ablation,15,c15q0,0,0,0,0
semantic_domain_ablation,15,c15q1,0,0,0,24
semantic_domain_ablation,15,c15q2,1,0,-1,64
semantic_domain_ablation,15,c15q3,1,0,-1,64
semantic_domain_ablation,15,c15q4,3,0,-3,192
semantic_domain_ablation,15,c16q0,4,3,-1,136
semantic_domain_ablation,15,c16q1,21,10,-11,568
semantic_domain_ablation,15,c16q2,34,33,-1,1304
semantic_domain_ablation,15,c16q3,35,46,11,1504
semantic_domain_ablation,15,c16q4,17,13,-4,600
semantic_domain_ablation,15,c17q0,33,31,-2,1552
semantic_domain_ablation,15,c17q1,96,44,-52,3800
semantic_domain_ablation,15,c17q2,158,88,-70,6392
semantic_domain_ablation,15,c17q3,110,66,-44,4952
semantic_domain_ablation,15,c17q4,40,17,-23,1328
semantic_domain_ablation,15,c18q0,2,5,3,88
semantic_domain_ablation,15,c18q1,12,29,17,704
semantic_domain_ablation,15,c18q2,26,56,30,1224
semantic_domain_ablation,15,c18q3,11,21,10,608
semantic_domain_ablation,15,c18q4,3,6,3,352
semantic_domain_ablation,15,c19q0,0,2,2,0
semantic_domain_ablation,15,c19q1,0,23,23,24
semantic_domain_ablation,15,c19q2,13,25,12,608
semantic_domain_ablation,15,c19q3,13,20,7,448
semantic_domain_ablation,15,c19q4,4,5,1,152
semantic_domain_ablation,15,c20q0,0,3,3,40
semantic_domain_ablation,15,c20q1,32,35,3,968
semantic_domain_ablation,15,c20q2,58,42,-16,2440
semantic_domain_ablation,15,c20q3,33,23,-10,1496
semantic_domain_ablation,15,c20q4,40,18,-22,1848
semantic_domain_ablation,15,c21q0,7,1,-6,208
semantic_domain_ablation,15,c21q1,43,21,-22,1664
semantic_domain_ablation,15,c21q2,102,52,-50,4872
semantic_domain_ablation,15,c21q3,137,49,-88,5728
semantic_domain_ablation,15,c21q4,58,17,-41,2336
semantic_domain_ablation,15,c22q0,0,0,0,0
semantic_domain_ablation,15,c22q1,3,2,-1,104
semantic_domain_ablation,15,c22q2,17,6,-11,824
semantic_domain_ablation,15,c22q3,30,20,-10,1456
semantic_domain_ablation,15,c22q4,7,8,1,504
semantic_domain_ablation,15,c23q0,4,5,1,248
semantic_domain_ablation,15,c23q1,41,36,-5,1800
semantic_domain_ablation,15,c23q2,91,69,-22,3560
semantic_domain_ablation,15,c23q3,123,83,-40,4472
semantic_domain_ablation,15,c23q4,84,32,-52,3304
semantic_domain_ablation,15,c24q0,11,6,-5,640
semantic_domain_ablation,15,c24q1,68,39,-29,2800
semantic_domain_ablation,15,c24q2,120,60,-60,5048
semantic_domain_ablation,15,c24q3,89,30,-59,3488
semantic_domain_ablation,15,c24q4,32,26,-6,1744
semantic_domain_ablation,15,c25q0,47,37,-10,1816
semantic_domain_ablation,15,c25q1,126,77,-49,5208
semantic_domain_ablation,15,c25q2,183,127,-56,7928
semantic_domain_ablation,15,c25q3,137,93,-44,5368
semantic_domain_ablation,15,c25q4,40,26,-14,2200
semantic_domain_ablation,15,c26q0,0,7,7,0
semantic_domain_ablation,15,c26q1,1,35,34,16
semantic_domain_ablation,15,c26q2,14,87,73,552
semantic_domain_ablation,15,c26q3,20,124,104,928
semantic_domain_ablation,15,c26q4,26,168,142,1240
semantic_domain_ablation,15,c27q0,0,0,0,0
semantic_domain_ablation,15,c27q1,0,1,1,56
semantic_domain_ablation,15,c27q2,8,13,5,288
semantic_domain_ablation,15,c27q3,10,7,-3,432
semantic_domain_ablation,15,c27q4,2,0,-2,168
semantic_domain_ablation,15,c28q0,0,0,0,0
semantic_domain_ablation,15,c28q1,85,200,115,3488
semantic_domain_ablation,15,c28q2,205,217,12,9456
semantic_domain_ablation,15,c28q3,342,288,-54,14944
semantic_domain_ablation,15,c28q4,177,158,-19,7352
semantic_domain_ablation,15,c29q0,18,18,0,840
semantic_domain_ablation,15,c29q1,30,42,12,1224
semantic_domain_ablation,15,c29q2,80,70,-10,3280
semantic_domain_ablation,15,c29q3,84,88,4,4128
semantic_domain_ablation,15,c29q4,83,35,-48,3664
semantic_domain_ablation,15,c30q0,0,3,3,0
semantic_domain_ablation,15,c30q1,10,14,4,896
semantic_domain_ablation,15,c30q2,82,60,-22,3664
semantic_domain_ablation,15,c30q3,300,250,-50,11096
semantic_domain_ablation,15,c30q4,480,427,-53,19664
semantic_domain_ablation,15,c31q0,0,0,0,0
semantic_domain_ablation,15,c31q1,0,5,5,16
semantic_domain_ablation,15,c31q2,3,9,6,64
semantic_domain_ablation,15,c31q3,2,13,11,104
semantic_domain_ablation,15,c31q4,2,9,7,56
semantic_domain_ablation,15,c32q0,7,39,32,280
semantic_domain_ablation,15,c32q1,40,207,167,1768
semantic_domain_ablation,15,c32q2,222,240,18,10272
semantic_domain_ablation,15,c32q3,407,322,-85,17496
semantic_domain_ablation,15,c32q4,158,134,-24,6632
semantic_domain_ablation,15,c33q0,0,2,2,0
semantic_domain_ablation,15,c33q1,0,10,10,104
semantic_domain_ablation,15,c33q2,4,31,27,288
semantic_domain_ablation,15,c33q3,8,47,39,456
semantic_domain_ablation,15,c33q4,24,30,6,792
semantic_domain_ablation,15,c34q0,0,0,0,0
semantic_domain_ablation,15,c34q1,12,3,-9,288
semantic_domain_ablation,15,c34q2,19,15,-4,856
semantic_domain_ablation,15,c34q3,22,16,-6,976
semantic_domain_ablation,15,c34q4,6,6,0,512
semantic_domain_ablation,15,c35q0,0,9,9,64
semantic_domain_ablation,15,c35q1,25,38,13,976
semantic_domain_ablation,15,c35q2,37,61,24,1544
semantic_domain_ablation,15,c35q3,27,34,7,1064
semantic_domain_ablation,15,c35q4,12,6,-6,416
semantic_domain_ablation,15,c36q0,2,7,5,56
semantic_domain_ablation,15,c36q1,6,24,18,280
semantic_domain_ablation,15,c36q2,11,30,19,504
semantic_domain_ablation,15,c36q3,7,12,5,264
semantic_domain_ablation,15,c36q4,4,4,0,96
semantic_domain_ablation,15,c37q0,1,7,6,24
semantic_domain_ablation,15,c37q1,11,16,5,256
semantic_domain_ablation,15,c37q2,23,47,24,1008
semantic_domain_ablation,15,c37q3,35,72,37,1616
semantic_domain_ablation,15,c37q4,38,67,29,1360
semantic_domain_ablation,15,c38q0,22,29,7,808
semantic_domain_ablation,15,c38q1,40,69,29,2176
semantic_domain_ablation,15,c38q2,151,125,-26,6968
semantic_domain_ablation,15,c38q3,229,139,-90,8488
semantic_domain_ablation,15,c38q4,214,98,-116,8568
semantic_domain_ablation,15,c39q0,4,1,-3,120
semantic_domain_ablation,15,c39q1,38,30,-8,1520
semantic_domain_ablation,15,c39q2,184,187,3,7728
semantic_domain_ablation,15,c39q3,104,77,-27,3800
semantic_domain_ablation,15,c39q4,77,60,-17,3640
semantic_domain_ablation,16,c00q0,0,1,1,0
semantic_domain_ablation,16,c00q1,4,30,26,280
semantic_domain_ablation,16,c00q2,19,100,81,1016
semantic_domain_ablation,16,c00q3,28,87,59,1104
semantic_domain_ablation,16,c00q4,10,58,48,640
semantic_domain_ablation,16,c01q0,26,43,17,896
semantic_domain_ablation,16,c01q1,31,44,13,1440
semantic_domain_ablation,16,c01q2,77,53,-24,3424
semantic_domain_ablation,16,c01q3,131,114,-17,5112
semantic_domain_ablation,16,c01q4,126,109,-17,5640
semantic_domain_ablation,16,c02q0,0,0,0,0
semantic_domain_ablation,16,c02q1,6,5,-1,328
semantic_domain_ablation,16,c02q2,28,24,-4,1128
semantic_domain_ablation,16,c02q3,38,28,-10,1608
semantic_domain_ablation,16,c02q4,45,23,-22,1600
semantic_domain_ablation,16,c03q0,16,12,-4,736
semantic_domain_ablation,16,c03q1,93,88,-5,4680
semantic_domain_ablation,16,c03q2,93,70,-23,4744
semantic_domain_ablation,16,c03q3,159,61,-98,7280
semantic_domain_ablation,16,c03q4,101,36,-65,4720
semantic_domain_ablation,16,c04q0,0,0,0,0
semantic_domain_ablation,16,c04q1,1,6,5,16
semantic_domain_ablation,16,c04q2,13,11,-2,696
semantic_domain_ablation,16,c04q3,13,10,-3,416
semantic_domain_ablation,16,c04q4,5,2,-3,88
semantic_domain_ablation,16,c05q0,1,5,4,48
semantic_domain_ablation,16,c05q1,7,12,5,224
semantic_domain_ablation,16,c05q2,20,51,31,984
semantic_domain_ablation,16,c05q3,50,109,59,2336
semantic_domain_ablation,16,c05q4,30,78,48,1512
semantic_domain_ablation,16,c06q0,0,0,0,0
semantic_domain_ablation,16,c06q1,2,2,0,48
semantic_domain_ablation,16,c06q2,5,11,6,232
semantic_domain_ablation,16,c06q3,28,6,-22,1088
semantic_domain_ablation,16,c06q4,18,8,-10,896
semantic_domain_ablation,16,c07q0,1,17,16,56
semantic_domain_ablation,16,c07q1,24,28,4,880
semantic_domain_ablation,16,c07q2,59,45,-14,2160
semantic_domain_ablation,16,c07q3,38,27,-11,1896
semantic_domain_ablation,16,c07q4,14,8,-6,432
semantic_domain_ablation,16,c08q0,0,0,0,0
semantic_domain_ablation,16,c08q1,1,2,1,24
semantic_domain_ablation,16,c08q2,6,19,13,192
semantic_domain_ablation,16,c08q3,5,31,26,288
semantic_domain_ablation,16,c08q4,11,14,3,416
semantic_domain_ablation,16,c09q0,0,5,5,0
semantic_domain_ablation,16,c09q1,3,5,2,56
semantic_domain_ablation,16,c09q2,2,26,24,144
semantic_domain_ablation,16,c09q3,3,15,12,208
semantic_domain_ablation,16,c09q4,2,2,0,48
semantic_domain_ablation,16,c10q0,0,2,2,16
semantic_domain_ablation,16,c10q1,9,18,9,208
semantic_domain_ablation,16,c10q2,4,21,17,336
semantic_domain_ablation,16,c10q3,6,9,3,272
semantic_domain_ablation,16,c10q4,2,5,3,104
semantic_domain_ablation,16,c11q0,0,1,1,40
semantic_domain_ablation,16,c11q1,10,12,2,472
semantic_domain_ablation,16,c11q2,30,24,-6,1168
semantic_domain_ablation,16,c11q3,33,18,-15,1000
semantic_domain_ablation,16,c11q4,7,8,1,296
semantic_domain_ablation,16,c12q0,3,1,-2,88
semantic_domain_ablation,16,c12q1,35,25,-10,1432
semantic_domain_ablation,16,c12q2,83,50,-33,3248
semantic_domain_ablation,16,c12q3,63,48,-15,3368
semantic_domain_ablation,16,c12q4,29,15,-14,920
semantic_domain_ablation,16,c13q0,0,1,1,0
semantic_domain_ablation,16,c13q1,4,17,13,384
semantic_domain_ablation,16,c13q2,15,78,63,1056
semantic_domain_ablation,16,c13q3,63,141,78,2536
semantic_domain_ablation,16,c13q4,22,49,27,1176
semantic_domain_ablation,16,c14q0,4,30,26,328
semantic_domain_ablation,16,c14q1,119,289,170,4400
semantic_domain_ablation,16,c14q2,256,268,12,12048
semantic_domain_ablation,16,c14q3,271,244,-27,11680
semantic_domain_ablation,16,c14q4,60,34,-26,2400
semantic_domain_ablation,16,c15q0,0,1,1,0
semantic_domain_ablation,16,c15q1,0,5,5,24
semantic_domain_ablation,16,c15q2,1,11,10,64
semantic_domain_ablation,16,c15q3,1,8,7,64
semantic_domain_ablation,16,c15q4,3,5,2,192
semantic_domain_ablation,16,c16q0,4,0,-4,136
semantic_domain_ablation,16,c16q1,21,0,-21,568
semantic_domain_ablation,16,c16q2,34,0,-34,1304
semantic_domain_ablation,16,c16q3,35,0,-35,1504
semantic_domain_ablation,16,c16q4,17,0,-17,600
semantic_domain_ablation,16,c17q0,33,27,-6,1552
semantic_domain_ablation,16,c17q1,96,61,-35,3800
semantic_domain_ablation,16,c17q2,158,69,-89,6392
semantic_domain_ablation,16,c17q3,110,79,-31,4952
semantic_domain_ablation,16,c17q4,40,18,-22,1328
semantic_domain_ablation,16,c18q0,2,6,4,88
semantic_domain_ablation,16,c18q1,12,31,19,704
semantic_domain_ablation,16,c18q2,26,48,22,1224
semantic_domain_ablation,16,c18q3,11,29,18,608
semantic_domain_ablation,16,c18q4,3,10,7,352
semantic_domain_ablation,16,c19q0,0,1,1,0
semantic_domain_ablation,16,c19q1,0,20,20,24
semantic_domain_ablation,16,c19q2,13,23,10,608
semantic_domain_ablation,16,c19q3,13,25,12,448
semantic_domain_ablation,16,c19q4,4,4,0,152
semantic_domain_ablation,16,c20q0,0,2,2,40
semantic_domain_ablation,16,c20q1,32,30,-2,968
semantic_domain_ablation,16,c20q2,58,43,-15,2440
semantic_domain_ablation,16,c20q3,33,30,-3,1496
semantic_domain_ablation,16,c20q4,40,16,-24,1848
semantic_domain_ablation,16,c21q0,7,1,-6,208
semantic_domain_ablation,16,c21q1,43,12,-31,1664
semantic_domain_ablation,16,c21q2,102,54,-48,4872
semantic_domain_ablation,16,c21q3,137,59,-78,5728
semantic_domain_ablation,16,c21q4,58,19,-39,2336
semantic_domain_ablation,16,c22q0,0,0,0,0
semantic_domain_ablation,16,c22q1,3,2,-1,104
semantic_domain_ablation,16,c22q2,17,14,-3,824
semantic_domain_ablation,16,c22q3,30,10,-20,1456
semantic_domain_ablation,16,c22q4,7,4,-3,504
semantic_domain_ablation,16,c23q0,4,8,4,248
semantic_domain_ablation,16,c23q1,41,32,-9,1800
semantic_domain_ablation,16,c23q2,91,57,-34,3560
semantic_domain_ablation,16,c23q3,123,90,-33,4472
semantic_domain_ablation,16,c23q4,84,36,-48,3304
semantic_domain_ablation,16,c24q0,11,9,-2,640
semantic_domain_ablation,16,c24q1,68,34,-34,2800
semantic_domain_ablation,16,c24q2,120,56,-64,5048
semantic_domain_ablation,16,c24q3,89,46,-43,3488
semantic_domain_ablation,16,c24q4,32,25,-7,1744
semantic_domain_ablation,16,c25q0,47,24,-23,1816
semantic_domain_ablation,16,c25q1,126,92,-34,5208
semantic_domain_ablation,16,c25q2,183,128,-55,7928
semantic_domain_ablation,16,c25q3,137,86,-51,5368
semantic_domain_ablation,16,c25q4,40,24,-16,2200
semantic_domain_ablation,16,c26q0,0,7,7,0
semantic_domain_ablation,16,c26q1,1,39,38,16
semantic_domain_ablation,16,c26q2,14,85,71,552
semantic_domain_ablation,16,c26q3,20,126,106,928
semantic_domain_ablation,16,c26q4,26,172,146,1240
semantic_domain_ablation,16,c27q0,0,0,0,0
semantic_domain_ablation,16,c27q1,0,1,1,56
semantic_domain_ablation,16,c27q2,8,15,7,288
semantic_domain_ablation,16,c27q3,10,5,-5,432
semantic_domain_ablation,16,c27q4,2,3,1,168
semantic_domain_ablation,16,c28q0,0,3,3,0
semantic_domain_ablation,16,c28q1,85,200,115,3488
semantic_domain_ablation,16,c28q2,205,205,0,9456
semantic_domain_ablation,16,c28q3,342,304,-38,14944
semantic_domain_ablation,16,c28q4,177,155,-22,7352
semantic_domain_ablation,16,c29q0,18,21,3,840
semantic_domain_ablation,16,c29q1,30,28,-2,1224
semantic_domain_ablation,16,c29q2,80,87,7,3280
semantic_domain_ablation,16,c29q3,84,87,3,4128
semantic_domain_ablation,16,c29q4,83,32,-51,3664
semantic_domain_ablation,16,c30q0,0,0,0,0
semantic_domain_ablation,16,c30q1,10,25,15,896
semantic_domain_ablation,16,c30q2,82,55,-27,3664
semantic_domain_ablation,16,c30q3,300,240,-60,11096
semantic_domain_ablation,16,c30q4,480,436,-44,19664
semantic_domain_ablation,16,c31q0,0,1,1,0
semantic_domain_ablation,16,c31q1,0,6,6,16
semantic_domain_ablation,16,c31q2,3,14,11,64
semantic_domain_ablation,16,c31q3,2,12,10,104
semantic_domain_ablation,16,c31q4,2,3,1,56
semantic_domain_ablation,16,c32q0,7,41,34,280
semantic_domain_ablation,16,c32q1,40,212,172,1768
semantic_domain_ablation,16,c32q2,222,237,15,10272
semantic_domain_ablation,16,c32q3,407,331,-76,17496
semantic_domain_ablation,16,c32q4,158,137,-21,6632
semantic_domain_ablation,16,c33q0,0,0,0,0
semantic_domain_ablation,16,c33q1,0,12,12,104
semantic_domain_ablation,16,c33q2,4,24,20,288
semantic_domain_ablation,16,c33q3,8,51,43,456
semantic_domain_ablation,16,c33q4,24,33,9,792
semantic_domain_ablation,16,c34q0,0,1,1,0
semantic_domain_ablation,16,c34q1,12,5,-7,288
semantic_domain_ablation,16,c34q2,19,9,-10,856
semantic_domain_ablation,16,c34q3,22,15,-7,976
semantic_domain_ablation,16,c34q4,6,4,-2,512
semantic_domain_ablation,16,c35q0,0,13,13,64
semantic_domain_ablation,16,c35q1,25,37,12,976
semantic_domain_ablation,16,c35q2,37,62,25,1544
semantic_domain_ablation,16,c35q3,27,34,7,1064
semantic_domain_ablation,16,c35q4,12,11,-1,416
semantic_domain_ablation,16,c36q0,2,6,4,56
semantic_domain_ablation,16,c36q1,6,23,17,280
semantic_domain_ablation,16,c36q2,11,31,20,504
semantic_domain_ablation,16,c36q3,7,14,7,264
semantic_domain_ablation,16,c36q4,4,4,0,96
semantic_domain_ablation,16,c37q0,1,2,1,24
semantic_domain_ablation,16,c37q1,11,19,8,256
semantic_domain_ablation,16,c37q2,23,41,18,1008
semantic_domain_ablation,16,c37q3,35,79,44,1616
semantic_domain_ablation,16,c37q4,38,67,29,1360
semantic_domain_ablation,16,c38q0,22,31,9,808
semantic_domain_ablation,16,c38q1,40,68,28,2176
semantic_domain_ablation,16,c38q2,151,122,-29,6968
semantic_domain_ablation,16,c38q3,229,141,-88,8488
semantic_domain_ablation,16,c38q4,214,101,-113,8568
semantic_domain_ablation,16,c39q0,4,3,-1,120
semantic_domain_ablation,16,c39q1,38,30,-8,1520
semantic_domain_ablation,16,c39q2,184,187,3,7728
semantic_domain_ablation,16,c39q3,104,78,-26,3800
semantic_domain_ablation,16,c39q4,77,60,-17,3640
semantic_domain_ablation,17,c00q0,0,1,1,0
semantic_domain_ablation,17,c00q1,4,30,26,280
semantic_domain_ablation,17,c00q2,19,100,81,1016
semantic_domain_ablation,17,c00q3,28,93,65,1104
semantic_domain_ablation,17,c00q4,10,53,43,640
semantic_domain_ablation,17,c01q0,26,47,21,896
semantic_domain_ablation,17,c01q1,31,40,9,1440
semantic_domain_ablation,17,c01q2,77,61,-16,3424
semantic_domain_ablation,17,c01q3,131,117,-14,5112
semantic_domain_ablation,17,c01q4,126,105,-21,5640
semantic_domain_ablation,17,c02q0,0,0,0,0
semantic_domain_ablation,17,c02q1,6,6,0,328
semantic_domain_ablation,17,c02q2,28,24,-4,1128
semantic_domain_ablation,17,c02q3,38,25,-13,1608
semantic_domain_ablation,17,c02q4,45,25,-20,1600
semantic_domain_ablation,17,c03q0,16,14,-2,736
semantic_domain_ablation,17,c03q1,93,89,-4,4680
semantic_domain_ablation,17,c03q2,93,73,-20,4744
semantic_domain_ablation,17,c03q3,159,58,-101,7280
semantic_domain_ablation,17,c03q4,101,43,-58,4720
semantic_domain_ablation,17,c04q0,0,2,2,0
semantic_domain_ablation,17,c04q1,1,6,5,16
semantic_domain_ablation,17,c04q2,13,13,0,696
semantic_domain_ablation,17,c04q3,13,6,-7,416
semantic_domain_ablation,17,c04q4,5,1,-4,88
semantic_domain_ablation,17,c05q0,1,3,2,48
semantic_domain_ablation,17,c05q1,7,10,3,224
semantic_domain_ablation,17,c05q2,20,54,34,984
semantic_domain_ablation,17,c05q3,50,110,60,2336
semantic_domain_ablation,17,c05q4,30,85,55,1512
semantic_domain_ablation,17,c06q0,0,0,0,0
semantic_domain_ablation,17,c06q1,2,1,-1,48
semantic_domain_ablation,17,c06q2,5,6,1,232
semantic_domain_ablation,17,c06q3,28,10,-18,1088
semantic_domain_ablation,17,c06q4,18,7,-11,896
semantic_domain_ablation,17,c07q0,1,14,13,56
semantic_domain_ablation,17,c07q1,24,37,13,880
semantic_domain_ablation,17,c07q2,59,37,-22,2160
semantic_domain_ablation,17,c07q3,38,28,-10,1896
semantic_domain_ablation,17,c07q4,14,11,-3,432
semantic_domain_ablation,17,c08q0,0,0,0,0
semantic_domain_ablation,17,c08q1,1,3,2,24
semantic_domain_ablation,17,c08q2,6,22,16,192
semantic_domain_ablation,17,c08q3,5,27,22,288
semantic_domain_ablation,17,c08q4,11,14,3,416
semantic_domain_ablation,17,c09q0,0,3,3,0
semantic_domain_ablation,17,c09q1,3,10,7,56
semantic_domain_ablation,17,c09q2,2,25,23,144
semantic_domain_ablation,17,c09q3,3,17,14,208
semantic_domain_ablation,17,c09q4,2,5,3,48
semantic_domain_ablation,17,c10q0,0,2,2,16
semantic_domain_ablation,17,c10q1,9,15,6,208
semantic_domain_ablation,17,c10q2,4,17,13,336
semantic_domain_ablation,17,c10q3,6,10,4,272
semantic_domain_ablation,17,c10q4,2,4,2,104
semantic_domain_ablation,17,c11q0,0,3,3,40
semantic_domain_ablation,17,c11q1,10,9,-1,472
semantic_domain_ablation,17,c11q2,30,24,-6,1168
semantic_domain_ablation,17,c11q3,33,22,-11,1000
semantic_domain_ablation,17,c11q4,7,4,-3,296
semantic_domain_ablation,17,c12q0,3,6,3,88
semantic_domain_ablation,17,c12q1,35,24,-11,1432
semantic_domain_ablation,17,c12q2,83,52,-31,3248
semantic_domain_ablation,17,c12q3,63,44,-19,3368
semantic_domain_ablation,17,c12q4,29,9,-20,920
semantic_domain_ablation,17,c13q0,0,0,0,0
semantic_domain_ablation,17,c13q1,4,27,23,384
semantic_domain_ablation,17,c13q2,15,78,63,1056
semantic_domain_ablation,17,c13q3,63,132,69,2536
semantic_domain_ablation,17,c13q4,22,67,45,1176
semantic_domain_ablation,17,c14q0,4,25,21,328
semantic_domain_ablation,17,c14q1,119,295,176,4400
semantic_domain_ablation,17,c14q2,256,277,21,12048
semantic_domain_ablation,17,c14q3,271,236,-35,11680
semantic_domain_ablation,17,c14q4,60,39,-21,2400
semantic_domain_ablation,17,c15q0,0,0,0,0
semantic_domain_ablation,17,c15q1,0,8,8,24
semantic_domain_ablation,17,c15q2,1,15,14,64
semantic_domain_ablation,17,c15q3,1,9,8,64
semantic_domain_ablation,17,c15q4,3,6,3,192
semantic_domain_ablation,17,c16q0,4,3,-1,136
semantic_domain_ablation,17,c16q1,21,27,6,568
semantic_domain_ablation,17,c16q2,34,31,-3,1304
semantic_domain_ablation,17,c16q3,35,35,0,1504
semantic_domain_ablation,17,c16q4,17,5,-12,600
semantic_domain_ablation,17,c17q0,33,0,-33,1552
semantic_domain_ablation,17,c17q1,96,0,-96,3800
semantic_domain_ablation,17,c17q2,158,0,-158,6392
semantic_domain_ablation,17,c17q3,110,0,-110,4952
semantic_domain_ablation,17,c17q4,40,0,-40,1328
semantic_domain_ablation,17,c18q0,2,5,3,88
semantic_domain_ablation,17,c18q1,12,44,32,704
semantic_domain_ablation,17,c18q2,26,55,29,1224
semantic_domain_ablation,17,c18q3,11,27,16,608
semantic_domain_ablation,17,c18q4,3,8,5,352
semantic_domain_ablation,17,c19q0,0,2,2,0
semantic_domain_ablation,17,c19q1,0,19,19,24
semantic_domain_ablation,17,c19q2,13,28,15,608
semantic_domain_ablation,17,c19q3,13,22,9,448
semantic_domain_ablation,17,c19q4,4,6,2,152
semantic_domain_ablation,17,c20q0,0,2,2,40
semantic_domain_ablation,17,c20q1,32,35,3,968
semantic_domain_ablation,17,c20q2,58,42,-16,2440
semantic_domain_ablation,17,c20q3,33,21,-12,1496
semantic_domain_ablation,17,c20q4,40,21,-19,1848
semantic_domain_ablation,17,c21q0,7,1,-6,208
semantic_domain_ablation,17,c21q1,43,18,-25,1664
semantic_domain_ablation,17,c21q2,102,51,-51,4872
semantic_domain_ablation,17,c21q3,137,51,-86,5728
semantic_domain_ablation,17,c21q4,58,28,-30,2336
semantic_domain_ablation,17,c22q0,0,0,0,0
semantic_domain_ablation,17,c22q1,3,3,0,104
semantic_domain_ablation,17,c22q2,17,13,-4,824
semantic_domain_ablation,17,c22q3,30,17,-13,1456
semantic_domain_ablation,17,c22q4,7,6,-1,504
semantic_domain_ablation,17,c23q0,4,12,8,248
semantic_domain_ablation,17,c23q1,41,27,-14,1800
semantic_domain_ablation,17,c23q2,91,48,-43,3560
semantic_domain_ablation,17,c23q3,123,78,-45,4472
semantic_domain_ablation,17,c23q4,84,38,-46,3304
semantic_domain_ablation,17,c24q0,11,9,-2,640
semantic_domain_ablation,17,c24q1,68,40,-28,2800
semantic_domain_ablation,17,c24q2,120,61,-59,5048
semantic_domain_ablation,17,c24q3,89,38,-51,3488
semantic_domain_ablation,17,c24q4,32,21,-11,1744
semantic_domain_ablation,17,c25q0,47,41,-6,1816
semantic_domain_ablation,17,c25q1,126,86,-40,5208
semantic_domain_ablation,17,c25q2,183,134,-49,7928
semantic_domain_ablation,17,c25q3,137,88,-49,5368
semantic_domain_ablation,17,c25q4,40,21,-19,2200
semantic_domain_ablation,17,c26q0,0,5,5,0
semantic_domain_ablation,17,c26q1,1,40,39,16
semantic_domain_ablation,17,c26q2,14,93,79,552
semantic_domain_ablation,17,c26q3,20,125,105,928
semantic_domain_ablation,17,c26q4,26,187,161,1240
semantic_domain_ablation,17,c27q0,0,0,0,0
semantic_domain_ablation,17,c27q1,0,3,3,56
semantic_domain_ablation,17,c27q2,8,11,3,288
semantic_domain_ablation,17,c27q3,10,7,-3,432
semantic_domain_ablation,17,c27q4,2,0,-2,168
semantic_domain_ablation,17,c28q0,0,2,2,0
semantic_domain_ablation,17,c28q1,85,193,108,3488
semantic_domain_ablation,17,c28q2,205,219,14,9456
semantic_domain_ablation,17,c28q3,342,300,-42,14944
semantic_domain_ablation,17,c28q4,177,147,-30,7352
semantic_domain_ablation,17,c29q0,18,24,6,840
semantic_domain_ablation,17,c29q1,30,40,10,1224
semantic_domain_ablation,17,c29q2,80,88,8,3280
semantic_domain_ablation,17,c29q3,84,99,15,4128
semantic_domain_ablation,17,c29q4,83,22,-61,3664
semantic_domain_ablation,17,c30q0,0,0,0,0
semantic_domain_ablation,17,c30q1,10,19,9,896
semantic_domain_ablation,17,c30q2,82,77,-5,3664
semantic_domain_ablation,17,c30q3,300,222,-78,11096
semantic_domain_ablation,17,c30q4,480,452,-28,19664
semantic_domain_ablation,17,c31q0,0,0,0,0
semantic_domain_ablation,17,c31q1,0,4,4,16
semantic_domain_ablation,17,c31q2,3,10,7,64
semantic_domain_ablation,17,c31q3,2,5,3,104
semantic_domain_ablation,17,c31q4,2,9,7,56
semantic_domain_ablation,17,c32q0,7,42,35,280
semantic_domain_ablation,17,c32q1,40,227,187,1768
semantic_domain_ablation,17,c32q2,222,228,6,10272
semantic_domain_ablation,17,c32q3,407,345,-62,17496
semantic_domain_ablation,17,c32q4,158,135,-23,6632
semantic_domain_ablation,17,c33q0,0,1,1,0
semantic_domain_ablation,17,c33q1,0,14,14,104
semantic_domain_ablation,17,c33q2,4,26,22,288
semantic_domain_ablation,17,c33q3,8,46,38,456
semantic_domain_ablation,17,c33q4,24,41,17,792
semantic_domain_ablation,17,c34q0,0,1,1,0
semantic_domain_ablation,17,c34q1,12,2,-10,288
semantic_domain_ablation,17,c34q2,19,6,-13,856
semantic_domain_ablation,17,c34q3,22,12,-10,976
semantic_domain_ablation,17,c34q4,6,11,5,512
semantic_domain_ablation,17,c35q0,0,7,7,64
semantic_domain_ablation,17,c35q1,25,40,15,976
semantic_domain_ablation,17,c35q2,37,56,19,1544
semantic_domain_ablation,17,c35q3,27,41,14,1064
semantic_domain_ablation,17,c35q4,12,10,-2,416
semantic_domain_ablation,17,c36q0,2,4,2,56
semantic_domain_ablation,17,c36q1,6,19,13,280
semantic_domain_ablation,17,c36q2,11,36,25,504
semantic_domain_ablation,17,c36q3,7,17,10,264
semantic_domain_ablation,17,c36q4,4,6,2,96
semantic_domain_ablation,17,c37q0,1,7,6,24
semantic_domain_ablation,17,c37q1,11,17,6,256
semantic_domain_ablation,17,c37q2,23,38,15,1008
semantic_domain_ablation,17,c37q3,35,79,44,1616
semantic_domain_ablation,17,c37q4,38,66,28,1360
semantic_domain_ablation,17,c38q0,22,29,7,808
semantic_domain_ablation,17,c38q1,40,69,29,2176
semantic_domain_ablation,17,c38q2,151,127,-24,6968
semantic_domain_ablation,17,c38q3,229,147,-82,8488
semantic_domain_ablation,17,c38q4,214,102,-112,8568
semantic_domain_ablation,17,c39q0,4,0,-4,120
semantic_domain_ablation,17,c39q1,38,33,-5,1520
semantic_domain_ablation,17,c39q2,184,184,0,7728
semantic_domain_ablation,17,c39q3,104,83,-21,3800
semantic_domain_ablation,17,c39q4,77,61,-16,3640
semantic_domain_ablation,18,c00q0,0,1,1,0
semantic_domain_ablation,18,c00q1,4,30,26,280
semantic_domain_ablation,18,c00q2,19,100,81,1016
semantic_domain_ablation,18,c00q3,28,88,60,1104
semantic_domain_ablation,18,c00q4,10,57,47,640
semantic_domain_ablation,18,c01q0,26,43,17,896
semantic_domain_ablation,18,c01q1,31,44,13,1440
semantic_domain_ablation,18,c01q2,77,53,-24,3424
semantic_domain_ablation,18,c01q3,131,115,-16,5112
semantic_domain_ablation,18,c01q4,126,108,-18,5640
semantic_domain_ablation,18,c02q0,0,1,1,0
semantic_domain_ablation,18,c02q1,6,5,-1,328
semantic_domain_ablation,18,c02q2,28,23,-5,1128
semantic_domain_ablation,18,c02q3,38,28,-10,1608
semantic_domain_ablation,18,c02q4,45,23,-22,1600
semantic_domain_ablation,18,c03q0,16,14,-2,736
semantic_domain_ablation,18,c03q1,93,86,-7,4680
semantic_domain_ablation,18,c03q2,93,70,-23,4744
semantic_domain_ablation,18,c03q3,159,61,-98,7280
semantic_domain_ablation,18,c03q4,101,37,-64,4720
semantic_domain_ablation,18,c04q0,0,2,2,0
semantic_domain_ablation,18,c04q1,1,5,4,16
semantic_domain_ablation,18,c04q2,13,9,-4,696
semantic_domain_ablation,18,c04q3,13,12,-1,416
semantic_domain_ablation,18,c04q4,5,4,-1,88
semantic_domain_ablation,18,c05q0,1,4,3,48
semantic_domain_ablation,18,c05q1,7,9,2,224
semantic_domain_ablation,18,c05q2,20,52,32,984
semantic_domain_ablation,18,c05q3,50,108,58,2336
semantic_domain_ablation,18,c05q4,30,80,50,1512
semantic_domain_ablation,18,c06q0,0,0,0,0
semantic_domain_ablation,18,c06q1,2,0,-2,48
semantic_domain_ablation,18,c06q2,5,11,6,232
semantic_domain_ablation,18,c06q3,28,10,-18,1088
semantic_domain_ablation,18,c06q4,18,7,-11,896
semantic_domain_ablation,18,c07q0,1,17,16,56
semantic_domain_ablation,18,c07q1,24,25,1,880
semantic_domain_ablation,18,c07q2,59,46,-13,2160
semantic_domain_ablation,18,c07q3,38,27,-11,1896
semantic_domain_ablation,18,c07q4,14,9,-5,432
semantic_domain_ablation,18,c08q0,0,0,0,0
semantic_domain_ablation,18,c08q1,1,2,1,24
semantic_domain_ablation,18,c08q2,6,18,12,192
semantic_domain_ablation,18,c08q3,5,33,28,288
semantic_domain_ablation,18,c08q4,11,16,5,416
semantic_domain_ablation,18,c09q0,0,1,1,0
semantic_domain_ablation,18,c09q1,3,4,1,56
semantic_domain_ablation,18,c09q2,2,26,24,144
semantic_domain_ablation,18,c09q3,3,16,13,208
semantic_domain_ablation,18,c09q4,2,3,1,48
semantic_domain_ablation,18,c10q0,0,4,4,16
semantic_domain_ablation,18,c10q1,9,15,6,208
semantic_domain_ablation,18,c10q2,4,21,17,336
semantic_domain_ablation,18,c10q3,6,9,3,272
semantic_domain_ablation,18,c10q4,2,5,3,104
semantic_domain_ablation,18,c11q0,0,2,2,40
semantic_domain_ablation,18,c11q1,10,13,3,472
semantic_domain_ablation,18,c11q2,30,23,-7,1168
semantic_domain_ablation,18,c11q3,33,18,-15,1000
semantic_domain_ablation,18,c11q4,7,7,0,296
semantic_domain_ablation,18,c12q0,3,2,-1,88
semantic_domain_ablation,18,c12q1,35,26,-9,1432
semantic_domain_ablation,18,c12q2,83,48,-35,3248
semantic_domain_ablation,18,c12q3,63,48,-15,3368
semantic_domain_ablation,18,c12q4,29,15,-14,920
semantic_domain_ablation,18,c13q0,0,1,1,0
semantic_domain_ablation,18,c13q1,4,16,12,384
semantic_domain_ablation,18,c13q2,15,81,66,1056
semantic_domain_ablation,18,c13q3,63,139,76,2536
semantic_domain_ablation,18,c13q4,22,49,27,1176
semantic_domain_ablation,18,c14q0,4,31,27,328
semantic_domain_ablation,18,c14q1,119,291,172,4400
semantic_domain_ablation,18,c14q2,256,265,9,12048
semantic_domain_ablation,18,c14q3,271,245,-26,11680
semantic_domain_ablation,18,c14q4,60,36,-24,2400
semantic_domain_ablation,18,c15q0,0,1,1,0
semantic_domain_ablation,18,c15q1,0,4,4,24
semantic_domain_ablation,18,c15q2,1,10,9,64
semantic_domain_ablation,18,c15q3,1,9,8,64
semantic_domain_ablation,18,c15q4,3,5,2,192
semantic_domain_ablation,18,c16q0,4,5,1,136
semantic_domain_ablation,18,c16q1,21,21,0,568
semantic_domain_ablation,18,c16q2,34,42,8,1304
semantic_domain_ablation,18,c16q3,35,40,5,1504
semantic_domain_ablation,18,c16q4,17,11,-6,600
semantic_domain_ablation,18,c17q0,33,20,-13,1552
semantic_domain_ablation,18,c17q1,96,46,-50,3800
semantic_domain_ablation,18,c17q2,158,97,-61,6392
semantic_domain_ablation,18,c17q3,110,65,-45,4952
semantic_domain_ablation,18,c17q4,40,17,-23,1328
semantic_domain_ablation,18,c18q0,2,0,-2,88
semantic_domain_ablation,18,c18q1,12,0,-12,704
semantic_domain_ablation,18,c18q2,26,0,-26,1224
semantic_domain_ablation,18,c18q3,11,0,-11,608
semantic_domain_ablation,18,c18q4,3,0,-3,352
semantic_domain_ablation,18,c19q0,0,1,1,0
semantic_domain_ablation,18,c19q1,0,24,24,24
semantic_domain_ablation,18,c19q2,13,25,12,608
semantic_domain_ablation,18,c19q3,13,22,9,448
semantic_domain_ablation,18,c19q4,4,6,2,152
semantic_domain_ablation,18,c20q0,0,1,1,40
semantic_domain_ablation,18,c20q1,32,30,-2,968
semantic_domain_ablation,18,c20q2,58,44,-14,2440
semantic_domain_ablation,18,c20q3,33,30,-3,1496
semantic_domain_ablation,18,c20q4,40,15,-25,1848
semantic_domain_ablation,18,c21q0,7,1,-6,208
semantic_domain_ablation,18,c21q1,43,13,-30,1664
semantic_domain_ablation,18,c21q2,102,52,-50,4872
semantic_domain_ablation,18,c21q3,137,61,-76,5728
semantic_domain_ablation,18,c21q4,58,20,-38,2336
semantic_domain_ablation,18,c22q0,0,0,0,0
semantic_domain_ablation,18,c22q1,3,1,-2,104
semantic_domain_ablation,18,c22q2,17,8,-9,824
semantic_domain_ablation,18,c22q3,30,18,-12,1456
semantic_domain_ablation,18,c22q4,7,3,-4,504
semantic_domain_ablation,18,c23q0,4,7,3,248
semantic_domain_ablation,18,c23q1,41,30,-11,1800
semantic_domain_ablation,18,c23q2,91,60,-31,3560
semantic_domain_ablation,18,c23q3,123,88,-35,4472
semantic_domain_ablation,18,c23q4,84,36,-48,3304
semantic_domain_ablation,18,c24q0,11,8,-3,640
semantic_domain_ablation,18,c24q1,68,39,-29,2800
semantic_domain_ablation,18,c24q2,120,55,-65,5048
semantic_domain_ablation,18,c24q3,89,42,-47,3488
semantic_domain_ablation,18,c24q4,32,26,-6,1744
semantic_domain_ablation,18,c25q0,47,19,-28,1816
semantic_domain_ablation,18,c25q1,126,97,-29,5208
semantic_domain_ablation,18,c25q2,183,130,-53,7928
semantic_domain_ablation,18,c25q3,137,85,-52,5368
semantic_domain_ablation,18,c25q4,40,24,-16,2200
semantic_domain_ablation,18,c26q0,0,6,6,0
semantic_domain_ablation,18,c26q1,1,41,40,16
semantic_domain_ablation,18,c26q2,14,82,68,552
semantic_domain_ablation,18,c26q3,20,124,104,928
semantic_domain_ablation,18,c26q4,26,179,153,1240
semantic_domain_ablation,18,c27q0,0,0,0,0
semantic_domain_ablation,18,c27q1,0,2,2,56
semantic_domain_ablation,18,c27q2,8,11,3,288
semantic_domain_ablation,18,c27q3,10,7,-3,432
semantic_domain_ablation,18,c27q4,2,1,-1,168
semantic_domain_ablation,18,c28q0,0,2,2,0
semantic_domain_ablation,18,c28q1,85,202,117,3488
semantic_domain_ablation,18,c28q2,205,203,-2,9456
semantic_domain_ablation,18,c28q3,342,303,-39,14944
semantic_domain_ablation,18,c28q4,177,156,-21,7352
semantic_domain_ablation,18,c29q0,18,21,3,840
semantic_domain_ablation,18,c29q1,30,31,1,1224
semantic_domain_ablation,18,c29q2,80,86,6,3280
semantic_domain_ablation,18,c29q3,84,86,2,4128
semantic_domain_ablation,18,c29q4,83,31,-52,3664
semantic_domain_ablation,18,c30q0,0,3,3,0
semantic_domain_ablation,18,c30q1,10,24,14,896
semantic_domain_ablation,18,c30q2,82,57,-25,3664
semantic_domain_ablation,18,c30q3,300,241,-59,11096
semantic_domain_ablation,18,c30q4,480,432,-48,19664
semantic_domain_ablation,18,c31q0,0,1,1,0
semantic_domain_ablation,18,c31q1,0,8,8,16
semantic_domain_ablation,18,c31q2,3,10,7,64
semantic_domain_ablation,18,c31q3,2,15,13,104
semantic_domain_ablation,18,c31q4,2,7,5,56
semantic_domain_ablation,18,c32q0,7,38,31,280
semantic_domain_ablation,18,c32q1,40,213,173,1768
semantic_domain_ablation,18,c32q2,222,236,14,10272
semantic_domain_ablation,18,c32q3,407,334,-73,17496
semantic_domain_ablation,18,c32q4,158,136,-22,6632
semantic_domain_ablation,18,c33q0,0,2,2,0
semantic_domain_ablation,18,c33q1,0,11,11,104
semantic_domain_ablation,18,c33q2,4,23,19,288
semantic_domain_ablation,18,c33q3,8,51,43,456
semantic_domain_ablation,18,c33q4,24,32,8,792
semantic_domain_ablation,18,c34q0,0,1,1,0
semantic_domain_ablation,18,c34q1,12,6,-6,288
semantic_domain_ablation,18,c34q2,19,8,-11,856
semantic_domain_ablation,18,c34q3,22,15,-7,976
semantic_domain_ablation,18,c34q4,6,6,0,512
semantic_domain_ablation,18,c35q0,0,13,13,64
semantic_domain_ablation,18,c35q1,25,37,12,976
semantic_domain_ablation,18,c35q2,37,62,25,1544
semantic_domain_ablation,18,c35q3,27,34,7,1064
semantic_domain_ablation,18,c35q4,12,11,-1,416
semantic_domain_ablation,18,c36q0,2,6,4,56
semantic_domain_ablation,18,c36q1,6,22,16,280
semantic_domain_ablation,18,c36q2,11,30,19,504
semantic_domain_ablation,18,c36q3,7,16,9,264
semantic_domain_ablation,18,c36q4,4,5,1,96
semantic_domain_ablation,18,c37q0,1,2,1,24
semantic_domain_ablation,18,c37q1,11,18,7,256
semantic_domain_ablation,18,c37q2,23,42,19,1008
semantic_domain_ablation,18,c37q3,35,78,43,1616
semantic_domain_ablation,18,c37q4,38,68,30,1360
semantic_domain_ablation,18,c38q0,22,28,6,808
semantic_domain_ablation,18,c38q1,40,67,27,2176
semantic_domain_ablation,18,c38q2,151,126,-25,6968
semantic_domain_ablation,18,c38q3,229,141,-88,8488
semantic_domain_ablation,18,c38q4,214,101,-113,8568
semantic_domain_ablation,18,c39q0,4,1,-3,120
semantic_domain_ablation,18,c39q1,38,31,-7,1520
semantic_domain_ablation,18,c39q2,184,187,3,7728
semantic_domain_ablation,18,c39q3,104,79,-25,3800
semantic_domain_ablation,18,c39q4,77,60,-17,3640
semantic_domain_ablation,19,c00q0,0,1,1,0
semantic_domain_ablation,19,c00q1,4,30,26,280
semantic_domain_ablation,19,c00q2,19,100,81,1016
semantic_domain_ablation,19,c00q3,28,87,59,1104
semantic_domain_ablation,19,c00q4,10,58,48,640
semantic_domain_ablation,19,c01q0,26,40,14,896
semantic_domain_ablation,19,c01q1,31,47,16,1440
semantic_domain_ablation,19,c01q2,77,52,-25,3424
semantic_domain_ablation,19,c01q3,131,115,-16,5112
semantic_domain_ablation,19,c01q4,126,109,-17,5640
semantic_domain_ablation,19,c02q0,0,0,0,0
semantic_domain_ablation,19,c02q1,6,3,-3,328
semantic_domain_ablation,19,c02q2,28,25,-3,1128
semantic_domain_ablation,19,c02q3,38,24,-14,1608
semantic_domain_ablation,19,c02q4,45,26,-19,1600
semantic_domain_ablation,19,c03q0,16,12,-4,736
semantic_domain_ablation,19,c03q1,93,86,-7,4680
semantic_domain_ablation,19,c03q2,93,71,-22,4744
semantic_domain_ablation,19,c03q3,159,61,-98,7280
semantic_domain_ablation,19,c03q4,101,33,-68,4720
semantic_domain_ablation,19,c04q0,0,1,1,0
semantic_domain_ablation,19,c04q1,1,5,4,16
semantic_domain_ablation,19,c04q2,13,15,2,696
semantic_domain_ablation,19,c04q3,13,4,-9,416
semantic_domain_ablation,19,c04q4,5,2,-3,88
semantic_domain_ablation,19,c05q0,1,6,5,48
semantic_domain_ablation,19,c05q1,7,14,7,224
semantic_domain_ablation,19,c05q2,20,53,33,984
semantic_domain_ablation,19,c05q3,50,106,56,2336
semantic_domain_ablation,19,c05q4,30,79,49,1512
semantic_domain_ablation,19,c06q0,0,0,0,0
semantic_domain_ablation,19,c06q1,2,0,-2,48
semantic_domain_ablation,19,c06q2,5,8,3,232
semantic_domain_ablation,19,c06q3,28,12,-16,1088
semantic_domain_ablation,19,c06q4,18,9,-9,896
semantic_domain_ablation,19,c07q0,1,15,14,56
semantic_domain_ablation,19,c07q1,24,28,4,880
semantic_domain_ablation,19,c07q2,59,42,-17,2160
semantic_domain_ablation,19,c07q3,38,32,-6,1896
semantic_domain_ablation,19,c07q4,14,4,-10,432
semantic_domain_ablation,19,c08q0,0,0,0,0
semantic_domain_ablation,19,c08q1,1,3,2,24
semantic_domain_ablation,19,c08q2,6,15,9,192
semantic_domain_ablation,19,c08q3,5,30,25,288
semantic_domain_ablation,19,c08q4,11,21,10,416
semantic_domain_ablation,19,c09q0,0,2,2,0
semantic_domain_ablation,19,c09q1,3,8,5,56
semantic_domain_ablation,19,c09q2,2,24,22,144
semantic_domain_ablation,19,c09q3,3,15,12,208
semantic_domain_ablation,19,c09q4,2,2,0,48
semantic_domain_ablation,19,c10q0,0,3,3,16
semantic_domain_ablation,19,c10q1,9,18,9,208
semantic_domain_ablation,19,c10q2,4,20,16,336
semantic_domain_ablation,19,c10q3,6,9,3,272
semantic_domain_ablation,19,c10q4,2,3,1,104
semantic_domain_ablation,19,c11q0,0,2,2,40
semantic_domain_ablation,19,c11q1,10,13,3,472
semantic_domain_ablation,19,c11q2,30,28,-2,1168
semantic_domain_ablation,19,c11q3,33,16,-17,1000
semantic_domain_ablation,19,c11q4,7,4,-3,296
semantic_domain_ablation,19,c12q0,3,3,0,88
semantic_domain_ablation,19,c12q1,35,23,-12,1432
semantic_domain_ablation,19,c12q2,83,46,-37,3248
semantic_domain_ablation,19,c12q3,63,56,-7,3368
semantic_domain_ablation,19,c12q4,29,12,-17,920
semantic_domain_ablation,19,c13q0,0,0,0,0
semantic_domain_ablation,19,c13q1,4,21,17,384
semantic_domain_ablation,19,c13q2,15,71,56,1056
semantic_domain_ablation,19,c13q3,63,144,81,2536
semantic_domain_ablation,19,c13q4,22,48,26,1176
semantic_domain_ablation,19,c14q0,4,29,25,328
semantic_domain_ablation,19,c14q1,119,289,170,4400
semantic_domain_ablation,19,c14q2,256,270,14,12048
semantic_domain_ablation,19,c14q3,271,239,-32,11680
semantic_domain_ablation,19,c14q4,60,38,-22,2400
semantic_domain_ablation,19,c15q0,0,1,1,0
semantic_domain_ablation,19,c15q1,0,3,3,24
semantic_domain_ablation,19,c15q2,1,11,10,64
semantic_domain_ablation,19,c15q3,1,11,10,64
semantic_domain_ablation,19,c15q4,3,2,-1,192
semantic_domain_ablation,19,c16q0,4,3,-1,136
semantic_domain_ablation,19,c16q1,21,18,-3,568
semantic_domain_ablation,19,c16q2,34,41,7,1304
semantic_domain_ablation,19,c16q3,35,49,14,1504
semantic_domain_ablation,19,c16q4,17,9,-8,600
semantic_domain_ablation,19,c17q0,33,16,-17,1552
semantic_domain_ablation,19,c17q1,96,49,-47,3800
semantic_domain_ablation,19,c17q2,158,95,-63,6392
semantic_domain_ablation,19,c17q3,110,61,-49,4952
semantic_domain_ablation,19,c17q4,40,20,-20,1328
semantic_domain_ablation,19,c18q0,2,5,3,88
semantic_domain_ablation,19,c18q1,12,36,24,704
semantic_domain_ablation,19,c18q2,26,48,22,1224
semantic_domain_ablation,19,c18q3,11,20,9,608
semantic_domain_ablation,19,c18q4,3,8,5,352
semantic_domain_ablation,19,c19q0,0,0,0,0
semantic_domain_ablation,19,c19q1,0,0,0,24
semantic_domain_ablation,19,c19q2,13,0,-13,608
semantic_domain_ablation,19,c19q3,13,0,-13,448
semantic_domain_ablation,19,c19q4,4,0,-4,152
semantic_domain_ablation,19,c20q0,0,1,1,40
semantic_domain_ablation,19,c20q1,32,34,2,968
semantic_domain_ablation,19,c20q2,58,48,-10,2440
semantic_domain_ablation,19,c20q3,33,22,-11,1496
semantic_domain_ablation,19,c20q4,40,13,-27,1848
semantic_domain_ablation,19,c21q0,7,1,-6,208
semantic_domain_ablation,19,c21q1,43,21,-22,1664
semantic_domain_ablation,19,c21q2,102,57,-45,4872
semantic_domain_ablation,19,c21q3,137,49,-88,5728
semantic_domain_ablation,19,c21q4,58,24,-34,2336
semantic_domain_ablation,19,c22q0,0,0,0,0
semantic_domain_ablation,19,c22q1,3,2,-1,104
semantic_domain_ablation,19,c22q2,17,5,-12,824
semantic_domain_ablation,19,c22q3,30,13,-17,1456
semantic_domain_ablation,19,c22q4,7,3,-4,504
semantic_domain_ablation,19,c23q0,4,11,7,248
semantic_domain_ablation,19,c23q1,41,33,-8,1800
semantic_domain_ablation,19,c23q2,91,58,-33,3560
semantic_domain_ablation,19,c23q3,123,96,-27,4472
semantic_domain_ablation,19,c23q4,84,32,-52,3304
semantic_domain_ablation,19,c24q0,11,10,-1,640
semantic_domain_ablation,19,c24q1,68,28,-40,2800
semantic_domain_ablation,19,c24q2,120,65,-55,5048
semantic_domain_ablation,19,c24q3,89,44,-45,3488
semantic_domain_ablation,19,c24q4,32,13,-19,1744
semantic_domain_ablation,19,c25q0,47,33,-14,1816
semantic_domain_ablation,19,c25q1,126,86,-40,5208
semantic_domain_ablation,19,c25q2,183,129,-54,7928
semantic_domain_ablation,19,c25q3,137,90,-47,5368
semantic_domain_ablation,19,c25q4,40,20,-20,2200
semantic_domain_ablation,19,c26q0,0,11,11,0
semantic_domain_ablation,19,c26q1,1,35,34,16
semantic_domain_ablation,19,c26q2,14,90,76,552
semantic_domain_ablation,19,c26q3,20,122,102,928
semantic_domain_ablation,19,c26q4,26,172,146,1240
semantic_domain_ablation,19,c27q0,0,0,0,0
semantic_domain_ablation,19,c27q1,0,2,2,56
semantic_domain_ablation,19,c27q2,8,13,5,288
semantic_domain_ablation,19,c27q3,10,6,-4,432
semantic_domain_ablation,19,c27q4,2,0,-2,168
semantic_domain_ablation,19,c28q0,0,4,4,0
semantic_domain_ablation,19,c28q1,85,197,112,3488
semantic_domain_ablation,19,c28q2,205,212,7,9456
semantic_domain_ablation,19,c28q3,342,299,-43,14944
semantic_domain_ablation,19,c28q4,177,151,-26,7352
semantic_domain_ablation,19,c29q0,18,24,6,840
semantic_domain_ablation,19,c29q1,30,31,1,1224
semantic_domain_ablation,19,c29q2,80,82,2,3280
semantic_domain_ablation,19,c29q3,84,85,1,4128
semantic_domain_ablation,19,c29q4,83,35,-48,3664
semantic_domain_ablation,19,c30q0,0,5,5,0
semantic_domain_ablation,19,c30q1,10,20,10,896
semantic_domain_ablation,19,c30q2,82,54,-28,3664
semantic_domain_ablation,19,c30q3,300,245,-55,11096
semantic_domain_ablation,19,c30q4,480,430,-50,19664
semantic_domain_ablation,19,c31q0,0,0,0,0
semantic_domain_ablation,19,c31q1,0,7,7,16
semantic_domain_ablation,19,c31q2,3,15,12,64
semantic_domain_ablation,19,c31q3,2,9,7,104
semantic_domain_ablation,19,c31q4,2,7,5,56
semantic_domain_ablation,19,c32q0,7,41,34,280
semantic_domain_ablation,19,c32q1,40,211,171,1768
semantic_domain_ablation,19,c32q2,222,236,14,10272
semantic_domain_ablation,19,c32q3,407,330,-77,17496
semantic_domain_ablation,19,c32q4,158,132,-26,6632
semantic_domain_ablation,19,c33q0,0,3,3,0
semantic_domain_ablation,19,c33q1,0,12,12,104
semantic_domain_ablation,19,c33q2,4,23,19,288
semantic_domain_ablation,19,c33q3,8,53,45,456
semantic_domain_ablation,19,c33q4,24,34,10,792
semantic_domain_ablation,19,c34q0,0,0,0,0
semantic_domain_ablation,19,c34q1,12,1,-11,288
semantic_domain_ablation,19,c34q2,19,14,-5,856
semantic_domain_ablation,19,c34q3,22,11,-11,976
semantic_domain_ablation,19,c34q4,6,11,5,512
semantic_domain_ablation,19,c35q0,0,8,8,64
semantic_domain_ablation,19,c35q1,25,36,11,976
semantic_domain_ablation,19,c35q2,37,63,26,1544
semantic_domain_ablation,19,c35q3,27,34,7,1064
semantic_domain_ablation,19,c35q4,12,12,0,416
semantic_domain_ablation,19,c36q0,2,0,-2,56
semantic_domain_ablation,19,c36q1,6,27,21,280
semantic_domain_ablation,19,c36q2,11,30,19,504
semantic_domain_ablation,19,c36q3,7,15,8,264
semantic_domain_ablation,19,c36q4,4,1,-3,96
semantic_domain_ablation,19,c37q0,1,4,3,24
semantic_domain_ablation,19,c37q1,11,18,7,256
semantic_domain_ablation,19,c37q2,23,44,21,1008
semantic_domain_ablation,19,c37q3,35,76,41,1616
semantic_domain_ablation,19,c37q4,38,66,28,1360
semantic_domain_ablation,19,c38q0,22,30,8,808
semantic_domain_ablation,19,c38q1,40,69,29,2176
semantic_domain_ablation,19,c38q2,151,123,-28,6968
semantic_domain_ablation,19,c38q3,229,143,-86,8488
semantic_domain_ablation,19,c38q4,214,97,-117,8568
semantic_domain_ablation,19,c39q0,4,4,0,120
semantic_domain_ablation,19,c39q1,38,30,-8,1520
semantic_domain_ablation,19,c39q2,184,187,3,7728
semantic_domain_ablation,19,c39q3,104,77,-27,3800
semantic_domain_ablation,19,c39q4,77,60,-17,3640
semantic_domain_ablation,20,c00q0,0,1,1,0
semantic_domain_ablation,20,c00q1,4,30,26,280
semantic_domain_ablation,20,c00q2,19,100,81,1016
semantic_domain_ablation,20,c00q3,28,88,60,1104
semantic_domain_ablation,20,c00q4,10,57,47,640
semantic_domain_ablation,20,c01q0,26,43,17,896
semantic_domain_ablation,20,c01q1,31,44,13,1440
semantic_domain_ablation,20,c01q2,77,53,-24,3424
semantic_domain_ablation,20,c01q3,131,115,-16,5112
semantic_domain_ablation,20,c01q4,126,108,-18,5640
semantic_domain_ablation,20,c02q0,0,1,1,0
semantic_domain_ablation,20,c02q1,6,5,-1,328
semantic_domain_ablation,20,c02q2,28,23,-5,1128
semantic_domain_ablation,20,c02q3,38,28,-10,1608
semantic_domain_ablation,20,c02q4,45,23,-22,1600
semantic_domain_ablation,20,c03q0,16,14,-2,736
semantic_domain_ablation,20,c03q1,93,86,-7,4680
semantic_domain_ablation,20,c03q2,93,70,-23,4744
semantic_domain_ablation,20,c03q3,159,61,-98,7280
semantic_domain_ablation,20,c03q4,101,37,-64,4720
semantic_domain_ablation,20,c04q0,0,1,1,0
semantic_domain_ablation,20,c04q1,1,6,5,16
semantic_domain_ablation,20,c04q2,13,9,-4,696
semantic_domain_ablation,20,c04q3,13,12,-1,416
semantic_domain_ablation,20,c04q4,5,3,-2,88
semantic_domain_ablation,20,c05q0,1,4,3,48
semantic_domain_ablation,20,c05q1,7,10,3,224
semantic_domain_ablation,20,c05q2,20,52,32,984
semantic_domain_ablation,20,c05q3,50,108,58,2336
semantic_domain_ablation,20,c05q4,30,80,50,1512
semantic_domain_ablation,20,c06q0,0,0,0,0
semantic_domain_ablation,20,c06q1,2,0,-2,48
semantic_domain_ablation,20,c06q2,5,11,6,232
semantic_domain_ablation,20,c06q3,28,10,-18,1088
semantic_domain_ablation,20,c06q4,18,7,-11,896
semantic_domain_ablation,20,c07q0,1,17,16,56
semantic_domain_ablation,20,c07q1,24,25,1,880
semantic_domain_ablation,20,c07q2,59,46,-13,2160
semantic_domain_ablation,20,c07q3,38,27,-11,1896
semantic_domain_ablation,20,c07q4,14,9,-5,432
semantic_domain_ablation,20,c08q0,0,0,0,0
semantic_domain_ablation,20,c08q1,1,1,0,24
semantic_domain_ablation,20,c08q2,6,18,12,192
semantic_domain_ablation,20,c08q3,5,34,29,288
semantic_domain_ablation,20,c08q4,11,15,4,416
semantic_domain_ablation,20,c09q0,0,2,2,0
semantic_domain_ablation,20,c09q1,3,4,1,56
semantic_domain_ablation,20,c09q2,2,26,24,144
semantic_domain_ablation,20,c09q3,3,16,13,208
semantic_domain_ablation,20,c09q4,2,3,1,48
semantic_domain_ablation,20,c10q0,0,3,3,16
semantic_domain_ablation,20,c10q1,9,15,6,208
semantic_domain_ablation,20,c10q2,4,22,18,336
semantic_domain_ablation,20,c10q3,6,9,3,272
semantic_domain_ablation,20,c10q4,2,5,3,104
semantic_domain_ablation,20,c11q0,0,2,2,40
semantic_domain_ablation,20,c11q1,10,13,3,472
semantic_domain_ablation,20,c11q2,30,23,-7,1168
semantic_domain_ablation,20,c11q3,33,18,-15,1000
semantic_domain_ablation,20,c11q4,7,7,0,296
semantic_domain_ablation,20,c12q0,3,1,-2,88
semantic_domain_ablation,20,c12q1,35,27,-8,1432
semantic_domain_ablation,20,c12q2,83,48,-35,3248
semantic_domain_ablation,20,c12q3,63,48,-15,3368
semantic_domain_ablation,20,c12q4,29,15,-14,920
semantic_domain_ablation,20,c13q0,0,0,0,0
semantic_domain_ablation,20,c13q1,4,17,13,384
semantic_domain_ablation,20,c13q2,15,81,66,1056
semantic_domain_ablation,20,c13q3,63,139,76,2536
semantic_domain_ablation,20,c13q4,22,49,27,1176
semantic_domain_ablation,20,c14q0,4,31,27,328
semantic_domain_ablation,20,c14q1,119,290,171,4400
semantic_domain_ablation,20,c14q2,256,266,10,12048
semantic_domain_ablation,20,c14q3,271,245,-26,11680
semantic_domain_ablation,20,c14q4,60,36,-24,2400
semantic_domain_ablation,20,c15q0,0,0,0,0
semantic_domain_ablation,20,c15q1,0,4,4,24
semantic_domain_ablation,20,c15q2,1,11,10,64
semantic_domain_ablation,20,c15q3,1,9,8,64
semantic_domain_ablation,20,c15q4,3,5,2,192
semantic_domain_ablation,20,c16q0,4,5,1,136
semantic_domain_ablation,20,c16q1,21,20,-1,568
semantic_domain_ablation,20,c16q2,34,42,8,1304
semantic_domain_ablation,20,c16q3,35,40,5,1504
semantic_domain_ablation,20,c16q4,17,11,-6,600
semantic_domain_ablation,20,c17q0,33,21,-12,1552
semantic_domain_ablation,20,c17q1,96,46,-50,3800
semantic_domain_ablation,20,c17q2,158,97,-61,6392
semantic_domain_ablation,20,c17q3,110,64,-46,4952
semantic_domain_ablation,20,c17q4,40,18,-22,1328
semantic_domain_ablation,20,c18q0,2,8,6,88
semantic_domain_ablation,20,c18q1,12,29,17,704
semantic_domain_ablation,20,c18q2,26,51,25,1224
semantic_domain_ablation,20,c18q3,11,23,12,608
semantic_domain_ablation,20,c18q4,3,7,4,352
semantic_domain_ablation,20,c19q0,0,4,4,0
semantic_domain_ablation,20,c19q1,0,18,18,24
semantic_domain_ablation,20,c19q2,13,34,21,608
semantic_domain_ablation,20,c19q3,13,19,6,448
semantic_domain_ablation,20,c19q4,4,5,1,152
semantic_domain_ablation,20,c20q0,0,0,0,40
semantic_domain_ablation,20,c20q1,32,0,-32,968
semantic_domain_ablation,20,c20q2,58,0,-58,2440
semantic_domain_ablation,20,c20q3,33,0,-33,1496
semantic_domain_ablation,20,c20q4,40,0,-40,1848
semantic_domain_ablation,20,c21q0,7,1,-6,208
semantic_domain_ablation,20,c21q1,43,15,-28,1664
semantic_domain_ablation,20,c21q2,102,52,-50,4872
semantic_domain_ablation,20,c21q3,137,60,-77,5728
semantic_domain_ablation,20,c21q4,58,20,-38,2336
semantic_domain_ablation,20,c22q0,0,0,0,0
semantic_domain_ablation,20,c22q1,3,1,-2,104
semantic_domain_ablation,20,c22q2,17,7,-10,824
semantic_domain_ablation,20,c22q3,30,18,-12,1456
semantic_domain_ablation,20,c22q4,7,3,-4,504
semantic_domain_ablation,20,c23q0,4,8,4,248
semantic_domain_ablation,20,c23q1,41,30,-11,1800
semantic_domain_ablation,20,c23q2,91,60,-31,3560
semantic_domain_ablation,20,c23q3,123,87,-36,4472
semantic_domain_ablation,20,c23q4,84,38,-46,3304
semantic_domain_ablation,20,c24q0,11,7,-4,640
semantic_domain_ablation,20,c24q1,68,38,-30,2800
semantic_domain_ablation,20,c24q2,120,55,-65,5048
semantic_domain_ablation,20,c24q3,89,43,-46,3488
semantic_domain_ablation,20,c24q4,32,26,-6,1744
semantic_domain_ablation,20,c25q0,47,18,-29,1816
semantic_domain_ablation,20,c25q1,126,98,-28,5208
semantic_domain_ablation,20,c25q2,183,129,-54,7928
semantic_domain_ablation,20,c25q3,137,85,-52,5368
semantic_domain_ablation,20,c25q4,40,24,-16,2200
semantic_domain_ablation,20,c26q0,0,6,6,0
semantic_domain_ablation,20,c26q1,1,41,40,16
semantic_domain_ablation,20,c26q2,14,82,68,552
semantic_domain_ablation,20,c26q3,20,125,105,928
semantic_domain_ablation,20,c26q4,26,178,152,1240
semantic_domain_ablation,20,c27q0,0,0,0,0
semantic_domain_ablation,20,c27q1,0,2,2,56
semantic_domain_ablation,20,c27q2,8,12,4,288
semantic_domain_ablation,20,c27q3,10,6,-4,432
semantic_domain_ablation,20,c27q4,2,2,0,168
semantic_domain_ablation,20,c28q0,0,1,1,0
semantic_domain_ablation,20,c28q1,85,205,120,3488
semantic_domain_ablation,20,c28q2,205,201,-4,9456
semantic_domain_ablation,20,c28q3,342,303,-39,14944
semantic_domain_ablation,20,c28q4,177,156,-21,7352
semantic_domain_ablation,20,c29q0,18,21,3,840
semantic_domain_ablation,20,c29q1,30,31,1,1224
semantic_domain_ablation,20,c29q2,80,85,5,3280
semantic_domain_ablation,20,c29q3,84,86,2,4128
semantic_domain_ablation,20,c29q4,83,31,-52,3664
semantic_domain_ablation,20,c30q0,0,4,4,0
semantic_domain_ablation,20,c30q1,10,24,14,896
semantic_domain_ablation,20,c30q2,82,56,-26,3664
semantic_domain_ablation,20,c30q3,300,241,-59,11096
semantic_domain_ablation,20,c30q4,480,433,-47,19664
semantic_domain_ablation,20,c31q0,0,1,1,0
semantic_domain_ablation,20,c31q1,0,7,7,16
semantic_domain_ablation,20,c31q2,3,12,9,64
semantic_domain_ablation,20,c31q3,2,14,12,104
semantic_domain_ablation,20,c31q4,2,6,4,56
semantic_domain_ablation,20,c32q0,7,39,32,280
semantic_domain_ablation,20,c32q1,40,214,174,1768
semantic_domain_ablation,20,c32q2,222,235,13,10272
semantic_domain_ablation,20,c32q3,407,333,-74,17496
semantic_domain_ablation,20,c32q4,158,136,-22,6632
semantic_domain_ablation,20,c33q0,0,2,2,0
semantic_domain_ablation,20,c33q1,0,11,11,104
semantic_domain_ablation,20,c33q2,4,23,19,288
semantic_domain_ablation,20,c33q3,8,51,43,456
semantic_domain_ablation,20,c33q4,24,32,8,792
semantic_domain_ablation,20,c34q0,0,1,1,0
semantic_domain_ablation,20,c34q1,12,6,-6,288
semantic_domain_ablation,20,c34q2,19,8,-11,856
semantic_domain_ablation,20,c34q3,22,15,-7,976
semantic_domain_ablation,20,c34q4,6,6,0,512
semantic_domain_ablation,20,c35q0,0,13,13,64
semantic_domain_ablation,20,c35q1,25,37,12,976
semantic_domain_ablation,20,c35q2,37,62,25,1544
semantic_domain_ablation,20,c35q3,27,34,7,1064
semantic_domain_ablation,20,c35q4,12,11,-1,416
semantic_domain_ablation,20,c36q0,2,6,4,56
semantic_domain_ablation,20,c36q1,6,22,16,280
semantic_domain_ablation,20,c36q2,11,30,19,504
semantic_domain_ablation,20,c36q3,7,16,9,264
semantic_domain_ablation,20,c36q4,4,5,1,96
semantic_domain_ablation,20,c37q0,1,2,1,24
semantic_domain_ablation,20,c37q1,11,18,7,256
semantic_domain_ablation,20,c37q2,23,42,19,1008
semantic_domain_ablation,20,c37q3,35,78,43,1616
semantic_domain_ablation,20,c37q4,38,68,30,1360
semantic_domain_ablation,20,c38q0,22,28,6,808
semantic_domain_ablation,20,c38q1,40,67,27,2176
semantic_domain_ablation,20,c38q2,151,126,-25,6968
semantic_domain_ablation,20,c38q3,229,141,-88,8488
semantic_domain_ablation,20,c38q4,214,101,-113,8568
semantic_domain_ablation,20,c39q0,4,1,-3,120
semantic_domain_ablation,20,c39q1,38,31,-7,1520
semantic_domain_ablation,20,c39q2,184,187,3,7728
semantic_domain_ablation,20,c39q3,104,79,-25,3800
semantic_domain_ablation,20,c39q4,77,60,-17,3640
semantic_domain_ablation,21,c00q0,0,1,1,0
semantic_domain_ablation,21,c00q1,4,30,26,280
semantic_domain_ablation,21,c00q2,19,100,81,1016
semantic_domain_ablation,21,c00q3,28,89,61,1104
semantic_domain_ablation,21,c00q4,10,56,46,640
semantic_domain_ablation,21,c01q0,26,44,18,896
semantic_domain_ablation,21,c01q1,31,43,12,1440
semantic_domain_ablation,21,c01q2,77,55,-22,3424
semantic_domain_ablation,21,c01q3,131,117,-14,5112
semantic_domain_ablation,21,c01q4,126,105,-21,5640
semantic_domain_ablation,21,c02q0,0,1,1,0
semantic_domain_ablation,21,c02q1,6,6,0,328
semantic_domain_ablation,21,c02q2,28,22,-6,1128
semantic_domain_ablation,21,c02q3,38,28,-10,1608
semantic_domain_ablation,21,c02q4,45,25,-20,1600
semantic_domain_ablation,21,c03q0,16,12,-4,736
semantic_domain_ablation,21,c03q1,93,86,-7,4680
semantic_domain_ablation,21,c03q2,93,73,-20,4744
semantic_domain_ablation,21,c03q3,159,61,-98,7280
semantic_domain_ablation,21,c03q4,101,38,-63,4720
semantic_domain_ablation,21,c04q0,0,1,1,0
semantic_domain_ablation,21,c04q1,1,4,3,16
semantic_domain_ablation,21,c04q2,13,11,-2,696
semantic_domain_ablation,21,c04q3,13,12,-1,416
semantic_domain_ablation,21,c04q4,5,2,-3,88
semantic_domain_ablation,21,c05q0,1,3,2,48
semantic_domain_ablation,21,c05q1,7,11,4,224
semantic_domain_ablation,21,c05q2,20,50,30,984
semantic_domain_ablation,21,c05q3,50,110,60,2336
semantic_domain_ablation,21,c05q4,30,80,50,1512
semantic_domain_ablation,21,c06q0,0,0,0,0
semantic_domain_ablation,21,c06q1,2,3,1,48
semantic_domain_ablation,21,c06q2,5,8,3,232
semantic_domain_ablation,21,c06q3,28,8,-20,1088
semantic_domain_ablation,21,c06q4,18,8,-10,896
semantic_domain_ablation,21,c07q0,1,17,16,56
semantic_domain_ablation,21,c07q1,24,26,2,880
semantic_domain_ablation,21,c07q2,59,45,-14,2160
semantic_domain_ablation,21,c07q3,38,30,-8,1896
semantic_domain_ablation,21,c07q4,14,6,-8,432
semantic_domain_ablation,21,c08q0,0,0,0,0
semantic_domain_ablation,21,c08q1,1,0,-1,24
semantic_domain_ablation,21,c08q2,6,21,15,192
semantic_domain_ablation,21,c08q3,5,35,30,288
semantic_domain_ablation,21,c08q4,11,12,1,416
semantic_domain_ablation,21,c09q0,0,2,2,0
semantic_domain_ablation,21,c09q1,3,6,3,56
semantic_domain_ablation,21,c09q2,2,27,25,144
semantic_domain_ablation,21,c09q3,3,14,11,208
semantic_domain_ablation,21,c09q4,2,5,3,48
semantic_domain_ablation,21,c10q0,0,2,2,16
semantic_domain_ablation,21,c10q1,9,19,10,208
semantic_domain_ablation,21,c10q2,4,18,14,336
semantic_domain_ablation,21,c10q3,6,10,4,272
semantic_domain_ablation,21,c10q4,2,2,0,104
semantic_domain_ablation,21,c11q0,0,3,3,40
semantic_domain_ablation,21,c11q1,10,12,2,472
semantic_domain_ablation,21,c11q2,30,26,-4,1168
semantic_domain_ablation,21,c11q3,33,19,-14,1000
semantic_domain_ablation,21,c11q4,7,3,-4,296
semantic_domain_ablation,21,c12q0,3,5,2,88
semantic_domain_ablation,21,c12q1,35,25,-10,1432
semantic_domain_ablation,21,c12q2,83,47,-36,3248
semantic_domain_ablation,21,c12q3,63,52,-11,3368
semantic_domain_ablation,21,c12q4,29,10,-19,920
semantic_domain_ablation,21,c13q0,0,0,0,0
semantic_domain_ablation,21,c13q1,4,17,13,384
semantic_domain_ablation,21,c13q2,15,83,68,1056
semantic_domain_ablation,21,c13q3,63,137,74,2536
semantic_domain_ablation,21,c13q4,22,54,32,1176
semantic_domain_ablation,21,c14q0,4,31,27,328
semantic_domain_ablation,21,c14q1,119,289,170,4400
semantic_domain_ablation,21,c14q2,256,264,8,12048
semantic_domain_ablation,21,c14q3,271,251,-20,11680
semantic_domain_ablation,21,c14q4,60,32,-28,2400
semantic_domain_ablation,21,c15q0,0,0,0,0
semantic_domain_ablation,21,c15q1,0,6,6,24
semantic_domain_ablation,21,c15q2,1,9,8,64
semantic_domain_ablation,21,c15q3,1,12,11,64
semantic_domain_ablation,21,c15q4,3,3,0,192
semantic_domain_ablation,21,c16q0,4,5,1,136
semantic_domain_ablation,21,c16q1,21,21,0,568
semantic_domain_ablation,21,c16q2,34,46,12,1304
semantic_domain_ablation,21,c16q3,35,36,1,1504
semantic_domain_ablation,21,c16q4,17,10,-7,600
semantic_domain_ablation,21,c17q0,33,19,-14,1552
semantic_domain_ablation,21,c17q1,96,57,-39,3800
semantic_domain_ablation,21,c17q2,158,88,-70,6392
semantic_domain_ablation,21,c17q3,110,66,-44,4952
semantic_domain_ablation,21,c17q4,40,20,-20,1328
semantic_domain_ablation,21,c18q0,2,3,1,88
semantic_domain_ablation,21,c18q1,12,30,18,704
semantic_domain_ablation,21,c18q2,26,47,21,1224
semantic_domain_ablation,21,c18q3,11,30,19,608
semantic_domain_ablation,21,c18q4,3,4,1,352
semantic_domain_ablation,21,c19q0,0,2,2,0
semantic_domain_ablation,21,c19q1,0,22,22,24
semantic_domain_ablation,21,c19q2,13,34,21,608
semantic_domain_ablation,21,c19q3,13,17,4,448
semantic_domain_ablation,21,c19q4,4,5,1,152
semantic_domain_ablation,21,c20q0,0,1,1,40
semantic_domain_ablation,21,c20q1,32,33,1,968
semantic_domain_ablation,21,c20q2,58,48,-10,2440
semantic_domain_ablation,21,c20q3,33,25,-8,1496
semantic_domain_ablation,21,c20q4,40,18,-22,1848
semantic_domain_ablation,21,c21q0,7,0,-7,208
semantic_domain_ablation,21,c21q1,43,0,-43,1664
semantic_domain_ablation,21,c21q2,102,0,-102,4872
semantic_domain_ablation,21,c21q3,137,0,-137,5728
semantic_domain_ablation,21,c21q4,58,0,-58,2336
semantic_domain_ablation,21,c22q0,0,0,0,0
semantic_domain_ablation,21,c22q1,3,3,0,104
semantic_domain_ablation,21,c22q2,17,10,-7,824
semantic_domain_ablation,21,c22q3,30,13,-17,1456
semantic_domain_ablation,21,c22q4,7,9,2,504
semantic_domain_ablation,21,c23q0,4,6,2,248
semantic_domain_ablation,21,c23q1,41,24,-17,1800
semantic_domain_ablation,21,c23q2,91,58,-33,3560
semantic_domain_ablation,21,c23q3,123,87,-36,4472
semantic_domain_ablation,21,c23q4,84,40,-44,3304
semantic_domain_ablation,21,c24q0,11,12,1,640
semantic_domain_ablation,21,c24q1,68,30,-38,2800
semantic_domain_ablation,21,c24q2,120,57,-63,5048
semantic_domain_ablation,21,c24q3,89,46,-43,3488
semantic_domain_ablation,21,c24q4,32,21,-11,1744
semantic_domain_ablation,21,c25q0,47,31,-16,1816
semantic_domain_ablation,21,c25q1,126,90,-36,5208
semantic_domain_ablation,21,c25q2,183,135,-48,7928
semantic_domain_ablation,21,c25q3,137,79,-58,5368
semantic_domain_ablation,21,c25q4,40,23,-17,2200
semantic_domain_ablation,21,c26q0,0,11,11,0
semantic_domain_ablation,21,c26q1,1,35,34,16
semantic_domain_ablation,21,c26q2,14,82,68,552
semantic_domain_ablation,21,c26q3,20,131,111,928
semantic_domain_ablation,21,c26q4,26,180,154,1240
semantic_domain_ablation,21,c27q0,0,0,0,0
semantic_domain_ablation,21,c27q1,0,1,1,56
semantic_domain_ablation,21,c27q2,8,10,2,288
semantic_domain_ablation,21,c27q3,10,5,-5,432
semantic_domain_ablation,21,c27q4,2,3,1,168
semantic_domain_ablation,21,c28q0,0,4,4,0
semantic_domain_ablation,21,c28q1,85,198,113,3488
semantic_domain_ablation,21,c28q2,205,208,3,9456
semantic_domain_ablation,21,c28q3,342,304,-38,14944
semantic_domain_ablation,21,c28q4,177,150,-27,7352
semantic_domain_ablation,21,c29q0,18,27,9,840
semantic_domain_ablation,21,c29q1,30,28,-2,1224
semantic_domain_ablation,21,c29q2,80,90,10,3280
semantic_domain_ablation,21,c29q3,84,85,1,4128
semantic_domain_ablation,21,c29q4,83,28,-55,3664
semantic_domain_ablation,21,c30q0,0,4,4,0
semantic_domain_ablation,21,c30q1,10,22,12,896
semantic_domain_ablation,21,c30q2,82,59,-23,3664
semantic_domain_ablation,21,c30q3,300,241,-59,11096
semantic_domain_ablation,21,c30q4,480,434,-46,19664
semantic_domain_ablation,21,c31q0,0,0,0,0
semantic_domain_ablation,21,c31q1,0,6,6,16
semantic_domain_ablation,21,c31q2,3,14,11,64
semantic_domain_ablation,21,c31q3,2,16,14,104
semantic_domain_ablation,21,c31q4,2,4,2,56
semantic_domain_ablation,21,c32q0,7,41,34,280
semantic_domain_ablation,21,c32q1,40,214,174,1768
semantic_domain_ablation,21,c32q2,222,234,12,10272
semantic_domain_ablation,21,c32q3,407,337,-70,17496
semantic_domain_ablation,21,c32q4,158,136,-22,6632
semantic_domain_ablation,21,c33q0,0,0,0,0
semantic_domain_ablation,21,c33q1,0,13,13,104
semantic_domain_ablation,21,c33q2,4,22,18,288
semantic_domain_ablation,21,c33q3,8,51,43,456
semantic_domain_ablation,21,c33q4,24,35,11,792
semantic_domain_ablation,21,c34q0,0,0,0,0
semantic_domain_ablation,21,c34q1,12,2,-10,288
semantic_domain_ablation,21,c34q2,19,11,-8,856
semantic_domain_ablation,21,c34q3,22,16,-6,976
semantic_domain_ablation,21,c34q4,6,5,-1,512
semantic_domain_ablation,21,c35q0,0,12,12,64
semantic_domain_ablation,21,c35q1,25,36,11,976
semantic_domain_ablation,21,c35q2,37,63,26,1544
semantic_domain_ablation,21,c35q3,27,33,6,1064
semantic_domain_ablation,21,c35q4,12,11,-1,416
semantic_domain_ablation,21,c36q0,2,6,4,56
semantic_domain_ablation,21,c36q1,6,21,15,280
semantic_domain_ablation,21,c36q2,11,32,21,504
semantic_domain_ablation,21,c36q3,7,17,10,264
semantic_domain_ablation,21,c36q4,4,4,0,96
semantic_domain_ablation,21,c37q0,1,5,4,24
semantic_domain_ablation,21,c37q1,11,16,5,256
semantic_domain_ablation,21,c37q2,23,44,21,1008
semantic_domain_ablation,21,c37q3,35,78,43,1616
semantic_domain_ablation,21,c37q4,38,65,27,1360
semantic_domain_ablation,21,c38q0,22,30,8,808
semantic_domain_ablation,21,c38q1,40,67,27,2176
semantic_domain_ablation,21,c38q2,151,125,-26,6968
semantic_domain_ablation,21,c38q3,229,143,-86,8488
semantic_domain_ablation,21,c38q4,214,100,-114,8568
semantic_domain_ablation,21,c39q0,4,2,-2,120
semantic_domain_ablation,21,c39q1,38,31,-7,1520
semantic_domain_ablation,21,c39q2,184,186,2,7728
semantic_domain_ablation,21,c39q3,104,81,-23,3800
semantic_domain_ablation,21,c39q4,77,60,-17,3640
semantic_domain_ablation,22,c00q0,0,1,1,0
semantic_domain_ablation,22,c00q1,4,30,26,280
semantic_domain_ablation,22,c00q2,19,100,81,1016
semantic_domain_ablation,22,c00q3,28,87,59,1104
semantic_domain_ablation,22,c00q4,10,55,45,640
semantic_domain_ablation,22,c01q0,26,40,14,896
semantic_domain_ablation,22,c01q1,31,48,17,1440
semantic_domain_ablation,22,c01q2,77,51,-26,3424
semantic_domain_ablation,22,c01q3,131,115,-16,5112
semantic_domain_ablation,22,c01q4,126,110,-16,5640
semantic_domain_ablation,22,c02q0,0,0,0,0
semantic_domain_ablation,22,c02q1,6,3,-3,328
semantic_domain_ablation,22,c02q2,28,23,-5,1128
semantic_domain_ablation,22,c02q3,38,24,-14,1608
semantic_domain_ablation,22,c02q4,45,28,-17,1600
semantic_domain_ablation,22,c03q0,16,10,-6,736
semantic_domain_ablation,22,c03q1,93,86,-7,4680
semantic_domain_ablation,22,c03q2,93,73,-20,4744
semantic_domain_ablation,22,c03q3,159,59,-100,7280
semantic_domain_ablation,22,c03q4,101,33,-68,4720
semantic_domain_ablation,22,c04q0,0,0,0,0
semantic_domain_ablation,22,c04q1,1,4,3,16
semantic_domain_ablation,22,c04q2,13,14,1,696
semantic_domain_ablation,22,c04q3,13,8,-5,416
semantic_domain_ablation,22,c04q4,5,0,-5,88
semantic_domain_ablation,22,c05q0,1,1,0,48
semantic_domain_ablation,22,c05q1,7,22,15,224
semantic_domain_ablation,22,c05q2,20,54,34,984
semantic_domain_ablation,22,c05q3,50,100,50,2336
semantic_domain_ablation,22,c05q4,30,79,49,1512
semantic_domain_ablation,22,c06q0,0,0,0,0
semantic_domain_ablation,22,c06q1,2,2,0,48
semantic_domain_ablation,22,c06q2,5,7,2,232
semantic_domain_ablation,22,c06q3,28,12,-16,1088
semantic_domain_ablation,22,c06q4,18,8,-10,896
semantic_domain_ablation,22,c07q0,1,16,15,56
semantic_domain_ablation,22,c07q1,24,29,5,880
semantic_domain_ablation,22,c07q2,59,40,-19,2160
semantic_domain_ablation,22,c07q3,38,33,-5,1896
semantic_domain_ablation,22,c07q4,14,6,-8,432
semantic_domain_ablation,22,c08q0,0,0,0,0
semantic_domain_ablation,22,c08q1,1,2,1,24
semantic_domain_ablation,22,c08q2,6,14,8,192
semantic_domain_ablation,22,c08q3,5,28,23,288
semantic_domain_ablation,22,c08q4,11,19,8,416
semantic_domain_ablation,22,c09q0,0,3,3,0
semantic_domain_ablation,22,c09q1,3,10,7,56
semantic_domain_ablation,22,c09q2,2,22,20,144
semantic_domain_ablation,22,c09q3,3,15,12,208
semantic_domain_ablation,22,c09q4,2,5,3,48
semantic_domain_ablation,22,c10q0,0,2,2,16
semantic_domain_ablation,22,c10q1,9,16,7,208
semantic_domain_ablation,22,c10q2,4,22,18,336
semantic_domain_ablation,22,c10q3,6,10,4,272
semantic_domain_ablation,22,c10q4,2,3,1,104
semantic_domain_ablation,22,c11q0,0,1,1,40
semantic_domain_ablation,22,c11q1,10,13,3,472
semantic_domain_ablation,22,c11q2,30,30,0,1168
semantic_domain_ablation,22,c11q3,33,16,-17,1000
semantic_domain_ablation,22,c11q4,7,4,-3,296
semantic_domain_ablation,22,c12q0,3,2,-1,88
semantic_domain_ablation,22,c12q1,35,24,-11,1432
semantic_domain_ablation,22,c12q2,83,47,-36,3248
semantic_domain_ablation,22,c12q3,63,53,-10,3368
semantic_domain_ablation,22,c12q4,29,9,-20,920
semantic_domain_ablation,22,c13q0,0,0,0,0
semantic_domain_ablation,22,c13q1,4,25,21,384
semantic_domain_ablation,22,c13q2,15,62,47,1056
semantic_domain_ablation,22,c13q3,63,151,88,2536
semantic_domain_ablation,22,c13q4,22,44,22,1176
semantic_domain_ablation,22,c14q0,4,33,29,328
semantic_domain_ablation,22,c14q1,119,284,165,4400
semantic_domain_ablation,22,c14q2,256,273,17,12048
semantic_domain_ablation,22,c14q3,271,230,-41,11680
semantic_domain_ablation,22,c14q4,60,49,-11,2400
semantic_domain_ablation,22,c15q0,0,0,0,0
semantic_domain_ablation,22,c15q1,0,4,4,24
semantic_domain_ablation,22,c15q2,1,7,6,64
semantic_domain_ablation,22,c15q3,1,10,9,64
semantic_domain_ablation,22,c15q4,3,2,-1,192
semantic_domain_ablation,22,c16q0,4,5,1,136
semantic_domain_ablation,22,c16q1,21,14,-7,568
semantic_domain_ablation,22,c16q2,34,42,8,1304
semantic_domain_ablation,22,c16q3,35,51,16,1504
semantic_domain_ablation,22,c16q4,17,12,-5,600
semantic_domain_ablation,22,c17q0,33,15,-18,1552
semantic_domain_ablation,22,c17q1,96,40,-56,3800
semantic_domain_ablation,22,c17q2,158,99,-59,6392
semantic_domain_ablation,22,c17q3,110,63,-47,4952
semantic_domain_ablation,22,c17q4,40,17,-23,1328
semantic_domain_ablation,22,c18q0,2,4,2,88
semantic_domain_ablation,22,c18q1,12,37,25,704
semantic_domain_ablation,22,c18q2,26,45,19,1224
semantic_domain_ablation,22,c18q3,11,28,17,608
semantic_domain_ablation,22,c18q4,3,7,4,352
semantic_domain_ablation,22,c19q0,0,2,2,0
semantic_domain_ablation,22,c19q1,0,15,15,24
semantic_domain_ablation,22,c19q2,13,35,22,608
semantic_domain_ablation,22,c19q3,13,18,5,448
semantic_domain_ablation,22,c19q4,4,7,3,152
semantic_domain_ablation,22,c20q0,0,1,1,40
semantic_domain_ablation,22,c20q1,32,33,1,968
semantic_domain_ablation,22,c20q2,58,42,-16,2440
semantic_domain_ablation,22,c20q3,33,29,-4,1496
semantic_domain_ablation,22,c20q4,40,18,-22,1848
semantic_domain_ablation,22,c21q0,7,6,-1,208
semantic_domain_ablation,22,c21q1,43,12,-31,1664
semantic_domain_ablation,22,c21q2,102,45,-57,4872
semantic_domain_ablation,22,c21q3,137,46,-91,5728
semantic_domain_ablation,22,c21q4,58,25,-33,2336
semantic_domain_ablation,22,c22q0,0,0,0,0
semantic_domain_ablation,22,c22q1,3,0,-3,104
semantic_domain_ablation,22,c22q2,17,0,-17,824
semantic_domain_ablation,22,c22q3,30,0,-30,1456
semantic_domain_ablation,22,c22q4,7,0,-7,504
semantic_domain_ablation,22,c23q0,4,8,4,248
semantic_domain_ablation,22,c23q1,41,36,-5,1800
semantic_domain_ablation,22,c23q2,91,67,-24,3560
semantic_domain_ablation,22,c23q3,123,82,-41,4472
semantic_domain_ablation,22,c23q4,84,34,-50,3304
semantic_domain_ablation,22,c24q0,11,7,-4,640
semantic_domain_ablation,22,c24q1,68,37,-31,2800
semantic_domain_ablation,22,c24q2,120,62,-58,5048
semantic_domain_ablation,22,c24q3,89,30,-59,3488
semantic_domain_ablation,22,c24q4,32,24,-8,1744
semantic_domain_ablation,22,c25q0,47,36,-11,1816
semantic_domain_ablation,22,c25q1,126,79,-47,5208
semantic_domain_ablation,22,c25q2,183,128,-55,7928
semantic_domain_ablation,22,c25q3,137,92,-45,5368
semantic_domain_ablation,22,c25q4,40,25,-15,2200
semantic_domain_ablation,22,c26q0,0,8,8,0
semantic_domain_ablation,22,c26q1,1,33,32,16
semantic_domain_ablation,22,c26q2,14,90,76,552
semantic_domain_ablation,22,c26q3,20,123,103,928
semantic_domain_ablation,22,c26q4,26,169,143,1240
semantic_domain_ablation,22,c27q0,0,0,0,0
semantic_domain_ablation,22,c27q1,0,0,0,56
semantic_domain_ablation,22,c27q2,8,14,6,288
semantic_domain_ablation,22,c27q3,10,7,-3,432
semantic_domain_ablation,22,c27q4,2,0,-2,168
semantic_domain_ablation,22,c28q0,0,0,0,0
semantic_domain_ablation,22,c28q1,85,199,114,3488
semantic_domain_ablation,22,c28q2,205,218,13,9456
semantic_domain_ablation,22,c28q3,342,288,-54,14944
semantic_domain_ablation,22,c28q4,177,157,-20,7352
semantic_domain_ablation,22,c29q0,18,19,1,840
semantic_domain_ablation,22,c29q1,30,42,12,1224
semantic_domain_ablation,22,c29q2,80,70,-10,3280
semantic_domain_ablation,22,c29q3,84,88,4,4128
semantic_domain_ablation,22,c29q4,83,35,-48,3664
semantic_domain_ablation,22,c30q0,0,3,3,0
semantic_domain_ablation,22,c30q1,10,14,4,896
semantic_domain_ablation,22,c30q2,82,60,-22,3664
semantic_domain_ablation,22,c30q3,300,250,-50,11096
semantic_domain_ablation,22,c30q4,480,427,-53,19664
semantic_domain_ablation,22,c31q0,0,0,0,0
semantic_domain_ablation,22,c31q1,0,5,5,16
semantic_domain_ablation,22,c31q2,3,9,6,64
semantic_domain_ablation,22,c31q3,2,13,11,104
semantic_domain_ablation,22,c31q4,2,9,7,56
semantic_domain_ablation,22,c32q0,7,39,32,280
semantic_domain_ablation,22,c32q1,40,206,166,1768
semantic_domain_ablation,22,c32q2,222,241,19,10272
semantic_domain_ablation,22,c32q3,407,322,-85,17496
semantic_domain_ablation,22,c32q4,158,134,-24,6632
semantic_domain_ablation,22,c33q0,0,1,1,0
semantic_domain_ablation,22,c33q1,0,11,11,104
semantic_domain_ablation,22,c33q2,4,31,27,288
semantic_domain_ablation,22,c33q3,8,47,39,456
semantic_domain_ablation,22,c33q4,24,30,6,792
semantic_domain_ablation,22,c34q0,0,0,0,0
semantic_domain_ablation,22,c34q1,12,3,-9,288
semantic_domain_ablation,22,c34q2,19,15,-4,856
semantic_domain_ablation,22,c34q3,22,15,-7,976
semantic_domain_ablation,22,c34q4,6,7,1,512
semantic_domain_ablation,22,c35q0,0,8,8,64
semantic_domain_ablation,22,c35q1,25,38,13,976
semantic_domain_ablation,22,c35q2,37,62,25,1544
semantic_domain_ablation,22,c35q3,27,34,7,1064
semantic_domain_ablation,22,c35q4,12,6,-6,416
semantic_domain_ablation,22,c36q0,2,7,5,56
semantic_domain_ablation,22,c36q1,6,24,18,280
semantic_domain_ablation,22,c36q2,11,30,19,504
semantic_domain_ablation,22,c36q3,7,12,5,264
semantic_domain_ablation,22,c36q4,4,4,0,96
semantic_domain_ablation,22,c37q0,1,7,6,24
semantic_domain_ablation,22,c37q1,11,16,5,256
semantic_domain_ablation,22,c37q2,23,47,24,1008
semantic_domain_ablation,22,c37q3,35,72,37,1616
semantic_domain_ablation,22,c37q4,38,67,29,1360
semantic_domain_ablation,22,c38q0,22,29,7,808
semantic_domain_ablation,22,c38q1,40,69,29,2176
semantic_domain_ablation,22,c38q2,151,125,-26,6968
semantic_domain_ablation,22,c38q3,229,139,-90,8488
semantic_domain_ablation,22,c38q4,214,98,-116,8568
semantic_domain_ablation,22,c39q0,4,1,-3,120
semantic_domain_ablation,22,c39q1,38,30,-8,1520
semantic_domain_ablation,22,c39q2,184,187,3,7728
semantic_domain_ablation,22,c39q3,104,77,-27,3800
semantic_domain_ablation,22,c39q4,77,60,-17,3640
semantic_domain_ablation,23,c00q0,0,1,1,0
semantic_domain_ablation,23,c00q1,4,30,26,280
semantic_domain_ablation,23,c00q2,19,100,81,1016
semantic_domain_ablation,23,c00q3,28,90,62,1104
semantic_domain_ablation,23,c00q4,10,55,45,640
semantic_domain_ablation,23,c01q0,26,47,21,896
semantic_domain_ablation,23,c01q1,31,41,10,1440
semantic_domain_ablation,23,c01q2,77,58,-19,3424
semantic_domain_ablation,23,c01q3,131,118,-13,5112
semantic_domain_ablation,23,c01q4,126,103,-23,5640
semantic_domain_ablation,23,c02q0,0,1,1,0
semantic_domain_ablation,23,c02q1,6,7,1,328
semantic_domain_ablation,23,c02q2,28,23,-5,1128
semantic_domain_ablation,23,c02q3,38,26,-12,1608
semantic_domain_ablation,23,c02q4,45,23,-22,1600
semantic_domain_ablation,23,c03q0,16,14,-2,736
semantic_domain_ablation,23,c03q1,93,89,-4,4680
semantic_domain_ablation,23,c03q2,93,73,-20,4744
semantic_domain_ablation,23,c03q3,159,60,-99,7280
semantic_domain_ablation,23,c03q4,101,42,-59,4720
semantic_domain_ablation,23,c04q0,0,1,1,0
semantic_domain_ablation,23,c04q1,1,1,0,16
semantic_domain_ablation,23,c04q2,13,19,6,696
semantic_domain_ablation,23,c04q3,13,4,-9,416
semantic_domain_ablation,23,c04q4,5,0,-5,88
semantic_domain_ablation,23,c05q0,1,5,4,48
semantic_domain_ablation,23,c05q1,7,10,3,224
semantic_domain_ablation,23,c05q2,20,54,34,984
semantic_domain_ablation,23,c05q3,50,109,59,2336
semantic_domain_ablation,23,c05q4,30,82,52,1512
semantic_domain_ablation,23,c06q0,0,0,0,0
semantic_domain_ablation,23,c06q1,2,1,-1,48
semantic_domain_ablation,23,c06q2,5,8,3,232
semantic_domain_ablation,23,c06q3,28,11,-17,1088
semantic_domain_ablation,23,c06q4,18,5,-13,896
semantic_domain_ablation,23,c07q0,1,15,14,56
semantic_domain_ablation,23,c07q1,24,34,10,880
semantic_domain_ablation,23,c07q2,59,43,-16,2160
semantic_domain_ablation,23,c07q3,38,24,-14,1896
semantic_domain_ablation,23,c07q4,14,7,-7,432
semantic_domain_ablation,23,c08q0,0,0,0,0
semantic_domain_ablation,23,c08q1,1,3,2,24
semantic_domain_ablation,23,c08q2,6,22,16,192
semantic_domain_ablation,23,c08q3,5,35,30,288
semantic_domain_ablation,23,c08q4,11,8,-3,416
semantic_domain_ablation,23,c09q0,0,1,1,0
semantic_domain_ablation,23,c09q1,3,15,12,56
semantic_domain_ablation,23,c09q2,2,22,20,144
semantic_domain_ablation,23,c09q3,3,17,14,208
semantic_domain_ablation,23,c09q4,2,3,1,48
semantic_domain_ablation,23,c10q0,0,1,1,16
semantic_domain_ablation,23,c10q1,9,21,12,208
semantic_domain_ablation,23,c10q2,4,16,12,336
semantic_domain_ablation,23,c10q3,6,8,2,272
semantic_domain_ablation,23,c10q4,2,7,5,104
semantic_domain_ablation,23,c11q0,0,2,2,40
semantic_domain_ablation,23,c11q1,10,11,1,472
semantic_domain_ablation,23,c11q2,30,21,-9,1168
semantic_domain_ablation,23,c11q3,33,22,-11,1000
semantic_domain_ablation,23,c11q4,7,5,-2,296
semantic_domain_ablation,23,c12q0,3,3,0,88
semantic_domain_ablation,23,c12q1,35,30,-5,1432
semantic_domain_ablation,23,c12q2,83,44,-39,3248
semantic_domain_ablation,23,c12q3,63,51,-12,3368
semantic_domain_ablation,23,c12q4,29,9,-20,920
semantic_domain_ablation,23,c13q0,0,0,0,0
semantic_domain_ablation,23,c13q1,4,25,21,384
semantic_domain_ablation,23,c13q2,15,77,62,1056
semantic_domain_ablation,23,c13q3,63,133,70,2536
semantic_domain_ablation,23,c13q4,22,58,36,1176
semantic_domain_ablation,23,c14q0,4,33,29,328
semantic_domain_ablation,23,c14q1,119,294,175,4400
semantic_domain_ablation,23,c14q2,256,268,12,12048
semantic_domain_ablation,23,c14q3,271,241,-30,11680
semantic_domain_ablation,23,c14q4,60,37,-23,2400
semantic_domain_ablation,23,c15q0,0,0,0,0
semantic_domain_ablation,23,c15q1,0,5,5,24
semantic_domain_ablation,23,c15q2,1,13,12,64
semantic_domain_ablation,23,c15q3,1,14,13,64
semantic_domain_ablation,23,c15q4,3,7,4,192
semantic_domain_ablation,23,c16q0,4,3,-1,136
semantic_domain_ablation,23,c16q1,21,16,-5,568
semantic_domain_ablation,23,c16q2,34,45,11,1304
semantic_domain_ablation,23,c16q3,35,34,-1,1504
semantic_domain_ablation,23,c16q4,17,11,-6,600
semantic_domain_ablation,23,c17q0,33,16,-17,1552
semantic_domain_ablation,23,c17q1,96,65,-31,3800
semantic_domain_ablation,23,c17q2,158,86,-72,6392
semantic_domain_ablation,23,c17q3,110,68,-42,4952
semantic_domain_ablation,23,c17q4,40,20,-20,1328
semantic_domain_ablation,23,c18q0,2,3,1,88
semantic_domain_ablation,23,c18q1,12,27,15,704
semantic_domain_ablation,23,c18q2,26,51,25,1224
semantic_domain_ablation,23,c18q3,11,30,19,608
semantic_domain_ablation,23,c18q4,3,5,2,352
semantic_domain_ablation,23,c19q0,0,2,2,0
semantic_domain_ablation,23,c19q1,0,22,22,24
semantic_domain_ablation,23,c19q2,13,29,16,608
semantic_domain_ablation,23,c19q3,13,15,2,448
semantic_domain_ablation,23,c19q4,4,5,1,152
semantic_domain_ablation,23,c20q0,0,3,3,40
semantic_domain_ablation,23,c20q1,32,40,8,968
semantic_domain_ablation,23,c20q2,58,45,-13,2440
semantic_domain_ablation,23,c20q3,33,27,-6,1496
semantic_domain_ablation,23,c20q4,40,13,-27,1848
semantic_domain_ablation,23,c21q0,7,1,-6,208
semantic_domain_ablation,23,c21q1,43,20,-23,1664
semantic_domain_ablation,23,c21q2,102,37,-65,4872
semantic_domain_ablation,23,c21q3,137,63,-74,5728
semantic_domain_ablation,23,c21q4,58,19,-39,2336
semantic_domain_ablation,23,c22q0,0,0,0,0
semantic_domain_ablation,23,c22q1,3,3,0,104
semantic_domain_ablation,23,c22q2,17,18,1,824
semantic_domain_ablation,23,c22q3,30,21,-9,1456
semantic_domain_ablation,23,c22q4,7,7,0,504
semantic_domain_ablation,23,c23q0,4,0,-4,248
semantic_domain_ablation,23,c23q1,41,0,-41,1800
semantic_domain_ablation,23,c23q2,91,0,-91,3560
semantic_domain_ablation,23,c23q3,123,0,-123,4472
semantic_domain_ablation,23,c23q4,84,0,-84,3304
semantic_domain_ablation,23,c24q0,11,10,-1,640
semantic_domain_ablation,23,c24q1,68,40,-28,2800
semantic_domain_ablation,23,c24q2,120,58,-62,5048
semantic_domain_ablation,23,c24q3,89,39,-50,3488
semantic_domain_ablation,23,c24q4,32,22,-10,1744
semantic_domain_ablation,23,c25q0,47,37,-10,1816
semantic_domain_ablation,23,c25q1,126,89,-37,5208
semantic_domain_ablation,23,c25q2,183,129,-54,7928
semantic_domain_ablation,23,c25q3,137,85,-52,5368
semantic_domain_ablation,23,c25q4,40,19,-21,2200
semantic_domain_ablation,23,c26q0,0,12,12,0
semantic_domain_ablation,23,c26q1,1,41,40,16
semantic_domain_ablation,23,c26q2,14,86,72,552
semantic_domain_ablation,23,c26q3,20,130,110,928
semantic_domain_ablation,23,c26q4,26,183,157,1240
semantic_domain_ablation,23,c27q0,0,0,0,0
semantic_domain_ablation,23,c27q1,0,2,2,56
semantic_domain_ablation,23,c27q2,8,14,6,288
semantic_domain_ablation,23,c27q3,10,5,-5,432
semantic_domain_ablation,23,c27q4,2,1,-1,168
semantic_domain_ablation,23,c28q0,0,1,1,0
semantic_domain_ablation,23,c28q1,85,197,112,3488
semantic_domain_ablation,23,c28q2,205,210,5,9456
semantic_domain_ablation,23,c28q3,342,309,-33,14944
semantic_domain_ablation,23,c28q4,177,143,-34,7352
semantic_domain_ablation,23,c29q0,18,25,7,840
semantic_domain_ablation,23,c29q1,30,35,5,1224
semantic_domain_ablation,23,c29q2,80,82,2,3280
semantic_domain_ablation,23,c29q3,84,101,17,4128
semantic_domain_ablation,23,c29q4,83,24,-59,3664
semantic_domain_ablation,23,c30q0,0,3,3,0
semantic_domain_ablation,23,c30q1,10,17,7,896
semantic_domain_ablation,23,c30q2,82,72,-10,3664
semantic_domain_ablation,23,c30q3,300,229,-71,11096
semantic_domain_ablation,23,c30q4,480,444,-36,19664
semantic_domain_ablation,23,c31q0,0,0,0,0
semantic_domain_ablation,23,c31q1,0,6,6,16
semantic_domain_ablation,23,c31q2,3,6,3,64
semantic_domain_ablation,23,c31q3,2,16,14,104
semantic_domain_ablation,23,c31q4,2,4,2,56
semantic_domain_ablation,23,c32q0,7,44,37,280
semantic_domain_ablation,23,c32q1,40,220,180,1768
semantic_domain_ablation,23,c32q2,222,235,13,10272
semantic_domain_ablation,23,c32q3,407,340,-67,17496
semantic_domain_ablation,23,c32q4,158,133,-25,6632
semantic_domain_ablation,23,c33q0,0,1,1,0
semantic_domain_ablation,23,c33q1,0,13,13,104
semantic_domain_ablation,23,c33q2,4,23,19,288
semantic_domain_ablation,23,c33q3,8,51,43,456
semantic_domain_ablation,23,c33q4,24,37,13,792
semantic_domain_ablation,23,c34q0,0,0,0,0
semantic_domain_ablation,23,c34q1,12,2,-10,288
semantic_domain_ablation,23,c34q2,19,11,-8,856
semantic_domain_ablation,23,c34q3,22,10,-12,976
semantic_domain_ablation,23,c34q4,6,9,3,512
semantic_domain_ablation,23,c35q0,0,7,7,64
semantic_domain_ablation,23,c35q1,25,40,15,976
semantic_domain_ablation,23,c35q2,37,59,22,1544
semantic_domain_ablation,23,c35q3,27,37,10,1064
semantic_domain_ablation,23,c35q4,12,11,-1,416
semantic_domain_ablation,23,c36q0,2,5,3,56
semantic_domain_ablation,23,c36q1,6,21,15,280
semantic_domain_ablation,23,c36q2,11,34,23,504
semantic_domain_ablation,23,c36q3,7,17,10,264
semantic_domain_ablation,23,c36q4,4,5,1,96
semantic_domain_ablation,23,c37q0,1,6,5,24
semantic_domain_ablation,23,c37q1,11,18,7,256
semantic_domain_ablation,23,c37q2,23,37,14,1008
semantic_domain_ablation,23,c37q3,35,82,47,1616
semantic_domain_ablation,23,c37q4,38,65,27,1360
semantic_domain_ablation,23,c38q0,22,31,9,808
semantic_domain_ablation,23,c38q1,40,66,26,2176
semantic_domain_ablation,23,c38q2,151,126,-25,6968
semantic_domain_ablation,23,c38q3,229,146,-83,8488
semantic_domain_ablation,23,c38q4,214,101,-113,8568
semantic_domain_ablation,23,c39q0,4,2,-2,120
semantic_domain_ablation,23,c39q1,38,31,-7,1520
semantic_domain_ablation,23,c39q2,184,184,0,7728
semantic_domain_ablation,23,c39q3,104,83,-21,3800
semantic_domain_ablation,23,c39q4,77,61,-16,3640
semantic_domain_ablation,24,c00q0,0,1,1,0
semantic_domain_ablation,24,c00q1,4,30,26,280
semantic_domain_ablation,24,c00q2,19,100,81,1016
semantic_domain_ablation,24,c00q3,28,89,61,1104
semantic_domain_ablation,24,c00q4,10,56,46,640
semantic_domain_ablation,24,c01q0,26,44,18,896
semantic_domain_ablation,24,c01q1,31,43,12,1440
semantic_domain_ablation,24,c01q2,77,55,-22,3424
semantic_domain_ablation,24,c01q3,131,118,-13,5112
semantic_domain_ablation,24,c01q4,126,104,-22,5640
semantic_domain_ablation,24,c02q0,0,2,2,0
semantic_domain_ablation,24,c02q1,6,5,-1,328
semantic_domain_ablation,24,c02q2,28,22,-6,1128
semantic_domain_ablation,24,c02q3,38,28,-10,1608
semantic_domain_ablation,24,c02q4,45,25,-20,1600
semantic_domain_ablation,24,c03q0,16,12,-4,736
semantic_domain_ablation,24,c03q1,93,86,-7,4680
semantic_domain_ablation,24,c03q2,93,73,-20,4744
semantic_domain_ablation,24,c03q3,159,61,-98,7280
semantic_domain_ablation,24,c03q4,101,39,-62,4720
semantic_domain_ablation,24,c04q0,0,1,1,0
semantic_domain_ablation,24,c04q1,1,3,2,16
semantic_domain_ablation,24,c04q2,13,12,-1,696
semantic_domain_ablation,24,c04q3,13,13,0,416
semantic_domain_ablation,24,c04q4,5,1,-4,88
semantic_domain_ablation,24,c05q0,1,2,1,48
semantic_domain_ablation,24,c05q1,7,11,4,224
semantic_domain_ablation,24,c05q2,20,50,30,984
semantic_domain_ablation,24,c05q3,50,110,60,2336
semantic_domain_ablation,24,c05q4,30,81,51,1512
semantic_domain_ablation,24,c06q0,0,0,0,0
semantic_domain_ablation,24,c06q1,2,2,0,48
semantic_domain_ablation,24,c06q2,5,8,3,232
semantic_domain_ablation,24,c06q3,28,8,-20,1088
semantic_domain_ablation,24,c06q4,18,10,-8,896
semantic_domain_ablation,24,c07q0,1,15,14,56
semantic_domain_ablation,24,c07q1,24,28,4,880
semantic_domain_ablation,24,c07q2,59,43,-16,2160
semantic_domain_ablation,24,c07q3,38,31,-7,1896
semantic_domain_ablation,24,c07q4,14,5,-9,432
semantic_domain_ablation,24,c08q0,0,0,0,0
semantic_domain_ablation,24,c08q1,1,2,1,24
semantic_domain_ablation,24,c08q2,6,19,13,192
semantic_domain_ablation,24,c08q3,5,36,31,288
semantic_domain_ablation,24,c08q4,11,12,1,416
semantic_domain_ablation,24,c09q0,0,1,1,0
semantic_domain_ablation,24,c09q1,3,6,3,56
semantic_domain_ablation,24,c09q2,2,28,26,144
semantic_domain_ablation,24,c09q3,3,15,12,208
semantic_domain_ablation,24,c09q4,2,4,2,48
semantic_domain_ablation,24,c10q0,0,1,1,16
semantic_domain_ablation,24,c10q1,9,20,11,208
semantic_domain_ablation,24,c10q2,4,17,13,336
semantic_domain_ablation,24,c10q3,6,10,4,272
semantic_domain_ablation,24,c10q4,2,2,0,104
semantic_domain_ablation,24,c11q0,0,3,3,40
semantic_domain_ablation,24,c11q1,10,13,3,472
semantic_domain_ablation,24,c11q2,30,25,-5,1168
semantic_domain_ablation,24,c11q3,33,19,-14,1000
semantic_domain_ablation,24,c11q4,7,3,-4,296
semantic_domain_ablation,24,c12q0,3,5,2,88
semantic_domain_ablation,24,c12q1,35,26,-9,1432
semantic_domain_ablation,24,c12q2,83,47,-36,3248
semantic_domain_ablation,24,c12q3,63,52,-11,3368
semantic_domain_ablation,24,c12q4,29,11,-18,920
semantic_domain_ablation,24,c13q0,0,0,0,0
semantic_domain_ablation,24,c13q1,4,16,12,384
semantic_domain_ablation,24,c13q2,15,83,68,1056
semantic_domain_ablation,24,c13q3,63,137,74,2536
semantic_domain_ablation,24,c13q4,22,56,34,1176
semantic_domain_ablation,24,c14q0,4,28,24,328
semantic_domain_ablation,24,c14q1,119,291,172,4400
semantic_domain_ablation,24,c14q2,256,265,9,12048
semantic_domain_ablation,24,c14q3,271,250,-21,11680
semantic_domain_ablation,24,c14q4,60,32,-28,2400
semantic_domain_ablation,24,c15q0,0,1,1,0
semantic_domain_ablation,24,c15q1,0,3,3,24
semantic_domain_ablation,24,c15q2,1,10,9,64
semantic_domain_ablation,24,c15q3,1,11,10,64
semantic_domain_ablation,24,c15q4,3,5,2,192
semantic_domain_ablation,24,c16q0,4,5,1,136
semantic_domain_ablation,24,c16q1,21,20,-1,568
semantic_domain_ablation,24,c16q2,34,45,11,1304
semantic_domain_ablation,24,c16q3,35,37,2,1504
semantic_domain_ablation,24,c16q4,17,11,-6,600
semantic_domain_ablation,24,c17q0,33,17,-16,1552
semantic_domain_ablation,24,c17q1,96,60,-36,3800
semantic_domain_ablation,24,c17q2,158,86,-72,6392
semantic_domain_ablation,24,c17q3,110,65,-45,4952
semantic_domain_ablation,24,c17q4,40,20,-20,1328
semantic_domain_ablation,24,c18q0,2,4,2,88
semantic_domain_ablation,24,c18q1,12,31,19,704
semantic_domain_ablation,24,c18q2,26,47,21,1224
semantic_domain_ablation,24,c18q3,11,28,17,608
semantic_domain_ablation,24,c18q4,3,5,2,352
semantic_domain_ablation,24,c19q0,0,3,3,0
semantic_domain_ablation,24,c19q1,0,21,21,24
semantic_domain_ablation,24,c19q2,13,33,20,608
semantic_domain_ablation,24,c19q3,13,18,5,448
semantic_domain_ablation,24,c19q4,4,5,1,152
semantic_domain_ablation,24,c20q0,0,2,2,40
semantic_domain_ablation,24,c20q1,32,32,0,968
semantic_domain_ablation,24,c20q2,58,49,-9,2440
semantic_domain_ablation,24,c20q3,33,28,-5,1496
semantic_domain_ablation,24,c20q4,40,15,-25,1848
semantic_domain_ablation,24,c21q0,7,2,-5,208
semantic_domain_ablation,24,c21q1,43,14,-29,1664
semantic_domain_ablation,24,c21q2,102,40,-62,4872
semantic_domain_ablation,24,c21q3,137,54,-83,5728
semantic_domain_ablation,24,c21q4,58,29,-29,2336
semantic_domain_ablation,24,c22q0,0,0,0,0
semantic_domain_ablation,24,c22q1,3,3,0,104
semantic_domain_ablation,24,c22q2,17,5,-12,824
semantic_domain_ablation,24,c22q3,30,21,-9,1456
semantic_domain_ablation,24,c22q4,7,11,4,504
semantic_domain_ablation,24,c23q0,4,13,9,248
semantic_domain_ablation,24,c23q1,41,39,-2,1800
semantic_domain_ablation,24,c23q2,91,66,-25,3560
semantic_domain_ablation,24,c23q3,123,75,-48,4472
semantic_domain_ablation,24,c23q4,84,39,-45,3304
semantic_domain_ablation,24,c24q0,11,0,-11,640
semantic_domain_ablation,24,c24q1,68,0,-68,2800
semantic_domain_ablation,24,c24q2,120,0,-120,5048
semantic_domain_ablation,24,c24q3,89,0,-89,3488
semantic_domain_ablation,24,c24q4,32,0,-32,1744
semantic_domain_ablation,24,c25q0,47,33,-14,1816
semantic_domain_ablation,24,c25q1,126,89,-37,5208
semantic_domain_ablation,24,c25q2,183,136,-47,7928
semantic_domain_ablation,24,c25q3,137,78,-59,5368
semantic_domain_ablation,24,c25q4,40,25,-15,2200
semantic_domain_ablation,24,c26q0,0,8,8,0
semantic_domain_ablation,24,c26q1,1,34,33,16
semantic_domain_ablation,24,c26q2,14,84,70,552
semantic_domain_ablation,24,c26q3,20,132,112,928
semantic_domain_ablation,24,c26q4,26,180,154,1240
semantic_domain_ablation,24,c27q0,0,0,0,0
semantic_domain_ablation,24,c27q1,0,2,2,56
semantic_domain_ablation,24,c27q2,8,10,2,288
semantic_domain_ablation,24,c27q3,10,3,-7,432
semantic_domain_ablation,24,c27q4,2,1,-1,168
semantic_domain_ablation,24,c28q0,0,6,6,0
semantic_domain_ablation,24,c28q1,85,197,112,3488
semantic_domain_ablation,24,c28q2,205,210,5,9456
semantic_domain_ablation,24,c28q3,342,305,-37,14944
semantic_domain_ablation,24,c28q4,177,149,-28,7352
semantic_domain_ablation,24,c29q0,18,26,8,840
semantic_domain_ablation,24,c29q1,30,30,0,1224
semantic_domain_ablation,24,c29q2,80,90,10,3280
semantic_domain_ablation,24,c29q3,84,85,1,4128
semantic_domain_ablation,24,c29q4,83,27,-56,3664
semantic_domain_ablation,24,c30q0,0,5,5,0
semantic_domain_ablation,24,c30q1,10,20,10,896
semantic_domain_ablation,24,c30q2,82,61,-21,3664
semantic_domain_ablation,24,c30q3,300,240,-60,11096
semantic_domain_ablation,24,c30q4,480,433,-47,19664
semantic_domain_ablation,24,c31q0,0,0,0,0
semantic_domain_ablation,24,c31q1,0,7,7,16
semantic_domain_ablation,24,c31q2,3,15,12,64
semantic_domain_ablation,24,c31q3,2,14,12,104
semantic_domain_ablation,24,c31q4,2,5,3,56
semantic_domain_ablation,24,c32q0,7,42,35,280
semantic_domain_ablation,24,c32q1,40,214,174,1768
semantic_domain_ablation,24,c32q2,222,234,12,10272
semantic_domain_ablation,24,c32q3,407,337,-70,17496
semantic_domain_ablation,24,c32q4,158,136,-22,6632
semantic_domain_ablation,24,c33q0,0,0,0,0
semantic_domain_ablation,24,c33q1,0,12,12,104
semantic_domain_ablation,24,c33q2,4,23,19,288
semantic_domain_ablation,24,c33q3,8,50,42,456
semantic_domain_ablation,24,c33q4,24,36,12,792
semantic_domain_ablation,24,c34q0,0,0,0,0
semantic_domain_ablation,24,c34q1,12,2,-10,288
semantic_domain_ablation,24,c34q2,19,11,-8,856
semantic_domain_ablation,24,c34q3,22,15,-7,976
semantic_domain_ablation,24,c34q4,6,6,0,512
semantic_domain_ablation,24,c35q0,0,9,9,64
semantic_domain_ablation,24,c35q1,25,39,14,976
semantic_domain_ablation,24,c35q2,37,62,25,1544
semantic_domain_ablation,24,c35q3,27,34,7,1064
semantic_domain_ablation,24,c35q4,12,11,-1,416
semantic_domain_ablation,24,c36q0,2,5,3,56
semantic_domain_ablation,24,c36q1,6,22,16,280
semantic_domain_ablation,24,c36q2,11,32,21,504
semantic_domain_ablation,24,c36q3,7,17,10,264
semantic_domain_ablation,24,c36q4,4,4,0,96
semantic_domain_ablation,24,c37q0,1,5,4,24
semantic_domain_ablation,24,c37q1,11,16,5,256
semantic_domain_ablation,24,c37q2,23,42,19,1008
semantic_domain_ablation,24,c37q3,35,80,45,1616
semantic_domain_ablation,24,c37q4,38,65,27,1360
semantic_domain_ablation,24,c38q0,22,28,6,808
semantic_domain_ablation,24,c38q1,40,68,28,2176
semantic_domain_ablation,24,c38q2,151,124,-27,6968
semantic_domain_ablation,24,c38q3,229,145,-84,8488
semantic_domain_ablation,24,c38q4,214,100,-114,8568
semantic_domain_ablation,24,c39q0,4,2,-2,120
semantic_domain_ablation,24,c39q1,38,31,-7,1520
semantic_domain_ablation,24,c39q2,184,186,2,7728
semantic_domain_ablation,24,c39q3,104,81,-23,3800
semantic_domain_ablation,24,c39q4,77,60,-17,3640
semantic_domain_ablation,25,c00q0,0,1,1,0
semantic_domain_ablation,25,c00q1,4,31,27,280
semantic_domain_ablation,25,c00q2,19,101,82,1016
semantic_domain_ablation,25,c00q3,28,93,65,1104
semantic_domain_ablation,25,c00q4,10,54,44,640
semantic_domain_ablation,25,c01q0,26,47,21,896
semantic_domain_ablation,25,c01q1,31,40,9,1440
semantic_domain_ablation,25,c01q2,77,65,-12,3424
semantic_domain_ablation,25,c01q3,131,118,-13,5112
semantic_domain_ablation,25,c01q4,126,105,-21,5640
semantic_domain_ablation,25,c02q0,0,0,0,0
semantic_domain_ablation,25,c02q1,6,8,2,328
semantic_domain_ablation,25,c02q2,28,15,-13,1128
semantic_domain_ablation,25,c02q3,38,33,-5,1608
semantic_domain_ablation,25,c02q4,45,26,-19,1600
semantic_domain_ablation,25,c03q0,16,10,-6,736
semantic_domain_ablation,25,c03q1,93,95,2,4680
semantic_domain_ablation,25,c03q2,93,72,-21,4744
semantic_domain_ablation,25,c03q3,159,58,-101,7280
semantic_domain_ablation,25,c03q4,101,53,-48,4720
semantic_domain_ablation,25,c04q0,0,0,0,0
semantic_domain_ablation,25,c04q1,1,2,1,16
semantic_domain_ablation,25,c04q2,13,11,-2,696
semantic_domain_ablation,25,c04q3,13,3,-10,416
semantic_domain_ablation,25,c04q4,5,0,-5,88
semantic_domain_ablation,25,c05q0,1,4,3,48
semantic_domain_ablation,25,c05q1,7,19,12,224
semantic_domain_ablation,25,c05q2,20,46,26,984
semantic_domain_ablation,25,c05q3,50,114,64,2336
semantic_domain_ablation,25,c05q4,30,85,55,1512
semantic_domain_ablation,25,c06q0,0,0,0,0
semantic_domain_ablation,25,c06q1,2,1,-1,48
semantic_domain_ablation,25,c06q2,5,8,3,232
semantic_domain_ablation,25,c06q3,28,7,-21,1088
semantic_domain_ablation,25,c06q4,18,6,-12,896
semantic_domain_ablation,25,c07q0,1,12,11,56
semantic_domain_ablation,25,c07q1,24,43,19,880
semantic_domain_ablation,25,c07q2,59,38,-21,2160
semantic_domain_ablation,25,c07q3,38,32,-6,1896
semantic_domain_ablation,25,c07q4,14,9,-5,432
semantic_domain_ablation,25,c08q0,0,1,1,0
semantic_domain_ablation,25,c08q1,1,4,3,24
semantic_domain_ablation,25,c08q2,6,24,18,192
semantic_domain_ablation,25,c08q3,5,25,20,288
semantic_domain_ablation,25,c08q4,11,14,3,416
semantic_domain_ablation,25,c09q0,0,0,0,0
semantic_domain_ablation,25,c09q1,3,10,7,56
semantic_domain_ablation,25,c09q2,2,30,28,144
semantic_domain_ablation,25,c09q3,3,13,10,208
semantic_domain_ablation,25,c09q4,2,2,0,48
semantic_domain_ablation,25,c10q0,0,2,2,16
semantic_domain_ablation,25,c10q1,9,15,6,208
semantic_domain_ablation,25,c10q2,4,20,16,336
semantic_domain_ablation,25,c10q3,6,6,0,272
semantic_domain_ablation,25,c10q4,2,2,0,104
semantic_domain_ablation,25,c11q0,0,1,1,40
semantic_domain_ablation,25,c11q1,10,12,2,472
semantic_domain_ablation,25,c11q2,30,28,-2,1168
semantic_domain_ablation,25,c11q3,33,28,-5,1000
semantic_domain_ablation,25,c11q4,7,5,-2,296
semantic_domain_ablation,25,c12q0,3,2,-1,88
semantic_domain_ablation,25,c12q1,35,13,-22,1432
semantic_domain_ablation,25,c12q2,83,59,-24,3248
semantic_domain_ablation,25,c12q3,63,41,-22,3368
semantic_domain_ablation,25,c12q4,29,16,-13,920
semantic_domain_ablation,25,c13q0,0,0,0,0
semantic_domain_ablation,25,c13q1,4,31,27,384
semantic_domain_ablation,25,c13q2,15,81,66,1056
semantic_domain_ablation,25,c13q3,63,125,62,2536
semantic_domain_ablation,25,c13q4,22,70,48,1176
semantic_domain_ablation,25,c14q0,4,20,16,328
semantic_domain_ablation,25,c14q1,119,298,179,4400
semantic_domain_ablation,25,c14q2,256,286,30,12048
semantic_domain_ablation,25,c14q3,271,237,-34,11680
semantic_domain_ablation,25,c14q4,60,46,-14,2400
semantic_domain_ablation,25,c15q0,0,1,1,0
semantic_domain_ablation,25,c15q1,0,5,5,24
semantic_domain_ablation,25,c15q2,1,22,21,64
semantic_domain_ablation,25,c15q3,1,8,7,64
semantic_domain_ablation,25,c15q4,3,6,3,192
semantic_domain_ablation,25,c16q0,4,5,1,136
semantic_domain_ablation,25,c16q1,21,12,-9,568
semantic_domain_ablation,25,c16q2,34,34,0,1304
semantic_domain_ablation,25,c16q3,35,33,-2,1504
semantic_domain_ablation,25,c16q4,17,23,6,600
semantic_domain_ablation,25,c17q0,33,24,-9,1552
semantic_domain_ablation,25,c17q1,96,52,-44,3800
semantic_domain_ablation,25,c17q2,158,90,-68,6392
semantic_domain_ablation,25,c17q3,110,68,-42,4952
semantic_domain_ablation,25,c17q4,40,15,-25,1328
semantic_domain_ablation,25,c18q0,2,5,3,88
semantic_domain_ablation,25,c18q1,12,32,20,704
semantic_domain_ablation,25,c18q2,26,59,33,1224
semantic_domain_ablation,25,c18q3,11,21,10,608
semantic_domain_ablation,25,c18q4,3,7,4,352
semantic_domain_ablation,25,c19q0,0,1,1,0
semantic_domain_ablation,25,c19q1,0,16,16,24
semantic_domain_ablation,25,c19q2,13,39,26,608
semantic_domain_ablation,25,c19q3,13,23,10,448
semantic_domain_ablation,25,c19q4,4,10,6,152
semantic_domain_ablation,25,c20q0,0,2,2,40
semantic_domain_ablation,25,c20q1,32,30,-2,968
semantic_domain_ablation,25,c20q2,58,41,-17,2440
semantic_domain_ablation,25,c20q3,33,18,-15,1496
semantic_domain_ablation,25,c20q4,40,16,-24,1848
semantic_domain_ablation,25,c21q0,7,2,-5,208
semantic_domain_ablation,25,c21q1,43,21,-22,1664
semantic_domain_ablation,25,c21q2,102,48,-54,4872
semantic_domain_ablation,25,c21q3,137,70,-67,5728
semantic_domain_ablation,25,c21q4,58,31,-27,2336
semantic_domain_ablation,25,c22q0,0,0,0,0
semantic_domain_ablation,25,c22q1,3,1,-2,104
semantic_domain_ablation,25,c22q2,17,16,-1,824
semantic_domain_ablation,25,c22q3,30,17,-13,1456
semantic_domain_ablation,25,c22q4,7,5,-2,504
semantic_domain_ablation,25,c23q0,4,11,7,248
semantic_domain_ablation,25,c23q1,41,33,-8,1800
semantic_domain_ablation,25,c23q2,91,67,-24,3560
semantic_domain_ablation,25,c23q3,123,76,-47,4472
semantic_domain_ablation,25,c23q4,84,38,-46,3304
semantic_domain_ablation,25,c24q0,11,11,0,640
semantic_domain_ablation,25,c24q1,68,34,-34,2800
semantic_domain_ablation,25,c24q2,120,52,-68,5048
semantic_domain_ablation,25,c24q3,89,41,-48,3488
semantic_domain_ablation,25,c24q4,32,25,-7,1744
semantic_domain_ablation,25,c25q0,47,0,-47,1816
semantic_domain_ablation,25,c25q1,126,0,-126,5208
semantic_domain_ablation,25,c25q2,183,0,-183,7928
semantic_domain_ablation,25,c25q3,137,0,-137,5368
semantic_domain_ablation,25,c25q4,40,0,-40,2200
semantic_domain_ablation,25,c26q0,0,7,7,0
semantic_domain_ablation,25,c26q1,1,28,27,16
semantic_domain_ablation,25,c26q2,14,94,80,552
semantic_domain_ablation,25,c26q3,20,140,120,928
semantic_domain_ablation,25,c26q4,26,169,143,1240
semantic_domain_ablation,25,c27q0,0,0,0,0
semantic_domain_ablation,25,c27q1,0,3,3,56
semantic_domain_ablation,25,c27q2,8,14,6,288
semantic_domain_ablation,25,c27q3,10,6,-4,432
semantic_domain_ablation,25,c27q4,2,1,-1,168
semantic_domain_ablation,25,c28q0,0,8,8,0
semantic_domain_ablation,25,c28q1,85,203,118,3488
semantic_domain_ablation,25,c28q2,205,215,10,9456
semantic_domain_ablation,25,c28q3,342,302,-40,14944
semantic_domain_ablation,25,c28q4,177,157,-20,7352
semantic_domain_ablation,25,c29q0,18,16,-2,840
semantic_domain_ablation,25,c29q1,30,33,3,1224
semantic_domain_ablation,25,c29q2,80,91,11,3280
semantic_domain_ablation,25,c29q3,84,104,20,4128
semantic_domain_ablation,25,c29q4,83,39,-44,3664
semantic_domain_ablation,25,c30q0,0,1,1,0
semantic_domain_ablation,25,c30q1,10,16,6,896
semantic_domain_ablation,25,c30q2,82,72,-10,3664
semantic_domain_ablation,25,c30q3,300,217,-83,11096
semantic_domain_ablation,25,c30q4,480,455,-25,19664
semantic_domain_ablation,25,c31q0,0,2,2,0
semantic_domain_ablation,25,c31q1,0,4,4,16
semantic_domain_ablation,25,c31q2,3,14,11,64
semantic_domain_ablation,25,c31q3,2,12,10,104
semantic_domain_ablation,25,c31q4,2,4,2,56
semantic_domain_ablation,25,c32q0,7,36,29,280
semantic_domain_ablation,25,c32q1,40,232,192,1768
semantic_domain_ablation,25,c32q2,222,233,11,10272
semantic_domain_ablation,25,c32q3,407,349,-58,17496
semantic_domain_ablation,25,c32q4,158,131,-27,6632
semantic_domain_ablation,25,c33q0,0,1,1,0
semantic_domain_ablation,25,c33q1,0,18,18,104
semantic_domain_ablation,25,c33q2,4,32,28,288
semantic_domain_ablation,25,c33q3,8,33,25,456
semantic_domain_ablation,25,c33q4,24,51,27,792
semantic_domain_ablation,25,c34q0,0,0,0,0
semantic_domain_ablation,25,c34q1,12,5,-7,288
semantic_domain_ablation,25,c34q2,19,11,-8,856
semantic_domain_ablation,25,c34q3,22,6,-16,976
semantic_domain_ablation,25,c34q4,6,8,2,512
semantic_domain_ablation,25,c35q0,0,5,5,64
semantic_domain_ablation,25,c35q1,25,41,16,976
semantic_domain_ablation,25,c35q2,37,58,21,1544
semantic_domain_ablation,25,c35q3,27,45,18,1064
semantic_domain_ablation,25,c35q4,12,9,-3,416
semantic_domain_ablation,25,c36q0,2,2,0,56
semantic_domain_ablation,25,c36q1,6,22,16,280
semantic_domain_ablation,25,c36q2,11,34,23,504
semantic_domain_ablation,25,c36q3,7,15,8,264
semantic_domain_ablation,25,c36q4,4,7,3,96
semantic_domain_ablation,25,c37q0,1,5,4,24
semantic_domain_ablation,25,c37q1,11,23,12,256
semantic_domain_ablation,25,c37q2,23,39,16,1008
semantic_domain_ablation,25,c37q3,35,83,48,1616
semantic_domain_ablation,25,c37q4,38,61,23,1360
semantic_domain_ablation,25,c38q0,22,26,4,808
semantic_domain_ablation,25,c38q1,40,72,32,2176
semantic_domain_ablation,25,c38q2,151,134,-17,6968
semantic_domain_ablation,25,c38q3,229,143,-86,8488
semantic_domain_ablation,25,c38q4,214,106,-108,8568
semantic_domain_ablation,25,c39q0,4,2,-2,120
semantic_domain_ablation,25,c39q1,38,28,-10,1520
semantic_domain_ablation,25,c39q2,184,185,1,7728
semantic_domain_ablation,25,c39q3,104,87,-17,3800
semantic_domain_ablation,25,c39q4,77,62,-15,3640
semantic_domain_ablation,26,c00q0,0,1,1,0
semantic_domain_ablation,26,c00q1,4,32,28,280
semantic_domain_ablation,26,c00q2,19,102,83,1016
semantic_domain_ablation,26,c00q3,28,93,65,1104
semantic_domain_ablation,26,c00q4,10,56,46,640
semantic_domain_ablation,26,c01q0,26,45,19,896
semantic_domain_ablation,26,c01q1,31,40,9,1440
semantic_domain_ablation,26,c01q2,77,68,-9,3424
semantic_domain_ablation,26,c01q3,131,119,-12,5112
semantic_domain_ablation,26,c01q4,126,106,-20,5640
semantic_domain_ablation,26,c02q0,0,0,0,0
semantic_domain_ablation,26,c02q1,6,6,0,328
semantic_domain_ablation,26,c02q2,28,17,-11,1128
semantic_domain_ablation,26,c02q3,38,28,-10,1608
semantic_domain_ablation,26,c02q4,45,28,-17,1600
semantic_domain_ablation,26,c03q0,16,12,-4,736
semantic_domain_ablation,26,c03q1,93,95,2,4680
semantic_domain_ablation,26,c03q2,93,75,-18,4744
semantic_domain_ablation,26,c03q3,159,56,-103,7280
semantic_domain_ablation,26,c03q4,101,53,-48,4720
semantic_domain_ablation,26,c04q0,0,0,0,0
semantic_domain_ablation,26,c04q1,1,4,3,16
semantic_domain_ablation,26,c04q2,13,8,-5,696
semantic_domain_ablation,26,c04q3,13,8,-5,416
semantic_domain_ablation,26,c04q4,5,1,-4,88
semantic_domain_ablation,26,c05q0,1,4,3,48
semantic_domain_ablation,26,c05q1,7,19,12,224
semantic_domain_ablation,26,c05q2,20,45,25,984
semantic_domain_ablation,26,c05q3,50,114,64,2336
semantic_domain_ablation,26,c05q4,30,85,55,1512
semantic_domain_ablation,26,c06q0,0,0,0,0
semantic_domain_ablation,26,c06q1,2,0,-2,48
semantic_domain_ablation,26,c06q2,5,8,3,232
semantic_domain_ablation,26,c06q3,28,6,-22,1088
semantic_domain_ablation,26,c06q4,18,7,-11,896
semantic_domain_ablation,26,c07q0,1,22,21,56
semantic_domain_ablation,26,c07q1,24,34,10,880
semantic_domain_ablation,26,c07q2,59,36,-23,2160
semantic_domain_ablation,26,c07q3,38,44,6,1896
semantic_domain_ablation,26,c07q4,14,9,-5,432
semantic_domain_ablation,26,c08q0,0,0,0,0
semantic_domain_ablation,26,c08q1,1,2,1,24
semantic_domain_ablation,26,c08q2,6,15,9,192
semantic_domain_ablation,26,c08q3,5,30,25,288
semantic_domain_ablation,26,c08q4,11,13,2,416
semantic_domain_ablation,26,c09q0,0,2,2,0
semantic_domain_ablation,26,c09q1,3,12,9,56
semantic_domain_ablation,26,c09q2,2,25,23,144
semantic_domain_ablation,26,c09q3,3,14,11,208
semantic_domain_ablation,26,c09q4,2,4,2,48
semantic_domain_ablation,26,c10q0,0,1,1,16
semantic_domain_ablation,26,c10q1,9,18,9,208
semantic_domain_ablation,26,c10q2,4,11,7,336
semantic_domain_ablation,26,c10q3,6,10,4,272
semantic_domain_ablation,26,c10q4,2,3,1,104
semantic_domain_ablation,26,c11q0,0,1,1,40
semantic_domain_ablation,26,c11q1,10,13,3,472
semantic_domain_ablation,26,c11q2,30,30,0,1168
semantic_domain_ablation,26,c11q3,33,21,-12,1000
semantic_domain_ablation,26,c11q4,7,3,-4,296
semantic_domain_ablation,26,c12q0,3,2,-1,88
semantic_domain_ablation,26,c12q1,35,22,-13,1432
semantic_domain_ablation,26,c12q2,83,61,-22,3248
semantic_domain_ablation,26,c12q3,63,42,-21,3368
semantic_domain_ablation,26,c12q4,29,14,-15,920
semantic_domain_ablation,26,c13q0,0,0,0,0
semantic_domain_ablation,26,c13q1,4,42,38,384
semantic_domain_ablation,26,c13q2,15,70,55,1056
semantic_domain_ablation,26,c13q3,63,129,66,2536
semantic_domain_ablation,26,c13q4,22,63,41,1176
semantic_domain_ablation,26,c14q0,4,30,26,328
semantic_domain_ablation,26,c14q1,119,296,177,4400
semantic_domain_ablation,26,c14q2,256,291,35,12048
semantic_domain_ablation,26,c14q3,271,240,-31,11680
semantic_domain_ablation,26,c14q4,60,51,-9,2400
semantic_domain_ablation,26,c15q0,0,0,0,0
semantic_domain_ablation,26,c15q1,0,6,6,24
semantic_domain_ablation,26,c15q2,1,11,10,64
semantic_domain_ablation,26,c15q3,1,7,6,64
semantic_domain_ablation,26,c15q4,3,6,3,192
semantic_domain_ablation,26,c16q0,4,2,-2,136
semantic_domain_ablation,26,c16q1,21,15,-6,568
semantic_domain_ablation,26,c16q2,34,30,-4,1304
semantic_domain_ablation,26,c16q3,35,52,17,1504
semantic_domain_ablation,26,c16q4,17,15,-2,600
semantic_domain_ablation,26,c17q0,33,22,-11,1552
semantic_domain_ablation,26,c17q1,96,52,-44,3800
semantic_domain_ablation,26,c17q2,158,94,-64,6392
semantic_domain_ablation,26,c17q3,110,59,-51,4952
semantic_domain_ablation,26,c17q4,40,20,-20,1328
semantic_domain_ablation,26,c18q0,2,5,3,88
semantic_domain_ablation,26,c18q1,12,34,22,704
semantic_domain_ablation,26,c18q2,26,54,28,1224
semantic_domain_ablation,26,c18q3,11,22,11,608
semantic_domain_ablation,26,c18q4,3,12,9,352
semantic_domain_ablation,26,c19q0,0,2,2,0
semantic_domain_ablation,26,c19q1,0,22,22,24
semantic_domain_ablation,26,c19q2,13,37,24,608
semantic_domain_ablation,26,c19q3,13,20,7,448
semantic_domain_ablation,26,c19q4,4,6,2,152
semantic_domain_ablation,26,c20q0,0,1,1,40
semantic_domain_ablation,26,c20q1,32,27,-5,968
semantic_domain_ablation,26,c20q2,58,38,-20,2440
semantic_domain_ablation,26,c20q3,33,29,-4,1496
semantic_domain_ablation,26,c20q4,40,16,-24,1848
semantic_domain_ablation,26,c21q0,7,2,-5,208
semantic_domain_ablation,26,c21q1,43,17,-26,1664
semantic_domain_ablation,26,c21q2,102,61,-41,4872
semantic_domain_ablation,26,c21q3,137,73,-64,5728
semantic_domain_ablation,26,c21q4,58,22,-36,2336
semantic_domain_ablation,26,c22q0,0,0,0,0
semantic_domain_ablation,26,c22q1,3,4,1,104
semantic_domain_ablation,26,c22q2,17,11,-6,824
semantic_domain_ablation,26,c22q3,30,19,-11,1456
semantic_domain_ablation,26,c22q4,7,4,-3,504
semantic_domain_ablation,26,c23q0,4,9,5,248
semantic_domain_ablation,26,c23q1,41,40,-1,1800
semantic_domain_ablation,26,c23q2,91,71,-20,3560
semantic_domain_ablation,26,c23q3,123,74,-49,4472
semantic_domain_ablation,26,c23q4,84,37,-47,3304
semantic_domain_ablation,26,c24q0,11,7,-4,640
semantic_domain_ablation,26,c24q1,68,22,-46,2800
semantic_domain_ablation,26,c24q2,120,63,-57,5048
semantic_domain_ablation,26,c24q3,89,44,-45,3488
semantic_domain_ablation,26,c24q4,32,16,-16,1744
semantic_domain_ablation,26,c25q0,47,31,-16,1816
semantic_domain_ablation,26,c25q1,126,97,-29,5208
semantic_domain_ablation,26,c25q2,183,139,-44,7928
semantic_domain_ablation,26,c25q3,137,78,-59,5368
semantic_domain_ablation,26,c25q4,40,25,-15,2200
semantic_domain_ablation,26,c26q0,0,0,0,0
semantic_domain_ablation,26,c26q1,1,0,-1,16
semantic_domain_ablation,26,c26q2,14,0,-14,552
semantic_domain_ablation,26,c26q3,20,0,-20,928
semantic_domain_ablation,26,c26q4,26,0,-26,1240
semantic_domain_ablation,26,c27q0,0,0,0,0
semantic_domain_ablation,26,c27q1,0,2,2,56
semantic_domain_ablation,26,c27q2,8,16,8,288
semantic_domain_ablation,26,c27q3,10,6,-4,432
semantic_domain_ablation,26,c27q4,2,1,-1,168
semantic_domain_ablation,26,c28q0,0,2,2,0
semantic_domain_ablation,26,c28q1,85,207,122,3488
semantic_domain_ablation,26,c28q2,205,233,28,9456
semantic_domain_ablation,26,c28q3,342,298,-44,14944
semantic_domain_ablation,26,c28q4,177,152,-25,7352
semantic_domain_ablation,26,c29q0,18,24,6,840
semantic_domain_ablation,26,c29q1,30,23,-7,1224
semantic_domain_ablation,26,c29q2,80,95,15,3280
semantic_domain_ablation,26,c29q3,84,111,27,4128
semantic_domain_ablation,26,c29q4,83,27,-56,3664
semantic_domain_ablation,26,c30q0,0,4,4,0
semantic_domain_ablation,26,c30q1,10,21,11,896
semantic_domain_ablation,26,c30q2,82,66,-16,3664
semantic_domain_ablation,26,c30q3,300,231,-69,11096
semantic_domain_ablation,26,c30q4,480,450,-30,19664
semantic_domain_ablation,26,c31q0,0,1,1,0
semantic_domain_ablation,26,c31q1,0,5,5,16
semantic_domain_ablation,26,c31q2,3,12,9,64
semantic_domain_ablation,26,c31q3,2,14,12,104
semantic_domain_ablation,26,c31q4,2,7,5,56
semantic_domain_ablation,26,c32q0,7,32,25,280
semantic_domain_ablation,26,c32q1,40,232,192,1768
semantic_domain_ablation,26,c32q2,222,238,16,10272
semantic_domain_ablation,26,c32q3,407,356,-51,17496
semantic_domain_ablation,26,c32q4,158,133,-25,6632
semantic_domain_ablation,26,c33q0,0,1,1,0
semantic_domain_ablation,26,c33q1,0,13,13,104
semantic_domain_ablation,26,c33q2,4,36,32,288
semantic_domain_ablation,26,c33q3,8,31,23,456
semantic_domain_ablation,26,c33q4,24,53,29,792
semantic_domain_ablation,26,c34q0,0,1,1,0
semantic_domain_ablation,26,c34q1,12,4,-8,288
semantic_domain_ablation,26,c34q2,19,11,-8,856
semantic_domain_ablation,26,c34q3,22,11,-11,976
semantic_domain_ablation,26,c34q4,6,3,-3,512
semantic_domain_ablation,26,c35q0,0,9,9,64
semantic_domain_ablation,26,c35q1,25,35,10,976
semantic_domain_ablation,26,c35q2,37,63,26,1544
semantic_domain_ablation,26,c35q3,27,41,14,1064
semantic_domain_ablation,26,c35q4,12,11,-1,416
semantic_domain_ablation,26,c36q0,2,5,3,56
semantic_domain_ablation,26,c36q1,6,18,12,280
semantic_domain_ablation,26,c36q2,11,33,22,504
semantic_domain_ablation,26,c36q3,7,18,11,264
semantic_domain_ablation,26,c36q4,4,6,2,96
semantic_domain_ablation,26,c37q0,1,4,3,24
semantic_domain_ablation,26,c37q1,11,27,16,256
semantic_domain_ablation,26,c37q2,23,41,18,1008
semantic_domain_ablation,26,c37q3,35,77,42,1616
semantic_domain_ablation,26,c37q4,38,63,25,1360
semantic_domain_ablation,26,c38q0,22,28,6,808
semantic_domain_ablation,26,c38q1,40,73,33,2176
semantic_domain_ablation,26,c38q2,151,132,-19,6968
semantic_domain_ablation,26,c38q3,229,147,-82,8488
semantic_domain_ablation,26,c38q4,214,105,-109,8568
semantic_domain_ablation,26,c39q0,4,5,1,120
semantic_domain_ablation,26,c39q1,38,25,-13,1520
semantic_domain_ablation,26,c39q2,184,187,3,7728
semantic_domain_ablation,26,c39q3,104,87,-17,3800
semantic_domain_ablation,26,c39q4,77,64,-13,3640
semantic_domain_ablation,27,c00q0,0,1,1,0
semantic_domain_ablation,27,c00q1,4,30,26,280
semantic_domain_ablation,27,c00q2,19,100,81,1016
semantic_domain_ablation,27,c00q3,28,87,59,1104
semantic_domain_ablation,27,c00q4,10,55,45,640
semantic_domain_ablation,27,c01q0,26,40,14,896
semantic_domain_ablation,27,c01q1,31,48,17,1440
semantic_domain_ablation,27,c01q2,77,50,-27,3424
semantic_domain_ablation,27,c01q3,131,116,-15,5112
semantic_domain_ablation,27,c01q4,126,109,-17,5640
semantic_domain_ablation,27,c02q0,0,1,1,0
semantic_domain_ablation,27,c02q1,6,3,-3,328
semantic_domain_ablation,27,c02q2,28,22,-6,1128
semantic_domain_ablation,27,c02q3,38,24,-14,1608
semantic_domain_ablation,27,c02q4,45,27,-18,1600
semantic_domain_ablation,27,c03q0,16,12,-4,736
semantic_domain_ablation,27,c03q1,93,84,-9,4680
semantic_domain_ablation,27,c03q2,93,75,-18,4744
semantic_domain_ablation,27,c03q3,159,59,-100,7280
semantic_domain_ablation,27,c03q4,101,33,-68,4720
semantic_domain_ablation,27,c04q0,0,0,0,0
semantic_domain_ablation,27,c04q1,1,3,2,16
semantic_domain_ablation,27,c04q2,13,12,-1,696
semantic_domain_ablation,27,c04q3,13,10,-3,416
semantic_domain_ablation,27,c04q4,5,1,-4,88
semantic_domain_ablation,27,c05q0,1,0,-1,48
semantic_domain_ablation,27,c05q1,7,22,15,224
semantic_domain_ablation,27,c05q2,20,52,32,984
semantic_domain_ablation,27,c05q3,50,102,52,2336
semantic_domain_ablation,27,c05q4,30,77,47,1512
semantic_domain_ablation,27,c06q0,0,0,0,0
semantic_domain_ablation,27,c06q1,2,3,1,48
semantic_domain_ablation,27,c06q2,5,7,2,232
semantic_domain_ablation,27,c06q3,28,11,-17,1088
semantic_domain_ablation,27,c06q4,18,9,-9,896
semantic_domain_ablation,27,c07q0,1,16,15,56
semantic_domain_ablation,27,c07q1,24,31,7,880
semantic_domain_ablation,27,c07q2,59,40,-19,2160
semantic_domain_ablation,27,c07q3,38,33,-5,1896
semantic_domain_ablation,27,c07q4,14,6,-8,432
semantic_domain_ablation,27,c08q0,0,0,0,0
semantic_domain_ablation,27,c08q1,1,0,-1,24
semantic_domain_ablation,27,c08q2,6,16,10,192
semantic_domain_ablation,27,c08q3,5,24,19,288
semantic_domain_ablation,27,c08q4,11,19,8,416
semantic_domain_ablation,27,c09q0,0,4,4,0
semantic_domain_ablation,27,c09q1,3,12,9,56
semantic_domain_ablation,27,c09q2,2,18,16,144
semantic_domain_ablation,27,c09q3,3,19,16,208
semantic_domain_ablation,27,c09q4,2,2,0,48
semantic_domain_ablation,27,c10q0,0,4,4,16
semantic_domain_ablation,27,c10q1,9,14,5,208
semantic_domain_ablation,27,c10q2,4,23,19,336
semantic_domain_ablation,27,c10q3,6,10,4,272
semantic_domain_ablation,27,c10q4,2,5,3,104
semantic_domain_ablation,27,c11q0,0,1,1,40
semantic_domain_ablation,27,c11q1,10,12,2,472
semantic_domain_ablation,27,c11q2,30,31,1,1168
semantic_domain_ablation,27,c11q3,33,16,-17,1000
semantic_domain_ablation,27,c11q4,7,5,-2,296
semantic_domain_ablation,27,c12q0,3,0,-3,88
semantic_domain_ablation,27,c12q1,35,24,-11,1432
semantic_domain_ablation,27,c12q2,83,48,-35,3248
semantic_domain_ablation,27,c12q3,63,49,-14,3368
semantic_domain_ablation,27,c12q4,29,13,-16,920
semantic_domain_ablation,27,c13q0,0,0,0,0
semantic_domain_ablation,27,c13q1,4,24,20,384
semantic_domain_ablation,27,c13q2,15,62,47,1056
semantic_domain_ablation,27,c13q3,63,151,88,2536
semantic_domain_ablation,27,c13q4,22,44,22,1176
semantic_domain_ablation,27,c14q0,4,31,27,328
semantic_domain_ablation,27,c14q1,119,283,164,4400
semantic_domain_ablation,27,c14q2,256,273,17,12048
semantic_domain_ablation,27,c14q3,271,231,-40,11680
semantic_domain_ablation,27,c14q4,60,52,-8,2400
semantic_domain_ablation,27,c15q0,0,0,0,0
semantic_domain_ablation,27,c15q1,0,2,2,24
semantic_domain_ablation,27,c15q2,1,7,6,64
semantic_domain_ablation,27,c15q3,1,8,7,64
semantic_domain_ablation,27,c15q4,3,5,2,192
semantic_domain_ablation,27,c16q0,4,2,-2,136
semantic_domain_ablation,27,c16q1,21,16,-5,568
semantic_domain_ablation,27,c16q2,34,40,6,1304
semantic_domain_ablation,27,c16q3,35,51,16,1504
semantic_domain_ablation,27,c16q4,17,12,-5,600
semantic_domain_ablation,27,c17q0,33,17,-16,1552
semantic_domain_ablation,27,c17q1,96,38,-58,3800
semantic_domain_ablation,27,c17q2,158,99,-59,6392
semantic_domain_ablation,27,c17q3,110,65,-45,4952
semantic_domain_ablation,27,c17q4,40,15,-25,1328
semantic_domain_ablation,27,c18q0,2,5,3,88
semantic_domain_ablation,27,c18q1,12,33,21,704
semantic_domain_ablation,27,c18q2,26,49,23,1224
semantic_domain_ablation,27,c18q3,11,29,18,608
semantic_domain_ablation,27,c18q4,3,5,2,352
semantic_domain_ablation,27,c19q0,0,4,4,0
semantic_domain_ablation,27,c19q1,0,14,14,24
semantic_domain_ablation,27,c19q2,13,31,18,608
semantic_domain_ablation,27,c19q3,13,23,10,448
semantic_domain_ablation,27,c19q4,4,4,0,152
semantic_domain_ablation,27,c20q0,0,0,0,40
semantic_domain_ablation,27,c20q1,32,36,4,968
semantic_domain_ablation,27,c20q2,58,40,-18,2440
semantic_domain_ablation,27,c20q3,33,29,-4,1496
semantic_domain_ablation,27,c20q4,40,20,-20,1848
semantic_domain_ablation,27,c21q0,7,2,-5,208
semantic_domain_ablation,27,c21q1,43,16,-27,1664
semantic_domain_ablation,27,c21q2,102,45,-57,4872
semantic_domain_ablation,27,c21q3,137,46,-91,5728
semantic_domain_ablation,27,c21q4,58,23,-35,2336
semantic_domain_ablation,27,c22q0,0,0,0,0
semantic_domain_ablation,27,c22q1,3,4,1,104
semantic_domain_ablation,27,c22q2,17,10,-7,824
semantic_domain_ablation,27,c22q3,30,13,-17,1456
semantic_domain_ablation,27,c22q4,7,8,1,504
semantic_domain_ablation,27,c23q0,4,12,8,248
semantic_domain_ablation,27,c23q1,41,30,-11,1800
semantic_domain_ablation,27,c23q2,91,77,-14,3560
semantic_domain_ablation,27,c23q3,123,79,-44,4472
semantic_domain_ablation,27,c23q4,84,31,-53,3304
semantic_domain_ablation,27,c24q0,11,10,-1,640
semantic_domain_ablation,27,c24q1,68,36,-32,2800
semantic_domain_ablation,27,c24q2,120,53,-67,5048
semantic_domain_ablation,27,c24q3,89,46,-43,3488
semantic_domain_ablation,27,c24q4,32,16,-16,1744
semantic_domain_ablation,27,c25q0,47,34,-13,1816
semantic_domain_ablation,27,c25q1,126,83,-43,5208
semantic_domain_ablation,27,c25q2,183,127,-56,7928
semantic_domain_ablation,27,c25q3,137,92,-45,5368
semantic_domain_ablation,27,c25q4,40,22,-18,2200
semantic_domain_ablation,27,c26q0,0,6,6,0
semantic_domain_ablation,27,c26q1,1,28,27,16
semantic_domain_ablation,27,c26q2,14,84,70,552
semantic_domain_ablation,27,c26q3,20,136,116,928
semantic_domain_ablation,27,c26q4,26,160,134,1240
semantic_domain_ablation,27,c27q0,0,0,0,0
semantic_domain_ablation,27,c27q1,0,0,0,56
semantic_domain_ablation,27,c27q2,8,0,-8,288
semantic_domain_ablation,27,c27q3,10,0,-10,432
semantic_domain_ablation,27,c27q4,2,0,-2,168
semantic_domain_ablation,27,c28q0,0,4,4,0
semantic_domain_ablation,27,c28q1,85,199,114,3488
semantic_domain_ablation,27,c28q2,205,216,11,9456
semantic_domain_ablation,27,c28q3,342,289,-53,14944
semantic_domain_ablation,27,c28q4,177,157,-20,7352
semantic_domain_ablation,27,c29q0,18,19,1,840
semantic_domain_ablation,27,c29q1,30,39,9,1224
semantic_domain_ablation,27,c29q2,80,72,-8,3280
semantic_domain_ablation,27,c29q3,84,89,5,4128
semantic_domain_ablation,27,c29q4,83,35,-48,3664
semantic_domain_ablation,27,c30q0,0,3,3,0
semantic_domain_ablation,27,c30q1,10,16,6,896
semantic_domain_ablation,27,c30q2,82,55,-27,3664
semantic_domain_ablation,27,c30q3,300,251,-49,11096
semantic_domain_ablation,27,c30q4,480,428,-52,19664
semantic_domain_ablation,27,c31q0,0,0,0,0
semantic_domain_ablation,27,c31q1,0,6,6,16
semantic_domain_ablation,27,c31q2,3,10,7,64
semantic_domain_ablation,27,c31q3,2,12,10,104
semantic_domain_ablation,27,c31q4,2,7,5,56
semantic_domain_ablation,27,c32q0,7,40,33,280
semantic_domain_ablation,27,c32q1,40,207,167,1768
semantic_domain_ablation,27,c32q2,222,240,18,10272
semantic_domain_ablation,27,c32q3,407,322,-85,17496
semantic_domain_ablation,27,c32q4,158,134,-24,6632
semantic_domain_ablation,27,c33q0,0,1,1,0
semantic_domain_ablation,27,c33q1,0,9,9,104
semantic_domain_ablation,27,c33q2,4,33,29,288
semantic_domain_ablation,27,c33q3,8,45,37,456
semantic_domain_ablation,27,c33q4,24,30,6,792
semantic_domain_ablation,27,c34q0,0,0,0,0
semantic_domain_ablation,27,c34q1,12,5,-7,288
semantic_domain_ablation,27,c34q2,19,13,-6,856
semantic_domain_ablation,27,c34q3,22,17,-5,976
semantic_domain_ablation,27,c34q4,6,6,0,512
semantic_domain_ablation,27,c35q0,0,8,8,64
semantic_domain_ablation,27,c35q1,25,40,15,976
semantic_domain_ablation,27,c35q2,37,60,23,1544
semantic_domain_ablation,27,c35q3,27,33,6,1064
semantic_domain_ablation,27,c35q4,12,7,-5,416
semantic_domain_ablation,27,c36q0,2,7,5,56
semantic_domain_ablation,27,c36q1,6,24,18,280
semantic_domain_ablation,27,c36q2,11,31,20,504
semantic_domain_ablation,27,c36q3,7,10,3,264
semantic_domain_ablation,27,c36q4,4,4,0,96
semantic_domain_ablation,27,c37q0,1,8,7,24
semantic_domain_ablation,27,c37q1,11,15,4,256
semantic_domain_ablation,27,c37q2,23,47,24,1008
semantic_domain_ablation,27,c37q3,35,72,37,1616
semantic_domain_ablation,27,c37q4,38,68,30,1360
semantic_domain_ablation,27,c38q0,22,28,6,808
semantic_domain_ablation,27,c38q1,40,70,30,2176
semantic_domain_ablation,27,c38q2,151,125,-26,6968
semantic_domain_ablation,27,c38q3,229,138,-91,8488
semantic_domain_ablation,27,c38q4,214,98,-116,8568
semantic_domain_ablation,27,c39q0,4,1,-3,120
semantic_domain_ablation,27,c39q1,38,30,-8,1520
semantic_domain_ablation,27,c39q2,184,187,3,7728
semantic_domain_ablation,27,c39q3,104,78,-26,3800
semantic_domain_ablation,27,c39q4,77,59,-18,3640
semantic_domain_ablation,28,c00q0,0,1,1,0
semantic_domain_ablation,28,c00q1,4,35,31,280
semantic_domain_ablation,28,c00q2,19,108,89,1016
semantic_domain_ablation,28,c00q3,28,100,72,1104
semantic_domain_ablation,28,c00q4,10,60,50,640
semantic_domain_ablation,28,c01q0,26,48,22,896
semantic_domain_ablation,28,c01q1,31,30,-1,1440
semantic_domain_ablation,28,c01q2,77,78,1,3424
semantic_domain_ablation,28,c01q3,131,130,-1,5112
semantic_domain_ablation,28,c01q4,126,98,-28,5640
semantic_domain_ablation,28,c02q0,0,0,0,0
semantic_domain_ablation,28,c02q1,6,10,4,328
semantic_domain_ablation,28,c02q2,28,19,-9,1128
semantic_domain_ablation,28,c02q3,38,28,-10,1608
semantic_domain_ablation,28,c02q4,45,33,-12,1600
semantic_domain_ablation,28,c03q0,16,16,0,736
semantic_domain_ablation,28,c03q1,93,96,3,4680
semantic_domain_ablation,28,c03q2,93,70,-23,4744
semantic_domain_ablation,28,c03q3,159,81,-78,7280
semantic_domain_ablation,28,c03q4,101,52,-49,4720
semantic_domain_ablation,28,c04q0,0,0,0,0
semantic_domain_ablation,28,c04q1,1,3,2,16
semantic_domain_ablation,28,c04q2,13,11,-2,696
semantic_domain_ablation,28,c04q3,13,3,-10,416
semantic_domain_ablation,28,c04q4,5,1,-4,88
semantic_domain_ablation,28,c05q0,1,4,3,48
semantic_domain_ablation,28,c05q1,7,19,12,224
semantic_domain_ablation,28,c05q2,20,45,25,984
semantic_domain_ablation,28,c05q3,50,137,87,2336
semantic_domain_ablation,28,c05q4,30,77,47,1512
semantic_domain_ablation,28,c06q0,0,1,1,0
semantic_domain_ablation,28,c06q1,2,2,0,48
semantic_domain_ablation,28,c06q2,5,9,4,232
semantic_domain_ablation,28,c06q3,28,8,-20,1088
semantic_domain_ablation,28,c06q4,18,6,-12,896
semantic_domain_ablation,28,c07q0,1,17,16,56
semantic_domain_ablation,28,c07q1,24,50,26,880
semantic_domain_ablation,28,c07q2,59,44,-15,2160
semantic_domain_ablation,28,c07q3,38,38,0,1896
semantic_domain_ablation,28,c07q4,14,7,-7,432
semantic_domain_ablation,28,c08q0,0,1,1,0
semantic_domain_ablation,28,c08q1,1,3,2,24
semantic_domain_ablation,28,c08q2,6,18,12,192
semantic_domain_ablation,28,c08q3,5,28,23,288
semantic_domain_ablation,28,c08q4,11,7,-4,416
semantic_domain_ablation,28,c09q0,0,1,1,0
semantic_domain_ablation,28,c09q1,3,10,7,56
semantic_domain_ablation,28,c09q2,2,20,18,144
semantic_domain_ablation,28,c09q3,3,14,11,208
semantic_domain_ablation,28,c09q4,2,3,1,48
semantic_domain_ablation,28,c10q0,0,5,5,16
semantic_domain_ablation,28,c10q1,9,21,12,208
semantic_domain_ablation,28,c10q2,4,10,6,336
semantic_domain_ablation,28,c10q3,6,6,0,272
semantic_domain_ablation,28,c10q4,2,3,1,104
semantic_domain_ablation,28,c11q0,0,6,6,40
semantic_domain_ablation,28,c11q1,10,14,4,472
semantic_domain_ablation,28,c11q2,30,34,4,1168
semantic_domain_ablation,28,c11q3,33,23,-10,1000
semantic_domain_ablation,28,c11q4,7,4,-3,296
semantic_domain_ablation,28,c12q0,3,1,-2,88
semantic_domain_ablation,28,c12q1,35,22,-13,1432
semantic_domain_ablation,28,c12q2,83,74,-9,3248
semantic_domain_ablation,28,c12q3,63,58,-5,3368
semantic_domain_ablation,28,c12q4,29,15,-14,920
semantic_domain_ablation,28,c13q0,0,0,0,0
semantic_domain_ablation,28,c13q1,4,29,25,384
semantic_domain_ablation,28,c13q2,15,48,33,1056
semantic_domain_ablation,28,c13q3,63,167,104,2536
semantic_domain_ablation,28,c13q4,22,69,47,1176
semantic_domain_ablation,28,c14q0,4,26,22,328
semantic_domain_ablation,28,c14q1,119,326,207,4400
semantic_domain_ablation,28,c14q2,256,295,39,12048
semantic_domain_ablation,28,c14q3,271,251,-20,11680
semantic_domain_ablation,28,c14q4,60,43,-17,2400
semantic_domain_ablation,28,c15q0,0,2,2,0
semantic_domain_ablation,28,c15q1,0,7,7,24
semantic_domain_ablation,28,c15q2,1,14,13,64
semantic_domain_ablation,28,c15q3,1,7,6,64
semantic_domain_ablation,28,c15q4,3,6,3,192
semantic_domain_ablation,28,c16q0,4,5,1,136
semantic_domain_ablation,28,c16q1,21,16,-5,568
semantic_domain_ablation,28,c16q2,34,40,6,1304
semantic_domain_ablation,28,c16q3,35,49,14,1504
semantic_domain_ablation,28,c16q4,17,11,-6,600
semantic_domain_ablation,28,c17q0,33,15,-18,1552
semantic_domain_ablation,28,c17q1,96,60,-36,3800
semantic_domain_ablation,28,c17q2,158,94,-64,6392
semantic_domain_ablation,28,c17q3,110,78,-32,4952
semantic_domain_ablation,28,c17q4,40,18,-22,1328
semantic_domain_ablation,28,c18q0,2,6,4,88
semantic_domain_ablation,28,c18q1,12,33,21,704
semantic_domain_ablation,28,c18q2,26,46,20,1224
semantic_domain_ablation,28,c18q3,11,31,20,608
semantic_domain_ablation,28,c18q4,3,8,5,352
semantic_domain_ablation,28,c19q0,0,0,0,0
semantic_domain_ablation,28,c19q1,0,21,21,24
semantic_domain_ablation,28,c19q2,13,35,22,608
semantic_domain_ablation,28,c19q3,13,32,19,448
semantic_domain_ablation,28,c19q4,4,7,3,152
semantic_domain_ablation,28,c20q0,0,2,2,40
semantic_domain_ablation,28,c20q1,32,45,13,968
semantic_domain_ablation,28,c20q2,58,51,-7,2440
semantic_domain_ablation,28,c20q3,33,27,-6,1496
semantic_domain_ablation,28,c20q4,40,21,-19,1848
semantic_domain_ablation,28,c21q0,7,3,-4,208
semantic_domain_ablation,28,c21q1,43,24,-19,1664
semantic_domain_ablation,28,c21q2,102,62,-40,4872
semantic_domain_ablation,28,c21q3,137,62,-75,5728
semantic_domain_ablation,28,c21q4,58,28,-30,2336
semantic_domain_ablation,28,c22q0,0,0,0,0
semantic_domain_ablation,28,c22q1,3,3,0,104
semantic_domain_ablation,28,c22q2,17,8,-9,824
semantic_domain_ablation,28,c22q3,30,22,-8,1456
semantic_domain_ablation,28,c22q4,7,6,-1,504
semantic_domain_ablation,28,c23q0,4,7,3,248
semantic_domain_ablation,28,c23q1,41,34,-7,1800
semantic_domain_ablation,28,c23q2,91,73,-18,3560
semantic_domain_ablation,28,c23q3,123,67,-56,4472
semantic_domain_ablation,28,c23q4,84,42,-42,3304
semantic_domain_ablation,28,c24q0,11,10,-1,640
semantic_domain_ablation,28,c24q1,68,37,-31,2800
semantic_domain_ablation,28,c24q2,120,61,-59,5048
semantic_domain_ablation,28,c24q3,89,42,-47,3488
semantic_domain_ablation,28,c24q4,32,27,-5,1744
semantic_domain_ablation,28,c25q0,47,21,-26,1816
semantic_domain_ablation,28,c25q1,126,95,-31,5208
semantic_domain_ablation,28,c25q2,183,147,-36,7928
semantic_domain_ablation,28,c25q3,137,85,-52,5368
semantic_domain_ablation,28,c25q4,40,26,-14,2200
semantic_domain_ablation,28,c26q0,0,11,11,0
semantic_domain_ablation,28,c26q1,1,35,34,16
semantic_domain_ablation,28,c26q2,14,87,73,552
semantic_domain_ablation,28,c26q3,20,133,113,928
semantic_domain_ablation,28,c26q4,26,188,162,1240
semantic_domain_ablation,28,c27q0,0,0,0,0
semantic_domain_ablation,28,c27q1,0,3,3,56
semantic_domain_ablation,28,c27q2,8,10,2,288
semantic_domain_ablation,28,c27q3,10,8,-2,432
semantic_domain_ablation,28,c27q4,2,2,0,168
semantic_domain_ablation,28,c28q0,0,0,0,0
semantic_domain_ablation,28,c28q1,85,0,-85,3488
semantic_domain_ablation,28,c28q2,205,0,-205,9456
semantic_domain_ablation,28,c28q3,342,0,-342,14944
semantic_domain_ablation,28,c28q4,177,0,-177,7352
semantic_domain_ablation,28,c29q0,18,21,3,840
semantic_domain_ablation,28,c29q1,30,28,-2,1224
semantic_domain_ablation,28,c29q2,80,88,8,3280
semantic_domain_ablation,28,c29q3,84,98,14,4128
semantic_domain_ablation,28,c29q4,83,38,-45,3664
semantic_domain_ablation,28,c30q0,0,2,2,0
semantic_domain_ablation,28,c30q1,10,32,22,896
semantic_domain_ablation,28,c30q2,82,89,7,3664
semantic_domain_ablation,28,c30q3,300,227,-73,11096
semantic_domain_ablation,28,c30q4,480,482,2,19664
semantic_domain_ablation,28,c31q0,0,1,1,0
semantic_domain_ablation,28,c31q1,0,3,3,16
semantic_domain_ablation,28,c31q2,3,14,11,64
semantic_domain_ablation,28,c31q3,2,10,8,104
semantic_domain_ablation,28,c31q4,2,8,6,56
semantic_domain_ablation,28,c32q0,7,35,28,280
semantic_domain_ablation,28,c32q1,40,232,192,1768
semantic_domain_ablation,28,c32q2,222,270,48,10272
semantic_domain_ablation,28,c32q3,407,370,-37,17496
semantic_domain_ablation,28,c32q4,158,128,-30,6632
semantic_domain_ablation,28,c33q0,0,1,1,0
semantic_domain_ablation,28,c33q1,0,17,17,104
semantic_domain_ablation,28,c33q2,4,42,38,288
semantic_domain_ablation,28,c33q3,8,47,39,456
semantic_domain_ablation,28,c33q4,24,43,19,792
semantic_domain_ablation,28,c34q0,0,1,1,0
semantic_domain_ablation,28,c34q1,12,2,-10,288
semantic_domain_ablation,28,c34q2,19,6,-13,856
semantic_domain_ablation,28,c34q3,22,13,-9,976
semantic_domain_ablation,28,c34q4,6,9,3,512
semantic_domain_ablation,28,c35q0,0,13,13,64
semantic_domain_ablation,28,c35q1,25,42,17,976
semantic_domain_ablation,28,c35q2,37,48,11,1544
semantic_domain_ablation,28,c35q3,27,44,17,1064
semantic_domain_ablation,28,c35q4,12,11,-1,416
semantic_domain_ablation,28,c36q0,2,5,3,56
semantic_domain_ablation,28,c36q1,6,22,16,280
semantic_domain_ablation,28,c36q2,11,41,30,504
semantic_domain_ablation,28,c36q3,7,14,7,264
semantic_domain_ablation,28,c36q4,4,4,0,96
semantic_domain_ablation,28,c37q0,1,7,6,24
semantic_domain_ablation,28,c37q1,11,25,14,256
semantic_domain_ablation,28,c37q2,23,68,45,1008
semantic_domain_ablation,28,c37q3,35,66,31,1616
semantic_domain_ablation,28,c37q4,38,69,31,1360
semantic_domain_ablation,28,c38q0,22,21,-1,808
semantic_domain_ablation,28,c38q1,40,76,36,2176
semantic_domain_ablation,28,c38q2,151,141,-10,6968
semantic_domain_ablation,28,c38q3,229,164,-65,8488
semantic_domain_ablation,28,c38q4,214,108,-106,8568
semantic_domain_ablation,28,c39q0,4,2,-2,120
semantic_domain_ablation,28,c39q1,38,30,-8,1520
semantic_domain_ablation,28,c39q2,184,197,13,7728
semantic_domain_ablation,28,c39q3,104,88,-16,3800
semantic_domain_ablation,28,c39q4,77,67,-10,3640
semantic_domain_ablation,29,c00q0,0,1,1,0
semantic_domain_ablation,29,c00q1,4,30,26,280
semantic_domain_ablation,29,c00q2,19,100,81,1016
semantic_domain_ablation,29,c00q3,28,93,65,1104
semantic_domain_ablation,29,c00q4,10,53,43,640
semantic_domain_ablation,29,c01q0,26,47,21,896
semantic_domain_ablation,29,c01q1,31,40,9,1440
semantic_domain_ablation,29,c01q2,77,61,-16,3424
semantic_domain_ablation,29,c01q3,131,118,-13,5112
semantic_domain_ablation,29,c01q4,126,104,-22,5640
semantic_domain_ablation,29,c02q0,0,1,1,0
semantic_domain_ablation,29,c02q1,6,8,2,328
semantic_domain_ablation,29,c02q2,28,22,-6,1128
semantic_domain_ablation,29,c02q3,38,24,-14,1608
semantic_domain_ablation,29,c02q4,45,27,-18,1600
semantic_domain_ablation,29,c03q0,16,12,-4,736
semantic_domain_ablation,29,c03q1,93,90,-3,4680
semantic_domain_ablation,29,c03q2,93,75,-18,4744
semantic_domain_ablation,29,c03q3,159,57,-102,7280
semantic_domain_ablation,29,c03q4,101,44,-57,4720
semantic_domain_ablation,29,c04q0,0,1,1,0
semantic_domain_ablation,29,c04q1,1,8,7,16
semantic_domain_ablation,29,c04q2,13,10,-3,696
semantic_domain_ablation,29,c04q3,13,6,-7,416
semantic_domain_ablation,29,c04q4,5,0,-5,88
semantic_domain_ablation,29,c05q0,1,4,3,48
semantic_domain_ablation,29,c05q1,7,12,5,224
semantic_domain_ablation,29,c05q2,20,53,33,984
semantic_domain_ablation,29,c05q3,50,111,61,2336
semantic_domain_ablation,29,c05q4,30,83,53,1512
semantic_domain_ablation,29,c06q0,0,0,0,0
semantic_domain_ablation,29,c06q1,2,0,-2,48
semantic_domain_ablation,29,c06q2,5,10,5,232
semantic_domain_ablation,29,c06q3,28,7,-21,1088
semantic_domain_ablation,29,c06q4,18,8,-10,896
semantic_domain_ablation,29,c07q0,1,12,11,56
semantic_domain_ablation,29,c07q1,24,38,14,880
semantic_domain_ablation,29,c07q2,59,41,-18,2160
semantic_domain_ablation,29,c07q3,38,26,-12,1896
semantic_domain_ablation,29,c07q4,14,11,-3,432
semantic_domain_ablation,29,c08q0,0,0,0,0
semantic_domain_ablation,29,c08q1,1,1,0,24
semantic_domain_ablation,29,c08q2,6,25,19,192
semantic_domain_ablation,29,c08q3,5,24,19,288
semantic_domain_ablation,29,c08q4,11,19,8,416
semantic_domain_ablation,29,c09q0,0,1,1,0
semantic_domain_ablation,29,c09q1,3,10,7,56
semantic_domain_ablation,29,c09q2,2,23,21,144
semantic_domain_ablation,29,c09q3,3,19,16,208
semantic_domain_ablation,29,c09q4,2,4,2,48
semantic_domain_ablation,29,c10q0,0,1,1,16
semantic_domain_ablation,29,c10q1,9,15,6,208
semantic_domain_ablation,29,c10q2,4,19,15,336
semantic_domain_ablation,29,c10q3,6,10,4,272
semantic_domain_ablation,29,c10q4,2,5,3,104
semantic_domain_ablation,29,c11q0,0,1,1,40
semantic_domain_ablation,29,c11q1,10,7,-3,472
semantic_domain_ablation,29,c11q2,30,27,-3,1168
semantic_domain_ablation,29,c11q3,33,19,-14,1000
semantic_domain_ablation,29,c11q4,7,7,0,296
semantic_domain_ablation,29,c12q0,3,5,2,88
semantic_domain_ablation,29,c12q1,35,22,-13,1432
semantic_domain_ablation,29,c12q2,83,54,-29,3248
semantic_domain_ablation,29,c12q3,63,43,-20,3368
semantic_domain_ablation,29,c12q4,29,7,-22,920
semantic_domain_ablation,29,c13q0,0,0,0,0
semantic_domain_ablation,29,c13q1,4,33,29,384
semantic_domain_ablation,29,c13q2,15,78,63,1056
semantic_domain_ablation,29,c13q3,63,127,64,2536
semantic_domain_ablation,29,c13q4,22,69,47,1176
semantic_domain_ablation,29,c14q0,4,23,19,328
semantic_domain_ablation,29,c14q1,119,298,179,4400
semantic_domain_ablation,29,c14q2,256,278,22,12048
semantic_domain_ablation,29,c14q3,271,233,-38,11680
semantic_domain_ablation,29,c14q4,60,42,-18,2400
semantic_domain_ablation,29,c15q0,0,1,1,0
semantic_domain_ablation,29,c15q1,0,9,9,24
semantic_domain_ablation,29,c15q2,1,11,10,64
semantic_domain_ablation,29,c15q3,1,12,11,64
semantic_domain_ablation,29,c15q4,3,4,1,192
semantic_domain_ablation,29,c16q0,4,4,0,136
semantic_domain_ablation,29,c16q1,21,26,5,568
semantic_domain_ablation,29,c16q2,34,31,-3,1304
semantic_domain_ablation,29,c16q3,35,32,-3,1504
semantic_domain_ablation,29,c16q4,17,9,-8,600
semantic_domain_ablation,29,c17q0,33,25,-8,1552
semantic_domain_ablation,29,c17q1,96,64,-32,3800
semantic_domain_ablation,29,c17q2,158,84,-74,6392
semantic_domain_ablation,29,c17q3,110,74,-36,4952
semantic_domain_ablation,29,c17q4,40,11,-29,1328
semantic_domain_ablation,29,c18q0,2,5,3,88
semantic_domain_ablation,29,c18q1,12,34,22,704
semantic_domain_ablation,29,c18q2,26,51,25,1224
semantic_domain_ablation,29,c18q3,11,28,17,608
semantic_domain_ablation,29,c18q4,3,9,6,352
semantic_domain_ablation,29,c19q0,0,5,5,0
semantic_domain_ablation,29,c19q1,0,15,15,24
semantic_domain_ablation,29,c19q2,13,25,12,608
semantic_domain_ablation,29,c19q3,13,23,10,448
semantic_domain_ablation,29,c19q4,4,6,2,152
semantic_domain_ablation,29,c20q0,0,0,0,40
semantic_domain_ablation,29,c20q1,32,44,12,968
semantic_domain_ablation,29,c20q2,58,41,-17,2440
semantic_domain_ablation,29,c20q3,33,21,-12,1496
semantic_domain_ablation,29,c20q4,40,19,-21,1848
semantic_domain_ablation,29,c21q0,7,0,-7,208
semantic_domain_ablation,29,c21q1,43,14,-29,1664
semantic_domain_ablation,29,c21q2,102,44,-58,4872
semantic_domain_ablation,29,c21q3,137,59,-78,5728
semantic_domain_ablation,29,c21q4,58,36,-22,2336
semantic_domain_ablation,29,c22q0,0,0,0,0
semantic_domain_ablation,29,c22q1,3,3,0,104
semantic_domain_ablation,29,c22q2,17,13,-4,824
semantic_domain_ablation,29,c22q3,30,21,-9,1456
semantic_domain_ablation,29,c22q4,7,7,0,504
semantic_domain_ablation,29,c23q0,4,12,8,248
semantic_domain_ablation,29,c23q1,41,37,-4,1800
semantic_domain_ablation,29,c23q2,91,60,-31,3560
semantic_domain_ablation,29,c23q3,123,88,-35,4472
semantic_domain_ablation,29,c23q4,84,24,-60,3304
semantic_domain_ablation,29,c24q0,11,10,-1,640
semantic_domain_ablation,29,c24q1,68,36,-32,2800
semantic_domain_ablation,29,c24q2,120,56,-64,5048
semantic_domain_ablation,29,c24q3,89,36,-53,3488
semantic_domain_ablation,29,c24q4,32,19,-13,1744
semantic_domain_ablation,29,c25q0,47,40,-7,1816
semantic_domain_ablation,29,c25q1,126,78,-48,5208
semantic_domain_ablation,29,c25q2,183,139,-44,7928
semantic_domain_ablation,29,c25q3,137,94,-43,5368
semantic_domain_ablation,29,c25q4,40,11,-29,2200
semantic_domain_ablation,29,c26q0,0,8,8,0
semantic_domain_ablation,29,c26q1,1,34,33,16
semantic_domain_ablation,29,c26q2,14,93,79,552
semantic_domain_ablation,29,c26q3,20,131,111,928
semantic_domain_ablation,29,c26q4,26,170,144,1240
semantic_domain_ablation,29,c27q0,0,0,0,0
semantic_domain_ablation,29,c27q1,0,3,3,56
semantic_domain_ablation,29,c27q2,8,11,3,288
semantic_domain_ablation,29,c27q3,10,9,-1,432
semantic_domain_ablation,29,c27q4,2,2,0,168
semantic_domain_ablation,29,c28q0,0,4,4,0
semantic_domain_ablation,29,c28q1,85,189,104,3488
semantic_domain_ablation,29,c28q2,205,221,16,9456
semantic_domain_ablation,29,c28q3,342,316,-26,14944
semantic_domain_ablation,29,c28q4,177,154,-23,7352
semantic_domain_ablation,29,c29q0,18,0,-18,840
semantic_domain_ablation,29,c29q1,30,0,-30,1224
semantic_domain_ablation,29,c29q2,80,0,-80,3280
semantic_domain_ablation,29,c29q3,84,0,-84,4128
semantic_domain_ablation,29,c29q4,83,0,-83,3664
semantic_domain_ablation,29,c30q0,0,1,1,0
semantic_domain_ablation,29,c30q1,10,16,6,896
semantic_domain_ablation,29,c30q2,82,73,-9,3664
semantic_domain_ablation,29,c30q3,300,224,-76,11096
semantic_domain_ablation,29,c30q4,480,451,-29,19664
semantic_domain_ablation,29,c31q0,0,1,1,0
semantic_domain_ablation,29,c31q1,0,5,5,16
semantic_domain_ablation,29,c31q2,3,8,5,64
semantic_domain_ablation,29,c31q3,2,8,6,104
semantic_domain_ablation,29,c31q4,2,5,3,56
semantic_domain_ablation,29,c32q0,7,45,38,280
semantic_domain_ablation,29,c32q1,40,227,187,1768
semantic_domain_ablation,29,c32q2,222,227,5,10272
semantic_domain_ablation,29,c32q3,407,346,-61,17496
semantic_domain_ablation,29,c32q4,158,136,-22,6632
semantic_domain_ablation,29,c33q0,0,1,1,0
semantic_domain_ablation,29,c33q1,0,16,16,104
semantic_domain_ablation,29,c33q2,4,26,22,288
semantic_domain_ablation,29,c33q3,8,42,34,456
semantic_domain_ablation,29,c33q4,24,45,21,792
semantic_domain_ablation,29,c34q0,0,0,0,0
semantic_domain_ablation,29,c34q1,12,3,-9,288
semantic_domain_ablation,29,c34q2,19,6,-13,856
semantic_domain_ablation,29,c34q3,22,12,-10,976
semantic_domain_ablation,29,c34q4,6,4,-2,512
semantic_domain_ablation,29,c35q0,0,12,12,64
semantic_domain_ablation,29,c35q1,25,37,12,976
semantic_domain_ablation,29,c35q2,37,57,20,1544
semantic_domain_ablation,29,c35q3,27,45,18,1064
semantic_domain_ablation,29,c35q4,12,6,-6,416
semantic_domain_ablation,29,c36q0,2,5,3,56
semantic_domain_ablation,29,c36q1,6,23,17,280
semantic_domain_ablation,29,c36q2,11,34,23,504
semantic_domain_ablation,29,c36q3,7,16,9,264
semantic_domain_ablation,29,c36q4,4,7,3,96
semantic_domain_ablation,29,c37q0,1,4,3,24
semantic_domain_ablation,29,c37q1,11,17,6,256
semantic_domain_ablation,29,c37q2,23,40,17,1008
semantic_domain_ablation,29,c37q3,35,81,46,1616
semantic_domain_ablation,29,c37q4,38,65,27,1360
semantic_domain_ablation,29,c38q0,22,30,8,808
semantic_domain_ablation,29,c38q1,40,67,27,2176
semantic_domain_ablation,29,c38q2,151,129,-22,6968
semantic_domain_ablation,29,c38q3,229,146,-83,8488
semantic_domain_ablation,29,c38q4,214,104,-110,8568
semantic_domain_ablation,29,c39q0,4,0,-4,120
semantic_domain_ablation,29,c39q1,38,32,-6,1520
semantic_domain_ablation,29,c39q2,184,184,0,7728
semantic_domain_ablation,29,c39q3,104,83,-21,3800
semantic_domain_ablation,29,c39q4,77,62,-15,3640
semantic_domain_ablation,30,c00q0,0,1,1,0
semantic_domain_ablation,30,c00q1,4,34,30,280
semantic_domain_ablation,30,c00q2,19,104,85,1016
semantic_domain_ablation,30,c00q3,28,97,69,1104
semantic_domain_ablation,30,c00q4,10,60,50,640
semantic_domain_ablation,30,c01q0,26,48,22,896
semantic_domain_ablation,30,c01q1,31,35,4,1440
semantic_domain_ablation,30,c01q2,77,75,-2,3424
semantic_domain_ablation,30,c01q3,131,122,-9,5112
semantic_domain_ablation,30,c01q4,126,102,-24,5640
semantic_domain_ablation,30,c02q0,0,0,0,0
semantic_domain_ablation,30,c02q1,6,6,0,328
semantic_domain_ablation,30,c02q2,28,20,-8,1128
semantic_domain_ablation,30,c02q3,38,30,-8,1608
semantic_domain_ablation,30,c02q4,45,33,-12,1600
semantic_domain_ablation,30,c03q0,16,13,-3,736
semantic_domain_ablation,30,c03q1,93,94,1,4680
semantic_domain_ablation,30,c03q2,93,70,-23,4744
semantic_domain_ablation,30,c03q3,159,81,-78,7280
semantic_domain_ablation,30,c03q4,101,49,-52,4720
semantic_domain_ablation,30,c04q0,0,0,0,0
semantic_domain_ablation,30,c04q1,1,5,4,16
semantic_domain_ablation,30,c04q2,13,5,-8,696
semantic_domain_ablation,30,c04q3,13,7,-6,416
semantic_domain_ablation,30,c04q4,5,2,-3,88
semantic_domain_ablation,30,c05q0,1,3,2,48
semantic_domain_ablation,30,c05q1,7,12,5,224
semantic_domain_ablation,30,c05q2,20,46,26,984
semantic_domain_ablation,30,c05q3,50,133,83,2336
semantic_domain_ablation,30,c05q4,30,80,50,1512
semantic_domain_ablation,30,c06q0,0,0,0,0
semantic_domain_ablation,30,c06q1,2,1,-1,48
semantic_domain_ablation,30,c06q2,5,4,-1,232
semantic_domain_ablation,30,c06q3,28,15,-13,1088
semantic_domain_ablation,30,c06q4,18,4,-14,896
semantic_domain_ablation,30,c07q0,1,20,19,56
semantic_domain_ablation,30,c07q1,24,34,10,880
semantic_domain_ablation,30,c07q2,59,52,-7,2160
semantic_domain_ablation,30,c07q3,38,34,-4,1896
semantic_domain_ablation,30,c07q4,14,8,-6,432
semantic_domain_ablation,30,c08q0,0,0,0,0
semantic_domain_ablation,30,c08q1,1,1,0,24
semantic_domain_ablation,30,c08q2,6,21,15,192
semantic_domain_ablation,30,c08q3,5,29,24,288
semantic_domain_ablation,30,c08q4,11,13,2,416
semantic_domain_ablation,30,c09q0,0,1,1,0
semantic_domain_ablation,30,c09q1,3,11,8,56
semantic_domain_ablation,30,c09q2,2,18,16,144
semantic_domain_ablation,30,c09q3,3,13,10,208
semantic_domain_ablation,30,c09q4,2,2,0,48
semantic_domain_ablation,30,c10q0,0,2,2,16
semantic_domain_ablation,30,c10q1,9,17,8,208
semantic_domain_ablation,30,c10q2,4,18,14,336
semantic_domain_ablation,30,c10q3,6,16,10,272
semantic_domain_ablation,30,c10q4,2,4,2,104
semantic_domain_ablation,30,c11q0,0,1,1,40
semantic_domain_ablation,30,c11q1,10,6,-4,472
semantic_domain_ablation,30,c11q2,30,27,-3,1168
semantic_domain_ablation,30,c11q3,33,28,-5,1000
semantic_domain_ablation,30,c11q4,7,6,-1,296
semantic_domain_ablation,30,c12q0,3,4,1,88
semantic_domain_ablation,30,c12q1,35,24,-11,1432
semantic_domain_ablation,30,c12q2,83,52,-31,3248
semantic_domain_ablation,30,c12q3,63,63,0,3368
semantic_domain_ablation,30,c12q4,29,19,-10,920
semantic_domain_ablation,30,c13q0,0,0,0,0
semantic_domain_ablation,30,c13q1,4,31,27,384
semantic_domain_ablation,30,c13q2,15,59,44,1056
semantic_domain_ablation,30,c13q3,63,136,73,2536
semantic_domain_ablation,30,c13q4,22,74,52,1176
semantic_domain_ablation,30,c14q0,4,31,27,328
semantic_domain_ablation,30,c14q1,119,316,197,4400
semantic_domain_ablation,30,c14q2,256,288,32,12048
semantic_domain_ablation,30,c14q3,271,249,-22,11680
semantic_domain_ablation,30,c14q4,60,38,-22,2400
semantic_domain_ablation,30,c15q0,0,1,1,0
semantic_domain_ablation,30,c15q1,0,3,3,24
semantic_domain_ablation,30,c15q2,1,23,22,64
semantic_domain_ablation,30,c15q3,1,10,9,64
semantic_domain_ablation,30,c15q4,3,6,3,192
semantic_domain_ablation,30,c16q0,4,5,1,136
semantic_domain_ablation,30,c16q1,21,16,-5,568
semantic_domain_ablation,30,c16q2,34,38,4,1304
semantic_domain_ablation,30,c16q3,35,42,7,1504
semantic_domain_ablation,30,c16q4,17,13,-4,600
semantic_domain_ablation,30,c17q0,33,26,-7,1552
semantic_domain_ablation,30,c17q1,96,53,-43,3800
semantic_domain_ablation,30,c17q2,158,93,-65,6392
semantic_domain_ablation,30,c17q3,110,69,-41,4952
semantic_domain_ablation,30,c17q4,40,14,-26,1328
semantic_domain_ablation,30,c18q0,2,7,5,88
semantic_domain_ablation,30,c18q1,12,40,28,704
semantic_domain_ablation,30,c18q2,26,59,33,1224
semantic_domain_ablation,30,c18q3,11,22,11,608
semantic_domain_ablation,30,c18q4,3,8,5,352
semantic_domain_ablation,30,c19q0,0,6,6,0
semantic_domain_ablation,30,c19q1,0,12,12,24
semantic_domain_ablation,30,c19q2,13,29,16,608
semantic_domain_ablation,30,c19q3,13,24,11,448
semantic_domain_ablation,30,c19q4,4,2,-2,152
semantic_domain_ablation,30,c20q0,0,4,4,40
semantic_domain_ablation,30,c20q1,32,39,7,968
semantic_domain_ablation,30,c20q2,58,55,-3,2440
semantic_domain_ablation,30,c20q3,33,35,2,1496
semantic_domain_ablation,30,c20q4,40,24,-16,1848
semantic_domain_ablation,30,c21q0,7,4,-3,208
semantic_domain_ablation,30,c21q1,43,17,-26,1664
semantic_domain_ablation,30,c21q2,102,51,-51,4872
semantic_domain_ablation,30,c21q3,137,69,-68,5728
semantic_domain_ablation,30,c21q4,58,33,-25,2336
semantic_domain_ablation,30,c22q0,0,0,0,0
semantic_domain_ablation,30,c22q1,3,5,2,104
semantic_domain_ablation,30,c22q2,17,7,-10,824
semantic_domain_ablation,30,c22q3,30,10,-20,1456
semantic_domain_ablation,30,c22q4,7,8,1,504
semantic_domain_ablation,30,c23q0,4,12,8,248
semantic_domain_ablation,30,c23q1,41,43,2,1800
semantic_domain_ablation,30,c23q2,91,55,-36,3560
semantic_domain_ablation,30,c23q3,123,87,-36,4472
semantic_domain_ablation,30,c23q4,84,30,-54,3304
semantic_domain_ablation,30,c24q0,11,8,-3,640
semantic_domain_ablation,30,c24q1,68,28,-40,2800
semantic_domain_ablation,30,c24q2,120,67,-53,5048
semantic_domain_ablation,30,c24q3,89,45,-44,3488
semantic_domain_ablation,30,c24q4,32,18,-14,1744
semantic_domain_ablation,30,c25q0,47,35,-12,1816
semantic_domain_ablation,30,c25q1,126,88,-38,5208
semantic_domain_ablation,30,c25q2,183,138,-45,7928
semantic_domain_ablation,30,c25q3,137,99,-38,5368
semantic_domain_ablation,30,c25q4,40,19,-21,2200
semantic_domain_ablation,30,c26q0,0,8,8,0
semantic_domain_ablation,30,c26q1,1,36,35,16
semantic_domain_ablation,30,c26q2,14,90,76,552
semantic_domain_ablation,30,c26q3,20,143,123,928
semantic_domain_ablation,30,c26q4,26,160,134,1240
semantic_domain_ablation,30,c27q0,0,1,1,0
semantic_domain_ablation,30,c27q1,0,4,4,56
semantic_domain_ablation,30,c27q2,8,19,11,288
semantic_domain_ablation,30,c27q3,10,6,-4,432
semantic_domain_ablation,30,c27q4,2,2,0,168
semantic_domain_ablation,30,c28q0,0,5,5,0
semantic_domain_ablation,30,c28q1,85,202,117,3488
semantic_domain_ablation,30,c28q2,205,245,40,9456
semantic_domain_ablation,30,c28q3,342,303,-39,14944
semantic_domain_ablation,30,c28q4,177,172,-5,7352
semantic_domain_ablation,30,c29q0,18,23,5,840
semantic_domain_ablation,30,c29q1,30,37,7,1224
semantic_domain_ablation,30,c29q2,80,106,26,3280
semantic_domain_ablation,30,c29q3,84,121,37,4128
semantic_domain_ablation,30,c29q4,83,34,-49,3664
semantic_domain_ablation,30,c30q0,0,0,0,0
semantic_domain_ablation,30,c30q1,10,0,-10,896
semantic_domain_ablation,30,c30q2,82,0,-82,3664
semantic_domain_ablation,30,c30q3,300,0,-300,11096
semantic_domain_ablation,30,c30q4,480,0,-480,19664
semantic_domain_ablation,30,c31q0,0,0,0,0
semantic_domain_ablation,30,c31q1,0,3,3,16
semantic_domain_ablation,30,c31q2,3,10,7,64
semantic_domain_ablation,30,c31q3,2,13,11,104
semantic_domain_ablation,30,c31q4,2,4,2,56
semantic_domain_ablation,30,c32q0,7,34,27,280
semantic_domain_ablation,30,c32q1,40,236,196,1768
semantic_domain_ablation,30,c32q2,222,260,38,10272
semantic_domain_ablation,30,c32q3,407,376,-31,17496
semantic_domain_ablation,30,c32q4,158,131,-27,6632
semantic_domain_ablation,30,c33q0,0,2,2,0
semantic_domain_ablation,30,c33q1,0,18,18,104
semantic_domain_ablation,30,c33q2,4,35,31,288
semantic_domain_ablation,30,c33q3,8,48,40,456
semantic_domain_ablation,30,c33q4,24,31,7,792
semantic_domain_ablation,30,c34q0,0,1,1,0
semantic_domain_ablation,30,c34q1,12,4,-8,288
semantic_domain_ablation,30,c34q2,19,18,-1,856
semantic_domain_ablation,30,c34q3,22,20,-2,976
semantic_domain_ablation,30,c34q4,6,6,0,512
semantic_domain_ablation,30,c35q0,0,9,9,64
semantic_domain_ablation,30,c35q1,25,27,2,976
semantic_domain_ablation,30,c35q2,37,60,23,1544
semantic_domain_ablation,30,c35q3,27,45,18,1064
semantic_domain_ablation,30,c35q4,12,7,-5,416
semantic_domain_ablation,30,c36q0,2,4,2,56
semantic_domain_ablation,30,c36q1,6,30,24,280
semantic_domain_ablation,30,c36q2,11,27,16,504
semantic_domain_ablation,30,c36q3,7,20,13,264
semantic_domain_ablation,30,c36q4,4,8,4,96
semantic_domain_ablation,30,c37q0,1,0,-1,24
semantic_domain_ablation,30,c37q1,11,30,19,256
semantic_domain_ablation,30,c37q2,23,56,33,1008
semantic_domain_ablation,30,c37q3,35,73,38,1616
semantic_domain_ablation,30,c37q4,38,61,23,1360
semantic_domain_ablation,30,c38q0,22,28,6,808
semantic_domain_ablation,30,c38q1,40,71,31,2176
semantic_domain_ablation,30,c38q2,151,140,-11,6968
semantic_domain_ablation,30,c38q3,229,159,-70,8488
semantic_domain_ablation,30,c38q4,214,101,-113,8568
semantic_domain_ablation,30,c39q0,4,2,-2,120
semantic_domain_ablation,30,c39q1,38,37,-1,1520
semantic_domain_ablation,30,c39q2,184,189,5,7728
semantic_domain_ablation,30,c39q3,104,87,-17,3800
semantic_domain_ablation,30,c39q4,77,67,-10,3640
semantic_domain_ablation,31,c00q0,0,1,1,0
semantic_domain_ablation,31,c00q1,4,30,26,280
semantic_domain_ablation,31,c00q2,19,100,81,1016
semantic_domain_ablation,31,c00q3,28,87,59,1104
semantic_domain_ablation,31,c00q4,10,55,45,640
semantic_domain_ablation,31,c01q0,26,40,14,896
semantic_domain_ablation,31,c01q1,31,48,17,1440
semantic_domain_ablation,31,c01q2,77,51,-26,3424
semantic_domain_ablation,31,c01q3,131,115,-16,5112
semantic_domain_ablation,31,c01q4,126,109,-17,5640
semantic_domain_ablation,31,c02q0,0,1,1,0
semantic_domain_ablation,31,c02q1,6,3,-3,328
semantic_domain_ablation,31,c02q2,28,23,-5,1128
semantic_domain_ablation,31,c02q3,38,23,-15,1608
semantic_domain_ablation,31,c02q4,45,29,-16,1600
semantic_domain_ablation,31,c03q0,16,10,-6,736
semantic_domain_ablation,31,c03q1,93,85,-8,4680
semantic_domain_ablation,31,c03q2,93,74,-19,4744
semantic_domain_ablation,31,c03q3,159,59,-100,7280
semantic_domain_ablation,31,c03q4,101,33,-68,4720
semantic_domain_ablation,31,c04q0,0,0,0,0
semantic_domain_ablation,31,c04q1,1,3,2,16
semantic_domain_ablation,31,c04q2,13,15,2,696
semantic_domain_ablation,31,c04q3,13,7,-6,416
semantic_domain_ablation,31,c04q4,5,1,-4,88
semantic_domain_ablation,31,c05q0,1,1,0,48
semantic_domain_ablation,31,c05q1,7,22,15,224
semantic_domain_ablation,31,c05q2,20,52,32,984
semantic_domain_ablation,31,c05q3,50,102,52,2336
semantic_domain_ablation,31,c05q4,30,78,48,1512
semantic_domain_ablation,31,c06q0,0,0,0,0
semantic_domain_ablation,31,c06q1,2,2,0,48
semantic_domain_ablation,31,c06q2,5,7,2,232
semantic_domain_ablation,31,c06q3,28,11,-17,1088
semantic_domain_ablation,31,c06q4,18,9,-9,896
semantic_domain_ablation,31,c07q0,1,17,16,56
semantic_domain_ablation,31,c07q1,24,29,5,880
semantic_domain_ablation,31,c07q2,59,40,-19,2160
semantic_domain_ablation,31,c07q3,38,33,-5,1896
semantic_domain_ablation,31,c07q4,14,6,-8,432
semantic_domain_ablation,31,c08q0,0,0,0,0
semantic_domain_ablation,31,c08q1,1,1,0,24
semantic_domain_ablation,31,c08q2,6,15,9,192
semantic_domain_ablation,31,c08q3,5,27,22,288
semantic_domain_ablation,31,c08q4,11,19,8,416
semantic_domain_ablation,31,c09q0,0,1,1,0
semantic_domain_ablation,31,c09q1,3,13,10,56
semantic_domain_ablation,31,c09q2,2,21,19,144
semantic_domain_ablation,31,c09q3,3,16,13,208
semantic_domain_ablation,31,c09q4,2,4,2,48
semantic_domain_ablation,31,c10q0,0,2,2,16
semantic_domain_ablation,31,c10q1,9,15,6,208
semantic_domain_ablation,31,c10q2,4,23,19,336
semantic_domain_ablation,31,c10q3,6,11,5,272
semantic_domain_ablation,31,c10q4,2,3,1,104
semantic_domain_ablation,31,c11q0,0,1,1,40
semantic_domain_ablation,31,c11q1,10,13,3,472
semantic_domain_ablation,31,c11q2,30,29,-1,1168
semantic_domain_ablation,31,c11q3,33,16,-17,1000
semantic_domain_ablation,31,c11q4,7,5,-2,296
semantic_domain_ablation,31,c12q0,3,1,-2,88
semantic_domain_ablation,31,c12q1,35,24,-11,1432
semantic_domain_ablation,31,c12q2,83,48,-35,3248
semantic_domain_ablation,31,c12q3,63,51,-12,3368
semantic_domain_ablation,31,c12q4,29,11,-18,920
semantic_domain_ablation,31,c13q0,0,0,0,0
semantic_domain_ablation,31,c13q1,4,25,21,384
semantic_domain_ablation,31,c13q2,15,61,46,1056
semantic_domain_ablation,31,c13q3,63,151,88,2536
semantic_domain_ablation,31,c13q4,22,45,23,1176
semantic_domain_ablation,31,c14q0,4,33,29,328
semantic_domain_ablation,31,c14q1,119,282,163,4400
semantic_domain_ablation,31,c14q2,256,275,19,12048
semantic_domain_ablation,31,c14q3,271,228,-43,11680
semantic_domain_ablation,31,c14q4,60,50,-10,2400
semantic_domain_ablation,31,c15q0,0,1,1,0
semantic_domain_ablation,31,c15q1,0,2,2,24
semantic_domain_ablation,31,c15q2,1,9,8,64
semantic_domain_ablation,31,c15q3,1,8,7,64
semantic_domain_ablation,31,c15q4,3,4,1,192
semantic_domain_ablation,31,c16q0,4,5,1,136
semantic_domain_ablation,31,c16q1,21,14,-7,568
semantic_domain_ablation,31,c16q2,34,42,8,1304
semantic_domain_ablation,31,c16q3,35,48,13,1504
semantic_domain_ablation,31,c16q4,17,15,-2,600
semantic_domain_ablation,31,c17q0,33,14,-19,1552
semantic_domain_ablation,31,c17q1,96,39,-57,3800
semantic_domain_ablation,31,c17q2,158,99,-59,6392
semantic_domain_ablation,31,c17q3,110,63,-47,4952
semantic_domain_ablation,31,c17q4,40,16,-24,1328
semantic_domain_ablation,31,c18q0,2,7,5,88
semantic_domain_ablation,31,c18q1,12,33,21,704
semantic_domain_ablation,31,c18q2,26,49,23,1224
semantic_domain_ablation,31,c18q3,11,27,16,608
semantic_domain_ablation,31,c18q4,3,8,5,352
semantic_domain_ablation,31,c19q0,0,1,1,0
semantic_domain_ablation,31,c19q1,0,14,14,24
semantic_domain_ablation,31,c19q2,13,34,21,608
semantic_domain_ablation,31,c19q3,13,20,7,448
semantic_domain_ablation,31,c19q4,4,5,1,152
semantic_domain_ablation,31,c20q0,0,3,3,40
semantic_domain_ablation,31,c20q1,32,33,1,968
semantic_domain_ablation,31,c20q2,58,42,-16,2440
semantic_domain_ablation,31,c20q3,33,29,-4,1496
semantic_domain_ablation,31,c20q4,40,18,-22,1848
semantic_domain_ablation,31,c21q0,7,2,-5,208
semantic_domain_ablation,31,c21q1,43,16,-27,1664
semantic_domain_ablation,31,c21q2,102,44,-58,4872
semantic_domain_ablation,31,c21q3,137,47,-90,5728
semantic_domain_ablation,31,c21q4,58,26,-32,2336
semantic_domain_ablation,31,c22q0,0,0,0,0
semantic_domain_ablation,31,c22q1,3,2,-1,104
semantic_domain_ablation,31,c22q2,17,6,-11,824
semantic_domain_ablation,31,c22q3,30,19,-11,1456
semantic_domain_ablation,31,c22q4,7,5,-2,504
semantic_domain_ablation,31,c23q0,4,12,8,248
semantic_domain_ablation,31,c23q1,41,33,-8,1800
semantic_domain_ablation,31,c23q2,91,77,-14,3560
semantic_domain_ablation,31,c23q3,123,74,-49,4472
semantic_domain_ablation,31,c23q4,84,32,-52,3304
semantic_domain_ablation,31,c24q0,11,14,3,640
semantic_domain_ablation,31,c24q1,68,33,-35,2800
semantic_domain_ablation,31,c24q2,120,55,-65,5048
semantic_domain_ablation,31,c24q3,89,47,-42,3488
semantic_domain_ablation,31,c24q4,32,17,-15,1744
semantic_domain_ablation,31,c25q0,47,33,-14,1816
semantic_domain_ablation,31,c25q1,126,82,-44,5208
semantic_domain_ablation,31,c25q2,183,127,-56,7928
semantic_domain_ablation,31,c25q3,137,90,-47,5368
semantic_domain_ablation,31,c25q4,40,23,-17,2200
semantic_domain_ablation,31,c26q0,0,4,4,0
semantic_domain_ablation,31,c26q1,1,33,32,16
semantic_domain_ablation,31,c26q2,14,83,69,552
semantic_domain_ablation,31,c26q3,20,135,115,928
semantic_domain_ablation,31,c26q4,26,161,135,1240
semantic_domain_ablation,31,c27q0,0,0,0,0
semantic_domain_ablation,31,c27q1,0,4,4,56
semantic_domain_ablation,31,c27q2,8,12,4,288
semantic_domain_ablation,31,c27q3,10,7,-3,432
semantic_domain_ablation,31,c27q4,2,2,0,168
semantic_domain_ablation,31,c28q0,0,3,3,0
semantic_domain_ablation,31,c28q1,85,203,118,3488
semantic_domain_ablation,31,c28q2,205,205,0,9456
semantic_domain_ablation,31,c28q3,342,296,-46,14944
semantic_domain_ablation,31,c28q4,177,156,-21,7352
semantic_domain_ablation,31,c29q0,18,29,11,840
semantic_domain_ablation,31,c29q1,30,31,1,1224
semantic_domain_ablation,31,c29q2,80,75,-5,3280
semantic_domain_ablation,31,c29q3,84,88,4,4128
semantic_domain_ablation,31,c29q4,83,27,-56,3664
semantic_domain_ablation,31,c30q0,0,1,1,0
semantic_domain_ablation,31,c30q1,10,9,-1,896
semantic_domain_ablation,31,c30q2,82,65,-17,3664
semantic_domain_ablation,31,c30q3,300,271,-29,11096
semantic_domain_ablation,31,c30q4,480,416,-64,19664
semantic_domain_ablation,31,c31q0,0,0,0,0
semantic_domain_ablation,31,c31q1,0,0,0,16
semantic_domain_ablation,31,c31q2,3,0,-3,64
semantic_domain_ablation,31,c31q3,2,0,-2,104
semantic_domain_ablation,31,c31q4,2,0,-2,56
semantic_domain_ablation,31,c32q0,7,39,32,280
semantic_domain_ablation,31,c32q1,40,207,167,1768
semantic_domain_ablation,31,c32q2,222,240,18,10272
semantic_domain_ablation,31,c32q3,407,322,-85,17496
semantic_domain_ablation,31,c32q4,158,134,-24,6632
semantic_domain_ablation,31,c33q0,0,2,2,0
semantic_domain_ablation,31,c33q1,0,10,10,104
semantic_domain_ablation,31,c33q2,4,31,27,288
semantic_domain_ablation,31,c33q3,8,47,39,456
semantic_domain_ablation,31,c33q4,24,30,6,792
semantic_domain_ablation,31,c34q0,0,0,0,0
semantic_domain_ablation,31,c34q1,12,3,-9,288
semantic_domain_ablation,31,c34q2,19,15,-4,856
semantic_domain_ablation,31,c34q3,22,16,-6,976
semantic_domain_ablation,31,c34q4,6,6,0,512
semantic_domain_ablation,31,c35q0,0,9,9,64
semantic_domain_ablation,31,c35q1,25,38,13,976
semantic_domain_ablation,31,c35q2,37,61,24,1544
semantic_domain_ablation,31,c35q3,27,34,7,1064
semantic_domain_ablation,31,c35q4,12,6,-6,416
semantic_domain_ablation,31,c36q0,2,7,5,56
semantic_domain_ablation,31,c36q1,6,24,18,280
semantic_domain_ablation,31,c36q2,11,30,19,504
semantic_domain_ablation,31,c36q3,7,12,5,264
semantic_domain_ablation,31,c36q4,4,4,0,96
semantic_domain_ablation,31,c37q0,1,7,6,24
semantic_domain_ablation,31,c37q1,11,16,5,256
semantic_domain_ablation,31,c37q2,23,47,24,1008
semantic_domain_ablation,31,c37q3,35,72,37,1616
semantic_domain_ablation,31,c37q4,38,67,29,1360
semantic_domain_ablation,31,c38q0,22,29,7,808
semantic_domain_ablation,31,c38q1,40,69,29,2176
semantic_domain_ablation,31,c38q2,151,125,-26,6968
semantic_domain_ablation,31,c38q3,229,139,-90,8488
semantic_domain_ablation,31,c38q4,214,98,-116,8568
semantic_domain_ablation,31,c39q0,4,1,-3,120
semantic_domain_ablation,31,c39q1,38,30,-8,1520
semantic_domain_ablation,31,c39q2,184,187,3,7728
semantic_domain_ablation,31,c39q3,104,77,-27,3800
semantic_domain_ablation,31,c39q4,77,60,-17,3640
semantic_domain_ablation,32,c00q0,0,2,2,0
semantic_domain_ablation,32,c00q1,4,34,30,280
semantic_domain_ablation,32,c00q2,19,109,90,1016
semantic_domain_ablation,32,c00q3,28,100,72,1104
semantic_domain_ablation,32,c00q4,10,64,54,640
semantic_domain_ablation,32,c01q0,26,49,23,896
semantic_domain_ablation,32,c01q1,31,25,-6,1440
semantic_domain_ablation,32,c01q2,77,81,4,3424
semantic_domain_ablation,32,c01q3,131,133,2,5112
semantic_domain_ablation,32,c01q4,126,99,-27,5640
semantic_domain_ablation,32,c02q0,0,1,1,0
semantic_domain_ablation,32,c02q1,6,5,-1,328
semantic_domain_ablation,32,c02q2,28,20,-8,1128
semantic_domain_ablation,32,c02q3,38,31,-7,1608
semantic_domain_ablation,32,c02q4,45,35,-10,1600
semantic_domain_ablation,32,c03q0,16,11,-5,736
semantic_domain_ablation,32,c03q1,93,100,7,4680
semantic_domain_ablation,32,c03q2,93,67,-26,4744
semantic_domain_ablation,32,c03q3,159,89,-70,7280
semantic_domain_ablation,32,c03q4,101,46,-55,4720
semantic_domain_ablation,32,c04q0,0,0,0,0
semantic_domain_ablation,32,c04q1,1,4,3,16
semantic_domain_ablation,32,c04q2,13,9,-4,696
semantic_domain_ablation,32,c04q3,13,7,-6,416
semantic_domain_ablation,32,c04q4,5,4,-1,88
semantic_domain_ablation,32,c05q0,1,4,3,48
semantic_domain_ablation,32,c05q1,7,11,4,224
semantic_domain_ablation,32,c05q2,20,52,32,984
semantic_domain_ablation,32,c05q3,50,133,83,2336
semantic_domain_ablation,32,c05q4,30,80,50,1512
semantic_domain_ablation,32,c06q0,0,1,1,0
semantic_domain_ablation,32,c06q1,2,1,-1,48
semantic_domain_ablation,32,c06q2,5,7,2,232
semantic_domain_ablation,32,c06q3,28,10,-18,1088
semantic_domain_ablation,32,c06q4,18,6,-12,896
semantic_domain_ablation,32,c07q0,1,20,19,56
semantic_domain_ablation,32,c07q1,24,47,23,880
semantic_domain_ablation,32,c07q2,59,46,-13,2160
semantic_domain_ablation,32,c07q3,38,39,1,1896
semantic_domain_ablation,32,c07q4,14,6,-8,432
semantic_domain_ablation,32,c08q0,0,0,0,0
semantic_domain_ablation,32,c08q1,1,2,1,24
semantic_domain_ablation,32,c08q2,6,21,15,192
semantic_domain_ablation,32,c08q3,5,21,16,288
semantic_domain_ablation,32,c08q4,11,14,3,416
semantic_domain_ablation,32,c09q0,0,0,0,0
semantic_domain_ablation,32,c09q1,3,7,4,56
semantic_domain_ablation,32,c09q2,2,24,22,144
semantic_domain_ablation,32,c09q3,3,18,15,208
semantic_domain_ablation,32,c09q4,2,7,5,48
semantic_domain_ablation,32,c10q0,0,3,3,16
semantic_domain_ablation,32,c10q1,9,7,-2,208
semantic_domain_ablation,32,c10q2,4,14,10,336
semantic_domain_ablation,32,c10q3,6,12,6,272
semantic_domain_ablation,32,c10q4,2,5,3,104
semantic_domain_ablation,32,c11q0,0,4,4,40
semantic_domain_ablation,32,c11q1,10,14,4,472
semantic_domain_ablation,32,c11q2,30,33,3,1168
semantic_domain_ablation,32,c11q3,33,17,-16,1000
semantic_domain_ablation,32,c11q4,7,4,-3,296
semantic_domain_ablation,32,c12q0,3,1,-2,88
semantic_domain_ablation,32,c12q1,35,30,-5,1432
semantic_domain_ablation,32,c12q2,83,72,-11,3248
semantic_domain_ablation,32,c12q3,63,58,-5,3368
semantic_domain_ablation,32,c12q4,29,13,-16,920
semantic_domain_ablation,32,c13q0,0,0,0,0
semantic_domain_ablation,32,c13q1,4,26,22,384
semantic_domain_ablation,32,c13q2,15,53,38,1056
semantic_domain_ablation,32,c13q3,63,164,101,2536
semantic_domain_ablation,32,c13q4,22,71,49,1176
semantic_domain_ablation,32,c14q0,4,37,33,328
semantic_domain_ablation,32,c14q1,119,320,201,4400
semantic_domain_ablation,32,c14q2,256,295,39,12048
semantic_domain_ablation,32,c14q3,271,259,-12,11680
semantic_domain_ablation,32,c14q4,60,43,-17,2400
semantic_domain_ablation,32,c15q0,0,0,0,0
semantic_domain_ablation,32,c15q1,0,8,8,24
semantic_domain_ablation,32,c15q2,1,12,11,64
semantic_domain_ablation,32,c15q3,1,10,9,64
semantic_domain_ablation,32,c15q4,3,5,2,192
semantic_domain_ablation,32,c16q0,4,3,-1,136
semantic_domain_ablation,32,c16q1,21,18,-3,568
semantic_domain_ablation,32,c16q2,34,44,10,1304
semantic_domain_ablation,32,c16q3,35,39,4,1504
semantic_domain_ablation,32,c16q4,17,16,-1,600
semantic_domain_ablation,32,c17q0,33,23,-10,1552
semantic_domain_ablation,32,c17q1,96,59,-37,3800
semantic_domain_ablation,32,c17q2,158,92,-66,6392
semantic_domain_ablation,32,c17q3,110,81,-29,4952
semantic_domain_ablation,32,c17q4,40,17,-23,1328
semantic_domain_ablation,32,c18q0,2,5,3,88
semantic_domain_ablation,32,c18q1,12,29,17,704
semantic_domain_ablation,32,c18q2,26,53,27,1224
semantic_domain_ablation,32,c18q3,11,26,15,608
semantic_domain_ablation,32,c18q4,3,8,5,352
semantic_domain_ablation,32,c19q0,0,6,6,0
semantic_domain_ablation,32,c19q1,0,19,19,24
semantic_domain_ablation,32,c19q2,13,46,33,608
semantic_domain_ablation,32,c19q3,13,28,15,448
semantic_domain_ablation,32,c19q4,4,6,2,152
semantic_domain_ablation,32,c20q0,0,3,3,40
semantic_domain_ablation,32,c20q1,32,41,9,968
semantic_domain_ablation,32,c20q2,58,48,-10,2440
semantic_domain_ablation,32,c20q3,33,33,0,1496
semantic_domain_ablation,32,c20q4,40,20,-20,1848
semantic_domain_ablation,32,c21q0,7,5,-2,208
semantic_domain_ablation,32,c21q1,43,20,-23,1664
semantic_domain_ablation,32,c21q2,102,51,-51,4872
semantic_domain_ablation,32,c21q3,137,72,-65,5728
semantic_domain_ablation,32,c21q4,58,29,-29,2336
semantic_domain_ablation,32,c22q0,0,0,0,0
semantic_domain_ablation,32,c22q1,3,1,-2,104
semantic_domain_ablation,32,c22q2,17,9,-8,824
semantic_domain_ablation,32,c22q3,30,11,-19,1456
semantic_domain_ablation,32,c22q4,7,9,2,504
semantic_domain_ablation,32,c23q0,4,14,10,248
semantic_domain_ablation,32,c23q1,41,39,-2,1800
semantic_domain_ablation,32,c23q2,91,62,-29,3560
semantic_domain_ablation,32,c23q3,123,82,-41,4472
semantic_domain_ablation,32,c23q4,84,38,-46,3304
semantic_domain_ablation,32,c24q0,11,13,2,640
semantic_domain_ablation,32,c24q1,68,33,-35,2800
semantic_domain_ablation,32,c24q2,120,60,-60,5048
semantic_domain_ablation,32,c24q3,89,44,-45,3488
semantic_domain_ablation,32,c24q4,32,13,-19,1744
semantic_domain_ablation,32,c25q0,47,35,-12,1816
semantic_domain_ablation,32,c25q1,126,98,-28,5208
semantic_domain_ablation,32,c25q2,183,142,-41,7928
semantic_domain_ablation,32,c25q3,137,92,-45,5368
semantic_domain_ablation,32,c25q4,40,24,-16,2200
semantic_domain_ablation,32,c26q0,0,8,8,0
semantic_domain_ablation,32,c26q1,1,39,38,16
semantic_domain_ablation,32,c26q2,14,97,83,552
semantic_domain_ablation,32,c26q3,20,122,102,928
semantic_domain_ablation,32,c26q4,26,187,161,1240
semantic_domain_ablation,32,c27q0,0,1,1,0
semantic_domain_ablation,32,c27q1,0,2,2,56
semantic_domain_ablation,32,c27q2,8,8,0,288
semantic_domain_ablation,32,c27q3,10,9,-1,432
semantic_domain_ablation,32,c27q4,2,1,-1,168
semantic_domain_ablation,32,c28q0,0,4,4,0
semantic_domain_ablation,32,c28q1,85,219,134,3488
semantic_domain_ablation,32,c28q2,205,255,50,9456
semantic_domain_ablation,32,c28q3,342,323,-19,14944
semantic_domain_ablation,32,c28q4,177,199,22,7352
semantic_domain_ablation,32,c29q0,18,30,12,840
semantic_domain_ablation,32,c29q1,30,33,3,1224
semantic_domain_ablation,32,c29q2,80,81,1,3280
semantic_domain_ablation,32,c29q3,84,112,28,4128
semantic_domain_ablation,32,c29q4,83,33,-50,3664
semantic_domain_ablation,32,c30q0,0,5,5,0
semantic_domain_ablation,32,c30q1,10,24,14,896
semantic_domain_ablation,32,c30q2,82,94,12,3664
semantic_domain_ablation,32,c30q3,300,246,-54,11096
semantic_domain_ablation,32,c30q4,480,437,-43,19664
semantic_domain_ablation,32,c31q0,0,0,0,0
semantic_domain_ablation,32,c31q1,0,5,5,16
semantic_domain_ablation,32,c31q2,3,9,6,64
semantic_domain_ablation,32,c31q3,2,17,15,104
semantic_domain_ablation,32,c31q4,2,2,0,56
semantic_domain_ablation,32,c32q0,7,0,-7,280
semantic_domain_ablation,32,c32q1,40,0,-40,1768
semantic_domain_ablation,32,c32q2,222,0,-222,10272
semantic_domain_ablation,32,c32q3,407,0,-407,17496
semantic_domain_ablation,32,c32q4,158,0,-158,6632
semantic_domain_ablation,32,c33q0,0,1,1,0
semantic_domain_ablation,32,c33q1,0,13,13,104
semantic_domain_ablation,32,c33q2,4,41,37,288
semantic_domain_ablation,32,c33q3,8,46,38,456
semantic_domain_ablation,32,c33q4,24,49,25,792
semantic_domain_ablation,32,c34q0,0,0,0,0
semantic_domain_ablation,32,c34q1,12,4,-8,288
semantic_domain_ablation,32,c34q2,19,9,-10,856
semantic_domain_ablation,32,c34q3,22,9,-13,976
semantic_domain_ablation,32,c34q4,6,5,-1,512
semantic_domain_ablation,32,c35q0,0,11,11,64
semantic_domain_ablation,32,c35q1,25,46,21,976
semantic_domain_ablation,32,c35q2,37,53,16,1544
semantic_domain_ablation,32,c35q3,27,38,11,1064
semantic_domain_ablation,32,c35q4,12,13,1,416
semantic_domain_ablation,32,c36q0,2,5,3,56
semantic_domain_ablation,32,c36q1,6,26,20,280
semantic_domain_ablation,32,c36q2,11,37,26,504
semantic_domain_ablation,32,c36q3,7,17,10,264
semantic_domain_ablation,32,c36q4,4,5,1,96
semantic_domain_ablation,32,c37q0,1,3,2,24
semantic_domain_ablation,32,c37q1,11,29,18,256
semantic_domain_ablation,32,c37q2,23,65,42,1008
semantic_domain_ablation,32,c37q3,35,67,32,1616
semantic_domain_ablation,32,c37q4,38,69,31,1360
semantic_domain_ablation,32,c38q0,22,24,2,808
semantic_domain_ablation,32,c38q1,40,72,32,2176
semantic_domain_ablation,32,c38q2,151,145,-6,6968
semantic_domain_ablation,32,c38q3,229,165,-64,8488
semantic_domain_ablation,32,c38q4,214,109,-105,8568
semantic_domain_ablation,32,c39q0,4,3,-1,120
semantic_domain_ablation,32,c39q1,38,30,-8,1520
semantic_domain_ablation,32,c39q2,184,199,15,7728
semantic_domain_ablation,32,c39q3,104,88,-16,3800
semantic_domain_ablation,32,c39q4,77,67,-10,3640
semantic_domain_ablation,33,c00q0,0,1,1,0
semantic_domain_ablation,33,c00q1,4,30,26,280
semantic_domain_ablation,33,c00q2,19,100,81,1016
semantic_domain_ablation,33,c00q3,28,88,60,1104
semantic_domain_ablation,33,c00q4,10,57,47,640
semantic_domain_ablation,33,c01q0,26,43,17,896
semantic_domain_ablation,33,c01q1,31,44,13,1440
semantic_domain_ablation,33,c01q2,77,54,-23,3424
semantic_domain_ablation,33,c01q3,131,114,-17,5112
semantic_domain_ablation,33,c01q4,126,109,-17,5640
semantic_domain_ablation,33,c02q0,0,0,0,0
semantic_domain_ablation,33,c02q1,6,6,0,328
semantic_domain_ablation,33,c02q2,28,22,-6,1128
semantic_domain_ablation,33,c02q3,38,28,-10,1608
semantic_domain_ablation,33,c02q4,45,23,-22,1600
semantic_domain_ablation,33,c03q0,16,15,-1,736
semantic_domain_ablation,33,c03q1,93,85,-8,4680
semantic_domain_ablation,33,c03q2,93,72,-21,4744
semantic_domain_ablation,33,c03q3,159,59,-100,7280
semantic_domain_ablation,33,c03q4,101,40,-61,4720
semantic_domain_ablation,33,c04q0,0,0,0,0
semantic_domain_ablation,33,c04q1,1,5,4,16
semantic_domain_ablation,33,c04q2,13,11,-2,696
semantic_domain_ablation,33,c04q3,13,12,-1,416
semantic_domain_ablation,33,c04q4,5,1,-4,88
semantic_domain_ablation,33,c05q0,1,5,4,48
semantic_domain_ablation,33,c05q1,7,10,3,224
semantic_domain_ablation,33,c05q2,20,50,30,984
semantic_domain_ablation,33,c05q3,50,109,59,2336
semantic_domain_ablation,33,c05q4,30,79,49,1512
semantic_domain_ablation,33,c06q0,0,0,0,0
semantic_domain_ablation,33,c06q1,2,4,2,48
semantic_domain_ablation,33,c06q2,5,9,4,232
semantic_domain_ablation,33,c06q3,28,9,-19,1088
semantic_domain_ablation,33,c06q4,18,7,-11,896
semantic_domain_ablation,33,c07q0,1,17,16,56
semantic_domain_ablation,33,c07q1,24,25,1,880
semantic_domain_ablation,33,c07q2,59,47,-12,2160
semantic_domain_ablation,33,c07q3,38,28,-10,1896
semantic_domain_ablation,33,c07q4,14,6,-8,432
semantic_domain_ablation,33,c08q0,0,0,0,0
semantic_domain_ablation,33,c08q1,1,3,2,24
semantic_domain_ablation,33,c08q2,6,20,14,192
semantic_domain_ablation,33,c08q3,5,32,27,288
semantic_domain_ablation,33,c08q4,11,15,4,416
semantic_domain_ablation,33,c09q0,0,0,0,0
semantic_domain_ablation,33,c09q1,3,7,4,56
semantic_domain_ablation,33,c09q2,2,27,25,144
semantic_domain_ablation,33,c09q3,3,13,10,208
semantic_domain_ablation,33,c09q4,2,5,3,48
semantic_domain_ablation,33,c10q0,0,2,2,16
semantic_domain_ablation,33,c10q1,9,18,9,208
semantic_domain_ablation,33,c10q2,4,19,15,336
semantic_domain_ablation,33,c10q3,6,11,5,272
semantic_domain_ablation,33,c10q4,2,3,1,104
semantic_domain_ablation,33,c11q0,0,0,0,40
semantic_domain_ablation,33,c11q1,10,16,6,472
semantic_domain_ablation,33,c11q2,30,24,-6,1168
semantic_domain_ablation,33,c11q3,33,17,-16,1000
semantic_domain_ablation,33,c11q4,7,4,-3,296
semantic_domain_ablation,33,c12q0,3,3,0,88
semantic_domain_ablation,33,c12q1,35,27,-8,1432
semantic_domain_ablation,33,c12q2,83,48,-35,3248
semantic_domain_ablation,33,c12q3,63,51,-12,3368
semantic_domain_ablation,33,c12q4,29,13,-16,920
semantic_domain_ablation,33,c13q0,0,0,0,0
semantic_domain_ablation,33,c13q1,4,16,12,384
semantic_domain_ablation,33,c13q2,15,81,66,1056
semantic_domain_ablation,33,c13q3,63,139,76,2536
semantic_domain_ablation,33,c13q4,22,49,27,1176
semantic_domain_ablation,33,c14q0,4,34,30,328
semantic_domain_ablation,33,c14q1,119,288,169,4400
semantic_domain_ablation,33,c14q2,256,266,10,12048
semantic_domain_ablation,33,c14q3,271,246,-25,11680
semantic_domain_ablation,33,c14q4,60,34,-26,2400
semantic_domain_ablation,33,c15q0,0,0,0,0
semantic_domain_ablation,33,c15q1,0,6,6,24
semantic_domain_ablation,33,c15q2,1,10,9,64
semantic_domain_ablation,33,c15q3,1,10,9,64
semantic_domain_ablation,33,c15q4,3,6,3,192
semantic_domain_ablation,33,c16q0,4,3,-1,136
semantic_domain_ablation,33,c16q1,21,20,-1,568
semantic_domain_ablation,33,c16q2,34,46,12,1304
semantic_domain_ablation,33,c16q3,35,36,1,1504
semantic_domain_ablation,33,c16q4,17,10,-7,600
semantic_domain_ablation,33,c17q0,33,23,-10,1552
semantic_domain_ablation,33,c17q1,96,51,-45,3800
semantic_domain_ablation,33,c17q2,158,91,-67,6392
semantic_domain_ablation,33,c17q3,110,63,-47,4952
semantic_domain_ablation,33,c17q4,40,20,-20,1328
semantic_domain_ablation,33,c18q0,2,7,5,88
semantic_domain_ablation,33,c18q1,12,30,18,704
semantic_domain_ablation,33,c18q2,26,49,23,1224
semantic_domain_ablation,33,c18q3,11,24,13,608
semantic_domain_ablation,33,c18q4,3,8,5,352
semantic_domain_ablation,33,c19q0,0,1,1,0
semantic_domain_ablation,33,c19q1,0,22,22,24
semantic_domain_ablation,33,c19q2,13,35,22,608
semantic_domain_ablation,33,c19q3,13,17,4,448
semantic_domain_ablation,33,c19q4,4,4,0,152
semantic_domain_ablation,33,c20q0,0,1,1,40
semantic_domain_ablation,33,c20q1,32,30,-2,968
semantic_domain_ablation,33,c20q2,58,52,-6,2440
semantic_domain_ablation,33,c20q3,33,26,-7,1496
semantic_domain_ablation,33,c20q4,40,17,-23,1848
semantic_domain_ablation,33,c21q0,7,2,-5,208
semantic_domain_ablation,33,c21q1,43,15,-28,1664
semantic_domain_ablation,33,c21q2,102,39,-63,4872
semantic_domain_ablation,33,c21q3,137,54,-83,5728
semantic_domain_ablation,33,c21q4,58,25,-33,2336
semantic_domain_ablation,33,c22q0,0,0,0,0
semantic_domain_ablation,33,c22q1,3,4,1,104
semantic_domain_ablation,33,c22q2,17,9,-8,824
semantic_domain_ablation,33,c22q3,30,16,-14,1456
semantic_domain_ablation,33,c22q4,7,5,-2,504
semantic_domain_ablation,33,c23q0,4,19,15,248
semantic_domain_ablation,33,c23q1,41,40,-1,1800
semantic_domain_ablation,33,c23q2,91,66,-25,3560
semantic_domain_ablation,33,c23q3,123,77,-46,4472
semantic_domain_ablation,33,c23q4,84,35,-49,3304
semantic_domain_ablation,33,c24q0,11,10,-1,640
semantic_domain_ablation,33,c24q1,68,34,-34,2800
semantic_domain_ablation,33,c24q2,120,58,-62,5048
semantic_domain_ablation,33,c24q3,89,39,-50,3488
semantic_domain_ablation,33,c24q4,32,18,-14,1744
semantic_domain_ablation,33,c25q0,47,25,-22,1816
semantic_domain_ablation,33,c25q1,126,95,-31,5208
semantic_domain_ablation,33,c25q2,183,127,-56,7928
semantic_domain_ablation,33,c25q3,137,88,-49,5368
semantic_domain_ablation,33,c25q4,40,23,-17,2200
semantic_domain_ablation,33,c26q0,0,9,9,0
semantic_domain_ablation,33,c26q1,1,41,40,16
semantic_domain_ablation,33,c26q2,14,73,59,552
semantic_domain_ablation,33,c26q3,20,144,124,928
semantic_domain_ablation,33,c26q4,26,160,134,1240
semantic_domain_ablation,33,c27q0,0,0,0,0
semantic_domain_ablation,33,c27q1,0,1,1,56
semantic_domain_ablation,33,c27q2,8,13,5,288
semantic_domain_ablation,33,c27q3,10,8,-2,432
semantic_domain_ablation,33,c27q4,2,0,-2,168
semantic_domain_ablation,33,c28q0,0,3,3,0
semantic_domain_ablation,33,c28q1,85,190,105,3488
semantic_domain_ablation,33,c28q2,205,225,20,9456
semantic_domain_ablation,33,c28q3,342,292,-50,14944
semantic_domain_ablation,33,c28q4,177,168,-9,7352
semantic_domain_ablation,33,c29q0,18,17,-1,840
semantic_domain_ablation,33,c29q1,30,32,2,1224
semantic_domain_ablation,33,c29q2,80,67,-13,3280
semantic_domain_ablation,33,c29q3,84,86,2,4128
semantic_domain_ablation,33,c29q4,83,27,-56,3664
semantic_domain_ablation,33,c30q0,0,1,1,0
semantic_domain_ablation,33,c30q1,10,15,5,896
semantic_domain_ablation,33,c30q2,82,90,8,3664
semantic_domain_ablation,33,c30q3,300,262,-38,11096
semantic_domain_ablation,33,c30q4,480,424,-56,19664
semantic_domain_ablation,33,c31q0,0,1,1,0
semantic_domain_ablation,33,c31q1,0,3,3,16
semantic_domain_ablation,33,c31q2,3,12,9,64
semantic_domain_ablation,33,c31q3,2,14,12,104
semantic_domain_ablation,33,c31q4,2,4,2,56
semantic_domain_ablation,33,c32q0,7,39,32,280
semantic_domain_ablation,33,c32q1,40,189,149,1768
semantic_domain_ablation,33,c32q2,222,241,19,10272
semantic_domain_ablation,33,c32q3,407,351,-56,17496
semantic_domain_ablation,33,c32q4,158,116,-42,6632
semantic_domain_ablation,33,c33q0,0,0,0,0
semantic_domain_ablation,33,c33q1,0,0,0,104
semantic_domain_ablation,33,c33q2,4,0,-4,288
semantic_domain_ablation,33,c33q3,8,0,-8,456
semantic_domain_ablation,33,c33q4,24,0,-24,792
semantic_domain_ablation,33,c34q0,0,0,0,0
semantic_domain_ablation,33,c34q1,12,6,-6,288
semantic_domain_ablation,33,c34q2,19,7,-12,856
semantic_domain_ablation,33,c34q3,22,17,-5,976
semantic_domain_ablation,33,c34q4,6,4,-2,512
semantic_domain_ablation,33,c35q0,0,15,15,64
semantic_domain_ablation,33,c35q1,25,36,11,976
semantic_domain_ablation,33,c35q2,37,61,24,1544
semantic_domain_ablation,33,c35q3,27,35,8,1064
semantic_domain_ablation,33,c35q4,12,10,-2,416
semantic_domain_ablation,33,c36q0,2,6,4,56
semantic_domain_ablation,33,c36q1,6,20,14,280
semantic_domain_ablation,33,c36q2,11,33,22,504
semantic_domain_ablation,33,c36q3,7,17,10,264
semantic_domain_ablation,33,c36q4,4,4,0,96
semantic_domain_ablation,33,c37q0,1,3,2,24
semantic_domain_ablation,33,c37q1,11,17,6,256
semantic_domain_ablation,33,c37q2,23,44,21,1008
semantic_domain_ablation,33,c37q3,35,77,42,1616
semantic_domain_ablation,33,c37q4,38,66,28,1360
semantic_domain_ablation,33,c38q0,22,31,9,808
semantic_domain_ablation,33,c38q1,40,66,26,2176
semantic_domain_ablation,33,c38q2,151,125,-26,6968
semantic_domain_ablation,33,c38q3,229,142,-87,8488
semantic_domain_ablation,33,c38q4,214,100,-114,8568
semantic_domain_ablation,33,c39q0,4,2,-2,120
semantic_domain_ablation,33,c39q1,38,32,-6,1520
semantic_domain_ablation,33,c39q2,184,186,2,7728
semantic_domain_ablation,33,c39q3,104,80,-24,3800
semantic_domain_ablation,33,c39q4,77,60,-17,3640
semantic_domain_ablation,34,c00q0,0,1,1,0
semantic_domain_ablation,34,c00q1,4,30,26,280
semantic_domain_ablation,34,c00q2,19,100,81,1016
semantic_domain_ablation,34,c00q3,28,87,59,1104
semantic_domain_ablation,34,c00q4,10,55,45,640
semantic_domain_ablation,34,c01q0,26,40,14,896
semantic_domain_ablation,34,c01q1,31,48,17,1440
semantic_domain_ablation,34,c01q2,77,51,-26,3424
semantic_domain_ablation,34,c01q3,131,115,-16,5112
semantic_domain_ablation,34,c01q4,126,110,-16,5640
semantic_domain_ablation,34,c02q0,0,0,0,0
semantic_domain_ablation,34,c02q1,6,3,-3,328
semantic_domain_ablation,34,c02q2,28,23,-5,1128
semantic_domain_ablation,34,c02q3,38,24,-14,1608
semantic_domain_ablation,34,c02q4,45,28,-17,1600
semantic_domain_ablation,34,c03q0,16,10,-6,736
semantic_domain_ablation,34,c03q1,93,86,-7,4680
semantic_domain_ablation,34,c03q2,93,73,-20,4744
semantic_domain_ablation,34,c03q3,159,59,-100,7280
semantic_domain_ablation,34,c03q4,101,33,-68,4720
semantic_domain_ablation,34,c04q0,0,0,0,0
semantic_domain_ablation,34,c04q1,1,4,3,16
semantic_domain_ablation,34,c04q2,13,14,1,696
semantic_domain_ablation,34,c04q3,13,8,-5,416
semantic_domain_ablation,34,c04q4,5,0,-5,88
semantic_domain_ablation,34,c05q0,1,1,0,48
semantic_domain_ablation,34,c05q1,7,22,15,224
semantic_domain_ablation,34,c05q2,20,54,34,984
semantic_domain_ablation,34,c05q3,50,100,50,2336
semantic_domain_ablation,34,c05q4,30,79,49,1512
semantic_domain_ablation,34,c06q0,0,0,0,0
semantic_domain_ablation,34,c06q1,2,2,0,48
semantic_domain_ablation,34,c06q2,5,7,2,232
semantic_domain_ablation,34,c06q3,28,12,-16,1088
semantic_domain_ablation,34,c06q4,18,8,-10,896
semantic_domain_ablation,34,c07q0,1,16,15,56
semantic_domain_ablation,34,c07q1,24,29,5,880
semantic_domain_ablation,34,c07q2,59,40,-19,2160
semantic_domain_ablation,34,c07q3,38,33,-5,1896
semantic_domain_ablation,34,c07q4,14,6,-8,432
semantic_domain_ablation,34,c08q0,0,0,0,0
semantic_domain_ablation,34,c08q1,1,2,1,24
semantic_domain_ablation,34,c08q2,6,14,8,192
semantic_domain_ablation,34,c08q3,5,28,23,288
semantic_domain_ablation,34,c08q4,11,19,8,416
semantic_domain_ablation,34,c09q0,0,3,3,0
semantic_domain_ablation,34,c09q1,3,10,7,56
semantic_domain_ablation,34,c09q2,2,22,20,144
semantic_domain_ablation,34,c09q3,3,15,12,208
semantic_domain_ablation,34,c09q4,2,5,3,48
semantic_domain_ablation,34,c10q0,0,2,2,16
semantic_domain_ablation,34,c10q1,9,16,7,208
semantic_domain_ablation,34,c10q2,4,22,18,336
semantic_domain_ablation,34,c10q3,6,10,4,272
semantic_domain_ablation,34,c10q4,2,3,1,104
semantic_domain_ablation,34,c11q0,0,1,1,40
semantic_domain_ablation,34,c11q1,10,13,3,472
semantic_domain_ablation,34,c11q2,30,30,0,1168
semantic_domain_ablation,34,c11q3,33,16,-17,1000
semantic_domain_ablation,34,c11q4,7,4,-3,296
semantic_domain_ablation,34,c12q0,3,2,-1,88
semantic_domain_ablation,34,c12q1,35,24,-11,1432
semantic_domain_ablation,34,c12q2,83,47,-36,3248
semantic_domain_ablation,34,c12q3,63,53,-10,3368
semantic_domain_ablation,34,c12q4,29,9,-20,920
semantic_domain_ablation,34,c13q0,0,0,0,0
semantic_domain_ablation,34,c13q1,4,25,21,384
semantic_domain_ablation,34,c13q2,15,62,47,1056
semantic_domain_ablation,34,c13q3,63,151,88,2536
semantic_domain_ablation,34,c13q4,22,44,22,1176
semantic_domain_ablation,34,c14q0,4,33,29,328
semantic_domain_ablation,34,c14q1,119,284,165,4400
semantic_domain_ablation,34,c14q2,256,273,17,12048
semantic_domain_ablation,34,c14q3,271,230,-41,11680
semantic_domain_ablation,34,c14q4,60,49,-11,2400
semantic_domain_ablation,34,c15q0,0,0,0,0
semantic_domain_ablation,34,c15q1,0,4,4,24
semantic_domain_ablation,34,c15q2,1,7,6,64
semantic_domain_ablation,34,c15q3,1,10,9,64
semantic_domain_ablation,34,c15q4,3,2,-1,192
semantic_domain_ablation,34,c16q0,4,5,1,136
semantic_domain_ablation,34,c16q1,21,14,-7,568
semantic_domain_ablation,34,c16q2,34,42,8,1304
semantic_domain_ablation,34,c16q3,35,51,16,1504
semantic_domain_ablation,34,c16q4,17,12,-5,600
semantic_domain_ablation,34,c17q0,33,15,-18,1552
semantic_domain_ablation,34,c17q1,96,40,-56,3800
semantic_domain_ablation,34,c17q2,158,99,-59,6392
semantic_domain_ablation,34,c17q3,110,63,-47,4952
semantic_domain_ablation,34,c17q4,40,17,-23,1328
semantic_domain_ablation,34,c18q0,2,4,2,88
semantic_domain_ablation,34,c18q1,12,37,25,704
semantic_domain_ablation,34,c18q2,26,45,19,1224
semantic_domain_ablation,34,c18q3,11,28,17,608
semantic_domain_ablation,34,c18q4,3,7,4,352
semantic_domain_ablation,34,c19q0,0,2,2,0
semantic_domain_ablation,34,c19q1,0,15,15,24
semantic_domain_ablation,34,c19q2,13,35,22,608
semantic_domain_ablation,34,c19q3,13,18,5,448
semantic_domain_ablation,34,c19q4,4,7,3,152
semantic_domain_ablation,34,c20q0,0,1,1,40
semantic_domain_ablation,34,c20q1,32,33,1,968
semantic_domain_ablation,34,c20q2,58,42,-16,2440
semantic_domain_ablation,34,c20q3,33,29,-4,1496
semantic_domain_ablation,34,c20q4,40,18,-22,1848
semantic_domain_ablation,34,c21q0,7,6,-1,208
semantic_domain_ablation,34,c21q1,43,12,-31,1664
semantic_domain_ablation,34,c21q2,102,45,-57,4872
semantic_domain_ablation,34,c21q3,137,46,-91,5728
semantic_domain_ablation,34,c21q4,58,25,-33,2336
semantic_domain_ablation,34,c22q0,0,0,0,0
semantic_domain_ablation,34,c22q1,3,5,2,104
semantic_domain_ablation,34,c22q2,17,5,-12,824
semantic_domain_ablation,34,c22q3,30,19,-11,1456
semantic_domain_ablation,34,c22q4,7,4,-3,504
semantic_domain_ablation,34,c23q0,4,14,10,248
semantic_domain_ablation,34,c23q1,41,32,-9,1800
semantic_domain_ablation,34,c23q2,91,75,-16,3560
semantic_domain_ablation,34,c23q3,123,74,-49,4472
semantic_domain_ablation,34,c23q4,84,37,-47,3304
semantic_domain_ablation,34,c24q0,11,11,0,640
semantic_domain_ablation,34,c24q1,68,32,-36,2800
semantic_domain_ablation,34,c24q2,120,54,-66,5048
semantic_domain_ablation,34,c24q3,89,50,-39,3488
semantic_domain_ablation,34,c24q4,32,16,-16,1744
semantic_domain_ablation,34,c25q0,47,32,-15,1816
semantic_domain_ablation,34,c25q1,126,82,-44,5208
semantic_domain_ablation,34,c25q2,183,127,-56,7928
semantic_domain_ablation,34,c25q3,137,90,-47,5368
semantic_domain_ablation,34,c25q4,40,23,-17,2200
semantic_domain_ablation,34,c26q0,0,9,9,0
semantic_domain_ablation,34,c26q1,1,29,28,16
semantic_domain_ablation,34,c26q2,14,83,69,552
semantic_domain_ablation,34,c26q3,20,136,116,928
semantic_domain_ablation,34,c26q4,26,162,136,1240
semantic_domain_ablation,34,c27q0,0,0,0,0
semantic_domain_ablation,34,c27q1,0,2,2,56
semantic_domain_ablation,34,c27q2,8,11,3,288
semantic_domain_ablation,34,c27q3,10,8,-2,432
semantic_domain_ablation,34,c27q4,2,3,1,168
semantic_domain_ablation,34,c28q0,0,2,2,0
semantic_domain_ablation,34,c28q1,85,202,117,3488
semantic_domain_ablation,34,c28q2,205,206,1,9456
semantic_domain_ablation,34,c28q3,342,296,-46,14944
semantic_domain_ablation,34,c28q4,177,157,-20,7352
semantic_domain_ablation,34,c29q0,18,26,8,840
semantic_domain_ablation,34,c29q1,30,34,4,1224
semantic_domain_ablation,34,c29q2,80,73,-7,3280
semantic_domain_ablation,34,c29q3,84,91,7,4128
semantic_domain_ablation,34,c29q4,83,24,-59,3664
semantic_domain_ablation,34,c30q0,0,2,2,0
semantic_domain_ablation,34,c30q1,10,9,-1,896
semantic_domain_ablation,34,c30q2,82,65,-17,3664
semantic_domain_ablation,34,c30q3,300,270,-30,11096
semantic_domain_ablation,34,c30q4,480,418,-62,19664
semantic_domain_ablation,34,c31q0,0,0,0,0
semantic_domain_ablation,34,c31q1,0,4,4,16
semantic_domain_ablation,34,c31q2,3,10,7,64
semantic_domain_ablation,34,c31q3,2,13,11,104
semantic_domain_ablation,34,c31q4,2,7,5,56
semantic_domain_ablation,34,c32q0,7,40,33,280
semantic_domain_ablation,34,c32q1,40,200,160,1768
semantic_domain_ablation,34,c32q2,222,244,22,10272
semantic_domain_ablation,34,c32q3,407,330,-77,17496
semantic_domain_ablation,34,c32q4,158,116,-42,6632
semantic_domain_ablation,34,c33q0,0,1,1,0
semantic_domain_ablation,34,c33q1,0,19,19,104
semantic_domain_ablation,34,c33q2,4,39,35,288
semantic_domain_ablation,34,c33q3,8,33,25,456
semantic_domain_ablation,34,c33q4,24,43,19,792
semantic_domain_ablation,34,c34q0,0,0,0,0
semantic_domain_ablation,34,c34q1,12,0,-12,288
semantic_domain_ablation,34,c34q2,19,0,-19,856
semantic_domain_ablation,34,c34q3,22,0,-22,976
semantic_domain_ablation,34,c34q4,6,0,-6,512
semantic_domain_ablation,34,c35q0,0,8,8,64
semantic_domain_ablation,34,c35q1,25,38,13,976
semantic_domain_ablation,34,c35q2,37,62,25,1544
semantic_domain_ablation,34,c35q3,27,34,7,1064
semantic_domain_ablation,34,c35q4,12,6,-6,416
semantic_domain_ablation,34,c36q0,2,7,5,56
semantic_domain_ablation,34,c36q1,6,24,18,280
semantic_domain_ablation,34,c36q2,11,30,19,504
semantic_domain_ablation,34,c36q3,7,12,5,264
semantic_domain_ablation,34,c36q4,4,4,0,96
semantic_domain_ablation,34,c37q0,1,7,6,24
semantic_domain_ablation,34,c37q1,11,16,5,256
semantic_domain_ablation,34,c37q2,23,47,24,1008
semantic_domain_ablation,34,c37q3,35,72,37,1616
semantic_domain_ablation,34,c37q4,38,67,29,1360
semantic_domain_ablation,34,c38q0,22,29,7,808
semantic_domain_ablation,34,c38q1,40,69,29,2176
semantic_domain_ablation,34,c38q2,151,125,-26,6968
semantic_domain_ablation,34,c38q3,229,139,-90,8488
semantic_domain_ablation,34,c38q4,214,98,-116,8568
semantic_domain_ablation,34,c39q0,4,1,-3,120
semantic_domain_ablation,34,c39q1,38,30,-8,1520
semantic_domain_ablation,34,c39q2,184,187,3,7728
semantic_domain_ablation,34,c39q3,104,77,-27,3800
semantic_domain_ablation,34,c39q4,77,60,-17,3640
semantic_domain_ablation,35,c00q0,0,1,1,0
semantic_domain_ablation,35,c00q1,4,30,26,280
semantic_domain_ablation,35,c00q2,19,100,81,1016
semantic_domain_ablation,35,c00q3,28,89,61,1104
semantic_domain_ablation,35,c00q4,10,56,46,640
semantic_domain_ablation,35,c01q0,26,44,18,896
semantic_domain_ablation,35,c01q1,31,43,12,1440
semantic_domain_ablation,35,c01q2,77,55,-22,3424
semantic_domain_ablation,35,c01q3,131,116,-15,5112
semantic_domain_ablation,35,c01q4,126,106,-20,5640
semantic_domain_ablation,35,c02q0,0,0,0,0
semantic_domain_ablation,35,c02q1,6,7,1,328
semantic_domain_ablation,35,c02q2,28,22,-6,1128
semantic_domain_ablation,35,c02q3,38,28,-10,1608
semantic_domain_ablation,35,c02q4,45,24,-21,1600
semantic_domain_ablation,35,c03q0,16,13,-3,736
semantic_domain_ablation,35,c03q1,93,86,-7,4680
semantic_domain_ablation,35,c03q2,93,72,-21,4744
semantic_domain_ablation,35,c03q3,159,60,-99,7280
semantic_domain_ablation,35,c03q4,101,38,-63,4720
semantic_domain_ablation,35,c04q0,0,1,1,0
semantic_domain_ablation,35,c04q1,1,4,3,16
semantic_domain_ablation,35,c04q2,13,12,-1,696
semantic_domain_ablation,35,c04q3,13,12,-1,416
semantic_domain_ablation,35,c04q4,5,3,-2,88
semantic_domain_ablation,35,c05q0,1,2,1,48
semantic_domain_ablation,35,c05q1,7,11,4,224
semantic_domain_ablation,35,c05q2,20,50,30,984
semantic_domain_ablation,35,c05q3,50,111,61,2336
semantic_domain_ablation,35,c05q4,30,79,49,1512
semantic_domain_ablation,35,c06q0,0,0,0,0
semantic_domain_ablation,35,c06q1,2,2,0,48
semantic_domain_ablation,35,c06q2,5,8,3,232
semantic_domain_ablation,35,c06q3,28,10,-18,1088
semantic_domain_ablation,35,c06q4,18,8,-10,896
semantic_domain_ablation,35,c07q0,1,15,14,56
semantic_domain_ablation,35,c07q1,24,28,4,880
semantic_domain_ablation,35,c07q2,59,44,-15,2160
semantic_domain_ablation,35,c07q3,38,28,-10,1896
semantic_domain_ablation,35,c07q4,14,8,-6,432
semantic_domain_ablation,35,c08q0,0,0,0,0
semantic_domain_ablation,35,c08q1,1,1,0,24
semantic_domain_ablation,35,c08q2,6,21,15,192
semantic_domain_ablation,35,c08q3,5,33,28,288
semantic_domain_ablation,35,c08q4,11,13,2,416
semantic_domain_ablation,35,c09q0,0,1,1,0
semantic_domain_ablation,35,c09q1,3,7,4,56
semantic_domain_ablation,35,c09q2,2,28,26,144
semantic_domain_ablation,35,c09q3,3,13,10,208
semantic_domain_ablation,35,c09q4,2,4,2,48
semantic_domain_ablation,35,c10q0,0,3,3,16
semantic_domain_ablation,35,c10q1,9,19,10,208
semantic_domain_ablation,35,c10q2,4,17,13,336
semantic_domain_ablation,35,c10q3,6,10,4,272
semantic_domain_ablation,35,c10q4,2,3,1,104
semantic_domain_ablation,35,c11q0,0,1,1,40
semantic_domain_ablation,35,c11q1,10,15,5,472
semantic_domain_ablation,35,c11q2,30,26,-4,1168
semantic_domain_ablation,35,c11q3,33,18,-15,1000
semantic_domain_ablation,35,c11q4,7,3,-4,296
semantic_domain_ablation,35,c12q0,3,5,2,88
semantic_domain_ablation,35,c12q1,35,24,-11,1432
semantic_domain_ablation,35,c12q2,83,47,-36,3248
semantic_domain_ablation,35,c12q3,63,52,-11,3368
semantic_domain_ablation,35,c12q4,29,12,-17,920
semantic_domain_ablation,35,c13q0,0,0,0,0
semantic_domain_ablation,35,c13q1,4,16,12,384
semantic_domain_ablation,35,c13q2,15,83,68,1056
semantic_domain_ablation,35,c13q3,63,138,75,2536
semantic_domain_ablation,35,c13q4,22,50,28,1176
semantic_domain_ablation,35,c14q0,4,34,30,328
semantic_domain_ablation,35,c14q1,119,289,170,4400
semantic_domain_ablation,35,c14q2,256,263,7,12048
semantic_domain_ablation,35,c14q3,271,249,-22,11680
semantic_domain_ablation,35,c14q4,60,34,-26,2400
semantic_domain_ablation,35,c15q0,0,0,0,0
semantic_domain_ablation,35,c15q1,0,6,6,24
semantic_domain_ablation,35,c15q2,1,10,9,64
semantic_domain_ablation,35,c15q3,1,9,8,64
semantic_domain_ablation,35,c15q4,3,6,3,192
semantic_domain_ablation,35,c16q0,4,3,-1,136
semantic_domain_ablation,35,c16q1,21,21,0,568
semantic_domain_ablation,35,c16q2,34,47,13,1304
semantic_domain_ablation,35,c16q3,35,34,-1,1504
semantic_domain_ablation,35,c16q4,17,10,-7,600
semantic_domain_ablation,35,c17q0,33,21,-12,1552
semantic_domain_ablation,35,c17q1,96,56,-40,3800
semantic_domain_ablation,35,c17q2,158,89,-69,6392
semantic_domain_ablation,35,c17q3,110,64,-46,4952
semantic_domain_ablation,35,c17q4,40,21,-19,1328
semantic_domain_ablation,35,c18q0,2,3,1,88
semantic_domain_ablation,35,c18q1,12,31,19,704
semantic_domain_ablation,35,c18q2,26,47,21,1224
semantic_domain_ablation,35,c18q3,11,28,17,608
semantic_domain_ablation,35,c18q4,3,5,2,352
semantic_domain_ablation,35,c19q0,0,3,3,0
semantic_domain_ablation,35,c19q1,0,22,22,24
semantic_domain_ablation,35,c19q2,13,35,22,608
semantic_domain_ablation,35,c19q3,13,16,3,448
semantic_domain_ablation,35,c19q4,4,6,2,152
semantic_domain_ablation,35,c20q0,0,0,0,40
semantic_domain_ablation,35,c20q1,32,33,1,968
semantic_domain_ablation,35,c20q2,58,48,-10,2440
semantic_domain_ablation,35,c20q3,33,25,-8,1496
semantic_domain_ablation,35,c20q4,40,19,-21,1848
semantic_domain_ablation,35,c21q0,7,1,-6,208
semantic_domain_ablation,35,c21q1,43,15,-28,1664
semantic_domain_ablation,35,c21q2,102,41,-61,4872
semantic_domain_ablation,35,c21q3,137,53,-84,5728
semantic_domain_ablation,35,c21q4,58,26,-32,2336
semantic_domain_ablation,35,c22q0,0,0,0,0
semantic_domain_ablation,35,c22q1,3,4,1,104
semantic_domain_ablation,35,c22q2,17,7,-10,824
semantic_domain_ablation,35,c22q3,30,18,-12,1456
semantic_domain_ablation,35,c22q4,7,8,1,504
semantic_domain_ablation,35,c23q0,4,15,11,248
semantic_domain_ablation,35,c23q1,41,42,1,1800
semantic_domain_ablation,35,c23q2,91,63,-28,3560
semantic_domain_ablation,35,c23q3,123,77,-46,4472
semantic_domain_ablation,35,c23q4,84,40,-44,3304
semantic_domain_ablation,35,c24q0,11,10,-1,640
semantic_domain_ablation,35,c24q1,68,28,-40,2800
semantic_domain_ablation,35,c24q2,120,60,-60,5048
semantic_domain_ablation,35,c24q3,89,41,-48,3488
semantic_domain_ablation,35,c24q4,32,17,-15,1744
semantic_domain_ablation,35,c25q0,47,28,-19,1816
semantic_domain_ablation,35,c25q1,126,90,-36,5208
semantic_domain_ablation,35,c25q2,183,128,-55,7928
semantic_domain_ablation,35,c25q3,137,85,-52,5368
semantic_domain_ablation,35,c25q4,40,28,-12,2200
semantic_domain_ablation,35,c26q0,0,11,11,0
semantic_domain_ablation,35,c26q1,1,34,33,16
semantic_domain_ablation,35,c26q2,14,79,65,552
semantic_domain_ablation,35,c26q3,20,142,122,928
semantic_domain_ablation,35,c26q4,26,159,133,1240
semantic_domain_ablation,35,c27q0,0,0,0,0
semantic_domain_ablation,35,c27q1,0,2,2,56
semantic_domain_ablation,35,c27q2,8,15,7,288
semantic_domain_ablation,35,c27q3,10,5,-5,432
semantic_domain_ablation,35,c27q4,2,3,1,168
semantic_domain_ablation,35,c28q0,0,2,2,0
semantic_domain_ablation,35,c28q1,85,189,104,3488
semantic_domain_ablation,35,c28q2,205,226,21,9456
semantic_domain_ablation,35,c28q3,342,293,-49,14944
semantic_domain_ablation,35,c28q4,177,168,-9,7352
semantic_domain_ablation,35,c29q0,18,17,-1,840
semantic_domain_ablation,35,c29q1,30,35,5,1224
semantic_domain_ablation,35,c29q2,80,66,-14,3280
semantic_domain_ablation,35,c29q3,84,81,-3,4128
semantic_domain_ablation,35,c29q4,83,29,-54,3664
semantic_domain_ablation,35,c30q0,0,1,1,0
semantic_domain_ablation,35,c30q1,10,17,7,896
semantic_domain_ablation,35,c30q2,82,96,14,3664
semantic_domain_ablation,35,c30q3,300,257,-43,11096
semantic_domain_ablation,35,c30q4,480,421,-59,19664
semantic_domain_ablation,35,c31q0,0,0,0,0
semantic_domain_ablation,35,c31q1,0,4,4,16
semantic_domain_ablation,35,c31q2,3,16,13,64
semantic_domain_ablation,35,c31q3,2,11,9,104
semantic_domain_ablation,35,c31q4,2,6,4,56
semantic_domain_ablation,35,c32q0,7,36,29,280
semantic_domain_ablation,35,c32q1,40,193,153,1768
semantic_domain_ablation,35,c32q2,222,244,22,10272
semantic_domain_ablation,35,c32q3,407,345,-62,17496
semantic_domain_ablation,35,c32q4,158,119,-39,6632
semantic_domain_ablation,35,c33q0,0,2,2,0
semantic_domain_ablation,35,c33q1,0,15,15,104
semantic_domain_ablation,35,c33q2,4,34,30,288
semantic_domain_ablation,35,c33q3,8,48,40,456
semantic_domain_ablation,35,c33q4,24,48,24,792
semantic_domain_ablation,35,c34q0,0,1,1,0
semantic_domain_ablation,35,c34q1,12,4,-8,288
semantic_domain_ablation,35,c34q2,19,8,-11,856
semantic_domain_ablation,35,c34q3,22,14,-8,976
semantic_domain_ablation,35,c34q4,6,7,1,512
semantic_domain_ablation,35,c35q0,0,0,0,64
semantic_domain_ablation,35,c35q1,25,0,-25,976
semantic_domain_ablation,35,c35q2,37,0,-37,1544
semantic_domain_ablation,35,c35q3,27,0,-27,1064
semantic_domain_ablation,35,c35q4,12,0,-12,416
semantic_domain_ablation,35,c36q0,2,5,3,56
semantic_domain_ablation,35,c36q1,6,21,15,280
semantic_domain_ablation,35,c36q2,11,32,21,504
semantic_domain_ablation,35,c36q3,7,19,12,264
semantic_domain_ablation,35,c36q4,4,3,-1,96
semantic_domain_ablation,35,c37q0,1,4,3,24
semantic_domain_ablation,35,c37q1,11,17,6,256
semantic_domain_ablation,35,c37q2,23,44,21,1008
semantic_domain_ablation,35,c37q3,35,77,42,1616
semantic_domain_ablation,35,c37q4,38,65,27,1360
semantic_domain_ablation,35,c38q0,22,30,8,808
semantic_domain_ablation,35,c38q1,40,68,28,2176
semantic_domain_ablation,35,c38q2,151,124,-27,6968
semantic_domain_ablation,35,c38q3,229,143,-86,8488
semantic_domain_ablation,35,c38q4,214,100,-114,8568
semantic_domain_ablation,35,c39q0,4,2,-2,120
semantic_domain_ablation,35,c39q1,38,32,-6,1520
semantic_domain_ablation,35,c39q2,184,185,1,7728
semantic_domain_ablation,35,c39q3,104,81,-23,3800
semantic_domain_ablation,35,c39q4,77,60,-17,3640
semantic_domain_ablation,36,c00q0,0,1,1,0
semantic_domain_ablation,36,c00q1,4,30,26,280
semantic_domain_ablation,36,c00q2,19,100,81,1016
semantic_domain_ablation,36,c00q3,28,87,59,1104
semantic_domain_ablation,36,c00q4,10,58,48,640
semantic_domain_ablation,36,c01q0,26,40,14,896
semantic_domain_ablation,36,c01q1,31,47,16,1440
semantic_domain_ablation,36,c01q2,77,51,-26,3424
semantic_domain_ablation,36,c01q3,131,116,-15,5112
semantic_domain_ablation,36,c01q4,126,109,-17,5640
semantic_domain_ablation,36,c02q0,0,0,0,0
semantic_domain_ablation,36,c02q1,6,3,-3,328
semantic_domain_ablation,36,c02q2,28,25,-3,1128
semantic_domain_ablation,36,c02q3,38,24,-14,1608
semantic_domain_ablation,36,c02q4,45,26,-19,1600
semantic_domain_ablation,36,c03q0,16,12,-4,736
semantic_domain_ablation,36,c03q1,93,85,-8,4680
semantic_domain_ablation,36,c03q2,93,72,-21,4744
semantic_domain_ablation,36,c03q3,159,60,-99,7280
semantic_domain_ablation,36,c03q4,101,34,-67,4720
semantic_domain_ablation,36,c04q0,0,0,0,0
semantic_domain_ablation,36,c04q1,1,5,4,16
semantic_domain_ablation,36,c04q2,13,15,2,696
semantic_domain_ablation,36,c04q3,13,3,-10,416
semantic_domain_ablation,36,c04q4,5,4,-1,88
semantic_domain_ablation,36,c05q0,1,4,3,48
semantic_domain_ablation,36,c05q1,7,16,9,224
semantic_domain_ablation,36,c05q2,20,53,33,984
semantic_domain_ablation,36,c05q3,50,106,56,2336
semantic_domain_ablation,36,c05q4,30,78,48,1512
semantic_domain_ablation,36,c06q0,0,1,1,0
semantic_domain_ablation,36,c06q1,2,0,-2,48
semantic_domain_ablation,36,c06q2,5,7,2,232
semantic_domain_ablation,36,c06q3,28,13,-15,1088
semantic_domain_ablation,36,c06q4,18,9,-9,896
semantic_domain_ablation,36,c07q0,1,15,14,56
semantic_domain_ablation,36,c07q1,24,28,4,880
semantic_domain_ablation,36,c07q2,59,42,-17,2160
semantic_domain_ablation,36,c07q3,38,32,-6,1896
semantic_domain_ablation,36,c07q4,14,4,-10,432
semantic_domain_ablation,36,c08q0,0,0,0,0
semantic_domain_ablation,36,c08q1,1,2,1,24
semantic_domain_ablation,36,c08q2,6,16,10,192
semantic_domain_ablation,36,c08q3,5,30,25,288
semantic_domain_ablation,36,c08q4,11,20,9,416
semantic_domain_ablation,36,c09q0,0,2,2,0
semantic_domain_ablation,36,c09q1,3,9,6,56
semantic_domain_ablation,36,c09q2,2,24,22,144
semantic_domain_ablation,36,c09q3,3,15,12,208
semantic_domain_ablation,36,c09q4,2,2,0,48
semantic_domain_ablation,36,c10q0,0,2,2,16
semantic_domain_ablation,36,c10q1,9,19,10,208
semantic_domain_ablation,36,c10q2,4,19,15,336
semantic_domain_ablation,36,c10q3,6,10,4,272
semantic_domain_ablation,36,c10q4,2,3,1,104
semantic_domain_ablation,36,c11q0,0,2,2,40
semantic_domain_ablation,36,c11q1,10,13,3,472
semantic_domain_ablation,36,c11q2,30,27,-3,1168
semantic_domain_ablation,36,c11q3,33,16,-17,1000
semantic_domain_ablation,36,c11q4,7,5,-2,296
semantic_domain_ablation,36,c12q0,3,2,-1,88
semantic_domain_ablation,36,c12q1,35,24,-11,1432
semantic_domain_ablation,36,c12q2,83,46,-37,3248
semantic_domain_ablation,36,c12q3,63,55,-8,3368
semantic_domain_ablation,36,c12q4,29,12,-17,920
semantic_domain_ablation,36,c13q0,0,0,0,0
semantic_domain_ablation,36,c13q1,4,21,17,384
semantic_domain_ablation,36,c13q2,15,70,55,1056
semantic_domain_ablation,36,c13q3,63,146,83,2536
semantic_domain_ablation,36,c13q4,22,48,26,1176
semantic_domain_ablation,36,c14q0,4,29,25,328
semantic_domain_ablation,36,c14q1,119,289,170,4400
semantic_domain_ablation,36,c14q2,256,269,13,12048
semantic_domain_ablation,36,c14q3,271,238,-33,11680
semantic_domain_ablation,36,c14q4,60,39,-21,2400
semantic_domain_ablation,36,c15q0,0,1,1,0
semantic_domain_ablation,36,c15q1,0,3,3,24
semantic_domain_ablation,36,c15q2,1,11,10,64
semantic_domain_ablation,36,c15q3,1,10,9,64
semantic_domain_ablation,36,c15q4,3,3,0,192
semantic_domain_ablation,36,c16q0,4,4,0,136
semantic_domain_ablation,36,c16q1,21,16,-5,568
semantic_domain_ablation,36,c16q2,34,43,9,1304
semantic_domain_ablation,36,c16q3,35,49,14,1504
semantic_domain_ablation,36,c16q4,17,8,-9,600
semantic_domain_ablation,36,c17q0,33,16,-17,1552
semantic_domain_ablation,36,c17q1,96,47,-49,3800
semantic_domain_ablation,36,c17q2,158,97,-61,6392
semantic_domain_ablation,36,c17q3,110,62,-48,4952
semantic_domain_ablation,36,c17q4,40,19,-21,1328
semantic_domain_ablation,36,c18q0,2,5,3,88
semantic_domain_ablation,36,c18q1,12,35,23,704
semantic_domain_ablation,36,c18q2,26,48,22,1224
semantic_domain_ablation,36,c18q3,11,21,10,608
semantic_domain_ablation,36,c18q4,3,7,4,352
semantic_domain_ablation,36,c19q0,0,3,3,0
semantic_domain_ablation,36,c19q1,0,21,21,24
semantic_domain_ablation,36,c19q2,13,30,17,608
semantic_domain_ablation,36,c19q3,13,24,11,448
semantic_domain_ablation,36,c19q4,4,7,3,152
semantic_domain_ablation,36,c20q0,0,0,0,40
semantic_domain_ablation,36,c20q1,32,27,-5,968
semantic_domain_ablation,36,c20q2,58,42,-16,2440
semantic_domain_ablation,36,c20q3,33,34,1,1496
semantic_domain_ablation,36,c20q4,40,17,-23,1848
semantic_domain_ablation,36,c21q0,7,1,-6,208
semantic_domain_ablation,36,c21q1,43,18,-25,1664
semantic_domain_ablation,36,c21q2,102,47,-55,4872
semantic_domain_ablation,36,c21q3,137,44,-93,5728
semantic_domain_ablation,36,c21q4,58,22,-36,2336
semantic_domain_ablation,36,c22q0,0,0,0,0
semantic_domain_ablation,36,c22q1,3,3,0,104
semantic_domain_ablation,36,c22q2,17,11,-6,824
semantic_domain_ablation,36,c22q3,30,19,-11,1456
semantic_domain_ablation,36,c22q4,7,7,0,504
semantic_domain_ablation,36,c23q0,4,5,1,248
semantic_domain_ablation,36,c23q1,41,45,4,1800
semantic_domain_ablation,36,c23q2,91,69,-22,3560
semantic_domain_ablation,36,c23q3,123,73,-50,4472
semantic_domain_ablation,36,c23q4,84,35,-49,3304
semantic_domain_ablation,36,c24q0,11,13,2,640
semantic_domain_ablation,36,c24q1,68,35,-33,2800
semantic_domain_ablation,36,c24q2,120,52,-68,5048
semantic_domain_ablation,36,c24q3,89,46,-43,3488
semantic_domain_ablation,36,c24q4,32,18,-14,1744
semantic_domain_ablation,36,c25q0,47,30,-17,1816
semantic_domain_ablation,36,c25q1,126,90,-36,5208
semantic_domain_ablation,36,c25q2,183,124,-59,7928
semantic_domain_ablation,36,c25q3,137,91,-46,5368
semantic_domain_ablation,36,c25q4,40,21,-19,2200
semantic_domain_ablation,36,c26q0,0,5,5,0
semantic_domain_ablation,36,c26q1,1,40,39,16
semantic_domain_ablation,36,c26q2,14,79,65,552
semantic_domain_ablation,36,c26q3,20,134,114,928
semantic_domain_ablation,36,c26q4,26,161,135,1240
semantic_domain_ablation,36,c27q0,0,0,0,0
semantic_domain_ablation,36,c27q1,0,3,3,56
semantic_domain_ablation,36,c27q2,8,12,4,288
semantic_domain_ablation,36,c27q3,10,11,1,432
semantic_domain_ablation,36,c27q4,2,3,1,168
semantic_domain_ablation,36,c28q0,0,4,4,0
semantic_domain_ablation,36,c28q1,85,196,111,3488
semantic_domain_ablation,36,c28q2,205,205,0,9456
semantic_domain_ablation,36,c28q3,342,297,-45,14944
semantic_domain_ablation,36,c28q4,177,166,-11,7352
semantic_domain_ablation,36,c29q0,18,22,4,840
semantic_domain_ablation,36,c29q1,30,30,0,1224
semantic_domain_ablation,36,c29q2,80,67,-13,3280
semantic_domain_ablation,36,c29q3,84,96,12,4128
semantic_domain_ablation,36,c29q4,83,17,-66,3664
semantic_domain_ablation,36,c30q0,0,3,3,0
semantic_domain_ablation,36,c30q1,10,17,7,896
semantic_domain_ablation,36,c30q2,82,81,-1,3664
semantic_domain_ablation,36,c30q3,300,258,-42,11096
semantic_domain_ablation,36,c30q4,480,420,-60,19664
semantic_domain_ablation,36,c31q0,0,0,0,0
semantic_domain_ablation,36,c31q1,0,7,7,16
semantic_domain_ablation,36,c31q2,3,9,6,64
semantic_domain_ablation,36,c31q3,2,13,11,104
semantic_domain_ablation,36,c31q4,2,7,5,56
semantic_domain_ablation,36,c32q0,7,41,34,280
semantic_domain_ablation,36,c32q1,40,199,159,1768
semantic_domain_ablation,36,c32q2,222,238,16,10272
semantic_domain_ablation,36,c32q3,407,339,-68,17496
semantic_domain_ablation,36,c32q4,158,126,-32,6632
semantic_domain_ablation,36,c33q0,0,0,0,0
semantic_domain_ablation,36,c33q1,0,13,13,104
semantic_domain_ablation,36,c33q2,4,27,23,288
semantic_domain_ablation,36,c33q3,8,39,31,456
semantic_domain_ablation,36,c33q4,24,48,24,792
semantic_domain_ablation,36,c34q0,0,0,0,0
semantic_domain_ablation,36,c34q1,12,4,-8,288
semantic_domain_ablation,36,c34q2,19,17,-2,856
semantic_domain_ablation,36,c34q3,22,10,-12,976
semantic_domain_ablation,36,c34q4,6,6,0,512
semantic_domain_ablation,36,c35q0,0,14,14,64
semantic_domain_ablation,36,c35q1,25,33,8,976
semantic_domain_ablation,36,c35q2,37,60,23,1544
semantic_domain_ablation,36,c35q3,27,38,11,1064
semantic_domain_ablation,36,c35q4,12,6,-6,416
semantic_domain_ablation,36,c36q0,2,0,-2,56
semantic_domain_ablation,36,c36q1,6,0,-6,280
semantic_domain_ablation,36,c36q2,11,0,-11,504
semantic_domain_ablation,36,c36q3,7,0,-7,264
semantic_domain_ablation,36,c36q4,4,0,-4,96
semantic_domain_ablation,36,c37q0,1,3,2,24
semantic_domain_ablation,36,c37q1,11,19,8,256
semantic_domain_ablation,36,c37q2,23,44,21,1008
semantic_domain_ablation,36,c37q3,35,76,41,1616
semantic_domain_ablation,36,c37q4,38,65,27,1360
semantic_domain_ablation,36,c38q0,22,31,9,808
semantic_domain_ablation,36,c38q1,40,68,28,2176
semantic_domain_ablation,36,c38q2,151,124,-27,6968
semantic_domain_ablation,36,c38q3,229,142,-87,8488
semantic_domain_ablation,36,c38q4,214,97,-117,8568
semantic_domain_ablation,36,c39q0,4,4,0,120
semantic_domain_ablation,36,c39q1,38,30,-8,1520
semantic_domain_ablation,36,c39q2,184,187,3,7728
semantic_domain_ablation,36,c39q3,104,77,-27,3800
semantic_domain_ablation,36,c39q4,77,60,-17,3640
semantic_domain_ablation,37,c00q0,0,1,1,0
semantic_domain_ablation,37,c00q1,4,30,26,280
semantic_domain_ablation,37,c00q2,19,100,81,1016
semantic_domain_ablation,37,c00q3,28,92,64,1104
semantic_domain_ablation,37,c00q4,10,54,44,640
semantic_domain_ablation,37,c01q0,26,46,20,896
semantic_domain_ablation,37,c01q1,31,41,10,1440
semantic_domain_ablation,37,c01q2,77,58,-19,3424
semantic_domain_ablation,37,c01q3,131,119,-12,5112
semantic_domain_ablation,37,c01q4,126,104,-22,5640
semantic_domain_ablation,37,c02q0,0,1,1,0
semantic_domain_ablation,37,c02q1,6,7,1,328
semantic_domain_ablation,37,c02q2,28,23,-5,1128
semantic_domain_ablation,37,c02q3,38,26,-12,1608
semantic_domain_ablation,37,c02q4,45,23,-22,1600
semantic_domain_ablation,37,c03q0,16,14,-2,736
semantic_domain_ablation,37,c03q1,93,91,-2,4680
semantic_domain_ablation,37,c03q2,93,71,-22,4744
semantic_domain_ablation,37,c03q3,159,59,-100,7280
semantic_domain_ablation,37,c03q4,101,42,-59,4720
semantic_domain_ablation,37,c04q0,0,0,0,0
semantic_domain_ablation,37,c04q1,1,5,4,16
semantic_domain_ablation,37,c04q2,13,17,4,696
semantic_domain_ablation,37,c04q3,13,3,-10,416
semantic_domain_ablation,37,c04q4,5,4,-1,88
semantic_domain_ablation,37,c05q0,1,1,0,48
semantic_domain_ablation,37,c05q1,7,10,3,224
semantic_domain_ablation,37,c05q2,20,56,36,984
semantic_domain_ablation,37,c05q3,50,109,59,2336
semantic_domain_ablation,37,c05q4,30,82,52,1512
semantic_domain_ablation,37,c06q0,0,0,0,0
semantic_domain_ablation,37,c06q1,2,1,-1,48
semantic_domain_ablation,37,c06q2,5,8,3,232
semantic_domain_ablation,37,c06q3,28,10,-18,1088
semantic_domain_ablation,37,c06q4,18,6,-12,896
semantic_domain_ablation,37,c07q0,1,16,15,56
semantic_domain_ablation,37,c07q1,24,37,13,880
semantic_domain_ablation,37,c07q2,59,38,-21,2160
semantic_domain_ablation,37,c07q3,38,27,-11,1896
semantic_domain_ablation,37,c07q4,14,9,-5,432
semantic_domain_ablation,37,c08q0,0,1,1,0
semantic_domain_ablation,37,c08q1,1,2,1,24
semantic_domain_ablation,37,c08q2,6,20,14,192
semantic_domain_ablation,37,c08q3,5,32,27,288
semantic_domain_ablation,37,c08q4,11,9,-2,416
semantic_domain_ablation,37,c09q0,0,4,4,0
semantic_domain_ablation,37,c09q1,3,11,8,56
semantic_domain_ablation,37,c09q2,2,23,21,144
semantic_domain_ablation,37,c09q3,3,18,15,208
semantic_domain_ablation,37,c09q4,2,5,3,48
semantic_domain_ablation,37,c10q0,0,3,3,16
semantic_domain_ablation,37,c10q1,9,15,6,208
semantic_domain_ablation,37,c10q2,4,18,14,336
semantic_domain_ablation,37,c10q3,6,13,7,272
semantic_domain_ablation,37,c10q4,2,0,-2,104
semantic_domain_ablation,37,c11q0,0,3,3,40
semantic_domain_ablation,37,c11q1,10,12,2,472
semantic_domain_ablation,37,c11q2,30,21,-9,1168
semantic_domain_ablation,37,c11q3,33,23,-10,1000
semantic_domain_ablation,37,c11q4,7,3,-4,296
semantic_domain_ablation,37,c12q0,3,2,-1,88
semantic_domain_ablation,37,c12q1,35,30,-5,1432
semantic_domain_ablation,37,c12q2,83,47,-36,3248
semantic_domain_ablation,37,c12q3,63,48,-15,3368
semantic_domain_ablation,37,c12q4,29,10,-19,920
semantic_domain_ablation,37,c13q0,0,0,0,0
semantic_domain_ablation,37,c13q1,4,25,21,384
semantic_domain_ablation,37,c13q2,15,79,64,1056
semantic_domain_ablation,37,c13q3,63,132,69,2536
semantic_domain_ablation,37,c13q4,22,62,40,1176
semantic_domain_ablation,37,c14q0,4,31,27,328
semantic_domain_ablation,37,c14q1,119,292,173,4400
semantic_domain_ablation,37,c14q2,256,274,18,12048
semantic_domain_ablation,37,c14q3,271,236,-35,11680
semantic_domain_ablation,37,c14q4,60,40,-20,2400
semantic_domain_ablation,37,c15q0,0,2,2,0
semantic_domain_ablation,37,c15q1,0,3,3,24
semantic_domain_ablation,37,c15q2,1,17,16,64
semantic_domain_ablation,37,c15q3,1,9,8,64
semantic_domain_ablation,37,c15q4,3,6,3,192
semantic_domain_ablation,37,c16q0,4,5,1,136
semantic_domain_ablation,37,c16q1,21,19,-2,568
semantic_domain_ablation,37,c16q2,34,40,6,1304
semantic_domain_ablation,37,c16q3,35,37,2,1504
semantic_domain_ablation,37,c16q4,17,5,-12,600
semantic_domain_ablation,37,c17q0,33,22,-11,1552
semantic_domain_ablation,37,c17q1,96,63,-33,3800
semantic_domain_ablation,37,c17q2,158,87,-71,6392
semantic_domain_ablation,37,c17q3,110,71,-39,4952
semantic_domain_ablation,37,c17q4,40,15,-25,1328
semantic_domain_ablation,37,c18q0,2,4,2,88
semantic_domain_ablation,37,c18q1,12,31,19,704
semantic_domain_ablation,37,c18q2,26,48,22,1224
semantic_domain_ablation,37,c18q3,11,28,17,608
semantic_domain_ablation,37,c18q4,3,7,4,352
semantic_domain_ablation,37,c19q0,0,2,2,0
semantic_domain_ablation,37,c19q1,0,23,23,24
semantic_domain_ablation,37,c19q2,13,27,14,608
semantic_domain_ablation,37,c19q3,13,17,4,448
semantic_domain_ablation,37,c19q4,4,10,6,152
semantic_domain_ablation,37,c20q0,0,2,2,40
semantic_domain_ablation,37,c20q1,32,35,3,968
semantic_domain_ablation,37,c20q2,58,48,-10,2440
semantic_domain_ablation,37,c20q3,33,23,-10,1496
semantic_domain_ablation,37,c20q4,40,16,-24,1848
semantic_domain_ablation,37,c21q0,7,4,-3,208
semantic_domain_ablation,37,c21q1,43,10,-33,1664
semantic_domain_ablation,37,c21q2,102,47,-55,4872
semantic_domain_ablation,37,c21q3,137,55,-82,5728
semantic_domain_ablation,37,c21q4,58,29,-29,2336
semantic_domain_ablation,37,c22q0,0,0,0,0
semantic_domain_ablation,37,c22q1,3,6,3,104
semantic_domain_ablation,37,c22q2,17,13,-4,824
semantic_domain_ablation,37,c22q3,30,20,-10,1456
semantic_domain_ablation,37,c22q4,7,6,-1,504
semantic_domain_ablation,37,c23q0,4,15,11,248
semantic_domain_ablation,37,c23q1,41,34,-7,1800
semantic_domain_ablation,37,c23q2,91,62,-29,3560
semantic_domain_ablation,37,c23q3,123,85,-38,4472
semantic_domain_ablation,37,c23q4,84,31,-53,3304
semantic_domain_ablation,37,c24q0,11,6,-5,640
semantic_domain_ablation,37,c24q1,68,40,-28,2800
semantic_domain_ablation,37,c24q2,120,57,-63,5048
semantic_domain_ablation,37,c24q3,89,29,-60,3488
semantic_domain_ablation,37,c24q4,32,25,-7,1744
semantic_domain_ablation,37,c25q0,47,34,-13,1816
semantic_domain_ablation,37,c25q1,126,83,-43,5208
semantic_domain_ablation,37,c25q2,183,138,-45,7928
semantic_domain_ablation,37,c25q3,137,94,-43,5368
semantic_domain_ablation,37,c25q4,40,17,-23,2200
semantic_domain_ablation,37,c26q0,0,6,6,0
semantic_domain_ablation,37,c26q1,1,32,31,16
semantic_domain_ablation,37,c26q2,14,88,74,552
semantic_domain_ablation,37,c26q3,20,131,111,928
semantic_domain_ablation,37,c26q4,26,165,139,1240
semantic_domain_ablation,37,c27q0,0,0,0,0
semantic_domain_ablation,37,c27q1,0,7,7,56
semantic_domain_ablation,37,c27q2,8,15,7,288
semantic_domain_ablation,37,c27q3,10,5,-5,432
semantic_domain_ablation,37,c27q4,2,2,0,168
semantic_domain_ablation,37,c28q0,0,2,2,0
semantic_domain_ablation,37,c28q1,85,191,106,3488
semantic_domain_ablation,37,c28q2,205,222,17,9456
semantic_domain_ablation,37,c28q3,342,314,-28,14944
semantic_domain_ablation,37,c28q4,177,159,-18,7352
semantic_domain_ablation,37,c29q0,18,15,-3,840
semantic_domain_ablation,37,c29q1,30,21,-9,1224
semantic_domain_ablation,37,c29q2,80,80,0,3280
semantic_domain_ablation,37,c29q3,84,78,-6,4128
semantic_domain_ablation,37,c29q4,83,40,-43,3664
semantic_domain_ablation,37,c30q0,0,4,4,0
semantic_domain_ablation,37,c30q1,10,22,12,896
semantic_domain_ablation,37,c30q2,82,84,2,3664
semantic_domain_ablation,37,c30q3,300,267,-33,11096
semantic_domain_ablation,37,c30q4,480,420,-60,19664
semantic_domain_ablation,37,c31q0,0,0,0,0
semantic_domain_ablation,37,c31q1,0,5,5,16
semantic_domain_ablation,37,c31q2,3,13,10,64
semantic_domain_ablation,37,c31q3,2,13,11,104
semantic_domain_ablation,37,c31q4,2,6,4,56
semantic_domain_ablation,37,c32q0,7,33,26,280
semantic_domain_ablation,37,c32q1,40,195,155,1768
semantic_domain_ablation,37,c32q2,222,253,31,10272
semantic_domain_ablation,37,c32q3,407,340,-67,17496
semantic_domain_ablation,37,c32q4,158,126,-32,6632
semantic_domain_ablation,37,c33q0,0,0,0,0
semantic_domain_ablation,37,c33q1,0,20,20,104
semantic_domain_ablation,37,c33q2,4,38,34,288
semantic_domain_ablation,37,c33q3,8,41,33,456
semantic_domain_ablation,37,c33q4,24,48,24,792
semantic_domain_ablation,37,c34q0,0,0,0,0
semantic_domain_ablation,37,c34q1,12,4,-8,288
semantic_domain_ablation,37,c34q2,19,13,-6,856
semantic_domain_ablation,37,c34q3,22,16,-6,976
semantic_domain_ablation,37,c34q4,6,6,0,512
semantic_domain_ablation,37,c35q0,0,3,3,64
semantic_domain_ablation,37,c35q1,25,29,4,976
semantic_domain_ablation,37,c35q2,37,46,9,1544
semantic_domain_ablation,37,c35q3,27,35,8,1064
semantic_domain_ablation,37,c35q4,12,11,-1,416
semantic_domain_ablation,37,c36q0,2,2,0,56
semantic_domain_ablation,37,c36q1,6,19,13,280
semantic_domain_ablation,37,c36q2,11,31,20,504
semantic_domain_ablation,37,c36q3,7,14,7,264
semantic_domain_ablation,37,c36q4,4,7,3,96
semantic_domain_ablation,37,c37q0,1,0,-1,24
semantic_domain_ablation,37,c37q1,11,0,-11,256
semantic_domain_ablation,37,c37q2,23,0,-23,1008
semantic_domain_ablation,37,c37q3,35,0,-35,1616
semantic_domain_ablation,37,c37q4,38,0,-38,1360
semantic_domain_ablation,37,c38q0,22,30,8,808
semantic_domain_ablation,37,c38q1,40,66,26,2176
semantic_domain_ablation,37,c38q2,151,127,-24,6968
semantic_domain_ablation,37,c38q3,229,147,-82,8488
semantic_domain_ablation,37,c38q4,214,101,-113,8568
semantic_domain_ablation,37,c39q0,4,1,-3,120
semantic_domain_ablation,37,c39q1,38,32,-6,1520
semantic_domain_ablation,37,c39q2,184,184,0,7728
semantic_domain_ablation,37,c39q3,104,83,-21,3800
semantic_domain_ablation,37,c39q4,77,61,-16,3640
semantic_domain_ablation,38,c00q0,0,1,1,0
semantic_domain_ablation,38,c00q1,4,32,28,280
semantic_domain_ablation,38,c00q2,19,102,83,1016
semantic_domain_ablation,38,c00q3,28,93,65,1104
semantic_domain_ablation,38,c00q4,10,56,46,640
semantic_domain_ablation,38,c01q0,26,45,19,896
semantic_domain_ablation,38,c01q1,31,40,9,1440
semantic_domain_ablation,38,c01q2,77,67,-10,3424
semantic_domain_ablation,38,c01q3,131,120,-11,5112
semantic_domain_ablation,38,c01q4,126,106,-20,5640
semantic_domain_ablation,38,c02q0,0,0,0,0
semantic_domain_ablation,38,c02q1,6,6,0,328
semantic_domain_ablation,38,c02q2,28,17,-11,1128
semantic_domain_ablation,38,c02q3,38,28,-10,1608
semantic_domain_ablation,38,c02q4,45,28,-17,1600
semantic_domain_ablation,38,c03q0,16,12,-4,736
semantic_domain_ablation,38,c03q1,93,95,2,4680
semantic_domain_ablation,38,c03q2,93,73,-20,4744
semantic_domain_ablation,38,c03q3,159,56,-103,7280
semantic_domain_ablation,38,c03q4,101,54,-47,4720
semantic_domain_ablation,38,c04q0,0,1,1,0
semantic_domain_ablation,38,c04q1,1,3,2,16
semantic_domain_ablation,38,c04q2,13,7,-6,696
semantic_domain_ablation,38,c04q3,13,10,-3,416
semantic_domain_ablation,38,c04q4,5,1,-4,88
semantic_domain_ablation,38,c05q0,1,4,3,48
semantic_domain_ablation,38,c05q1,7,18,11,224
semantic_domain_ablation,38,c05q2,20,46,26,984
semantic_domain_ablation,38,c05q3,50,114,64,2336
semantic_domain_ablation,38,c05q4,30,84,54,1512
semantic_domain_ablation,38,c06q0,0,0,0,0
semantic_domain_ablation,38,c06q1,2,1,-1,48
semantic_domain_ablation,38,c06q2,5,6,1,232
semantic_domain_ablation,38,c06q3,28,7,-21,1088
semantic_domain_ablation,38,c06q4,18,7,-11,896
semantic_domain_ablation,38,c07q0,1,20,19,56
semantic_domain_ablation,38,c07q1,24,36,12,880
semantic_domain_ablation,38,c07q2,59,37,-22,2160
semantic_domain_ablation,38,c07q3,38,42,4,1896
semantic_domain_ablation,38,c07q4,14,10,-4,432
semantic_domain_ablation,38,c08q0,0,1,1,0
semantic_domain_ablation,38,c08q1,1,1,0,24
semantic_domain_ablation,38,c08q2,6,15,9,192
semantic_domain_ablation,38,c08q3,5,30,25,288
semantic_domain_ablation,38,c08q4,11,11,0,416
semantic_domain_ablation,38,c09q0,0,4,4,0
semantic_domain_ablation,38,c09q1,3,11,8,56
semantic_domain_ablation,38,c09q2,2,26,24,144
semantic_domain_ablation,38,c09q3,3,15,12,208
semantic_domain_ablation,38,c09q4,2,1,-1,48
semantic_domain_ablation,38,c10q0,0,4,4,16
semantic_domain_ablation,38,c10q1,9,16,7,208
semantic_domain_ablation,38,c10q2,4,13,9,336
semantic_domain_ablation,38,c10q3,6,9,3,272
semantic_domain_ablation,38,c10q4,2,4,2,104
semantic_domain_ablation,38,c11q0,0,0,0,40
semantic_domain_ablation,38,c11q1,10,13,3,472
semantic_domain_ablation,38,c11q2,30,30,0,1168
semantic_domain_ablation,38,c11q3,33,22,-11,1000
semantic_domain_ablation,38,c11q4,7,1,-6,296
semantic_domain_ablation,38,c12q0,3,4,1,88
semantic_domain_ablation,38,c12q1,35,22,-13,1432
semantic_domain_ablation,38,c12q2,83,60,-23,3248
semantic_domain_ablation,38,c12q3,63,40,-23,3368
semantic_domain_ablation,38,c12q4,29,15,-14,920
semantic_domain_ablation,38,c13q0,0,0,0,0
semantic_domain_ablation,38,c13q1,4,41,37,384
semantic_domain_ablation,38,c13q2,15,72,57,1056
semantic_domain_ablation,38,c13q3,63,130,67,2536
semantic_domain_ablation,38,c13q4,22,63,41,1176
semantic_domain_ablation,38,c14q0,4,27,23,328
semantic_domain_ablation,38,c14q1,119,298,179,4400
semantic_domain_ablation,38,c14q2,256,291,35,12048
semantic_domain_ablation,38,c14q3,271,240,-31,11680
semantic_domain_ablation,38,c14q4,60,52,-8,2400
semantic_domain_ablation,38,c15q0,0,0,0,0
semantic_domain_ablation,38,c15q1,0,4,4,24
semantic_domain_ablation,38,c15q2,1,11,10,64
semantic_domain_ablation,38,c15q3,1,7,6,64
semantic_domain_ablation,38,c15q4,3,5,2,192
semantic_domain_ablation,38,c16q0,4,5,1,136
semantic_domain_ablation,38,c16q1,21,14,-7,568
semantic_domain_ablation,38,c16q2,34,28,-6,1304
semantic_domain_ablation,38,c16q3,35,54,19,1504
semantic_domain_ablation,38,c16q4,17,14,-3,600
semantic_domain_ablation,38,c17q0,33,21,-12,1552
semantic_domain_ablation,38,c17q1,96,54,-42,3800
semantic_domain_ablation,38,c17q2,158,94,-64,6392
semantic_domain_ablation,38,c17q3,110,59,-51,4952
semantic_domain_ablation,38,c17q4,40,19,-21,1328
semantic_domain_ablation,38,c18q0,2,5,3,88
semantic_domain_ablation,38,c18q1,12,33,21,704
semantic_domain_ablation,38,c18q2,26,55,29,1224
semantic_domain_ablation,38,c18q3,11,22,11,608
semantic_domain_ablation,38,c18q4,3,12,9,352
semantic_domain_ablation,38,c19q0,0,3,3,0
semantic_domain_ablation,38,c19q1,0,18,18,24
semantic_domain_ablation,38,c19q2,13,41,28,608
semantic_domain_ablation,38,c19q3,13,19,6,448
semantic_domain_ablation,38,c19q4,4,5,1,152
semantic_domain_ablation,38,c20q0,0,3,3,40
semantic_domain_ablation,38,c20q1,32,26,-6,968
semantic_domain_ablation,38,c20q2,58,38,-20,2440
semantic_domain_ablation,38,c20q3,33,27,-6,1496
semantic_domain_ablation,38,c20q4,40,16,-24,1848
semantic_domain_ablation,38,c21q0,7,4,-3,208
semantic_domain_ablation,38,c21q1,43,17,-26,1664
semantic_domain_ablation,38,c21q2,102,60,-42,4872
semantic_domain_ablation,38,c21q3,137,71,-66,5728
semantic_domain_ablation,38,c21q4,58,25,-33,2336
semantic_domain_ablation,38,c22q0,0,0,0,0
semantic_domain_ablation,38,c22q1,3,3,0,104
semantic_domain_ablation,38,c22q2,17,10,-7,824
semantic_domain_ablation,38,c22q3,30,23,-7,1456
semantic_domain_ablation,38,c22q4,7,3,-4,504
semantic_domain_ablation,38,c23q0,4,9,5,248
semantic_domain_ablation,38,c23q1,41,40,-1,1800
semantic_domain_ablation,38,c23q2,91,70,-21,3560
semantic_domain_ablation,38,c23q3,123,73,-50,4472
semantic_domain_ablation,38,c23q4,84,37,-47,3304
semantic_domain_ablation,38,c24q0,11,9,-2,640
semantic_domain_ablation,38,c24q1,68,20,-48,2800
semantic_domain_ablation,38,c24q2,120,65,-55,5048
semantic_domain_ablation,38,c24q3,89,42,-47,3488
semantic_domain_ablation,38,c24q4,32,17,-15,1744
semantic_domain_ablation,38,c25q0,47,29,-18,1816
semantic_domain_ablation,38,c25q1,126,98,-28,5208
semantic_domain_ablation,38,c25q2,183,141,-42,7928
semantic_domain_ablation,38,c25q3,137,75,-62,5368
semantic_domain_ablation,38,c25q4,40,27,-13,2200
semantic_domain_ablation,38,c26q0,0,7,7,0
semantic_domain_ablation,38,c26q1,1,37,36,16
semantic_domain_ablation,38,c26q2,14,97,83,552
semantic_domain_ablation,38,c26q3,20,125,105,928
semantic_domain_ablation,38,c26q4,26,177,151,1240
semantic_domain_ablation,38,c27q0,0,0,0,0
semantic_domain_ablation,38,c27q1,0,3,3,56
semantic_domain_ablation,38,c27q2,8,10,2,288
semantic_domain_ablation,38,c27q3,10,6,-4,432
semantic_domain_ablation,38,c27q4,2,1,-1,168
semantic_domain_ablation,38,c28q0,0,2,2,0
semantic_domain_ablation,38,c28q1,85,195,110,3488
semantic_domain_ablation,38,c28q2,205,227,22,9456
semantic_domain_ablation,38,c28q3,342,324,-18,14944
semantic_domain_ablation,38,c28q4,177,145,-32,7352
semantic_domain_ablation,38,c29q0,18,10,-8,840
semantic_domain_ablation,38,c29q1,30,28,-2,1224
semantic_domain_ablation,38,c29q2,80,83,3,3280
semantic_domain_ablation,38,c29q3,84,113,29,4128
semantic_domain_ablation,38,c29q4,83,35,-48,3664
semantic_domain_ablation,38,c30q0,0,5,5,0
semantic_domain_ablation,38,c30q1,10,29,19,896
semantic_domain_ablation,38,c30q2,82,92,10,3664
semantic_domain_ablation,38,c30q3,300,241,-59,11096
semantic_domain_ablation,38,c30q4,480,430,-50,19664
semantic_domain_ablation,38,c31q0,0,1,1,0
semantic_domain_ablation,38,c31q1,0,5,5,16
semantic_domain_ablation,38,c31q2,3,11,8,64
semantic_domain_ablation,38,c31q3,2,11,9,104
semantic_domain_ablation,38,c31q4,2,2,0,56
semantic_domain_ablation,38,c32q0,7,32,25,280
semantic_domain_ablation,38,c32q1,40,211,171,1768
semantic_domain_ablation,38,c32q2,222,253,31,10272
semantic_domain_ablation,38,c32q3,407,362,-45,17496
semantic_domain_ablation,38,c32q4,158,135,-23,6632
semantic_domain_ablation,38,c33q0,0,0,0,0
semantic_domain_ablation,38,c33q1,0,12,12,104
semantic_domain_ablation,38,c33q2,4,24,20,288
semantic_domain_ablation,38,c33q3,8,43,35,456
semantic_domain_ablation,38,c33q4,24,41,17,792
semantic_domain_ablation,38,c34q0,0,0,0,0
semantic_domain_ablation,38,c34q1,12,3,-9,288
semantic_domain_ablation,38,c34q2,19,13,-6,856
semantic_domain_ablation,38,c34q3,22,11,-11,976
semantic_domain_ablation,38,c34q4,6,7,1,512
semantic_domain_ablation,38,c35q0,0,13,13,64
semantic_domain_ablation,38,c35q1,25,37,12,976
semantic_domain_ablation,38,c35q2,37,67,30,1544
semantic_domain_ablation,38,c35q3,27,48,21,1064
semantic_domain_ablation,38,c35q4,12,10,-2,416
semantic_domain_ablation,38,c36q0,2,5,3,56
semantic_domain_ablation,38,c36q1,6,20,14,280
semantic_domain_ablation,38,c36q2,11,29,18,504
semantic_domain_ablation,38,c36q3,7,19,12,264
semantic_domain_ablation,38,c36q4,4,7,3,96
semantic_domain_ablation,38,c37q0,1,4,3,24
semantic_domain_ablation,38,c37q1,11,26,15,256
semantic_domain_ablation,38,c37q2,23,75,52,1008
semantic_domain_ablation,38,c37q3,35,70,35,1616
semantic_domain_ablation,38,c37q4,38,73,35,1360
semantic_domain_ablation,38,c38q0,22,0,-22,808
semantic_domain_ablation,38,c38q1,40,0,-40,2176
semantic_domain_ablation,38,c38q2,151,0,-151,6968
semantic_domain_ablation,38,c38q3,229,0,-229,8488
semantic_domain_ablation,38,c38q4,214,0,-214,8568
semantic_domain_ablation,38,c39q0,4,4,0,120
semantic_domain_ablation,38,c39q1,38,25,-13,1520
semantic_domain_ablation,38,c39q2,184,187,3,7728
semantic_domain_ablation,38,c39q3,104,87,-17,3800
semantic_domain_ablation,38,c39q4,77,64,-13,3640
semantic_domain_ablation,39,c00q0,0,1,1,0
semantic_domain_ablation,39,c00q1,4,31,27,280
semantic_domain_ablation,39,c00q2,19,101,82,1016
semantic_domain_ablation,39,c00q3,28,93,65,1104
semantic_domain_ablation,39,c00q4,10,53,43,640
semantic_domain_ablation,39,c01q0,26,47,21,896
semantic_domain_ablation,39,c01q1,31,41,10,1440
semantic_domain_ablation,39,c01q2,77,64,-13,3424
semantic_domain_ablation,39,c01q3,131,119,-12,5112
semantic_domain_ablation,39,c01q4,126,103,-23,5640
semantic_domain_ablation,39,c02q0,0,0,0,0
semantic_domain_ablation,39,c02q1,6,9,3,328
semantic_domain_ablation,39,c02q2,28,16,-12,1128
semantic_domain_ablation,39,c02q3,38,29,-9,1608
semantic_domain_ablation,39,c02q4,45,28,-17,1600
semantic_domain_ablation,39,c03q0,16,11,-5,736
semantic_domain_ablation,39,c03q1,93,95,2,4680
semantic_domain_ablation,39,c03q2,93,73,-20,4744
semantic_domain_ablation,39,c03q3,159,55,-104,7280
semantic_domain_ablation,39,c03q4,101,55,-46,4720
semantic_domain_ablation,39,c04q0,0,0,0,0
semantic_domain_ablation,39,c04q1,1,2,1,16
semantic_domain_ablation,39,c04q2,13,9,-4,696
semantic_domain_ablation,39,c04q3,13,6,-7,416
semantic_domain_ablation,39,c04q4,5,0,-5,88
semantic_domain_ablation,39,c05q0,1,2,1,48
semantic_domain_ablation,39,c05q1,7,19,12,224
semantic_domain_ablation,39,c05q2,20,47,27,984
semantic_domain_ablation,39,c05q3,50,112,62,2336
semantic_domain_ablation,39,c05q4,30,85,55,1512
semantic_domain_ablation,39,c06q0,0,0,0,0
semantic_domain_ablation,39,c06q1,2,3,1,48
semantic_domain_ablation,39,c06q2,5,8,3,232
semantic_domain_ablation,39,c06q3,28,7,-21,1088
semantic_domain_ablation,39,c06q4,18,6,-12,896
semantic_domain_ablation,39,c07q0,1,13,12,56
semantic_domain_ablation,39,c07q1,24,40,16,880
semantic_domain_ablation,39,c07q2,59,39,-20,2160
semantic_domain_ablation,39,c07q3,38,32,-6,1896
semantic_domain_ablation,39,c07q4,14,9,-5,432
semantic_domain_ablation,39,c08q0,0,1,1,0
semantic_domain_ablation,39,c08q1,1,4,3,24
semantic_domain_ablation,39,c08q2,6,25,19,192
semantic_domain_ablation,39,c08q3,5,24,19,288
semantic_domain_ablation,39,c08q4,11,13,2,416
semantic_domain_ablation,39,c09q0,0,2,2,0
semantic_domain_ablation,39,c09q1,3,8,5,56
semantic_domain_ablation,39,c09q2,2,30,28,144
semantic_domain_ablation,39,c09q3,3,14,11,208
semantic_domain_ablation,39,c09q4,2,2,0,48
semantic_domain_ablation,39,c10q0,0,3,3,16
semantic_domain_ablation,39,c10q1,9,15,6,208
semantic_domain_ablation,39,c10q2,4,21,17,336
semantic_domain_ablation,39,c10q3,6,6,0,272
semantic_domain_ablation,39,c10q4,2,1,-1,104
semantic_domain_ablation,39,c11q0,0,1,1,40
semantic_domain_ablation,39,c11q1,10,13,3,472
semantic_domain_ablation,39,c11q2,30,26,-4,1168
semantic_domain_ablation,39,c11q3,33,27,-6,1000
semantic_domain_ablation,39,c11q4,7,7,0,296
semantic_domain_ablation,39,c12q0,3,2,-1,88
semantic_domain_ablation,39,c12q1,35,13,-22,1432
semantic_domain_ablation,39,c12q2,83,59,-24,3248
semantic_domain_ablation,39,c12q3,63,38,-25,3368
semantic_domain_ablation,39,c12q4,29,18,-11,920
semantic_domain_ablation,39,c13q0,0,0,0,0
semantic_domain_ablation,39,c13q1,4,31,27,384
semantic_domain_ablation,39,c13q2,15,80,65,1056
semantic_domain_ablation,39,c13q3,63,125,62,2536
semantic_domain_ablation,39,c13q4,22,71,49,1176
semantic_domain_ablation,39,c14q0,4,18,14,328
semantic_domain_ablation,39,c14q1,119,300,181,4400
semantic_domain_ablation,39,c14q2,256,285,29,12048
semantic_domain_ablation,39,c14q3,271,235,-36,11680
semantic_domain_ablation,39,c14q4,60,49,-11,2400
semantic_domain_ablation,39,c15q0,0,0,0,0
semantic_domain_ablation,39,c15q1,0,4,4,24
semantic_domain_ablation,39,c15q2,1,21,20,64
semantic_domain_ablation,39,c15q3,1,12,11,64
semantic_domain_ablation,39,c15q4,3,3,0,192
semantic_domain_ablation,39,c16q0,4,4,0,136
semantic_domain_ablation,39,c16q1,21,13,-8,568
semantic_domain_ablation,39,c16q2,34,34,0,1304
semantic_domain_ablation,39,c16q3,35,36,1,1504
semantic_domain_ablation,39,c16q4,17,19,2,600
semantic_domain_ablation,39,c17q0,33,26,-7,1552
semantic_domain_ablation,39,c17q1,96,52,-44,3800
semantic_domain_ablation,39,c17q2,158,89,-69,6392
semantic_domain_ablation,39,c17q3,110,63,-47,4952
semantic_domain_ablation,39,c17q4,40,21,-19,1328
semantic_domain_ablation,39,c18q0,2,5,3,88
semantic_domain_ablation,39,c18q1,12,29,17,704
semantic_domain_ablation,39,c18q2,26,59,33,1224
semantic_domain_ablation,39,c18q3,11,24,13,608
semantic_domain_ablation,39,c18q4,3,7,4,352
semantic_domain_ablation,39,c19q0,0,2,2,0
semantic_domain_ablation,39,c19q1,0,13,13,24
semantic_domain_ablation,39,c19q2,13,37,24,608
semantic_domain_ablation,39,c19q3,13,27,14,448
semantic_domain_ablation,39,c19q4,4,4,0,152
semantic_domain_ablation,39,c20q0,0,6,6,40
semantic_domain_ablation,39,c20q1,32,32,0,968
semantic_domain_ablation,39,c20q2,58,43,-15,2440
semantic_domain_ablation,39,c20q3,33,17,-16,1496
semantic_domain_ablation,39,c20q4,40,11,-29,1848
semantic_domain_ablation,39,c21q0,7,5,-2,208
semantic_domain_ablation,39,c21q1,43,20,-23,1664
semantic_domain_ablation,39,c21q2,102,51,-51,4872
semantic_domain_ablation,39,c21q3,137,68,-69,5728
semantic_domain_ablation,39,c21q4,58,30,-28,2336
semantic_domain_ablation,39,c22q0,0,0,0,0
semantic_domain_ablation,39,c22q1,3,5,2,104
semantic_domain_ablation,39,c22q2,17,13,-4,824
semantic_domain_ablation,39,c22q3,30,16,-14,1456
semantic_domain_ablation,39,c22q4,7,6,-1,504
semantic_domain_ablation,39,c23q0,4,12,8,248
semantic_domain_ablation,39,c23q1,41,32,-9,1800
semantic_domain_ablation,39,c23q2,91,70,-21,3560
semantic_domain_ablation,39,c23q3,123,75,-48,4472
semantic_domain_ablation,39,c23q4,84,36,-48,3304
semantic_domain_ablation,39,c24q0,11,12,1,640
semantic_domain_ablation,39,c24q1,68,33,-35,2800
semantic_domain_ablation,39,c24q2,120,50,-70,5048
semantic_domain_ablation,39,c24q3,89,41,-48,3488
semantic_domain_ablation,39,c24q4,32,28,-4,1744
semantic_domain_ablation,39,c25q0,47,23,-24,1816
semantic_domain_ablation,39,c25q1,126,91,-35,5208
semantic_domain_ablation,39,c25q2,183,133,-50,7928
semantic_domain_ablation,39,c25q3,137,88,-49,5368
semantic_domain_ablation,39,c25q4,40,18,-22,2200
semantic_domain_ablation,39,c26q0,0,11,11,0
semantic_domain_ablation,39,c26q1,1,38,37,16
semantic_domain_ablation,39,c26q2,14,99,85,552
semantic_domain_ablation,39,c26q3,20,118,98,928
semantic_domain_ablation,39,c26q4,26,172,146,1240
semantic_domain_ablation,39,c27q0,0,1,1,0
semantic_domain_ablation,39,c27q1,0,2,2,56
semantic_domain_ablation,39,c27q2,8,10,2,288
semantic_domain_ablation,39,c27q3,10,9,-1,432
semantic_domain_ablation,39,c27q4,2,3,1,168
semantic_domain_ablation,39,c28q0,0,4,4,0
semantic_domain_ablation,39,c28q1,85,201,116,3488
semantic_domain_ablation,39,c28q2,205,215,10,9456
semantic_domain_ablation,39,c28q3,342,331,-11,14944
semantic_domain_ablation,39,c28q4,177,139,-38,7352
semantic_domain_ablation,39,c29q0,18,23,5,840
semantic_domain_ablation,39,c29q1,30,27,-3,1224
semantic_domain_ablation,39,c29q2,80,58,-22,3280
semantic_domain_ablation,39,c29q3,84,116,32,4128
semantic_domain_ablation,39,c29q4,83,34,-49,3664
semantic_domain_ablation,39,c30q0,0,3,3,0
semantic_domain_ablation,39,c30q1,10,23,13,896
semantic_domain_ablation,39,c30q2,82,99,17,3664
semantic_domain_ablation,39,c30q3,300,241,-59,11096
semantic_domain_ablation,39,c30q4,480,432,-48,19664
semantic_domain_ablation,39,c31q0,0,0,0,0
semantic_domain_ablation,39,c31q1,0,8,8,16
semantic_domain_ablation,39,c31q2,3,9,6,64
semantic_domain_ablation,39,c31q3,2,8,6,104
semantic_domain_ablation,39,c31q4,2,5,3,56
semantic_domain_ablation,39,c32q0,7,41,34,280
semantic_domain_ablation,39,c32q1,40,209,169,1768
semantic_domain_ablation,39,c32q2,222,241,19,10272
semantic_domain_ablation,39,c32q3,407,345,-62,17496
semantic_domain_ablation,39,c32q4,158,141,-17,6632
semantic_domain_ablation,39,c33q0,0,0,0,0
semantic_domain_ablation,39,c33q1,0,21,21,104
semantic_domain_ablation,39,c33q2,4,38,34,288
semantic_domain_ablation,39,c33q3,8,34,26,456
semantic_domain_ablation,39,c33q4,24,29,5,792
semantic_domain_ablation,39,c34q0,0,1,1,0
semantic_domain_ablation,39,c34q1,12,4,-8,288
semantic_domain_ablation,39,c34q2,19,14,-5,856
semantic_domain_ablation,39,c34q3,22,15,-7,976
semantic_domain_ablation,39,c34q4,6,3,-3,512
semantic_domain_ablation,39,c35q0,0,8,8,64
semantic_domain_ablation,39,c35q1,25,38,13,976
semantic_domain_ablation,39,c35q2,37,52,15,1544
semantic_domain_ablation,39,c35q3,27,45,18,1064
semantic_domain_ablation,39,c35q4,12,10,-2,416
semantic_domain_ablation,39,c36q0,2,4,2,56
semantic_domain_ablation,39,c36q1,6,27,21,280
semantic_domain_ablation,39,c36q2,11,32,21,504
semantic_domain_ablation,39,c36q3,7,24,17,264
semantic_domain_ablation,39,c36q4,4,5,1,96
semantic_domain_ablation,39,c37q0,1,7,6,24
semantic_domain_ablation,39,c37q1,11,23,12,256
semantic_domain_ablation,39,c37q2,23,56,33,1008
semantic_domain_ablation,39,c37q3,35,104,69,1616
semantic_domain_ablation,39,c37q4,38,54,16,1360
semantic_domain_ablation,39,c38q0,22,25,3,808
semantic_domain_ablation,39,c38q1,40,66,26,2176
semantic_domain_ablation,39,c38q2,151,117,-34,6968
semantic_domain_ablation,39,c38q3,229,155,-74,8488
semantic_domain_ablation,39,c38q4,214,90,-124,8568
semantic_domain_ablation,39,c39q0,4,0,-4,120
semantic_domain_ablation,39,c39q1,38,0,-38,1520
semantic_domain_ablation,39,c39q2,184,0,-184,7728
semantic_domain_ablation,39,c39q3,104,0,-104,3800
semantic_domain_ablation,39,c39q4,77,0,-77,3640
