run_name,group,metric,bpb
h100-d512-mix-baseline-seed0-from10pct-20260826-rno2a,core_design,arc_challenge_0shot,1.4677555674585179
h100-d512-mix-baseline-seed0-from10pct-20260826-rno2a,core_design,belebele_arabic,2.1349604162247684
h100-d512-mix-baseline-seed0-from10pct-20260826-rno2a,core_design,belebele_bengali,2.173408497921277
h100-d512-mix-baseline-seed0-from10pct-20260826-rno2a,core_design,belebele_chinese_simplified,2.1192714778573083
h100-d512-mix-baseline-seed0-from10pct-20260826-rno2a,core_design,belebele_french,2.081172120891294
h100-d512-mix-baseline-seed0-from10pct-20260826-rno2a,core_design,belebele_german,2.1586412985646564
h100-d512-mix-baseline-seed0-from10pct-20260826-rno2a,core_design,belebele_hebrew,2.1246214810059167
h100-d512-mix-baseline-seed0-from10pct-20260826-rno2a,core_design,belebele_hindi,2.1183521466991326
h100-d512-mix-baseline-seed0-from10pct-20260826-rno2a,core_design,belebele_indonesian,2.123340693241603
h100-d512-mix-baseline-seed0-from10pct-20260826-rno2a,core_design,belebele_japanese,2.1833327331894776
h100-d512-mix-baseline-seed0-from10pct-20260826-rno2a,core_design,belebele_korean,2.078834752360831
h100-d512-mix-baseline-seed0-from10pct-20260826-rno2a,core_design,belebele_mean,2.21067201819556
h100-d512-mix-baseline-seed0-from10pct-20260826-rno2a,core_design,belebele_portuguese,2.1340565962774165
h100-d512-mix-baseline-seed0-from10pct-20260826-rno2a,core_design,belebele_russian,2.0955155735321016
h100-d512-mix-baseline-seed0-from10pct-20260826-rno2a,core_design,belebele_spanish,2.097702698783136
h100-d512-mix-baseline-seed0-from10pct-20260826-rno2a,core_design,belebele_swahili,2.8830501299725015
h100-d512-mix-baseline-seed0-from10pct-20260826-rno2a,core_design,belebele_thai,2.082080885244309
h100-d512-mix-baseline-seed0-from10pct-20260826-rno2a,core_design,belebele_turkish,2.468482411429115
h100-d512-mix-baseline-seed0-from10pct-20260826-rno2a,core_design,belebele_vietnamese,2.1737434908881075
h100-d512-mix-baseline-seed0-from10pct-20260826-rno2a,core_design,belebele_yoruba,2.561528923437127
h100-d512-mix-baseline-seed0-from10pct-20260826-rno2a,core_design,boolq_0shot,2.350912450453752
h100-d512-mix-baseline-seed0-from10pct-20260826-rno2a,core_design,copa_0shot,1.7877270196073853
h100-d512-mix-baseline-seed0-from10pct-20260826-rno2a,core_design,csqa_0shot,3.7902249187751345
h100-d512-mix-baseline-seed0-from10pct-20260826-rno2a,core_design,gpqa_0shot,2.732037202733635
h100-d512-mix-baseline-seed0-from10pct-20260826-rno2a,core_design,hellaswag_0shot,0.960867535064951
h100-d512-mix-baseline-seed0-from10pct-20260826-rno2a,core_design,include_arabic,2.0712629443637725
h100-d512-mix-baseline-seed0-from10pct-20260826-rno2a,core_design,include_bengali,2.1110636360485517
h100-d512-mix-baseline-seed0-from10pct-20260826-rno2a,core_design,include_chinese,2.0742797418865977
h100-d512-mix-baseline-seed0-from10pct-20260826-rno2a,core_design,include_french,2.059283387981512
h100-d512-mix-baseline-seed0-from10pct-20260826-rno2a,core_design,include_german,2.005005673760634
h100-d512-mix-baseline-seed0-from10pct-20260826-rno2a,core_design,include_hebrew,2.089088737061983
h100-d512-mix-baseline-seed0-from10pct-20260826-rno2a,core_design,include_hindi,2.0745072342192348
h100-d512-mix-baseline-seed0-from10pct-20260826-rno2a,core_design,include_indonesian,2.092084164364236
h100-d512-mix-baseline-seed0-from10pct-20260826-rno2a,core_design,include_japanese,2.0859275818329572
h100-d512-mix-baseline-seed0-from10pct-20260826-rno2a,core_design,include_korean,2.08428366995522
h100-d512-mix-baseline-seed0-from10pct-20260826-rno2a,core_design,include_mean,2.071602399174771
h100-d512-mix-baseline-seed0-from10pct-20260826-rno2a,core_design,include_portuguese,2.089716508074291
h100-d512-mix-baseline-seed0-from10pct-20260826-rno2a,core_design,include_russian,2.0576174973463597
h100-d512-mix-baseline-seed0-from10pct-20260826-rno2a,core_design,include_spanish,2.0481361799270403
h100-d512-mix-baseline-seed0-from10pct-20260826-rno2a,core_design,include_turkish,2.0440220478044067
h100-d512-mix-baseline-seed0-from10pct-20260826-rno2a,core_design,include_vietnamese,2.0877569829947658
h100-d512-mix-baseline-seed0-from10pct-20260826-rno2a,core_design,lambada_0shot,0.8670950242893354
h100-d512-mix-baseline-seed0-from10pct-20260826-rno2a,core_design,lb_bbh_3shot,1.5524650311311343
h100-d512-mix-baseline-seed0-from10pct-20260826-rno2a,core_design,logprob_gsm8k_5shot,0.7412256027791492
h100-d512-mix-baseline-seed0-from10pct-20260826-rno2a,core_design,logprob_humaneval_10shot,0.5135216415621722
h100-d512-mix-baseline-seed0-from10pct-20260826-rno2a,core_design,medmcqa_0shot,2.459928973065113
h100-d512-mix-baseline-seed0-from10pct-20260826-rno2a,core_design,medqa_0shot,2.1964700205929417
h100-d512-mix-baseline-seed0-from10pct-20260826-rno2a,core_design,mmlu_pro_5shot,4.01194511312645
h100-d512-mix-baseline-seed0-from10pct-20260826-rno2a,core_design,musr_0shot,0.8017693067780132
h100-d512-mix-baseline-seed0-from10pct-20260826-rno2a,core_design,openbookqa_0shot,1.9739886994943776
h100-d512-mix-baseline-seed0-from10pct-20260826-rno2a,core_design,piqa_0shot,1.258667657988244
h100-d512-mix-baseline-seed0-from10pct-20260826-rno2a,core_design,sciq_0shot,1.6186504034945255
h100-d512-mix-baseline-seed0-from10pct-20260826-rno2a,core_design,truthfulqa_mc1_0shot,0.7473514435817112
h100-d512-mix-baseline-seed0-from10pct-20260826-rno2a,core_design,winogrande_0shot,0.44539925767748756
h100-d512-mix-baseline-seed1-from10pct-20260826-rno2a,core_design,arc_challenge_0shot,1.524363623304769
h100-d512-mix-baseline-seed1-from10pct-20260826-rno2a,core_design,belebele_arabic,2.0629279171342114
h100-d512-mix-baseline-seed1-from10pct-20260826-rno2a,core_design,belebele_bengali,2.215847699017967
h100-d512-mix-baseline-seed1-from10pct-20260826-rno2a,core_design,belebele_chinese_simplified,2.0477797956017474
h100-d512-mix-baseline-seed1-from10pct-20260826-rno2a,core_design,belebele_french,2.0848521857809073
h100-d512-mix-baseline-seed1-from10pct-20260826-rno2a,core_design,belebele_german,2.131338798205862
h100-d512-mix-baseline-seed1-from10pct-20260826-rno2a,core_design,belebele_hebrew,2.0764797772975783
h100-d512-mix-baseline-seed1-from10pct-20260826-rno2a,core_design,belebele_hindi,2.17712893478272
h100-d512-mix-baseline-seed1-from10pct-20260826-rno2a,core_design,belebele_indonesian,2.0690783539106063
h100-d512-mix-baseline-seed1-from10pct-20260826-rno2a,core_design,belebele_japanese,2.0788033062885796
h100-d512-mix-baseline-seed1-from10pct-20260826-rno2a,core_design,belebele_korean,2.069471501186546
h100-d512-mix-baseline-seed1-from10pct-20260826-rno2a,core_design,belebele_mean,2.1649041342521893
h100-d512-mix-baseline-seed1-from10pct-20260826-rno2a,core_design,belebele_portuguese,2.0500218216323254
h100-d512-mix-baseline-seed1-from10pct-20260826-rno2a,core_design,belebele_russian,2.054755723973711
h100-d512-mix-baseline-seed1-from10pct-20260826-rno2a,core_design,belebele_spanish,2.0531341235407523
h100-d512-mix-baseline-seed1-from10pct-20260826-rno2a,core_design,belebele_swahili,2.3849714895369725
h100-d512-mix-baseline-seed1-from10pct-20260826-rno2a,core_design,belebele_thai,2.074827982539429
h100-d512-mix-baseline-seed1-from10pct-20260826-rno2a,core_design,belebele_turkish,2.6148729378040025
h100-d512-mix-baseline-seed1-from10pct-20260826-rno2a,core_design,belebele_vietnamese,2.1743138907455175
h100-d512-mix-baseline-seed1-from10pct-20260826-rno2a,core_design,belebele_yoruba,2.5476681775599714
h100-d512-mix-baseline-seed1-from10pct-20260826-rno2a,core_design,boolq_0shot,2.97294719921861
h100-d512-mix-baseline-seed1-from10pct-20260826-rno2a,core_design,copa_0shot,1.8273312134202222
h100-d512-mix-baseline-seed1-from10pct-20260826-rno2a,core_design,csqa_0shot,3.585805510822928
h100-d512-mix-baseline-seed1-from10pct-20260826-rno2a,core_design,gpqa_0shot,3.2183798628874802
h100-d512-mix-baseline-seed1-from10pct-20260826-rno2a,core_design,hellaswag_0shot,0.9603414933496032
h100-d512-mix-baseline-seed1-from10pct-20260826-rno2a,core_design,include_arabic,2.079331923561238
h100-d512-mix-baseline-seed1-from10pct-20260826-rno2a,core_design,include_bengali,2.107970946574362
h100-d512-mix-baseline-seed1-from10pct-20260826-rno2a,core_design,include_chinese,2.0730925204025326
h100-d512-mix-baseline-seed1-from10pct-20260826-rno2a,core_design,include_french,2.0912461270142972
h100-d512-mix-baseline-seed1-from10pct-20260826-rno2a,core_design,include_german,2.1253261598009434
h100-d512-mix-baseline-seed1-from10pct-20260826-rno2a,core_design,include_hebrew,2.0732891035292313
h100-d512-mix-baseline-seed1-from10pct-20260826-rno2a,core_design,include_hindi,2.0740437394031064
h100-d512-mix-baseline-seed1-from10pct-20260826-rno2a,core_design,include_indonesian,2.080576364294028
h100-d512-mix-baseline-seed1-from10pct-20260826-rno2a,core_design,include_japanese,2.074548591750135
h100-d512-mix-baseline-seed1-from10pct-20260826-rno2a,core_design,include_korean,2.1071691060113236
h100-d512-mix-baseline-seed1-from10pct-20260826-rno2a,core_design,include_mean,2.092386035040495
h100-d512-mix-baseline-seed1-from10pct-20260826-rno2a,core_design,include_portuguese,2.100100434430775
h100-d512-mix-baseline-seed1-from10pct-20260826-rno2a,core_design,include_russian,2.070495663083839
h100-d512-mix-baseline-seed1-from10pct-20260826-rno2a,core_design,include_spanish,2.0601770223999423
h100-d512-mix-baseline-seed1-from10pct-20260826-rno2a,core_design,include_turkish,2.1480716763265955
h100-d512-mix-baseline-seed1-from10pct-20260826-rno2a,core_design,include_vietnamese,2.1203511470250684
h100-d512-mix-baseline-seed1-from10pct-20260826-rno2a,core_design,lambada_0shot,0.8660324128999196
h100-d512-mix-baseline-seed1-from10pct-20260826-rno2a,core_design,lb_bbh_3shot,1.863846024198879
h100-d512-mix-baseline-seed1-from10pct-20260826-rno2a,core_design,logprob_gsm8k_5shot,0.6446185418163565
h100-d512-mix-baseline-seed1-from10pct-20260826-rno2a,core_design,logprob_humaneval_10shot,0.5229141244398361
h100-d512-mix-baseline-seed1-from10pct-20260826-rno2a,core_design,medmcqa_0shot,2.3947658988300593
h100-d512-mix-baseline-seed1-from10pct-20260826-rno2a,core_design,medqa_0shot,2.370654898019177
h100-d512-mix-baseline-seed1-from10pct-20260826-rno2a,core_design,mmlu_pro_5shot,3.9310580619620605
h100-d512-mix-baseline-seed1-from10pct-20260826-rno2a,core_design,musr_0shot,0.8298464209798667
h100-d512-mix-baseline-seed1-from10pct-20260826-rno2a,core_design,openbookqa_0shot,1.9751238309832162
h100-d512-mix-baseline-seed1-from10pct-20260826-rno2a,core_design,piqa_0shot,1.271945044093597
h100-d512-mix-baseline-seed1-from10pct-20260826-rno2a,core_design,sciq_0shot,1.7384615886570958
h100-d512-mix-baseline-seed1-from10pct-20260826-rno2a,core_design,truthfulqa_mc1_0shot,0.7815865199493607
h100-d512-mix-baseline-seed1-from10pct-20260826-rno2a,core_design,winogrande_0shot,0.4458966406391583
h100-d512-mix-baseline-seed2-from10pct-20260826-rno2a,core_design,arc_challenge_0shot,1.5251067704951637
h100-d512-mix-baseline-seed2-from10pct-20260826-rno2a,core_design,belebele_arabic,2.1390642605069043
h100-d512-mix-baseline-seed2-from10pct-20260826-rno2a,core_design,belebele_bengali,2.825390762186623
h100-d512-mix-baseline-seed2-from10pct-20260826-rno2a,core_design,belebele_chinese_simplified,2.167320595374378
h100-d512-mix-baseline-seed2-from10pct-20260826-rno2a,core_design,belebele_french,2.0873101127164357
h100-d512-mix-baseline-seed2-from10pct-20260826-rno2a,core_design,belebele_german,2.152246181879785
h100-d512-mix-baseline-seed2-from10pct-20260826-rno2a,core_design,belebele_hebrew,2.277704969448741
h100-d512-mix-baseline-seed2-from10pct-20260826-rno2a,core_design,belebele_hindi,2.4114135211374896
h100-d512-mix-baseline-seed2-from10pct-20260826-rno2a,core_design,belebele_indonesian,2.0982409622490445
h100-d512-mix-baseline-seed2-from10pct-20260826-rno2a,core_design,belebele_japanese,2.2862388642906555
h100-d512-mix-baseline-seed2-from10pct-20260826-rno2a,core_design,belebele_korean,2.161551513883467
h100-d512-mix-baseline-seed2-from10pct-20260826-rno2a,core_design,belebele_mean,2.301315980418294
h100-d512-mix-baseline-seed2-from10pct-20260826-rno2a,core_design,belebele_portuguese,2.064001784163233
h100-d512-mix-baseline-seed2-from10pct-20260826-rno2a,core_design,belebele_russian,2.099456826753748
h100-d512-mix-baseline-seed2-from10pct-20260826-rno2a,core_design,belebele_spanish,2.05059067880535
h100-d512-mix-baseline-seed2-from10pct-20260826-rno2a,core_design,belebele_swahili,2.5663969373719278
h100-d512-mix-baseline-seed2-from10pct-20260826-rno2a,core_design,belebele_thai,2.141142425194025
h100-d512-mix-baseline-seed2-from10pct-20260826-rno2a,core_design,belebele_turkish,2.578166816305552
h100-d512-mix-baseline-seed2-from10pct-20260826-rno2a,core_design,belebele_vietnamese,2.3305689672428067
h100-d512-mix-baseline-seed2-from10pct-20260826-rno2a,core_design,belebele_yoruba,2.986881468019123
h100-d512-mix-baseline-seed2-from10pct-20260826-rno2a,core_design,boolq_0shot,1.687493203836372
h100-d512-mix-baseline-seed2-from10pct-20260826-rno2a,core_design,copa_0shot,1.7746507729457688
h100-d512-mix-baseline-seed2-from10pct-20260826-rno2a,core_design,csqa_0shot,3.1633991519124076
h100-d512-mix-baseline-seed2-from10pct-20260826-rno2a,core_design,gpqa_0shot,3.2097225464397248
h100-d512-mix-baseline-seed2-from10pct-20260826-rno2a,core_design,hellaswag_0shot,0.9610332126287513
h100-d512-mix-baseline-seed2-from10pct-20260826-rno2a,core_design,include_arabic,2.090765562772208
h100-d512-mix-baseline-seed2-from10pct-20260826-rno2a,core_design,include_bengali,2.0446767118476386
h100-d512-mix-baseline-seed2-from10pct-20260826-rno2a,core_design,include_chinese,2.039905394951482
h100-d512-mix-baseline-seed2-from10pct-20260826-rno2a,core_design,include_french,2.047593628281558
h100-d512-mix-baseline-seed2-from10pct-20260826-rno2a,core_design,include_german,2.0467590334079655
h100-d512-mix-baseline-seed2-from10pct-20260826-rno2a,core_design,include_hebrew,2.1396024918259493
h100-d512-mix-baseline-seed2-from10pct-20260826-rno2a,core_design,include_hindi,2.0893168451585202
h100-d512-mix-baseline-seed2-from10pct-20260826-rno2a,core_design,include_indonesian,2.064238175689232
h100-d512-mix-baseline-seed2-from10pct-20260826-rno2a,core_design,include_japanese,2.043941881741988
h100-d512-mix-baseline-seed2-from10pct-20260826-rno2a,core_design,include_korean,2.041466766350791
h100-d512-mix-baseline-seed2-from10pct-20260826-rno2a,core_design,include_mean,2.067859052059449
h100-d512-mix-baseline-seed2-from10pct-20260826-rno2a,core_design,include_portuguese,2.0991549663623497
h100-d512-mix-baseline-seed2-from10pct-20260826-rno2a,core_design,include_russian,2.059439996718646
h100-d512-mix-baseline-seed2-from10pct-20260826-rno2a,core_design,include_spanish,2.0283126720644007
h100-d512-mix-baseline-seed2-from10pct-20260826-rno2a,core_design,include_turkish,2.100129913085469
h100-d512-mix-baseline-seed2-from10pct-20260826-rno2a,core_design,include_vietnamese,2.0825817406335374
h100-d512-mix-baseline-seed2-from10pct-20260826-rno2a,core_design,lambada_0shot,0.8640505041120548
h100-d512-mix-baseline-seed2-from10pct-20260826-rno2a,core_design,lb_bbh_3shot,1.8019520973927348
h100-d512-mix-baseline-seed2-from10pct-20260826-rno2a,core_design,logprob_gsm8k_5shot,0.7257985180840185
h100-d512-mix-baseline-seed2-from10pct-20260826-rno2a,core_design,logprob_humaneval_10shot,0.5163679076626866
h100-d512-mix-baseline-seed2-from10pct-20260826-rno2a,core_design,medmcqa_0shot,2.6361079099922504
h100-d512-mix-baseline-seed2-from10pct-20260826-rno2a,core_design,medqa_0shot,3.060897750084368
h100-d512-mix-baseline-seed2-from10pct-20260826-rno2a,core_design,mmlu_pro_5shot,4.2031606415677585
h100-d512-mix-baseline-seed2-from10pct-20260826-rno2a,core_design,musr_0shot,0.8118125812328317
h100-d512-mix-baseline-seed2-from10pct-20260826-rno2a,core_design,openbookqa_0shot,1.9759451042824867
h100-d512-mix-baseline-seed2-from10pct-20260826-rno2a,core_design,piqa_0shot,1.267762052562121
h100-d512-mix-baseline-seed2-from10pct-20260826-rno2a,core_design,sciq_0shot,1.65945657481796
h100-d512-mix-baseline-seed2-from10pct-20260826-rno2a,core_design,truthfulqa_mc1_0shot,0.7756309217925467
h100-d512-mix-baseline-seed2-from10pct-20260826-rno2a,core_design,winogrande_0shot,0.44614889924292583
h100-d512-mix-broad-technical-capped-seed0-from10pct-20260827-ceguard-use02a,core_design,arc_challenge_0shot,1.500460119803711
h100-d512-mix-broad-technical-capped-seed0-from10pct-20260827-ceguard-use02a,core_design,belebele_arabic,2.3390761537523215
h100-d512-mix-broad-technical-capped-seed0-from10pct-20260827-ceguard-use02a,core_design,belebele_bengali,2.2139308484201448
h100-d512-mix-broad-technical-capped-seed0-from10pct-20260827-ceguard-use02a,core_design,belebele_chinese_simplified,2.307537026083956
h100-d512-mix-broad-technical-capped-seed0-from10pct-20260827-ceguard-use02a,core_design,belebele_french,2.1819210773289943
h100-d512-mix-broad-technical-capped-seed0-from10pct-20260827-ceguard-use02a,core_design,belebele_german,2.3150972624547554
h100-d512-mix-broad-technical-capped-seed0-from10pct-20260827-ceguard-use02a,core_design,belebele_hebrew,2.4309807040160747
h100-d512-mix-broad-technical-capped-seed0-from10pct-20260827-ceguard-use02a,core_design,belebele_hindi,2.3193460459758164
h100-d512-mix-broad-technical-capped-seed0-from10pct-20260827-ceguard-use02a,core_design,belebele_indonesian,2.2665770238808607
h100-d512-mix-broad-technical-capped-seed0-from10pct-20260827-ceguard-use02a,core_design,belebele_japanese,2.1955499379469927
h100-d512-mix-broad-technical-capped-seed0-from10pct-20260827-ceguard-use02a,core_design,belebele_korean,2.165179417868259
h100-d512-mix-broad-technical-capped-seed0-from10pct-20260827-ceguard-use02a,core_design,belebele_mean,2.4648133063356368
h100-d512-mix-broad-technical-capped-seed0-from10pct-20260827-ceguard-use02a,core_design,belebele_portuguese,2.1730791456509846
h100-d512-mix-broad-technical-capped-seed0-from10pct-20260827-ceguard-use02a,core_design,belebele_russian,2.1945953871783357
h100-d512-mix-broad-technical-capped-seed0-from10pct-20260827-ceguard-use02a,core_design,belebele_spanish,2.172521274395284
h100-d512-mix-broad-technical-capped-seed0-from10pct-20260827-ceguard-use02a,core_design,belebele_swahili,3.9679179975366985
h100-d512-mix-broad-technical-capped-seed0-from10pct-20260827-ceguard-use02a,core_design,belebele_thai,2.1766927474152142
h100-d512-mix-broad-technical-capped-seed0-from10pct-20260827-ceguard-use02a,core_design,belebele_turkish,2.923593128517337
h100-d512-mix-broad-technical-capped-seed0-from10pct-20260827-ceguard-use02a,core_design,belebele_vietnamese,2.8742520162731435
h100-d512-mix-broad-technical-capped-seed0-from10pct-20260827-ceguard-use02a,core_design,belebele_yoruba,3.1487923193462835
h100-d512-mix-broad-technical-capped-seed0-from10pct-20260827-ceguard-use02a,core_design,boolq_0shot,2.2041656502856175
h100-d512-mix-broad-technical-capped-seed0-from10pct-20260827-ceguard-use02a,core_design,copa_0shot,1.804407263603336
h100-d512-mix-broad-technical-capped-seed0-from10pct-20260827-ceguard-use02a,core_design,csqa_0shot,4.496595820100052
h100-d512-mix-broad-technical-capped-seed0-from10pct-20260827-ceguard-use02a,core_design,gpqa_0shot,2.330400163130152
h100-d512-mix-broad-technical-capped-seed0-from10pct-20260827-ceguard-use02a,core_design,hellaswag_0shot,0.9688701660688293
h100-d512-mix-broad-technical-capped-seed0-from10pct-20260827-ceguard-use02a,core_design,include_arabic,2.157342671058659
h100-d512-mix-broad-technical-capped-seed0-from10pct-20260827-ceguard-use02a,core_design,include_bengali,2.180679983933932
h100-d512-mix-broad-technical-capped-seed0-from10pct-20260827-ceguard-use02a,core_design,include_chinese,2.12269546861178
h100-d512-mix-broad-technical-capped-seed0-from10pct-20260827-ceguard-use02a,core_design,include_french,2.107373787374703
h100-d512-mix-broad-technical-capped-seed0-from10pct-20260827-ceguard-use02a,core_design,include_german,1.999774238673285
h100-d512-mix-broad-technical-capped-seed0-from10pct-20260827-ceguard-use02a,core_design,include_hebrew,2.0590902746607953
h100-d512-mix-broad-technical-capped-seed0-from10pct-20260827-ceguard-use02a,core_design,include_hindi,2.181268333897133
h100-d512-mix-broad-technical-capped-seed0-from10pct-20260827-ceguard-use02a,core_design,include_indonesian,2.1656677573590457
h100-d512-mix-broad-technical-capped-seed0-from10pct-20260827-ceguard-use02a,core_design,include_japanese,2.118996895971266
h100-d512-mix-broad-technical-capped-seed0-from10pct-20260827-ceguard-use02a,core_design,include_korean,2.130770830546212
h100-d512-mix-broad-technical-capped-seed0-from10pct-20260827-ceguard-use02a,core_design,include_mean,2.1216088828649005
h100-d512-mix-broad-technical-capped-seed0-from10pct-20260827-ceguard-use02a,core_design,include_portuguese,2.15475197972146
h100-d512-mix-broad-technical-capped-seed0-from10pct-20260827-ceguard-use02a,core_design,include_russian,2.0860999529261077
h100-d512-mix-broad-technical-capped-seed0-from10pct-20260827-ceguard-use02a,core_design,include_spanish,2.0867567850556212
h100-d512-mix-broad-technical-capped-seed0-from10pct-20260827-ceguard-use02a,core_design,include_turkish,2.116322834442077
h100-d512-mix-broad-technical-capped-seed0-from10pct-20260827-ceguard-use02a,core_design,include_vietnamese,2.1565414487414323
h100-d512-mix-broad-technical-capped-seed0-from10pct-20260827-ceguard-use02a,core_design,lambada_0shot,0.8893923906522135
h100-d512-mix-broad-technical-capped-seed0-from10pct-20260827-ceguard-use02a,core_design,lb_bbh_3shot,1.8725122612583005
h100-d512-mix-broad-technical-capped-seed0-from10pct-20260827-ceguard-use02a,core_design,logprob_gsm8k_5shot,0.749720193207715
h100-d512-mix-broad-technical-capped-seed0-from10pct-20260827-ceguard-use02a,core_design,logprob_humaneval_10shot,0.5465305085380346
h100-d512-mix-broad-technical-capped-seed0-from10pct-20260827-ceguard-use02a,core_design,medmcqa_0shot,3.4759355290673155
h100-d512-mix-broad-technical-capped-seed0-from10pct-20260827-ceguard-use02a,core_design,medqa_0shot,2.3514405623226984
h100-d512-mix-broad-technical-capped-seed0-from10pct-20260827-ceguard-use02a,core_design,mmlu_pro_5shot,4.448625181487492
h100-d512-mix-broad-technical-capped-seed0-from10pct-20260827-ceguard-use02a,core_design,musr_0shot,0.7672642126490783
h100-d512-mix-broad-technical-capped-seed0-from10pct-20260827-ceguard-use02a,core_design,openbookqa_0shot,1.9817989829977538
h100-d512-mix-broad-technical-capped-seed0-from10pct-20260827-ceguard-use02a,core_design,piqa_0shot,1.299304052708087
h100-d512-mix-broad-technical-capped-seed0-from10pct-20260827-ceguard-use02a,core_design,sciq_0shot,1.5804983326970692
h100-d512-mix-broad-technical-capped-seed0-from10pct-20260827-ceguard-use02a,core_design,truthfulqa_mc1_0shot,0.7647850339499228
h100-d512-mix-broad-technical-capped-seed0-from10pct-20260827-ceguard-use02a,core_design,winogrande_0shot,0.44950180740316925
h100-d512-mix-math-q4-4x-seed0-from10pct-20260826-rno2a,core_design,arc_challenge_0shot,1.539894201750407
h100-d512-mix-math-q4-4x-seed0-from10pct-20260826-rno2a,core_design,belebele_arabic,2.102234283122695
h100-d512-mix-math-q4-4x-seed0-from10pct-20260826-rno2a,core_design,belebele_bengali,2.1358086998211356
h100-d512-mix-math-q4-4x-seed0-from10pct-20260826-rno2a,core_design,belebele_chinese_simplified,2.0769741180187316
h100-d512-mix-math-q4-4x-seed0-from10pct-20260826-rno2a,core_design,belebele_french,2.118974065774979
h100-d512-mix-math-q4-4x-seed0-from10pct-20260826-rno2a,core_design,belebele_german,2.120823113741437
h100-d512-mix-math-q4-4x-seed0-from10pct-20260826-rno2a,core_design,belebele_hebrew,2.1250502557300766
h100-d512-mix-math-q4-4x-seed0-from10pct-20260826-rno2a,core_design,belebele_hindi,2.133992656471933
h100-d512-mix-math-q4-4x-seed0-from10pct-20260826-rno2a,core_design,belebele_indonesian,2.0875801647476613
h100-d512-mix-math-q4-4x-seed0-from10pct-20260826-rno2a,core_design,belebele_japanese,2.0653470717276545
h100-d512-mix-math-q4-4x-seed0-from10pct-20260826-rno2a,core_design,belebele_korean,2.087013062753133
h100-d512-mix-math-q4-4x-seed0-from10pct-20260826-rno2a,core_design,belebele_mean,2.150921709258821
h100-d512-mix-math-q4-4x-seed0-from10pct-20260826-rno2a,core_design,belebele_portuguese,2.085819712879433
h100-d512-mix-math-q4-4x-seed0-from10pct-20260826-rno2a,core_design,belebele_russian,2.080825532758598
h100-d512-mix-math-q4-4x-seed0-from10pct-20260826-rno2a,core_design,belebele_spanish,2.07856420941468
h100-d512-mix-math-q4-4x-seed0-from10pct-20260826-rno2a,core_design,belebele_swahili,2.2967705390331408
h100-d512-mix-math-q4-4x-seed0-from10pct-20260826-rno2a,core_design,belebele_thai,2.0523534536814676
h100-d512-mix-math-q4-4x-seed0-from10pct-20260826-rno2a,core_design,belebele_turkish,2.510193801725354
h100-d512-mix-math-q4-4x-seed0-from10pct-20260826-rno2a,core_design,belebele_vietnamese,2.1314410898558473
h100-d512-mix-math-q4-4x-seed0-from10pct-20260826-rno2a,core_design,belebele_yoruba,2.426824935400818
h100-d512-mix-math-q4-4x-seed0-from10pct-20260826-rno2a,core_design,boolq_0shot,3.0296268514499136
h100-d512-mix-math-q4-4x-seed0-from10pct-20260826-rno2a,core_design,copa_0shot,1.7717651464254731
h100-d512-mix-math-q4-4x-seed0-from10pct-20260826-rno2a,core_design,csqa_0shot,5.919552113187023
h100-d512-mix-math-q4-4x-seed0-from10pct-20260826-rno2a,core_design,gpqa_0shot,2.540284103677656
h100-d512-mix-math-q4-4x-seed0-from10pct-20260826-rno2a,core_design,hellaswag_0shot,0.9627709026722991
h100-d512-mix-math-q4-4x-seed0-from10pct-20260826-rno2a,core_design,include_arabic,2.057484249737288
h100-d512-mix-math-q4-4x-seed0-from10pct-20260826-rno2a,core_design,include_bengali,2.071856726338237
h100-d512-mix-math-q4-4x-seed0-from10pct-20260826-rno2a,core_design,include_chinese,2.077902418998684
h100-d512-mix-math-q4-4x-seed0-from10pct-20260826-rno2a,core_design,include_french,2.0417660025191995
h100-d512-mix-math-q4-4x-seed0-from10pct-20260826-rno2a,core_design,include_german,2.1673523068223215
h100-d512-mix-math-q4-4x-seed0-from10pct-20260826-rno2a,core_design,include_hebrew,2.0913261167467234
h100-d512-mix-math-q4-4x-seed0-from10pct-20260826-rno2a,core_design,include_hindi,2.0837378137986518
h100-d512-mix-math-q4-4x-seed0-from10pct-20260826-rno2a,core_design,include_indonesian,2.0650122969616413
h100-d512-mix-math-q4-4x-seed0-from10pct-20260826-rno2a,core_design,include_japanese,2.0888797227356846
h100-d512-mix-math-q4-4x-seed0-from10pct-20260826-rno2a,core_design,include_korean,2.081290712120581
h100-d512-mix-math-q4-4x-seed0-from10pct-20260826-rno2a,core_design,include_mean,2.0895935828835923
h100-d512-mix-math-q4-4x-seed0-from10pct-20260826-rno2a,core_design,include_portuguese,2.0916325635102067
h100-d512-mix-math-q4-4x-seed0-from10pct-20260826-rno2a,core_design,include_russian,2.0472603357135797
h100-d512-mix-math-q4-4x-seed0-from10pct-20260826-rno2a,core_design,include_spanish,2.1065245730409474
h100-d512-mix-math-q4-4x-seed0-from10pct-20260826-rno2a,core_design,include_turkish,2.1141612284405573
h100-d512-mix-math-q4-4x-seed0-from10pct-20260826-rno2a,core_design,include_vietnamese,2.157716675769578
h100-d512-mix-math-q4-4x-seed0-from10pct-20260826-rno2a,core_design,lambada_0shot,0.8726584884675394
h100-d512-mix-math-q4-4x-seed0-from10pct-20260826-rno2a,core_design,lb_bbh_3shot,1.6140638502220324
h100-d512-mix-math-q4-4x-seed0-from10pct-20260826-rno2a,core_design,logprob_gsm8k_5shot,0.7437210854455022
h100-d512-mix-math-q4-4x-seed0-from10pct-20260826-rno2a,core_design,logprob_humaneval_10shot,0.5276054511194702
h100-d512-mix-math-q4-4x-seed0-from10pct-20260826-rno2a,core_design,medmcqa_0shot,2.7309991233161623
h100-d512-mix-math-q4-4x-seed0-from10pct-20260826-rno2a,core_design,medqa_0shot,2.4163042626973623
h100-d512-mix-math-q4-4x-seed0-from10pct-20260826-rno2a,core_design,mmlu_pro_5shot,3.9032617374900473
h100-d512-mix-math-q4-4x-seed0-from10pct-20260826-rno2a,core_design,musr_0shot,0.7955903213091869
h100-d512-mix-math-q4-4x-seed0-from10pct-20260826-rno2a,core_design,openbookqa_0shot,1.979006587547035
h100-d512-mix-math-q4-4x-seed0-from10pct-20260826-rno2a,core_design,piqa_0shot,1.2779622132624051
h100-d512-mix-math-q4-4x-seed0-from10pct-20260826-rno2a,core_design,sciq_0shot,1.7257069194142176
h100-d512-mix-math-q4-4x-seed0-from10pct-20260826-rno2a,core_design,truthfulqa_mc1_0shot,0.7636206136592334
h100-d512-mix-math-q4-4x-seed0-from10pct-20260826-rno2a,core_design,winogrande_0shot,0.4481328642405373
h100-d512-mix-math-q4-6x-seed0-from10pct-20260826-rno2a,core_design,arc_challenge_0shot,1.4633556355714268
h100-d512-mix-math-q4-6x-seed0-from10pct-20260826-rno2a,core_design,belebele_arabic,2.392158903254876
h100-d512-mix-math-q4-6x-seed0-from10pct-20260826-rno2a,core_design,belebele_bengali,2.5411467395224965
h100-d512-mix-math-q4-6x-seed0-from10pct-20260826-rno2a,core_design,belebele_chinese_simplified,2.292700050881689
h100-d512-mix-math-q4-6x-seed0-from10pct-20260826-rno2a,core_design,belebele_french,2.19740320350132
h100-d512-mix-math-q4-6x-seed0-from10pct-20260826-rno2a,core_design,belebele_german,2.1424969584502107
h100-d512-mix-math-q4-6x-seed0-from10pct-20260826-rno2a,core_design,belebele_hebrew,2.926980128759393
h100-d512-mix-math-q4-6x-seed0-from10pct-20260826-rno2a,core_design,belebele_hindi,2.4379197202294147
h100-d512-mix-math-q4-6x-seed0-from10pct-20260826-rno2a,core_design,belebele_indonesian,2.1784176106268656
h100-d512-mix-math-q4-6x-seed0-from10pct-20260826-rno2a,core_design,belebele_japanese,2.1921640707839627
h100-d512-mix-math-q4-6x-seed0-from10pct-20260826-rno2a,core_design,belebele_korean,2.1044196304553067
h100-d512-mix-math-q4-6x-seed0-from10pct-20260826-rno2a,core_design,belebele_mean,2.3534249224034034
h100-d512-mix-math-q4-6x-seed0-from10pct-20260826-rno2a,core_design,belebele_portuguese,2.18587264396803
h100-d512-mix-math-q4-6x-seed0-from10pct-20260826-rno2a,core_design,belebele_russian,2.141433224161248
h100-d512-mix-math-q4-6x-seed0-from10pct-20260826-rno2a,core_design,belebele_spanish,2.14346788994531
h100-d512-mix-math-q4-6x-seed0-from10pct-20260826-rno2a,core_design,belebele_swahili,2.671116908915649
h100-d512-mix-math-q4-6x-seed0-from10pct-20260826-rno2a,core_design,belebele_thai,2.212130345423271
h100-d512-mix-math-q4-6x-seed0-from10pct-20260826-rno2a,core_design,belebele_turkish,2.4976070410298483
h100-d512-mix-math-q4-6x-seed0-from10pct-20260826-rno2a,core_design,belebele_vietnamese,2.446166216678844
h100-d512-mix-math-q4-6x-seed0-from10pct-20260826-rno2a,core_design,belebele_yoruba,2.6580473166735263
h100-d512-mix-math-q4-6x-seed0-from10pct-20260826-rno2a,core_design,boolq_0shot,2.2933138184646222
h100-d512-mix-math-q4-6x-seed0-from10pct-20260826-rno2a,core_design,copa_0shot,1.8292055373577505
h100-d512-mix-math-q4-6x-seed0-from10pct-20260826-rno2a,core_design,csqa_0shot,3.411578295227576
h100-d512-mix-math-q4-6x-seed0-from10pct-20260826-rno2a,core_design,gpqa_0shot,2.970455902676829
h100-d512-mix-math-q4-6x-seed0-from10pct-20260826-rno2a,core_design,hellaswag_0shot,0.9619268202688805
h100-d512-mix-math-q4-6x-seed0-from10pct-20260826-rno2a,core_design,include_arabic,2.0424179018426827
h100-d512-mix-math-q4-6x-seed0-from10pct-20260826-rno2a,core_design,include_bengali,2.0867203882941796
h100-d512-mix-math-q4-6x-seed0-from10pct-20260826-rno2a,core_design,include_chinese,2.0359702353030587
h100-d512-mix-math-q4-6x-seed0-from10pct-20260826-rno2a,core_design,include_french,2.09887674521077
h100-d512-mix-math-q4-6x-seed0-from10pct-20260826-rno2a,core_design,include_german,2.0290006641328087
h100-d512-mix-math-q4-6x-seed0-from10pct-20260826-rno2a,core_design,include_hebrew,2.135077505783195
h100-d512-mix-math-q4-6x-seed0-from10pct-20260826-rno2a,core_design,include_hindi,2.069660359886204
h100-d512-mix-math-q4-6x-seed0-from10pct-20260826-rno2a,core_design,include_indonesian,2.0461130216758674
h100-d512-mix-math-q4-6x-seed0-from10pct-20260826-rno2a,core_design,include_japanese,2.0753601938420174
h100-d512-mix-math-q4-6x-seed0-from10pct-20260826-rno2a,core_design,include_korean,2.0442238341573677
h100-d512-mix-math-q4-6x-seed0-from10pct-20260826-rno2a,core_design,include_mean,2.063694946839371
h100-d512-mix-math-q4-6x-seed0-from10pct-20260826-rno2a,core_design,include_portuguese,2.0507566301961484
h100-d512-mix-math-q4-6x-seed0-from10pct-20260826-rno2a,core_design,include_russian,2.0553016386341123
h100-d512-mix-math-q4-6x-seed0-from10pct-20260826-rno2a,core_design,include_spanish,2.049817466374394
h100-d512-mix-math-q4-6x-seed0-from10pct-20260826-rno2a,core_design,include_turkish,2.0570487370180173
h100-d512-mix-math-q4-6x-seed0-from10pct-20260826-rno2a,core_design,include_vietnamese,2.0790788802397393
h100-d512-mix-math-q4-6x-seed0-from10pct-20260826-rno2a,core_design,lambada_0shot,0.8760960205343356
h100-d512-mix-math-q4-6x-seed0-from10pct-20260826-rno2a,core_design,lb_bbh_3shot,1.8708657587061113
h100-d512-mix-math-q4-6x-seed0-from10pct-20260826-rno2a,core_design,logprob_gsm8k_5shot,0.7174192102438338
h100-d512-mix-math-q4-6x-seed0-from10pct-20260826-rno2a,core_design,logprob_humaneval_10shot,0.5199568301515505
h100-d512-mix-math-q4-6x-seed0-from10pct-20260826-rno2a,core_design,medmcqa_0shot,3.5164039324252587
h100-d512-mix-math-q4-6x-seed0-from10pct-20260826-rno2a,core_design,medqa_0shot,2.2228388915100834
h100-d512-mix-math-q4-6x-seed0-from10pct-20260826-rno2a,core_design,mmlu_pro_5shot,3.626724490278316
h100-d512-mix-math-q4-6x-seed0-from10pct-20260826-rno2a,core_design,musr_0shot,0.8457452159098383
h100-d512-mix-math-q4-6x-seed0-from10pct-20260826-rno2a,core_design,openbookqa_0shot,1.9862810271519944
h100-d512-mix-math-q4-6x-seed0-from10pct-20260826-rno2a,core_design,piqa_0shot,1.2793347616531938
h100-d512-mix-math-q4-6x-seed0-from10pct-20260826-rno2a,core_design,sciq_0shot,1.5038907179070002
h100-d512-mix-math-q4-6x-seed0-from10pct-20260826-rno2a,core_design,truthfulqa_mc1_0shot,0.7489489282863191
h100-d512-mix-math-q4-6x-seed0-from10pct-20260826-rno2a,core_design,winogrande_0shot,0.4467425749881361
h100-d512-mix-math-q4-8x-seed0-from10pct-20260826-rno2a,core_design,arc_challenge_0shot,1.5131071305506654
h100-d512-mix-math-q4-8x-seed0-from10pct-20260826-rno2a,core_design,belebele_arabic,2.488698781806118
h100-d512-mix-math-q4-8x-seed0-from10pct-20260826-rno2a,core_design,belebele_bengali,2.223530116354595
h100-d512-mix-math-q4-8x-seed0-from10pct-20260826-rno2a,core_design,belebele_chinese_simplified,2.5247148445113496
h100-d512-mix-math-q4-8x-seed0-from10pct-20260826-rno2a,core_design,belebele_french,2.774964218991057
h100-d512-mix-math-q4-8x-seed0-from10pct-20260826-rno2a,core_design,belebele_german,3.3326720644229186
h100-d512-mix-math-q4-8x-seed0-from10pct-20260826-rno2a,core_design,belebele_hebrew,2.301643724868432
h100-d512-mix-math-q4-8x-seed0-from10pct-20260826-rno2a,core_design,belebele_hindi,2.5623918487764823
h100-d512-mix-math-q4-8x-seed0-from10pct-20260826-rno2a,core_design,belebele_indonesian,2.739330655542568
h100-d512-mix-math-q4-8x-seed0-from10pct-20260826-rno2a,core_design,belebele_japanese,2.3275727819053027
h100-d512-mix-math-q4-8x-seed0-from10pct-20260826-rno2a,core_design,belebele_korean,2.295098847506563
h100-d512-mix-math-q4-8x-seed0-from10pct-20260826-rno2a,core_design,belebele_mean,2.788724846712674
h100-d512-mix-math-q4-8x-seed0-from10pct-20260826-rno2a,core_design,belebele_portuguese,2.4610920964971092
h100-d512-mix-math-q4-8x-seed0-from10pct-20260826-rno2a,core_design,belebele_russian,2.430989417899267
h100-d512-mix-math-q4-8x-seed0-from10pct-20260826-rno2a,core_design,belebele_spanish,2.6289841129696483
h100-d512-mix-math-q4-8x-seed0-from10pct-20260826-rno2a,core_design,belebele_swahili,4.785705097110345
h100-d512-mix-math-q4-8x-seed0-from10pct-20260826-rno2a,core_design,belebele_thai,2.2317419617395324
h100-d512-mix-math-q4-8x-seed0-from10pct-20260826-rno2a,core_design,belebele_turkish,3.3560421343656017
h100-d512-mix-math-q4-8x-seed0-from10pct-20260826-rno2a,core_design,belebele_vietnamese,2.874766692222938
h100-d512-mix-math-q4-8x-seed0-from10pct-20260826-rno2a,core_design,belebele_yoruba,3.8571078433383033
h100-d512-mix-math-q4-8x-seed0-from10pct-20260826-rno2a,core_design,boolq_0shot,2.34962216875185
h100-d512-mix-math-q4-8x-seed0-from10pct-20260826-rno2a,core_design,copa_0shot,1.8232539592376293
h100-d512-mix-math-q4-8x-seed0-from10pct-20260826-rno2a,core_design,csqa_0shot,3.209828271551326
h100-d512-mix-math-q4-8x-seed0-from10pct-20260826-rno2a,core_design,gpqa_0shot,2.89546329733998
h100-d512-mix-math-q4-8x-seed0-from10pct-20260826-rno2a,core_design,hellaswag_0shot,0.9629619341503995
h100-d512-mix-math-q4-8x-seed0-from10pct-20260826-rno2a,core_design,include_arabic,2.061468019253248
h100-d512-mix-math-q4-8x-seed0-from10pct-20260826-rno2a,core_design,include_bengali,2.1294197462433586
h100-d512-mix-math-q4-8x-seed0-from10pct-20260826-rno2a,core_design,include_chinese,2.098552939801538
h100-d512-mix-math-q4-8x-seed0-from10pct-20260826-rno2a,core_design,include_french,2.0910293455508735
h100-d512-mix-math-q4-8x-seed0-from10pct-20260826-rno2a,core_design,include_german,2.161654159074657
h100-d512-mix-math-q4-8x-seed0-from10pct-20260826-rno2a,core_design,include_hebrew,2.079494191606089
h100-d512-mix-math-q4-8x-seed0-from10pct-20260826-rno2a,core_design,include_hindi,2.137222217970933
h100-d512-mix-math-q4-8x-seed0-from10pct-20260826-rno2a,core_design,include_indonesian,2.1268020247328
h100-d512-mix-math-q4-8x-seed0-from10pct-20260826-rno2a,core_design,include_japanese,2.081645040470709
h100-d512-mix-math-q4-8x-seed0-from10pct-20260826-rno2a,core_design,include_korean,2.0699931427203375
h100-d512-mix-math-q4-8x-seed0-from10pct-20260826-rno2a,core_design,include_mean,2.103255050549754
h100-d512-mix-math-q4-8x-seed0-from10pct-20260826-rno2a,core_design,include_portuguese,2.099713180221869
h100-d512-mix-math-q4-8x-seed0-from10pct-20260826-rno2a,core_design,include_russian,2.071802654897518
h100-d512-mix-math-q4-8x-seed0-from10pct-20260826-rno2a,core_design,include_spanish,2.0770630101442658
h100-d512-mix-math-q4-8x-seed0-from10pct-20260826-rno2a,core_design,include_turkish,2.1261260842142606
h100-d512-mix-math-q4-8x-seed0-from10pct-20260826-rno2a,core_design,include_vietnamese,2.1368400013438507
h100-d512-mix-math-q4-8x-seed0-from10pct-20260826-rno2a,core_design,lambada_0shot,0.8714321910584513
h100-d512-mix-math-q4-8x-seed0-from10pct-20260826-rno2a,core_design,lb_bbh_3shot,1.763140690158432
h100-d512-mix-math-q4-8x-seed0-from10pct-20260826-rno2a,core_design,logprob_gsm8k_5shot,0.7225495915170648
h100-d512-mix-math-q4-8x-seed0-from10pct-20260826-rno2a,core_design,logprob_humaneval_10shot,0.5280953716254723
h100-d512-mix-math-q4-8x-seed0-from10pct-20260826-rno2a,core_design,medmcqa_0shot,3.267693356995495
h100-d512-mix-math-q4-8x-seed0-from10pct-20260826-rno2a,core_design,medqa_0shot,2.105215051803272
h100-d512-mix-math-q4-8x-seed0-from10pct-20260826-rno2a,core_design,mmlu_pro_5shot,3.551268922917073
h100-d512-mix-math-q4-8x-seed0-from10pct-20260826-rno2a,core_design,musr_0shot,0.9238964227285673
h100-d512-mix-math-q4-8x-seed0-from10pct-20260826-rno2a,core_design,openbookqa_0shot,1.9899640942584673
h100-d512-mix-math-q4-8x-seed0-from10pct-20260826-rno2a,core_design,piqa_0shot,1.28513882104414
h100-d512-mix-math-q4-8x-seed0-from10pct-20260826-rno2a,core_design,sciq_0shot,1.6080534856706172
h100-d512-mix-math-q4-8x-seed0-from10pct-20260826-rno2a,core_design,truthfulqa_mc1_0shot,0.7515196053799482
h100-d512-mix-math-q4-8x-seed0-from10pct-20260826-rno2a,core_design,winogrande_0shot,0.4450375510093671
h100-d512-mix-r-soft-pre-high-seed0-from10pct-20260826-rno2a,core_design,arc_challenge_0shot,1.4811679510827453
h100-d512-mix-r-soft-pre-high-seed0-from10pct-20260826-rno2a,core_design,belebele_arabic,2.4406884092094523
h100-d512-mix-r-soft-pre-high-seed0-from10pct-20260826-rno2a,core_design,belebele_bengali,2.5056335646939756
h100-d512-mix-r-soft-pre-high-seed0-from10pct-20260826-rno2a,core_design,belebele_chinese_simplified,2.181152683782426
h100-d512-mix-r-soft-pre-high-seed0-from10pct-20260826-rno2a,core_design,belebele_french,2.1375465018608866
h100-d512-mix-r-soft-pre-high-seed0-from10pct-20260826-rno2a,core_design,belebele_german,2.1729103049798355
h100-d512-mix-r-soft-pre-high-seed0-from10pct-20260826-rno2a,core_design,belebele_hebrew,2.181139297512793
h100-d512-mix-r-soft-pre-high-seed0-from10pct-20260826-rno2a,core_design,belebele_hindi,2.2205833825263417
h100-d512-mix-r-soft-pre-high-seed0-from10pct-20260826-rno2a,core_design,belebele_indonesian,2.134719244380189
h100-d512-mix-r-soft-pre-high-seed0-from10pct-20260826-rno2a,core_design,belebele_japanese,2.1108973036854297
h100-d512-mix-r-soft-pre-high-seed0-from10pct-20260826-rno2a,core_design,belebele_korean,2.1472693865296684
h100-d512-mix-r-soft-pre-high-seed0-from10pct-20260826-rno2a,core_design,belebele_mean,2.2695145262112297
h100-d512-mix-r-soft-pre-high-seed0-from10pct-20260826-rno2a,core_design,belebele_portuguese,2.1550405720427217
h100-d512-mix-r-soft-pre-high-seed0-from10pct-20260826-rno2a,core_design,belebele_russian,2.1407556217848005
h100-d512-mix-r-soft-pre-high-seed0-from10pct-20260826-rno2a,core_design,belebele_spanish,2.170078266668076
h100-d512-mix-r-soft-pre-high-seed0-from10pct-20260826-rno2a,core_design,belebele_swahili,2.5956520365468116
h100-d512-mix-r-soft-pre-high-seed0-from10pct-20260826-rno2a,core_design,belebele_thai,2.1480295490821146
h100-d512-mix-r-soft-pre-high-seed0-from10pct-20260826-rno2a,core_design,belebele_turkish,2.5244279362694204
h100-d512-mix-r-soft-pre-high-seed0-from10pct-20260826-rno2a,core_design,belebele_vietnamese,2.326641078601861
h100-d512-mix-r-soft-pre-high-seed0-from10pct-20260826-rno2a,core_design,belebele_yoruba,2.558096331645332
h100-d512-mix-r-soft-pre-high-seed0-from10pct-20260826-rno2a,core_design,boolq_0shot,2.261564293239715
h100-d512-mix-r-soft-pre-high-seed0-from10pct-20260826-rno2a,core_design,copa_0shot,1.815015337845675
h100-d512-mix-r-soft-pre-high-seed0-from10pct-20260826-rno2a,core_design,csqa_0shot,4.364086685295098
h100-d512-mix-r-soft-pre-high-seed0-from10pct-20260826-rno2a,core_design,gpqa_0shot,2.4939595989252257
h100-d512-mix-r-soft-pre-high-seed0-from10pct-20260826-rno2a,core_design,hellaswag_0shot,0.9602058237978663
h100-d512-mix-r-soft-pre-high-seed0-from10pct-20260826-rno2a,core_design,include_arabic,2.042896122659052
h100-d512-mix-r-soft-pre-high-seed0-from10pct-20260826-rno2a,core_design,include_bengali,2.2258228564793123
h100-d512-mix-r-soft-pre-high-seed0-from10pct-20260826-rno2a,core_design,include_chinese,2.0665970506128124
h100-d512-mix-r-soft-pre-high-seed0-from10pct-20260826-rno2a,core_design,include_french,2.0921674079061745
h100-d512-mix-r-soft-pre-high-seed0-from10pct-20260826-rno2a,core_design,include_german,2.0448590454835984
h100-d512-mix-r-soft-pre-high-seed0-from10pct-20260826-rno2a,core_design,include_hebrew,2.07977112666964
h100-d512-mix-r-soft-pre-high-seed0-from10pct-20260826-rno2a,core_design,include_hindi,2.0787498473512547
h100-d512-mix-r-soft-pre-high-seed0-from10pct-20260826-rno2a,core_design,include_indonesian,2.126870415822785
h100-d512-mix-r-soft-pre-high-seed0-from10pct-20260826-rno2a,core_design,include_japanese,2.086507036868148
h100-d512-mix-r-soft-pre-high-seed0-from10pct-20260826-rno2a,core_design,include_korean,2.033889672527193
h100-d512-mix-r-soft-pre-high-seed0-from10pct-20260826-rno2a,core_design,include_mean,2.0826302619649657
h100-d512-mix-r-soft-pre-high-seed0-from10pct-20260826-rno2a,core_design,include_portuguese,2.0613683414872006
h100-d512-mix-r-soft-pre-high-seed0-from10pct-20260826-rno2a,core_design,include_russian,2.0592605759739144
h100-d512-mix-r-soft-pre-high-seed0-from10pct-20260826-rno2a,core_design,include_spanish,2.0526472954908273
h100-d512-mix-r-soft-pre-high-seed0-from10pct-20260826-rno2a,core_design,include_turkish,2.093082222383854
h100-d512-mix-r-soft-pre-high-seed0-from10pct-20260826-rno2a,core_design,include_vietnamese,2.09496491175872
h100-d512-mix-r-soft-pre-high-seed0-from10pct-20260826-rno2a,core_design,lambada_0shot,0.8649770767283528
h100-d512-mix-r-soft-pre-high-seed0-from10pct-20260826-rno2a,core_design,lb_bbh_3shot,1.7204415816635856
h100-d512-mix-r-soft-pre-high-seed0-from10pct-20260826-rno2a,core_design,logprob_gsm8k_5shot,0.7343970002498644
h100-d512-mix-r-soft-pre-high-seed0-from10pct-20260826-rno2a,core_design,logprob_humaneval_10shot,0.5333145456760005
h100-d512-mix-r-soft-pre-high-seed0-from10pct-20260826-rno2a,core_design,medmcqa_0shot,3.118127305876298
h100-d512-mix-r-soft-pre-high-seed0-from10pct-20260826-rno2a,core_design,medqa_0shot,2.3561764457424044
h100-d512-mix-r-soft-pre-high-seed0-from10pct-20260826-rno2a,core_design,mmlu_pro_5shot,3.931184000532
h100-d512-mix-r-soft-pre-high-seed0-from10pct-20260826-rno2a,core_design,musr_0shot,0.8536113609214436
h100-d512-mix-r-soft-pre-high-seed0-from10pct-20260826-rno2a,core_design,openbookqa_0shot,1.9936705845115832
h100-d512-mix-r-soft-pre-high-seed0-from10pct-20260826-rno2a,core_design,piqa_0shot,1.2706071641701262
h100-d512-mix-r-soft-pre-high-seed0-from10pct-20260826-rno2a,core_design,sciq_0shot,1.5144319137597857
h100-d512-mix-r-soft-pre-high-seed0-from10pct-20260826-rno2a,core_design,truthfulqa_mc1_0shot,0.7655396607758882
h100-d512-mix-r-soft-pre-high-seed0-from10pct-20260826-rno2a,core_design,winogrande_0shot,0.4465427008554031
h100-d512-mix-r-soft-pre-low-seed0-from10pct-20260827-ceguard-use02a,core_design,arc_challenge_0shot,1.4967464688206873
h100-d512-mix-r-soft-pre-low-seed0-from10pct-20260827-ceguard-use02a,core_design,belebele_arabic,2.3148380979763337
h100-d512-mix-r-soft-pre-low-seed0-from10pct-20260827-ceguard-use02a,core_design,belebele_bengali,2.1506531563642692
h100-d512-mix-r-soft-pre-low-seed0-from10pct-20260827-ceguard-use02a,core_design,belebele_chinese_simplified,2.2830139087775283
h100-d512-mix-r-soft-pre-low-seed0-from10pct-20260827-ceguard-use02a,core_design,belebele_french,2.2050810573738544
h100-d512-mix-r-soft-pre-low-seed0-from10pct-20260827-ceguard-use02a,core_design,belebele_german,2.190470961875693
h100-d512-mix-r-soft-pre-low-seed0-from10pct-20260827-ceguard-use02a,core_design,belebele_hebrew,2.1896242708386695
h100-d512-mix-r-soft-pre-low-seed0-from10pct-20260827-ceguard-use02a,core_design,belebele_hindi,2.157809791971423
h100-d512-mix-r-soft-pre-low-seed0-from10pct-20260827-ceguard-use02a,core_design,belebele_indonesian,2.2571099399964893
h100-d512-mix-r-soft-pre-low-seed0-from10pct-20260827-ceguard-use02a,core_design,belebele_japanese,2.2708623329817663
h100-d512-mix-r-soft-pre-low-seed0-from10pct-20260827-ceguard-use02a,core_design,belebele_korean,2.1112044427243113
h100-d512-mix-r-soft-pre-low-seed0-from10pct-20260827-ceguard-use02a,core_design,belebele_mean,2.2324147507833865
h100-d512-mix-r-soft-pre-low-seed0-from10pct-20260827-ceguard-use02a,core_design,belebele_portuguese,2.199994836724482
h100-d512-mix-r-soft-pre-low-seed0-from10pct-20260827-ceguard-use02a,core_design,belebele_russian,2.161026699556403
h100-d512-mix-r-soft-pre-low-seed0-from10pct-20260827-ceguard-use02a,core_design,belebele_spanish,2.1765091459031
h100-d512-mix-r-soft-pre-low-seed0-from10pct-20260827-ceguard-use02a,core_design,belebele_swahili,2.3063281768471238
h100-d512-mix-r-soft-pre-low-seed0-from10pct-20260827-ceguard-use02a,core_design,belebele_thai,2.1995756579634205
h100-d512-mix-r-soft-pre-low-seed0-from10pct-20260827-ceguard-use02a,core_design,belebele_turkish,2.3582238172486467
h100-d512-mix-r-soft-pre-low-seed0-from10pct-20260827-ceguard-use02a,core_design,belebele_vietnamese,2.310329115214569
h100-d512-mix-r-soft-pre-low-seed0-from10pct-20260827-ceguard-use02a,core_design,belebele_yoruba,2.3408101037628746
h100-d512-mix-r-soft-pre-low-seed0-from10pct-20260827-ceguard-use02a,core_design,boolq_0shot,2.1164984082687726
h100-d512-mix-r-soft-pre-low-seed0-from10pct-20260827-ceguard-use02a,core_design,copa_0shot,1.8460357771919929
h100-d512-mix-r-soft-pre-low-seed0-from10pct-20260827-ceguard-use02a,core_design,csqa_0shot,3.9549082264735778
h100-d512-mix-r-soft-pre-low-seed0-from10pct-20260827-ceguard-use02a,core_design,gpqa_0shot,3.6386258767206847
h100-d512-mix-r-soft-pre-low-seed0-from10pct-20260827-ceguard-use02a,core_design,hellaswag_0shot,0.9602159803470279
h100-d512-mix-r-soft-pre-low-seed0-from10pct-20260827-ceguard-use02a,core_design,include_arabic,2.0318000659190516
h100-d512-mix-r-soft-pre-low-seed0-from10pct-20260827-ceguard-use02a,core_design,include_bengali,2.0250889562153565
h100-d512-mix-r-soft-pre-low-seed0-from10pct-20260827-ceguard-use02a,core_design,include_chinese,2.041410653064813
h100-d512-mix-r-soft-pre-low-seed0-from10pct-20260827-ceguard-use02a,core_design,include_french,2.0382902196000883
h100-d512-mix-r-soft-pre-low-seed0-from10pct-20260827-ceguard-use02a,core_design,include_german,2.0513461039430836
h100-d512-mix-r-soft-pre-low-seed0-from10pct-20260827-ceguard-use02a,core_design,include_hebrew,2.0650252147348955
h100-d512-mix-r-soft-pre-low-seed0-from10pct-20260827-ceguard-use02a,core_design,include_hindi,2.050234911925392
h100-d512-mix-r-soft-pre-low-seed0-from10pct-20260827-ceguard-use02a,core_design,include_indonesian,2.0374156215293295
h100-d512-mix-r-soft-pre-low-seed0-from10pct-20260827-ceguard-use02a,core_design,include_japanese,2.055917400686543
h100-d512-mix-r-soft-pre-low-seed0-from10pct-20260827-ceguard-use02a,core_design,include_korean,2.0448690671440373
h100-d512-mix-r-soft-pre-low-seed0-from10pct-20260827-ceguard-use02a,core_design,include_mean,2.045913969136298
h100-d512-mix-r-soft-pre-low-seed0-from10pct-20260827-ceguard-use02a,core_design,include_portuguese,2.0605489317078054
h100-d512-mix-r-soft-pre-low-seed0-from10pct-20260827-ceguard-use02a,core_design,include_russian,2.028287457985925
h100-d512-mix-r-soft-pre-low-seed0-from10pct-20260827-ceguard-use02a,core_design,include_spanish,2.0272208059652157
h100-d512-mix-r-soft-pre-low-seed0-from10pct-20260827-ceguard-use02a,core_design,include_turkish,2.0425366786845074
h100-d512-mix-r-soft-pre-low-seed0-from10pct-20260827-ceguard-use02a,core_design,include_vietnamese,2.088717447938428
h100-d512-mix-r-soft-pre-low-seed0-from10pct-20260827-ceguard-use02a,core_design,lambada_0shot,0.8657094043352933
h100-d512-mix-r-soft-pre-low-seed0-from10pct-20260827-ceguard-use02a,core_design,lb_bbh_3shot,1.8349324421605882
h100-d512-mix-r-soft-pre-low-seed0-from10pct-20260827-ceguard-use02a,core_design,logprob_gsm8k_5shot,0.7426858980664275
h100-d512-mix-r-soft-pre-low-seed0-from10pct-20260827-ceguard-use02a,core_design,logprob_humaneval_10shot,0.5344286816853558
h100-d512-mix-r-soft-pre-low-seed0-from10pct-20260827-ceguard-use02a,core_design,medmcqa_0shot,3.1851541395912224
h100-d512-mix-r-soft-pre-low-seed0-from10pct-20260827-ceguard-use02a,core_design,medqa_0shot,2.266917797186084
h100-d512-mix-r-soft-pre-low-seed0-from10pct-20260827-ceguard-use02a,core_design,mmlu_pro_5shot,3.9135963211198805
h100-d512-mix-r-soft-pre-low-seed0-from10pct-20260827-ceguard-use02a,core_design,musr_0shot,0.8498315990568818
h100-d512-mix-r-soft-pre-low-seed0-from10pct-20260827-ceguard-use02a,core_design,openbookqa_0shot,1.9792262646348036
h100-d512-mix-r-soft-pre-low-seed0-from10pct-20260827-ceguard-use02a,core_design,piqa_0shot,1.2667826692678483
h100-d512-mix-r-soft-pre-low-seed0-from10pct-20260827-ceguard-use02a,core_design,sciq_0shot,1.5025197574859375
h100-d512-mix-r-soft-pre-low-seed0-from10pct-20260827-ceguard-use02a,core_design,truthfulqa_mc1_0shot,0.7420410240750063
h100-d512-mix-r-soft-pre-low-seed0-from10pct-20260827-ceguard-use02a,core_design,winogrande_0shot,0.4460685155786555
h100-d512-mix-r-stem-cool-high-seed0-from10pct-20260826-rno2a,core_design,arc_challenge_0shot,1.5223498798877901
h100-d512-mix-r-stem-cool-high-seed0-from10pct-20260826-rno2a,core_design,belebele_arabic,2.1539502574528844
h100-d512-mix-r-stem-cool-high-seed0-from10pct-20260826-rno2a,core_design,belebele_bengali,2.7027610188070263
h100-d512-mix-r-stem-cool-high-seed0-from10pct-20260826-rno2a,core_design,belebele_chinese_simplified,2.1107205626568044
h100-d512-mix-r-stem-cool-high-seed0-from10pct-20260826-rno2a,core_design,belebele_french,2.0600314333879775
h100-d512-mix-r-stem-cool-high-seed0-from10pct-20260826-rno2a,core_design,belebele_german,2.1403084342158536
h100-d512-mix-r-stem-cool-high-seed0-from10pct-20260826-rno2a,core_design,belebele_hebrew,2.125854098531738
h100-d512-mix-r-stem-cool-high-seed0-from10pct-20260826-rno2a,core_design,belebele_hindi,2.316752996188887
h100-d512-mix-r-stem-cool-high-seed0-from10pct-20260826-rno2a,core_design,belebele_indonesian,2.0953646263659027
h100-d512-mix-r-stem-cool-high-seed0-from10pct-20260826-rno2a,core_design,belebele_japanese,2.0957704805799984
h100-d512-mix-r-stem-cool-high-seed0-from10pct-20260826-rno2a,core_design,belebele_korean,2.0699690943862663
h100-d512-mix-r-stem-cool-high-seed0-from10pct-20260826-rno2a,core_design,belebele_mean,2.235944924697909
h100-d512-mix-r-stem-cool-high-seed0-from10pct-20260826-rno2a,core_design,belebele_portuguese,2.0401271615517724
h100-d512-mix-r-stem-cool-high-seed0-from10pct-20260826-rno2a,core_design,belebele_russian,2.0837894103907653
h100-d512-mix-r-stem-cool-high-seed0-from10pct-20260826-rno2a,core_design,belebele_spanish,2.05806294146403
h100-d512-mix-r-stem-cool-high-seed0-from10pct-20260826-rno2a,core_design,belebele_swahili,2.800153064800628
h100-d512-mix-r-stem-cool-high-seed0-from10pct-20260826-rno2a,core_design,belebele_thai,2.089421564836723
h100-d512-mix-r-stem-cool-high-seed0-from10pct-20260826-rno2a,core_design,belebele_turkish,2.5389229776672573
h100-d512-mix-r-stem-cool-high-seed0-from10pct-20260826-rno2a,core_design,belebele_vietnamese,2.2392763137659157
h100-d512-mix-r-stem-cool-high-seed0-from10pct-20260826-rno2a,core_design,belebele_yoruba,2.5257722075119258
h100-d512-mix-r-stem-cool-high-seed0-from10pct-20260826-rno2a,core_design,boolq_0shot,2.2397061726741447
h100-d512-mix-r-stem-cool-high-seed0-from10pct-20260826-rno2a,core_design,copa_0shot,1.7763971375473884
h100-d512-mix-r-stem-cool-high-seed0-from10pct-20260826-rno2a,core_design,csqa_0shot,3.34186086271371
h100-d512-mix-r-stem-cool-high-seed0-from10pct-20260826-rno2a,core_design,gpqa_0shot,2.5458497817452423
h100-d512-mix-r-stem-cool-high-seed0-from10pct-20260826-rno2a,core_design,hellaswag_0shot,0.9605940301372065
h100-d512-mix-r-stem-cool-high-seed0-from10pct-20260826-rno2a,core_design,include_arabic,2.0306544277143352
h100-d512-mix-r-stem-cool-high-seed0-from10pct-20260826-rno2a,core_design,include_bengali,2.1732401801635164
h100-d512-mix-r-stem-cool-high-seed0-from10pct-20260826-rno2a,core_design,include_chinese,2.0451865700322456
h100-d512-mix-r-stem-cool-high-seed0-from10pct-20260826-rno2a,core_design,include_french,2.1071679038238615
h100-d512-mix-r-stem-cool-high-seed0-from10pct-20260826-rno2a,core_design,include_german,2.123907164974019
h100-d512-mix-r-stem-cool-high-seed0-from10pct-20260826-rno2a,core_design,include_hebrew,2.135727756394972
h100-d512-mix-r-stem-cool-high-seed0-from10pct-20260826-rno2a,core_design,include_hindi,2.0693132356216095
h100-d512-mix-r-stem-cool-high-seed0-from10pct-20260826-rno2a,core_design,include_indonesian,2.0676807144190206
h100-d512-mix-r-stem-cool-high-seed0-from10pct-20260826-rno2a,core_design,include_japanese,2.10867031201203
h100-d512-mix-r-stem-cool-high-seed0-from10pct-20260826-rno2a,core_design,include_korean,2.066978256581765
h100-d512-mix-r-stem-cool-high-seed0-from10pct-20260826-rno2a,core_design,include_mean,2.0996260778785403
h100-d512-mix-r-stem-cool-high-seed0-from10pct-20260826-rno2a,core_design,include_portuguese,2.038906091976185
h100-d512-mix-r-stem-cool-high-seed0-from10pct-20260826-rno2a,core_design,include_russian,2.0954761773935675
h100-d512-mix-r-stem-cool-high-seed0-from10pct-20260826-rno2a,core_design,include_spanish,2.1080803478004833
h100-d512-mix-r-stem-cool-high-seed0-from10pct-20260826-rno2a,core_design,include_turkish,2.1358462558525404
h100-d512-mix-r-stem-cool-high-seed0-from10pct-20260826-rno2a,core_design,include_vietnamese,2.1875557734179543
h100-d512-mix-r-stem-cool-high-seed0-from10pct-20260826-rno2a,core_design,lambada_0shot,0.870636809370031
h100-d512-mix-r-stem-cool-high-seed0-from10pct-20260826-rno2a,core_design,lb_bbh_3shot,1.6613558458778597
h100-d512-mix-r-stem-cool-high-seed0-from10pct-20260826-rno2a,core_design,logprob_gsm8k_5shot,0.7125461513932274
h100-d512-mix-r-stem-cool-high-seed0-from10pct-20260826-rno2a,core_design,logprob_humaneval_10shot,0.5156652201961777
h100-d512-mix-r-stem-cool-high-seed0-from10pct-20260826-rno2a,core_design,medmcqa_0shot,2.368383563392354
h100-d512-mix-r-stem-cool-high-seed0-from10pct-20260826-rno2a,core_design,medqa_0shot,2.1118682436813403
h100-d512-mix-r-stem-cool-high-seed0-from10pct-20260826-rno2a,core_design,mmlu_pro_5shot,4.0108588544730015
h100-d512-mix-r-stem-cool-high-seed0-from10pct-20260826-rno2a,core_design,musr_0shot,0.853283596290497
h100-d512-mix-r-stem-cool-high-seed0-from10pct-20260826-rno2a,core_design,openbookqa_0shot,1.988583510666712
h100-d512-mix-r-stem-cool-high-seed0-from10pct-20260826-rno2a,core_design,piqa_0shot,1.2676884760371256
h100-d512-mix-r-stem-cool-high-seed0-from10pct-20260826-rno2a,core_design,sciq_0shot,1.626316357095556
h100-d512-mix-r-stem-cool-high-seed0-from10pct-20260826-rno2a,core_design,truthfulqa_mc1_0shot,0.7600238490275055
h100-d512-mix-r-stem-cool-high-seed0-from10pct-20260826-rno2a,core_design,winogrande_0shot,0.44858156713519864
h100-d512-mix-r-stem-cool-low-seed0-from10pct-20260826-rno2a,core_design,arc_challenge_0shot,1.4388761607525145
h100-d512-mix-r-stem-cool-low-seed0-from10pct-20260826-rno2a,core_design,belebele_arabic,2.0966053868880548
h100-d512-mix-r-stem-cool-low-seed0-from10pct-20260826-rno2a,core_design,belebele_bengali,2.249504945714082
h100-d512-mix-r-stem-cool-low-seed0-from10pct-20260826-rno2a,core_design,belebele_chinese_simplified,2.122712262233771
h100-d512-mix-r-stem-cool-low-seed0-from10pct-20260826-rno2a,core_design,belebele_french,2.0982909230180273
h100-d512-mix-r-stem-cool-low-seed0-from10pct-20260826-rno2a,core_design,belebele_german,2.131536668449701
h100-d512-mix-r-stem-cool-low-seed0-from10pct-20260826-rno2a,core_design,belebele_hebrew,2.0904360341220762
h100-d512-mix-r-stem-cool-low-seed0-from10pct-20260826-rno2a,core_design,belebele_hindi,2.1520699332948157
h100-d512-mix-r-stem-cool-low-seed0-from10pct-20260826-rno2a,core_design,belebele_indonesian,2.0897406983278626
h100-d512-mix-r-stem-cool-low-seed0-from10pct-20260826-rno2a,core_design,belebele_japanese,2.0713761695843864
h100-d512-mix-r-stem-cool-low-seed0-from10pct-20260826-rno2a,core_design,belebele_korean,2.0690394028976558
h100-d512-mix-r-stem-cool-low-seed0-from10pct-20260826-rno2a,core_design,belebele_mean,2.1480898328443123
h100-d512-mix-r-stem-cool-low-seed0-from10pct-20260826-rno2a,core_design,belebele_portuguese,2.0797340140991136
h100-d512-mix-r-stem-cool-low-seed0-from10pct-20260826-rno2a,core_design,belebele_russian,2.08291114974062
h100-d512-mix-r-stem-cool-low-seed0-from10pct-20260826-rno2a,core_design,belebele_spanish,2.0694468404986908
h100-d512-mix-r-stem-cool-low-seed0-from10pct-20260826-rno2a,core_design,belebele_swahili,2.1584526556677677
h100-d512-mix-r-stem-cool-low-seed0-from10pct-20260826-rno2a,core_design,belebele_thai,2.072516355894414
h100-d512-mix-r-stem-cool-low-seed0-from10pct-20260826-rno2a,core_design,belebele_turkish,2.3268407840916763
h100-d512-mix-r-stem-cool-low-seed0-from10pct-20260826-rno2a,core_design,belebele_vietnamese,2.1510363448892624
h100-d512-mix-r-stem-cool-low-seed0-from10pct-20260826-rno2a,core_design,belebele_yoruba,2.553366421785643
h100-d512-mix-r-stem-cool-low-seed0-from10pct-20260826-rno2a,core_design,boolq_0shot,2.4793853524437397
h100-d512-mix-r-stem-cool-low-seed0-from10pct-20260826-rno2a,core_design,copa_0shot,1.789623307061184
h100-d512-mix-r-stem-cool-low-seed0-from10pct-20260826-rno2a,core_design,csqa_0shot,4.458580848056529
h100-d512-mix-r-stem-cool-low-seed0-from10pct-20260826-rno2a,core_design,gpqa_0shot,3.290897316420907
h100-d512-mix-r-stem-cool-low-seed0-from10pct-20260826-rno2a,core_design,hellaswag_0shot,0.9605160201532754
h100-d512-mix-r-stem-cool-low-seed0-from10pct-20260826-rno2a,core_design,include_arabic,2.034725008822618
h100-d512-mix-r-stem-cool-low-seed0-from10pct-20260826-rno2a,core_design,include_bengali,2.1134469826085014
h100-d512-mix-r-stem-cool-low-seed0-from10pct-20260826-rno2a,core_design,include_chinese,2.057615249729083
h100-d512-mix-r-stem-cool-low-seed0-from10pct-20260826-rno2a,core_design,include_french,2.0666648698113703
h100-d512-mix-r-stem-cool-low-seed0-from10pct-20260826-rno2a,core_design,include_german,2.1842343688134966
h100-d512-mix-r-stem-cool-low-seed0-from10pct-20260826-rno2a,core_design,include_hebrew,2.1298699110619475
h100-d512-mix-r-stem-cool-low-seed0-from10pct-20260826-rno2a,core_design,include_hindi,2.125974729932138
h100-d512-mix-r-stem-cool-low-seed0-from10pct-20260826-rno2a,core_design,include_indonesian,2.04386849861355
h100-d512-mix-r-stem-cool-low-seed0-from10pct-20260826-rno2a,core_design,include_japanese,2.098577960871139
h100-d512-mix-r-stem-cool-low-seed0-from10pct-20260826-rno2a,core_design,include_korean,2.0620118528629243
h100-d512-mix-r-stem-cool-low-seed0-from10pct-20260826-rno2a,core_design,include_mean,2.0915822219917666
h100-d512-mix-r-stem-cool-low-seed0-from10pct-20260826-rno2a,core_design,include_portuguese,2.110373523743151
h100-d512-mix-r-stem-cool-low-seed0-from10pct-20260826-rno2a,core_design,include_russian,2.071747683696485
h100-d512-mix-r-stem-cool-low-seed0-from10pct-20260826-rno2a,core_design,include_spanish,2.0466937897332187
h100-d512-mix-r-stem-cool-low-seed0-from10pct-20260826-rno2a,core_design,include_turkish,2.1120267445424488
h100-d512-mix-r-stem-cool-low-seed0-from10pct-20260826-rno2a,core_design,include_vietnamese,2.115902155034428
h100-d512-mix-r-stem-cool-low-seed0-from10pct-20260826-rno2a,core_design,lambada_0shot,0.8710072677458368
h100-d512-mix-r-stem-cool-low-seed0-from10pct-20260826-rno2a,core_design,lb_bbh_3shot,1.596668601729426
h100-d512-mix-r-stem-cool-low-seed0-from10pct-20260826-rno2a,core_design,logprob_gsm8k_5shot,0.7269039339608171
h100-d512-mix-r-stem-cool-low-seed0-from10pct-20260826-rno2a,core_design,logprob_humaneval_10shot,0.5158953224782048
h100-d512-mix-r-stem-cool-low-seed0-from10pct-20260826-rno2a,core_design,medmcqa_0shot,3.481746556242198
h100-d512-mix-r-stem-cool-low-seed0-from10pct-20260826-rno2a,core_design,medqa_0shot,2.44701649304571
h100-d512-mix-r-stem-cool-low-seed0-from10pct-20260826-rno2a,core_design,mmlu_pro_5shot,3.7443808122191253
h100-d512-mix-r-stem-cool-low-seed0-from10pct-20260826-rno2a,core_design,musr_0shot,0.9068741035372792
h100-d512-mix-r-stem-cool-low-seed0-from10pct-20260826-rno2a,core_design,openbookqa_0shot,1.9681542071557294
h100-d512-mix-r-stem-cool-low-seed0-from10pct-20260826-rno2a,core_design,piqa_0shot,1.2592009568249822
h100-d512-mix-r-stem-cool-low-seed0-from10pct-20260826-rno2a,core_design,sciq_0shot,1.53450298673289
h100-d512-mix-r-stem-cool-low-seed0-from10pct-20260826-rno2a,core_design,truthfulqa_mc1_0shot,0.7510316533381759
h100-d512-mix-r-stem-cool-low-seed0-from10pct-20260826-rno2a,core_design,winogrande_0shot,0.4467859858420556
h100-d512-mix-r-stem-high-pre-swap-seed0-from10pct-20260826-rno2a,core_design,arc_challenge_0shot,1.4645526893191159
h100-d512-mix-r-stem-high-pre-swap-seed0-from10pct-20260826-rno2a,core_design,belebele_arabic,2.074692404316185
h100-d512-mix-r-stem-high-pre-swap-seed0-from10pct-20260826-rno2a,core_design,belebele_bengali,2.082628156779285
h100-d512-mix-r-stem-high-pre-swap-seed0-from10pct-20260826-rno2a,core_design,belebele_chinese_simplified,2.1298002540233054
h100-d512-mix-r-stem-high-pre-swap-seed0-from10pct-20260826-rno2a,core_design,belebele_french,2.1568256545973825
h100-d512-mix-r-stem-high-pre-swap-seed0-from10pct-20260826-rno2a,core_design,belebele_german,2.1473080800463746
h100-d512-mix-r-stem-high-pre-swap-seed0-from10pct-20260826-rno2a,core_design,belebele_hebrew,2.166137042014655
h100-d512-mix-r-stem-high-pre-swap-seed0-from10pct-20260826-rno2a,core_design,belebele_hindi,2.161470670572052
h100-d512-mix-r-stem-high-pre-swap-seed0-from10pct-20260826-rno2a,core_design,belebele_indonesian,2.079477382925138
h100-d512-mix-r-stem-high-pre-swap-seed0-from10pct-20260826-rno2a,core_design,belebele_japanese,2.1632605917630507
h100-d512-mix-r-stem-high-pre-swap-seed0-from10pct-20260826-rno2a,core_design,belebele_korean,2.1238245603148678
h100-d512-mix-r-stem-high-pre-swap-seed0-from10pct-20260826-rno2a,core_design,belebele_mean,2.152762612779829
h100-d512-mix-r-stem-high-pre-swap-seed0-from10pct-20260826-rno2a,core_design,belebele_portuguese,2.103410828953764
h100-d512-mix-r-stem-high-pre-swap-seed0-from10pct-20260826-rno2a,core_design,belebele_russian,2.122442110261516
h100-d512-mix-r-stem-high-pre-swap-seed0-from10pct-20260826-rno2a,core_design,belebele_spanish,2.141890413476798
h100-d512-mix-r-stem-high-pre-swap-seed0-from10pct-20260826-rno2a,core_design,belebele_swahili,2.3367492532325396
h100-d512-mix-r-stem-high-pre-swap-seed0-from10pct-20260826-rno2a,core_design,belebele_thai,2.112596024483144
h100-d512-mix-r-stem-high-pre-swap-seed0-from10pct-20260826-rno2a,core_design,belebele_turkish,2.239932648767756
h100-d512-mix-r-stem-high-pre-swap-seed0-from10pct-20260826-rno2a,core_design,belebele_vietnamese,2.1300031772129704
h100-d512-mix-r-stem-high-pre-swap-seed0-from10pct-20260826-rno2a,core_design,belebele_yoruba,2.277277776296141
h100-d512-mix-r-stem-high-pre-swap-seed0-from10pct-20260826-rno2a,core_design,boolq_0shot,2.262865401214426
h100-d512-mix-r-stem-high-pre-swap-seed0-from10pct-20260826-rno2a,core_design,copa_0shot,1.8266763359550686
h100-d512-mix-r-stem-high-pre-swap-seed0-from10pct-20260826-rno2a,core_design,csqa_0shot,3.3233412185101074
h100-d512-mix-r-stem-high-pre-swap-seed0-from10pct-20260826-rno2a,core_design,gpqa_0shot,3.376592926052437
h100-d512-mix-r-stem-high-pre-swap-seed0-from10pct-20260826-rno2a,core_design,hellaswag_0shot,0.9600952823269596
h100-d512-mix-r-stem-high-pre-swap-seed0-from10pct-20260826-rno2a,core_design,include_arabic,2.029848181848738
h100-d512-mix-r-stem-high-pre-swap-seed0-from10pct-20260826-rno2a,core_design,include_bengali,2.054511739180613
h100-d512-mix-r-stem-high-pre-swap-seed0-from10pct-20260826-rno2a,core_design,include_chinese,2.0736575356365408
h100-d512-mix-r-stem-high-pre-swap-seed0-from10pct-20260826-rno2a,core_design,include_french,2.0906334691946222
h100-d512-mix-r-stem-high-pre-swap-seed0-from10pct-20260826-rno2a,core_design,include_german,2.072173532699091
h100-d512-mix-r-stem-high-pre-swap-seed0-from10pct-20260826-rno2a,core_design,include_hebrew,2.0865692725277327
h100-d512-mix-r-stem-high-pre-swap-seed0-from10pct-20260826-rno2a,core_design,include_hindi,2.057250093214791
h100-d512-mix-r-stem-high-pre-swap-seed0-from10pct-20260826-rno2a,core_design,include_indonesian,2.0704022299563767
h100-d512-mix-r-stem-high-pre-swap-seed0-from10pct-20260826-rno2a,core_design,include_japanese,2.068370191569048
h100-d512-mix-r-stem-high-pre-swap-seed0-from10pct-20260826-rno2a,core_design,include_korean,2.0657077920187388
h100-d512-mix-r-stem-high-pre-swap-seed0-from10pct-20260826-rno2a,core_design,include_mean,2.0705372324343774
h100-d512-mix-r-stem-high-pre-swap-seed0-from10pct-20260826-rno2a,core_design,include_portuguese,2.0263656069605154
h100-d512-mix-r-stem-high-pre-swap-seed0-from10pct-20260826-rno2a,core_design,include_russian,2.098951325978679
h100-d512-mix-r-stem-high-pre-swap-seed0-from10pct-20260826-rno2a,core_design,include_spanish,2.0967781411069444
h100-d512-mix-r-stem-high-pre-swap-seed0-from10pct-20260826-rno2a,core_design,include_turkish,2.0527067038989983
h100-d512-mix-r-stem-high-pre-swap-seed0-from10pct-20260826-rno2a,core_design,include_vietnamese,2.1141326707242336
h100-d512-mix-r-stem-high-pre-swap-seed0-from10pct-20260826-rno2a,core_design,lambada_0shot,0.8655222182756538
h100-d512-mix-r-stem-high-pre-swap-seed0-from10pct-20260826-rno2a,core_design,lb_bbh_3shot,1.7666785953731856
h100-d512-mix-r-stem-high-pre-swap-seed0-from10pct-20260826-rno2a,core_design,logprob_gsm8k_5shot,0.7490195441146397
h100-d512-mix-r-stem-high-pre-swap-seed0-from10pct-20260826-rno2a,core_design,logprob_humaneval_10shot,0.5105966648559459
h100-d512-mix-r-stem-high-pre-swap-seed0-from10pct-20260826-rno2a,core_design,medmcqa_0shot,2.6878890045428356
h100-d512-mix-r-stem-high-pre-swap-seed0-from10pct-20260826-rno2a,core_design,medqa_0shot,2.112598969560024
h100-d512-mix-r-stem-high-pre-swap-seed0-from10pct-20260826-rno2a,core_design,mmlu_pro_5shot,3.9783913651166722
h100-d512-mix-r-stem-high-pre-swap-seed0-from10pct-20260826-rno2a,core_design,musr_0shot,0.9002326363386839
h100-d512-mix-r-stem-high-pre-swap-seed0-from10pct-20260826-rno2a,core_design,openbookqa_0shot,1.9761329704877197
h100-d512-mix-r-stem-high-pre-swap-seed0-from10pct-20260826-rno2a,core_design,piqa_0shot,1.2669819883113742
h100-d512-mix-r-stem-high-pre-swap-seed0-from10pct-20260826-rno2a,core_design,sciq_0shot,1.4632825571773018
h100-d512-mix-r-stem-high-pre-swap-seed0-from10pct-20260826-rno2a,core_design,truthfulqa_mc1_0shot,0.7773732055559174
h100-d512-mix-r-stem-high-pre-swap-seed0-from10pct-20260826-rno2a,core_design,winogrande_0shot,0.4460153776248146
h100-d512-mix-r-stem-high-pre-swap-seed1-from10pct-20260826-rno2a,core_design,arc_challenge_0shot,1.542189587456183
h100-d512-mix-r-stem-high-pre-swap-seed1-from10pct-20260826-rno2a,core_design,belebele_arabic,2.15669453894175
h100-d512-mix-r-stem-high-pre-swap-seed1-from10pct-20260826-rno2a,core_design,belebele_bengali,2.0909014048434216
h100-d512-mix-r-stem-high-pre-swap-seed1-from10pct-20260826-rno2a,core_design,belebele_chinese_simplified,2.094644017721144
h100-d512-mix-r-stem-high-pre-swap-seed1-from10pct-20260826-rno2a,core_design,belebele_french,2.195561213607307
h100-d512-mix-r-stem-high-pre-swap-seed1-from10pct-20260826-rno2a,core_design,belebele_german,2.1969364809963365
h100-d512-mix-r-stem-high-pre-swap-seed1-from10pct-20260826-rno2a,core_design,belebele_hebrew,2.097062522029075
h100-d512-mix-r-stem-high-pre-swap-seed1-from10pct-20260826-rno2a,core_design,belebele_hindi,2.1480741041497455
h100-d512-mix-r-stem-high-pre-swap-seed1-from10pct-20260826-rno2a,core_design,belebele_indonesian,2.168384704872158
h100-d512-mix-r-stem-high-pre-swap-seed1-from10pct-20260826-rno2a,core_design,belebele_japanese,2.131368131184611
h100-d512-mix-r-stem-high-pre-swap-seed1-from10pct-20260826-rno2a,core_design,belebele_korean,2.1659260259902626
h100-d512-mix-r-stem-high-pre-swap-seed1-from10pct-20260826-rno2a,core_design,belebele_mean,2.1815037170031326
h100-d512-mix-r-stem-high-pre-swap-seed1-from10pct-20260826-rno2a,core_design,belebele_portuguese,2.110606522967482
h100-d512-mix-r-stem-high-pre-swap-seed1-from10pct-20260826-rno2a,core_design,belebele_russian,2.129720362922498
h100-d512-mix-r-stem-high-pre-swap-seed1-from10pct-20260826-rno2a,core_design,belebele_spanish,2.1334888120850364
h100-d512-mix-r-stem-high-pre-swap-seed1-from10pct-20260826-rno2a,core_design,belebele_swahili,2.310028532632069
h100-d512-mix-r-stem-high-pre-swap-seed1-from10pct-20260826-rno2a,core_design,belebele_thai,2.1195648991777705
h100-d512-mix-r-stem-high-pre-swap-seed1-from10pct-20260826-rno2a,core_design,belebele_turkish,2.3626981608891584
h100-d512-mix-r-stem-high-pre-swap-seed1-from10pct-20260826-rno2a,core_design,belebele_vietnamese,2.292785741141935
h100-d512-mix-r-stem-high-pre-swap-seed1-from10pct-20260826-rno2a,core_design,belebele_yoruba,2.362620729904627
h100-d512-mix-r-stem-high-pre-swap-seed1-from10pct-20260826-rno2a,core_design,boolq_0shot,2.443171929508254
h100-d512-mix-r-stem-high-pre-swap-seed1-from10pct-20260826-rno2a,core_design,copa_0shot,1.8725355846164258
h100-d512-mix-r-stem-high-pre-swap-seed1-from10pct-20260826-rno2a,core_design,csqa_0shot,3.5853837497113688
h100-d512-mix-r-stem-high-pre-swap-seed1-from10pct-20260826-rno2a,core_design,gpqa_0shot,3.749653378983008
h100-d512-mix-r-stem-high-pre-swap-seed1-from10pct-20260826-rno2a,core_design,hellaswag_0shot,0.9615353933643728
h100-d512-mix-r-stem-high-pre-swap-seed1-from10pct-20260826-rno2a,core_design,include_arabic,2.0136233304657094
h100-d512-mix-r-stem-high-pre-swap-seed1-from10pct-20260826-rno2a,core_design,include_bengali,2.043178053615754
h100-d512-mix-r-stem-high-pre-swap-seed1-from10pct-20260826-rno2a,core_design,include_chinese,2.0431213801133876
h100-d512-mix-r-stem-high-pre-swap-seed1-from10pct-20260826-rno2a,core_design,include_french,2.033289021987827
h100-d512-mix-r-stem-high-pre-swap-seed1-from10pct-20260826-rno2a,core_design,include_german,2.0605070178152673
h100-d512-mix-r-stem-high-pre-swap-seed1-from10pct-20260826-rno2a,core_design,include_hebrew,2.077882003879158
h100-d512-mix-r-stem-high-pre-swap-seed1-from10pct-20260826-rno2a,core_design,include_hindi,2.0665408785124106
h100-d512-mix-r-stem-high-pre-swap-seed1-from10pct-20260826-rno2a,core_design,include_indonesian,2.0734858077480687
h100-d512-mix-r-stem-high-pre-swap-seed1-from10pct-20260826-rno2a,core_design,include_japanese,2.0631098624122077
h100-d512-mix-r-stem-high-pre-swap-seed1-from10pct-20260826-rno2a,core_design,include_korean,2.0535497643511578
h100-d512-mix-r-stem-high-pre-swap-seed1-from10pct-20260826-rno2a,core_design,include_mean,2.065412195503909
h100-d512-mix-r-stem-high-pre-swap-seed1-from10pct-20260826-rno2a,core_design,include_portuguese,2.087958252963106
h100-d512-mix-r-stem-high-pre-swap-seed1-from10pct-20260826-rno2a,core_design,include_russian,2.093774428380172
h100-d512-mix-r-stem-high-pre-swap-seed1-from10pct-20260826-rno2a,core_design,include_spanish,2.0439241790912006
h100-d512-mix-r-stem-high-pre-swap-seed1-from10pct-20260826-rno2a,core_design,include_turkish,2.095564499923774
h100-d512-mix-r-stem-high-pre-swap-seed1-from10pct-20260826-rno2a,core_design,include_vietnamese,2.1316744512994346
h100-d512-mix-r-stem-high-pre-swap-seed1-from10pct-20260826-rno2a,core_design,lambada_0shot,0.8703458891871857
h100-d512-mix-r-stem-high-pre-swap-seed1-from10pct-20260826-rno2a,core_design,lb_bbh_3shot,1.7941642138317653
h100-d512-mix-r-stem-high-pre-swap-seed1-from10pct-20260826-rno2a,core_design,logprob_gsm8k_5shot,0.6466425620951115
h100-d512-mix-r-stem-high-pre-swap-seed1-from10pct-20260826-rno2a,core_design,logprob_humaneval_10shot,0.5236078219116277
h100-d512-mix-r-stem-high-pre-swap-seed1-from10pct-20260826-rno2a,core_design,medmcqa_0shot,2.5134550070861006
h100-d512-mix-r-stem-high-pre-swap-seed1-from10pct-20260826-rno2a,core_design,medqa_0shot,2.3245932014567185
h100-d512-mix-r-stem-high-pre-swap-seed1-from10pct-20260826-rno2a,core_design,mmlu_pro_5shot,3.7082607227768563
h100-d512-mix-r-stem-high-pre-swap-seed1-from10pct-20260826-rno2a,core_design,musr_0shot,0.825108580751105
h100-d512-mix-r-stem-high-pre-swap-seed1-from10pct-20260826-rno2a,core_design,openbookqa_0shot,1.9580131028296748
h100-d512-mix-r-stem-high-pre-swap-seed1-from10pct-20260826-rno2a,core_design,piqa_0shot,1.269240019645404
h100-d512-mix-r-stem-high-pre-swap-seed1-from10pct-20260826-rno2a,core_design,sciq_0shot,1.6889972995684737
h100-d512-mix-r-stem-high-pre-swap-seed1-from10pct-20260826-rno2a,core_design,truthfulqa_mc1_0shot,0.7724735012448911
h100-d512-mix-r-stem-high-pre-swap-seed1-from10pct-20260826-rno2a,core_design,winogrande_0shot,0.44656697628036024
h100-d512-mix-r-stem-low-pre-swap-seed0-from10pct-20260826-rno2a,core_design,arc_challenge_0shot,1.5019021251320446
h100-d512-mix-r-stem-low-pre-swap-seed0-from10pct-20260826-rno2a,core_design,belebele_arabic,2.217385566544341
h100-d512-mix-r-stem-low-pre-swap-seed0-from10pct-20260826-rno2a,core_design,belebele_bengali,2.1445961157218845
h100-d512-mix-r-stem-low-pre-swap-seed0-from10pct-20260826-rno2a,core_design,belebele_chinese_simplified,2.149307021880837
h100-d512-mix-r-stem-low-pre-swap-seed0-from10pct-20260826-rno2a,core_design,belebele_french,2.1941326966632873
h100-d512-mix-r-stem-low-pre-swap-seed0-from10pct-20260826-rno2a,core_design,belebele_german,2.2097938894518605
h100-d512-mix-r-stem-low-pre-swap-seed0-from10pct-20260826-rno2a,core_design,belebele_hebrew,2.1469031582648803
h100-d512-mix-r-stem-low-pre-swap-seed0-from10pct-20260826-rno2a,core_design,belebele_hindi,2.2289751001707034
h100-d512-mix-r-stem-low-pre-swap-seed0-from10pct-20260826-rno2a,core_design,belebele_indonesian,2.1376457842922183
h100-d512-mix-r-stem-low-pre-swap-seed0-from10pct-20260826-rno2a,core_design,belebele_japanese,2.2233423687229483
h100-d512-mix-r-stem-low-pre-swap-seed0-from10pct-20260826-rno2a,core_design,belebele_korean,2.111210940228862
h100-d512-mix-r-stem-low-pre-swap-seed0-from10pct-20260826-rno2a,core_design,belebele_mean,2.2261036760908386
h100-d512-mix-r-stem-low-pre-swap-seed0-from10pct-20260826-rno2a,core_design,belebele_portuguese,2.0988731506956086
h100-d512-mix-r-stem-low-pre-swap-seed0-from10pct-20260826-rno2a,core_design,belebele_russian,2.1117070802707283
h100-d512-mix-r-stem-low-pre-swap-seed0-from10pct-20260826-rno2a,core_design,belebele_spanish,2.1769330442502857
h100-d512-mix-r-stem-low-pre-swap-seed0-from10pct-20260826-rno2a,core_design,belebele_swahili,2.6237550617797423
h100-d512-mix-r-stem-low-pre-swap-seed0-from10pct-20260826-rno2a,core_design,belebele_thai,2.118128274780495
h100-d512-mix-r-stem-low-pre-swap-seed0-from10pct-20260826-rno2a,core_design,belebele_turkish,2.4535106743479167
h100-d512-mix-r-stem-low-pre-swap-seed0-from10pct-20260826-rno2a,core_design,belebele_vietnamese,2.2085895736777053
h100-d512-mix-r-stem-low-pre-swap-seed0-from10pct-20260826-rno2a,core_design,belebele_yoruba,2.515076667890793
h100-d512-mix-r-stem-low-pre-swap-seed0-from10pct-20260826-rno2a,core_design,boolq_0shot,2.2911128452801095
h100-d512-mix-r-stem-low-pre-swap-seed0-from10pct-20260826-rno2a,core_design,copa_0shot,1.8106128959955716
h100-d512-mix-r-stem-low-pre-swap-seed0-from10pct-20260826-rno2a,core_design,csqa_0shot,3.7287752233075655
h100-d512-mix-r-stem-low-pre-swap-seed0-from10pct-20260826-rno2a,core_design,gpqa_0shot,3.108757191674765
h100-d512-mix-r-stem-low-pre-swap-seed0-from10pct-20260826-rno2a,core_design,hellaswag_0shot,0.9601238173372384
h100-d512-mix-r-stem-low-pre-swap-seed0-from10pct-20260826-rno2a,core_design,include_arabic,2.0910872460390757
h100-d512-mix-r-stem-low-pre-swap-seed0-from10pct-20260826-rno2a,core_design,include_bengali,2.168124206756155
h100-d512-mix-r-stem-low-pre-swap-seed0-from10pct-20260826-rno2a,core_design,include_chinese,2.050069878555117
h100-d512-mix-r-stem-low-pre-swap-seed0-from10pct-20260826-rno2a,core_design,include_french,2.02593526610091
h100-d512-mix-r-stem-low-pre-swap-seed0-from10pct-20260826-rno2a,core_design,include_german,2.0109897401907877
h100-d512-mix-r-stem-low-pre-swap-seed0-from10pct-20260826-rno2a,core_design,include_hebrew,2.072436928712465
h100-d512-mix-r-stem-low-pre-swap-seed0-from10pct-20260826-rno2a,core_design,include_hindi,2.1033042597078233
h100-d512-mix-r-stem-low-pre-swap-seed0-from10pct-20260826-rno2a,core_design,include_indonesian,2.073404969648249
h100-d512-mix-r-stem-low-pre-swap-seed0-from10pct-20260826-rno2a,core_design,include_japanese,2.0850620885826565
h100-d512-mix-r-stem-low-pre-swap-seed0-from10pct-20260826-rno2a,core_design,include_korean,2.091421803343942
h100-d512-mix-r-stem-low-pre-swap-seed0-from10pct-20260826-rno2a,core_design,include_mean,2.0722666926836757
h100-d512-mix-r-stem-low-pre-swap-seed0-from10pct-20260826-rno2a,core_design,include_portuguese,2.059627342228758
h100-d512-mix-r-stem-low-pre-swap-seed0-from10pct-20260826-rno2a,core_design,include_russian,2.0575984920171884
h100-d512-mix-r-stem-low-pre-swap-seed0-from10pct-20260826-rno2a,core_design,include_spanish,2.042608411749467
h100-d512-mix-r-stem-low-pre-swap-seed0-from10pct-20260826-rno2a,core_design,include_turkish,2.064072933257572
h100-d512-mix-r-stem-low-pre-swap-seed0-from10pct-20260826-rno2a,core_design,include_vietnamese,2.0882568233649694
h100-d512-mix-r-stem-low-pre-swap-seed0-from10pct-20260826-rno2a,core_design,lambada_0shot,0.8662392679870191
h100-d512-mix-r-stem-low-pre-swap-seed0-from10pct-20260826-rno2a,core_design,lb_bbh_3shot,1.773675501742373
h100-d512-mix-r-stem-low-pre-swap-seed0-from10pct-20260826-rno2a,core_design,logprob_gsm8k_5shot,0.7269128364547479
h100-d512-mix-r-stem-low-pre-swap-seed0-from10pct-20260826-rno2a,core_design,logprob_humaneval_10shot,0.5183169432491651
h100-d512-mix-r-stem-low-pre-swap-seed0-from10pct-20260826-rno2a,core_design,medmcqa_0shot,3.5007413903668545
h100-d512-mix-r-stem-low-pre-swap-seed0-from10pct-20260826-rno2a,core_design,medqa_0shot,2.2217973603883485
h100-d512-mix-r-stem-low-pre-swap-seed0-from10pct-20260826-rno2a,core_design,mmlu_pro_5shot,3.8626221435955834
h100-d512-mix-r-stem-low-pre-swap-seed0-from10pct-20260826-rno2a,core_design,musr_0shot,0.851434406022885
h100-d512-mix-r-stem-low-pre-swap-seed0-from10pct-20260826-rno2a,core_design,openbookqa_0shot,1.9891959878709071
h100-d512-mix-r-stem-low-pre-swap-seed0-from10pct-20260826-rno2a,core_design,piqa_0shot,1.2894432784072265
h100-d512-mix-r-stem-low-pre-swap-seed0-from10pct-20260826-rno2a,core_design,sciq_0shot,1.6289862440013618
h100-d512-mix-r-stem-low-pre-swap-seed0-from10pct-20260826-rno2a,core_design,truthfulqa_mc1_0shot,0.7648232109150348
h100-d512-mix-r-stem-low-pre-swap-seed0-from10pct-20260826-rno2a,core_design,winogrande_0shot,0.4457492632738731
h100-d512-mix-r-stem-low-pre-swap-seed1-from10pct-20260826-rno2a,core_design,arc_challenge_0shot,1.5438936588353445
h100-d512-mix-r-stem-low-pre-swap-seed1-from10pct-20260826-rno2a,core_design,belebele_arabic,2.129398684852499
h100-d512-mix-r-stem-low-pre-swap-seed1-from10pct-20260826-rno2a,core_design,belebele_bengali,2.0885831969956357
h100-d512-mix-r-stem-low-pre-swap-seed1-from10pct-20260826-rno2a,core_design,belebele_chinese_simplified,2.1049028902387197
h100-d512-mix-r-stem-low-pre-swap-seed1-from10pct-20260826-rno2a,core_design,belebele_french,2.193306683100376
h100-d512-mix-r-stem-low-pre-swap-seed1-from10pct-20260826-rno2a,core_design,belebele_german,2.1513107477949163
h100-d512-mix-r-stem-low-pre-swap-seed1-from10pct-20260826-rno2a,core_design,belebele_hebrew,2.1355121938007424
h100-d512-mix-r-stem-low-pre-swap-seed1-from10pct-20260826-rno2a,core_design,belebele_hindi,2.2356942413422036
h100-d512-mix-r-stem-low-pre-swap-seed1-from10pct-20260826-rno2a,core_design,belebele_indonesian,2.1413110538010085
h100-d512-mix-r-stem-low-pre-swap-seed1-from10pct-20260826-rno2a,core_design,belebele_japanese,2.0973643702127958
h100-d512-mix-r-stem-low-pre-swap-seed1-from10pct-20260826-rno2a,core_design,belebele_korean,2.142791579445208
h100-d512-mix-r-stem-low-pre-swap-seed1-from10pct-20260826-rno2a,core_design,belebele_mean,2.1751991334294822
h100-d512-mix-r-stem-low-pre-swap-seed1-from10pct-20260826-rno2a,core_design,belebele_portuguese,2.111382885999003
h100-d512-mix-r-stem-low-pre-swap-seed1-from10pct-20260826-rno2a,core_design,belebele_russian,2.1100144153643368
h100-d512-mix-r-stem-low-pre-swap-seed1-from10pct-20260826-rno2a,core_design,belebele_spanish,2.114434074827903
h100-d512-mix-r-stem-low-pre-swap-seed1-from10pct-20260826-rno2a,core_design,belebele_swahili,2.291639912272223
h100-d512-mix-r-stem-low-pre-swap-seed1-from10pct-20260826-rno2a,core_design,belebele_thai,2.0994404708214716
h100-d512-mix-r-stem-low-pre-swap-seed1-from10pct-20260826-rno2a,core_design,belebele_turkish,2.4637571271383676
h100-d512-mix-r-stem-low-pre-swap-seed1-from10pct-20260826-rno2a,core_design,belebele_vietnamese,2.383817434450434
h100-d512-mix-r-stem-low-pre-swap-seed1-from10pct-20260826-rno2a,core_design,belebele_yoruba,2.1589224392728426
h100-d512-mix-r-stem-low-pre-swap-seed1-from10pct-20260826-rno2a,core_design,boolq_0shot,2.336626905106059
h100-d512-mix-r-stem-low-pre-swap-seed1-from10pct-20260826-rno2a,core_design,copa_0shot,1.8426345757269242
h100-d512-mix-r-stem-low-pre-swap-seed1-from10pct-20260826-rno2a,core_design,csqa_0shot,4.904011152505758
h100-d512-mix-r-stem-low-pre-swap-seed1-from10pct-20260826-rno2a,core_design,gpqa_0shot,3.093554547092329
h100-d512-mix-r-stem-low-pre-swap-seed1-from10pct-20260826-rno2a,core_design,hellaswag_0shot,0.9606195916473703
h100-d512-mix-r-stem-low-pre-swap-seed1-from10pct-20260826-rno2a,core_design,include_arabic,2.0674437335809133
h100-d512-mix-r-stem-low-pre-swap-seed1-from10pct-20260826-rno2a,core_design,include_bengali,2.0876810460353017
h100-d512-mix-r-stem-low-pre-swap-seed1-from10pct-20260826-rno2a,core_design,include_chinese,2.113472003229437
h100-d512-mix-r-stem-low-pre-swap-seed1-from10pct-20260826-rno2a,core_design,include_french,2.14366370061481
h100-d512-mix-r-stem-low-pre-swap-seed1-from10pct-20260826-rno2a,core_design,include_german,2.191071239675515
h100-d512-mix-r-stem-low-pre-swap-seed1-from10pct-20260826-rno2a,core_design,include_hebrew,2.0814814297171496
h100-d512-mix-r-stem-low-pre-swap-seed1-from10pct-20260826-rno2a,core_design,include_hindi,2.0980662020319047
h100-d512-mix-r-stem-low-pre-swap-seed1-from10pct-20260826-rno2a,core_design,include_indonesian,2.1655357092360603
h100-d512-mix-r-stem-low-pre-swap-seed1-from10pct-20260826-rno2a,core_design,include_japanese,2.107323469530494
h100-d512-mix-r-stem-low-pre-swap-seed1-from10pct-20260826-rno2a,core_design,include_korean,2.1107520176530428
h100-d512-mix-r-stem-low-pre-swap-seed1-from10pct-20260826-rno2a,core_design,include_mean,2.124837862830604
h100-d512-mix-r-stem-low-pre-swap-seed1-from10pct-20260826-rno2a,core_design,include_portuguese,2.060341002966207
h100-d512-mix-r-stem-low-pre-swap-seed1-from10pct-20260826-rno2a,core_design,include_russian,2.155762897157416
h100-d512-mix-r-stem-low-pre-swap-seed1-from10pct-20260826-rno2a,core_design,include_spanish,2.1197639289929207
h100-d512-mix-r-stem-low-pre-swap-seed1-from10pct-20260826-rno2a,core_design,include_turkish,2.1657153389750947
h100-d512-mix-r-stem-low-pre-swap-seed1-from10pct-20260826-rno2a,core_design,include_vietnamese,2.204494223062793
h100-d512-mix-r-stem-low-pre-swap-seed1-from10pct-20260826-rno2a,core_design,lambada_0shot,0.867385833891519
h100-d512-mix-r-stem-low-pre-swap-seed1-from10pct-20260826-rno2a,core_design,lb_bbh_3shot,1.7762524743775525
h100-d512-mix-r-stem-low-pre-swap-seed1-from10pct-20260826-rno2a,core_design,logprob_gsm8k_5shot,0.6448223581698563
h100-d512-mix-r-stem-low-pre-swap-seed1-from10pct-20260826-rno2a,core_design,logprob_humaneval_10shot,0.5233758942817635
h100-d512-mix-r-stem-low-pre-swap-seed1-from10pct-20260826-rno2a,core_design,medmcqa_0shot,2.630887850739094
h100-d512-mix-r-stem-low-pre-swap-seed1-from10pct-20260826-rno2a,core_design,medqa_0shot,2.432451209660192
h100-d512-mix-r-stem-low-pre-swap-seed1-from10pct-20260826-rno2a,core_design,mmlu_pro_5shot,3.72169749229918
h100-d512-mix-r-stem-low-pre-swap-seed1-from10pct-20260826-rno2a,core_design,musr_0shot,0.8814193206968002
h100-d512-mix-r-stem-low-pre-swap-seed1-from10pct-20260826-rno2a,core_design,openbookqa_0shot,1.9691660329986123
h100-d512-mix-r-stem-low-pre-swap-seed1-from10pct-20260826-rno2a,core_design,piqa_0shot,1.277015077911858
h100-d512-mix-r-stem-low-pre-swap-seed1-from10pct-20260826-rno2a,core_design,sciq_0shot,1.73188919106675
h100-d512-mix-r-stem-low-pre-swap-seed1-from10pct-20260826-rno2a,core_design,truthfulqa_mc1_0shot,0.7727239625082261
h100-d512-mix-r-stem-low-pre-swap-seed1-from10pct-20260826-rno2a,core_design,winogrande_0shot,0.445898871482509
h100-d512-mix-r-stem-pre-high-seed0-from10pct-20260826-rno2a,core_design,arc_challenge_0shot,1.5203842485182846
h100-d512-mix-r-stem-pre-high-seed0-from10pct-20260826-rno2a,core_design,belebele_arabic,2.196008959642143
h100-d512-mix-r-stem-pre-high-seed0-from10pct-20260826-rno2a,core_design,belebele_bengali,2.1136519188474243
h100-d512-mix-r-stem-pre-high-seed0-from10pct-20260826-rno2a,core_design,belebele_chinese_simplified,2.1616489376600656
h100-d512-mix-r-stem-pre-high-seed0-from10pct-20260826-rno2a,core_design,belebele_french,2.10586815127473
h100-d512-mix-r-stem-pre-high-seed0-from10pct-20260826-rno2a,core_design,belebele_german,2.102195237710375
h100-d512-mix-r-stem-pre-high-seed0-from10pct-20260826-rno2a,core_design,belebele_hebrew,2.081191225392976
h100-d512-mix-r-stem-pre-high-seed0-from10pct-20260826-rno2a,core_design,belebele_hindi,2.135437347046633
h100-d512-mix-r-stem-pre-high-seed0-from10pct-20260826-rno2a,core_design,belebele_indonesian,2.0441727281750244
h100-d512-mix-r-stem-pre-high-seed0-from10pct-20260826-rno2a,core_design,belebele_japanese,2.109962620018195
h100-d512-mix-r-stem-pre-high-seed0-from10pct-20260826-rno2a,core_design,belebele_korean,2.0985056925637733
h100-d512-mix-r-stem-pre-high-seed0-from10pct-20260826-rno2a,core_design,belebele_mean,2.1347605335875146
h100-d512-mix-r-stem-pre-high-seed0-from10pct-20260826-rno2a,core_design,belebele_portuguese,2.0668958153413244
h100-d512-mix-r-stem-pre-high-seed0-from10pct-20260826-rno2a,core_design,belebele_russian,2.07133933023175
h100-d512-mix-r-stem-pre-high-seed0-from10pct-20260826-rno2a,core_design,belebele_spanish,2.0620919650760916
h100-d512-mix-r-stem-pre-high-seed0-from10pct-20260826-rno2a,core_design,belebele_swahili,2.2343141565280367
h100-d512-mix-r-stem-pre-high-seed0-from10pct-20260826-rno2a,core_design,belebele_thai,2.0507227977886653
h100-d512-mix-r-stem-pre-high-seed0-from10pct-20260826-rno2a,core_design,belebele_turkish,2.1992071447180197
h100-d512-mix-r-stem-pre-high-seed0-from10pct-20260826-rno2a,core_design,belebele_vietnamese,2.1813149922180837
h100-d512-mix-r-stem-pre-high-seed0-from10pct-20260826-rno2a,core_design,belebele_yoruba,2.4111605843419475
h100-d512-mix-r-stem-pre-high-seed0-from10pct-20260826-rno2a,core_design,boolq_0shot,2.452500444803949
h100-d512-mix-r-stem-pre-high-seed0-from10pct-20260826-rno2a,core_design,copa_0shot,1.7744876012639
h100-d512-mix-r-stem-pre-high-seed0-from10pct-20260826-rno2a,core_design,csqa_0shot,3.7969081245147165
h100-d512-mix-r-stem-pre-high-seed0-from10pct-20260826-rno2a,core_design,gpqa_0shot,3.243744108936879
h100-d512-mix-r-stem-pre-high-seed0-from10pct-20260826-rno2a,core_design,hellaswag_0shot,0.958962042415662
h100-d512-mix-r-stem-pre-high-seed0-from10pct-20260826-rno2a,core_design,include_arabic,2.1195888828251808
h100-d512-mix-r-stem-pre-high-seed0-from10pct-20260826-rno2a,core_design,include_bengali,2.122614467912668
h100-d512-mix-r-stem-pre-high-seed0-from10pct-20260826-rno2a,core_design,include_chinese,2.1259259190924458
h100-d512-mix-r-stem-pre-high-seed0-from10pct-20260826-rno2a,core_design,include_french,2.0367025950058903
h100-d512-mix-r-stem-pre-high-seed0-from10pct-20260826-rno2a,core_design,include_german,2.0336782569319727
h100-d512-mix-r-stem-pre-high-seed0-from10pct-20260826-rno2a,core_design,include_hebrew,2.0854059123806707
h100-d512-mix-r-stem-pre-high-seed0-from10pct-20260826-rno2a,core_design,include_hindi,2.0899697716331294
h100-d512-mix-r-stem-pre-high-seed0-from10pct-20260826-rno2a,core_design,include_indonesian,2.081294421254779
h100-d512-mix-r-stem-pre-high-seed0-from10pct-20260826-rno2a,core_design,include_japanese,2.0755674682940186
h100-d512-mix-r-stem-pre-high-seed0-from10pct-20260826-rno2a,core_design,include_korean,2.1619931849369043
h100-d512-mix-r-stem-pre-high-seed0-from10pct-20260826-rno2a,core_design,include_mean,2.09615796404855
h100-d512-mix-r-stem-pre-high-seed0-from10pct-20260826-rno2a,core_design,include_portuguese,2.0913200432541776
h100-d512-mix-r-stem-pre-high-seed0-from10pct-20260826-rno2a,core_design,include_russian,2.099641638012188
h100-d512-mix-r-stem-pre-high-seed0-from10pct-20260826-rno2a,core_design,include_spanish,2.088083439680893
h100-d512-mix-r-stem-pre-high-seed0-from10pct-20260826-rno2a,core_design,include_turkish,2.1056489132417116
h100-d512-mix-r-stem-pre-high-seed0-from10pct-20260826-rno2a,core_design,include_vietnamese,2.1249345462716214
h100-d512-mix-r-stem-pre-high-seed0-from10pct-20260826-rno2a,core_design,lambada_0shot,0.8679173162447483
h100-d512-mix-r-stem-pre-high-seed0-from10pct-20260826-rno2a,core_design,lb_bbh_3shot,1.8238546486727902
h100-d512-mix-r-stem-pre-high-seed0-from10pct-20260826-rno2a,core_design,logprob_gsm8k_5shot,0.7434423201091503
h100-d512-mix-r-stem-pre-high-seed0-from10pct-20260826-rno2a,core_design,logprob_humaneval_10shot,0.531353342900501
h100-d512-mix-r-stem-pre-high-seed0-from10pct-20260826-rno2a,core_design,medmcqa_0shot,2.5159153996467745
h100-d512-mix-r-stem-pre-high-seed0-from10pct-20260826-rno2a,core_design,medqa_0shot,2.183921337410698
h100-d512-mix-r-stem-pre-high-seed0-from10pct-20260826-rno2a,core_design,mmlu_pro_5shot,3.6957836398095147
h100-d512-mix-r-stem-pre-high-seed0-from10pct-20260826-rno2a,core_design,musr_0shot,0.7755297327617316
h100-d512-mix-r-stem-pre-high-seed0-from10pct-20260826-rno2a,core_design,openbookqa_0shot,1.9806850831962677
h100-d512-mix-r-stem-pre-high-seed0-from10pct-20260826-rno2a,core_design,piqa_0shot,1.2687138917887093
h100-d512-mix-r-stem-pre-high-seed0-from10pct-20260826-rno2a,core_design,sciq_0shot,1.5259823161040222
h100-d512-mix-r-stem-pre-high-seed0-from10pct-20260826-rno2a,core_design,truthfulqa_mc1_0shot,0.7567746170058517
h100-d512-mix-r-stem-pre-high-seed0-from10pct-20260826-rno2a,core_design,winogrande_0shot,0.4472687324547368
h100-d512-mix-r-stem-pre-low-seed0-from10pct-20260826-rno2a,core_design,arc_challenge_0shot,1.5220123766772453
h100-d512-mix-r-stem-pre-low-seed0-from10pct-20260826-rno2a,core_design,belebele_arabic,2.2855102075266616
h100-d512-mix-r-stem-pre-low-seed0-from10pct-20260826-rno2a,core_design,belebele_bengali,2.3233250281781386
h100-d512-mix-r-stem-pre-low-seed0-from10pct-20260826-rno2a,core_design,belebele_chinese_simplified,2.1763773672543443
h100-d512-mix-r-stem-pre-low-seed0-from10pct-20260826-rno2a,core_design,belebele_french,2.0701372650416734
h100-d512-mix-r-stem-pre-low-seed0-from10pct-20260826-rno2a,core_design,belebele_german,2.122838383990956
h100-d512-mix-r-stem-pre-low-seed0-from10pct-20260826-rno2a,core_design,belebele_hebrew,2.2023838837484306
h100-d512-mix-r-stem-pre-low-seed0-from10pct-20260826-rno2a,core_design,belebele_hindi,2.2729707897375575
h100-d512-mix-r-stem-pre-low-seed0-from10pct-20260826-rno2a,core_design,belebele_indonesian,2.0917168591493014
h100-d512-mix-r-stem-pre-low-seed0-from10pct-20260826-rno2a,core_design,belebele_japanese,2.1739081319817917
h100-d512-mix-r-stem-pre-low-seed0-from10pct-20260826-rno2a,core_design,belebele_korean,2.1507480280138727
h100-d512-mix-r-stem-pre-low-seed0-from10pct-20260826-rno2a,core_design,belebele_mean,2.2013008602409876
h100-d512-mix-r-stem-pre-low-seed0-from10pct-20260826-rno2a,core_design,belebele_portuguese,2.077740119668815
h100-d512-mix-r-stem-pre-low-seed0-from10pct-20260826-rno2a,core_design,belebele_russian,2.0838448495715474
h100-d512-mix-r-stem-pre-low-seed0-from10pct-20260826-rno2a,core_design,belebele_spanish,2.067493485150032
h100-d512-mix-r-stem-pre-low-seed0-from10pct-20260826-rno2a,core_design,belebele_swahili,2.489736337946972
h100-d512-mix-r-stem-pre-low-seed0-from10pct-20260826-rno2a,core_design,belebele_thai,2.125999653850739
h100-d512-mix-r-stem-pre-low-seed0-from10pct-20260826-rno2a,core_design,belebele_turkish,2.302172206629977
h100-d512-mix-r-stem-pre-low-seed0-from10pct-20260826-rno2a,core_design,belebele_vietnamese,2.145605623021115
h100-d512-mix-r-stem-pre-low-seed0-from10pct-20260826-rno2a,core_design,belebele_yoruba,2.460907263875851
h100-d512-mix-r-stem-pre-low-seed0-from10pct-20260826-rno2a,core_design,boolq_0shot,2.19110531555754
h100-d512-mix-r-stem-pre-low-seed0-from10pct-20260826-rno2a,core_design,copa_0shot,1.8261090226379502
h100-d512-mix-r-stem-pre-low-seed0-from10pct-20260826-rno2a,core_design,csqa_0shot,5.241817502952878
h100-d512-mix-r-stem-pre-low-seed0-from10pct-20260826-rno2a,core_design,gpqa_0shot,3.451479223699446
h100-d512-mix-r-stem-pre-low-seed0-from10pct-20260826-rno2a,core_design,hellaswag_0shot,0.9597805252913852
h100-d512-mix-r-stem-pre-low-seed0-from10pct-20260826-rno2a,core_design,include_arabic,2.0738725686048043
h100-d512-mix-r-stem-pre-low-seed0-from10pct-20260826-rno2a,core_design,include_bengali,2.2069477169237834
h100-d512-mix-r-stem-pre-low-seed0-from10pct-20260826-rno2a,core_design,include_chinese,2.1413241034650055
h100-d512-mix-r-stem-pre-low-seed0-from10pct-20260826-rno2a,core_design,include_french,2.141227089821526
h100-d512-mix-r-stem-pre-low-seed0-from10pct-20260826-rno2a,core_design,include_german,2.1217497818135373
h100-d512-mix-r-stem-pre-low-seed0-from10pct-20260826-rno2a,core_design,include_hebrew,2.1703097711072727
h100-d512-mix-r-stem-pre-low-seed0-from10pct-20260826-rno2a,core_design,include_hindi,2.128145220942406
h100-d512-mix-r-stem-pre-low-seed0-from10pct-20260826-rno2a,core_design,include_indonesian,2.135236479197303
h100-d512-mix-r-stem-pre-low-seed0-from10pct-20260826-rno2a,core_design,include_japanese,2.147589088228369
h100-d512-mix-r-stem-pre-low-seed0-from10pct-20260826-rno2a,core_design,include_korean,2.1155818516686615
h100-d512-mix-r-stem-pre-low-seed0-from10pct-20260826-rno2a,core_design,include_mean,2.130960265560961
h100-d512-mix-r-stem-pre-low-seed0-from10pct-20260826-rno2a,core_design,include_portuguese,2.065225471152809
h100-d512-mix-r-stem-pre-low-seed0-from10pct-20260826-rno2a,core_design,include_russian,2.126527998786377
h100-d512-mix-r-stem-pre-low-seed0-from10pct-20260826-rno2a,core_design,include_spanish,2.0913059841449178
h100-d512-mix-r-stem-pre-low-seed0-from10pct-20260826-rno2a,core_design,include_turkish,2.150709787409229
h100-d512-mix-r-stem-pre-low-seed0-from10pct-20260826-rno2a,core_design,include_vietnamese,2.1486510701484143
h100-d512-mix-r-stem-pre-low-seed0-from10pct-20260826-rno2a,core_design,lambada_0shot,0.862096948217855
h100-d512-mix-r-stem-pre-low-seed0-from10pct-20260826-rno2a,core_design,lb_bbh_3shot,1.5517890016114424
h100-d512-mix-r-stem-pre-low-seed0-from10pct-20260826-rno2a,core_design,logprob_gsm8k_5shot,0.7316495517311271
h100-d512-mix-r-stem-pre-low-seed0-from10pct-20260826-rno2a,core_design,logprob_humaneval_10shot,0.5260814674069194
h100-d512-mix-r-stem-pre-low-seed0-from10pct-20260826-rno2a,core_design,medmcqa_0shot,4.430037714523744
h100-d512-mix-r-stem-pre-low-seed0-from10pct-20260826-rno2a,core_design,medqa_0shot,2.18504142927516
h100-d512-mix-r-stem-pre-low-seed0-from10pct-20260826-rno2a,core_design,mmlu_pro_5shot,3.495186011662183
h100-d512-mix-r-stem-pre-low-seed0-from10pct-20260826-rno2a,core_design,musr_0shot,0.778879375644251
h100-d512-mix-r-stem-pre-low-seed0-from10pct-20260826-rno2a,core_design,openbookqa_0shot,1.9711914373713044
h100-d512-mix-r-stem-pre-low-seed0-from10pct-20260826-rno2a,core_design,piqa_0shot,1.2650727889160776
h100-d512-mix-r-stem-pre-low-seed0-from10pct-20260826-rno2a,core_design,sciq_0shot,1.6261725792371922
h100-d512-mix-r-stem-pre-low-seed0-from10pct-20260826-rno2a,core_design,truthfulqa_mc1_0shot,0.7418251778867813
h100-d512-mix-r-stem-pre-low-seed0-from10pct-20260826-rno2a,core_design,winogrande_0shot,0.4474854188174828
h100-d512-mix-u-math-cool-high-seed0-from10pct-20260826-rno2a,core_design,arc_challenge_0shot,1.463659691041339
h100-d512-mix-u-math-cool-high-seed0-from10pct-20260826-rno2a,core_design,belebele_arabic,2.3172713678547527
h100-d512-mix-u-math-cool-high-seed0-from10pct-20260826-rno2a,core_design,belebele_bengali,2.1567860305589965
h100-d512-mix-u-math-cool-high-seed0-from10pct-20260826-rno2a,core_design,belebele_chinese_simplified,2.3756388097120675
h100-d512-mix-u-math-cool-high-seed0-from10pct-20260826-rno2a,core_design,belebele_french,2.412728309298607
h100-d512-mix-u-math-cool-high-seed0-from10pct-20260826-rno2a,core_design,belebele_german,2.757041014163597
h100-d512-mix-u-math-cool-high-seed0-from10pct-20260826-rno2a,core_design,belebele_hebrew,2.2410571816946336
h100-d512-mix-u-math-cool-high-seed0-from10pct-20260826-rno2a,core_design,belebele_hindi,2.3683067859109244
h100-d512-mix-u-math-cool-high-seed0-from10pct-20260826-rno2a,core_design,belebele_indonesian,2.167906176809199
h100-d512-mix-u-math-cool-high-seed0-from10pct-20260826-rno2a,core_design,belebele_japanese,2.2711702444138457
h100-d512-mix-u-math-cool-high-seed0-from10pct-20260826-rno2a,core_design,belebele_korean,2.271667363801359
h100-d512-mix-u-math-cool-high-seed0-from10pct-20260826-rno2a,core_design,belebele_mean,2.378513530545413
h100-d512-mix-u-math-cool-high-seed0-from10pct-20260826-rno2a,core_design,belebele_portuguese,2.197885872619874
h100-d512-mix-u-math-cool-high-seed0-from10pct-20260826-rno2a,core_design,belebele_russian,2.3028747106610825
h100-d512-mix-u-math-cool-high-seed0-from10pct-20260826-rno2a,core_design,belebele_spanish,2.3052674620957796
h100-d512-mix-u-math-cool-high-seed0-from10pct-20260826-rno2a,core_design,belebele_swahili,2.735392280259489
h100-d512-mix-u-math-cool-high-seed0-from10pct-20260826-rno2a,core_design,belebele_thai,2.232755575602285
h100-d512-mix-u-math-cool-high-seed0-from10pct-20260826-rno2a,core_design,belebele_turkish,2.5957228079809145
h100-d512-mix-u-math-cool-high-seed0-from10pct-20260826-rno2a,core_design,belebele_vietnamese,2.242487277821576
h100-d512-mix-u-math-cool-high-seed0-from10pct-20260826-rno2a,core_design,belebele_yoruba,2.861284278558446
h100-d512-mix-u-math-cool-high-seed0-from10pct-20260826-rno2a,core_design,boolq_0shot,2.3660134122527343
h100-d512-mix-u-math-cool-high-seed0-from10pct-20260826-rno2a,core_design,copa_0shot,1.7894731229350547
h100-d512-mix-u-math-cool-high-seed0-from10pct-20260826-rno2a,core_design,csqa_0shot,4.352114077771382
h100-d512-mix-u-math-cool-high-seed0-from10pct-20260826-rno2a,core_design,gpqa_0shot,2.104404504351597
h100-d512-mix-u-math-cool-high-seed0-from10pct-20260826-rno2a,core_design,hellaswag_0shot,0.9607463897890733
h100-d512-mix-u-math-cool-high-seed0-from10pct-20260826-rno2a,core_design,include_arabic,2.086111768944286
h100-d512-mix-u-math-cool-high-seed0-from10pct-20260826-rno2a,core_design,include_bengali,2.0803147510393067
h100-d512-mix-u-math-cool-high-seed0-from10pct-20260826-rno2a,core_design,include_chinese,2.092284746504973
h100-d512-mix-u-math-cool-high-seed0-from10pct-20260826-rno2a,core_design,include_french,2.048564317449409
h100-d512-mix-u-math-cool-high-seed0-from10pct-20260826-rno2a,core_design,include_german,2.04583687913739
h100-d512-mix-u-math-cool-high-seed0-from10pct-20260826-rno2a,core_design,include_hebrew,2.0723761799060942
h100-d512-mix-u-math-cool-high-seed0-from10pct-20260826-rno2a,core_design,include_hindi,2.118640756319
h100-d512-mix-u-math-cool-high-seed0-from10pct-20260826-rno2a,core_design,include_indonesian,2.0735037311545503
h100-d512-mix-u-math-cool-high-seed0-from10pct-20260826-rno2a,core_design,include_japanese,2.1007930333927645
h100-d512-mix-u-math-cool-high-seed0-from10pct-20260826-rno2a,core_design,include_korean,2.0862554959348354
h100-d512-mix-u-math-cool-high-seed0-from10pct-20260826-rno2a,core_design,include_mean,2.0737273584698026
h100-d512-mix-u-math-cool-high-seed0-from10pct-20260826-rno2a,core_design,include_portuguese,2.080966517874484
h100-d512-mix-u-math-cool-high-seed0-from10pct-20260826-rno2a,core_design,include_russian,2.0703738492054224
h100-d512-mix-u-math-cool-high-seed0-from10pct-20260826-rno2a,core_design,include_spanish,2.060813439352677
h100-d512-mix-u-math-cool-high-seed0-from10pct-20260826-rno2a,core_design,include_turkish,2.0519592476835395
h100-d512-mix-u-math-cool-high-seed0-from10pct-20260826-rno2a,core_design,include_vietnamese,2.0371156631483074
h100-d512-mix-u-math-cool-high-seed0-from10pct-20260826-rno2a,core_design,lambada_0shot,0.8842178451482107
h100-d512-mix-u-math-cool-high-seed0-from10pct-20260826-rno2a,core_design,lb_bbh_3shot,1.6657720349786846
h100-d512-mix-u-math-cool-high-seed0-from10pct-20260826-rno2a,core_design,logprob_gsm8k_5shot,0.7294991395611865
h100-d512-mix-u-math-cool-high-seed0-from10pct-20260826-rno2a,core_design,logprob_humaneval_10shot,0.5303236540011904
h100-d512-mix-u-math-cool-high-seed0-from10pct-20260826-rno2a,core_design,medmcqa_0shot,3.564262113491993
h100-d512-mix-u-math-cool-high-seed0-from10pct-20260826-rno2a,core_design,medqa_0shot,2.674463639396511
h100-d512-mix-u-math-cool-high-seed0-from10pct-20260826-rno2a,core_design,mmlu_pro_5shot,3.5410007642628094
h100-d512-mix-u-math-cool-high-seed0-from10pct-20260826-rno2a,core_design,musr_0shot,0.7989389314400794
h100-d512-mix-u-math-cool-high-seed0-from10pct-20260826-rno2a,core_design,openbookqa_0shot,1.9662842688325823
h100-d512-mix-u-math-cool-high-seed0-from10pct-20260826-rno2a,core_design,piqa_0shot,1.2493976581224002
h100-d512-mix-u-math-cool-high-seed0-from10pct-20260826-rno2a,core_design,sciq_0shot,1.5469539937885406
h100-d512-mix-u-math-cool-high-seed0-from10pct-20260826-rno2a,core_design,truthfulqa_mc1_0shot,0.7424306513084533
h100-d512-mix-u-math-cool-high-seed0-from10pct-20260826-rno2a,core_design,winogrande_0shot,0.4461577339557417
h100-d512-mix-u-math-cool-low-seed0-from10pct-20260826-rno2a,core_design,arc_challenge_0shot,1.5127520919130601
h100-d512-mix-u-math-cool-low-seed0-from10pct-20260826-rno2a,core_design,belebele_arabic,2.261211259955492
h100-d512-mix-u-math-cool-low-seed0-from10pct-20260826-rno2a,core_design,belebele_bengali,2.2464275902025816
h100-d512-mix-u-math-cool-low-seed0-from10pct-20260826-rno2a,core_design,belebele_chinese_simplified,2.133891121258971
h100-d512-mix-u-math-cool-low-seed0-from10pct-20260826-rno2a,core_design,belebele_french,2.073577851446994
h100-d512-mix-u-math-cool-low-seed0-from10pct-20260826-rno2a,core_design,belebele_german,2.094679589943827
h100-d512-mix-u-math-cool-low-seed0-from10pct-20260826-rno2a,core_design,belebele_hebrew,2.1296978532598816
h100-d512-mix-u-math-cool-low-seed0-from10pct-20260826-rno2a,core_design,belebele_hindi,2.2171103507340177
h100-d512-mix-u-math-cool-low-seed0-from10pct-20260826-rno2a,core_design,belebele_indonesian,2.064229579292775
h100-d512-mix-u-math-cool-low-seed0-from10pct-20260826-rno2a,core_design,belebele_japanese,2.136730449342024
h100-d512-mix-u-math-cool-low-seed0-from10pct-20260826-rno2a,core_design,belebele_korean,2.1045587788472866
h100-d512-mix-u-math-cool-low-seed0-from10pct-20260826-rno2a,core_design,belebele_mean,2.1536559042518557
h100-d512-mix-u-math-cool-low-seed0-from10pct-20260826-rno2a,core_design,belebele_portuguese,2.0585850793588625
h100-d512-mix-u-math-cool-low-seed0-from10pct-20260826-rno2a,core_design,belebele_russian,2.077274215801249
h100-d512-mix-u-math-cool-low-seed0-from10pct-20260826-rno2a,core_design,belebele_spanish,2.0648806063367346
h100-d512-mix-u-math-cool-low-seed0-from10pct-20260826-rno2a,core_design,belebele_swahili,2.3071525557149406
h100-d512-mix-u-math-cool-low-seed0-from10pct-20260826-rno2a,core_design,belebele_thai,2.1062087990311196
h100-d512-mix-u-math-cool-low-seed0-from10pct-20260826-rno2a,core_design,belebele_turkish,2.291750829520973
h100-d512-mix-u-math-cool-low-seed0-from10pct-20260826-rno2a,core_design,belebele_vietnamese,2.1597126626728342
h100-d512-mix-u-math-cool-low-seed0-from10pct-20260826-rno2a,core_design,belebele_yoruba,2.238127103812836
h100-d512-mix-u-math-cool-low-seed0-from10pct-20260826-rno2a,core_design,boolq_0shot,2.332488868446454
h100-d512-mix-u-math-cool-low-seed0-from10pct-20260826-rno2a,core_design,copa_0shot,1.8343117346898055
h100-d512-mix-u-math-cool-low-seed0-from10pct-20260826-rno2a,core_design,csqa_0shot,5.297621890019937
h100-d512-mix-u-math-cool-low-seed0-from10pct-20260826-rno2a,core_design,gpqa_0shot,3.4111015802565197
h100-d512-mix-u-math-cool-low-seed0-from10pct-20260826-rno2a,core_design,hellaswag_0shot,0.9606806929462338
h100-d512-mix-u-math-cool-low-seed0-from10pct-20260826-rno2a,core_design,include_arabic,2.046347302252669
h100-d512-mix-u-math-cool-low-seed0-from10pct-20260826-rno2a,core_design,include_bengali,2.1061862360015704
h100-d512-mix-u-math-cool-low-seed0-from10pct-20260826-rno2a,core_design,include_chinese,2.0529891103352567
h100-d512-mix-u-math-cool-low-seed0-from10pct-20260826-rno2a,core_design,include_french,2.0677470470404877
h100-d512-mix-u-math-cool-low-seed0-from10pct-20260826-rno2a,core_design,include_german,1.9816313823855605
h100-d512-mix-u-math-cool-low-seed0-from10pct-20260826-rno2a,core_design,include_hebrew,2.0798148237088747
h100-d512-mix-u-math-cool-low-seed0-from10pct-20260826-rno2a,core_design,include_hindi,2.090213091870102
h100-d512-mix-u-math-cool-low-seed0-from10pct-20260826-rno2a,core_design,include_indonesian,2.059055497736268
h100-d512-mix-u-math-cool-low-seed0-from10pct-20260826-rno2a,core_design,include_japanese,2.1157703893605713
h100-d512-mix-u-math-cool-low-seed0-from10pct-20260826-rno2a,core_design,include_korean,2.07099558573664
h100-d512-mix-u-math-cool-low-seed0-from10pct-20260826-rno2a,core_design,include_mean,2.0650049685674983
h100-d512-mix-u-math-cool-low-seed0-from10pct-20260826-rno2a,core_design,include_portuguese,2.070948738992211
h100-d512-mix-u-math-cool-low-seed0-from10pct-20260826-rno2a,core_design,include_russian,2.060339686724883
h100-d512-mix-u-math-cool-low-seed0-from10pct-20260826-rno2a,core_design,include_spanish,2.035676532963805
h100-d512-mix-u-math-cool-low-seed0-from10pct-20260826-rno2a,core_design,include_turkish,2.0518411873997056
h100-d512-mix-u-math-cool-low-seed0-from10pct-20260826-rno2a,core_design,include_vietnamese,2.085517916003871
h100-d512-mix-u-math-cool-low-seed0-from10pct-20260826-rno2a,core_design,lambada_0shot,0.8779987541964951
h100-d512-mix-u-math-cool-low-seed0-from10pct-20260826-rno2a,core_design,lb_bbh_3shot,1.8042435754401713
h100-d512-mix-u-math-cool-low-seed0-from10pct-20260826-rno2a,core_design,logprob_gsm8k_5shot,0.7634989327593593
h100-d512-mix-u-math-cool-low-seed0-from10pct-20260826-rno2a,core_design,logprob_humaneval_10shot,0.5194116181752881
h100-d512-mix-u-math-cool-low-seed0-from10pct-20260826-rno2a,core_design,medmcqa_0shot,3.9241261419179403
h100-d512-mix-u-math-cool-low-seed0-from10pct-20260826-rno2a,core_design,medqa_0shot,2.2420327102707547
h100-d512-mix-u-math-cool-low-seed0-from10pct-20260826-rno2a,core_design,mmlu_pro_5shot,3.8551315593835596
h100-d512-mix-u-math-cool-low-seed0-from10pct-20260826-rno2a,core_design,musr_0shot,0.8328866869035523
h100-d512-mix-u-math-cool-low-seed0-from10pct-20260826-rno2a,core_design,openbookqa_0shot,1.979745396133923
h100-d512-mix-u-math-cool-low-seed0-from10pct-20260826-rno2a,core_design,piqa_0shot,1.2821076890609118
h100-d512-mix-u-math-cool-low-seed0-from10pct-20260826-rno2a,core_design,sciq_0shot,1.5820026672872933
h100-d512-mix-u-math-cool-low-seed0-from10pct-20260826-rno2a,core_design,truthfulqa_mc1_0shot,0.7705761422803042
h100-d512-mix-u-math-cool-low-seed0-from10pct-20260826-rno2a,core_design,winogrande_0shot,0.4477910821123207
h100-d512-mix-u-math-high-pre-swap-seed0-from10pct-20260826-rno2a,core_design,arc_challenge_0shot,1.5039943736017167
h100-d512-mix-u-math-high-pre-swap-seed0-from10pct-20260826-rno2a,core_design,belebele_arabic,2.323490108114213
h100-d512-mix-u-math-high-pre-swap-seed0-from10pct-20260826-rno2a,core_design,belebele_bengali,2.0793664386368933
h100-d512-mix-u-math-high-pre-swap-seed0-from10pct-20260826-rno2a,core_design,belebele_chinese_simplified,2.1135153485709215
h100-d512-mix-u-math-high-pre-swap-seed0-from10pct-20260826-rno2a,core_design,belebele_french,2.1906006184496274
h100-d512-mix-u-math-high-pre-swap-seed0-from10pct-20260826-rno2a,core_design,belebele_german,2.239297708503231
h100-d512-mix-u-math-high-pre-swap-seed0-from10pct-20260826-rno2a,core_design,belebele_hebrew,2.0930914338304247
h100-d512-mix-u-math-high-pre-swap-seed0-from10pct-20260826-rno2a,core_design,belebele_hindi,2.2385705335608623
h100-d512-mix-u-math-high-pre-swap-seed0-from10pct-20260826-rno2a,core_design,belebele_indonesian,2.1516370611795415
h100-d512-mix-u-math-high-pre-swap-seed0-from10pct-20260826-rno2a,core_design,belebele_japanese,2.1475337292146177
h100-d512-mix-u-math-high-pre-swap-seed0-from10pct-20260826-rno2a,core_design,belebele_korean,2.0854649189767347
h100-d512-mix-u-math-high-pre-swap-seed0-from10pct-20260826-rno2a,core_design,belebele_mean,2.2196792353660717
h100-d512-mix-u-math-high-pre-swap-seed0-from10pct-20260826-rno2a,core_design,belebele_portuguese,2.1336249480097975
h100-d512-mix-u-math-high-pre-swap-seed0-from10pct-20260826-rno2a,core_design,belebele_russian,2.075314356164282
h100-d512-mix-u-math-high-pre-swap-seed0-from10pct-20260826-rno2a,core_design,belebele_spanish,2.1762705664103414
h100-d512-mix-u-math-high-pre-swap-seed0-from10pct-20260826-rno2a,core_design,belebele_swahili,2.3306697011121638
h100-d512-mix-u-math-high-pre-swap-seed0-from10pct-20260826-rno2a,core_design,belebele_thai,2.1084044298752476
h100-d512-mix-u-math-high-pre-swap-seed0-from10pct-20260826-rno2a,core_design,belebele_turkish,2.3788990544408706
h100-d512-mix-u-math-high-pre-swap-seed0-from10pct-20260826-rno2a,core_design,belebele_vietnamese,2.2691460743487752
h100-d512-mix-u-math-high-pre-swap-seed0-from10pct-20260826-rno2a,core_design,belebele_yoruba,2.8193292071907465
h100-d512-mix-u-math-high-pre-swap-seed0-from10pct-20260826-rno2a,core_design,boolq_0shot,2.2341881828652665
h100-d512-mix-u-math-high-pre-swap-seed0-from10pct-20260826-rno2a,core_design,copa_0shot,1.8344073952632263
h100-d512-mix-u-math-high-pre-swap-seed0-from10pct-20260826-rno2a,core_design,csqa_0shot,3.347517816565164
h100-d512-mix-u-math-high-pre-swap-seed0-from10pct-20260826-rno2a,core_design,gpqa_0shot,3.2740910760723656
h100-d512-mix-u-math-high-pre-swap-seed0-from10pct-20260826-rno2a,core_design,hellaswag_0shot,0.9610529776266604
h100-d512-mix-u-math-high-pre-swap-seed0-from10pct-20260826-rno2a,core_design,include_arabic,2.0537850418742254
h100-d512-mix-u-math-high-pre-swap-seed0-from10pct-20260826-rno2a,core_design,include_bengali,2.0775037112443124
h100-d512-mix-u-math-high-pre-swap-seed0-from10pct-20260826-rno2a,core_design,include_chinese,2.078172208183094
h100-d512-mix-u-math-high-pre-swap-seed0-from10pct-20260826-rno2a,core_design,include_french,2.057153947232783
h100-d512-mix-u-math-high-pre-swap-seed0-from10pct-20260826-rno2a,core_design,include_german,2.058958222485139
h100-d512-mix-u-math-high-pre-swap-seed0-from10pct-20260826-rno2a,core_design,include_hebrew,2.101509308628857
h100-d512-mix-u-math-high-pre-swap-seed0-from10pct-20260826-rno2a,core_design,include_hindi,2.039355898602535
h100-d512-mix-u-math-high-pre-swap-seed0-from10pct-20260826-rno2a,core_design,include_indonesian,2.0905565436336904
h100-d512-mix-u-math-high-pre-swap-seed0-from10pct-20260826-rno2a,core_design,include_japanese,2.0936027152712198
h100-d512-mix-u-math-high-pre-swap-seed0-from10pct-20260826-rno2a,core_design,include_korean,2.053170162180383
h100-d512-mix-u-math-high-pre-swap-seed0-from10pct-20260826-rno2a,core_design,include_mean,2.0743791754731573
h100-d512-mix-u-math-high-pre-swap-seed0-from10pct-20260826-rno2a,core_design,include_portuguese,2.0878431609870614
h100-d512-mix-u-math-high-pre-swap-seed0-from10pct-20260826-rno2a,core_design,include_russian,2.0938852582687986
h100-d512-mix-u-math-high-pre-swap-seed0-from10pct-20260826-rno2a,core_design,include_spanish,2.0607320074436672
h100-d512-mix-u-math-high-pre-swap-seed0-from10pct-20260826-rno2a,core_design,include_turkish,2.061089359870942
h100-d512-mix-u-math-high-pre-swap-seed0-from10pct-20260826-rno2a,core_design,include_vietnamese,2.108370086190652
h100-d512-mix-u-math-high-pre-swap-seed0-from10pct-20260826-rno2a,core_design,lambada_0shot,0.8684628641492652
h100-d512-mix-u-math-high-pre-swap-seed0-from10pct-20260826-rno2a,core_design,lb_bbh_3shot,1.6987118203754181
h100-d512-mix-u-math-high-pre-swap-seed0-from10pct-20260826-rno2a,core_design,logprob_gsm8k_5shot,0.7459145645908418
h100-d512-mix-u-math-high-pre-swap-seed0-from10pct-20260826-rno2a,core_design,logprob_humaneval_10shot,0.5234001328984657
h100-d512-mix-u-math-high-pre-swap-seed0-from10pct-20260826-rno2a,core_design,medmcqa_0shot,2.3340101963801643
h100-d512-mix-u-math-high-pre-swap-seed0-from10pct-20260826-rno2a,core_design,medqa_0shot,2.2419158642039796
h100-d512-mix-u-math-high-pre-swap-seed0-from10pct-20260826-rno2a,core_design,mmlu_pro_5shot,3.7525546450742597
h100-d512-mix-u-math-high-pre-swap-seed0-from10pct-20260826-rno2a,core_design,musr_0shot,0.7628332050320342
h100-d512-mix-u-math-high-pre-swap-seed0-from10pct-20260826-rno2a,core_design,openbookqa_0shot,1.9787789117594101
h100-d512-mix-u-math-high-pre-swap-seed0-from10pct-20260826-rno2a,core_design,piqa_0shot,1.2559715711049362
h100-d512-mix-u-math-high-pre-swap-seed0-from10pct-20260826-rno2a,core_design,sciq_0shot,1.6267604043563657
h100-d512-mix-u-math-high-pre-swap-seed0-from10pct-20260826-rno2a,core_design,truthfulqa_mc1_0shot,0.7716403975504966
h100-d512-mix-u-math-high-pre-swap-seed0-from10pct-20260826-rno2a,core_design,winogrande_0shot,0.4465447449654218
h100-d512-mix-u-math-high-pre-swap-seed1-from10pct-20260826-rno2a,core_design,arc_challenge_0shot,1.5519282950391549
h100-d512-mix-u-math-high-pre-swap-seed1-from10pct-20260826-rno2a,core_design,belebele_arabic,2.609280974270356
h100-d512-mix-u-math-high-pre-swap-seed1-from10pct-20260826-rno2a,core_design,belebele_bengali,2.1420605032674973
h100-d512-mix-u-math-high-pre-swap-seed1-from10pct-20260826-rno2a,core_design,belebele_chinese_simplified,2.2630789040238035
h100-d512-mix-u-math-high-pre-swap-seed1-from10pct-20260826-rno2a,core_design,belebele_french,2.17233954768515
h100-d512-mix-u-math-high-pre-swap-seed1-from10pct-20260826-rno2a,core_design,belebele_german,2.271537842711534
h100-d512-mix-u-math-high-pre-swap-seed1-from10pct-20260826-rno2a,core_design,belebele_hebrew,2.4549597409256187
h100-d512-mix-u-math-high-pre-swap-seed1-from10pct-20260826-rno2a,core_design,belebele_hindi,2.4505792925509917
h100-d512-mix-u-math-high-pre-swap-seed1-from10pct-20260826-rno2a,core_design,belebele_indonesian,2.2275144085212615
h100-d512-mix-u-math-high-pre-swap-seed1-from10pct-20260826-rno2a,core_design,belebele_japanese,2.225888870736602
h100-d512-mix-u-math-high-pre-swap-seed1-from10pct-20260826-rno2a,core_design,belebele_korean,2.164163090883647
h100-d512-mix-u-math-high-pre-swap-seed1-from10pct-20260826-rno2a,core_design,belebele_mean,2.371377429826011
h100-d512-mix-u-math-high-pre-swap-seed1-from10pct-20260826-rno2a,core_design,belebele_portuguese,2.081540413330075
h100-d512-mix-u-math-high-pre-swap-seed1-from10pct-20260826-rno2a,core_design,belebele_russian,2.1660175165565008
h100-d512-mix-u-math-high-pre-swap-seed1-from10pct-20260826-rno2a,core_design,belebele_spanish,2.0938293749822856
h100-d512-mix-u-math-high-pre-swap-seed1-from10pct-20260826-rno2a,core_design,belebele_swahili,2.79847276659338
h100-d512-mix-u-math-high-pre-swap-seed1-from10pct-20260826-rno2a,core_design,belebele_thai,2.316622889498133
h100-d512-mix-u-math-high-pre-swap-seed1-from10pct-20260826-rno2a,core_design,belebele_turkish,2.672407146648897
h100-d512-mix-u-math-high-pre-swap-seed1-from10pct-20260826-rno2a,core_design,belebele_vietnamese,2.655279579808548
h100-d512-mix-u-math-high-pre-swap-seed1-from10pct-20260826-rno2a,core_design,belebele_yoruba,2.9192208738739227
h100-d512-mix-u-math-high-pre-swap-seed1-from10pct-20260826-rno2a,core_design,boolq_0shot,2.392467430281403
h100-d512-mix-u-math-high-pre-swap-seed1-from10pct-20260826-rno2a,core_design,copa_0shot,1.8272024957082962
h100-d512-mix-u-math-high-pre-swap-seed1-from10pct-20260826-rno2a,core_design,csqa_0shot,4.74979559075485
h100-d512-mix-u-math-high-pre-swap-seed1-from10pct-20260826-rno2a,core_design,gpqa_0shot,2.8838037411235224
h100-d512-mix-u-math-high-pre-swap-seed1-from10pct-20260826-rno2a,core_design,hellaswag_0shot,0.9602089756826552
h100-d512-mix-u-math-high-pre-swap-seed1-from10pct-20260826-rno2a,core_design,include_arabic,2.0445947111796747
h100-d512-mix-u-math-high-pre-swap-seed1-from10pct-20260826-rno2a,core_design,include_bengali,2.0448736114265564
h100-d512-mix-u-math-high-pre-swap-seed1-from10pct-20260826-rno2a,core_design,include_chinese,2.075261378781032
h100-d512-mix-u-math-high-pre-swap-seed1-from10pct-20260826-rno2a,core_design,include_french,2.1024467245464598
h100-d512-mix-u-math-high-pre-swap-seed1-from10pct-20260826-rno2a,core_design,include_german,2.158739996572541
h100-d512-mix-u-math-high-pre-swap-seed1-from10pct-20260826-rno2a,core_design,include_hebrew,2.1213812544670256
h100-d512-mix-u-math-high-pre-swap-seed1-from10pct-20260826-rno2a,core_design,include_hindi,2.0773929017206623
h100-d512-mix-u-math-high-pre-swap-seed1-from10pct-20260826-rno2a,core_design,include_indonesian,2.062124714820265
h100-d512-mix-u-math-high-pre-swap-seed1-from10pct-20260826-rno2a,core_design,include_japanese,2.097934343949141
h100-d512-mix-u-math-high-pre-swap-seed1-from10pct-20260826-rno2a,core_design,include_korean,2.0698356181349835
h100-d512-mix-u-math-high-pre-swap-seed1-from10pct-20260826-rno2a,core_design,include_mean,2.0884604529976842
h100-d512-mix-u-math-high-pre-swap-seed1-from10pct-20260826-rno2a,core_design,include_portuguese,2.0625861828651986
h100-d512-mix-u-math-high-pre-swap-seed1-from10pct-20260826-rno2a,core_design,include_russian,2.081266256833188
h100-d512-mix-u-math-high-pre-swap-seed1-from10pct-20260826-rno2a,core_design,include_spanish,2.089395049420216
h100-d512-mix-u-math-high-pre-swap-seed1-from10pct-20260826-rno2a,core_design,include_turkish,2.0874258572050577
h100-d512-mix-u-math-high-pre-swap-seed1-from10pct-20260826-rno2a,core_design,include_vietnamese,2.1516481930432585
h100-d512-mix-u-math-high-pre-swap-seed1-from10pct-20260826-rno2a,core_design,lambada_0shot,0.8714095211150619
h100-d512-mix-u-math-high-pre-swap-seed1-from10pct-20260826-rno2a,core_design,lb_bbh_3shot,1.6391348317728032
h100-d512-mix-u-math-high-pre-swap-seed1-from10pct-20260826-rno2a,core_design,logprob_gsm8k_5shot,0.6551657524591232
h100-d512-mix-u-math-high-pre-swap-seed1-from10pct-20260826-rno2a,core_design,logprob_humaneval_10shot,0.516280403449469
h100-d512-mix-u-math-high-pre-swap-seed1-from10pct-20260826-rno2a,core_design,medmcqa_0shot,2.5992489483415815
h100-d512-mix-u-math-high-pre-swap-seed1-from10pct-20260826-rno2a,core_design,medqa_0shot,2.2912360232722184
h100-d512-mix-u-math-high-pre-swap-seed1-from10pct-20260826-rno2a,core_design,mmlu_pro_5shot,3.55859467074189
h100-d512-mix-u-math-high-pre-swap-seed1-from10pct-20260826-rno2a,core_design,musr_0shot,1.0107028812273064
h100-d512-mix-u-math-high-pre-swap-seed1-from10pct-20260826-rno2a,core_design,openbookqa_0shot,1.961933127987432
h100-d512-mix-u-math-high-pre-swap-seed1-from10pct-20260826-rno2a,core_design,piqa_0shot,1.2649107939147883
h100-d512-mix-u-math-high-pre-swap-seed1-from10pct-20260826-rno2a,core_design,sciq_0shot,1.6465791604526054
h100-d512-mix-u-math-high-pre-swap-seed1-from10pct-20260826-rno2a,core_design,truthfulqa_mc1_0shot,0.7710156734720444
h100-d512-mix-u-math-high-pre-swap-seed1-from10pct-20260826-rno2a,core_design,winogrande_0shot,0.44523383242253295
h100-d512-mix-u-math-low-pre-swap-seed0-from10pct-20260826-rno2a,core_design,arc_challenge_0shot,1.506401364673602
h100-d512-mix-u-math-low-pre-swap-seed0-from10pct-20260826-rno2a,core_design,belebele_arabic,2.3815154550766713
h100-d512-mix-u-math-low-pre-swap-seed0-from10pct-20260826-rno2a,core_design,belebele_bengali,2.806354137091274
h100-d512-mix-u-math-low-pre-swap-seed0-from10pct-20260826-rno2a,core_design,belebele_chinese_simplified,2.395207757705925
h100-d512-mix-u-math-low-pre-swap-seed0-from10pct-20260826-rno2a,core_design,belebele_french,2.4856035734444517
h100-d512-mix-u-math-low-pre-swap-seed0-from10pct-20260826-rno2a,core_design,belebele_german,2.3245006885851938
h100-d512-mix-u-math-low-pre-swap-seed0-from10pct-20260826-rno2a,core_design,belebele_hebrew,2.1738595760244253
h100-d512-mix-u-math-low-pre-swap-seed0-from10pct-20260826-rno2a,core_design,belebele_hindi,2.4057835069200735
h100-d512-mix-u-math-low-pre-swap-seed0-from10pct-20260826-rno2a,core_design,belebele_indonesian,2.1423154243606497
h100-d512-mix-u-math-low-pre-swap-seed0-from10pct-20260826-rno2a,core_design,belebele_japanese,2.5071404236528556
h100-d512-mix-u-math-low-pre-swap-seed0-from10pct-20260826-rno2a,core_design,belebele_korean,2.310998313276593
h100-d512-mix-u-math-low-pre-swap-seed0-from10pct-20260826-rno2a,core_design,belebele_mean,2.4583194384600455
h100-d512-mix-u-math-low-pre-swap-seed0-from10pct-20260826-rno2a,core_design,belebele_portuguese,2.279520276234468
h100-d512-mix-u-math-low-pre-swap-seed0-from10pct-20260826-rno2a,core_design,belebele_russian,2.5915377922826814
h100-d512-mix-u-math-low-pre-swap-seed0-from10pct-20260826-rno2a,core_design,belebele_spanish,2.3303775148182218
h100-d512-mix-u-math-low-pre-swap-seed0-from10pct-20260826-rno2a,core_design,belebele_swahili,2.7800634715302524
h100-d512-mix-u-math-low-pre-swap-seed0-from10pct-20260826-rno2a,core_design,belebele_thai,2.1298918208351836
h100-d512-mix-u-math-low-pre-swap-seed0-from10pct-20260826-rno2a,core_design,belebele_turkish,2.904224812713141
h100-d512-mix-u-math-low-pre-swap-seed0-from10pct-20260826-rno2a,core_design,belebele_vietnamese,2.6078631384044133
h100-d512-mix-u-math-low-pre-swap-seed0-from10pct-20260826-rno2a,core_design,belebele_yoruba,2.6929922093243466
h100-d512-mix-u-math-low-pre-swap-seed0-from10pct-20260826-rno2a,core_design,boolq_0shot,2.3284661744761572
h100-d512-mix-u-math-low-pre-swap-seed0-from10pct-20260826-rno2a,core_design,copa_0shot,1.7869449170229172
h100-d512-mix-u-math-low-pre-swap-seed0-from10pct-20260826-rno2a,core_design,csqa_0shot,3.429747771203998
h100-d512-mix-u-math-low-pre-swap-seed0-from10pct-20260826-rno2a,core_design,gpqa_0shot,2.5749878822026027
h100-d512-mix-u-math-low-pre-swap-seed0-from10pct-20260826-rno2a,core_design,hellaswag_0shot,0.9605723850098574
h100-d512-mix-u-math-low-pre-swap-seed0-from10pct-20260826-rno2a,core_design,include_arabic,2.034629504862593
h100-d512-mix-u-math-low-pre-swap-seed0-from10pct-20260826-rno2a,core_design,include_bengali,2.1228778365892853
h100-d512-mix-u-math-low-pre-swap-seed0-from10pct-20260826-rno2a,core_design,include_chinese,2.0771323714129135
h100-d512-mix-u-math-low-pre-swap-seed0-from10pct-20260826-rno2a,core_design,include_french,2.0804441924498818
h100-d512-mix-u-math-low-pre-swap-seed0-from10pct-20260826-rno2a,core_design,include_german,2.10097052428448
h100-d512-mix-u-math-low-pre-swap-seed0-from10pct-20260826-rno2a,core_design,include_hebrew,2.0938506006728135
h100-d512-mix-u-math-low-pre-swap-seed0-from10pct-20260826-rno2a,core_design,include_hindi,2.051039672670214
h100-d512-mix-u-math-low-pre-swap-seed0-from10pct-20260826-rno2a,core_design,include_indonesian,2.079007875482505
h100-d512-mix-u-math-low-pre-swap-seed0-from10pct-20260826-rno2a,core_design,include_japanese,2.0881397203511587
h100-d512-mix-u-math-low-pre-swap-seed0-from10pct-20260826-rno2a,core_design,include_korean,2.088100085021757
h100-d512-mix-u-math-low-pre-swap-seed0-from10pct-20260826-rno2a,core_design,include_mean,2.0771953953371662
h100-d512-mix-u-math-low-pre-swap-seed0-from10pct-20260826-rno2a,core_design,include_portuguese,2.0703225603045867
h100-d512-mix-u-math-low-pre-swap-seed0-from10pct-20260826-rno2a,core_design,include_russian,2.0673871939728787
h100-d512-mix-u-math-low-pre-swap-seed0-from10pct-20260826-rno2a,core_design,include_spanish,2.047397907969159
h100-d512-mix-u-math-low-pre-swap-seed0-from10pct-20260826-rno2a,core_design,include_turkish,2.0784248815491106
h100-d512-mix-u-math-low-pre-swap-seed0-from10pct-20260826-rno2a,core_design,include_vietnamese,2.078206002464161
h100-d512-mix-u-math-low-pre-swap-seed0-from10pct-20260826-rno2a,core_design,lambada_0shot,0.8704054613832662
h100-d512-mix-u-math-low-pre-swap-seed0-from10pct-20260826-rno2a,core_design,lb_bbh_3shot,1.7332078364545604
h100-d512-mix-u-math-low-pre-swap-seed0-from10pct-20260826-rno2a,core_design,logprob_gsm8k_5shot,0.717738143894773
h100-d512-mix-u-math-low-pre-swap-seed0-from10pct-20260826-rno2a,core_design,logprob_humaneval_10shot,0.5194214758157062
h100-d512-mix-u-math-low-pre-swap-seed0-from10pct-20260826-rno2a,core_design,medmcqa_0shot,2.2284456929141068
h100-d512-mix-u-math-low-pre-swap-seed0-from10pct-20260826-rno2a,core_design,medqa_0shot,2.2043436222345267
h100-d512-mix-u-math-low-pre-swap-seed0-from10pct-20260826-rno2a,core_design,mmlu_pro_5shot,4.07284365025412
h100-d512-mix-u-math-low-pre-swap-seed0-from10pct-20260826-rno2a,core_design,musr_0shot,0.8613329439705898
h100-d512-mix-u-math-low-pre-swap-seed0-from10pct-20260826-rno2a,core_design,openbookqa_0shot,1.9774625391673404
h100-d512-mix-u-math-low-pre-swap-seed0-from10pct-20260826-rno2a,core_design,piqa_0shot,1.2630302238943472
h100-d512-mix-u-math-low-pre-swap-seed0-from10pct-20260826-rno2a,core_design,sciq_0shot,1.6897628732548633
h100-d512-mix-u-math-low-pre-swap-seed0-from10pct-20260826-rno2a,core_design,truthfulqa_mc1_0shot,0.763353025253418
h100-d512-mix-u-math-low-pre-swap-seed0-from10pct-20260826-rno2a,core_design,winogrande_0shot,0.44547285821239907
h100-d512-mix-u-math-low-pre-swap-seed1-from10pct-20260826-rno2a,core_design,arc_challenge_0shot,1.4946553511556606
h100-d512-mix-u-math-low-pre-swap-seed1-from10pct-20260826-rno2a,core_design,belebele_arabic,2.499022313303297
h100-d512-mix-u-math-low-pre-swap-seed1-from10pct-20260826-rno2a,core_design,belebele_bengali,2.24914813206624
h100-d512-mix-u-math-low-pre-swap-seed1-from10pct-20260826-rno2a,core_design,belebele_chinese_simplified,2.282825064660938
h100-d512-mix-u-math-low-pre-swap-seed1-from10pct-20260826-rno2a,core_design,belebele_french,2.6220470550176573
h100-d512-mix-u-math-low-pre-swap-seed1-from10pct-20260826-rno2a,core_design,belebele_german,3.048386988162391
h100-d512-mix-u-math-low-pre-swap-seed1-from10pct-20260826-rno2a,core_design,belebele_hebrew,2.1822176649456093
h100-d512-mix-u-math-low-pre-swap-seed1-from10pct-20260826-rno2a,core_design,belebele_hindi,2.424430540576343
h100-d512-mix-u-math-low-pre-swap-seed1-from10pct-20260826-rno2a,core_design,belebele_indonesian,2.2529055450065254
h100-d512-mix-u-math-low-pre-swap-seed1-from10pct-20260826-rno2a,core_design,belebele_japanese,2.2703461757836205
h100-d512-mix-u-math-low-pre-swap-seed1-from10pct-20260826-rno2a,core_design,belebele_korean,2.387080590941065
h100-d512-mix-u-math-low-pre-swap-seed1-from10pct-20260826-rno2a,core_design,belebele_mean,2.4702802742667007
h100-d512-mix-u-math-low-pre-swap-seed1-from10pct-20260826-rno2a,core_design,belebele_portuguese,2.3467442883119802
h100-d512-mix-u-math-low-pre-swap-seed1-from10pct-20260826-rno2a,core_design,belebele_russian,2.376791906855237
h100-d512-mix-u-math-low-pre-swap-seed1-from10pct-20260826-rno2a,core_design,belebele_spanish,2.39039402359775
h100-d512-mix-u-math-low-pre-swap-seed1-from10pct-20260826-rno2a,core_design,belebele_swahili,2.7119598101382363
h100-d512-mix-u-math-low-pre-swap-seed1-from10pct-20260826-rno2a,core_design,belebele_thai,2.1099899116584244
h100-d512-mix-u-math-low-pre-swap-seed1-from10pct-20260826-rno2a,core_design,belebele_turkish,3.1467187815657423
h100-d512-mix-u-math-low-pre-swap-seed1-from10pct-20260826-rno2a,core_design,belebele_vietnamese,2.3696688002213264
h100-d512-mix-u-math-low-pre-swap-seed1-from10pct-20260826-rno2a,core_design,belebele_yoruba,2.7943673439882346
h100-d512-mix-u-math-low-pre-swap-seed1-from10pct-20260826-rno2a,core_design,boolq_0shot,2.052888142187311
h100-d512-mix-u-math-low-pre-swap-seed1-from10pct-20260826-rno2a,core_design,copa_0shot,1.8461205367733118
h100-d512-mix-u-math-low-pre-swap-seed1-from10pct-20260826-rno2a,core_design,csqa_0shot,5.25396535431854
h100-d512-mix-u-math-low-pre-swap-seed1-from10pct-20260826-rno2a,core_design,gpqa_0shot,2.1133657731542526
h100-d512-mix-u-math-low-pre-swap-seed1-from10pct-20260826-rno2a,core_design,hellaswag_0shot,0.9601292752621433
h100-d512-mix-u-math-low-pre-swap-seed1-from10pct-20260826-rno2a,core_design,include_arabic,2.120836128582543
h100-d512-mix-u-math-low-pre-swap-seed1-from10pct-20260826-rno2a,core_design,include_bengali,2.0491580425971767
h100-d512-mix-u-math-low-pre-swap-seed1-from10pct-20260826-rno2a,core_design,include_chinese,2.0673875180616195
h100-d512-mix-u-math-low-pre-swap-seed1-from10pct-20260826-rno2a,core_design,include_french,2.0717590486740103
h100-d512-mix-u-math-low-pre-swap-seed1-from10pct-20260826-rno2a,core_design,include_german,2.186587703933503
h100-d512-mix-u-math-low-pre-swap-seed1-from10pct-20260826-rno2a,core_design,include_hebrew,2.1165285119401744
h100-d512-mix-u-math-low-pre-swap-seed1-from10pct-20260826-rno2a,core_design,include_hindi,2.04999946704754
h100-d512-mix-u-math-low-pre-swap-seed1-from10pct-20260826-rno2a,core_design,include_indonesian,2.053682003937737
h100-d512-mix-u-math-low-pre-swap-seed1-from10pct-20260826-rno2a,core_design,include_japanese,2.0825487986593516
h100-d512-mix-u-math-low-pre-swap-seed1-from10pct-20260826-rno2a,core_design,include_korean,2.0818169943386793
h100-d512-mix-u-math-low-pre-swap-seed1-from10pct-20260826-rno2a,core_design,include_mean,2.1025889876242903
h100-d512-mix-u-math-low-pre-swap-seed1-from10pct-20260826-rno2a,core_design,include_portuguese,2.0978398893177195
h100-d512-mix-u-math-low-pre-swap-seed1-from10pct-20260826-rno2a,core_design,include_russian,2.1246399548630017
h100-d512-mix-u-math-low-pre-swap-seed1-from10pct-20260826-rno2a,core_design,include_spanish,2.068938795965394
h100-d512-mix-u-math-low-pre-swap-seed1-from10pct-20260826-rno2a,core_design,include_turkish,2.189787762385248
h100-d512-mix-u-math-low-pre-swap-seed1-from10pct-20260826-rno2a,core_design,include_vietnamese,2.1773241940606542
h100-d512-mix-u-math-low-pre-swap-seed1-from10pct-20260826-rno2a,core_design,lambada_0shot,0.876407292661759
h100-d512-mix-u-math-low-pre-swap-seed1-from10pct-20260826-rno2a,core_design,lb_bbh_3shot,1.7184190572231515
h100-d512-mix-u-math-low-pre-swap-seed1-from10pct-20260826-rno2a,core_design,logprob_gsm8k_5shot,0.649143985637335
h100-d512-mix-u-math-low-pre-swap-seed1-from10pct-20260826-rno2a,core_design,logprob_humaneval_10shot,0.5191897556906643
h100-d512-mix-u-math-low-pre-swap-seed1-from10pct-20260826-rno2a,core_design,medmcqa_0shot,2.6040754974647666
h100-d512-mix-u-math-low-pre-swap-seed1-from10pct-20260826-rno2a,core_design,medqa_0shot,2.2466443029229874
h100-d512-mix-u-math-low-pre-swap-seed1-from10pct-20260826-rno2a,core_design,mmlu_pro_5shot,4.208909290874251
h100-d512-mix-u-math-low-pre-swap-seed1-from10pct-20260826-rno2a,core_design,musr_0shot,0.9152733225693157
h100-d512-mix-u-math-low-pre-swap-seed1-from10pct-20260826-rno2a,core_design,openbookqa_0shot,1.986189218966945
h100-d512-mix-u-math-low-pre-swap-seed1-from10pct-20260826-rno2a,core_design,piqa_0shot,1.254573304132552
h100-d512-mix-u-math-low-pre-swap-seed1-from10pct-20260826-rno2a,core_design,sciq_0shot,1.548275060810771
h100-d512-mix-u-math-low-pre-swap-seed1-from10pct-20260826-rno2a,core_design,truthfulqa_mc1_0shot,0.7785964741482008
h100-d512-mix-u-math-low-pre-swap-seed1-from10pct-20260826-rno2a,core_design,winogrande_0shot,0.4471743342203659
h100-d512-mix-u-math-pre-high-seed0-from10pct-20260826-rno2a,core_design,arc_challenge_0shot,1.4989686610625554
h100-d512-mix-u-math-pre-high-seed0-from10pct-20260826-rno2a,core_design,belebele_arabic,2.215408665050953
h100-d512-mix-u-math-pre-high-seed0-from10pct-20260826-rno2a,core_design,belebele_bengali,2.1632534939435053
h100-d512-mix-u-math-pre-high-seed0-from10pct-20260826-rno2a,core_design,belebele_chinese_simplified,2.1539098024516496
h100-d512-mix-u-math-pre-high-seed0-from10pct-20260826-rno2a,core_design,belebele_french,2.1229092856541447
h100-d512-mix-u-math-pre-high-seed0-from10pct-20260826-rno2a,core_design,belebele_german,2.26775112163444
h100-d512-mix-u-math-pre-high-seed0-from10pct-20260826-rno2a,core_design,belebele_hebrew,2.4252912853667747
h100-d512-mix-u-math-pre-high-seed0-from10pct-20260826-rno2a,core_design,belebele_hindi,2.3498222003784472
h100-d512-mix-u-math-pre-high-seed0-from10pct-20260826-rno2a,core_design,belebele_indonesian,2.1167040979142104
h100-d512-mix-u-math-pre-high-seed0-from10pct-20260826-rno2a,core_design,belebele_japanese,2.4758656205157155
h100-d512-mix-u-math-pre-high-seed0-from10pct-20260826-rno2a,core_design,belebele_korean,2.116081103086885
h100-d512-mix-u-math-pre-high-seed0-from10pct-20260826-rno2a,core_design,belebele_mean,2.355470801774789
h100-d512-mix-u-math-pre-high-seed0-from10pct-20260826-rno2a,core_design,belebele_portuguese,2.0916612487502353
h100-d512-mix-u-math-pre-high-seed0-from10pct-20260826-rno2a,core_design,belebele_russian,2.105965064071769
h100-d512-mix-u-math-pre-high-seed0-from10pct-20260826-rno2a,core_design,belebele_spanish,2.087965170556004
h100-d512-mix-u-math-pre-high-seed0-from10pct-20260826-rno2a,core_design,belebele_swahili,3.3083456528466906
h100-d512-mix-u-math-pre-high-seed0-from10pct-20260826-rno2a,core_design,belebele_thai,2.146788529439434
h100-d512-mix-u-math-pre-high-seed0-from10pct-20260826-rno2a,core_design,belebele_turkish,2.7053509867603966
h100-d512-mix-u-math-pre-high-seed0-from10pct-20260826-rno2a,core_design,belebele_vietnamese,2.234570161494072
h100-d512-mix-u-math-pre-high-seed0-from10pct-20260826-rno2a,core_design,belebele_yoruba,3.310830942030877
h100-d512-mix-u-math-pre-high-seed0-from10pct-20260826-rno2a,core_design,boolq_0shot,2.0381363329830897
h100-d512-mix-u-math-pre-high-seed0-from10pct-20260826-rno2a,core_design,copa_0shot,1.8109778940841519
h100-d512-mix-u-math-pre-high-seed0-from10pct-20260826-rno2a,core_design,csqa_0shot,5.1483213100185665
h100-d512-mix-u-math-pre-high-seed0-from10pct-20260826-rno2a,core_design,gpqa_0shot,3.1341739211926347
h100-d512-mix-u-math-pre-high-seed0-from10pct-20260826-rno2a,core_design,hellaswag_0shot,0.9603726181132882
h100-d512-mix-u-math-pre-high-seed0-from10pct-20260826-rno2a,core_design,include_arabic,2.048056409599863
h100-d512-mix-u-math-pre-high-seed0-from10pct-20260826-rno2a,core_design,include_bengali,2.1340131476984605
h100-d512-mix-u-math-pre-high-seed0-from10pct-20260826-rno2a,core_design,include_chinese,2.0632198260355605
h100-d512-mix-u-math-pre-high-seed0-from10pct-20260826-rno2a,core_design,include_french,2.022919977606667
h100-d512-mix-u-math-pre-high-seed0-from10pct-20260826-rno2a,core_design,include_german,1.9654962744537847
h100-d512-mix-u-math-pre-high-seed0-from10pct-20260826-rno2a,core_design,include_hebrew,2.1212981888791824
h100-d512-mix-u-math-pre-high-seed0-from10pct-20260826-rno2a,core_design,include_hindi,2.0719480510992314
h100-d512-mix-u-math-pre-high-seed0-from10pct-20260826-rno2a,core_design,include_indonesian,2.085680625037504
h100-d512-mix-u-math-pre-high-seed0-from10pct-20260826-rno2a,core_design,include_japanese,2.070393353078874
h100-d512-mix-u-math-pre-high-seed0-from10pct-20260826-rno2a,core_design,include_korean,2.1322511744811847
h100-d512-mix-u-math-pre-high-seed0-from10pct-20260826-rno2a,core_design,include_mean,2.0717915279600816
h100-d512-mix-u-math-pre-high-seed0-from10pct-20260826-rno2a,core_design,include_portuguese,2.0995379665757055
h100-d512-mix-u-math-pre-high-seed0-from10pct-20260826-rno2a,core_design,include_russian,2.068140124204129
h100-d512-mix-u-math-pre-high-seed0-from10pct-20260826-rno2a,core_design,include_spanish,2.0739644990990014
h100-d512-mix-u-math-pre-high-seed0-from10pct-20260826-rno2a,core_design,include_turkish,2.0552627004840947
h100-d512-mix-u-math-pre-high-seed0-from10pct-20260826-rno2a,core_design,include_vietnamese,2.0646906010679844
h100-d512-mix-u-math-pre-high-seed0-from10pct-20260826-rno2a,core_design,lambada_0shot,0.8666304840554718
h100-d512-mix-u-math-pre-high-seed0-from10pct-20260826-rno2a,core_design,lb_bbh_3shot,1.8543575689243497
h100-d512-mix-u-math-pre-high-seed0-from10pct-20260826-rno2a,core_design,logprob_gsm8k_5shot,0.7490926761620594
h100-d512-mix-u-math-pre-high-seed0-from10pct-20260826-rno2a,core_design,logprob_humaneval_10shot,0.5217640277403637
h100-d512-mix-u-math-pre-high-seed0-from10pct-20260826-rno2a,core_design,medmcqa_0shot,3.1497692957796857
h100-d512-mix-u-math-pre-high-seed0-from10pct-20260826-rno2a,core_design,medqa_0shot,2.0964137176160484
h100-d512-mix-u-math-pre-high-seed0-from10pct-20260826-rno2a,core_design,mmlu_pro_5shot,4.11648286757541
h100-d512-mix-u-math-pre-high-seed0-from10pct-20260826-rno2a,core_design,musr_0shot,0.8868611620102197
h100-d512-mix-u-math-pre-high-seed0-from10pct-20260826-rno2a,core_design,openbookqa_0shot,1.9805812340096203
h100-d512-mix-u-math-pre-high-seed0-from10pct-20260826-rno2a,core_design,piqa_0shot,1.2657930206728714
h100-d512-mix-u-math-pre-high-seed0-from10pct-20260826-rno2a,core_design,sciq_0shot,1.6045690092229825
h100-d512-mix-u-math-pre-high-seed0-from10pct-20260826-rno2a,core_design,truthfulqa_mc1_0shot,0.7461021296028745
h100-d512-mix-u-math-pre-high-seed0-from10pct-20260826-rno2a,core_design,winogrande_0shot,0.4471516025853218
h100-d512-mix-u-math-pre-low-seed0-from10pct-20260826-rno2a,core_design,arc_challenge_0shot,1.47618221365278
h100-d512-mix-u-math-pre-low-seed0-from10pct-20260826-rno2a,core_design,belebele_arabic,2.1868123660581187
h100-d512-mix-u-math-pre-low-seed0-from10pct-20260826-rno2a,core_design,belebele_bengali,2.072811565547812
h100-d512-mix-u-math-pre-low-seed0-from10pct-20260826-rno2a,core_design,belebele_chinese_simplified,2.1179662491607494
h100-d512-mix-u-math-pre-low-seed0-from10pct-20260826-rno2a,core_design,belebele_french,2.168153954125214
h100-d512-mix-u-math-pre-low-seed0-from10pct-20260826-rno2a,core_design,belebele_german,2.1451667498578795
h100-d512-mix-u-math-pre-low-seed0-from10pct-20260826-rno2a,core_design,belebele_hebrew,2.1347099354370274
h100-d512-mix-u-math-pre-low-seed0-from10pct-20260826-rno2a,core_design,belebele_hindi,2.131093863285338
h100-d512-mix-u-math-pre-low-seed0-from10pct-20260826-rno2a,core_design,belebele_indonesian,2.094162066630155
h100-d512-mix-u-math-pre-low-seed0-from10pct-20260826-rno2a,core_design,belebele_japanese,2.125139894138716
h100-d512-mix-u-math-pre-low-seed0-from10pct-20260826-rno2a,core_design,belebele_korean,2.1232826040948054
h100-d512-mix-u-math-pre-low-seed0-from10pct-20260826-rno2a,core_design,belebele_mean,2.160281045571856
h100-d512-mix-u-math-pre-low-seed0-from10pct-20260826-rno2a,core_design,belebele_portuguese,2.0827391886831372
h100-d512-mix-u-math-pre-low-seed0-from10pct-20260826-rno2a,core_design,belebele_russian,2.0940095504089076
h100-d512-mix-u-math-pre-low-seed0-from10pct-20260826-rno2a,core_design,belebele_spanish,2.1081925111330264
h100-d512-mix-u-math-pre-low-seed0-from10pct-20260826-rno2a,core_design,belebele_swahili,2.273312594555005
h100-d512-mix-u-math-pre-low-seed0-from10pct-20260826-rno2a,core_design,belebele_thai,2.077556615613533
h100-d512-mix-u-math-pre-low-seed0-from10pct-20260826-rno2a,core_design,belebele_turkish,2.267343932930518
h100-d512-mix-u-math-pre-low-seed0-from10pct-20260826-rno2a,core_design,belebele_vietnamese,2.200132911275905
h100-d512-mix-u-math-pre-low-seed0-from10pct-20260826-rno2a,core_design,belebele_yoruba,2.4824722673575583
h100-d512-mix-u-math-pre-low-seed0-from10pct-20260826-rno2a,core_design,boolq_0shot,2.1467223688049697
h100-d512-mix-u-math-pre-low-seed0-from10pct-20260826-rno2a,core_design,copa_0shot,1.786642215764234
h100-d512-mix-u-math-pre-low-seed0-from10pct-20260826-rno2a,core_design,csqa_0shot,3.0146069736142236
h100-d512-mix-u-math-pre-low-seed0-from10pct-20260826-rno2a,core_design,gpqa_0shot,2.5699041301583434
h100-d512-mix-u-math-pre-low-seed0-from10pct-20260826-rno2a,core_design,hellaswag_0shot,0.9602898335101685
h100-d512-mix-u-math-pre-low-seed0-from10pct-20260826-rno2a,core_design,include_arabic,2.0433703964424272
h100-d512-mix-u-math-pre-low-seed0-from10pct-20260826-rno2a,core_design,include_bengali,2.0858010859469323
h100-d512-mix-u-math-pre-low-seed0-from10pct-20260826-rno2a,core_design,include_chinese,2.0458951876240796
h100-d512-mix-u-math-pre-low-seed0-from10pct-20260826-rno2a,core_design,include_french,2.0446451907571785
h100-d512-mix-u-math-pre-low-seed0-from10pct-20260826-rno2a,core_design,include_german,2.0140499772091065
h100-d512-mix-u-math-pre-low-seed0-from10pct-20260826-rno2a,core_design,include_hebrew,2.08911295753505
h100-d512-mix-u-math-pre-low-seed0-from10pct-20260826-rno2a,core_design,include_hindi,2.0824043702104
h100-d512-mix-u-math-pre-low-seed0-from10pct-20260826-rno2a,core_design,include_indonesian,2.055705294615552
h100-d512-mix-u-math-pre-low-seed0-from10pct-20260826-rno2a,core_design,include_japanese,2.096470703792747
h100-d512-mix-u-math-pre-low-seed0-from10pct-20260826-rno2a,core_design,include_korean,2.046330552493411
h100-d512-mix-u-math-pre-low-seed0-from10pct-20260826-rno2a,core_design,include_mean,2.0639049064102655
h100-d512-mix-u-math-pre-low-seed0-from10pct-20260826-rno2a,core_design,include_portuguese,2.116808618566691
h100-d512-mix-u-math-pre-low-seed0-from10pct-20260826-rno2a,core_design,include_russian,2.048749058354171
h100-d512-mix-u-math-pre-low-seed0-from10pct-20260826-rno2a,core_design,include_spanish,2.0523348105189076
h100-d512-mix-u-math-pre-low-seed0-from10pct-20260826-rno2a,core_design,include_turkish,2.0721988258792714
h100-d512-mix-u-math-pre-low-seed0-from10pct-20260826-rno2a,core_design,include_vietnamese,2.064696566208056
h100-d512-mix-u-math-pre-low-seed0-from10pct-20260826-rno2a,core_design,lambada_0shot,0.8632609117418604
h100-d512-mix-u-math-pre-low-seed0-from10pct-20260826-rno2a,core_design,lb_bbh_3shot,1.5327303595854465
h100-d512-mix-u-math-pre-low-seed0-from10pct-20260826-rno2a,core_design,logprob_gsm8k_5shot,0.7295649072653138
h100-d512-mix-u-math-pre-low-seed0-from10pct-20260826-rno2a,core_design,logprob_humaneval_10shot,0.5054268224181637
h100-d512-mix-u-math-pre-low-seed0-from10pct-20260826-rno2a,core_design,medmcqa_0shot,2.881270522331982
h100-d512-mix-u-math-pre-low-seed0-from10pct-20260826-rno2a,core_design,medqa_0shot,2.8075381983130474
h100-d512-mix-u-math-pre-low-seed0-from10pct-20260826-rno2a,core_design,mmlu_pro_5shot,3.539719535494662
h100-d512-mix-u-math-pre-low-seed0-from10pct-20260826-rno2a,core_design,musr_0shot,0.7911160978985705
h100-d512-mix-u-math-pre-low-seed0-from10pct-20260826-rno2a,core_design,openbookqa_0shot,1.9873786172485906
h100-d512-mix-u-math-pre-low-seed0-from10pct-20260826-rno2a,core_design,piqa_0shot,1.2652926471294523
h100-d512-mix-u-math-pre-low-seed0-from10pct-20260826-rno2a,core_design,sciq_0shot,1.5884346404414178
h100-d512-mix-u-math-pre-low-seed0-from10pct-20260826-rno2a,core_design,truthfulqa_mc1_0shot,0.7566250134029578
h100-d512-mix-u-math-pre-low-seed0-from10pct-20260826-rno2a,core_design,winogrande_0shot,0.4449408972413903
h100-d512-mix-semantic-zero-c00-seed0-from10pct-20260826-rno2a,semantic_domain_ablation,arc_challenge_0shot,1.4643039356420553
h100-d512-mix-semantic-zero-c00-seed0-from10pct-20260826-rno2a,semantic_domain_ablation,belebele_arabic,2.2185373055022968
h100-d512-mix-semantic-zero-c00-seed0-from10pct-20260826-rno2a,semantic_domain_ablation,belebele_bengali,2.141712845498261
h100-d512-mix-semantic-zero-c00-seed0-from10pct-20260826-rno2a,semantic_domain_ablation,belebele_chinese_simplified,2.072374357558818
h100-d512-mix-semantic-zero-c00-seed0-from10pct-20260826-rno2a,semantic_domain_ablation,belebele_french,2.0575000481716033
h100-d512-mix-semantic-zero-c00-seed0-from10pct-20260826-rno2a,semantic_domain_ablation,belebele_german,2.082506744480357
h100-d512-mix-semantic-zero-c00-seed0-from10pct-20260826-rno2a,semantic_domain_ablation,belebele_hebrew,2.177843967081116
h100-d512-mix-semantic-zero-c00-seed0-from10pct-20260826-rno2a,semantic_domain_ablation,belebele_hindi,2.2042534834505716
h100-d512-mix-semantic-zero-c00-seed0-from10pct-20260826-rno2a,semantic_domain_ablation,belebele_indonesian,2.06283612569388
h100-d512-mix-semantic-zero-c00-seed0-from10pct-20260826-rno2a,semantic_domain_ablation,belebele_japanese,2.092754653486123
h100-d512-mix-semantic-zero-c00-seed0-from10pct-20260826-rno2a,semantic_domain_ablation,belebele_korean,2.0945924589466935
h100-d512-mix-semantic-zero-c00-seed0-from10pct-20260826-rno2a,semantic_domain_ablation,belebele_mean,2.235623762172445
h100-d512-mix-semantic-zero-c00-seed0-from10pct-20260826-rno2a,semantic_domain_ablation,belebele_portuguese,2.0443965688501464
h100-d512-mix-semantic-zero-c00-seed0-from10pct-20260826-rno2a,semantic_domain_ablation,belebele_russian,2.0261283640542183
h100-d512-mix-semantic-zero-c00-seed0-from10pct-20260826-rno2a,semantic_domain_ablation,belebele_spanish,2.0645333496692553
h100-d512-mix-semantic-zero-c00-seed0-from10pct-20260826-rno2a,semantic_domain_ablation,belebele_swahili,2.9159353408161386
h100-d512-mix-semantic-zero-c00-seed0-from10pct-20260826-rno2a,semantic_domain_ablation,belebele_thai,2.0753294403804023
h100-d512-mix-semantic-zero-c00-seed0-from10pct-20260826-rno2a,semantic_domain_ablation,belebele_turkish,2.356721634975777
h100-d512-mix-semantic-zero-c00-seed0-from10pct-20260826-rno2a,semantic_domain_ablation,belebele_vietnamese,2.1955694627551603
h100-d512-mix-semantic-zero-c00-seed0-from10pct-20260826-rno2a,semantic_domain_ablation,belebele_yoruba,3.35770156773319
h100-d512-mix-semantic-zero-c00-seed0-from10pct-20260826-rno2a,semantic_domain_ablation,boolq_0shot,2.1383078957258412
h100-d512-mix-semantic-zero-c00-seed0-from10pct-20260826-rno2a,semantic_domain_ablation,copa_0shot,1.7908056848506322
h100-d512-mix-semantic-zero-c00-seed0-from10pct-20260826-rno2a,semantic_domain_ablation,csqa_0shot,2.873091440925695
h100-d512-mix-semantic-zero-c00-seed0-from10pct-20260826-rno2a,semantic_domain_ablation,gpqa_0shot,2.2979139666107966
h100-d512-mix-semantic-zero-c00-seed0-from10pct-20260826-rno2a,semantic_domain_ablation,hellaswag_0shot,0.9691637915448751
h100-d512-mix-semantic-zero-c00-seed0-from10pct-20260826-rno2a,semantic_domain_ablation,include_arabic,2.052045328313777
h100-d512-mix-semantic-zero-c00-seed0-from10pct-20260826-rno2a,semantic_domain_ablation,include_bengali,2.075565514943061
h100-d512-mix-semantic-zero-c00-seed0-from10pct-20260826-rno2a,semantic_domain_ablation,include_chinese,2.0510999599644353
h100-d512-mix-semantic-zero-c00-seed0-from10pct-20260826-rno2a,semantic_domain_ablation,include_french,2.0260579923459203
h100-d512-mix-semantic-zero-c00-seed0-from10pct-20260826-rno2a,semantic_domain_ablation,include_german,2.045869865781012
h100-d512-mix-semantic-zero-c00-seed0-from10pct-20260826-rno2a,semantic_domain_ablation,include_hebrew,2.073573316585872
h100-d512-mix-semantic-zero-c00-seed0-from10pct-20260826-rno2a,semantic_domain_ablation,include_hindi,2.0467094622029256
h100-d512-mix-semantic-zero-c00-seed0-from10pct-20260826-rno2a,semantic_domain_ablation,include_indonesian,2.058611752947296
h100-d512-mix-semantic-zero-c00-seed0-from10pct-20260826-rno2a,semantic_domain_ablation,include_japanese,2.061663136114459
h100-d512-mix-semantic-zero-c00-seed0-from10pct-20260826-rno2a,semantic_domain_ablation,include_korean,2.0545271809680554
h100-d512-mix-semantic-zero-c00-seed0-from10pct-20260826-rno2a,semantic_domain_ablation,include_mean,2.0541172835782864
h100-d512-mix-semantic-zero-c00-seed0-from10pct-20260826-rno2a,semantic_domain_ablation,include_portuguese,2.0717844885280146
h100-d512-mix-semantic-zero-c00-seed0-from10pct-20260826-rno2a,semantic_domain_ablation,include_russian,2.041161244085501
h100-d512-mix-semantic-zero-c00-seed0-from10pct-20260826-rno2a,semantic_domain_ablation,include_spanish,2.0410808910815548
h100-d512-mix-semantic-zero-c00-seed0-from10pct-20260826-rno2a,semantic_domain_ablation,include_turkish,2.050466121455645
h100-d512-mix-semantic-zero-c00-seed0-from10pct-20260826-rno2a,semantic_domain_ablation,include_vietnamese,2.0615429983567686
h100-d512-mix-semantic-zero-c00-seed0-from10pct-20260826-rno2a,semantic_domain_ablation,lambada_0shot,0.8928824207706165
h100-d512-mix-semantic-zero-c00-seed0-from10pct-20260826-rno2a,semantic_domain_ablation,lb_bbh_3shot,1.681520800204797
h100-d512-mix-semantic-zero-c00-seed0-from10pct-20260826-rno2a,semantic_domain_ablation,logprob_gsm8k_5shot,0.7632301178044416
h100-d512-mix-semantic-zero-c00-seed0-from10pct-20260826-rno2a,semantic_domain_ablation,logprob_humaneval_10shot,0.5229008327074616
h100-d512-mix-semantic-zero-c00-seed0-from10pct-20260826-rno2a,semantic_domain_ablation,medmcqa_0shot,3.0928623715293955
h100-d512-mix-semantic-zero-c00-seed0-from10pct-20260826-rno2a,semantic_domain_ablation,medqa_0shot,2.183744381448499
h100-d512-mix-semantic-zero-c00-seed0-from10pct-20260826-rno2a,semantic_domain_ablation,mmlu_pro_5shot,3.9035544109243836
h100-d512-mix-semantic-zero-c00-seed0-from10pct-20260826-rno2a,semantic_domain_ablation,musr_0shot,0.8458532701832172
h100-d512-mix-semantic-zero-c00-seed0-from10pct-20260826-rno2a,semantic_domain_ablation,openbookqa_0shot,1.982861018616874
h100-d512-mix-semantic-zero-c00-seed0-from10pct-20260826-rno2a,semantic_domain_ablation,piqa_0shot,1.2852280397107474
h100-d512-mix-semantic-zero-c00-seed0-from10pct-20260826-rno2a,semantic_domain_ablation,sciq_0shot,1.440995704999319
h100-d512-mix-semantic-zero-c00-seed0-from10pct-20260826-rno2a,semantic_domain_ablation,truthfulqa_mc1_0shot,0.7705109732268572
h100-d512-mix-semantic-zero-c00-seed0-from10pct-20260826-rno2a,semantic_domain_ablation,winogrande_0shot,0.4477801002399688
h100-d512-mix-semantic-zero-c01-seed0-from10pct-20260826-rno2a,semantic_domain_ablation,arc_challenge_0shot,1.5018793747981753
h100-d512-mix-semantic-zero-c01-seed0-from10pct-20260826-rno2a,semantic_domain_ablation,belebele_arabic,2.141470003128863
h100-d512-mix-semantic-zero-c01-seed0-from10pct-20260826-rno2a,semantic_domain_ablation,belebele_bengali,2.209185765677716
h100-d512-mix-semantic-zero-c01-seed0-from10pct-20260826-rno2a,semantic_domain_ablation,belebele_chinese_simplified,2.0870180911436607
h100-d512-mix-semantic-zero-c01-seed0-from10pct-20260826-rno2a,semantic_domain_ablation,belebele_french,2.1494928049928794
h100-d512-mix-semantic-zero-c01-seed0-from10pct-20260826-rno2a,semantic_domain_ablation,belebele_german,2.146200252654289
h100-d512-mix-semantic-zero-c01-seed0-from10pct-20260826-rno2a,semantic_domain_ablation,belebele_hebrew,2.1845530920785823
h100-d512-mix-semantic-zero-c01-seed0-from10pct-20260826-rno2a,semantic_domain_ablation,belebele_hindi,2.1487598666252485
h100-d512-mix-semantic-zero-c01-seed0-from10pct-20260826-rno2a,semantic_domain_ablation,belebele_indonesian,2.099914957101041
h100-d512-mix-semantic-zero-c01-seed0-from10pct-20260826-rno2a,semantic_domain_ablation,belebele_japanese,2.0798891584063584
h100-d512-mix-semantic-zero-c01-seed0-from10pct-20260826-rno2a,semantic_domain_ablation,belebele_korean,2.0779294611974497
h100-d512-mix-semantic-zero-c01-seed0-from10pct-20260826-rno2a,semantic_domain_ablation,belebele_mean,2.1413313903248277
h100-d512-mix-semantic-zero-c01-seed0-from10pct-20260826-rno2a,semantic_domain_ablation,belebele_portuguese,2.092507202363869
h100-d512-mix-semantic-zero-c01-seed0-from10pct-20260826-rno2a,semantic_domain_ablation,belebele_russian,2.097527994506824
h100-d512-mix-semantic-zero-c01-seed0-from10pct-20260826-rno2a,semantic_domain_ablation,belebele_spanish,2.1129292155495234
h100-d512-mix-semantic-zero-c01-seed0-from10pct-20260826-rno2a,semantic_domain_ablation,belebele_swahili,2.139425531753962
h100-d512-mix-semantic-zero-c01-seed0-from10pct-20260826-rno2a,semantic_domain_ablation,belebele_thai,2.121837619047592
h100-d512-mix-semantic-zero-c01-seed0-from10pct-20260826-rno2a,semantic_domain_ablation,belebele_turkish,2.2576965240901647
h100-d512-mix-semantic-zero-c01-seed0-from10pct-20260826-rno2a,semantic_domain_ablation,belebele_vietnamese,2.1637672316323955
h100-d512-mix-semantic-zero-c01-seed0-from10pct-20260826-rno2a,semantic_domain_ablation,belebele_yoruba,2.2338602538964842
h100-d512-mix-semantic-zero-c01-seed0-from10pct-20260826-rno2a,semantic_domain_ablation,boolq_0shot,2.194134382672673
h100-d512-mix-semantic-zero-c01-seed0-from10pct-20260826-rno2a,semantic_domain_ablation,copa_0shot,1.8478846445454025
h100-d512-mix-semantic-zero-c01-seed0-from10pct-20260826-rno2a,semantic_domain_ablation,csqa_0shot,4.056948102899183
h100-d512-mix-semantic-zero-c01-seed0-from10pct-20260826-rno2a,semantic_domain_ablation,gpqa_0shot,2.2962483590756606
h100-d512-mix-semantic-zero-c01-seed0-from10pct-20260826-rno2a,semantic_domain_ablation,hellaswag_0shot,0.9730182729573863
h100-d512-mix-semantic-zero-c01-seed0-from10pct-20260826-rno2a,semantic_domain_ablation,include_arabic,2.0961739990246016
h100-d512-mix-semantic-zero-c01-seed0-from10pct-20260826-rno2a,semantic_domain_ablation,include_bengali,2.0549509623145963
h100-d512-mix-semantic-zero-c01-seed0-from10pct-20260826-rno2a,semantic_domain_ablation,include_chinese,2.0621093245920052
h100-d512-mix-semantic-zero-c01-seed0-from10pct-20260826-rno2a,semantic_domain_ablation,include_french,2.064745270061522
h100-d512-mix-semantic-zero-c01-seed0-from10pct-20260826-rno2a,semantic_domain_ablation,include_german,2.036540029683051
h100-d512-mix-semantic-zero-c01-seed0-from10pct-20260826-rno2a,semantic_domain_ablation,include_hebrew,2.0800354216337458
h100-d512-mix-semantic-zero-c01-seed0-from10pct-20260826-rno2a,semantic_domain_ablation,include_hindi,2.068834107126621
h100-d512-mix-semantic-zero-c01-seed0-from10pct-20260826-rno2a,semantic_domain_ablation,include_indonesian,2.071983270687151
h100-d512-mix-semantic-zero-c01-seed0-from10pct-20260826-rno2a,semantic_domain_ablation,include_japanese,2.0620531539761164
h100-d512-mix-semantic-zero-c01-seed0-from10pct-20260826-rno2a,semantic_domain_ablation,include_korean,2.0791735320798863
h100-d512-mix-semantic-zero-c01-seed0-from10pct-20260826-rno2a,semantic_domain_ablation,include_mean,2.0770235431223076
h100-d512-mix-semantic-zero-c01-seed0-from10pct-20260826-rno2a,semantic_domain_ablation,include_portuguese,2.1735897621291724
h100-d512-mix-semantic-zero-c01-seed0-from10pct-20260826-rno2a,semantic_domain_ablation,include_russian,2.0855407888801416
h100-d512-mix-semantic-zero-c01-seed0-from10pct-20260826-rno2a,semantic_domain_ablation,include_spanish,2.083565066449239
h100-d512-mix-semantic-zero-c01-seed0-from10pct-20260826-rno2a,semantic_domain_ablation,include_turkish,2.0601115787148476
h100-d512-mix-semantic-zero-c01-seed0-from10pct-20260826-rno2a,semantic_domain_ablation,include_vietnamese,2.075946879481915
h100-d512-mix-semantic-zero-c01-seed0-from10pct-20260826-rno2a,semantic_domain_ablation,lambada_0shot,0.885176524863704
h100-d512-mix-semantic-zero-c01-seed0-from10pct-20260826-rno2a,semantic_domain_ablation,lb_bbh_3shot,1.8122924971823366
h100-d512-mix-semantic-zero-c01-seed0-from10pct-20260826-rno2a,semantic_domain_ablation,logprob_gsm8k_5shot,0.7407817141521804
h100-d512-mix-semantic-zero-c01-seed0-from10pct-20260826-rno2a,semantic_domain_ablation,logprob_humaneval_10shot,0.5314501452576746
h100-d512-mix-semantic-zero-c01-seed0-from10pct-20260826-rno2a,semantic_domain_ablation,medmcqa_0shot,3.332580921088262
h100-d512-mix-semantic-zero-c01-seed0-from10pct-20260826-rno2a,semantic_domain_ablation,medqa_0shot,3.0545214630073922
h100-d512-mix-semantic-zero-c01-seed0-from10pct-20260826-rno2a,semantic_domain_ablation,mmlu_pro_5shot,4.0344189780674045
h100-d512-mix-semantic-zero-c01-seed0-from10pct-20260826-rno2a,semantic_domain_ablation,musr_0shot,0.9079298187407742
h100-d512-mix-semantic-zero-c01-seed0-from10pct-20260826-rno2a,semantic_domain_ablation,openbookqa_0shot,1.9754751724384396
h100-d512-mix-semantic-zero-c01-seed0-from10pct-20260826-rno2a,semantic_domain_ablation,piqa_0shot,1.3096093235264752
h100-d512-mix-semantic-zero-c01-seed0-from10pct-20260826-rno2a,semantic_domain_ablation,sciq_0shot,1.5800360786501715
h100-d512-mix-semantic-zero-c01-seed0-from10pct-20260826-rno2a,semantic_domain_ablation,truthfulqa_mc1_0shot,0.7637308656406382
h100-d512-mix-semantic-zero-c01-seed0-from10pct-20260826-rno2a,semantic_domain_ablation,winogrande_0shot,0.4496763557790044
h100-d512-mix-semantic-zero-c02-seed0-from10pct-20260826-rno2a,semantic_domain_ablation,arc_challenge_0shot,1.499399855155555
h100-d512-mix-semantic-zero-c02-seed0-from10pct-20260826-rno2a,semantic_domain_ablation,belebele_arabic,2.1158783823590146
h100-d512-mix-semantic-zero-c02-seed0-from10pct-20260826-rno2a,semantic_domain_ablation,belebele_bengali,2.071193870458666
h100-d512-mix-semantic-zero-c02-seed0-from10pct-20260826-rno2a,semantic_domain_ablation,belebele_chinese_simplified,2.074552508755129
h100-d512-mix-semantic-zero-c02-seed0-from10pct-20260826-rno2a,semantic_domain_ablation,belebele_french,2.0863279519007842
h100-d512-mix-semantic-zero-c02-seed0-from10pct-20260826-rno2a,semantic_domain_ablation,belebele_german,2.124413451937986
h100-d512-mix-semantic-zero-c02-seed0-from10pct-20260826-rno2a,semantic_domain_ablation,belebele_hebrew,2.1442039527599825
h100-d512-mix-semantic-zero-c02-seed0-from10pct-20260826-rno2a,semantic_domain_ablation,belebele_hindi,2.443326681643337
h100-d512-mix-semantic-zero-c02-seed0-from10pct-20260826-rno2a,semantic_domain_ablation,belebele_indonesian,2.055185245389218
h100-d512-mix-semantic-zero-c02-seed0-from10pct-20260826-rno2a,semantic_domain_ablation,belebele_japanese,2.242670503838239
h100-d512-mix-semantic-zero-c02-seed0-from10pct-20260826-rno2a,semantic_domain_ablation,belebele_korean,2.137548014639394
h100-d512-mix-semantic-zero-c02-seed0-from10pct-20260826-rno2a,semantic_domain_ablation,belebele_mean,2.2024769633175825
h100-d512-mix-semantic-zero-c02-seed0-from10pct-20260826-rno2a,semantic_domain_ablation,belebele_portuguese,2.0650578061768585
h100-d512-mix-semantic-zero-c02-seed0-from10pct-20260826-rno2a,semantic_domain_ablation,belebele_russian,2.07937483922502
h100-d512-mix-semantic-zero-c02-seed0-from10pct-20260826-rno2a,semantic_domain_ablation,belebele_spanish,2.07782635606952
h100-d512-mix-semantic-zero-c02-seed0-from10pct-20260826-rno2a,semantic_domain_ablation,belebele_swahili,2.511877820395071
h100-d512-mix-semantic-zero-c02-seed0-from10pct-20260826-rno2a,semantic_domain_ablation,belebele_thai,2.075500847176022
h100-d512-mix-semantic-zero-c02-seed0-from10pct-20260826-rno2a,semantic_domain_ablation,belebele_turkish,2.328984764915005
h100-d512-mix-semantic-zero-c02-seed0-from10pct-20260826-rno2a,semantic_domain_ablation,belebele_vietnamese,2.216479339126517
h100-d512-mix-semantic-zero-c02-seed0-from10pct-20260826-rno2a,semantic_domain_ablation,belebele_yoruba,2.7941830029507218
h100-d512-mix-semantic-zero-c02-seed0-from10pct-20260826-rno2a,semantic_domain_ablation,boolq_0shot,2.296288742758973
h100-d512-mix-semantic-zero-c02-seed0-from10pct-20260826-rno2a,semantic_domain_ablation,copa_0shot,1.83728308567682
h100-d512-mix-semantic-zero-c02-seed0-from10pct-20260826-rno2a,semantic_domain_ablation,csqa_0shot,3.678079789277768
h100-d512-mix-semantic-zero-c02-seed0-from10pct-20260826-rno2a,semantic_domain_ablation,gpqa_0shot,3.5600319330326604
h100-d512-mix-semantic-zero-c02-seed0-from10pct-20260826-rno2a,semantic_domain_ablation,hellaswag_0shot,0.9700882007563961
h100-d512-mix-semantic-zero-c02-seed0-from10pct-20260826-rno2a,semantic_domain_ablation,include_arabic,2.055654133901445
h100-d512-mix-semantic-zero-c02-seed0-from10pct-20260826-rno2a,semantic_domain_ablation,include_bengali,2.066250492532982
h100-d512-mix-semantic-zero-c02-seed0-from10pct-20260826-rno2a,semantic_domain_ablation,include_chinese,2.0456412549245164
h100-d512-mix-semantic-zero-c02-seed0-from10pct-20260826-rno2a,semantic_domain_ablation,include_french,2.0761240022158396
h100-d512-mix-semantic-zero-c02-seed0-from10pct-20260826-rno2a,semantic_domain_ablation,include_german,2.033213169445842
h100-d512-mix-semantic-zero-c02-seed0-from10pct-20260826-rno2a,semantic_domain_ablation,include_hebrew,2.0676281047697755
h100-d512-mix-semantic-zero-c02-seed0-from10pct-20260826-rno2a,semantic_domain_ablation,include_hindi,2.1177367677156393
h100-d512-mix-semantic-zero-c02-seed0-from10pct-20260826-rno2a,semantic_domain_ablation,include_indonesian,2.043795925530886
h100-d512-mix-semantic-zero-c02-seed0-from10pct-20260826-rno2a,semantic_domain_ablation,include_japanese,2.0510341441782742
h100-d512-mix-semantic-zero-c02-seed0-from10pct-20260826-rno2a,semantic_domain_ablation,include_korean,2.069064878229108
h100-d512-mix-semantic-zero-c02-seed0-from10pct-20260826-rno2a,semantic_domain_ablation,include_mean,2.0681327586231624
h100-d512-mix-semantic-zero-c02-seed0-from10pct-20260826-rno2a,semantic_domain_ablation,include_portuguese,2.1140287996187666
h100-d512-mix-semantic-zero-c02-seed0-from10pct-20260826-rno2a,semantic_domain_ablation,include_russian,2.070052790154571
h100-d512-mix-semantic-zero-c02-seed0-from10pct-20260826-rno2a,semantic_domain_ablation,include_spanish,2.0425520292699053
h100-d512-mix-semantic-zero-c02-seed0-from10pct-20260826-rno2a,semantic_domain_ablation,include_turkish,2.068114198377823
h100-d512-mix-semantic-zero-c02-seed0-from10pct-20260826-rno2a,semantic_domain_ablation,include_vietnamese,2.1011006884820613
h100-d512-mix-semantic-zero-c02-seed0-from10pct-20260826-rno2a,semantic_domain_ablation,lambada_0shot,0.8871126070228116
h100-d512-mix-semantic-zero-c02-seed0-from10pct-20260826-rno2a,semantic_domain_ablation,lb_bbh_3shot,1.7878851700959444
h100-d512-mix-semantic-zero-c02-seed0-from10pct-20260826-rno2a,semantic_domain_ablation,logprob_gsm8k_5shot,0.7543949182355668
h100-d512-mix-semantic-zero-c02-seed0-from10pct-20260826-rno2a,semantic_domain_ablation,logprob_humaneval_10shot,0.5216017827202722
h100-d512-mix-semantic-zero-c02-seed0-from10pct-20260826-rno2a,semantic_domain_ablation,medmcqa_0shot,2.423232262562893
h100-d512-mix-semantic-zero-c02-seed0-from10pct-20260826-rno2a,semantic_domain_ablation,medqa_0shot,2.384073876101314
h100-d512-mix-semantic-zero-c02-seed0-from10pct-20260826-rno2a,semantic_domain_ablation,mmlu_pro_5shot,4.461555554740959
h100-d512-mix-semantic-zero-c02-seed0-from10pct-20260826-rno2a,semantic_domain_ablation,musr_0shot,0.831386179735282
h100-d512-mix-semantic-zero-c02-seed0-from10pct-20260826-rno2a,semantic_domain_ablation,openbookqa_0shot,1.9823586982596908
h100-d512-mix-semantic-zero-c02-seed0-from10pct-20260826-rno2a,semantic_domain_ablation,piqa_0shot,1.299834890169553
h100-d512-mix-semantic-zero-c02-seed0-from10pct-20260826-rno2a,semantic_domain_ablation,sciq_0shot,1.5856058586849848
h100-d512-mix-semantic-zero-c02-seed0-from10pct-20260826-rno2a,semantic_domain_ablation,truthfulqa_mc1_0shot,0.7356997841427423
h100-d512-mix-semantic-zero-c02-seed0-from10pct-20260826-rno2a,semantic_domain_ablation,winogrande_0shot,0.4477328335998211
h100-d512-mix-semantic-zero-c03-seed0-from10pct-20260826-rno2a,semantic_domain_ablation,arc_challenge_0shot,1.5008633249948378
h100-d512-mix-semantic-zero-c03-seed0-from10pct-20260826-rno2a,semantic_domain_ablation,belebele_arabic,2.3142583383453346
h100-d512-mix-semantic-zero-c03-seed0-from10pct-20260826-rno2a,semantic_domain_ablation,belebele_bengali,2.210961802136036
h100-d512-mix-semantic-zero-c03-seed0-from10pct-20260826-rno2a,semantic_domain_ablation,belebele_chinese_simplified,2.2984496132971874
h100-d512-mix-semantic-zero-c03-seed0-from10pct-20260826-rno2a,semantic_domain_ablation,belebele_french,2.088214911436163
h100-d512-mix-semantic-zero-c03-seed0-from10pct-20260826-rno2a,semantic_domain_ablation,belebele_german,2.175227501760729
h100-d512-mix-semantic-zero-c03-seed0-from10pct-20260826-rno2a,semantic_domain_ablation,belebele_hebrew,2.2219333690389687
h100-d512-mix-semantic-zero-c03-seed0-from10pct-20260826-rno2a,semantic_domain_ablation,belebele_hindi,2.2867535046973697
h100-d512-mix-semantic-zero-c03-seed0-from10pct-20260826-rno2a,semantic_domain_ablation,belebele_indonesian,2.1019685848322758
h100-d512-mix-semantic-zero-c03-seed0-from10pct-20260826-rno2a,semantic_domain_ablation,belebele_japanese,2.6583508259230233
h100-d512-mix-semantic-zero-c03-seed0-from10pct-20260826-rno2a,semantic_domain_ablation,belebele_korean,2.2833450701619897
h100-d512-mix-semantic-zero-c03-seed0-from10pct-20260826-rno2a,semantic_domain_ablation,belebele_mean,2.2309402078901104
h100-d512-mix-semantic-zero-c03-seed0-from10pct-20260826-rno2a,semantic_domain_ablation,belebele_portuguese,2.070713625913305
h100-d512-mix-semantic-zero-c03-seed0-from10pct-20260826-rno2a,semantic_domain_ablation,belebele_russian,2.1365799343300065
h100-d512-mix-semantic-zero-c03-seed0-from10pct-20260826-rno2a,semantic_domain_ablation,belebele_spanish,2.0792183058712266
h100-d512-mix-semantic-zero-c03-seed0-from10pct-20260826-rno2a,semantic_domain_ablation,belebele_swahili,2.175341538297033
h100-d512-mix-semantic-zero-c03-seed0-from10pct-20260826-rno2a,semantic_domain_ablation,belebele_thai,2.178358415727173
h100-d512-mix-semantic-zero-c03-seed0-from10pct-20260826-rno2a,semantic_domain_ablation,belebele_turkish,2.4269375935917217
h100-d512-mix-semantic-zero-c03-seed0-from10pct-20260826-rno2a,semantic_domain_ablation,belebele_vietnamese,2.192300254481682
h100-d512-mix-semantic-zero-c03-seed0-from10pct-20260826-rno2a,semantic_domain_ablation,belebele_yoruba,2.2580105521807607
h100-d512-mix-semantic-zero-c03-seed0-from10pct-20260826-rno2a,semantic_domain_ablation,boolq_0shot,2.2133645250503244
h100-d512-mix-semantic-zero-c03-seed0-from10pct-20260826-rno2a,semantic_domain_ablation,copa_0shot,1.835784000934318
h100-d512-mix-semantic-zero-c03-seed0-from10pct-20260826-rno2a,semantic_domain_ablation,csqa_0shot,3.3315774493489116
h100-d512-mix-semantic-zero-c03-seed0-from10pct-20260826-rno2a,semantic_domain_ablation,gpqa_0shot,2.3129997955846564
h100-d512-mix-semantic-zero-c03-seed0-from10pct-20260826-rno2a,semantic_domain_ablation,hellaswag_0shot,0.9670802371394703
h100-d512-mix-semantic-zero-c03-seed0-from10pct-20260826-rno2a,semantic_domain_ablation,include_arabic,2.0935829727444153
h100-d512-mix-semantic-zero-c03-seed0-from10pct-20260826-rno2a,semantic_domain_ablation,include_bengali,2.0847512544167457
h100-d512-mix-semantic-zero-c03-seed0-from10pct-20260826-rno2a,semantic_domain_ablation,include_chinese,2.0537399993692858
h100-d512-mix-semantic-zero-c03-seed0-from10pct-20260826-rno2a,semantic_domain_ablation,include_french,2.0318842098207512
h100-d512-mix-semantic-zero-c03-seed0-from10pct-20260826-rno2a,semantic_domain_ablation,include_german,2.024205819377528
h100-d512-mix-semantic-zero-c03-seed0-from10pct-20260826-rno2a,semantic_domain_ablation,include_hebrew,2.0685388973715204
h100-d512-mix-semantic-zero-c03-seed0-from10pct-20260826-rno2a,semantic_domain_ablation,include_hindi,2.094944456586688
h100-d512-mix-semantic-zero-c03-seed0-from10pct-20260826-rno2a,semantic_domain_ablation,include_indonesian,2.105028965004685
h100-d512-mix-semantic-zero-c03-seed0-from10pct-20260826-rno2a,semantic_domain_ablation,include_japanese,2.054314272130298
h100-d512-mix-semantic-zero-c03-seed0-from10pct-20260826-rno2a,semantic_domain_ablation,include_korean,2.0782437405547
h100-d512-mix-semantic-zero-c03-seed0-from10pct-20260826-rno2a,semantic_domain_ablation,include_mean,2.0679444898115142
h100-d512-mix-semantic-zero-c03-seed0-from10pct-20260826-rno2a,semantic_domain_ablation,include_portuguese,2.062792613625423
h100-d512-mix-semantic-zero-c03-seed0-from10pct-20260826-rno2a,semantic_domain_ablation,include_russian,2.054548734885698
h100-d512-mix-semantic-zero-c03-seed0-from10pct-20260826-rno2a,semantic_domain_ablation,include_spanish,2.0535225253636797
h100-d512-mix-semantic-zero-c03-seed0-from10pct-20260826-rno2a,semantic_domain_ablation,include_turkish,2.084154850438005
h100-d512-mix-semantic-zero-c03-seed0-from10pct-20260826-rno2a,semantic_domain_ablation,include_vietnamese,2.07491403548329
h100-d512-mix-semantic-zero-c03-seed0-from10pct-20260826-rno2a,semantic_domain_ablation,lambada_0shot,0.8904392260215321
h100-d512-mix-semantic-zero-c03-seed0-from10pct-20260826-rno2a,semantic_domain_ablation,lb_bbh_3shot,1.7072080876657254
h100-d512-mix-semantic-zero-c03-seed0-from10pct-20260826-rno2a,semantic_domain_ablation,logprob_gsm8k_5shot,0.7560441503656767
h100-d512-mix-semantic-zero-c03-seed0-from10pct-20260826-rno2a,semantic_domain_ablation,logprob_humaneval_10shot,0.5320066270079437
h100-d512-mix-semantic-zero-c03-seed0-from10pct-20260826-rno2a,semantic_domain_ablation,medmcqa_0shot,4.385086539974549
h100-d512-mix-semantic-zero-c03-seed0-from10pct-20260826-rno2a,semantic_domain_ablation,medqa_0shot,2.3038121479548987
h100-d512-mix-semantic-zero-c03-seed0-from10pct-20260826-rno2a,semantic_domain_ablation,mmlu_pro_5shot,4.031604239234966
h100-d512-mix-semantic-zero-c03-seed0-from10pct-20260826-rno2a,semantic_domain_ablation,musr_0shot,0.7748938650233155
h100-d512-mix-semantic-zero-c03-seed0-from10pct-20260826-rno2a,semantic_domain_ablation,openbookqa_0shot,1.9799567833911322
h100-d512-mix-semantic-zero-c03-seed0-from10pct-20260826-rno2a,semantic_domain_ablation,piqa_0shot,1.289901057819586
h100-d512-mix-semantic-zero-c03-seed0-from10pct-20260826-rno2a,semantic_domain_ablation,sciq_0shot,1.6158558775664758
h100-d512-mix-semantic-zero-c03-seed0-from10pct-20260826-rno2a,semantic_domain_ablation,truthfulqa_mc1_0shot,0.7652204577134273
h100-d512-mix-semantic-zero-c03-seed0-from10pct-20260826-rno2a,semantic_domain_ablation,winogrande_0shot,0.4486597242237851
h100-d512-mix-semantic-zero-c04-seed0-from10pct-20260826-rno2a,semantic_domain_ablation,arc_challenge_0shot,1.5173753357453277
h100-d512-mix-semantic-zero-c04-seed0-from10pct-20260826-rno2a,semantic_domain_ablation,belebele_arabic,2.125901239836254
h100-d512-mix-semantic-zero-c04-seed0-from10pct-20260826-rno2a,semantic_domain_ablation,belebele_bengali,2.0890530682163195
h100-d512-mix-semantic-zero-c04-seed0-from10pct-20260826-rno2a,semantic_domain_ablation,belebele_chinese_simplified,2.130435533953566
h100-d512-mix-semantic-zero-c04-seed0-from10pct-20260826-rno2a,semantic_domain_ablation,belebele_french,2.107848333814914
h100-d512-mix-semantic-zero-c04-seed0-from10pct-20260826-rno2a,semantic_domain_ablation,belebele_german,2.166845500085132
h100-d512-mix-semantic-zero-c04-seed0-from10pct-20260826-rno2a,semantic_domain_ablation,belebele_hebrew,2.175983280379856
h100-d512-mix-semantic-zero-c04-seed0-from10pct-20260826-rno2a,semantic_domain_ablation,belebele_hindi,2.1346396874034537
h100-d512-mix-semantic-zero-c04-seed0-from10pct-20260826-rno2a,semantic_domain_ablation,belebele_indonesian,2.0788723496792314
h100-d512-mix-semantic-zero-c04-seed0-from10pct-20260826-rno2a,semantic_domain_ablation,belebele_japanese,2.088284684319887
h100-d512-mix-semantic-zero-c04-seed0-from10pct-20260826-rno2a,semantic_domain_ablation,belebele_korean,2.065265082342965
h100-d512-mix-semantic-zero-c04-seed0-from10pct-20260826-rno2a,semantic_domain_ablation,belebele_mean,2.11510241556703
h100-d512-mix-semantic-zero-c04-seed0-from10pct-20260826-rno2a,semantic_domain_ablation,belebele_portuguese,2.078810303498277
h100-d512-mix-semantic-zero-c04-seed0-from10pct-20260826-rno2a,semantic_domain_ablation,belebele_russian,2.108077497161986
h100-d512-mix-semantic-zero-c04-seed0-from10pct-20260826-rno2a,semantic_domain_ablation,belebele_spanish,2.094497419996183
h100-d512-mix-semantic-zero-c04-seed0-from10pct-20260826-rno2a,semantic_domain_ablation,belebele_swahili,2.1564419048356744
h100-d512-mix-semantic-zero-c04-seed0-from10pct-20260826-rno2a,semantic_domain_ablation,belebele_thai,2.099195855884219
h100-d512-mix-semantic-zero-c04-seed0-from10pct-20260826-rno2a,semantic_domain_ablation,belebele_turkish,2.1069426336194566
h100-d512-mix-semantic-zero-c04-seed0-from10pct-20260826-rno2a,semantic_domain_ablation,belebele_vietnamese,2.102176409240853
h100-d512-mix-semantic-zero-c04-seed0-from10pct-20260826-rno2a,semantic_domain_ablation,belebele_yoruba,2.1625726959383145
h100-d512-mix-semantic-zero-c04-seed0-from10pct-20260826-rno2a,semantic_domain_ablation,boolq_0shot,2.107969992651237
h100-d512-mix-semantic-zero-c04-seed0-from10pct-20260826-rno2a,semantic_domain_ablation,copa_0shot,1.7996038589058216
h100-d512-mix-semantic-zero-c04-seed0-from10pct-20260826-rno2a,semantic_domain_ablation,csqa_0shot,4.770139032092656
h100-d512-mix-semantic-zero-c04-seed0-from10pct-20260826-rno2a,semantic_domain_ablation,gpqa_0shot,1.8537092624519043
h100-d512-mix-semantic-zero-c04-seed0-from10pct-20260826-rno2a,semantic_domain_ablation,hellaswag_0shot,0.9700467636727026
h100-d512-mix-semantic-zero-c04-seed0-from10pct-20260826-rno2a,semantic_domain_ablation,include_arabic,2.0374890515189494
h100-d512-mix-semantic-zero-c04-seed0-from10pct-20260826-rno2a,semantic_domain_ablation,include_bengali,2.0866099128218534
h100-d512-mix-semantic-zero-c04-seed0-from10pct-20260826-rno2a,semantic_domain_ablation,include_chinese,2.061544533724354
h100-d512-mix-semantic-zero-c04-seed0-from10pct-20260826-rno2a,semantic_domain_ablation,include_french,2.060893935318217
h100-d512-mix-semantic-zero-c04-seed0-from10pct-20260826-rno2a,semantic_domain_ablation,include_german,2.0632071670863055
h100-d512-mix-semantic-zero-c04-seed0-from10pct-20260826-rno2a,semantic_domain_ablation,include_hebrew,2.0525517519362717
h100-d512-mix-semantic-zero-c04-seed0-from10pct-20260826-rno2a,semantic_domain_ablation,include_hindi,2.0502710303257428
h100-d512-mix-semantic-zero-c04-seed0-from10pct-20260826-rno2a,semantic_domain_ablation,include_indonesian,2.077980778205983
h100-d512-mix-semantic-zero-c04-seed0-from10pct-20260826-rno2a,semantic_domain_ablation,include_japanese,2.04468536771921
h100-d512-mix-semantic-zero-c04-seed0-from10pct-20260826-rno2a,semantic_domain_ablation,include_korean,2.0725845134979735
h100-d512-mix-semantic-zero-c04-seed0-from10pct-20260826-rno2a,semantic_domain_ablation,include_mean,2.066010397254705
h100-d512-mix-semantic-zero-c04-seed0-from10pct-20260826-rno2a,semantic_domain_ablation,include_portuguese,2.0533611532521228
h100-d512-mix-semantic-zero-c04-seed0-from10pct-20260826-rno2a,semantic_domain_ablation,include_russian,2.0679040585431467
h100-d512-mix-semantic-zero-c04-seed0-from10pct-20260826-rno2a,semantic_domain_ablation,include_spanish,2.0735684088264072
h100-d512-mix-semantic-zero-c04-seed0-from10pct-20260826-rno2a,semantic_domain_ablation,include_turkish,2.091051786106496
h100-d512-mix-semantic-zero-c04-seed0-from10pct-20260826-rno2a,semantic_domain_ablation,include_vietnamese,2.0964525099375386
h100-d512-mix-semantic-zero-c04-seed0-from10pct-20260826-rno2a,semantic_domain_ablation,lambada_0shot,0.8966515998940873
h100-d512-mix-semantic-zero-c04-seed0-from10pct-20260826-rno2a,semantic_domain_ablation,lb_bbh_3shot,1.5634269609196287
h100-d512-mix-semantic-zero-c04-seed0-from10pct-20260826-rno2a,semantic_domain_ablation,logprob_gsm8k_5shot,0.7550413056126789
h100-d512-mix-semantic-zero-c04-seed0-from10pct-20260826-rno2a,semantic_domain_ablation,logprob_humaneval_10shot,0.527405705438849
h100-d512-mix-semantic-zero-c04-seed0-from10pct-20260826-rno2a,semantic_domain_ablation,medmcqa_0shot,3.2355000505352502
h100-d512-mix-semantic-zero-c04-seed0-from10pct-20260826-rno2a,semantic_domain_ablation,medqa_0shot,2.3675006073166913
h100-d512-mix-semantic-zero-c04-seed0-from10pct-20260826-rno2a,semantic_domain_ablation,mmlu_pro_5shot,4.0724095794080135
h100-d512-mix-semantic-zero-c04-seed0-from10pct-20260826-rno2a,semantic_domain_ablation,musr_0shot,0.8782872766676042
h100-d512-mix-semantic-zero-c04-seed0-from10pct-20260826-rno2a,semantic_domain_ablation,openbookqa_0shot,1.968848084844872
h100-d512-mix-semantic-zero-c04-seed0-from10pct-20260826-rno2a,semantic_domain_ablation,piqa_0shot,1.2883454541820205
h100-d512-mix-semantic-zero-c04-seed0-from10pct-20260826-rno2a,semantic_domain_ablation,sciq_0shot,1.5657737750253364
h100-d512-mix-semantic-zero-c04-seed0-from10pct-20260826-rno2a,semantic_domain_ablation,truthfulqa_mc1_0shot,0.7576190485965273
h100-d512-mix-semantic-zero-c04-seed0-from10pct-20260826-rno2a,semantic_domain_ablation,winogrande_0shot,0.44895283383216983
h100-d512-mix-semantic-zero-c05-seed0-from10pct-20260826-rno2a,semantic_domain_ablation,arc_challenge_0shot,1.5250704226442786
h100-d512-mix-semantic-zero-c05-seed0-from10pct-20260826-rno2a,semantic_domain_ablation,belebele_arabic,2.2646450823786974
h100-d512-mix-semantic-zero-c05-seed0-from10pct-20260826-rno2a,semantic_domain_ablation,belebele_bengali,2.089718060920352
h100-d512-mix-semantic-zero-c05-seed0-from10pct-20260826-rno2a,semantic_domain_ablation,belebele_chinese_simplified,2.1481283006603307
h100-d512-mix-semantic-zero-c05-seed0-from10pct-20260826-rno2a,semantic_domain_ablation,belebele_french,2.0983103270561543
h100-d512-mix-semantic-zero-c05-seed0-from10pct-20260826-rno2a,semantic_domain_ablation,belebele_german,2.1589983224135167
h100-d512-mix-semantic-zero-c05-seed0-from10pct-20260826-rno2a,semantic_domain_ablation,belebele_hebrew,2.262219171828999
h100-d512-mix-semantic-zero-c05-seed0-from10pct-20260826-rno2a,semantic_domain_ablation,belebele_hindi,2.216661110838774
h100-d512-mix-semantic-zero-c05-seed0-from10pct-20260826-rno2a,semantic_domain_ablation,belebele_indonesian,2.075480468378449
h100-d512-mix-semantic-zero-c05-seed0-from10pct-20260826-rno2a,semantic_domain_ablation,belebele_japanese,2.1378929894792837
h100-d512-mix-semantic-zero-c05-seed0-from10pct-20260826-rno2a,semantic_domain_ablation,belebele_korean,2.089848488549832
h100-d512-mix-semantic-zero-c05-seed0-from10pct-20260826-rno2a,semantic_domain_ablation,belebele_mean,2.209014004842008
h100-d512-mix-semantic-zero-c05-seed0-from10pct-20260826-rno2a,semantic_domain_ablation,belebele_portuguese,2.0966621207160143
h100-d512-mix-semantic-zero-c05-seed0-from10pct-20260826-rno2a,semantic_domain_ablation,belebele_russian,2.1069559591218847
h100-d512-mix-semantic-zero-c05-seed0-from10pct-20260826-rno2a,semantic_domain_ablation,belebele_spanish,2.1050186777495083
h100-d512-mix-semantic-zero-c05-seed0-from10pct-20260826-rno2a,semantic_domain_ablation,belebele_swahili,2.804881813395238
h100-d512-mix-semantic-zero-c05-seed0-from10pct-20260826-rno2a,semantic_domain_ablation,belebele_thai,2.1018916353991655
h100-d512-mix-semantic-zero-c05-seed0-from10pct-20260826-rno2a,semantic_domain_ablation,belebele_turkish,2.2645533686171984
h100-d512-mix-semantic-zero-c05-seed0-from10pct-20260826-rno2a,semantic_domain_ablation,belebele_vietnamese,2.146000131539736
h100-d512-mix-semantic-zero-c05-seed0-from10pct-20260826-rno2a,semantic_domain_ablation,belebele_yoruba,2.5943860581130114
h100-d512-mix-semantic-zero-c05-seed0-from10pct-20260826-rno2a,semantic_domain_ablation,boolq_0shot,2.5270859523405513
h100-d512-mix-semantic-zero-c05-seed0-from10pct-20260826-rno2a,semantic_domain_ablation,copa_0shot,1.8206498638582562
h100-d512-mix-semantic-zero-c05-seed0-from10pct-20260826-rno2a,semantic_domain_ablation,csqa_0shot,4.1538113364656
h100-d512-mix-semantic-zero-c05-seed0-from10pct-20260826-rno2a,semantic_domain_ablation,gpqa_0shot,2.7956487065785973
h100-d512-mix-semantic-zero-c05-seed0-from10pct-20260826-rno2a,semantic_domain_ablation,hellaswag_0shot,0.9682307407678779
h100-d512-mix-semantic-zero-c05-seed0-from10pct-20260826-rno2a,semantic_domain_ablation,include_arabic,2.108664130463887
h100-d512-mix-semantic-zero-c05-seed0-from10pct-20260826-rno2a,semantic_domain_ablation,include_bengali,2.115791722986295
h100-d512-mix-semantic-zero-c05-seed0-from10pct-20260826-rno2a,semantic_domain_ablation,include_chinese,2.0649288212661765
h100-d512-mix-semantic-zero-c05-seed0-from10pct-20260826-rno2a,semantic_domain_ablation,include_french,2.056467984578782
h100-d512-mix-semantic-zero-c05-seed0-from10pct-20260826-rno2a,semantic_domain_ablation,include_german,2.0080695787111
h100-d512-mix-semantic-zero-c05-seed0-from10pct-20260826-rno2a,semantic_domain_ablation,include_hebrew,2.0779534823704218
h100-d512-mix-semantic-zero-c05-seed0-from10pct-20260826-rno2a,semantic_domain_ablation,include_hindi,2.0561267910459664
h100-d512-mix-semantic-zero-c05-seed0-from10pct-20260826-rno2a,semantic_domain_ablation,include_indonesian,2.066710093743477
h100-d512-mix-semantic-zero-c05-seed0-from10pct-20260826-rno2a,semantic_domain_ablation,include_japanese,2.060164277790218
h100-d512-mix-semantic-zero-c05-seed0-from10pct-20260826-rno2a,semantic_domain_ablation,include_korean,2.066121930885548
h100-d512-mix-semantic-zero-c05-seed0-from10pct-20260826-rno2a,semantic_domain_ablation,include_mean,2.073686505678411
h100-d512-mix-semantic-zero-c05-seed0-from10pct-20260826-rno2a,semantic_domain_ablation,include_portuguese,2.0866888624386006
h100-d512-mix-semantic-zero-c05-seed0-from10pct-20260826-rno2a,semantic_domain_ablation,include_russian,2.081004073955389
h100-d512-mix-semantic-zero-c05-seed0-from10pct-20260826-rno2a,semantic_domain_ablation,include_spanish,2.0974974402514768
h100-d512-mix-semantic-zero-c05-seed0-from10pct-20260826-rno2a,semantic_domain_ablation,include_turkish,2.083363637348298
h100-d512-mix-semantic-zero-c05-seed0-from10pct-20260826-rno2a,semantic_domain_ablation,include_vietnamese,2.0757447573405328
h100-d512-mix-semantic-zero-c05-seed0-from10pct-20260826-rno2a,semantic_domain_ablation,lambada_0shot,0.8860767401020477
h100-d512-mix-semantic-zero-c05-seed0-from10pct-20260826-rno2a,semantic_domain_ablation,lb_bbh_3shot,1.646744559148986
h100-d512-mix-semantic-zero-c05-seed0-from10pct-20260826-rno2a,semantic_domain_ablation,logprob_gsm8k_5shot,0.7688766336725009
h100-d512-mix-semantic-zero-c05-seed0-from10pct-20260826-rno2a,semantic_domain_ablation,logprob_humaneval_10shot,0.5354092300674692
h100-d512-mix-semantic-zero-c05-seed0-from10pct-20260826-rno2a,semantic_domain_ablation,medmcqa_0shot,3.1162521700298367
h100-d512-mix-semantic-zero-c05-seed0-from10pct-20260826-rno2a,semantic_domain_ablation,medqa_0shot,3.555163007494526
h100-d512-mix-semantic-zero-c05-seed0-from10pct-20260826-rno2a,semantic_domain_ablation,mmlu_pro_5shot,4.062793315939002
h100-d512-mix-semantic-zero-c05-seed0-from10pct-20260826-rno2a,semantic_domain_ablation,musr_0shot,0.8026389640279181
h100-d512-mix-semantic-zero-c05-seed0-from10pct-20260826-rno2a,semantic_domain_ablation,openbookqa_0shot,1.9858775834639477
h100-d512-mix-semantic-zero-c05-seed0-from10pct-20260826-rno2a,semantic_domain_ablation,piqa_0shot,1.3030321376449254
h100-d512-mix-semantic-zero-c05-seed0-from10pct-20260826-rno2a,semantic_domain_ablation,sciq_0shot,1.630512945084456
h100-d512-mix-semantic-zero-c05-seed0-from10pct-20260826-rno2a,semantic_domain_ablation,truthfulqa_mc1_0shot,0.7520673631226392
h100-d512-mix-semantic-zero-c05-seed0-from10pct-20260826-rno2a,semantic_domain_ablation,winogrande_0shot,0.44768035482644675
h100-d512-mix-semantic-zero-c06-seed0-from10pct-20260826-rno2a,semantic_domain_ablation,arc_challenge_0shot,1.5436345829141258
h100-d512-mix-semantic-zero-c06-seed0-from10pct-20260826-rno2a,semantic_domain_ablation,belebele_arabic,2.127346525279829
h100-d512-mix-semantic-zero-c06-seed0-from10pct-20260826-rno2a,semantic_domain_ablation,belebele_bengali,2.1609666140732187
h100-d512-mix-semantic-zero-c06-seed0-from10pct-20260826-rno2a,semantic_domain_ablation,belebele_chinese_simplified,2.073011814598348
h100-d512-mix-semantic-zero-c06-seed0-from10pct-20260826-rno2a,semantic_domain_ablation,belebele_french,2.0757800993236137
h100-d512-mix-semantic-zero-c06-seed0-from10pct-20260826-rno2a,semantic_domain_ablation,belebele_german,2.0714442321961966
h100-d512-mix-semantic-zero-c06-seed0-from10pct-20260826-rno2a,semantic_domain_ablation,belebele_hebrew,2.101249207487754
h100-d512-mix-semantic-zero-c06-seed0-from10pct-20260826-rno2a,semantic_domain_ablation,belebele_hindi,2.1957827017508618
h100-d512-mix-semantic-zero-c06-seed0-from10pct-20260826-rno2a,semantic_domain_ablation,belebele_indonesian,2.056059710859986
h100-d512-mix-semantic-zero-c06-seed0-from10pct-20260826-rno2a,semantic_domain_ablation,belebele_japanese,2.1231836525389904
h100-d512-mix-semantic-zero-c06-seed0-from10pct-20260826-rno2a,semantic_domain_ablation,belebele_korean,2.089071022249611
h100-d512-mix-semantic-zero-c06-seed0-from10pct-20260826-rno2a,semantic_domain_ablation,belebele_mean,2.23687579726145
h100-d512-mix-semantic-zero-c06-seed0-from10pct-20260826-rno2a,semantic_domain_ablation,belebele_portuguese,2.077012580792044
h100-d512-mix-semantic-zero-c06-seed0-from10pct-20260826-rno2a,semantic_domain_ablation,belebele_russian,2.0834062002723934
h100-d512-mix-semantic-zero-c06-seed0-from10pct-20260826-rno2a,semantic_domain_ablation,belebele_spanish,2.0819299808826837
h100-d512-mix-semantic-zero-c06-seed0-from10pct-20260826-rno2a,semantic_domain_ablation,belebele_swahili,3.3896121028283264
h100-d512-mix-semantic-zero-c06-seed0-from10pct-20260826-rno2a,semantic_domain_ablation,belebele_thai,2.0856383364406343
h100-d512-mix-semantic-zero-c06-seed0-from10pct-20260826-rno2a,semantic_domain_ablation,belebele_turkish,2.258045280446357
h100-d512-mix-semantic-zero-c06-seed0-from10pct-20260826-rno2a,semantic_domain_ablation,belebele_vietnamese,2.1609467251395573
h100-d512-mix-semantic-zero-c06-seed0-from10pct-20260826-rno2a,semantic_domain_ablation,belebele_yoruba,3.0532775635456963
h100-d512-mix-semantic-zero-c06-seed0-from10pct-20260826-rno2a,semantic_domain_ablation,boolq_0shot,2.2555185897786987
h100-d512-mix-semantic-zero-c06-seed0-from10pct-20260826-rno2a,semantic_domain_ablation,copa_0shot,1.824832377761645
h100-d512-mix-semantic-zero-c06-seed0-from10pct-20260826-rno2a,semantic_domain_ablation,csqa_0shot,4.414685080403026
h100-d512-mix-semantic-zero-c06-seed0-from10pct-20260826-rno2a,semantic_domain_ablation,gpqa_0shot,2.468298939045699
h100-d512-mix-semantic-zero-c06-seed0-from10pct-20260826-rno2a,semantic_domain_ablation,hellaswag_0shot,0.9713304058467765
h100-d512-mix-semantic-zero-c06-seed0-from10pct-20260826-rno2a,semantic_domain_ablation,include_arabic,2.1063620996864256
h100-d512-mix-semantic-zero-c06-seed0-from10pct-20260826-rno2a,semantic_domain_ablation,include_bengali,2.0824414447196213
h100-d512-mix-semantic-zero-c06-seed0-from10pct-20260826-rno2a,semantic_domain_ablation,include_chinese,2.0524983660456964
h100-d512-mix-semantic-zero-c06-seed0-from10pct-20260826-rno2a,semantic_domain_ablation,include_french,2.044908822511181
h100-d512-mix-semantic-zero-c06-seed0-from10pct-20260826-rno2a,semantic_domain_ablation,include_german,2.0332518185254456
h100-d512-mix-semantic-zero-c06-seed0-from10pct-20260826-rno2a,semantic_domain_ablation,include_hebrew,2.039280836855171
h100-d512-mix-semantic-zero-c06-seed0-from10pct-20260826-rno2a,semantic_domain_ablation,include_hindi,2.0852931714432366
h100-d512-mix-semantic-zero-c06-seed0-from10pct-20260826-rno2a,semantic_domain_ablation,include_indonesian,2.0488131533594576
h100-d512-mix-semantic-zero-c06-seed0-from10pct-20260826-rno2a,semantic_domain_ablation,include_japanese,2.026197184005876
h100-d512-mix-semantic-zero-c06-seed0-from10pct-20260826-rno2a,semantic_domain_ablation,include_korean,2.052438849985146
h100-d512-mix-semantic-zero-c06-seed0-from10pct-20260826-rno2a,semantic_domain_ablation,include_mean,2.05616770495457
h100-d512-mix-semantic-zero-c06-seed0-from10pct-20260826-rno2a,semantic_domain_ablation,include_portuguese,2.0601763366008914
h100-d512-mix-semantic-zero-c06-seed0-from10pct-20260826-rno2a,semantic_domain_ablation,include_russian,2.0683187138551626
h100-d512-mix-semantic-zero-c06-seed0-from10pct-20260826-rno2a,semantic_domain_ablation,include_spanish,2.037147292321279
h100-d512-mix-semantic-zero-c06-seed0-from10pct-20260826-rno2a,semantic_domain_ablation,include_turkish,2.037349338910695
h100-d512-mix-semantic-zero-c06-seed0-from10pct-20260826-rno2a,semantic_domain_ablation,include_vietnamese,2.0680381454932655
h100-d512-mix-semantic-zero-c06-seed0-from10pct-20260826-rno2a,semantic_domain_ablation,lambada_0shot,0.8838549919420539
h100-d512-mix-semantic-zero-c06-seed0-from10pct-20260826-rno2a,semantic_domain_ablation,lb_bbh_3shot,1.6650078185986996
h100-d512-mix-semantic-zero-c06-seed0-from10pct-20260826-rno2a,semantic_domain_ablation,logprob_gsm8k_5shot,0.7385632836284699
h100-d512-mix-semantic-zero-c06-seed0-from10pct-20260826-rno2a,semantic_domain_ablation,logprob_humaneval_10shot,0.5240150522609771
h100-d512-mix-semantic-zero-c06-seed0-from10pct-20260826-rno2a,semantic_domain_ablation,medmcqa_0shot,3.219836118400265
h100-d512-mix-semantic-zero-c06-seed0-from10pct-20260826-rno2a,semantic_domain_ablation,medqa_0shot,2.6530454511034667
h100-d512-mix-semantic-zero-c06-seed0-from10pct-20260826-rno2a,semantic_domain_ablation,mmlu_pro_5shot,3.7941067440802523
h100-d512-mix-semantic-zero-c06-seed0-from10pct-20260826-rno2a,semantic_domain_ablation,musr_0shot,0.8799453711432151
h100-d512-mix-semantic-zero-c06-seed0-from10pct-20260826-rno2a,semantic_domain_ablation,openbookqa_0shot,1.991328510646067
h100-d512-mix-semantic-zero-c06-seed0-from10pct-20260826-rno2a,semantic_domain_ablation,piqa_0shot,1.2897048776358964
h100-d512-mix-semantic-zero-c06-seed0-from10pct-20260826-rno2a,semantic_domain_ablation,sciq_0shot,1.639160413062387
h100-d512-mix-semantic-zero-c06-seed0-from10pct-20260826-rno2a,semantic_domain_ablation,truthfulqa_mc1_0shot,0.765848245561281
h100-d512-mix-semantic-zero-c06-seed0-from10pct-20260826-rno2a,semantic_domain_ablation,winogrande_0shot,0.4470349180063991
h100-d512-mix-semantic-zero-c07-seed0-from10pct-20260826-rno2a,semantic_domain_ablation,arc_challenge_0shot,1.4674875625541834
h100-d512-mix-semantic-zero-c07-seed0-from10pct-20260826-rno2a,semantic_domain_ablation,belebele_arabic,2.0628785113914594
h100-d512-mix-semantic-zero-c07-seed0-from10pct-20260826-rno2a,semantic_domain_ablation,belebele_bengali,2.0907250981665353
h100-d512-mix-semantic-zero-c07-seed0-from10pct-20260826-rno2a,semantic_domain_ablation,belebele_chinese_simplified,2.091892834281857
h100-d512-mix-semantic-zero-c07-seed0-from10pct-20260826-rno2a,semantic_domain_ablation,belebele_french,2.0694379650473538
h100-d512-mix-semantic-zero-c07-seed0-from10pct-20260826-rno2a,semantic_domain_ablation,belebele_german,2.1620876902443564
h100-d512-mix-semantic-zero-c07-seed0-from10pct-20260826-rno2a,semantic_domain_ablation,belebele_hebrew,2.0790205553464247
h100-d512-mix-semantic-zero-c07-seed0-from10pct-20260826-rno2a,semantic_domain_ablation,belebele_hindi,2.0867871639234075
h100-d512-mix-semantic-zero-c07-seed0-from10pct-20260826-rno2a,semantic_domain_ablation,belebele_indonesian,2.050452113912288
h100-d512-mix-semantic-zero-c07-seed0-from10pct-20260826-rno2a,semantic_domain_ablation,belebele_japanese,2.150182772062013
h100-d512-mix-semantic-zero-c07-seed0-from10pct-20260826-rno2a,semantic_domain_ablation,belebele_korean,2.079364195887577
h100-d512-mix-semantic-zero-c07-seed0-from10pct-20260826-rno2a,semantic_domain_ablation,belebele_mean,2.102725391589171
h100-d512-mix-semantic-zero-c07-seed0-from10pct-20260826-rno2a,semantic_domain_ablation,belebele_portuguese,2.05683905712168
h100-d512-mix-semantic-zero-c07-seed0-from10pct-20260826-rno2a,semantic_domain_ablation,belebele_russian,2.061428898577754
h100-d512-mix-semantic-zero-c07-seed0-from10pct-20260826-rno2a,semantic_domain_ablation,belebele_spanish,2.0673244516194496
h100-d512-mix-semantic-zero-c07-seed0-from10pct-20260826-rno2a,semantic_domain_ablation,belebele_swahili,2.1944961620267875
h100-d512-mix-semantic-zero-c07-seed0-from10pct-20260826-rno2a,semantic_domain_ablation,belebele_thai,2.067049429194069
h100-d512-mix-semantic-zero-c07-seed0-from10pct-20260826-rno2a,semantic_domain_ablation,belebele_turkish,2.2198688848073505
h100-d512-mix-semantic-zero-c07-seed0-from10pct-20260826-rno2a,semantic_domain_ablation,belebele_vietnamese,2.0758000476868315
h100-d512-mix-semantic-zero-c07-seed0-from10pct-20260826-rno2a,semantic_domain_ablation,belebele_yoruba,2.183421217307884
h100-d512-mix-semantic-zero-c07-seed0-from10pct-20260826-rno2a,semantic_domain_ablation,boolq_0shot,2.3906319096760917
h100-d512-mix-semantic-zero-c07-seed0-from10pct-20260826-rno2a,semantic_domain_ablation,copa_0shot,1.816605765223572
h100-d512-mix-semantic-zero-c07-seed0-from10pct-20260826-rno2a,semantic_domain_ablation,csqa_0shot,3.6512813752915156
h100-d512-mix-semantic-zero-c07-seed0-from10pct-20260826-rno2a,semantic_domain_ablation,gpqa_0shot,3.5304113600164966
h100-d512-mix-semantic-zero-c07-seed0-from10pct-20260826-rno2a,semantic_domain_ablation,hellaswag_0shot,0.9707298743585865
h100-d512-mix-semantic-zero-c07-seed0-from10pct-20260826-rno2a,semantic_domain_ablation,include_arabic,2.05991363553709
h100-d512-mix-semantic-zero-c07-seed0-from10pct-20260826-rno2a,semantic_domain_ablation,include_bengali,2.0861977094804365
h100-d512-mix-semantic-zero-c07-seed0-from10pct-20260826-rno2a,semantic_domain_ablation,include_chinese,2.071417349899221
h100-d512-mix-semantic-zero-c07-seed0-from10pct-20260826-rno2a,semantic_domain_ablation,include_french,2.038620055439327
h100-d512-mix-semantic-zero-c07-seed0-from10pct-20260826-rno2a,semantic_domain_ablation,include_german,1.9740985299049167
h100-d512-mix-semantic-zero-c07-seed0-from10pct-20260826-rno2a,semantic_domain_ablation,include_hebrew,2.045626845796319
h100-d512-mix-semantic-zero-c07-seed0-from10pct-20260826-rno2a,semantic_domain_ablation,include_hindi,2.0677482072542257
h100-d512-mix-semantic-zero-c07-seed0-from10pct-20260826-rno2a,semantic_domain_ablation,include_indonesian,2.072338642660021
h100-d512-mix-semantic-zero-c07-seed0-from10pct-20260826-rno2a,semantic_domain_ablation,include_japanese,2.0589042237273563
h100-d512-mix-semantic-zero-c07-seed0-from10pct-20260826-rno2a,semantic_domain_ablation,include_korean,2.062744672486094
h100-d512-mix-semantic-zero-c07-seed0-from10pct-20260826-rno2a,semantic_domain_ablation,include_mean,2.0564716374728715
h100-d512-mix-semantic-zero-c07-seed0-from10pct-20260826-rno2a,semantic_domain_ablation,include_portuguese,2.0576693038301457
h100-d512-mix-semantic-zero-c07-seed0-from10pct-20260826-rno2a,semantic_domain_ablation,include_russian,2.054043666860934
h100-d512-mix-semantic-zero-c07-seed0-from10pct-20260826-rno2a,semantic_domain_ablation,include_spanish,2.046291718842115
h100-d512-mix-semantic-zero-c07-seed0-from10pct-20260826-rno2a,semantic_domain_ablation,include_turkish,2.0680445403828323
h100-d512-mix-semantic-zero-c07-seed0-from10pct-20260826-rno2a,semantic_domain_ablation,include_vietnamese,2.0834154599920383
h100-d512-mix-semantic-zero-c07-seed0-from10pct-20260826-rno2a,semantic_domain_ablation,lambada_0shot,0.8949261759323979
h100-d512-mix-semantic-zero-c07-seed0-from10pct-20260826-rno2a,semantic_domain_ablation,lb_bbh_3shot,1.8342307453504856
h100-d512-mix-semantic-zero-c07-seed0-from10pct-20260826-rno2a,semantic_domain_ablation,logprob_gsm8k_5shot,0.7601280360229801
h100-d512-mix-semantic-zero-c07-seed0-from10pct-20260826-rno2a,semantic_domain_ablation,logprob_humaneval_10shot,0.5179373220573308
h100-d512-mix-semantic-zero-c07-seed0-from10pct-20260826-rno2a,semantic_domain_ablation,medmcqa_0shot,2.533696756585304
h100-d512-mix-semantic-zero-c07-seed0-from10pct-20260826-rno2a,semantic_domain_ablation,medqa_0shot,2.143217975449286
h100-d512-mix-semantic-zero-c07-seed0-from10pct-20260826-rno2a,semantic_domain_ablation,mmlu_pro_5shot,4.182516108407134
h100-d512-mix-semantic-zero-c07-seed0-from10pct-20260826-rno2a,semantic_domain_ablation,musr_0shot,0.8526420362433577
h100-d512-mix-semantic-zero-c07-seed0-from10pct-20260826-rno2a,semantic_domain_ablation,openbookqa_0shot,1.9766139961414826
h100-d512-mix-semantic-zero-c07-seed0-from10pct-20260826-rno2a,semantic_domain_ablation,piqa_0shot,1.269228712041799
h100-d512-mix-semantic-zero-c07-seed0-from10pct-20260826-rno2a,semantic_domain_ablation,sciq_0shot,1.5312838254052747
h100-d512-mix-semantic-zero-c07-seed0-from10pct-20260826-rno2a,semantic_domain_ablation,truthfulqa_mc1_0shot,0.7693527562622274
h100-d512-mix-semantic-zero-c07-seed0-from10pct-20260826-rno2a,semantic_domain_ablation,winogrande_0shot,0.4472869174607883
h100-d512-mix-semantic-zero-c08-seed0-from10pct-20260826-rno2a,semantic_domain_ablation,arc_challenge_0shot,1.4696669195497667
h100-d512-mix-semantic-zero-c08-seed0-from10pct-20260826-rno2a,semantic_domain_ablation,belebele_arabic,2.0893906349035207
h100-d512-mix-semantic-zero-c08-seed0-from10pct-20260826-rno2a,semantic_domain_ablation,belebele_bengali,2.1379479394649668
h100-d512-mix-semantic-zero-c08-seed0-from10pct-20260826-rno2a,semantic_domain_ablation,belebele_chinese_simplified,2.1229601725497056
h100-d512-mix-semantic-zero-c08-seed0-from10pct-20260826-rno2a,semantic_domain_ablation,belebele_french,2.1872974047154194
h100-d512-mix-semantic-zero-c08-seed0-from10pct-20260826-rno2a,semantic_domain_ablation,belebele_german,2.166786617333951
h100-d512-mix-semantic-zero-c08-seed0-from10pct-20260826-rno2a,semantic_domain_ablation,belebele_hebrew,2.2014279235341823
h100-d512-mix-semantic-zero-c08-seed0-from10pct-20260826-rno2a,semantic_domain_ablation,belebele_hindi,2.179827237187612
h100-d512-mix-semantic-zero-c08-seed0-from10pct-20260826-rno2a,semantic_domain_ablation,belebele_indonesian,2.0720951000606584
h100-d512-mix-semantic-zero-c08-seed0-from10pct-20260826-rno2a,semantic_domain_ablation,belebele_japanese,2.1416064690692203
h100-d512-mix-semantic-zero-c08-seed0-from10pct-20260826-rno2a,semantic_domain_ablation,belebele_korean,2.0787691877014773
h100-d512-mix-semantic-zero-c08-seed0-from10pct-20260826-rno2a,semantic_domain_ablation,belebele_mean,2.1801457162529116
h100-d512-mix-semantic-zero-c08-seed0-from10pct-20260826-rno2a,semantic_domain_ablation,belebele_portuguese,2.0617610511555555
h100-d512-mix-semantic-zero-c08-seed0-from10pct-20260826-rno2a,semantic_domain_ablation,belebele_russian,2.08630357679968
h100-d512-mix-semantic-zero-c08-seed0-from10pct-20260826-rno2a,semantic_domain_ablation,belebele_spanish,2.0910377104577296
h100-d512-mix-semantic-zero-c08-seed0-from10pct-20260826-rno2a,semantic_domain_ablation,belebele_swahili,2.4841876629242803
h100-d512-mix-semantic-zero-c08-seed0-from10pct-20260826-rno2a,semantic_domain_ablation,belebele_thai,2.143395660098323
h100-d512-mix-semantic-zero-c08-seed0-from10pct-20260826-rno2a,semantic_domain_ablation,belebele_turkish,2.4164905508429078
h100-d512-mix-semantic-zero-c08-seed0-from10pct-20260826-rno2a,semantic_domain_ablation,belebele_vietnamese,2.140514053329115
h100-d512-mix-semantic-zero-c08-seed0-from10pct-20260826-rno2a,semantic_domain_ablation,belebele_yoruba,2.440823940424106
h100-d512-mix-semantic-zero-c08-seed0-from10pct-20260826-rno2a,semantic_domain_ablation,boolq_0shot,1.8567751823111263
h100-d512-mix-semantic-zero-c08-seed0-from10pct-20260826-rno2a,semantic_domain_ablation,copa_0shot,1.8183043308846079
h100-d512-mix-semantic-zero-c08-seed0-from10pct-20260826-rno2a,semantic_domain_ablation,csqa_0shot,3.0829606544154298
h100-d512-mix-semantic-zero-c08-seed0-from10pct-20260826-rno2a,semantic_domain_ablation,gpqa_0shot,3.1650957769859467
h100-d512-mix-semantic-zero-c08-seed0-from10pct-20260826-rno2a,semantic_domain_ablation,hellaswag_0shot,0.9682071117205724
h100-d512-mix-semantic-zero-c08-seed0-from10pct-20260826-rno2a,semantic_domain_ablation,include_arabic,2.0707839873245693
h100-d512-mix-semantic-zero-c08-seed0-from10pct-20260826-rno2a,semantic_domain_ablation,include_bengali,2.0722221180734137
h100-d512-mix-semantic-zero-c08-seed0-from10pct-20260826-rno2a,semantic_domain_ablation,include_chinese,2.054721499308728
h100-d512-mix-semantic-zero-c08-seed0-from10pct-20260826-rno2a,semantic_domain_ablation,include_french,2.0412471998187898
h100-d512-mix-semantic-zero-c08-seed0-from10pct-20260826-rno2a,semantic_domain_ablation,include_german,2.052337021579157
h100-d512-mix-semantic-zero-c08-seed0-from10pct-20260826-rno2a,semantic_domain_ablation,include_hebrew,2.068918642569323
h100-d512-mix-semantic-zero-c08-seed0-from10pct-20260826-rno2a,semantic_domain_ablation,include_hindi,2.041938841738856
h100-d512-mix-semantic-zero-c08-seed0-from10pct-20260826-rno2a,semantic_domain_ablation,include_indonesian,2.0570789553826105
h100-d512-mix-semantic-zero-c08-seed0-from10pct-20260826-rno2a,semantic_domain_ablation,include_japanese,2.0766599589049313
h100-d512-mix-semantic-zero-c08-seed0-from10pct-20260826-rno2a,semantic_domain_ablation,include_korean,2.070486586227111
h100-d512-mix-semantic-zero-c08-seed0-from10pct-20260826-rno2a,semantic_domain_ablation,include_mean,2.065207394147988
h100-d512-mix-semantic-zero-c08-seed0-from10pct-20260826-rno2a,semantic_domain_ablation,include_portuguese,2.15310587867942
h100-d512-mix-semantic-zero-c08-seed0-from10pct-20260826-rno2a,semantic_domain_ablation,include_russian,2.053884693202108
h100-d512-mix-semantic-zero-c08-seed0-from10pct-20260826-rno2a,semantic_domain_ablation,include_spanish,2.045301390049218
h100-d512-mix-semantic-zero-c08-seed0-from10pct-20260826-rno2a,semantic_domain_ablation,include_turkish,2.0471141114877094
h100-d512-mix-semantic-zero-c08-seed0-from10pct-20260826-rno2a,semantic_domain_ablation,include_vietnamese,2.0723100278738755
h100-d512-mix-semantic-zero-c08-seed0-from10pct-20260826-rno2a,semantic_domain_ablation,lambada_0shot,0.870174774198666
h100-d512-mix-semantic-zero-c08-seed0-from10pct-20260826-rno2a,semantic_domain_ablation,lb_bbh_3shot,1.7685105535369814
h100-d512-mix-semantic-zero-c08-seed0-from10pct-20260826-rno2a,semantic_domain_ablation,logprob_gsm8k_5shot,0.7653200157532543
h100-d512-mix-semantic-zero-c08-seed0-from10pct-20260826-rno2a,semantic_domain_ablation,logprob_humaneval_10shot,0.5331671153739779
h100-d512-mix-semantic-zero-c08-seed0-from10pct-20260826-rno2a,semantic_domain_ablation,medmcqa_0shot,2.394192378400262
h100-d512-mix-semantic-zero-c08-seed0-from10pct-20260826-rno2a,semantic_domain_ablation,medqa_0shot,2.2029188674272744
h100-d512-mix-semantic-zero-c08-seed0-from10pct-20260826-rno2a,semantic_domain_ablation,mmlu_pro_5shot,3.8573192413521493
h100-d512-mix-semantic-zero-c08-seed0-from10pct-20260826-rno2a,semantic_domain_ablation,musr_0shot,0.8114852062928295
h100-d512-mix-semantic-zero-c08-seed0-from10pct-20260826-rno2a,semantic_domain_ablation,openbookqa_0shot,1.9812467383031926
h100-d512-mix-semantic-zero-c08-seed0-from10pct-20260826-rno2a,semantic_domain_ablation,piqa_0shot,1.2798121181583546
h100-d512-mix-semantic-zero-c08-seed0-from10pct-20260826-rno2a,semantic_domain_ablation,sciq_0shot,1.5201861285958502
h100-d512-mix-semantic-zero-c08-seed0-from10pct-20260826-rno2a,semantic_domain_ablation,truthfulqa_mc1_0shot,0.7652198498970767
h100-d512-mix-semantic-zero-c08-seed0-from10pct-20260826-rno2a,semantic_domain_ablation,winogrande_0shot,0.4454945536857454
h100-d512-mix-semantic-zero-c09-seed0-from10pct-20260826-rno2a,semantic_domain_ablation,arc_challenge_0shot,1.5061608325542375
h100-d512-mix-semantic-zero-c09-seed0-from10pct-20260826-rno2a,semantic_domain_ablation,belebele_arabic,2.1742236835520377
h100-d512-mix-semantic-zero-c09-seed0-from10pct-20260826-rno2a,semantic_domain_ablation,belebele_bengali,2.1966676208048805
h100-d512-mix-semantic-zero-c09-seed0-from10pct-20260826-rno2a,semantic_domain_ablation,belebele_chinese_simplified,2.138262384326854
h100-d512-mix-semantic-zero-c09-seed0-from10pct-20260826-rno2a,semantic_domain_ablation,belebele_french,2.1698891389712047
h100-d512-mix-semantic-zero-c09-seed0-from10pct-20260826-rno2a,semantic_domain_ablation,belebele_german,2.077350608966026
h100-d512-mix-semantic-zero-c09-seed0-from10pct-20260826-rno2a,semantic_domain_ablation,belebele_hebrew,2.1431604714346237
h100-d512-mix-semantic-zero-c09-seed0-from10pct-20260826-rno2a,semantic_domain_ablation,belebele_hindi,2.1668666255740514
h100-d512-mix-semantic-zero-c09-seed0-from10pct-20260826-rno2a,semantic_domain_ablation,belebele_indonesian,2.0730282017741435
h100-d512-mix-semantic-zero-c09-seed0-from10pct-20260826-rno2a,semantic_domain_ablation,belebele_japanese,2.0862071089599796
h100-d512-mix-semantic-zero-c09-seed0-from10pct-20260826-rno2a,semantic_domain_ablation,belebele_korean,2.0757064339947684
h100-d512-mix-semantic-zero-c09-seed0-from10pct-20260826-rno2a,semantic_domain_ablation,belebele_mean,2.1238041920644957
h100-d512-mix-semantic-zero-c09-seed0-from10pct-20260826-rno2a,semantic_domain_ablation,belebele_portuguese,2.0769827260370466
h100-d512-mix-semantic-zero-c09-seed0-from10pct-20260826-rno2a,semantic_domain_ablation,belebele_russian,2.0831700525187773
h100-d512-mix-semantic-zero-c09-seed0-from10pct-20260826-rno2a,semantic_domain_ablation,belebele_spanish,2.078186474650638
h100-d512-mix-semantic-zero-c09-seed0-from10pct-20260826-rno2a,semantic_domain_ablation,belebele_swahili,2.1286154517829003
h100-d512-mix-semantic-zero-c09-seed0-from10pct-20260826-rno2a,semantic_domain_ablation,belebele_thai,2.07693426610333
h100-d512-mix-semantic-zero-c09-seed0-from10pct-20260826-rno2a,semantic_domain_ablation,belebele_turkish,2.165922383397716
h100-d512-mix-semantic-zero-c09-seed0-from10pct-20260826-rno2a,semantic_domain_ablation,belebele_vietnamese,2.1514326580791634
h100-d512-mix-semantic-zero-c09-seed0-from10pct-20260826-rno2a,semantic_domain_ablation,belebele_yoruba,2.165869166232785
h100-d512-mix-semantic-zero-c09-seed0-from10pct-20260826-rno2a,semantic_domain_ablation,boolq_0shot,2.1163614792717054
h100-d512-mix-semantic-zero-c09-seed0-from10pct-20260826-rno2a,semantic_domain_ablation,copa_0shot,1.7872099106422874
h100-d512-mix-semantic-zero-c09-seed0-from10pct-20260826-rno2a,semantic_domain_ablation,csqa_0shot,3.1710573560339337
h100-d512-mix-semantic-zero-c09-seed0-from10pct-20260826-rno2a,semantic_domain_ablation,gpqa_0shot,3.601445534941859
h100-d512-mix-semantic-zero-c09-seed0-from10pct-20260826-rno2a,semantic_domain_ablation,hellaswag_0shot,0.9700018220074411
h100-d512-mix-semantic-zero-c09-seed0-from10pct-20260826-rno2a,semantic_domain_ablation,include_arabic,2.042060834858995
h100-d512-mix-semantic-zero-c09-seed0-from10pct-20260826-rno2a,semantic_domain_ablation,include_bengali,2.046129452908602
h100-d512-mix-semantic-zero-c09-seed0-from10pct-20260826-rno2a,semantic_domain_ablation,include_chinese,2.0263296479327813
h100-d512-mix-semantic-zero-c09-seed0-from10pct-20260826-rno2a,semantic_domain_ablation,include_french,2.037592739649687
h100-d512-mix-semantic-zero-c09-seed0-from10pct-20260826-rno2a,semantic_domain_ablation,include_german,2.008566161293471
h100-d512-mix-semantic-zero-c09-seed0-from10pct-20260826-rno2a,semantic_domain_ablation,include_hebrew,2.0607258512465063
h100-d512-mix-semantic-zero-c09-seed0-from10pct-20260826-rno2a,semantic_domain_ablation,include_hindi,2.071917403602201
h100-d512-mix-semantic-zero-c09-seed0-from10pct-20260826-rno2a,semantic_domain_ablation,include_indonesian,2.052406565276848
h100-d512-mix-semantic-zero-c09-seed0-from10pct-20260826-rno2a,semantic_domain_ablation,include_japanese,2.059458196151525
h100-d512-mix-semantic-zero-c09-seed0-from10pct-20260826-rno2a,semantic_domain_ablation,include_korean,2.0354310188804092
h100-d512-mix-semantic-zero-c09-seed0-from10pct-20260826-rno2a,semantic_domain_ablation,include_mean,2.0471646314181595
h100-d512-mix-semantic-zero-c09-seed0-from10pct-20260826-rno2a,semantic_domain_ablation,include_portuguese,2.058262449051547
h100-d512-mix-semantic-zero-c09-seed0-from10pct-20260826-rno2a,semantic_domain_ablation,include_russian,2.0421847396351844
h100-d512-mix-semantic-zero-c09-seed0-from10pct-20260826-rno2a,semantic_domain_ablation,include_spanish,2.053521769421755
h100-d512-mix-semantic-zero-c09-seed0-from10pct-20260826-rno2a,semantic_domain_ablation,include_turkish,2.0385519622758363
h100-d512-mix-semantic-zero-c09-seed0-from10pct-20260826-rno2a,semantic_domain_ablation,include_vietnamese,2.0743306790870424
h100-d512-mix-semantic-zero-c09-seed0-from10pct-20260826-rno2a,semantic_domain_ablation,lambada_0shot,0.8926770341609754
h100-d512-mix-semantic-zero-c09-seed0-from10pct-20260826-rno2a,semantic_domain_ablation,lb_bbh_3shot,1.8130055436376065
h100-d512-mix-semantic-zero-c09-seed0-from10pct-20260826-rno2a,semantic_domain_ablation,logprob_gsm8k_5shot,0.7511932434786779
h100-d512-mix-semantic-zero-c09-seed0-from10pct-20260826-rno2a,semantic_domain_ablation,logprob_humaneval_10shot,0.5227903184206003
h100-d512-mix-semantic-zero-c09-seed0-from10pct-20260826-rno2a,semantic_domain_ablation,medmcqa_0shot,2.669744267628034
h100-d512-mix-semantic-zero-c09-seed0-from10pct-20260826-rno2a,semantic_domain_ablation,medqa_0shot,2.4043013257248997
h100-d512-mix-semantic-zero-c09-seed0-from10pct-20260826-rno2a,semantic_domain_ablation,mmlu_pro_5shot,4.495803367068537
h100-d512-mix-semantic-zero-c09-seed0-from10pct-20260826-rno2a,semantic_domain_ablation,musr_0shot,0.7235660731119355
h100-d512-mix-semantic-zero-c09-seed0-from10pct-20260826-rno2a,semantic_domain_ablation,openbookqa_0shot,1.9853006842384053
h100-d512-mix-semantic-zero-c09-seed0-from10pct-20260826-rno2a,semantic_domain_ablation,piqa_0shot,1.2942758788566437
h100-d512-mix-semantic-zero-c09-seed0-from10pct-20260826-rno2a,semantic_domain_ablation,sciq_0shot,1.5933763904738603
h100-d512-mix-semantic-zero-c09-seed0-from10pct-20260826-rno2a,semantic_domain_ablation,truthfulqa_mc1_0shot,0.750852236263085
h100-d512-mix-semantic-zero-c09-seed0-from10pct-20260826-rno2a,semantic_domain_ablation,winogrande_0shot,0.44983207894286675
h100-d512-mix-semantic-zero-c10-seed0-from10pct-20260826-rno2a,semantic_domain_ablation,arc_challenge_0shot,1.455018593175721
h100-d512-mix-semantic-zero-c10-seed0-from10pct-20260826-rno2a,semantic_domain_ablation,belebele_arabic,2.1085742171675737
h100-d512-mix-semantic-zero-c10-seed0-from10pct-20260826-rno2a,semantic_domain_ablation,belebele_bengali,2.104474992912717
h100-d512-mix-semantic-zero-c10-seed0-from10pct-20260826-rno2a,semantic_domain_ablation,belebele_chinese_simplified,2.2310138857036197
h100-d512-mix-semantic-zero-c10-seed0-from10pct-20260826-rno2a,semantic_domain_ablation,belebele_french,2.10756137904212
h100-d512-mix-semantic-zero-c10-seed0-from10pct-20260826-rno2a,semantic_domain_ablation,belebele_german,2.1014933249174095
h100-d512-mix-semantic-zero-c10-seed0-from10pct-20260826-rno2a,semantic_domain_ablation,belebele_hebrew,2.125650104176795
h100-d512-mix-semantic-zero-c10-seed0-from10pct-20260826-rno2a,semantic_domain_ablation,belebele_hindi,2.1116223568396184
h100-d512-mix-semantic-zero-c10-seed0-from10pct-20260826-rno2a,semantic_domain_ablation,belebele_indonesian,2.0812402514362507
h100-d512-mix-semantic-zero-c10-seed0-from10pct-20260826-rno2a,semantic_domain_ablation,belebele_japanese,2.1314478710362286
h100-d512-mix-semantic-zero-c10-seed0-from10pct-20260826-rno2a,semantic_domain_ablation,belebele_korean,2.1009870636965418
h100-d512-mix-semantic-zero-c10-seed0-from10pct-20260826-rno2a,semantic_domain_ablation,belebele_mean,2.1358445525613257
h100-d512-mix-semantic-zero-c10-seed0-from10pct-20260826-rno2a,semantic_domain_ablation,belebele_portuguese,2.0631295931630187
h100-d512-mix-semantic-zero-c10-seed0-from10pct-20260826-rno2a,semantic_domain_ablation,belebele_russian,2.0867568633511575
h100-d512-mix-semantic-zero-c10-seed0-from10pct-20260826-rno2a,semantic_domain_ablation,belebele_spanish,2.1001077543344078
h100-d512-mix-semantic-zero-c10-seed0-from10pct-20260826-rno2a,semantic_domain_ablation,belebele_swahili,2.198464252090101
h100-d512-mix-semantic-zero-c10-seed0-from10pct-20260826-rno2a,semantic_domain_ablation,belebele_thai,2.0665969134115034
h100-d512-mix-semantic-zero-c10-seed0-from10pct-20260826-rno2a,semantic_domain_ablation,belebele_turkish,2.200520522048126
h100-d512-mix-semantic-zero-c10-seed0-from10pct-20260826-rno2a,semantic_domain_ablation,belebele_vietnamese,2.252204642707178
h100-d512-mix-semantic-zero-c10-seed0-from10pct-20260826-rno2a,semantic_domain_ablation,belebele_yoruba,2.2733559580694966
h100-d512-mix-semantic-zero-c10-seed0-from10pct-20260826-rno2a,semantic_domain_ablation,boolq_0shot,2.267605995264015
h100-d512-mix-semantic-zero-c10-seed0-from10pct-20260826-rno2a,semantic_domain_ablation,copa_0shot,1.8084771858123552
h100-d512-mix-semantic-zero-c10-seed0-from10pct-20260826-rno2a,semantic_domain_ablation,csqa_0shot,3.485018327749778
h100-d512-mix-semantic-zero-c10-seed0-from10pct-20260826-rno2a,semantic_domain_ablation,gpqa_0shot,3.8469307379752364
h100-d512-mix-semantic-zero-c10-seed0-from10pct-20260826-rno2a,semantic_domain_ablation,hellaswag_0shot,0.9698646718964419
h100-d512-mix-semantic-zero-c10-seed0-from10pct-20260826-rno2a,semantic_domain_ablation,include_arabic,2.0274501135600023
h100-d512-mix-semantic-zero-c10-seed0-from10pct-20260826-rno2a,semantic_domain_ablation,include_bengali,2.066026117940996
h100-d512-mix-semantic-zero-c10-seed0-from10pct-20260826-rno2a,semantic_domain_ablation,include_chinese,2.0409779737471756
h100-d512-mix-semantic-zero-c10-seed0-from10pct-20260826-rno2a,semantic_domain_ablation,include_french,2.040472692984711
h100-d512-mix-semantic-zero-c10-seed0-from10pct-20260826-rno2a,semantic_domain_ablation,include_german,1.980945814378309
h100-d512-mix-semantic-zero-c10-seed0-from10pct-20260826-rno2a,semantic_domain_ablation,include_hebrew,2.054312947151737
h100-d512-mix-semantic-zero-c10-seed0-from10pct-20260826-rno2a,semantic_domain_ablation,include_hindi,2.064114271378652
h100-d512-mix-semantic-zero-c10-seed0-from10pct-20260826-rno2a,semantic_domain_ablation,include_indonesian,2.053578267911434
h100-d512-mix-semantic-zero-c10-seed0-from10pct-20260826-rno2a,semantic_domain_ablation,include_japanese,2.0624108667333534
h100-d512-mix-semantic-zero-c10-seed0-from10pct-20260826-rno2a,semantic_domain_ablation,include_korean,2.0285529273873766
h100-d512-mix-semantic-zero-c10-seed0-from10pct-20260826-rno2a,semantic_domain_ablation,include_mean,2.0434437470157776
h100-d512-mix-semantic-zero-c10-seed0-from10pct-20260826-rno2a,semantic_domain_ablation,include_portuguese,2.0692751419507522
h100-d512-mix-semantic-zero-c10-seed0-from10pct-20260826-rno2a,semantic_domain_ablation,include_russian,2.032647200737782
h100-d512-mix-semantic-zero-c10-seed0-from10pct-20260826-rno2a,semantic_domain_ablation,include_spanish,2.0470570422638468
h100-d512-mix-semantic-zero-c10-seed0-from10pct-20260826-rno2a,semantic_domain_ablation,include_turkish,2.0281324294645624
h100-d512-mix-semantic-zero-c10-seed0-from10pct-20260826-rno2a,semantic_domain_ablation,include_vietnamese,2.0557023976459727
h100-d512-mix-semantic-zero-c10-seed0-from10pct-20260826-rno2a,semantic_domain_ablation,lambada_0shot,0.8842119035500342
h100-d512-mix-semantic-zero-c10-seed0-from10pct-20260826-rno2a,semantic_domain_ablation,lb_bbh_3shot,1.7436938169930056
h100-d512-mix-semantic-zero-c10-seed0-from10pct-20260826-rno2a,semantic_domain_ablation,logprob_gsm8k_5shot,0.744188368477355
h100-d512-mix-semantic-zero-c10-seed0-from10pct-20260826-rno2a,semantic_domain_ablation,logprob_humaneval_10shot,0.51798617175613
h100-d512-mix-semantic-zero-c10-seed0-from10pct-20260826-rno2a,semantic_domain_ablation,medmcqa_0shot,2.836584010406123
h100-d512-mix-semantic-zero-c10-seed0-from10pct-20260826-rno2a,semantic_domain_ablation,medqa_0shot,2.292788212833
h100-d512-mix-semantic-zero-c10-seed0-from10pct-20260826-rno2a,semantic_domain_ablation,mmlu_pro_5shot,4.517371928850112
h100-d512-mix-semantic-zero-c10-seed0-from10pct-20260826-rno2a,semantic_domain_ablation,musr_0shot,0.9069599700854761
h100-d512-mix-semantic-zero-c10-seed0-from10pct-20260826-rno2a,semantic_domain_ablation,openbookqa_0shot,1.97628392181819
h100-d512-mix-semantic-zero-c10-seed0-from10pct-20260826-rno2a,semantic_domain_ablation,piqa_0shot,1.277248495479567
h100-d512-mix-semantic-zero-c10-seed0-from10pct-20260826-rno2a,semantic_domain_ablation,sciq_0shot,1.5364949353835506
h100-d512-mix-semantic-zero-c10-seed0-from10pct-20260826-rno2a,semantic_domain_ablation,truthfulqa_mc1_0shot,0.7436215047389786
h100-d512-mix-semantic-zero-c10-seed0-from10pct-20260826-rno2a,semantic_domain_ablation,winogrande_0shot,0.44764291199646605
h100-d512-mix-semantic-zero-c11-seed0-from10pct-20260826-rno2a,semantic_domain_ablation,arc_challenge_0shot,1.4969620807050188
h100-d512-mix-semantic-zero-c11-seed0-from10pct-20260826-rno2a,semantic_domain_ablation,belebele_arabic,2.1373022461762874
h100-d512-mix-semantic-zero-c11-seed0-from10pct-20260826-rno2a,semantic_domain_ablation,belebele_bengali,2.1537515681894437
h100-d512-mix-semantic-zero-c11-seed0-from10pct-20260826-rno2a,semantic_domain_ablation,belebele_chinese_simplified,2.120023113032197
h100-d512-mix-semantic-zero-c11-seed0-from10pct-20260826-rno2a,semantic_domain_ablation,belebele_french,2.1634357650742735
h100-d512-mix-semantic-zero-c11-seed0-from10pct-20260826-rno2a,semantic_domain_ablation,belebele_german,2.1516106520969527
h100-d512-mix-semantic-zero-c11-seed0-from10pct-20260826-rno2a,semantic_domain_ablation,belebele_hebrew,2.1051801963070673
h100-d512-mix-semantic-zero-c11-seed0-from10pct-20260826-rno2a,semantic_domain_ablation,belebele_hindi,2.1497992938417942
h100-d512-mix-semantic-zero-c11-seed0-from10pct-20260826-rno2a,semantic_domain_ablation,belebele_indonesian,2.087852390735142
h100-d512-mix-semantic-zero-c11-seed0-from10pct-20260826-rno2a,semantic_domain_ablation,belebele_japanese,2.196790590597804
h100-d512-mix-semantic-zero-c11-seed0-from10pct-20260826-rno2a,semantic_domain_ablation,belebele_korean,2.0991510002291323
h100-d512-mix-semantic-zero-c11-seed0-from10pct-20260826-rno2a,semantic_domain_ablation,belebele_mean,2.2250559420007807
h100-d512-mix-semantic-zero-c11-seed0-from10pct-20260826-rno2a,semantic_domain_ablation,belebele_portuguese,2.1135600917684654
h100-d512-mix-semantic-zero-c11-seed0-from10pct-20260826-rno2a,semantic_domain_ablation,belebele_russian,2.11982830484391
h100-d512-mix-semantic-zero-c11-seed0-from10pct-20260826-rno2a,semantic_domain_ablation,belebele_spanish,2.09630909240632
h100-d512-mix-semantic-zero-c11-seed0-from10pct-20260826-rno2a,semantic_domain_ablation,belebele_swahili,2.534187839726073
h100-d512-mix-semantic-zero-c11-seed0-from10pct-20260826-rno2a,semantic_domain_ablation,belebele_thai,2.089890848545564
h100-d512-mix-semantic-zero-c11-seed0-from10pct-20260826-rno2a,semantic_domain_ablation,belebele_turkish,2.1807738989687486
h100-d512-mix-semantic-zero-c11-seed0-from10pct-20260826-rno2a,semantic_domain_ablation,belebele_vietnamese,2.174297103423421
h100-d512-mix-semantic-zero-c11-seed0-from10pct-20260826-rno2a,semantic_domain_ablation,belebele_yoruba,3.377262960051458
h100-d512-mix-semantic-zero-c11-seed0-from10pct-20260826-rno2a,semantic_domain_ablation,boolq_0shot,2.45362403708127
h100-d512-mix-semantic-zero-c11-seed0-from10pct-20260826-rno2a,semantic_domain_ablation,copa_0shot,1.843132779624811
h100-d512-mix-semantic-zero-c11-seed0-from10pct-20260826-rno2a,semantic_domain_ablation,csqa_0shot,4.160775889201233
h100-d512-mix-semantic-zero-c11-seed0-from10pct-20260826-rno2a,semantic_domain_ablation,gpqa_0shot,2.9689783830347944
h100-d512-mix-semantic-zero-c11-seed0-from10pct-20260826-rno2a,semantic_domain_ablation,hellaswag_0shot,0.9743478095886855
h100-d512-mix-semantic-zero-c11-seed0-from10pct-20260826-rno2a,semantic_domain_ablation,include_arabic,2.080985380344772
h100-d512-mix-semantic-zero-c11-seed0-from10pct-20260826-rno2a,semantic_domain_ablation,include_bengali,2.1497416371246634
h100-d512-mix-semantic-zero-c11-seed0-from10pct-20260826-rno2a,semantic_domain_ablation,include_chinese,2.071485286201957
h100-d512-mix-semantic-zero-c11-seed0-from10pct-20260826-rno2a,semantic_domain_ablation,include_french,2.0405926597085724
h100-d512-mix-semantic-zero-c11-seed0-from10pct-20260826-rno2a,semantic_domain_ablation,include_german,2.00798015206315
h100-d512-mix-semantic-zero-c11-seed0-from10pct-20260826-rno2a,semantic_domain_ablation,include_hebrew,2.076196571711831
h100-d512-mix-semantic-zero-c11-seed0-from10pct-20260826-rno2a,semantic_domain_ablation,include_hindi,2.082119944862228
h100-d512-mix-semantic-zero-c11-seed0-from10pct-20260826-rno2a,semantic_domain_ablation,include_indonesian,2.1009829060072702
h100-d512-mix-semantic-zero-c11-seed0-from10pct-20260826-rno2a,semantic_domain_ablation,include_japanese,2.074335640325902
h100-d512-mix-semantic-zero-c11-seed0-from10pct-20260826-rno2a,semantic_domain_ablation,include_korean,2.0646206165900094
h100-d512-mix-semantic-zero-c11-seed0-from10pct-20260826-rno2a,semantic_domain_ablation,include_mean,2.0786583071031206
h100-d512-mix-semantic-zero-c11-seed0-from10pct-20260826-rno2a,semantic_domain_ablation,include_portuguese,2.152316163530647
h100-d512-mix-semantic-zero-c11-seed0-from10pct-20260826-rno2a,semantic_domain_ablation,include_russian,2.038619558911253
h100-d512-mix-semantic-zero-c11-seed0-from10pct-20260826-rno2a,semantic_domain_ablation,include_spanish,2.0515287878718933
h100-d512-mix-semantic-zero-c11-seed0-from10pct-20260826-rno2a,semantic_domain_ablation,include_turkish,2.1056670594513163
h100-d512-mix-semantic-zero-c11-seed0-from10pct-20260826-rno2a,semantic_domain_ablation,include_vietnamese,2.0827022418413437
h100-d512-mix-semantic-zero-c11-seed0-from10pct-20260826-rno2a,semantic_domain_ablation,lambada_0shot,0.8941890789935756
h100-d512-mix-semantic-zero-c11-seed0-from10pct-20260826-rno2a,semantic_domain_ablation,lb_bbh_3shot,1.8933481089142676
h100-d512-mix-semantic-zero-c11-seed0-from10pct-20260826-rno2a,semantic_domain_ablation,logprob_gsm8k_5shot,0.7613458804099442
h100-d512-mix-semantic-zero-c11-seed0-from10pct-20260826-rno2a,semantic_domain_ablation,logprob_humaneval_10shot,0.5209420886820957
h100-d512-mix-semantic-zero-c11-seed0-from10pct-20260826-rno2a,semantic_domain_ablation,medmcqa_0shot,3.579859355592117
h100-d512-mix-semantic-zero-c11-seed0-from10pct-20260826-rno2a,semantic_domain_ablation,medqa_0shot,2.4484062208098045
h100-d512-mix-semantic-zero-c11-seed0-from10pct-20260826-rno2a,semantic_domain_ablation,mmlu_pro_5shot,3.7961929281261106
h100-d512-mix-semantic-zero-c11-seed0-from10pct-20260826-rno2a,semantic_domain_ablation,musr_0shot,0.8121008158812456
h100-d512-mix-semantic-zero-c11-seed0-from10pct-20260826-rno2a,semantic_domain_ablation,openbookqa_0shot,1.9867704306658636
h100-d512-mix-semantic-zero-c11-seed0-from10pct-20260826-rno2a,semantic_domain_ablation,piqa_0shot,1.3298201010155537
h100-d512-mix-semantic-zero-c11-seed0-from10pct-20260826-rno2a,semantic_domain_ablation,sciq_0shot,1.527705115299835
h100-d512-mix-semantic-zero-c11-seed0-from10pct-20260826-rno2a,semantic_domain_ablation,truthfulqa_mc1_0shot,0.7738761718671933
h100-d512-mix-semantic-zero-c11-seed0-from10pct-20260826-rno2a,semantic_domain_ablation,winogrande_0shot,0.4481524439401124
h100-d512-mix-semantic-zero-c12-seed0-from10pct-20260826-rno2a,semantic_domain_ablation,arc_challenge_0shot,1.4822855758316942
h100-d512-mix-semantic-zero-c12-seed0-from10pct-20260826-rno2a,semantic_domain_ablation,belebele_arabic,2.08271371270197
h100-d512-mix-semantic-zero-c12-seed0-from10pct-20260826-rno2a,semantic_domain_ablation,belebele_bengali,2.1889156441296502
h100-d512-mix-semantic-zero-c12-seed0-from10pct-20260826-rno2a,semantic_domain_ablation,belebele_chinese_simplified,2.054822383493724
h100-d512-mix-semantic-zero-c12-seed0-from10pct-20260826-rno2a,semantic_domain_ablation,belebele_french,2.0793325776893576
h100-d512-mix-semantic-zero-c12-seed0-from10pct-20260826-rno2a,semantic_domain_ablation,belebele_german,2.128157500584201
h100-d512-mix-semantic-zero-c12-seed0-from10pct-20260826-rno2a,semantic_domain_ablation,belebele_hebrew,2.257658706729522
h100-d512-mix-semantic-zero-c12-seed0-from10pct-20260826-rno2a,semantic_domain_ablation,belebele_hindi,2.160217167090925
h100-d512-mix-semantic-zero-c12-seed0-from10pct-20260826-rno2a,semantic_domain_ablation,belebele_indonesian,2.085234553184291
h100-d512-mix-semantic-zero-c12-seed0-from10pct-20260826-rno2a,semantic_domain_ablation,belebele_japanese,2.1209281278767858
h100-d512-mix-semantic-zero-c12-seed0-from10pct-20260826-rno2a,semantic_domain_ablation,belebele_korean,2.107872104397
h100-d512-mix-semantic-zero-c12-seed0-from10pct-20260826-rno2a,semantic_domain_ablation,belebele_mean,2.174699051516063
h100-d512-mix-semantic-zero-c12-seed0-from10pct-20260826-rno2a,semantic_domain_ablation,belebele_portuguese,2.0557139951570584
h100-d512-mix-semantic-zero-c12-seed0-from10pct-20260826-rno2a,semantic_domain_ablation,belebele_russian,2.0805751863084163
h100-d512-mix-semantic-zero-c12-seed0-from10pct-20260826-rno2a,semantic_domain_ablation,belebele_spanish,2.0655283364732786
h100-d512-mix-semantic-zero-c12-seed0-from10pct-20260826-rno2a,semantic_domain_ablation,belebele_swahili,2.583979236660114
h100-d512-mix-semantic-zero-c12-seed0-from10pct-20260826-rno2a,semantic_domain_ablation,belebele_thai,2.0830323772537467
h100-d512-mix-semantic-zero-c12-seed0-from10pct-20260826-rno2a,semantic_domain_ablation,belebele_turkish,2.280724911609718
h100-d512-mix-semantic-zero-c12-seed0-from10pct-20260826-rno2a,semantic_domain_ablation,belebele_vietnamese,2.1278640351215246
h100-d512-mix-semantic-zero-c12-seed0-from10pct-20260826-rno2a,semantic_domain_ablation,belebele_yoruba,2.601312370827844
h100-d512-mix-semantic-zero-c12-seed0-from10pct-20260826-rno2a,semantic_domain_ablation,boolq_0shot,2.1687751844166834
h100-d512-mix-semantic-zero-c12-seed0-from10pct-20260826-rno2a,semantic_domain_ablation,copa_0shot,1.8105453563532012
h100-d512-mix-semantic-zero-c12-seed0-from10pct-20260826-rno2a,semantic_domain_ablation,csqa_0shot,3.1836051053046988
h100-d512-mix-semantic-zero-c12-seed0-from10pct-20260826-rno2a,semantic_domain_ablation,gpqa_0shot,2.9657479923607486
h100-d512-mix-semantic-zero-c12-seed0-from10pct-20260826-rno2a,semantic_domain_ablation,hellaswag_0shot,0.9706499027837155
h100-d512-mix-semantic-zero-c12-seed0-from10pct-20260826-rno2a,semantic_domain_ablation,include_arabic,2.091803359053186
h100-d512-mix-semantic-zero-c12-seed0-from10pct-20260826-rno2a,semantic_domain_ablation,include_bengali,2.0639627107378304
h100-d512-mix-semantic-zero-c12-seed0-from10pct-20260826-rno2a,semantic_domain_ablation,include_chinese,2.108573013202235
h100-d512-mix-semantic-zero-c12-seed0-from10pct-20260826-rno2a,semantic_domain_ablation,include_french,2.0545611138026274
h100-d512-mix-semantic-zero-c12-seed0-from10pct-20260826-rno2a,semantic_domain_ablation,include_german,2.010075758189342
h100-d512-mix-semantic-zero-c12-seed0-from10pct-20260826-rno2a,semantic_domain_ablation,include_hebrew,2.0433847822422537
h100-d512-mix-semantic-zero-c12-seed0-from10pct-20260826-rno2a,semantic_domain_ablation,include_hindi,2.081356280896722
h100-d512-mix-semantic-zero-c12-seed0-from10pct-20260826-rno2a,semantic_domain_ablation,include_indonesian,2.115007143091682
h100-d512-mix-semantic-zero-c12-seed0-from10pct-20260826-rno2a,semantic_domain_ablation,include_japanese,2.0645093521816333
h100-d512-mix-semantic-zero-c12-seed0-from10pct-20260826-rno2a,semantic_domain_ablation,include_korean,2.103967571057372
h100-d512-mix-semantic-zero-c12-seed0-from10pct-20260826-rno2a,semantic_domain_ablation,include_mean,2.0773686039525803
h100-d512-mix-semantic-zero-c12-seed0-from10pct-20260826-rno2a,semantic_domain_ablation,include_portuguese,2.0512710073634546
h100-d512-mix-semantic-zero-c12-seed0-from10pct-20260826-rno2a,semantic_domain_ablation,include_russian,2.086381079287867
h100-d512-mix-semantic-zero-c12-seed0-from10pct-20260826-rno2a,semantic_domain_ablation,include_spanish,2.059892155965577
h100-d512-mix-semantic-zero-c12-seed0-from10pct-20260826-rno2a,semantic_domain_ablation,include_turkish,2.1120020424357886
h100-d512-mix-semantic-zero-c12-seed0-from10pct-20260826-rno2a,semantic_domain_ablation,include_vietnamese,2.1137816897811352
h100-d512-mix-semantic-zero-c12-seed0-from10pct-20260826-rno2a,semantic_domain_ablation,lambada_0shot,0.910756881429043
h100-d512-mix-semantic-zero-c12-seed0-from10pct-20260826-rno2a,semantic_domain_ablation,lb_bbh_3shot,1.5938696760621538
h100-d512-mix-semantic-zero-c12-seed0-from10pct-20260826-rno2a,semantic_domain_ablation,logprob_gsm8k_5shot,0.7620546462558773
h100-d512-mix-semantic-zero-c12-seed0-from10pct-20260826-rno2a,semantic_domain_ablation,logprob_humaneval_10shot,0.5282273107851932
h100-d512-mix-semantic-zero-c12-seed0-from10pct-20260826-rno2a,semantic_domain_ablation,medmcqa_0shot,3.3882057267435632
h100-d512-mix-semantic-zero-c12-seed0-from10pct-20260826-rno2a,semantic_domain_ablation,medqa_0shot,2.571161658756886
h100-d512-mix-semantic-zero-c12-seed0-from10pct-20260826-rno2a,semantic_domain_ablation,mmlu_pro_5shot,4.030445751513073
h100-d512-mix-semantic-zero-c12-seed0-from10pct-20260826-rno2a,semantic_domain_ablation,musr_0shot,0.898665642297072
h100-d512-mix-semantic-zero-c12-seed0-from10pct-20260826-rno2a,semantic_domain_ablation,openbookqa_0shot,1.9906166294858416
h100-d512-mix-semantic-zero-c12-seed0-from10pct-20260826-rno2a,semantic_domain_ablation,piqa_0shot,1.2857294012244616
h100-d512-mix-semantic-zero-c12-seed0-from10pct-20260826-rno2a,semantic_domain_ablation,sciq_0shot,1.4966649904685414
h100-d512-mix-semantic-zero-c12-seed0-from10pct-20260826-rno2a,semantic_domain_ablation,truthfulqa_mc1_0shot,0.7619818743835384
h100-d512-mix-semantic-zero-c12-seed0-from10pct-20260826-rno2a,semantic_domain_ablation,winogrande_0shot,0.4479919638753568
h100-d512-mix-semantic-zero-c13-seed0-from10pct-20260826-rno2a,semantic_domain_ablation,arc_challenge_0shot,1.5058950492727363
h100-d512-mix-semantic-zero-c13-seed0-from10pct-20260826-rno2a,semantic_domain_ablation,belebele_arabic,2.1981719476058603
h100-d512-mix-semantic-zero-c13-seed0-from10pct-20260826-rno2a,semantic_domain_ablation,belebele_bengali,2.130623225404215
h100-d512-mix-semantic-zero-c13-seed0-from10pct-20260826-rno2a,semantic_domain_ablation,belebele_chinese_simplified,2.3343541842360755
h100-d512-mix-semantic-zero-c13-seed0-from10pct-20260826-rno2a,semantic_domain_ablation,belebele_french,2.291723363987177
h100-d512-mix-semantic-zero-c13-seed0-from10pct-20260826-rno2a,semantic_domain_ablation,belebele_german,2.3776049005671145
h100-d512-mix-semantic-zero-c13-seed0-from10pct-20260826-rno2a,semantic_domain_ablation,belebele_hebrew,2.209831825384989
h100-d512-mix-semantic-zero-c13-seed0-from10pct-20260826-rno2a,semantic_domain_ablation,belebele_hindi,2.2787239135315724
h100-d512-mix-semantic-zero-c13-seed0-from10pct-20260826-rno2a,semantic_domain_ablation,belebele_indonesian,2.1831968856222956
h100-d512-mix-semantic-zero-c13-seed0-from10pct-20260826-rno2a,semantic_domain_ablation,belebele_japanese,2.215926539973599
h100-d512-mix-semantic-zero-c13-seed0-from10pct-20260826-rno2a,semantic_domain_ablation,belebele_korean,2.1811770628964573
h100-d512-mix-semantic-zero-c13-seed0-from10pct-20260826-rno2a,semantic_domain_ablation,belebele_mean,2.3251398547607045
h100-d512-mix-semantic-zero-c13-seed0-from10pct-20260826-rno2a,semantic_domain_ablation,belebele_portuguese,2.191434948042531
h100-d512-mix-semantic-zero-c13-seed0-from10pct-20260826-rno2a,semantic_domain_ablation,belebele_russian,2.1515915586786005
h100-d512-mix-semantic-zero-c13-seed0-from10pct-20260826-rno2a,semantic_domain_ablation,belebele_spanish,2.187915950733755
h100-d512-mix-semantic-zero-c13-seed0-from10pct-20260826-rno2a,semantic_domain_ablation,belebele_swahili,2.34909552628777
h100-d512-mix-semantic-zero-c13-seed0-from10pct-20260826-rno2a,semantic_domain_ablation,belebele_thai,2.254165700489949
h100-d512-mix-semantic-zero-c13-seed0-from10pct-20260826-rno2a,semantic_domain_ablation,belebele_turkish,2.856022272530707
h100-d512-mix-semantic-zero-c13-seed0-from10pct-20260826-rno2a,semantic_domain_ablation,belebele_vietnamese,2.670650979632869
h100-d512-mix-semantic-zero-c13-seed0-from10pct-20260826-rno2a,semantic_domain_ablation,belebele_yoruba,2.790306600087144
h100-d512-mix-semantic-zero-c13-seed0-from10pct-20260826-rno2a,semantic_domain_ablation,boolq_0shot,2.4104003879487235
h100-d512-mix-semantic-zero-c13-seed0-from10pct-20260826-rno2a,semantic_domain_ablation,copa_0shot,1.8188518464834957
h100-d512-mix-semantic-zero-c13-seed0-from10pct-20260826-rno2a,semantic_domain_ablation,csqa_0shot,3.7794957672973744
h100-d512-mix-semantic-zero-c13-seed0-from10pct-20260826-rno2a,semantic_domain_ablation,gpqa_0shot,2.187246813546656
h100-d512-mix-semantic-zero-c13-seed0-from10pct-20260826-rno2a,semantic_domain_ablation,hellaswag_0shot,0.9681493913429396
h100-d512-mix-semantic-zero-c13-seed0-from10pct-20260826-rno2a,semantic_domain_ablation,include_arabic,2.0061297486693865
h100-d512-mix-semantic-zero-c13-seed0-from10pct-20260826-rno2a,semantic_domain_ablation,include_bengali,2.1040175769852616
h100-d512-mix-semantic-zero-c13-seed0-from10pct-20260826-rno2a,semantic_domain_ablation,include_chinese,2.085243142651793
h100-d512-mix-semantic-zero-c13-seed0-from10pct-20260826-rno2a,semantic_domain_ablation,include_french,2.087733337656457
h100-d512-mix-semantic-zero-c13-seed0-from10pct-20260826-rno2a,semantic_domain_ablation,include_german,2.0545093610438387
h100-d512-mix-semantic-zero-c13-seed0-from10pct-20260826-rno2a,semantic_domain_ablation,include_hebrew,2.049512424029864
h100-d512-mix-semantic-zero-c13-seed0-from10pct-20260826-rno2a,semantic_domain_ablation,include_hindi,2.060460129585272
h100-d512-mix-semantic-zero-c13-seed0-from10pct-20260826-rno2a,semantic_domain_ablation,include_indonesian,2.0589483642708704
h100-d512-mix-semantic-zero-c13-seed0-from10pct-20260826-rno2a,semantic_domain_ablation,include_japanese,2.0804451240379356
h100-d512-mix-semantic-zero-c13-seed0-from10pct-20260826-rno2a,semantic_domain_ablation,include_korean,2.049312999264377
h100-d512-mix-semantic-zero-c13-seed0-from10pct-20260826-rno2a,semantic_domain_ablation,include_mean,2.0661689039823785
h100-d512-mix-semantic-zero-c13-seed0-from10pct-20260826-rno2a,semantic_domain_ablation,include_portuguese,2.0812414539908626
h100-d512-mix-semantic-zero-c13-seed0-from10pct-20260826-rno2a,semantic_domain_ablation,include_russian,2.0880504296673745
h100-d512-mix-semantic-zero-c13-seed0-from10pct-20260826-rno2a,semantic_domain_ablation,include_spanish,2.052393532744261
h100-d512-mix-semantic-zero-c13-seed0-from10pct-20260826-rno2a,semantic_domain_ablation,include_turkish,2.0707622784913036
h100-d512-mix-semantic-zero-c13-seed0-from10pct-20260826-rno2a,semantic_domain_ablation,include_vietnamese,2.0637736566468177
h100-d512-mix-semantic-zero-c13-seed0-from10pct-20260826-rno2a,semantic_domain_ablation,lambada_0shot,0.8845306969782515
h100-d512-mix-semantic-zero-c13-seed0-from10pct-20260826-rno2a,semantic_domain_ablation,lb_bbh_3shot,1.7708049835261126
h100-d512-mix-semantic-zero-c13-seed0-from10pct-20260826-rno2a,semantic_domain_ablation,logprob_gsm8k_5shot,0.7612340883681854
h100-d512-mix-semantic-zero-c13-seed0-from10pct-20260826-rno2a,semantic_domain_ablation,logprob_humaneval_10shot,0.5867333930064039
h100-d512-mix-semantic-zero-c13-seed0-from10pct-20260826-rno2a,semantic_domain_ablation,medmcqa_0shot,3.291249666833082
h100-d512-mix-semantic-zero-c13-seed0-from10pct-20260826-rno2a,semantic_domain_ablation,medqa_0shot,3.1563357594691306
h100-d512-mix-semantic-zero-c13-seed0-from10pct-20260826-rno2a,semantic_domain_ablation,mmlu_pro_5shot,4.022419518101139
h100-d512-mix-semantic-zero-c13-seed0-from10pct-20260826-rno2a,semantic_domain_ablation,musr_0shot,0.796422002107743
h100-d512-mix-semantic-zero-c13-seed0-from10pct-20260826-rno2a,semantic_domain_ablation,openbookqa_0shot,1.9640063325466137
h100-d512-mix-semantic-zero-c13-seed0-from10pct-20260826-rno2a,semantic_domain_ablation,piqa_0shot,1.282156685204661
h100-d512-mix-semantic-zero-c13-seed0-from10pct-20260826-rno2a,semantic_domain_ablation,sciq_0shot,1.6329840634826518
h100-d512-mix-semantic-zero-c13-seed0-from10pct-20260826-rno2a,semantic_domain_ablation,truthfulqa_mc1_0shot,0.7666671423067746
h100-d512-mix-semantic-zero-c13-seed0-from10pct-20260826-rno2a,semantic_domain_ablation,winogrande_0shot,0.4470666970315883
h100-d512-mix-semantic-zero-c14-seed0-from10pct-20260826-rno2a,semantic_domain_ablation,arc_challenge_0shot,1.4805316177287293
h100-d512-mix-semantic-zero-c14-seed0-from10pct-20260826-rno2a,semantic_domain_ablation,belebele_arabic,2.502296014336887
h100-d512-mix-semantic-zero-c14-seed0-from10pct-20260826-rno2a,semantic_domain_ablation,belebele_bengali,2.7064695291493575
h100-d512-mix-semantic-zero-c14-seed0-from10pct-20260826-rno2a,semantic_domain_ablation,belebele_chinese_simplified,2.130414274987004
h100-d512-mix-semantic-zero-c14-seed0-from10pct-20260826-rno2a,semantic_domain_ablation,belebele_french,2.104056452589469
h100-d512-mix-semantic-zero-c14-seed0-from10pct-20260826-rno2a,semantic_domain_ablation,belebele_german,2.1456654810094724
h100-d512-mix-semantic-zero-c14-seed0-from10pct-20260826-rno2a,semantic_domain_ablation,belebele_hebrew,2.510711368703511
h100-d512-mix-semantic-zero-c14-seed0-from10pct-20260826-rno2a,semantic_domain_ablation,belebele_hindi,2.529234079732212
h100-d512-mix-semantic-zero-c14-seed0-from10pct-20260826-rno2a,semantic_domain_ablation,belebele_indonesian,2.098478662814906
h100-d512-mix-semantic-zero-c14-seed0-from10pct-20260826-rno2a,semantic_domain_ablation,belebele_japanese,2.2568988436179795
h100-d512-mix-semantic-zero-c14-seed0-from10pct-20260826-rno2a,semantic_domain_ablation,belebele_korean,2.216978904393966
h100-d512-mix-semantic-zero-c14-seed0-from10pct-20260826-rno2a,semantic_domain_ablation,belebele_mean,2.31574575882178
h100-d512-mix-semantic-zero-c14-seed0-from10pct-20260826-rno2a,semantic_domain_ablation,belebele_portuguese,2.0679082520783743
h100-d512-mix-semantic-zero-c14-seed0-from10pct-20260826-rno2a,semantic_domain_ablation,belebele_russian,2.1194385989408135
h100-d512-mix-semantic-zero-c14-seed0-from10pct-20260826-rno2a,semantic_domain_ablation,belebele_spanish,2.0796286465394145
h100-d512-mix-semantic-zero-c14-seed0-from10pct-20260826-rno2a,semantic_domain_ablation,belebele_swahili,2.69728567632675
h100-d512-mix-semantic-zero-c14-seed0-from10pct-20260826-rno2a,semantic_domain_ablation,belebele_thai,2.132678154853023
h100-d512-mix-semantic-zero-c14-seed0-from10pct-20260826-rno2a,semantic_domain_ablation,belebele_turkish,2.307006300235454
h100-d512-mix-semantic-zero-c14-seed0-from10pct-20260826-rno2a,semantic_domain_ablation,belebele_vietnamese,2.2005862850607993
h100-d512-mix-semantic-zero-c14-seed0-from10pct-20260826-rno2a,semantic_domain_ablation,belebele_yoruba,2.877688133422646
h100-d512-mix-semantic-zero-c14-seed0-from10pct-20260826-rno2a,semantic_domain_ablation,boolq_0shot,2.004086410281195
h100-d512-mix-semantic-zero-c14-seed0-from10pct-20260826-rno2a,semantic_domain_ablation,copa_0shot,1.7932417381551158
h100-d512-mix-semantic-zero-c14-seed0-from10pct-20260826-rno2a,semantic_domain_ablation,csqa_0shot,6.593576914182352
h100-d512-mix-semantic-zero-c14-seed0-from10pct-20260826-rno2a,semantic_domain_ablation,gpqa_0shot,3.349499337794378
h100-d512-mix-semantic-zero-c14-seed0-from10pct-20260826-rno2a,semantic_domain_ablation,hellaswag_0shot,0.9656292806509134
h100-d512-mix-semantic-zero-c14-seed0-from10pct-20260826-rno2a,semantic_domain_ablation,include_arabic,2.0242619054095625
h100-d512-mix-semantic-zero-c14-seed0-from10pct-20260826-rno2a,semantic_domain_ablation,include_bengali,2.1104408445017873
h100-d512-mix-semantic-zero-c14-seed0-from10pct-20260826-rno2a,semantic_domain_ablation,include_chinese,2.0692983478711664
h100-d512-mix-semantic-zero-c14-seed0-from10pct-20260826-rno2a,semantic_domain_ablation,include_french,2.075596169194883
h100-d512-mix-semantic-zero-c14-seed0-from10pct-20260826-rno2a,semantic_domain_ablation,include_german,2.0647238944571162
h100-d512-mix-semantic-zero-c14-seed0-from10pct-20260826-rno2a,semantic_domain_ablation,include_hebrew,2.1369198594552583
h100-d512-mix-semantic-zero-c14-seed0-from10pct-20260826-rno2a,semantic_domain_ablation,include_hindi,2.0614488672774023
h100-d512-mix-semantic-zero-c14-seed0-from10pct-20260826-rno2a,semantic_domain_ablation,include_indonesian,2.061554453808447
h100-d512-mix-semantic-zero-c14-seed0-from10pct-20260826-rno2a,semantic_domain_ablation,include_japanese,2.1248954031416822
h100-d512-mix-semantic-zero-c14-seed0-from10pct-20260826-rno2a,semantic_domain_ablation,include_korean,2.0733602438244296
h100-d512-mix-semantic-zero-c14-seed0-from10pct-20260826-rno2a,semantic_domain_ablation,include_mean,2.0824393735924582
h100-d512-mix-semantic-zero-c14-seed0-from10pct-20260826-rno2a,semantic_domain_ablation,include_portuguese,2.060106155818466
h100-d512-mix-semantic-zero-c14-seed0-from10pct-20260826-rno2a,semantic_domain_ablation,include_russian,2.1091856899735855
h100-d512-mix-semantic-zero-c14-seed0-from10pct-20260826-rno2a,semantic_domain_ablation,include_spanish,2.0706842439803044
h100-d512-mix-semantic-zero-c14-seed0-from10pct-20260826-rno2a,semantic_domain_ablation,include_turkish,2.114001397399638
h100-d512-mix-semantic-zero-c14-seed0-from10pct-20260826-rno2a,semantic_domain_ablation,include_vietnamese,2.0801131277731466
h100-d512-mix-semantic-zero-c14-seed0-from10pct-20260826-rno2a,semantic_domain_ablation,lambada_0shot,0.8783744960954835
h100-d512-mix-semantic-zero-c14-seed0-from10pct-20260826-rno2a,semantic_domain_ablation,lb_bbh_3shot,1.7266130434492692
h100-d512-mix-semantic-zero-c14-seed0-from10pct-20260826-rno2a,semantic_domain_ablation,logprob_gsm8k_5shot,0.7567830359385099
h100-d512-mix-semantic-zero-c14-seed0-from10pct-20260826-rno2a,semantic_domain_ablation,logprob_humaneval_10shot,0.5269717271395902
h100-d512-mix-semantic-zero-c14-seed0-from10pct-20260826-rno2a,semantic_domain_ablation,medmcqa_0shot,4.091338945336422
h100-d512-mix-semantic-zero-c14-seed0-from10pct-20260826-rno2a,semantic_domain_ablation,medqa_0shot,2.3876688466100346
h100-d512-mix-semantic-zero-c14-seed0-from10pct-20260826-rno2a,semantic_domain_ablation,mmlu_pro_5shot,3.8650268672621833
h100-d512-mix-semantic-zero-c14-seed0-from10pct-20260826-rno2a,semantic_domain_ablation,musr_0shot,0.7940100276000974
h100-d512-mix-semantic-zero-c14-seed0-from10pct-20260826-rno2a,semantic_domain_ablation,openbookqa_0shot,1.9854120649715141
h100-d512-mix-semantic-zero-c14-seed0-from10pct-20260826-rno2a,semantic_domain_ablation,piqa_0shot,1.3006075333966522
h100-d512-mix-semantic-zero-c14-seed0-from10pct-20260826-rno2a,semantic_domain_ablation,sciq_0shot,1.5151118470943932
h100-d512-mix-semantic-zero-c14-seed0-from10pct-20260826-rno2a,semantic_domain_ablation,truthfulqa_mc1_0shot,0.775615527816177
h100-d512-mix-semantic-zero-c14-seed0-from10pct-20260826-rno2a,semantic_domain_ablation,winogrande_0shot,0.44559151360864474
h100-d512-mix-semantic-zero-c15-seed0-from10pct-20260826-rno2a,semantic_domain_ablation,arc_challenge_0shot,1.4908948358533818
h100-d512-mix-semantic-zero-c15-seed0-from10pct-20260826-rno2a,semantic_domain_ablation,belebele_arabic,2.146657327410289
h100-d512-mix-semantic-zero-c15-seed0-from10pct-20260826-rno2a,semantic_domain_ablation,belebele_bengali,2.115277751486785
h100-d512-mix-semantic-zero-c15-seed0-from10pct-20260826-rno2a,semantic_domain_ablation,belebele_chinese_simplified,2.1016868143809497
h100-d512-mix-semantic-zero-c15-seed0-from10pct-20260826-rno2a,semantic_domain_ablation,belebele_french,2.096276290633048
h100-d512-mix-semantic-zero-c15-seed0-from10pct-20260826-rno2a,semantic_domain_ablation,belebele_german,2.09459912499424
h100-d512-mix-semantic-zero-c15-seed0-from10pct-20260826-rno2a,semantic_domain_ablation,belebele_hebrew,2.09039609564207
h100-d512-mix-semantic-zero-c15-seed0-from10pct-20260826-rno2a,semantic_domain_ablation,belebele_hindi,2.1275371824757414
h100-d512-mix-semantic-zero-c15-seed0-from10pct-20260826-rno2a,semantic_domain_ablation,belebele_indonesian,2.085722251266647
h100-d512-mix-semantic-zero-c15-seed0-from10pct-20260826-rno2a,semantic_domain_ablation,belebele_japanese,2.1208853249301867
h100-d512-mix-semantic-zero-c15-seed0-from10pct-20260826-rno2a,semantic_domain_ablation,belebele_korean,2.1230263502316578
h100-d512-mix-semantic-zero-c15-seed0-from10pct-20260826-rno2a,semantic_domain_ablation,belebele_mean,2.1418455076919565
h100-d512-mix-semantic-zero-c15-seed0-from10pct-20260826-rno2a,semantic_domain_ablation,belebele_portuguese,2.0883029010089023
h100-d512-mix-semantic-zero-c15-seed0-from10pct-20260826-rno2a,semantic_domain_ablation,belebele_russian,2.1011795249904623
h100-d512-mix-semantic-zero-c15-seed0-from10pct-20260826-rno2a,semantic_domain_ablation,belebele_spanish,2.094754365038495
h100-d512-mix-semantic-zero-c15-seed0-from10pct-20260826-rno2a,semantic_domain_ablation,belebele_swahili,2.243048787035847
h100-d512-mix-semantic-zero-c15-seed0-from10pct-20260826-rno2a,semantic_domain_ablation,belebele_thai,2.0851583561752807
h100-d512-mix-semantic-zero-c15-seed0-from10pct-20260826-rno2a,semantic_domain_ablation,belebele_turkish,2.2532025953520125
h100-d512-mix-semantic-zero-c15-seed0-from10pct-20260826-rno2a,semantic_domain_ablation,belebele_vietnamese,2.1524689674413424
h100-d512-mix-semantic-zero-c15-seed0-from10pct-20260826-rno2a,semantic_domain_ablation,belebele_yoruba,2.433039127961259
h100-d512-mix-semantic-zero-c15-seed0-from10pct-20260826-rno2a,semantic_domain_ablation,boolq_0shot,2.017972000007731
h100-d512-mix-semantic-zero-c15-seed0-from10pct-20260826-rno2a,semantic_domain_ablation,copa_0shot,1.8194670997395312
h100-d512-mix-semantic-zero-c15-seed0-from10pct-20260826-rno2a,semantic_domain_ablation,csqa_0shot,4.967604138658401
h100-d512-mix-semantic-zero-c15-seed0-from10pct-20260826-rno2a,semantic_domain_ablation,gpqa_0shot,2.8205322147085226
h100-d512-mix-semantic-zero-c15-seed0-from10pct-20260826-rno2a,semantic_domain_ablation,hellaswag_0shot,0.9708464944004651
h100-d512-mix-semantic-zero-c15-seed0-from10pct-20260826-rno2a,semantic_domain_ablation,include_arabic,2.0693011406021014
h100-d512-mix-semantic-zero-c15-seed0-from10pct-20260826-rno2a,semantic_domain_ablation,include_bengali,2.1527239860764174
h100-d512-mix-semantic-zero-c15-seed0-from10pct-20260826-rno2a,semantic_domain_ablation,include_chinese,2.0550612884299007
h100-d512-mix-semantic-zero-c15-seed0-from10pct-20260826-rno2a,semantic_domain_ablation,include_french,2.0499684342976052
h100-d512-mix-semantic-zero-c15-seed0-from10pct-20260826-rno2a,semantic_domain_ablation,include_german,2.014846620025824
h100-d512-mix-semantic-zero-c15-seed0-from10pct-20260826-rno2a,semantic_domain_ablation,include_hebrew,2.0918772337442837
h100-d512-mix-semantic-zero-c15-seed0-from10pct-20260826-rno2a,semantic_domain_ablation,include_hindi,2.080858021689905
h100-d512-mix-semantic-zero-c15-seed0-from10pct-20260826-rno2a,semantic_domain_ablation,include_indonesian,2.073029307631273
h100-d512-mix-semantic-zero-c15-seed0-from10pct-20260826-rno2a,semantic_domain_ablation,include_japanese,2.1025818911971883
h100-d512-mix-semantic-zero-c15-seed0-from10pct-20260826-rno2a,semantic_domain_ablation,include_korean,2.0741779023172895
h100-d512-mix-semantic-zero-c15-seed0-from10pct-20260826-rno2a,semantic_domain_ablation,include_mean,2.077829643349003
h100-d512-mix-semantic-zero-c15-seed0-from10pct-20260826-rno2a,semantic_domain_ablation,include_portuguese,2.0947824507310173
h100-d512-mix-semantic-zero-c15-seed0-from10pct-20260826-rno2a,semantic_domain_ablation,include_russian,2.056895198564948
h100-d512-mix-semantic-zero-c15-seed0-from10pct-20260826-rno2a,semantic_domain_ablation,include_spanish,2.0935273986801795
h100-d512-mix-semantic-zero-c15-seed0-from10pct-20260826-rno2a,semantic_domain_ablation,include_turkish,2.053832893529309
h100-d512-mix-semantic-zero-c15-seed0-from10pct-20260826-rno2a,semantic_domain_ablation,include_vietnamese,2.103980882717801
h100-d512-mix-semantic-zero-c15-seed0-from10pct-20260826-rno2a,semantic_domain_ablation,lambada_0shot,0.8956533573137694
h100-d512-mix-semantic-zero-c15-seed0-from10pct-20260826-rno2a,semantic_domain_ablation,lb_bbh_3shot,1.8768678490965611
h100-d512-mix-semantic-zero-c15-seed0-from10pct-20260826-rno2a,semantic_domain_ablation,logprob_gsm8k_5shot,0.7499077457758163
h100-d512-mix-semantic-zero-c15-seed0-from10pct-20260826-rno2a,semantic_domain_ablation,logprob_humaneval_10shot,0.5272709928661556
h100-d512-mix-semantic-zero-c15-seed0-from10pct-20260826-rno2a,semantic_domain_ablation,medmcqa_0shot,3.3047342099419574
h100-d512-mix-semantic-zero-c15-seed0-from10pct-20260826-rno2a,semantic_domain_ablation,medqa_0shot,2.3848852926798885
h100-d512-mix-semantic-zero-c15-seed0-from10pct-20260826-rno2a,semantic_domain_ablation,mmlu_pro_5shot,3.713683027727808
h100-d512-mix-semantic-zero-c15-seed0-from10pct-20260826-rno2a,semantic_domain_ablation,musr_0shot,0.6995849345456295
h100-d512-mix-semantic-zero-c15-seed0-from10pct-20260826-rno2a,semantic_domain_ablation,openbookqa_0shot,1.9749286737647305
h100-d512-mix-semantic-zero-c15-seed0-from10pct-20260826-rno2a,semantic_domain_ablation,piqa_0shot,1.3007148933342905
h100-d512-mix-semantic-zero-c15-seed0-from10pct-20260826-rno2a,semantic_domain_ablation,sciq_0shot,1.565088416056968
h100-d512-mix-semantic-zero-c15-seed0-from10pct-20260826-rno2a,semantic_domain_ablation,truthfulqa_mc1_0shot,0.754917808293838
h100-d512-mix-semantic-zero-c15-seed0-from10pct-20260826-rno2a,semantic_domain_ablation,winogrande_0shot,0.4465044608424397
h100-d512-mix-semantic-zero-c16-seed0-from10pct-20260826-rno2a,semantic_domain_ablation,arc_challenge_0shot,1.496481481031397
h100-d512-mix-semantic-zero-c16-seed0-from10pct-20260826-rno2a,semantic_domain_ablation,belebele_arabic,2.148036727542417
h100-d512-mix-semantic-zero-c16-seed0-from10pct-20260826-rno2a,semantic_domain_ablation,belebele_bengali,2.181086029230796
h100-d512-mix-semantic-zero-c16-seed0-from10pct-20260826-rno2a,semantic_domain_ablation,belebele_chinese_simplified,2.1204904086215897
h100-d512-mix-semantic-zero-c16-seed0-from10pct-20260826-rno2a,semantic_domain_ablation,belebele_french,2.141890864262434
h100-d512-mix-semantic-zero-c16-seed0-from10pct-20260826-rno2a,semantic_domain_ablation,belebele_german,2.1892288182308417
h100-d512-mix-semantic-zero-c16-seed0-from10pct-20260826-rno2a,semantic_domain_ablation,belebele_hebrew,2.200500289244709
h100-d512-mix-semantic-zero-c16-seed0-from10pct-20260826-rno2a,semantic_domain_ablation,belebele_hindi,2.178169827291458
h100-d512-mix-semantic-zero-c16-seed0-from10pct-20260826-rno2a,semantic_domain_ablation,belebele_indonesian,2.051952995231949
h100-d512-mix-semantic-zero-c16-seed0-from10pct-20260826-rno2a,semantic_domain_ablation,belebele_japanese,2.084492730479546
h100-d512-mix-semantic-zero-c16-seed0-from10pct-20260826-rno2a,semantic_domain_ablation,belebele_korean,2.073665137610692
h100-d512-mix-semantic-zero-c16-seed0-from10pct-20260826-rno2a,semantic_domain_ablation,belebele_mean,2.143561450566923
h100-d512-mix-semantic-zero-c16-seed0-from10pct-20260826-rno2a,semantic_domain_ablation,belebele_portuguese,2.074596271938202
h100-d512-mix-semantic-zero-c16-seed0-from10pct-20260826-rno2a,semantic_domain_ablation,belebele_russian,2.080289808329897
h100-d512-mix-semantic-zero-c16-seed0-from10pct-20260826-rno2a,semantic_domain_ablation,belebele_spanish,2.0913682402836797
h100-d512-mix-semantic-zero-c16-seed0-from10pct-20260826-rno2a,semantic_domain_ablation,belebele_swahili,2.2347609953543834
h100-d512-mix-semantic-zero-c16-seed0-from10pct-20260826-rno2a,semantic_domain_ablation,belebele_thai,2.1001434908960657
h100-d512-mix-semantic-zero-c16-seed0-from10pct-20260826-rno2a,semantic_domain_ablation,belebele_turkish,2.164386064384021
h100-d512-mix-semantic-zero-c16-seed0-from10pct-20260826-rno2a,semantic_domain_ablation,belebele_vietnamese,2.1454692768953403
h100-d512-mix-semantic-zero-c16-seed0-from10pct-20260826-rno2a,semantic_domain_ablation,belebele_yoruba,2.3235781343765916
h100-d512-mix-semantic-zero-c16-seed0-from10pct-20260826-rno2a,semantic_domain_ablation,boolq_0shot,2.202735968642124
h100-d512-mix-semantic-zero-c16-seed0-from10pct-20260826-rno2a,semantic_domain_ablation,copa_0shot,1.8016227644152958
h100-d512-mix-semantic-zero-c16-seed0-from10pct-20260826-rno2a,semantic_domain_ablation,csqa_0shot,3.2205182291548478
h100-d512-mix-semantic-zero-c16-seed0-from10pct-20260826-rno2a,semantic_domain_ablation,gpqa_0shot,2.7446181676407373
h100-d512-mix-semantic-zero-c16-seed0-from10pct-20260826-rno2a,semantic_domain_ablation,hellaswag_0shot,0.9734772470067369
h100-d512-mix-semantic-zero-c16-seed0-from10pct-20260826-rno2a,semantic_domain_ablation,include_arabic,2.071569811886081
h100-d512-mix-semantic-zero-c16-seed0-from10pct-20260826-rno2a,semantic_domain_ablation,include_bengali,2.0889350747951005
h100-d512-mix-semantic-zero-c16-seed0-from10pct-20260826-rno2a,semantic_domain_ablation,include_chinese,2.03482845431765
h100-d512-mix-semantic-zero-c16-seed0-from10pct-20260826-rno2a,semantic_domain_ablation,include_french,2.0550298451292774
h100-d512-mix-semantic-zero-c16-seed0-from10pct-20260826-rno2a,semantic_domain_ablation,include_german,1.9739576600291513
h100-d512-mix-semantic-zero-c16-seed0-from10pct-20260826-rno2a,semantic_domain_ablation,include_hebrew,2.099910520226599
h100-d512-mix-semantic-zero-c16-seed0-from10pct-20260826-rno2a,semantic_domain_ablation,include_hindi,2.075750707614694
h100-d512-mix-semantic-zero-c16-seed0-from10pct-20260826-rno2a,semantic_domain_ablation,include_indonesian,2.079195730255868
h100-d512-mix-semantic-zero-c16-seed0-from10pct-20260826-rno2a,semantic_domain_ablation,include_japanese,2.0453465950124254
h100-d512-mix-semantic-zero-c16-seed0-from10pct-20260826-rno2a,semantic_domain_ablation,include_korean,2.0992282998380283
h100-d512-mix-semantic-zero-c16-seed0-from10pct-20260826-rno2a,semantic_domain_ablation,include_mean,2.0650877474134957
h100-d512-mix-semantic-zero-c16-seed0-from10pct-20260826-rno2a,semantic_domain_ablation,include_portuguese,2.07397710314707
h100-d512-mix-semantic-zero-c16-seed0-from10pct-20260826-rno2a,semantic_domain_ablation,include_russian,2.075312929225473
h100-d512-mix-semantic-zero-c16-seed0-from10pct-20260826-rno2a,semantic_domain_ablation,include_spanish,2.061665296157885
h100-d512-mix-semantic-zero-c16-seed0-from10pct-20260826-rno2a,semantic_domain_ablation,include_turkish,2.0597892863654987
h100-d512-mix-semantic-zero-c16-seed0-from10pct-20260826-rno2a,semantic_domain_ablation,include_vietnamese,2.081818897201632
h100-d512-mix-semantic-zero-c16-seed0-from10pct-20260826-rno2a,semantic_domain_ablation,lambada_0shot,0.8875323810580503
h100-d512-mix-semantic-zero-c16-seed0-from10pct-20260826-rno2a,semantic_domain_ablation,lb_bbh_3shot,1.6529983072729604
h100-d512-mix-semantic-zero-c16-seed0-from10pct-20260826-rno2a,semantic_domain_ablation,logprob_gsm8k_5shot,0.7496716585513956
h100-d512-mix-semantic-zero-c16-seed0-from10pct-20260826-rno2a,semantic_domain_ablation,logprob_humaneval_10shot,0.5181596044058003
h100-d512-mix-semantic-zero-c16-seed0-from10pct-20260826-rno2a,semantic_domain_ablation,medmcqa_0shot,2.437358360776208
h100-d512-mix-semantic-zero-c16-seed0-from10pct-20260826-rno2a,semantic_domain_ablation,medqa_0shot,2.2131017071082706
h100-d512-mix-semantic-zero-c16-seed0-from10pct-20260826-rno2a,semantic_domain_ablation,mmlu_pro_5shot,4.351787896843674
h100-d512-mix-semantic-zero-c16-seed0-from10pct-20260826-rno2a,semantic_domain_ablation,musr_0shot,0.7616521309813377
h100-d512-mix-semantic-zero-c16-seed0-from10pct-20260826-rno2a,semantic_domain_ablation,openbookqa_0shot,1.964491463187475
h100-d512-mix-semantic-zero-c16-seed0-from10pct-20260826-rno2a,semantic_domain_ablation,piqa_0shot,1.2945484494413642
h100-d512-mix-semantic-zero-c16-seed0-from10pct-20260826-rno2a,semantic_domain_ablation,sciq_0shot,1.6452432123125353
h100-d512-mix-semantic-zero-c16-seed0-from10pct-20260826-rno2a,semantic_domain_ablation,truthfulqa_mc1_0shot,0.7796998066461489
h100-d512-mix-semantic-zero-c16-seed0-from10pct-20260826-rno2a,semantic_domain_ablation,winogrande_0shot,0.4508465025280309
h100-d512-mix-semantic-zero-c17-seed0-from10pct-20260826-rno2a,semantic_domain_ablation,arc_challenge_0shot,1.5021054698812562
h100-d512-mix-semantic-zero-c17-seed0-from10pct-20260826-rno2a,semantic_domain_ablation,belebele_arabic,2.3221585700850036
h100-d512-mix-semantic-zero-c17-seed0-from10pct-20260826-rno2a,semantic_domain_ablation,belebele_bengali,2.1594432129630707
h100-d512-mix-semantic-zero-c17-seed0-from10pct-20260826-rno2a,semantic_domain_ablation,belebele_chinese_simplified,2.276211278150435
h100-d512-mix-semantic-zero-c17-seed0-from10pct-20260826-rno2a,semantic_domain_ablation,belebele_french,2.1516804860345213
h100-d512-mix-semantic-zero-c17-seed0-from10pct-20260826-rno2a,semantic_domain_ablation,belebele_german,2.153584388918473
h100-d512-mix-semantic-zero-c17-seed0-from10pct-20260826-rno2a,semantic_domain_ablation,belebele_hebrew,2.6387012737691733
h100-d512-mix-semantic-zero-c17-seed0-from10pct-20260826-rno2a,semantic_domain_ablation,belebele_hindi,2.4926143986250064
h100-d512-mix-semantic-zero-c17-seed0-from10pct-20260826-rno2a,semantic_domain_ablation,belebele_indonesian,2.1528240046994966
h100-d512-mix-semantic-zero-c17-seed0-from10pct-20260826-rno2a,semantic_domain_ablation,belebele_japanese,2.393183369891716
h100-d512-mix-semantic-zero-c17-seed0-from10pct-20260826-rno2a,semantic_domain_ablation,belebele_korean,2.1629245631740255
h100-d512-mix-semantic-zero-c17-seed0-from10pct-20260826-rno2a,semantic_domain_ablation,belebele_mean,2.3498354766216445
h100-d512-mix-semantic-zero-c17-seed0-from10pct-20260826-rno2a,semantic_domain_ablation,belebele_portuguese,2.106218625164331
h100-d512-mix-semantic-zero-c17-seed0-from10pct-20260826-rno2a,semantic_domain_ablation,belebele_russian,2.16501470320422
h100-d512-mix-semantic-zero-c17-seed0-from10pct-20260826-rno2a,semantic_domain_ablation,belebele_spanish,2.1522800795647234
h100-d512-mix-semantic-zero-c17-seed0-from10pct-20260826-rno2a,semantic_domain_ablation,belebele_swahili,2.4918671513008213
h100-d512-mix-semantic-zero-c17-seed0-from10pct-20260826-rno2a,semantic_domain_ablation,belebele_thai,2.1474176572636368
h100-d512-mix-semantic-zero-c17-seed0-from10pct-20260826-rno2a,semantic_domain_ablation,belebele_turkish,2.709852387667001
h100-d512-mix-semantic-zero-c17-seed0-from10pct-20260826-rno2a,semantic_domain_ablation,belebele_vietnamese,2.364905869501578
h100-d512-mix-semantic-zero-c17-seed0-from10pct-20260826-rno2a,semantic_domain_ablation,belebele_yoruba,3.256156559212373
h100-d512-mix-semantic-zero-c17-seed0-from10pct-20260826-rno2a,semantic_domain_ablation,boolq_0shot,2.3928946194166842
h100-d512-mix-semantic-zero-c17-seed0-from10pct-20260826-rno2a,semantic_domain_ablation,copa_0shot,1.8594220920490852
h100-d512-mix-semantic-zero-c17-seed0-from10pct-20260826-rno2a,semantic_domain_ablation,csqa_0shot,3.8237073479180874
h100-d512-mix-semantic-zero-c17-seed0-from10pct-20260826-rno2a,semantic_domain_ablation,gpqa_0shot,3.1420087265727816
h100-d512-mix-semantic-zero-c17-seed0-from10pct-20260826-rno2a,semantic_domain_ablation,hellaswag_0shot,0.9692897972732553
h100-d512-mix-semantic-zero-c17-seed0-from10pct-20260826-rno2a,semantic_domain_ablation,include_arabic,2.1356086073537424
h100-d512-mix-semantic-zero-c17-seed0-from10pct-20260826-rno2a,semantic_domain_ablation,include_bengali,2.053578472815011
h100-d512-mix-semantic-zero-c17-seed0-from10pct-20260826-rno2a,semantic_domain_ablation,include_chinese,2.051730047595587
h100-d512-mix-semantic-zero-c17-seed0-from10pct-20260826-rno2a,semantic_domain_ablation,include_french,2.036855837909936
h100-d512-mix-semantic-zero-c17-seed0-from10pct-20260826-rno2a,semantic_domain_ablation,include_german,2.0017789711464182
h100-d512-mix-semantic-zero-c17-seed0-from10pct-20260826-rno2a,semantic_domain_ablation,include_hebrew,2.066041999149933
h100-d512-mix-semantic-zero-c17-seed0-from10pct-20260826-rno2a,semantic_domain_ablation,include_hindi,2.08542117039577
h100-d512-mix-semantic-zero-c17-seed0-from10pct-20260826-rno2a,semantic_domain_ablation,include_indonesian,2.0941901263205813
h100-d512-mix-semantic-zero-c17-seed0-from10pct-20260826-rno2a,semantic_domain_ablation,include_japanese,2.057123052792215
h100-d512-mix-semantic-zero-c17-seed0-from10pct-20260826-rno2a,semantic_domain_ablation,include_korean,2.065260430403349
h100-d512-mix-semantic-zero-c17-seed0-from10pct-20260826-rno2a,semantic_domain_ablation,include_mean,2.0668115545513093
h100-d512-mix-semantic-zero-c17-seed0-from10pct-20260826-rno2a,semantic_domain_ablation,include_portuguese,2.0724853924289257
h100-d512-mix-semantic-zero-c17-seed0-from10pct-20260826-rno2a,semantic_domain_ablation,include_russian,2.081201189596267
h100-d512-mix-semantic-zero-c17-seed0-from10pct-20260826-rno2a,semantic_domain_ablation,include_spanish,2.0661032748486075
h100-d512-mix-semantic-zero-c17-seed0-from10pct-20260826-rno2a,semantic_domain_ablation,include_turkish,2.070534255387808
h100-d512-mix-semantic-zero-c17-seed0-from10pct-20260826-rno2a,semantic_domain_ablation,include_vietnamese,2.064260490125485
h100-d512-mix-semantic-zero-c17-seed0-from10pct-20260826-rno2a,semantic_domain_ablation,lambada_0shot,0.8873812810020388
h100-d512-mix-semantic-zero-c17-seed0-from10pct-20260826-rno2a,semantic_domain_ablation,lb_bbh_3shot,1.8363705110206705
h100-d512-mix-semantic-zero-c17-seed0-from10pct-20260826-rno2a,semantic_domain_ablation,logprob_gsm8k_5shot,0.7845208386940719
h100-d512-mix-semantic-zero-c17-seed0-from10pct-20260826-rno2a,semantic_domain_ablation,logprob_humaneval_10shot,0.538920695369855
h100-d512-mix-semantic-zero-c17-seed0-from10pct-20260826-rno2a,semantic_domain_ablation,medmcqa_0shot,2.789809977997844
h100-d512-mix-semantic-zero-c17-seed0-from10pct-20260826-rno2a,semantic_domain_ablation,medqa_0shot,2.389614969559154
h100-d512-mix-semantic-zero-c17-seed0-from10pct-20260826-rno2a,semantic_domain_ablation,mmlu_pro_5shot,3.986309985187521
h100-d512-mix-semantic-zero-c17-seed0-from10pct-20260826-rno2a,semantic_domain_ablation,musr_0shot,0.815767944788344
h100-d512-mix-semantic-zero-c17-seed0-from10pct-20260826-rno2a,semantic_domain_ablation,openbookqa_0shot,1.9729632892313969
h100-d512-mix-semantic-zero-c17-seed0-from10pct-20260826-rno2a,semantic_domain_ablation,piqa_0shot,1.2873557916478606
h100-d512-mix-semantic-zero-c17-seed0-from10pct-20260826-rno2a,semantic_domain_ablation,sciq_0shot,1.5385465102447025
h100-d512-mix-semantic-zero-c17-seed0-from10pct-20260826-rno2a,semantic_domain_ablation,truthfulqa_mc1_0shot,0.7510953027938443
h100-d512-mix-semantic-zero-c17-seed0-from10pct-20260826-rno2a,semantic_domain_ablation,winogrande_0shot,0.44929588542672316
h100-d512-mix-semantic-zero-c18-seed0-from10pct-20260826-rno2a,semantic_domain_ablation,arc_challenge_0shot,1.4867219878563191
h100-d512-mix-semantic-zero-c18-seed0-from10pct-20260826-rno2a,semantic_domain_ablation,belebele_arabic,2.226219736310902
h100-d512-mix-semantic-zero-c18-seed0-from10pct-20260826-rno2a,semantic_domain_ablation,belebele_bengali,2.1155000101126133
h100-d512-mix-semantic-zero-c18-seed0-from10pct-20260826-rno2a,semantic_domain_ablation,belebele_chinese_simplified,2.1206292287178026
h100-d512-mix-semantic-zero-c18-seed0-from10pct-20260826-rno2a,semantic_domain_ablation,belebele_french,2.1228916857140243
h100-d512-mix-semantic-zero-c18-seed0-from10pct-20260826-rno2a,semantic_domain_ablation,belebele_german,2.1169020713476363
h100-d512-mix-semantic-zero-c18-seed0-from10pct-20260826-rno2a,semantic_domain_ablation,belebele_hebrew,2.173075304084068
h100-d512-mix-semantic-zero-c18-seed0-from10pct-20260826-rno2a,semantic_domain_ablation,belebele_hindi,2.1715488052797403
h100-d512-mix-semantic-zero-c18-seed0-from10pct-20260826-rno2a,semantic_domain_ablation,belebele_indonesian,2.07641952757096
h100-d512-mix-semantic-zero-c18-seed0-from10pct-20260826-rno2a,semantic_domain_ablation,belebele_japanese,2.0843134355085517
h100-d512-mix-semantic-zero-c18-seed0-from10pct-20260826-rno2a,semantic_domain_ablation,belebele_korean,2.1124982118346605
h100-d512-mix-semantic-zero-c18-seed0-from10pct-20260826-rno2a,semantic_domain_ablation,belebele_mean,2.161048888481997
h100-d512-mix-semantic-zero-c18-seed0-from10pct-20260826-rno2a,semantic_domain_ablation,belebele_portuguese,2.072822403416735
h100-d512-mix-semantic-zero-c18-seed0-from10pct-20260826-rno2a,semantic_domain_ablation,belebele_russian,2.1400603859316174
h100-d512-mix-semantic-zero-c18-seed0-from10pct-20260826-rno2a,semantic_domain_ablation,belebele_spanish,2.08364587080398
h100-d512-mix-semantic-zero-c18-seed0-from10pct-20260826-rno2a,semantic_domain_ablation,belebele_swahili,2.323085908946497
h100-d512-mix-semantic-zero-c18-seed0-from10pct-20260826-rno2a,semantic_domain_ablation,belebele_thai,2.0984252653548277
h100-d512-mix-semantic-zero-c18-seed0-from10pct-20260826-rno2a,semantic_domain_ablation,belebele_turkish,2.165620170228594
h100-d512-mix-semantic-zero-c18-seed0-from10pct-20260826-rno2a,semantic_domain_ablation,belebele_vietnamese,2.198266252285997
h100-d512-mix-semantic-zero-c18-seed0-from10pct-20260826-rno2a,semantic_domain_ablation,belebele_yoruba,2.4969557192267344
h100-d512-mix-semantic-zero-c18-seed0-from10pct-20260826-rno2a,semantic_domain_ablation,boolq_0shot,2.1299122056591644
h100-d512-mix-semantic-zero-c18-seed0-from10pct-20260826-rno2a,semantic_domain_ablation,copa_0shot,1.843234956410128
h100-d512-mix-semantic-zero-c18-seed0-from10pct-20260826-rno2a,semantic_domain_ablation,csqa_0shot,3.440272210718288
h100-d512-mix-semantic-zero-c18-seed0-from10pct-20260826-rno2a,semantic_domain_ablation,gpqa_0shot,2.6018436105190785
h100-d512-mix-semantic-zero-c18-seed0-from10pct-20260826-rno2a,semantic_domain_ablation,hellaswag_0shot,0.9695456225891157
h100-d512-mix-semantic-zero-c18-seed0-from10pct-20260826-rno2a,semantic_domain_ablation,include_arabic,2.105463964222645
h100-d512-mix-semantic-zero-c18-seed0-from10pct-20260826-rno2a,semantic_domain_ablation,include_bengali,2.0689376260462793
h100-d512-mix-semantic-zero-c18-seed0-from10pct-20260826-rno2a,semantic_domain_ablation,include_chinese,2.0744700197047385
h100-d512-mix-semantic-zero-c18-seed0-from10pct-20260826-rno2a,semantic_domain_ablation,include_french,2.0571622820292235
h100-d512-mix-semantic-zero-c18-seed0-from10pct-20260826-rno2a,semantic_domain_ablation,include_german,2.0274410066754007
h100-d512-mix-semantic-zero-c18-seed0-from10pct-20260826-rno2a,semantic_domain_ablation,include_hebrew,2.0989561062579862
h100-d512-mix-semantic-zero-c18-seed0-from10pct-20260826-rno2a,semantic_domain_ablation,include_hindi,2.122332060827859
h100-d512-mix-semantic-zero-c18-seed0-from10pct-20260826-rno2a,semantic_domain_ablation,include_indonesian,2.0890801656030122
h100-d512-mix-semantic-zero-c18-seed0-from10pct-20260826-rno2a,semantic_domain_ablation,include_japanese,2.0424798199812595
h100-d512-mix-semantic-zero-c18-seed0-from10pct-20260826-rno2a,semantic_domain_ablation,include_korean,2.0617905897873356
h100-d512-mix-semantic-zero-c18-seed0-from10pct-20260826-rno2a,semantic_domain_ablation,include_mean,2.0750439399786065
h100-d512-mix-semantic-zero-c18-seed0-from10pct-20260826-rno2a,semantic_domain_ablation,include_portuguese,2.076103545802533
h100-d512-mix-semantic-zero-c18-seed0-from10pct-20260826-rno2a,semantic_domain_ablation,include_russian,2.0698225134856982
h100-d512-mix-semantic-zero-c18-seed0-from10pct-20260826-rno2a,semantic_domain_ablation,include_spanish,2.064504379035369
h100-d512-mix-semantic-zero-c18-seed0-from10pct-20260826-rno2a,semantic_domain_ablation,include_turkish,2.07827551838288
h100-d512-mix-semantic-zero-c18-seed0-from10pct-20260826-rno2a,semantic_domain_ablation,include_vietnamese,2.0888395018368744
h100-d512-mix-semantic-zero-c18-seed0-from10pct-20260826-rno2a,semantic_domain_ablation,lambada_0shot,0.9032730657835355
h100-d512-mix-semantic-zero-c18-seed0-from10pct-20260826-rno2a,semantic_domain_ablation,lb_bbh_3shot,1.679837709039992
h100-d512-mix-semantic-zero-c18-seed0-from10pct-20260826-rno2a,semantic_domain_ablation,logprob_gsm8k_5shot,0.7361239766263484
h100-d512-mix-semantic-zero-c18-seed0-from10pct-20260826-rno2a,semantic_domain_ablation,logprob_humaneval_10shot,0.5203475334363146
h100-d512-mix-semantic-zero-c18-seed0-from10pct-20260826-rno2a,semantic_domain_ablation,medmcqa_0shot,2.356049087860926
h100-d512-mix-semantic-zero-c18-seed0-from10pct-20260826-rno2a,semantic_domain_ablation,medqa_0shot,2.5063994622590533
h100-d512-mix-semantic-zero-c18-seed0-from10pct-20260826-rno2a,semantic_domain_ablation,mmlu_pro_5shot,3.6080773459148374
h100-d512-mix-semantic-zero-c18-seed0-from10pct-20260826-rno2a,semantic_domain_ablation,musr_0shot,0.8804949615321043
h100-d512-mix-semantic-zero-c18-seed0-from10pct-20260826-rno2a,semantic_domain_ablation,openbookqa_0shot,1.98030043616631
h100-d512-mix-semantic-zero-c18-seed0-from10pct-20260826-rno2a,semantic_domain_ablation,piqa_0shot,1.3042749318929523
h100-d512-mix-semantic-zero-c18-seed0-from10pct-20260826-rno2a,semantic_domain_ablation,sciq_0shot,1.5451892497846038
h100-d512-mix-semantic-zero-c18-seed0-from10pct-20260826-rno2a,semantic_domain_ablation,truthfulqa_mc1_0shot,0.7730765707519214
h100-d512-mix-semantic-zero-c18-seed0-from10pct-20260826-rno2a,semantic_domain_ablation,winogrande_0shot,0.44692677033436035
h100-d512-mix-semantic-zero-c19-seed0-from10pct-20260826-rno2a,semantic_domain_ablation,arc_challenge_0shot,1.492315769595292
h100-d512-mix-semantic-zero-c19-seed0-from10pct-20260826-rno2a,semantic_domain_ablation,belebele_arabic,2.18170000328145
h100-d512-mix-semantic-zero-c19-seed0-from10pct-20260826-rno2a,semantic_domain_ablation,belebele_bengali,2.1435293977250183
h100-d512-mix-semantic-zero-c19-seed0-from10pct-20260826-rno2a,semantic_domain_ablation,belebele_chinese_simplified,2.125305002738567
h100-d512-mix-semantic-zero-c19-seed0-from10pct-20260826-rno2a,semantic_domain_ablation,belebele_french,2.0867113533976314
h100-d512-mix-semantic-zero-c19-seed0-from10pct-20260826-rno2a,semantic_domain_ablation,belebele_german,2.111431843440305
h100-d512-mix-semantic-zero-c19-seed0-from10pct-20260826-rno2a,semantic_domain_ablation,belebele_hebrew,2.127456937377313
h100-d512-mix-semantic-zero-c19-seed0-from10pct-20260826-rno2a,semantic_domain_ablation,belebele_hindi,2.2369842413572174
h100-d512-mix-semantic-zero-c19-seed0-from10pct-20260826-rno2a,semantic_domain_ablation,belebele_indonesian,2.0741414448999014
h100-d512-mix-semantic-zero-c19-seed0-from10pct-20260826-rno2a,semantic_domain_ablation,belebele_japanese,2.1782114841647817
h100-d512-mix-semantic-zero-c19-seed0-from10pct-20260826-rno2a,semantic_domain_ablation,belebele_korean,2.076748030103635
h100-d512-mix-semantic-zero-c19-seed0-from10pct-20260826-rno2a,semantic_domain_ablation,belebele_mean,2.1577048050135774
h100-d512-mix-semantic-zero-c19-seed0-from10pct-20260826-rno2a,semantic_domain_ablation,belebele_portuguese,2.082722898199812
h100-d512-mix-semantic-zero-c19-seed0-from10pct-20260826-rno2a,semantic_domain_ablation,belebele_russian,2.0709910835174767
h100-d512-mix-semantic-zero-c19-seed0-from10pct-20260826-rno2a,semantic_domain_ablation,belebele_spanish,2.071011578212251
h100-d512-mix-semantic-zero-c19-seed0-from10pct-20260826-rno2a,semantic_domain_ablation,belebele_swahili,2.221597625845593
h100-d512-mix-semantic-zero-c19-seed0-from10pct-20260826-rno2a,semantic_domain_ablation,belebele_thai,2.1070318057640187
h100-d512-mix-semantic-zero-c19-seed0-from10pct-20260826-rno2a,semantic_domain_ablation,belebele_turkish,2.4141190490112714
h100-d512-mix-semantic-zero-c19-seed0-from10pct-20260826-rno2a,semantic_domain_ablation,belebele_vietnamese,2.1710307567501657
h100-d512-mix-semantic-zero-c19-seed0-from10pct-20260826-rno2a,semantic_domain_ablation,belebele_yoruba,2.35796195445798
h100-d512-mix-semantic-zero-c19-seed0-from10pct-20260826-rno2a,semantic_domain_ablation,boolq_0shot,2.1223799777465033
h100-d512-mix-semantic-zero-c19-seed0-from10pct-20260826-rno2a,semantic_domain_ablation,copa_0shot,1.8025392942425214
h100-d512-mix-semantic-zero-c19-seed0-from10pct-20260826-rno2a,semantic_domain_ablation,csqa_0shot,3.4599955915675933
h100-d512-mix-semantic-zero-c19-seed0-from10pct-20260826-rno2a,semantic_domain_ablation,gpqa_0shot,2.7077583352020698
h100-d512-mix-semantic-zero-c19-seed0-from10pct-20260826-rno2a,semantic_domain_ablation,hellaswag_0shot,0.9728461573918155
h100-d512-mix-semantic-zero-c19-seed0-from10pct-20260826-rno2a,semantic_domain_ablation,include_arabic,2.0669636050656828
h100-d512-mix-semantic-zero-c19-seed0-from10pct-20260826-rno2a,semantic_domain_ablation,include_bengali,2.088497285582161
h100-d512-mix-semantic-zero-c19-seed0-from10pct-20260826-rno2a,semantic_domain_ablation,include_chinese,2.038796622012458
h100-d512-mix-semantic-zero-c19-seed0-from10pct-20260826-rno2a,semantic_domain_ablation,include_french,2.048745388295651
h100-d512-mix-semantic-zero-c19-seed0-from10pct-20260826-rno2a,semantic_domain_ablation,include_german,2.0114317708661353
h100-d512-mix-semantic-zero-c19-seed0-from10pct-20260826-rno2a,semantic_domain_ablation,include_hebrew,2.0727041437074627
h100-d512-mix-semantic-zero-c19-seed0-from10pct-20260826-rno2a,semantic_domain_ablation,include_hindi,2.073800368546011
h100-d512-mix-semantic-zero-c19-seed0-from10pct-20260826-rno2a,semantic_domain_ablation,include_indonesian,2.057309927926372
h100-d512-mix-semantic-zero-c19-seed0-from10pct-20260826-rno2a,semantic_domain_ablation,include_japanese,2.048087865275025
h100-d512-mix-semantic-zero-c19-seed0-from10pct-20260826-rno2a,semantic_domain_ablation,include_korean,2.081641993048328
h100-d512-mix-semantic-zero-c19-seed0-from10pct-20260826-rno2a,semantic_domain_ablation,include_mean,2.0612971054973106
h100-d512-mix-semantic-zero-c19-seed0-from10pct-20260826-rno2a,semantic_domain_ablation,include_portuguese,2.0959040543163123
h100-d512-mix-semantic-zero-c19-seed0-from10pct-20260826-rno2a,semantic_domain_ablation,include_russian,2.0734088722218007
h100-d512-mix-semantic-zero-c19-seed0-from10pct-20260826-rno2a,semantic_domain_ablation,include_spanish,2.034340428673606
h100-d512-mix-semantic-zero-c19-seed0-from10pct-20260826-rno2a,semantic_domain_ablation,include_turkish,2.0694591883850575
h100-d512-mix-semantic-zero-c19-seed0-from10pct-20260826-rno2a,semantic_domain_ablation,include_vietnamese,2.058365068537596
h100-d512-mix-semantic-zero-c19-seed0-from10pct-20260826-rno2a,semantic_domain_ablation,lambada_0shot,0.8980841143251862
h100-d512-mix-semantic-zero-c19-seed0-from10pct-20260826-rno2a,semantic_domain_ablation,lb_bbh_3shot,1.5345779322932003
h100-d512-mix-semantic-zero-c19-seed0-from10pct-20260826-rno2a,semantic_domain_ablation,logprob_gsm8k_5shot,0.7548551945705273
h100-d512-mix-semantic-zero-c19-seed0-from10pct-20260826-rno2a,semantic_domain_ablation,logprob_humaneval_10shot,0.5273869402352952
h100-d512-mix-semantic-zero-c19-seed0-from10pct-20260826-rno2a,semantic_domain_ablation,medmcqa_0shot,2.9191279661780585
h100-d512-mix-semantic-zero-c19-seed0-from10pct-20260826-rno2a,semantic_domain_ablation,medqa_0shot,2.2968350881063406
h100-d512-mix-semantic-zero-c19-seed0-from10pct-20260826-rno2a,semantic_domain_ablation,mmlu_pro_5shot,3.899279100017013
h100-d512-mix-semantic-zero-c19-seed0-from10pct-20260826-rno2a,semantic_domain_ablation,musr_0shot,0.7880606438493784
h100-d512-mix-semantic-zero-c19-seed0-from10pct-20260826-rno2a,semantic_domain_ablation,openbookqa_0shot,1.976201257573368
h100-d512-mix-semantic-zero-c19-seed0-from10pct-20260826-rno2a,semantic_domain_ablation,piqa_0shot,1.311411333988037
h100-d512-mix-semantic-zero-c19-seed0-from10pct-20260826-rno2a,semantic_domain_ablation,sciq_0shot,1.5261921623944912
h100-d512-mix-semantic-zero-c19-seed0-from10pct-20260826-rno2a,semantic_domain_ablation,truthfulqa_mc1_0shot,0.7643101186343304
h100-d512-mix-semantic-zero-c19-seed0-from10pct-20260826-rno2a,semantic_domain_ablation,winogrande_0shot,0.44702046561187714
h100-d512-mix-semantic-zero-c20-seed0-from10pct-20260826-rno2a,semantic_domain_ablation,arc_challenge_0shot,1.4794852962269476
h100-d512-mix-semantic-zero-c20-seed0-from10pct-20260826-rno2a,semantic_domain_ablation,belebele_arabic,2.119974995248409
h100-d512-mix-semantic-zero-c20-seed0-from10pct-20260826-rno2a,semantic_domain_ablation,belebele_bengali,2.126778026977267
h100-d512-mix-semantic-zero-c20-seed0-from10pct-20260826-rno2a,semantic_domain_ablation,belebele_chinese_simplified,2.1134484931817785
h100-d512-mix-semantic-zero-c20-seed0-from10pct-20260826-rno2a,semantic_domain_ablation,belebele_french,2.097570189924711
h100-d512-mix-semantic-zero-c20-seed0-from10pct-20260826-rno2a,semantic_domain_ablation,belebele_german,2.134102152188526
h100-d512-mix-semantic-zero-c20-seed0-from10pct-20260826-rno2a,semantic_domain_ablation,belebele_hebrew,2.1241799428759576
h100-d512-mix-semantic-zero-c20-seed0-from10pct-20260826-rno2a,semantic_domain_ablation,belebele_hindi,2.155847122711217
h100-d512-mix-semantic-zero-c20-seed0-from10pct-20260826-rno2a,semantic_domain_ablation,belebele_indonesian,2.102249906217789
h100-d512-mix-semantic-zero-c20-seed0-from10pct-20260826-rno2a,semantic_domain_ablation,belebele_japanese,2.114253465145088
h100-d512-mix-semantic-zero-c20-seed0-from10pct-20260826-rno2a,semantic_domain_ablation,belebele_korean,2.106442741202787
h100-d512-mix-semantic-zero-c20-seed0-from10pct-20260826-rno2a,semantic_domain_ablation,belebele_mean,2.1650728499678578
h100-d512-mix-semantic-zero-c20-seed0-from10pct-20260826-rno2a,semantic_domain_ablation,belebele_portuguese,2.0721267853798846
h100-d512-mix-semantic-zero-c20-seed0-from10pct-20260826-rno2a,semantic_domain_ablation,belebele_russian,2.1135780172335275
h100-d512-mix-semantic-zero-c20-seed0-from10pct-20260826-rno2a,semantic_domain_ablation,belebele_spanish,2.0879392562101695
h100-d512-mix-semantic-zero-c20-seed0-from10pct-20260826-rno2a,semantic_domain_ablation,belebele_swahili,2.3644185420418333
h100-d512-mix-semantic-zero-c20-seed0-from10pct-20260826-rno2a,semantic_domain_ablation,belebele_thai,2.085445741573516
h100-d512-mix-semantic-zero-c20-seed0-from10pct-20260826-rno2a,semantic_domain_ablation,belebele_turkish,2.3469019293295843
h100-d512-mix-semantic-zero-c20-seed0-from10pct-20260826-rno2a,semantic_domain_ablation,belebele_vietnamese,2.2458159537783384
h100-d512-mix-semantic-zero-c20-seed0-from10pct-20260826-rno2a,semantic_domain_ablation,belebele_yoruba,2.460238038201056
h100-d512-mix-semantic-zero-c20-seed0-from10pct-20260826-rno2a,semantic_domain_ablation,boolq_0shot,2.348528769834616
h100-d512-mix-semantic-zero-c20-seed0-from10pct-20260826-rno2a,semantic_domain_ablation,copa_0shot,1.842469357789766
h100-d512-mix-semantic-zero-c20-seed0-from10pct-20260826-rno2a,semantic_domain_ablation,csqa_0shot,5.252563102578091
h100-d512-mix-semantic-zero-c20-seed0-from10pct-20260826-rno2a,semantic_domain_ablation,gpqa_0shot,2.9374222343524887
h100-d512-mix-semantic-zero-c20-seed0-from10pct-20260826-rno2a,semantic_domain_ablation,hellaswag_0shot,0.9673542467337298
h100-d512-mix-semantic-zero-c20-seed0-from10pct-20260826-rno2a,semantic_domain_ablation,include_arabic,2.0964088685960975
h100-d512-mix-semantic-zero-c20-seed0-from10pct-20260826-rno2a,semantic_domain_ablation,include_bengali,2.0590709874861006
h100-d512-mix-semantic-zero-c20-seed0-from10pct-20260826-rno2a,semantic_domain_ablation,include_chinese,2.040130757703745
h100-d512-mix-semantic-zero-c20-seed0-from10pct-20260826-rno2a,semantic_domain_ablation,include_french,2.034462558125014
h100-d512-mix-semantic-zero-c20-seed0-from10pct-20260826-rno2a,semantic_domain_ablation,include_german,2.0418806168385757
h100-d512-mix-semantic-zero-c20-seed0-from10pct-20260826-rno2a,semantic_domain_ablation,include_hebrew,2.121865464428527
h100-d512-mix-semantic-zero-c20-seed0-from10pct-20260826-rno2a,semantic_domain_ablation,include_hindi,2.087412739082288
h100-d512-mix-semantic-zero-c20-seed0-from10pct-20260826-rno2a,semantic_domain_ablation,include_indonesian,2.085900794256529
h100-d512-mix-semantic-zero-c20-seed0-from10pct-20260826-rno2a,semantic_domain_ablation,include_japanese,2.0452103864693356
h100-d512-mix-semantic-zero-c20-seed0-from10pct-20260826-rno2a,semantic_domain_ablation,include_korean,2.06331182466134
h100-d512-mix-semantic-zero-c20-seed0-from10pct-20260826-rno2a,semantic_domain_ablation,include_mean,2.069546976956349
h100-d512-mix-semantic-zero-c20-seed0-from10pct-20260826-rno2a,semantic_domain_ablation,include_portuguese,2.0889995859090402
h100-d512-mix-semantic-zero-c20-seed0-from10pct-20260826-rno2a,semantic_domain_ablation,include_russian,2.0588805659749454
h100-d512-mix-semantic-zero-c20-seed0-from10pct-20260826-rno2a,semantic_domain_ablation,include_spanish,2.064447589113272
h100-d512-mix-semantic-zero-c20-seed0-from10pct-20260826-rno2a,semantic_domain_ablation,include_turkish,2.0602135590915793
h100-d512-mix-semantic-zero-c20-seed0-from10pct-20260826-rno2a,semantic_domain_ablation,include_vietnamese,2.0950083566088495
h100-d512-mix-semantic-zero-c20-seed0-from10pct-20260826-rno2a,semantic_domain_ablation,lambada_0shot,0.8988934257350589
h100-d512-mix-semantic-zero-c20-seed0-from10pct-20260826-rno2a,semantic_domain_ablation,lb_bbh_3shot,1.6977545313796403
h100-d512-mix-semantic-zero-c20-seed0-from10pct-20260826-rno2a,semantic_domain_ablation,logprob_gsm8k_5shot,0.7555183793981147
h100-d512-mix-semantic-zero-c20-seed0-from10pct-20260826-rno2a,semantic_domain_ablation,logprob_humaneval_10shot,0.5197897285810743
h100-d512-mix-semantic-zero-c20-seed0-from10pct-20260826-rno2a,semantic_domain_ablation,medmcqa_0shot,3.2558363839038105
h100-d512-mix-semantic-zero-c20-seed0-from10pct-20260826-rno2a,semantic_domain_ablation,medqa_0shot,3.161822302576762
h100-d512-mix-semantic-zero-c20-seed0-from10pct-20260826-rno2a,semantic_domain_ablation,mmlu_pro_5shot,4.06887218442077
h100-d512-mix-semantic-zero-c20-seed0-from10pct-20260826-rno2a,semantic_domain_ablation,musr_0shot,0.8712078224200149
h100-d512-mix-semantic-zero-c20-seed0-from10pct-20260826-rno2a,semantic_domain_ablation,openbookqa_0shot,1.9835649041054921
h100-d512-mix-semantic-zero-c20-seed0-from10pct-20260826-rno2a,semantic_domain_ablation,piqa_0shot,1.306325715725639
h100-d512-mix-semantic-zero-c20-seed0-from10pct-20260826-rno2a,semantic_domain_ablation,sciq_0shot,1.5567455891408053
h100-d512-mix-semantic-zero-c20-seed0-from10pct-20260826-rno2a,semantic_domain_ablation,truthfulqa_mc1_0shot,0.7595442258642725
h100-d512-mix-semantic-zero-c20-seed0-from10pct-20260826-rno2a,semantic_domain_ablation,winogrande_0shot,0.4463993288952514
h100-d512-mix-semantic-zero-c21-seed0-from10pct-20260826-rno2a,semantic_domain_ablation,arc_challenge_0shot,1.5073147677563863
h100-d512-mix-semantic-zero-c21-seed0-from10pct-20260826-rno2a,semantic_domain_ablation,belebele_arabic,3.027878796094668
h100-d512-mix-semantic-zero-c21-seed0-from10pct-20260826-rno2a,semantic_domain_ablation,belebele_bengali,2.187678070159376
h100-d512-mix-semantic-zero-c21-seed0-from10pct-20260826-rno2a,semantic_domain_ablation,belebele_chinese_simplified,2.3546605682305253
h100-d512-mix-semantic-zero-c21-seed0-from10pct-20260826-rno2a,semantic_domain_ablation,belebele_french,2.4684338313941776
h100-d512-mix-semantic-zero-c21-seed0-from10pct-20260826-rno2a,semantic_domain_ablation,belebele_german,2.4174990715350004
h100-d512-mix-semantic-zero-c21-seed0-from10pct-20260826-rno2a,semantic_domain_ablation,belebele_hebrew,2.3410805353024826
h100-d512-mix-semantic-zero-c21-seed0-from10pct-20260826-rno2a,semantic_domain_ablation,belebele_hindi,2.2192335614992396
h100-d512-mix-semantic-zero-c21-seed0-from10pct-20260826-rno2a,semantic_domain_ablation,belebele_indonesian,2.39489617711954
h100-d512-mix-semantic-zero-c21-seed0-from10pct-20260826-rno2a,semantic_domain_ablation,belebele_japanese,2.3568577646900555
h100-d512-mix-semantic-zero-c21-seed0-from10pct-20260826-rno2a,semantic_domain_ablation,belebele_korean,2.3246917916939007
h100-d512-mix-semantic-zero-c21-seed0-from10pct-20260826-rno2a,semantic_domain_ablation,belebele_mean,2.4831958985390172
h100-d512-mix-semantic-zero-c21-seed0-from10pct-20260826-rno2a,semantic_domain_ablation,belebele_portuguese,2.406681656121694
h100-d512-mix-semantic-zero-c21-seed0-from10pct-20260826-rno2a,semantic_domain_ablation,belebele_russian,2.4862682109087624
h100-d512-mix-semantic-zero-c21-seed0-from10pct-20260826-rno2a,semantic_domain_ablation,belebele_spanish,2.450481243521909
h100-d512-mix-semantic-zero-c21-seed0-from10pct-20260826-rno2a,semantic_domain_ablation,belebele_swahili,2.8370410133324135
h100-d512-mix-semantic-zero-c21-seed0-from10pct-20260826-rno2a,semantic_domain_ablation,belebele_thai,2.1695009618983296
h100-d512-mix-semantic-zero-c21-seed0-from10pct-20260826-rno2a,semantic_domain_ablation,belebele_turkish,2.772978592913336
h100-d512-mix-semantic-zero-c21-seed0-from10pct-20260826-rno2a,semantic_domain_ablation,belebele_vietnamese,2.5699366140657367
h100-d512-mix-semantic-zero-c21-seed0-from10pct-20260826-rno2a,semantic_domain_ablation,belebele_yoruba,2.9117277132211594
h100-d512-mix-semantic-zero-c21-seed0-from10pct-20260826-rno2a,semantic_domain_ablation,boolq_0shot,2.243865023889085
h100-d512-mix-semantic-zero-c21-seed0-from10pct-20260826-rno2a,semantic_domain_ablation,copa_0shot,1.8155262955915106
h100-d512-mix-semantic-zero-c21-seed0-from10pct-20260826-rno2a,semantic_domain_ablation,csqa_0shot,3.6979354111227556
h100-d512-mix-semantic-zero-c21-seed0-from10pct-20260826-rno2a,semantic_domain_ablation,gpqa_0shot,2.8813087320089363
h100-d512-mix-semantic-zero-c21-seed0-from10pct-20260826-rno2a,semantic_domain_ablation,hellaswag_0shot,0.9701176484001197
h100-d512-mix-semantic-zero-c21-seed0-from10pct-20260826-rno2a,semantic_domain_ablation,include_arabic,2.086995500705274
h100-d512-mix-semantic-zero-c21-seed0-from10pct-20260826-rno2a,semantic_domain_ablation,include_bengali,2.0615682458761055
h100-d512-mix-semantic-zero-c21-seed0-from10pct-20260826-rno2a,semantic_domain_ablation,include_chinese,2.06661192695433
h100-d512-mix-semantic-zero-c21-seed0-from10pct-20260826-rno2a,semantic_domain_ablation,include_french,2.067953898660737
h100-d512-mix-semantic-zero-c21-seed0-from10pct-20260826-rno2a,semantic_domain_ablation,include_german,2.044023664193416
h100-d512-mix-semantic-zero-c21-seed0-from10pct-20260826-rno2a,semantic_domain_ablation,include_hebrew,2.116889640016021
h100-d512-mix-semantic-zero-c21-seed0-from10pct-20260826-rno2a,semantic_domain_ablation,include_hindi,2.0963483287997273
h100-d512-mix-semantic-zero-c21-seed0-from10pct-20260826-rno2a,semantic_domain_ablation,include_indonesian,2.0637102658742315
h100-d512-mix-semantic-zero-c21-seed0-from10pct-20260826-rno2a,semantic_domain_ablation,include_japanese,2.0490548724006556
h100-d512-mix-semantic-zero-c21-seed0-from10pct-20260826-rno2a,semantic_domain_ablation,include_korean,2.0728924946976766
h100-d512-mix-semantic-zero-c21-seed0-from10pct-20260826-rno2a,semantic_domain_ablation,include_mean,2.0790497127824037
h100-d512-mix-semantic-zero-c21-seed0-from10pct-20260826-rno2a,semantic_domain_ablation,include_portuguese,2.10602917378234
h100-d512-mix-semantic-zero-c21-seed0-from10pct-20260826-rno2a,semantic_domain_ablation,include_russian,2.116779060341192
h100-d512-mix-semantic-zero-c21-seed0-from10pct-20260826-rno2a,semantic_domain_ablation,include_spanish,2.0978890539720156
h100-d512-mix-semantic-zero-c21-seed0-from10pct-20260826-rno2a,semantic_domain_ablation,include_turkish,2.0717603236287707
h100-d512-mix-semantic-zero-c21-seed0-from10pct-20260826-rno2a,semantic_domain_ablation,include_vietnamese,2.067239241833563
h100-d512-mix-semantic-zero-c21-seed0-from10pct-20260826-rno2a,semantic_domain_ablation,lambada_0shot,0.8945465517794692
h100-d512-mix-semantic-zero-c21-seed0-from10pct-20260826-rno2a,semantic_domain_ablation,lb_bbh_3shot,1.7244144504585126
h100-d512-mix-semantic-zero-c21-seed0-from10pct-20260826-rno2a,semantic_domain_ablation,logprob_gsm8k_5shot,0.7673565795229977
h100-d512-mix-semantic-zero-c21-seed0-from10pct-20260826-rno2a,semantic_domain_ablation,logprob_humaneval_10shot,0.5237503617838706
h100-d512-mix-semantic-zero-c21-seed0-from10pct-20260826-rno2a,semantic_domain_ablation,medmcqa_0shot,3.677399473025309
h100-d512-mix-semantic-zero-c21-seed0-from10pct-20260826-rno2a,semantic_domain_ablation,medqa_0shot,2.5688724659168956
h100-d512-mix-semantic-zero-c21-seed0-from10pct-20260826-rno2a,semantic_domain_ablation,mmlu_pro_5shot,3.687777513094866
h100-d512-mix-semantic-zero-c21-seed0-from10pct-20260826-rno2a,semantic_domain_ablation,musr_0shot,0.8846086053133211
h100-d512-mix-semantic-zero-c21-seed0-from10pct-20260826-rno2a,semantic_domain_ablation,openbookqa_0shot,1.9721887134096963
h100-d512-mix-semantic-zero-c21-seed0-from10pct-20260826-rno2a,semantic_domain_ablation,piqa_0shot,1.2953213118809372
h100-d512-mix-semantic-zero-c21-seed0-from10pct-20260826-rno2a,semantic_domain_ablation,sciq_0shot,1.567226437458833
h100-d512-mix-semantic-zero-c21-seed0-from10pct-20260826-rno2a,semantic_domain_ablation,truthfulqa_mc1_0shot,0.7586866477618267
h100-d512-mix-semantic-zero-c21-seed0-from10pct-20260826-rno2a,semantic_domain_ablation,winogrande_0shot,0.4472875665168254
h100-d512-mix-semantic-zero-c22-seed0-from10pct-20260826-rno2a,semantic_domain_ablation,arc_challenge_0shot,1.4993517650659764
h100-d512-mix-semantic-zero-c22-seed0-from10pct-20260826-rno2a,semantic_domain_ablation,belebele_arabic,2.074644481254976
h100-d512-mix-semantic-zero-c22-seed0-from10pct-20260826-rno2a,semantic_domain_ablation,belebele_bengali,2.623160132801209
h100-d512-mix-semantic-zero-c22-seed0-from10pct-20260826-rno2a,semantic_domain_ablation,belebele_chinese_simplified,2.1488572924083114
h100-d512-mix-semantic-zero-c22-seed0-from10pct-20260826-rno2a,semantic_domain_ablation,belebele_french,2.076093331994449
h100-d512-mix-semantic-zero-c22-seed0-from10pct-20260826-rno2a,semantic_domain_ablation,belebele_german,2.089530909113046
h100-d512-mix-semantic-zero-c22-seed0-from10pct-20260826-rno2a,semantic_domain_ablation,belebele_hebrew,2.1993696371751184
h100-d512-mix-semantic-zero-c22-seed0-from10pct-20260826-rno2a,semantic_domain_ablation,belebele_hindi,2.231701014485735
h100-d512-mix-semantic-zero-c22-seed0-from10pct-20260826-rno2a,semantic_domain_ablation,belebele_indonesian,2.071815377731609
h100-d512-mix-semantic-zero-c22-seed0-from10pct-20260826-rno2a,semantic_domain_ablation,belebele_japanese,2.1488743747762014
h100-d512-mix-semantic-zero-c22-seed0-from10pct-20260826-rno2a,semantic_domain_ablation,belebele_korean,2.0905091991724962
h100-d512-mix-semantic-zero-c22-seed0-from10pct-20260826-rno2a,semantic_domain_ablation,belebele_mean,2.1576441069802086
h100-d512-mix-semantic-zero-c22-seed0-from10pct-20260826-rno2a,semantic_domain_ablation,belebele_portuguese,2.049609903118865
h100-d512-mix-semantic-zero-c22-seed0-from10pct-20260826-rno2a,semantic_domain_ablation,belebele_russian,2.083488130896349
h100-d512-mix-semantic-zero-c22-seed0-from10pct-20260826-rno2a,semantic_domain_ablation,belebele_spanish,2.0558593161019254
h100-d512-mix-semantic-zero-c22-seed0-from10pct-20260826-rno2a,semantic_domain_ablation,belebele_swahili,2.128821692613447
h100-d512-mix-semantic-zero-c22-seed0-from10pct-20260826-rno2a,semantic_domain_ablation,belebele_thai,2.0994611232625533
h100-d512-mix-semantic-zero-c22-seed0-from10pct-20260826-rno2a,semantic_domain_ablation,belebele_turkish,2.2729116330562307
h100-d512-mix-semantic-zero-c22-seed0-from10pct-20260826-rno2a,semantic_domain_ablation,belebele_vietnamese,2.1438046827105772
h100-d512-mix-semantic-zero-c22-seed0-from10pct-20260826-rno2a,semantic_domain_ablation,belebele_yoruba,2.24908169297065
h100-d512-mix-semantic-zero-c22-seed0-from10pct-20260826-rno2a,semantic_domain_ablation,boolq_0shot,2.1207157090498665
h100-d512-mix-semantic-zero-c22-seed0-from10pct-20260826-rno2a,semantic_domain_ablation,copa_0shot,1.7635261449835173
h100-d512-mix-semantic-zero-c22-seed0-from10pct-20260826-rno2a,semantic_domain_ablation,csqa_0shot,3.8262121550090833
h100-d512-mix-semantic-zero-c22-seed0-from10pct-20260826-rno2a,semantic_domain_ablation,gpqa_0shot,3.7683054634343573
h100-d512-mix-semantic-zero-c22-seed0-from10pct-20260826-rno2a,semantic_domain_ablation,hellaswag_0shot,0.9698167691931202
h100-d512-mix-semantic-zero-c22-seed0-from10pct-20260826-rno2a,semantic_domain_ablation,include_arabic,2.0732224927225276
h100-d512-mix-semantic-zero-c22-seed0-from10pct-20260826-rno2a,semantic_domain_ablation,include_bengali,2.0714276647740735
h100-d512-mix-semantic-zero-c22-seed0-from10pct-20260826-rno2a,semantic_domain_ablation,include_chinese,2.08209101938162
h100-d512-mix-semantic-zero-c22-seed0-from10pct-20260826-rno2a,semantic_domain_ablation,include_french,2.0741924451566995
h100-d512-mix-semantic-zero-c22-seed0-from10pct-20260826-rno2a,semantic_domain_ablation,include_german,2.0769456101683392
h100-d512-mix-semantic-zero-c22-seed0-from10pct-20260826-rno2a,semantic_domain_ablation,include_hebrew,2.128730714477336
h100-d512-mix-semantic-zero-c22-seed0-from10pct-20260826-rno2a,semantic_domain_ablation,include_hindi,2.0600731925160436
h100-d512-mix-semantic-zero-c22-seed0-from10pct-20260826-rno2a,semantic_domain_ablation,include_indonesian,2.09194449068686
h100-d512-mix-semantic-zero-c22-seed0-from10pct-20260826-rno2a,semantic_domain_ablation,include_japanese,2.0479862793111616
h100-d512-mix-semantic-zero-c22-seed0-from10pct-20260826-rno2a,semantic_domain_ablation,include_korean,2.0698549806297484
h100-d512-mix-semantic-zero-c22-seed0-from10pct-20260826-rno2a,semantic_domain_ablation,include_mean,2.085428757010069
h100-d512-mix-semantic-zero-c22-seed0-from10pct-20260826-rno2a,semantic_domain_ablation,include_portuguese,2.08706423361393
h100-d512-mix-semantic-zero-c22-seed0-from10pct-20260826-rno2a,semantic_domain_ablation,include_russian,2.113690160488022
h100-d512-mix-semantic-zero-c22-seed0-from10pct-20260826-rno2a,semantic_domain_ablation,include_spanish,2.0921137802457577
h100-d512-mix-semantic-zero-c22-seed0-from10pct-20260826-rno2a,semantic_domain_ablation,include_turkish,2.0930758340757354
h100-d512-mix-semantic-zero-c22-seed0-from10pct-20260826-rno2a,semantic_domain_ablation,include_vietnamese,2.119018456903186
h100-d512-mix-semantic-zero-c22-seed0-from10pct-20260826-rno2a,semantic_domain_ablation,lambada_0shot,0.8890742319109354
h100-d512-mix-semantic-zero-c22-seed0-from10pct-20260826-rno2a,semantic_domain_ablation,lb_bbh_3shot,1.7003574242627084
h100-d512-mix-semantic-zero-c22-seed0-from10pct-20260826-rno2a,semantic_domain_ablation,logprob_gsm8k_5shot,0.7597852791643185
h100-d512-mix-semantic-zero-c22-seed0-from10pct-20260826-rno2a,semantic_domain_ablation,logprob_humaneval_10shot,0.5129291595819725
h100-d512-mix-semantic-zero-c22-seed0-from10pct-20260826-rno2a,semantic_domain_ablation,medmcqa_0shot,2.982389460265717
h100-d512-mix-semantic-zero-c22-seed0-from10pct-20260826-rno2a,semantic_domain_ablation,medqa_0shot,2.8487746211763145
h100-d512-mix-semantic-zero-c22-seed0-from10pct-20260826-rno2a,semantic_domain_ablation,mmlu_pro_5shot,3.7423601087237226
h100-d512-mix-semantic-zero-c22-seed0-from10pct-20260826-rno2a,semantic_domain_ablation,musr_0shot,0.7972674258938804
h100-d512-mix-semantic-zero-c22-seed0-from10pct-20260826-rno2a,semantic_domain_ablation,openbookqa_0shot,1.9684040389343431
h100-d512-mix-semantic-zero-c22-seed0-from10pct-20260826-rno2a,semantic_domain_ablation,piqa_0shot,1.2820667807737667
h100-d512-mix-semantic-zero-c22-seed0-from10pct-20260826-rno2a,semantic_domain_ablation,sciq_0shot,1.5443576372455257
h100-d512-mix-semantic-zero-c22-seed0-from10pct-20260826-rno2a,semantic_domain_ablation,truthfulqa_mc1_0shot,0.7675992177881333
h100-d512-mix-semantic-zero-c22-seed0-from10pct-20260826-rno2a,semantic_domain_ablation,winogrande_0shot,0.4467441407891479
h100-d512-mix-semantic-zero-c23-seed0-from10pct-20260826-rno2a,semantic_domain_ablation,arc_challenge_0shot,1.4725973550724796
h100-d512-mix-semantic-zero-c23-seed0-from10pct-20260826-rno2a,semantic_domain_ablation,belebele_arabic,2.1343582640704444
h100-d512-mix-semantic-zero-c23-seed0-from10pct-20260826-rno2a,semantic_domain_ablation,belebele_bengali,2.2455649179643635
h100-d512-mix-semantic-zero-c23-seed0-from10pct-20260826-rno2a,semantic_domain_ablation,belebele_chinese_simplified,2.061237026419952
h100-d512-mix-semantic-zero-c23-seed0-from10pct-20260826-rno2a,semantic_domain_ablation,belebele_french,2.085470719664907
h100-d512-mix-semantic-zero-c23-seed0-from10pct-20260826-rno2a,semantic_domain_ablation,belebele_german,2.093277252007823
h100-d512-mix-semantic-zero-c23-seed0-from10pct-20260826-rno2a,semantic_domain_ablation,belebele_hebrew,2.1292468426121482
h100-d512-mix-semantic-zero-c23-seed0-from10pct-20260826-rno2a,semantic_domain_ablation,belebele_hindi,2.131660474842675
h100-d512-mix-semantic-zero-c23-seed0-from10pct-20260826-rno2a,semantic_domain_ablation,belebele_indonesian,2.053839436144082
h100-d512-mix-semantic-zero-c23-seed0-from10pct-20260826-rno2a,semantic_domain_ablation,belebele_japanese,2.0635866267387297
h100-d512-mix-semantic-zero-c23-seed0-from10pct-20260826-rno2a,semantic_domain_ablation,belebele_korean,2.0844324579174547
h100-d512-mix-semantic-zero-c23-seed0-from10pct-20260826-rno2a,semantic_domain_ablation,belebele_mean,2.118043589865005
h100-d512-mix-semantic-zero-c23-seed0-from10pct-20260826-rno2a,semantic_domain_ablation,belebele_portuguese,2.0756723447402665
h100-d512-mix-semantic-zero-c23-seed0-from10pct-20260826-rno2a,semantic_domain_ablation,belebele_russian,2.0963987862315836
h100-d512-mix-semantic-zero-c23-seed0-from10pct-20260826-rno2a,semantic_domain_ablation,belebele_spanish,2.0679748779662277
h100-d512-mix-semantic-zero-c23-seed0-from10pct-20260826-rno2a,semantic_domain_ablation,belebele_swahili,2.125219119093385
h100-d512-mix-semantic-zero-c23-seed0-from10pct-20260826-rno2a,semantic_domain_ablation,belebele_thai,2.1168346806147174
h100-d512-mix-semantic-zero-c23-seed0-from10pct-20260826-rno2a,semantic_domain_ablation,belebele_turkish,2.1709897964065754
h100-d512-mix-semantic-zero-c23-seed0-from10pct-20260826-rno2a,semantic_domain_ablation,belebele_vietnamese,2.1870669586644063
h100-d512-mix-semantic-zero-c23-seed0-from10pct-20260826-rno2a,semantic_domain_ablation,belebele_yoruba,2.2019540354703406
h100-d512-mix-semantic-zero-c23-seed0-from10pct-20260826-rno2a,semantic_domain_ablation,boolq_0shot,2.2731875792169074
h100-d512-mix-semantic-zero-c23-seed0-from10pct-20260826-rno2a,semantic_domain_ablation,copa_0shot,1.8110904730594728
h100-d512-mix-semantic-zero-c23-seed0-from10pct-20260826-rno2a,semantic_domain_ablation,csqa_0shot,5.550265949516321
h100-d512-mix-semantic-zero-c23-seed0-from10pct-20260826-rno2a,semantic_domain_ablation,gpqa_0shot,2.7210651084005755
h100-d512-mix-semantic-zero-c23-seed0-from10pct-20260826-rno2a,semantic_domain_ablation,hellaswag_0shot,0.9702783621626472
h100-d512-mix-semantic-zero-c23-seed0-from10pct-20260826-rno2a,semantic_domain_ablation,include_arabic,2.0714099075892505
h100-d512-mix-semantic-zero-c23-seed0-from10pct-20260826-rno2a,semantic_domain_ablation,include_bengali,2.0607797176615414
h100-d512-mix-semantic-zero-c23-seed0-from10pct-20260826-rno2a,semantic_domain_ablation,include_chinese,2.0844243911571203
h100-d512-mix-semantic-zero-c23-seed0-from10pct-20260826-rno2a,semantic_domain_ablation,include_french,2.017280868225862
h100-d512-mix-semantic-zero-c23-seed0-from10pct-20260826-rno2a,semantic_domain_ablation,include_german,2.008933440142672
h100-d512-mix-semantic-zero-c23-seed0-from10pct-20260826-rno2a,semantic_domain_ablation,include_hebrew,2.070692977572012
h100-d512-mix-semantic-zero-c23-seed0-from10pct-20260826-rno2a,semantic_domain_ablation,include_hindi,2.07955672486609
h100-d512-mix-semantic-zero-c23-seed0-from10pct-20260826-rno2a,semantic_domain_ablation,include_indonesian,2.0825686072565777
h100-d512-mix-semantic-zero-c23-seed0-from10pct-20260826-rno2a,semantic_domain_ablation,include_japanese,2.0475991092899655
h100-d512-mix-semantic-zero-c23-seed0-from10pct-20260826-rno2a,semantic_domain_ablation,include_korean,2.0403438236901614
h100-d512-mix-semantic-zero-c23-seed0-from10pct-20260826-rno2a,semantic_domain_ablation,include_mean,2.0595536127184464
h100-d512-mix-semantic-zero-c23-seed0-from10pct-20260826-rno2a,semantic_domain_ablation,include_portuguese,2.078679033286629
h100-d512-mix-semantic-zero-c23-seed0-from10pct-20260826-rno2a,semantic_domain_ablation,include_russian,2.073945457157804
h100-d512-mix-semantic-zero-c23-seed0-from10pct-20260826-rno2a,semantic_domain_ablation,include_spanish,2.0562799493150563
h100-d512-mix-semantic-zero-c23-seed0-from10pct-20260826-rno2a,semantic_domain_ablation,include_turkish,2.025744681969005
h100-d512-mix-semantic-zero-c23-seed0-from10pct-20260826-rno2a,semantic_domain_ablation,include_vietnamese,2.0950655015969466
h100-d512-mix-semantic-zero-c23-seed0-from10pct-20260826-rno2a,semantic_domain_ablation,lambada_0shot,0.8879669550399621
h100-d512-mix-semantic-zero-c23-seed0-from10pct-20260826-rno2a,semantic_domain_ablation,lb_bbh_3shot,1.9121542945970704
h100-d512-mix-semantic-zero-c23-seed0-from10pct-20260826-rno2a,semantic_domain_ablation,logprob_gsm8k_5shot,0.7540587463392514
h100-d512-mix-semantic-zero-c23-seed0-from10pct-20260826-rno2a,semantic_domain_ablation,logprob_humaneval_10shot,0.5299144209014232
h100-d512-mix-semantic-zero-c23-seed0-from10pct-20260826-rno2a,semantic_domain_ablation,medmcqa_0shot,2.8164537608097113
h100-d512-mix-semantic-zero-c23-seed0-from10pct-20260826-rno2a,semantic_domain_ablation,medqa_0shot,2.081764087953605
h100-d512-mix-semantic-zero-c23-seed0-from10pct-20260826-rno2a,semantic_domain_ablation,mmlu_pro_5shot,4.275047276623169
h100-d512-mix-semantic-zero-c23-seed0-from10pct-20260826-rno2a,semantic_domain_ablation,musr_0shot,0.8286213322864522
h100-d512-mix-semantic-zero-c23-seed0-from10pct-20260826-rno2a,semantic_domain_ablation,openbookqa_0shot,1.9900747188070302
h100-d512-mix-semantic-zero-c23-seed0-from10pct-20260826-rno2a,semantic_domain_ablation,piqa_0shot,1.2906735252803396
h100-d512-mix-semantic-zero-c23-seed0-from10pct-20260826-rno2a,semantic_domain_ablation,sciq_0shot,1.516380714822621
h100-d512-mix-semantic-zero-c23-seed0-from10pct-20260826-rno2a,semantic_domain_ablation,truthfulqa_mc1_0shot,0.7853963981384987
h100-d512-mix-semantic-zero-c23-seed0-from10pct-20260826-rno2a,semantic_domain_ablation,winogrande_0shot,0.44686462809011485
h100-d512-mix-semantic-zero-c24-seed0-from10pct-20260826-rno2a,semantic_domain_ablation,arc_challenge_0shot,1.4568710115520462
h100-d512-mix-semantic-zero-c24-seed0-from10pct-20260826-rno2a,semantic_domain_ablation,belebele_arabic,2.2202336867626866
h100-d512-mix-semantic-zero-c24-seed0-from10pct-20260826-rno2a,semantic_domain_ablation,belebele_bengali,2.2574500431411533
h100-d512-mix-semantic-zero-c24-seed0-from10pct-20260826-rno2a,semantic_domain_ablation,belebele_chinese_simplified,2.1081032335057763
h100-d512-mix-semantic-zero-c24-seed0-from10pct-20260826-rno2a,semantic_domain_ablation,belebele_french,2.1506994471190275
h100-d512-mix-semantic-zero-c24-seed0-from10pct-20260826-rno2a,semantic_domain_ablation,belebele_german,2.2356057790082664
h100-d512-mix-semantic-zero-c24-seed0-from10pct-20260826-rno2a,semantic_domain_ablation,belebele_hebrew,2.694799008797154
h100-d512-mix-semantic-zero-c24-seed0-from10pct-20260826-rno2a,semantic_domain_ablation,belebele_hindi,2.3588507768493523
h100-d512-mix-semantic-zero-c24-seed0-from10pct-20260826-rno2a,semantic_domain_ablation,belebele_indonesian,2.1210389118389803
h100-d512-mix-semantic-zero-c24-seed0-from10pct-20260826-rno2a,semantic_domain_ablation,belebele_japanese,2.245054518936456
h100-d512-mix-semantic-zero-c24-seed0-from10pct-20260826-rno2a,semantic_domain_ablation,belebele_korean,2.1519376033461164
h100-d512-mix-semantic-zero-c24-seed0-from10pct-20260826-rno2a,semantic_domain_ablation,belebele_mean,2.326581176964945
h100-d512-mix-semantic-zero-c24-seed0-from10pct-20260826-rno2a,semantic_domain_ablation,belebele_portuguese,2.1273719814829875
h100-d512-mix-semantic-zero-c24-seed0-from10pct-20260826-rno2a,semantic_domain_ablation,belebele_russian,2.121005525229158
h100-d512-mix-semantic-zero-c24-seed0-from10pct-20260826-rno2a,semantic_domain_ablation,belebele_spanish,2.1275069936922164
h100-d512-mix-semantic-zero-c24-seed0-from10pct-20260826-rno2a,semantic_domain_ablation,belebele_swahili,2.8768689693554417
h100-d512-mix-semantic-zero-c24-seed0-from10pct-20260826-rno2a,semantic_domain_ablation,belebele_thai,2.1130793987305685
h100-d512-mix-semantic-zero-c24-seed0-from10pct-20260826-rno2a,semantic_domain_ablation,belebele_turkish,2.512252077192185
h100-d512-mix-semantic-zero-c24-seed0-from10pct-20260826-rno2a,semantic_domain_ablation,belebele_vietnamese,2.3287806618288056
h100-d512-mix-semantic-zero-c24-seed0-from10pct-20260826-rno2a,semantic_domain_ablation,belebele_yoruba,3.1278225685526717
h100-d512-mix-semantic-zero-c24-seed0-from10pct-20260826-rno2a,semantic_domain_ablation,boolq_0shot,2.3586557767969727
h100-d512-mix-semantic-zero-c24-seed0-from10pct-20260826-rno2a,semantic_domain_ablation,copa_0shot,1.8610868139823635
h100-d512-mix-semantic-zero-c24-seed0-from10pct-20260826-rno2a,semantic_domain_ablation,csqa_0shot,5.04816079485665
h100-d512-mix-semantic-zero-c24-seed0-from10pct-20260826-rno2a,semantic_domain_ablation,gpqa_0shot,3.3272809259656295
h100-d512-mix-semantic-zero-c24-seed0-from10pct-20260826-rno2a,semantic_domain_ablation,hellaswag_0shot,0.9748451360949658
h100-d512-mix-semantic-zero-c24-seed0-from10pct-20260826-rno2a,semantic_domain_ablation,include_arabic,2.0799225827090506
h100-d512-mix-semantic-zero-c24-seed0-from10pct-20260826-rno2a,semantic_domain_ablation,include_bengali,2.07133341514303
h100-d512-mix-semantic-zero-c24-seed0-from10pct-20260826-rno2a,semantic_domain_ablation,include_chinese,2.057918477074286
h100-d512-mix-semantic-zero-c24-seed0-from10pct-20260826-rno2a,semantic_domain_ablation,include_french,2.0421982837853605
h100-d512-mix-semantic-zero-c24-seed0-from10pct-20260826-rno2a,semantic_domain_ablation,include_german,2.0130037677694217
h100-d512-mix-semantic-zero-c24-seed0-from10pct-20260826-rno2a,semantic_domain_ablation,include_hebrew,2.0385471549578913
h100-d512-mix-semantic-zero-c24-seed0-from10pct-20260826-rno2a,semantic_domain_ablation,include_hindi,2.078798395506867
h100-d512-mix-semantic-zero-c24-seed0-from10pct-20260826-rno2a,semantic_domain_ablation,include_indonesian,2.0855577606317275
h100-d512-mix-semantic-zero-c24-seed0-from10pct-20260826-rno2a,semantic_domain_ablation,include_japanese,2.0353976181867695
h100-d512-mix-semantic-zero-c24-seed0-from10pct-20260826-rno2a,semantic_domain_ablation,include_korean,2.0697298205995485
h100-d512-mix-semantic-zero-c24-seed0-from10pct-20260826-rno2a,semantic_domain_ablation,include_mean,2.0601562288123785
h100-d512-mix-semantic-zero-c24-seed0-from10pct-20260826-rno2a,semantic_domain_ablation,include_portuguese,2.069843671179849
h100-d512-mix-semantic-zero-c24-seed0-from10pct-20260826-rno2a,semantic_domain_ablation,include_russian,2.0277312313537856
h100-d512-mix-semantic-zero-c24-seed0-from10pct-20260826-rno2a,semantic_domain_ablation,include_spanish,2.090036123663136
h100-d512-mix-semantic-zero-c24-seed0-from10pct-20260826-rno2a,semantic_domain_ablation,include_turkish,2.0559115794138325
h100-d512-mix-semantic-zero-c24-seed0-from10pct-20260826-rno2a,semantic_domain_ablation,include_vietnamese,2.086413550211117
h100-d512-mix-semantic-zero-c24-seed0-from10pct-20260826-rno2a,semantic_domain_ablation,lambada_0shot,0.8853015132320827
h100-d512-mix-semantic-zero-c24-seed0-from10pct-20260826-rno2a,semantic_domain_ablation,lb_bbh_3shot,1.7214062000074932
h100-d512-mix-semantic-zero-c24-seed0-from10pct-20260826-rno2a,semantic_domain_ablation,logprob_gsm8k_5shot,0.7459755871668291
h100-d512-mix-semantic-zero-c24-seed0-from10pct-20260826-rno2a,semantic_domain_ablation,logprob_humaneval_10shot,0.535401082474467
h100-d512-mix-semantic-zero-c24-seed0-from10pct-20260826-rno2a,semantic_domain_ablation,medmcqa_0shot,2.8715557505129135
h100-d512-mix-semantic-zero-c24-seed0-from10pct-20260826-rno2a,semantic_domain_ablation,medqa_0shot,2.393893500211186
h100-d512-mix-semantic-zero-c24-seed0-from10pct-20260826-rno2a,semantic_domain_ablation,mmlu_pro_5shot,4.048803937428965
h100-d512-mix-semantic-zero-c24-seed0-from10pct-20260826-rno2a,semantic_domain_ablation,musr_0shot,0.9827442061386142
h100-d512-mix-semantic-zero-c24-seed0-from10pct-20260826-rno2a,semantic_domain_ablation,openbookqa_0shot,1.9613027503876532
h100-d512-mix-semantic-zero-c24-seed0-from10pct-20260826-rno2a,semantic_domain_ablation,piqa_0shot,1.3205643672827836
h100-d512-mix-semantic-zero-c24-seed0-from10pct-20260826-rno2a,semantic_domain_ablation,sciq_0shot,1.5511773118898073
h100-d512-mix-semantic-zero-c24-seed0-from10pct-20260826-rno2a,semantic_domain_ablation,truthfulqa_mc1_0shot,0.7648167152832879
h100-d512-mix-semantic-zero-c24-seed0-from10pct-20260826-rno2a,semantic_domain_ablation,winogrande_0shot,0.4500438000166487
h100-d512-mix-semantic-zero-c25-seed0-from10pct-20260826-rno2a,semantic_domain_ablation,arc_challenge_0shot,1.542345156334528
h100-d512-mix-semantic-zero-c25-seed0-from10pct-20260826-rno2a,semantic_domain_ablation,belebele_arabic,2.358044381729611
h100-d512-mix-semantic-zero-c25-seed0-from10pct-20260826-rno2a,semantic_domain_ablation,belebele_bengali,2.1453869660941836
h100-d512-mix-semantic-zero-c25-seed0-from10pct-20260826-rno2a,semantic_domain_ablation,belebele_chinese_simplified,2.3019618659241274
h100-d512-mix-semantic-zero-c25-seed0-from10pct-20260826-rno2a,semantic_domain_ablation,belebele_french,2.1696996155231423
h100-d512-mix-semantic-zero-c25-seed0-from10pct-20260826-rno2a,semantic_domain_ablation,belebele_german,2.218877271156387
h100-d512-mix-semantic-zero-c25-seed0-from10pct-20260826-rno2a,semantic_domain_ablation,belebele_hebrew,2.148347626599775
h100-d512-mix-semantic-zero-c25-seed0-from10pct-20260826-rno2a,semantic_domain_ablation,belebele_hindi,2.2010115135982486
h100-d512-mix-semantic-zero-c25-seed0-from10pct-20260826-rno2a,semantic_domain_ablation,belebele_indonesian,2.161349695873424
h100-d512-mix-semantic-zero-c25-seed0-from10pct-20260826-rno2a,semantic_domain_ablation,belebele_japanese,2.2669891525953383
h100-d512-mix-semantic-zero-c25-seed0-from10pct-20260826-rno2a,semantic_domain_ablation,belebele_korean,2.184758534527442
h100-d512-mix-semantic-zero-c25-seed0-from10pct-20260826-rno2a,semantic_domain_ablation,belebele_mean,2.2274790815118677
h100-d512-mix-semantic-zero-c25-seed0-from10pct-20260826-rno2a,semantic_domain_ablation,belebele_portuguese,2.1789185189832736
h100-d512-mix-semantic-zero-c25-seed0-from10pct-20260826-rno2a,semantic_domain_ablation,belebele_russian,2.118886135631799
h100-d512-mix-semantic-zero-c25-seed0-from10pct-20260826-rno2a,semantic_domain_ablation,belebele_spanish,2.173086011915004
h100-d512-mix-semantic-zero-c25-seed0-from10pct-20260826-rno2a,semantic_domain_ablation,belebele_swahili,2.2808755267538525
h100-d512-mix-semantic-zero-c25-seed0-from10pct-20260826-rno2a,semantic_domain_ablation,belebele_thai,2.1518127899947266
h100-d512-mix-semantic-zero-c25-seed0-from10pct-20260826-rno2a,semantic_domain_ablation,belebele_turkish,2.42990349459978
h100-d512-mix-semantic-zero-c25-seed0-from10pct-20260826-rno2a,semantic_domain_ablation,belebele_vietnamese,2.224626240422834
h100-d512-mix-semantic-zero-c25-seed0-from10pct-20260826-rno2a,semantic_domain_ablation,belebele_yoruba,2.3800881252906696
h100-d512-mix-semantic-zero-c25-seed0-from10pct-20260826-rno2a,semantic_domain_ablation,boolq_0shot,2.221484828133981
h100-d512-mix-semantic-zero-c25-seed0-from10pct-20260826-rno2a,semantic_domain_ablation,copa_0shot,1.8560768894565873
h100-d512-mix-semantic-zero-c25-seed0-from10pct-20260826-rno2a,semantic_domain_ablation,csqa_0shot,3.4090153296185295
h100-d512-mix-semantic-zero-c25-seed0-from10pct-20260826-rno2a,semantic_domain_ablation,gpqa_0shot,3.3073330994544867
h100-d512-mix-semantic-zero-c25-seed0-from10pct-20260826-rno2a,semantic_domain_ablation,hellaswag_0shot,0.9758342809250121
h100-d512-mix-semantic-zero-c25-seed0-from10pct-20260826-rno2a,semantic_domain_ablation,include_arabic,2.107129624141103
h100-d512-mix-semantic-zero-c25-seed0-from10pct-20260826-rno2a,semantic_domain_ablation,include_bengali,2.1009732436658823
h100-d512-mix-semantic-zero-c25-seed0-from10pct-20260826-rno2a,semantic_domain_ablation,include_chinese,2.0545320810882775
h100-d512-mix-semantic-zero-c25-seed0-from10pct-20260826-rno2a,semantic_domain_ablation,include_french,2.0465340006870045
h100-d512-mix-semantic-zero-c25-seed0-from10pct-20260826-rno2a,semantic_domain_ablation,include_german,1.9707417397373161
h100-d512-mix-semantic-zero-c25-seed0-from10pct-20260826-rno2a,semantic_domain_ablation,include_hebrew,2.0189259596683335
h100-d512-mix-semantic-zero-c25-seed0-from10pct-20260826-rno2a,semantic_domain_ablation,include_hindi,2.083349416763355
h100-d512-mix-semantic-zero-c25-seed0-from10pct-20260826-rno2a,semantic_domain_ablation,include_indonesian,2.076400027187802
h100-d512-mix-semantic-zero-c25-seed0-from10pct-20260826-rno2a,semantic_domain_ablation,include_japanese,2.0833539462526467
h100-d512-mix-semantic-zero-c25-seed0-from10pct-20260826-rno2a,semantic_domain_ablation,include_korean,2.0749062165109544
h100-d512-mix-semantic-zero-c25-seed0-from10pct-20260826-rno2a,semantic_domain_ablation,include_mean,2.0705359961372087
h100-d512-mix-semantic-zero-c25-seed0-from10pct-20260826-rno2a,semantic_domain_ablation,include_portuguese,2.0878668459008773
h100-d512-mix-semantic-zero-c25-seed0-from10pct-20260826-rno2a,semantic_domain_ablation,include_russian,2.0757631251261652
h100-d512-mix-semantic-zero-c25-seed0-from10pct-20260826-rno2a,semantic_domain_ablation,include_spanish,2.063514384826901
h100-d512-mix-semantic-zero-c25-seed0-from10pct-20260826-rno2a,semantic_domain_ablation,include_turkish,2.0868062504757052
h100-d512-mix-semantic-zero-c25-seed0-from10pct-20260826-rno2a,semantic_domain_ablation,include_vietnamese,2.1272430800258095
h100-d512-mix-semantic-zero-c25-seed0-from10pct-20260826-rno2a,semantic_domain_ablation,lambada_0shot,0.9669631391690632
h100-d512-mix-semantic-zero-c25-seed0-from10pct-20260826-rno2a,semantic_domain_ablation,lb_bbh_3shot,1.70934177701177
h100-d512-mix-semantic-zero-c25-seed0-from10pct-20260826-rno2a,semantic_domain_ablation,logprob_gsm8k_5shot,0.7660688206326126
h100-d512-mix-semantic-zero-c25-seed0-from10pct-20260826-rno2a,semantic_domain_ablation,logprob_humaneval_10shot,0.5242076742291236
h100-d512-mix-semantic-zero-c25-seed0-from10pct-20260826-rno2a,semantic_domain_ablation,medmcqa_0shot,2.9034850305273108
h100-d512-mix-semantic-zero-c25-seed0-from10pct-20260826-rno2a,semantic_domain_ablation,medqa_0shot,2.425176217480139
h100-d512-mix-semantic-zero-c25-seed0-from10pct-20260826-rno2a,semantic_domain_ablation,mmlu_pro_5shot,4.054195369793135
h100-d512-mix-semantic-zero-c25-seed0-from10pct-20260826-rno2a,semantic_domain_ablation,musr_0shot,0.8367076008534019
h100-d512-mix-semantic-zero-c25-seed0-from10pct-20260826-rno2a,semantic_domain_ablation,openbookqa_0shot,1.9667062657815335
h100-d512-mix-semantic-zero-c25-seed0-from10pct-20260826-rno2a,semantic_domain_ablation,piqa_0shot,1.2925808920617532
h100-d512-mix-semantic-zero-c25-seed0-from10pct-20260826-rno2a,semantic_domain_ablation,sciq_0shot,1.5958492890485165
h100-d512-mix-semantic-zero-c25-seed0-from10pct-20260826-rno2a,semantic_domain_ablation,truthfulqa_mc1_0shot,0.75363020728751
h100-d512-mix-semantic-zero-c25-seed0-from10pct-20260826-rno2a,semantic_domain_ablation,winogrande_0shot,0.448851016670488
h100-d512-mix-semantic-zero-c26-seed0-from10pct-20260826-rno2a,semantic_domain_ablation,arc_challenge_0shot,1.5171788524851888
h100-d512-mix-semantic-zero-c26-seed0-from10pct-20260826-rno2a,semantic_domain_ablation,belebele_arabic,2.1235381837859633
h100-d512-mix-semantic-zero-c26-seed0-from10pct-20260826-rno2a,semantic_domain_ablation,belebele_bengali,2.255618468420933
h100-d512-mix-semantic-zero-c26-seed0-from10pct-20260826-rno2a,semantic_domain_ablation,belebele_chinese_simplified,2.070238154555327
h100-d512-mix-semantic-zero-c26-seed0-from10pct-20260826-rno2a,semantic_domain_ablation,belebele_french,2.0961174530939215
h100-d512-mix-semantic-zero-c26-seed0-from10pct-20260826-rno2a,semantic_domain_ablation,belebele_german,2.108215560725626
h100-d512-mix-semantic-zero-c26-seed0-from10pct-20260826-rno2a,semantic_domain_ablation,belebele_hebrew,2.1500981872680214
h100-d512-mix-semantic-zero-c26-seed0-from10pct-20260826-rno2a,semantic_domain_ablation,belebele_hindi,2.2473659017482897
h100-d512-mix-semantic-zero-c26-seed0-from10pct-20260826-rno2a,semantic_domain_ablation,belebele_indonesian,2.052761068042453
h100-d512-mix-semantic-zero-c26-seed0-from10pct-20260826-rno2a,semantic_domain_ablation,belebele_japanese,2.092329432592353
h100-d512-mix-semantic-zero-c26-seed0-from10pct-20260826-rno2a,semantic_domain_ablation,belebele_korean,2.0742593146428616
h100-d512-mix-semantic-zero-c26-seed0-from10pct-20260826-rno2a,semantic_domain_ablation,belebele_mean,2.158864703226603
h100-d512-mix-semantic-zero-c26-seed0-from10pct-20260826-rno2a,semantic_domain_ablation,belebele_portuguese,2.058449544800104
h100-d512-mix-semantic-zero-c26-seed0-from10pct-20260826-rno2a,semantic_domain_ablation,belebele_russian,2.070607209450526
h100-d512-mix-semantic-zero-c26-seed0-from10pct-20260826-rno2a,semantic_domain_ablation,belebele_spanish,2.0561962062284858
h100-d512-mix-semantic-zero-c26-seed0-from10pct-20260826-rno2a,semantic_domain_ablation,belebele_swahili,2.374382478358432
h100-d512-mix-semantic-zero-c26-seed0-from10pct-20260826-rno2a,semantic_domain_ablation,belebele_thai,2.100954327658861
h100-d512-mix-semantic-zero-c26-seed0-from10pct-20260826-rno2a,semantic_domain_ablation,belebele_turkish,2.211890437364533
h100-d512-mix-semantic-zero-c26-seed0-from10pct-20260826-rno2a,semantic_domain_ablation,belebele_vietnamese,2.0940712296935353
h100-d512-mix-semantic-zero-c26-seed0-from10pct-20260826-rno2a,semantic_domain_ablation,belebele_yoruba,2.6224714996486282
h100-d512-mix-semantic-zero-c26-seed0-from10pct-20260826-rno2a,semantic_domain_ablation,boolq_0shot,2.1188757245743743
h100-d512-mix-semantic-zero-c26-seed0-from10pct-20260826-rno2a,semantic_domain_ablation,copa_0shot,1.8206927895396774
h100-d512-mix-semantic-zero-c26-seed0-from10pct-20260826-rno2a,semantic_domain_ablation,csqa_0shot,3.1459648406378085
h100-d512-mix-semantic-zero-c26-seed0-from10pct-20260826-rno2a,semantic_domain_ablation,gpqa_0shot,3.3784620988131
h100-d512-mix-semantic-zero-c26-seed0-from10pct-20260826-rno2a,semantic_domain_ablation,hellaswag_0shot,0.9685791421716944
h100-d512-mix-semantic-zero-c26-seed0-from10pct-20260826-rno2a,semantic_domain_ablation,include_arabic,2.1340565947860703
h100-d512-mix-semantic-zero-c26-seed0-from10pct-20260826-rno2a,semantic_domain_ablation,include_bengali,2.0497525646526227
h100-d512-mix-semantic-zero-c26-seed0-from10pct-20260826-rno2a,semantic_domain_ablation,include_chinese,2.0748389368490243
h100-d512-mix-semantic-zero-c26-seed0-from10pct-20260826-rno2a,semantic_domain_ablation,include_french,2.0713154424118567
h100-d512-mix-semantic-zero-c26-seed0-from10pct-20260826-rno2a,semantic_domain_ablation,include_german,2.045405109268688
h100-d512-mix-semantic-zero-c26-seed0-from10pct-20260826-rno2a,semantic_domain_ablation,include_hebrew,2.1589988489583782
h100-d512-mix-semantic-zero-c26-seed0-from10pct-20260826-rno2a,semantic_domain_ablation,include_hindi,2.162792485313364
h100-d512-mix-semantic-zero-c26-seed0-from10pct-20260826-rno2a,semantic_domain_ablation,include_indonesian,2.086932730812151
h100-d512-mix-semantic-zero-c26-seed0-from10pct-20260826-rno2a,semantic_domain_ablation,include_japanese,2.068838549416209
h100-d512-mix-semantic-zero-c26-seed0-from10pct-20260826-rno2a,semantic_domain_ablation,include_korean,2.1019520853900264
h100-d512-mix-semantic-zero-c26-seed0-from10pct-20260826-rno2a,semantic_domain_ablation,include_mean,2.093399160933248
h100-d512-mix-semantic-zero-c26-seed0-from10pct-20260826-rno2a,semantic_domain_ablation,include_portuguese,2.1153519509523333
h100-d512-mix-semantic-zero-c26-seed0-from10pct-20260826-rno2a,semantic_domain_ablation,include_russian,2.0707982648444383
h100-d512-mix-semantic-zero-c26-seed0-from10pct-20260826-rno2a,semantic_domain_ablation,include_spanish,2.084223935268001
h100-d512-mix-semantic-zero-c26-seed0-from10pct-20260826-rno2a,semantic_domain_ablation,include_turkish,2.0686140342550225
h100-d512-mix-semantic-zero-c26-seed0-from10pct-20260826-rno2a,semantic_domain_ablation,include_vietnamese,2.1071158808205346
h100-d512-mix-semantic-zero-c26-seed0-from10pct-20260826-rno2a,semantic_domain_ablation,lambada_0shot,0.8846134268090222
h100-d512-mix-semantic-zero-c26-seed0-from10pct-20260826-rno2a,semantic_domain_ablation,lb_bbh_3shot,1.7718935955308754
h100-d512-mix-semantic-zero-c26-seed0-from10pct-20260826-rno2a,semantic_domain_ablation,logprob_gsm8k_5shot,0.7605332384049879
h100-d512-mix-semantic-zero-c26-seed0-from10pct-20260826-rno2a,semantic_domain_ablation,logprob_humaneval_10shot,0.5318760657894911
h100-d512-mix-semantic-zero-c26-seed0-from10pct-20260826-rno2a,semantic_domain_ablation,medmcqa_0shot,2.628955280272887
h100-d512-mix-semantic-zero-c26-seed0-from10pct-20260826-rno2a,semantic_domain_ablation,medqa_0shot,2.294596615135328
h100-d512-mix-semantic-zero-c26-seed0-from10pct-20260826-rno2a,semantic_domain_ablation,mmlu_pro_5shot,3.898008723587133
h100-d512-mix-semantic-zero-c26-seed0-from10pct-20260826-rno2a,semantic_domain_ablation,musr_0shot,0.8934245103963143
h100-d512-mix-semantic-zero-c26-seed0-from10pct-20260826-rno2a,semantic_domain_ablation,openbookqa_0shot,1.9896270483753318
h100-d512-mix-semantic-zero-c26-seed0-from10pct-20260826-rno2a,semantic_domain_ablation,piqa_0shot,1.2942679456747204
h100-d512-mix-semantic-zero-c26-seed0-from10pct-20260826-rno2a,semantic_domain_ablation,sciq_0shot,1.6099342322266945
h100-d512-mix-semantic-zero-c26-seed0-from10pct-20260826-rno2a,semantic_domain_ablation,truthfulqa_mc1_0shot,0.7464026853473542
h100-d512-mix-semantic-zero-c26-seed0-from10pct-20260826-rno2a,semantic_domain_ablation,winogrande_0shot,0.4489771553951629
h100-d512-mix-semantic-zero-c27-seed0-from10pct-20260826-rno2a,semantic_domain_ablation,arc_challenge_0shot,1.5090821153833096
h100-d512-mix-semantic-zero-c27-seed0-from10pct-20260826-rno2a,semantic_domain_ablation,belebele_arabic,3.465823800972759
h100-d512-mix-semantic-zero-c27-seed0-from10pct-20260826-rno2a,semantic_domain_ablation,belebele_bengali,2.8204040119073994
h100-d512-mix-semantic-zero-c27-seed0-from10pct-20260826-rno2a,semantic_domain_ablation,belebele_chinese_simplified,3.5372998572668544
h100-d512-mix-semantic-zero-c27-seed0-from10pct-20260826-rno2a,semantic_domain_ablation,belebele_french,2.4164274054061807
h100-d512-mix-semantic-zero-c27-seed0-from10pct-20260826-rno2a,semantic_domain_ablation,belebele_german,2.597926458376048
h100-d512-mix-semantic-zero-c27-seed0-from10pct-20260826-rno2a,semantic_domain_ablation,belebele_hebrew,3.225300387262647
h100-d512-mix-semantic-zero-c27-seed0-from10pct-20260826-rno2a,semantic_domain_ablation,belebele_hindi,3.2892605224333114
h100-d512-mix-semantic-zero-c27-seed0-from10pct-20260826-rno2a,semantic_domain_ablation,belebele_indonesian,2.264217582905892
h100-d512-mix-semantic-zero-c27-seed0-from10pct-20260826-rno2a,semantic_domain_ablation,belebele_japanese,3.2041079510395956
h100-d512-mix-semantic-zero-c27-seed0-from10pct-20260826-rno2a,semantic_domain_ablation,belebele_korean,2.8137682320644086
h100-d512-mix-semantic-zero-c27-seed0-from10pct-20260826-rno2a,semantic_domain_ablation,belebele_mean,2.9934442938832384
h100-d512-mix-semantic-zero-c27-seed0-from10pct-20260826-rno2a,semantic_domain_ablation,belebele_portuguese,2.222049947192213
h100-d512-mix-semantic-zero-c27-seed0-from10pct-20260826-rno2a,semantic_domain_ablation,belebele_russian,2.9924611471186573
h100-d512-mix-semantic-zero-c27-seed0-from10pct-20260826-rno2a,semantic_domain_ablation,belebele_spanish,2.2940055511197435
h100-d512-mix-semantic-zero-c27-seed0-from10pct-20260826-rno2a,semantic_domain_ablation,belebele_swahili,3.781997882584745
h100-d512-mix-semantic-zero-c27-seed0-from10pct-20260826-rno2a,semantic_domain_ablation,belebele_thai,2.7595708225856965
h100-d512-mix-semantic-zero-c27-seed0-from10pct-20260826-rno2a,semantic_domain_ablation,belebele_turkish,3.5206246588772587
h100-d512-mix-semantic-zero-c27-seed0-from10pct-20260826-rno2a,semantic_domain_ablation,belebele_vietnamese,2.8575208225299873
h100-d512-mix-semantic-zero-c27-seed0-from10pct-20260826-rno2a,semantic_domain_ablation,belebele_yoruba,3.8192302482548994
h100-d512-mix-semantic-zero-c27-seed0-from10pct-20260826-rno2a,semantic_domain_ablation,boolq_0shot,2.3312520852264615
h100-d512-mix-semantic-zero-c27-seed0-from10pct-20260826-rno2a,semantic_domain_ablation,copa_0shot,1.8531354195956322
h100-d512-mix-semantic-zero-c27-seed0-from10pct-20260826-rno2a,semantic_domain_ablation,csqa_0shot,3.1720289165235322
h100-d512-mix-semantic-zero-c27-seed0-from10pct-20260826-rno2a,semantic_domain_ablation,gpqa_0shot,3.821744256964314
h100-d512-mix-semantic-zero-c27-seed0-from10pct-20260826-rno2a,semantic_domain_ablation,hellaswag_0shot,0.9710276467126873
h100-d512-mix-semantic-zero-c27-seed0-from10pct-20260826-rno2a,semantic_domain_ablation,include_arabic,2.087581818848966
h100-d512-mix-semantic-zero-c27-seed0-from10pct-20260826-rno2a,semantic_domain_ablation,include_bengali,2.1818781337102093
h100-d512-mix-semantic-zero-c27-seed0-from10pct-20260826-rno2a,semantic_domain_ablation,include_chinese,2.074303119535664
h100-d512-mix-semantic-zero-c27-seed0-from10pct-20260826-rno2a,semantic_domain_ablation,include_french,2.0422456812188354
h100-d512-mix-semantic-zero-c27-seed0-from10pct-20260826-rno2a,semantic_domain_ablation,include_german,2.0864035578751268
h100-d512-mix-semantic-zero-c27-seed0-from10pct-20260826-rno2a,semantic_domain_ablation,include_hebrew,2.094870344752924
h100-d512-mix-semantic-zero-c27-seed0-from10pct-20260826-rno2a,semantic_domain_ablation,include_hindi,2.0989215596324344
h100-d512-mix-semantic-zero-c27-seed0-from10pct-20260826-rno2a,semantic_domain_ablation,include_indonesian,2.066805064752154
h100-d512-mix-semantic-zero-c27-seed0-from10pct-20260826-rno2a,semantic_domain_ablation,include_japanese,2.0672299067734943
h100-d512-mix-semantic-zero-c27-seed0-from10pct-20260826-rno2a,semantic_domain_ablation,include_korean,2.0782670786004234
h100-d512-mix-semantic-zero-c27-seed0-from10pct-20260826-rno2a,semantic_domain_ablation,include_mean,2.0874685456087176
h100-d512-mix-semantic-zero-c27-seed0-from10pct-20260826-rno2a,semantic_domain_ablation,include_portuguese,2.0562604690856396
h100-d512-mix-semantic-zero-c27-seed0-from10pct-20260826-rno2a,semantic_domain_ablation,include_russian,2.101152449986063
h100-d512-mix-semantic-zero-c27-seed0-from10pct-20260826-rno2a,semantic_domain_ablation,include_spanish,2.0738047653652276
h100-d512-mix-semantic-zero-c27-seed0-from10pct-20260826-rno2a,semantic_domain_ablation,include_turkish,2.078867033095713
h100-d512-mix-semantic-zero-c27-seed0-from10pct-20260826-rno2a,semantic_domain_ablation,include_vietnamese,2.12343720089789
h100-d512-mix-semantic-zero-c27-seed0-from10pct-20260826-rno2a,semantic_domain_ablation,lambada_0shot,0.8825697049896394
h100-d512-mix-semantic-zero-c27-seed0-from10pct-20260826-rno2a,semantic_domain_ablation,lb_bbh_3shot,1.6426483625313881
h100-d512-mix-semantic-zero-c27-seed0-from10pct-20260826-rno2a,semantic_domain_ablation,logprob_gsm8k_5shot,0.7758641918910725
h100-d512-mix-semantic-zero-c27-seed0-from10pct-20260826-rno2a,semantic_domain_ablation,logprob_humaneval_10shot,0.5188627064902104
h100-d512-mix-semantic-zero-c27-seed0-from10pct-20260826-rno2a,semantic_domain_ablation,medmcqa_0shot,2.275031052408986
h100-d512-mix-semantic-zero-c27-seed0-from10pct-20260826-rno2a,semantic_domain_ablation,medqa_0shot,2.246203626629366
h100-d512-mix-semantic-zero-c27-seed0-from10pct-20260826-rno2a,semantic_domain_ablation,mmlu_pro_5shot,3.7863842556216194
h100-d512-mix-semantic-zero-c27-seed0-from10pct-20260826-rno2a,semantic_domain_ablation,musr_0shot,0.865347302501849
h100-d512-mix-semantic-zero-c27-seed0-from10pct-20260826-rno2a,semantic_domain_ablation,openbookqa_0shot,1.9669450340693695
h100-d512-mix-semantic-zero-c27-seed0-from10pct-20260826-rno2a,semantic_domain_ablation,piqa_0shot,1.2893704571132254
h100-d512-mix-semantic-zero-c27-seed0-from10pct-20260826-rno2a,semantic_domain_ablation,sciq_0shot,1.5715602620558202
h100-d512-mix-semantic-zero-c27-seed0-from10pct-20260826-rno2a,semantic_domain_ablation,truthfulqa_mc1_0shot,0.7725813026745424
h100-d512-mix-semantic-zero-c27-seed0-from10pct-20260826-rno2a,semantic_domain_ablation,winogrande_0shot,0.4515150166097557
h100-d512-mix-semantic-zero-c28-seed0-from10pct-20260826-rno2a,semantic_domain_ablation,arc_challenge_0shot,1.521470844645143
h100-d512-mix-semantic-zero-c28-seed0-from10pct-20260826-rno2a,semantic_domain_ablation,belebele_arabic,2.05064695210199
h100-d512-mix-semantic-zero-c28-seed0-from10pct-20260826-rno2a,semantic_domain_ablation,belebele_bengali,2.097516412812931
h100-d512-mix-semantic-zero-c28-seed0-from10pct-20260826-rno2a,semantic_domain_ablation,belebele_chinese_simplified,2.040799882200672
h100-d512-mix-semantic-zero-c28-seed0-from10pct-20260826-rno2a,semantic_domain_ablation,belebele_french,2.062137958109771
h100-d512-mix-semantic-zero-c28-seed0-from10pct-20260826-rno2a,semantic_domain_ablation,belebele_german,2.053387778746042
h100-d512-mix-semantic-zero-c28-seed0-from10pct-20260826-rno2a,semantic_domain_ablation,belebele_hebrew,2.0369212914311436
h100-d512-mix-semantic-zero-c28-seed0-from10pct-20260826-rno2a,semantic_domain_ablation,belebele_hindi,2.084847933700955
h100-d512-mix-semantic-zero-c28-seed0-from10pct-20260826-rno2a,semantic_domain_ablation,belebele_indonesian,2.0321730510872467
h100-d512-mix-semantic-zero-c28-seed0-from10pct-20260826-rno2a,semantic_domain_ablation,belebele_japanese,2.064684714848843
h100-d512-mix-semantic-zero-c28-seed0-from10pct-20260826-rno2a,semantic_domain_ablation,belebele_korean,2.0390334611968184
h100-d512-mix-semantic-zero-c28-seed0-from10pct-20260826-rno2a,semantic_domain_ablation,belebele_mean,2.069636441094774
h100-d512-mix-semantic-zero-c28-seed0-from10pct-20260826-rno2a,semantic_domain_ablation,belebele_portuguese,2.04716367597198
h100-d512-mix-semantic-zero-c28-seed0-from10pct-20260826-rno2a,semantic_domain_ablation,belebele_russian,2.0508402011720026
h100-d512-mix-semantic-zero-c28-seed0-from10pct-20260826-rno2a,semantic_domain_ablation,belebele_spanish,2.057579383386262
h100-d512-mix-semantic-zero-c28-seed0-from10pct-20260826-rno2a,semantic_domain_ablation,belebele_swahili,2.1062393415256317
h100-d512-mix-semantic-zero-c28-seed0-from10pct-20260826-rno2a,semantic_domain_ablation,belebele_thai,2.016286151898423
h100-d512-mix-semantic-zero-c28-seed0-from10pct-20260826-rno2a,semantic_domain_ablation,belebele_turkish,2.128623967312765
h100-d512-mix-semantic-zero-c28-seed0-from10pct-20260826-rno2a,semantic_domain_ablation,belebele_vietnamese,2.11630818229087
h100-d512-mix-semantic-zero-c28-seed0-from10pct-20260826-rno2a,semantic_domain_ablation,belebele_yoruba,2.168265599911585
h100-d512-mix-semantic-zero-c28-seed0-from10pct-20260826-rno2a,semantic_domain_ablation,boolq_0shot,2.2265127624517005
h100-d512-mix-semantic-zero-c28-seed0-from10pct-20260826-rno2a,semantic_domain_ablation,copa_0shot,1.809198130224991
h100-d512-mix-semantic-zero-c28-seed0-from10pct-20260826-rno2a,semantic_domain_ablation,csqa_0shot,3.0995874690432292
h100-d512-mix-semantic-zero-c28-seed0-from10pct-20260826-rno2a,semantic_domain_ablation,gpqa_0shot,2.799774224676128
h100-d512-mix-semantic-zero-c28-seed0-from10pct-20260826-rno2a,semantic_domain_ablation,hellaswag_0shot,0.9646144851482429
h100-d512-mix-semantic-zero-c28-seed0-from10pct-20260826-rno2a,semantic_domain_ablation,include_arabic,2.0201075026211104
h100-d512-mix-semantic-zero-c28-seed0-from10pct-20260826-rno2a,semantic_domain_ablation,include_bengali,2.0490239814931552
h100-d512-mix-semantic-zero-c28-seed0-from10pct-20260826-rno2a,semantic_domain_ablation,include_chinese,2.0366377840689958
h100-d512-mix-semantic-zero-c28-seed0-from10pct-20260826-rno2a,semantic_domain_ablation,include_french,2.050668665765192
h100-d512-mix-semantic-zero-c28-seed0-from10pct-20260826-rno2a,semantic_domain_ablation,include_german,2.0530485416446953
h100-d512-mix-semantic-zero-c28-seed0-from10pct-20260826-rno2a,semantic_domain_ablation,include_hebrew,2.0993385930155912
h100-d512-mix-semantic-zero-c28-seed0-from10pct-20260826-rno2a,semantic_domain_ablation,include_hindi,2.0389474813089477
h100-d512-mix-semantic-zero-c28-seed0-from10pct-20260826-rno2a,semantic_domain_ablation,include_indonesian,2.035049201854515
h100-d512-mix-semantic-zero-c28-seed0-from10pct-20260826-rno2a,semantic_domain_ablation,include_japanese,2.0407813558805246
h100-d512-mix-semantic-zero-c28-seed0-from10pct-20260826-rno2a,semantic_domain_ablation,include_korean,2.0448103615540956
h100-d512-mix-semantic-zero-c28-seed0-from10pct-20260826-rno2a,semantic_domain_ablation,include_mean,2.0528297314636617
h100-d512-mix-semantic-zero-c28-seed0-from10pct-20260826-rno2a,semantic_domain_ablation,include_portuguese,2.0916075586061353
h100-d512-mix-semantic-zero-c28-seed0-from10pct-20260826-rno2a,semantic_domain_ablation,include_russian,2.083520563671286
h100-d512-mix-semantic-zero-c28-seed0-from10pct-20260826-rno2a,semantic_domain_ablation,include_spanish,2.0444278901654847
h100-d512-mix-semantic-zero-c28-seed0-from10pct-20260826-rno2a,semantic_domain_ablation,include_turkish,2.048230819946718
h100-d512-mix-semantic-zero-c28-seed0-from10pct-20260826-rno2a,semantic_domain_ablation,include_vietnamese,2.0562456703584777
h100-d512-mix-semantic-zero-c28-seed0-from10pct-20260826-rno2a,semantic_domain_ablation,lambada_0shot,0.8750154094039438
h100-d512-mix-semantic-zero-c28-seed0-from10pct-20260826-rno2a,semantic_domain_ablation,lb_bbh_3shot,1.6862812458150838
h100-d512-mix-semantic-zero-c28-seed0-from10pct-20260826-rno2a,semantic_domain_ablation,logprob_gsm8k_5shot,0.7727915131589256
h100-d512-mix-semantic-zero-c28-seed0-from10pct-20260826-rno2a,semantic_domain_ablation,logprob_humaneval_10shot,0.5566880546163526
h100-d512-mix-semantic-zero-c28-seed0-from10pct-20260826-rno2a,semantic_domain_ablation,medmcqa_0shot,2.779746550207499
h100-d512-mix-semantic-zero-c28-seed0-from10pct-20260826-rno2a,semantic_domain_ablation,medqa_0shot,2.473410515175862
h100-d512-mix-semantic-zero-c28-seed0-from10pct-20260826-rno2a,semantic_domain_ablation,mmlu_pro_5shot,3.893601855042674
h100-d512-mix-semantic-zero-c28-seed0-from10pct-20260826-rno2a,semantic_domain_ablation,musr_0shot,0.8674837301826852
h100-d512-mix-semantic-zero-c28-seed0-from10pct-20260826-rno2a,semantic_domain_ablation,openbookqa_0shot,1.9542036746834606
h100-d512-mix-semantic-zero-c28-seed0-from10pct-20260826-rno2a,semantic_domain_ablation,piqa_0shot,1.2751797310192554
h100-d512-mix-semantic-zero-c28-seed0-from10pct-20260826-rno2a,semantic_domain_ablation,sciq_0shot,1.6612755601242084
h100-d512-mix-semantic-zero-c28-seed0-from10pct-20260826-rno2a,semantic_domain_ablation,truthfulqa_mc1_0shot,0.7509663510410138
h100-d512-mix-semantic-zero-c28-seed0-from10pct-20260826-rno2a,semantic_domain_ablation,winogrande_0shot,0.44545109972839503
h100-d512-mix-semantic-zero-c29-seed0-from10pct-20260826-rno2a,semantic_domain_ablation,arc_challenge_0shot,1.468899817244336
h100-d512-mix-semantic-zero-c29-seed0-from10pct-20260826-rno2a,semantic_domain_ablation,belebele_arabic,2.1632992194486227
h100-d512-mix-semantic-zero-c29-seed0-from10pct-20260826-rno2a,semantic_domain_ablation,belebele_bengali,2.1735149185880758
h100-d512-mix-semantic-zero-c29-seed0-from10pct-20260826-rno2a,semantic_domain_ablation,belebele_chinese_simplified,2.0996938642309484
h100-d512-mix-semantic-zero-c29-seed0-from10pct-20260826-rno2a,semantic_domain_ablation,belebele_french,2.0870409926400844
h100-d512-mix-semantic-zero-c29-seed0-from10pct-20260826-rno2a,semantic_domain_ablation,belebele_german,2.103711544631723
h100-d512-mix-semantic-zero-c29-seed0-from10pct-20260826-rno2a,semantic_domain_ablation,belebele_hebrew,2.1125853099639986
h100-d512-mix-semantic-zero-c29-seed0-from10pct-20260826-rno2a,semantic_domain_ablation,belebele_hindi,2.1563350997876536
h100-d512-mix-semantic-zero-c29-seed0-from10pct-20260826-rno2a,semantic_domain_ablation,belebele_indonesian,2.1376538883058167
h100-d512-mix-semantic-zero-c29-seed0-from10pct-20260826-rno2a,semantic_domain_ablation,belebele_japanese,2.133538393441182
h100-d512-mix-semantic-zero-c29-seed0-from10pct-20260826-rno2a,semantic_domain_ablation,belebele_korean,2.1027879342585565
h100-d512-mix-semantic-zero-c29-seed0-from10pct-20260826-rno2a,semantic_domain_ablation,belebele_mean,2.137506997679542
h100-d512-mix-semantic-zero-c29-seed0-from10pct-20260826-rno2a,semantic_domain_ablation,belebele_portuguese,2.078917512896621
h100-d512-mix-semantic-zero-c29-seed0-from10pct-20260826-rno2a,semantic_domain_ablation,belebele_russian,2.1120996912474332
h100-d512-mix-semantic-zero-c29-seed0-from10pct-20260826-rno2a,semantic_domain_ablation,belebele_spanish,2.088918183847529
h100-d512-mix-semantic-zero-c29-seed0-from10pct-20260826-rno2a,semantic_domain_ablation,belebele_swahili,2.1542206303272993
h100-d512-mix-semantic-zero-c29-seed0-from10pct-20260826-rno2a,semantic_domain_ablation,belebele_thai,2.1041407984231166
h100-d512-mix-semantic-zero-c29-seed0-from10pct-20260826-rno2a,semantic_domain_ablation,belebele_turkish,2.283685306784301
h100-d512-mix-semantic-zero-c29-seed0-from10pct-20260826-rno2a,semantic_domain_ablation,belebele_vietnamese,2.174406703380612
h100-d512-mix-semantic-zero-c29-seed0-from10pct-20260826-rno2a,semantic_domain_ablation,belebele_yoruba,2.2085759660281843
h100-d512-mix-semantic-zero-c29-seed0-from10pct-20260826-rno2a,semantic_domain_ablation,boolq_0shot,2.0612952082401423
h100-d512-mix-semantic-zero-c29-seed0-from10pct-20260826-rno2a,semantic_domain_ablation,copa_0shot,1.8428245204351317
h100-d512-mix-semantic-zero-c29-seed0-from10pct-20260826-rno2a,semantic_domain_ablation,csqa_0shot,3.6268397436610935
h100-d512-mix-semantic-zero-c29-seed0-from10pct-20260826-rno2a,semantic_domain_ablation,gpqa_0shot,2.490706297478464
h100-d512-mix-semantic-zero-c29-seed0-from10pct-20260826-rno2a,semantic_domain_ablation,hellaswag_0shot,0.970855637036365
h100-d512-mix-semantic-zero-c29-seed0-from10pct-20260826-rno2a,semantic_domain_ablation,include_arabic,2.091365929748693
h100-d512-mix-semantic-zero-c29-seed0-from10pct-20260826-rno2a,semantic_domain_ablation,include_bengali,2.0564229131786025
h100-d512-mix-semantic-zero-c29-seed0-from10pct-20260826-rno2a,semantic_domain_ablation,include_chinese,2.0434676009123556
h100-d512-mix-semantic-zero-c29-seed0-from10pct-20260826-rno2a,semantic_domain_ablation,include_french,2.0305955865056524
h100-d512-mix-semantic-zero-c29-seed0-from10pct-20260826-rno2a,semantic_domain_ablation,include_german,2.0250423293811872
h100-d512-mix-semantic-zero-c29-seed0-from10pct-20260826-rno2a,semantic_domain_ablation,include_hebrew,2.0388988114801108
h100-d512-mix-semantic-zero-c29-seed0-from10pct-20260826-rno2a,semantic_domain_ablation,include_hindi,2.059679034376353
h100-d512-mix-semantic-zero-c29-seed0-from10pct-20260826-rno2a,semantic_domain_ablation,include_indonesian,2.058392132352927
h100-d512-mix-semantic-zero-c29-seed0-from10pct-20260826-rno2a,semantic_domain_ablation,include_japanese,2.0371457584978607
h100-d512-mix-semantic-zero-c29-seed0-from10pct-20260826-rno2a,semantic_domain_ablation,include_korean,2.045769176011528
h100-d512-mix-semantic-zero-c29-seed0-from10pct-20260826-rno2a,semantic_domain_ablation,include_mean,2.055253457816133
h100-d512-mix-semantic-zero-c29-seed0-from10pct-20260826-rno2a,semantic_domain_ablation,include_portuguese,2.076510797286366
h100-d512-mix-semantic-zero-c29-seed0-from10pct-20260826-rno2a,semantic_domain_ablation,include_russian,2.064171556770566
h100-d512-mix-semantic-zero-c29-seed0-from10pct-20260826-rno2a,semantic_domain_ablation,include_spanish,2.034759151081312
h100-d512-mix-semantic-zero-c29-seed0-from10pct-20260826-rno2a,semantic_domain_ablation,include_turkish,2.077019887799268
h100-d512-mix-semantic-zero-c29-seed0-from10pct-20260826-rno2a,semantic_domain_ablation,include_vietnamese,2.0895612018592145
h100-d512-mix-semantic-zero-c29-seed0-from10pct-20260826-rno2a,semantic_domain_ablation,lambada_0shot,0.8853557879608285
h100-d512-mix-semantic-zero-c29-seed0-from10pct-20260826-rno2a,semantic_domain_ablation,lb_bbh_3shot,1.6739885238113308
h100-d512-mix-semantic-zero-c29-seed0-from10pct-20260826-rno2a,semantic_domain_ablation,logprob_gsm8k_5shot,0.7690923420059725
h100-d512-mix-semantic-zero-c29-seed0-from10pct-20260826-rno2a,semantic_domain_ablation,logprob_humaneval_10shot,0.5220305492525177
h100-d512-mix-semantic-zero-c29-seed0-from10pct-20260826-rno2a,semantic_domain_ablation,medmcqa_0shot,3.204723459363888
h100-d512-mix-semantic-zero-c29-seed0-from10pct-20260826-rno2a,semantic_domain_ablation,medqa_0shot,2.5956100733116885
h100-d512-mix-semantic-zero-c29-seed0-from10pct-20260826-rno2a,semantic_domain_ablation,mmlu_pro_5shot,3.8465860988850924
h100-d512-mix-semantic-zero-c29-seed0-from10pct-20260826-rno2a,semantic_domain_ablation,musr_0shot,0.8200773839954754
h100-d512-mix-semantic-zero-c29-seed0-from10pct-20260826-rno2a,semantic_domain_ablation,openbookqa_0shot,1.9931946579970754
h100-d512-mix-semantic-zero-c29-seed0-from10pct-20260826-rno2a,semantic_domain_ablation,piqa_0shot,1.291882609513467
h100-d512-mix-semantic-zero-c29-seed0-from10pct-20260826-rno2a,semantic_domain_ablation,sciq_0shot,1.4662135414906772
h100-d512-mix-semantic-zero-c29-seed0-from10pct-20260826-rno2a,semantic_domain_ablation,truthfulqa_mc1_0shot,0.7651550547063104
h100-d512-mix-semantic-zero-c29-seed0-from10pct-20260826-rno2a,semantic_domain_ablation,winogrande_0shot,0.4487184654838495
h100-d512-mix-semantic-zero-c30-seed0-from10pct-20260826-rno2a,semantic_domain_ablation,arc_challenge_0shot,1.5363581371238801
h100-d512-mix-semantic-zero-c30-seed0-from10pct-20260826-rno2a,semantic_domain_ablation,belebele_arabic,2.068951925068845
h100-d512-mix-semantic-zero-c30-seed0-from10pct-20260826-rno2a,semantic_domain_ablation,belebele_bengali,2.0863011993306255
h100-d512-mix-semantic-zero-c30-seed0-from10pct-20260826-rno2a,semantic_domain_ablation,belebele_chinese_simplified,2.060376604861357
h100-d512-mix-semantic-zero-c30-seed0-from10pct-20260826-rno2a,semantic_domain_ablation,belebele_french,2.0684203080635735
h100-d512-mix-semantic-zero-c30-seed0-from10pct-20260826-rno2a,semantic_domain_ablation,belebele_german,2.041558867054151
h100-d512-mix-semantic-zero-c30-seed0-from10pct-20260826-rno2a,semantic_domain_ablation,belebele_hebrew,2.084037310865473
h100-d512-mix-semantic-zero-c30-seed0-from10pct-20260826-rno2a,semantic_domain_ablation,belebele_hindi,2.1321986981792955
h100-d512-mix-semantic-zero-c30-seed0-from10pct-20260826-rno2a,semantic_domain_ablation,belebele_indonesian,2.0836457183126944
h100-d512-mix-semantic-zero-c30-seed0-from10pct-20260826-rno2a,semantic_domain_ablation,belebele_japanese,2.074003952318665
h100-d512-mix-semantic-zero-c30-seed0-from10pct-20260826-rno2a,semantic_domain_ablation,belebele_korean,2.055747627702078
h100-d512-mix-semantic-zero-c30-seed0-from10pct-20260826-rno2a,semantic_domain_ablation,belebele_mean,2.0947740048096377
h100-d512-mix-semantic-zero-c30-seed0-from10pct-20260826-rno2a,semantic_domain_ablation,belebele_portuguese,2.0503059578005596
h100-d512-mix-semantic-zero-c30-seed0-from10pct-20260826-rno2a,semantic_domain_ablation,belebele_russian,2.0512327720194214
h100-d512-mix-semantic-zero-c30-seed0-from10pct-20260826-rno2a,semantic_domain_ablation,belebele_spanish,2.0403409853840375
h100-d512-mix-semantic-zero-c30-seed0-from10pct-20260826-rno2a,semantic_domain_ablation,belebele_swahili,2.131340893336734
h100-d512-mix-semantic-zero-c30-seed0-from10pct-20260826-rno2a,semantic_domain_ablation,belebele_thai,2.084753457515898
h100-d512-mix-semantic-zero-c30-seed0-from10pct-20260826-rno2a,semantic_domain_ablation,belebele_turkish,2.159444536369568
h100-d512-mix-semantic-zero-c30-seed0-from10pct-20260826-rno2a,semantic_domain_ablation,belebele_vietnamese,2.0813471194490285
h100-d512-mix-semantic-zero-c30-seed0-from10pct-20260826-rno2a,semantic_domain_ablation,belebele_yoruba,2.351924152941468
h100-d512-mix-semantic-zero-c30-seed0-from10pct-20260826-rno2a,semantic_domain_ablation,boolq_0shot,2.142022446715097
h100-d512-mix-semantic-zero-c30-seed0-from10pct-20260826-rno2a,semantic_domain_ablation,copa_0shot,1.8374640893703402
h100-d512-mix-semantic-zero-c30-seed0-from10pct-20260826-rno2a,semantic_domain_ablation,csqa_0shot,3.1474614807108323
h100-d512-mix-semantic-zero-c30-seed0-from10pct-20260826-rno2a,semantic_domain_ablation,gpqa_0shot,3.059873375293292
h100-d512-mix-semantic-zero-c30-seed0-from10pct-20260826-rno2a,semantic_domain_ablation,hellaswag_0shot,0.9657401389018377
h100-d512-mix-semantic-zero-c30-seed0-from10pct-20260826-rno2a,semantic_domain_ablation,include_arabic,2.0484017738184406
h100-d512-mix-semantic-zero-c30-seed0-from10pct-20260826-rno2a,semantic_domain_ablation,include_bengali,2.091149207373798
h100-d512-mix-semantic-zero-c30-seed0-from10pct-20260826-rno2a,semantic_domain_ablation,include_chinese,2.02962651669317
h100-d512-mix-semantic-zero-c30-seed0-from10pct-20260826-rno2a,semantic_domain_ablation,include_french,2.029400515185269
h100-d512-mix-semantic-zero-c30-seed0-from10pct-20260826-rno2a,semantic_domain_ablation,include_german,2.036662182526076
h100-d512-mix-semantic-zero-c30-seed0-from10pct-20260826-rno2a,semantic_domain_ablation,include_hebrew,2.057651959361362
h100-d512-mix-semantic-zero-c30-seed0-from10pct-20260826-rno2a,semantic_domain_ablation,include_hindi,2.0664691755810716
h100-d512-mix-semantic-zero-c30-seed0-from10pct-20260826-rno2a,semantic_domain_ablation,include_indonesian,2.082666895341547
h100-d512-mix-semantic-zero-c30-seed0-from10pct-20260826-rno2a,semantic_domain_ablation,include_japanese,2.058075884050462
h100-d512-mix-semantic-zero-c30-seed0-from10pct-20260826-rno2a,semantic_domain_ablation,include_korean,2.0544524835713234
h100-d512-mix-semantic-zero-c30-seed0-from10pct-20260826-rno2a,semantic_domain_ablation,include_mean,2.0506255579859074
h100-d512-mix-semantic-zero-c30-seed0-from10pct-20260826-rno2a,semantic_domain_ablation,include_portuguese,2.0496298578455128
h100-d512-mix-semantic-zero-c30-seed0-from10pct-20260826-rno2a,semantic_domain_ablation,include_russian,2.0443550404258426
h100-d512-mix-semantic-zero-c30-seed0-from10pct-20260826-rno2a,semantic_domain_ablation,include_spanish,2.0381058321536867
h100-d512-mix-semantic-zero-c30-seed0-from10pct-20260826-rno2a,semantic_domain_ablation,include_turkish,2.021798519802474
h100-d512-mix-semantic-zero-c30-seed0-from10pct-20260826-rno2a,semantic_domain_ablation,include_vietnamese,2.0509375260585783
h100-d512-mix-semantic-zero-c30-seed0-from10pct-20260826-rno2a,semantic_domain_ablation,lambada_0shot,0.8693475985589324
h100-d512-mix-semantic-zero-c30-seed0-from10pct-20260826-rno2a,semantic_domain_ablation,lb_bbh_3shot,1.842898120646236
h100-d512-mix-semantic-zero-c30-seed0-from10pct-20260826-rno2a,semantic_domain_ablation,logprob_gsm8k_5shot,0.7483357319799467
h100-d512-mix-semantic-zero-c30-seed0-from10pct-20260826-rno2a,semantic_domain_ablation,logprob_humaneval_10shot,0.5216609240695936
h100-d512-mix-semantic-zero-c30-seed0-from10pct-20260826-rno2a,semantic_domain_ablation,medmcqa_0shot,2.424041348396367
h100-d512-mix-semantic-zero-c30-seed0-from10pct-20260826-rno2a,semantic_domain_ablation,medqa_0shot,2.2301346675165337
h100-d512-mix-semantic-zero-c30-seed0-from10pct-20260826-rno2a,semantic_domain_ablation,mmlu_pro_5shot,3.9211830880159333
h100-d512-mix-semantic-zero-c30-seed0-from10pct-20260826-rno2a,semantic_domain_ablation,musr_0shot,0.8498096871396484
h100-d512-mix-semantic-zero-c30-seed0-from10pct-20260826-rno2a,semantic_domain_ablation,openbookqa_0shot,1.9898345049085495
h100-d512-mix-semantic-zero-c30-seed0-from10pct-20260826-rno2a,semantic_domain_ablation,piqa_0shot,1.2803522897307396
h100-d512-mix-semantic-zero-c30-seed0-from10pct-20260826-rno2a,semantic_domain_ablation,sciq_0shot,1.638503397782589
h100-d512-mix-semantic-zero-c30-seed0-from10pct-20260826-rno2a,semantic_domain_ablation,truthfulqa_mc1_0shot,0.7680375491570556
h100-d512-mix-semantic-zero-c30-seed0-from10pct-20260826-rno2a,semantic_domain_ablation,winogrande_0shot,0.44620321268619184
h100-d512-mix-semantic-zero-c31-seed0-from10pct-20260826-rno2a,semantic_domain_ablation,arc_challenge_0shot,1.52395383174421
h100-d512-mix-semantic-zero-c31-seed0-from10pct-20260826-rno2a,semantic_domain_ablation,belebele_arabic,2.1198089953006947
h100-d512-mix-semantic-zero-c31-seed0-from10pct-20260826-rno2a,semantic_domain_ablation,belebele_bengali,2.247755564177994
h100-d512-mix-semantic-zero-c31-seed0-from10pct-20260826-rno2a,semantic_domain_ablation,belebele_chinese_simplified,2.2153581184899487
h100-d512-mix-semantic-zero-c31-seed0-from10pct-20260826-rno2a,semantic_domain_ablation,belebele_french,2.10143771509162
h100-d512-mix-semantic-zero-c31-seed0-from10pct-20260826-rno2a,semantic_domain_ablation,belebele_german,2.216688884412608
h100-d512-mix-semantic-zero-c31-seed0-from10pct-20260826-rno2a,semantic_domain_ablation,belebele_hebrew,2.1857055877602054
h100-d512-mix-semantic-zero-c31-seed0-from10pct-20260826-rno2a,semantic_domain_ablation,belebele_hindi,2.2067647958073935
h100-d512-mix-semantic-zero-c31-seed0-from10pct-20260826-rno2a,semantic_domain_ablation,belebele_indonesian,2.1078774647140417
h100-d512-mix-semantic-zero-c31-seed0-from10pct-20260826-rno2a,semantic_domain_ablation,belebele_japanese,2.198308479663994
h100-d512-mix-semantic-zero-c31-seed0-from10pct-20260826-rno2a,semantic_domain_ablation,belebele_korean,2.1439186225544185
h100-d512-mix-semantic-zero-c31-seed0-from10pct-20260826-rno2a,semantic_domain_ablation,belebele_mean,2.2516825113784744
h100-d512-mix-semantic-zero-c31-seed0-from10pct-20260826-rno2a,semantic_domain_ablation,belebele_portuguese,2.0888831230821414
h100-d512-mix-semantic-zero-c31-seed0-from10pct-20260826-rno2a,semantic_domain_ablation,belebele_russian,2.161774505728658
h100-d512-mix-semantic-zero-c31-seed0-from10pct-20260826-rno2a,semantic_domain_ablation,belebele_spanish,2.1134198908426627
h100-d512-mix-semantic-zero-c31-seed0-from10pct-20260826-rno2a,semantic_domain_ablation,belebele_swahili,2.6020179648139035
h100-d512-mix-semantic-zero-c31-seed0-from10pct-20260826-rno2a,semantic_domain_ablation,belebele_thai,2.124972123342969
h100-d512-mix-semantic-zero-c31-seed0-from10pct-20260826-rno2a,semantic_domain_ablation,belebele_turkish,2.3977905600976963
h100-d512-mix-semantic-zero-c31-seed0-from10pct-20260826-rno2a,semantic_domain_ablation,belebele_vietnamese,2.2247061275107107
h100-d512-mix-semantic-zero-c31-seed0-from10pct-20260826-rno2a,semantic_domain_ablation,belebele_yoruba,3.073096681420879
h100-d512-mix-semantic-zero-c31-seed0-from10pct-20260826-rno2a,semantic_domain_ablation,boolq_0shot,2.34189470017326
h100-d512-mix-semantic-zero-c31-seed0-from10pct-20260826-rno2a,semantic_domain_ablation,copa_0shot,1.7994393091061598
h100-d512-mix-semantic-zero-c31-seed0-from10pct-20260826-rno2a,semantic_domain_ablation,csqa_0shot,4.289562552984849
h100-d512-mix-semantic-zero-c31-seed0-from10pct-20260826-rno2a,semantic_domain_ablation,gpqa_0shot,2.187228681688948
h100-d512-mix-semantic-zero-c31-seed0-from10pct-20260826-rno2a,semantic_domain_ablation,hellaswag_0shot,0.9698151397210424
h100-d512-mix-semantic-zero-c31-seed0-from10pct-20260826-rno2a,semantic_domain_ablation,include_arabic,2.0806408411444184
h100-d512-mix-semantic-zero-c31-seed0-from10pct-20260826-rno2a,semantic_domain_ablation,include_bengali,2.1013163590186767
h100-d512-mix-semantic-zero-c31-seed0-from10pct-20260826-rno2a,semantic_domain_ablation,include_chinese,2.077687301047816
h100-d512-mix-semantic-zero-c31-seed0-from10pct-20260826-rno2a,semantic_domain_ablation,include_french,2.0542573946987326
h100-d512-mix-semantic-zero-c31-seed0-from10pct-20260826-rno2a,semantic_domain_ablation,include_german,1.979339182767438
h100-d512-mix-semantic-zero-c31-seed0-from10pct-20260826-rno2a,semantic_domain_ablation,include_hebrew,2.048218966121253
h100-d512-mix-semantic-zero-c31-seed0-from10pct-20260826-rno2a,semantic_domain_ablation,include_hindi,2.0599527837521276
h100-d512-mix-semantic-zero-c31-seed0-from10pct-20260826-rno2a,semantic_domain_ablation,include_indonesian,2.07497943548228
h100-d512-mix-semantic-zero-c31-seed0-from10pct-20260826-rno2a,semantic_domain_ablation,include_japanese,2.0826614406017323
h100-d512-mix-semantic-zero-c31-seed0-from10pct-20260826-rno2a,semantic_domain_ablation,include_korean,2.101658025325998
h100-d512-mix-semantic-zero-c31-seed0-from10pct-20260826-rno2a,semantic_domain_ablation,include_mean,2.067745296924235
h100-d512-mix-semantic-zero-c31-seed0-from10pct-20260826-rno2a,semantic_domain_ablation,include_portuguese,2.0810084382554708
h100-d512-mix-semantic-zero-c31-seed0-from10pct-20260826-rno2a,semantic_domain_ablation,include_russian,2.065292726003429
h100-d512-mix-semantic-zero-c31-seed0-from10pct-20260826-rno2a,semantic_domain_ablation,include_spanish,2.0647773311370754
h100-d512-mix-semantic-zero-c31-seed0-from10pct-20260826-rno2a,semantic_domain_ablation,include_turkish,2.0606223574589633
h100-d512-mix-semantic-zero-c31-seed0-from10pct-20260826-rno2a,semantic_domain_ablation,include_vietnamese,2.083766871048112
h100-d512-mix-semantic-zero-c31-seed0-from10pct-20260826-rno2a,semantic_domain_ablation,lambada_0shot,0.8878992478240229
h100-d512-mix-semantic-zero-c31-seed0-from10pct-20260826-rno2a,semantic_domain_ablation,lb_bbh_3shot,1.8925039583598477
h100-d512-mix-semantic-zero-c31-seed0-from10pct-20260826-rno2a,semantic_domain_ablation,logprob_gsm8k_5shot,0.7512885780147016
h100-d512-mix-semantic-zero-c31-seed0-from10pct-20260826-rno2a,semantic_domain_ablation,logprob_humaneval_10shot,0.5346209599990193
h100-d512-mix-semantic-zero-c31-seed0-from10pct-20260826-rno2a,semantic_domain_ablation,medmcqa_0shot,3.601905741803784
h100-d512-mix-semantic-zero-c31-seed0-from10pct-20260826-rno2a,semantic_domain_ablation,medqa_0shot,3.0207643285967145
h100-d512-mix-semantic-zero-c31-seed0-from10pct-20260826-rno2a,semantic_domain_ablation,mmlu_pro_5shot,4.471074057100565
h100-d512-mix-semantic-zero-c31-seed0-from10pct-20260826-rno2a,semantic_domain_ablation,musr_0shot,0.8699751631119826
h100-d512-mix-semantic-zero-c31-seed0-from10pct-20260826-rno2a,semantic_domain_ablation,openbookqa_0shot,1.987370356867363
h100-d512-mix-semantic-zero-c31-seed0-from10pct-20260826-rno2a,semantic_domain_ablation,piqa_0shot,1.2908501930215461
h100-d512-mix-semantic-zero-c31-seed0-from10pct-20260826-rno2a,semantic_domain_ablation,sciq_0shot,1.5495800435893567
h100-d512-mix-semantic-zero-c31-seed0-from10pct-20260826-rno2a,semantic_domain_ablation,truthfulqa_mc1_0shot,0.7643336640367718
h100-d512-mix-semantic-zero-c31-seed0-from10pct-20260826-rno2a,semantic_domain_ablation,winogrande_0shot,0.44938866074584766
h100-d512-mix-semantic-zero-c32-seed0-from10pct-20260826-rno2a,semantic_domain_ablation,arc_challenge_0shot,1.4653003450580155
h100-d512-mix-semantic-zero-c32-seed0-from10pct-20260826-rno2a,semantic_domain_ablation,belebele_arabic,2.220212818483379
h100-d512-mix-semantic-zero-c32-seed0-from10pct-20260826-rno2a,semantic_domain_ablation,belebele_bengali,2.152652296265417
h100-d512-mix-semantic-zero-c32-seed0-from10pct-20260826-rno2a,semantic_domain_ablation,belebele_chinese_simplified,2.1704414146280433
h100-d512-mix-semantic-zero-c32-seed0-from10pct-20260826-rno2a,semantic_domain_ablation,belebele_french,2.110815511698608
h100-d512-mix-semantic-zero-c32-seed0-from10pct-20260826-rno2a,semantic_domain_ablation,belebele_german,2.1527265330543917
h100-d512-mix-semantic-zero-c32-seed0-from10pct-20260826-rno2a,semantic_domain_ablation,belebele_hebrew,2.198656411936652
h100-d512-mix-semantic-zero-c32-seed0-from10pct-20260826-rno2a,semantic_domain_ablation,belebele_hindi,2.205568129821546
h100-d512-mix-semantic-zero-c32-seed0-from10pct-20260826-rno2a,semantic_domain_ablation,belebele_indonesian,2.1220612150296247
h100-d512-mix-semantic-zero-c32-seed0-from10pct-20260826-rno2a,semantic_domain_ablation,belebele_japanese,2.172321997046724
h100-d512-mix-semantic-zero-c32-seed0-from10pct-20260826-rno2a,semantic_domain_ablation,belebele_korean,2.2015843322005444
h100-d512-mix-semantic-zero-c32-seed0-from10pct-20260826-rno2a,semantic_domain_ablation,belebele_mean,2.175042001151419
h100-d512-mix-semantic-zero-c32-seed0-from10pct-20260826-rno2a,semantic_domain_ablation,belebele_portuguese,2.118980476141652
h100-d512-mix-semantic-zero-c32-seed0-from10pct-20260826-rno2a,semantic_domain_ablation,belebele_russian,2.1124639478266753
h100-d512-mix-semantic-zero-c32-seed0-from10pct-20260826-rno2a,semantic_domain_ablation,belebele_spanish,2.1051038964906548
h100-d512-mix-semantic-zero-c32-seed0-from10pct-20260826-rno2a,semantic_domain_ablation,belebele_swahili,2.176280621662662
h100-d512-mix-semantic-zero-c32-seed0-from10pct-20260826-rno2a,semantic_domain_ablation,belebele_thai,2.1476458378254057
h100-d512-mix-semantic-zero-c32-seed0-from10pct-20260826-rno2a,semantic_domain_ablation,belebele_turkish,2.301948111516079
h100-d512-mix-semantic-zero-c32-seed0-from10pct-20260826-rno2a,semantic_domain_ablation,belebele_vietnamese,2.212807486790665
h100-d512-mix-semantic-zero-c32-seed0-from10pct-20260826-rno2a,semantic_domain_ablation,belebele_yoruba,2.2684849823068136
h100-d512-mix-semantic-zero-c32-seed0-from10pct-20260826-rno2a,semantic_domain_ablation,boolq_0shot,1.9774777433228061
h100-d512-mix-semantic-zero-c32-seed0-from10pct-20260826-rno2a,semantic_domain_ablation,copa_0shot,1.7800059018184646
h100-d512-mix-semantic-zero-c32-seed0-from10pct-20260826-rno2a,semantic_domain_ablation,csqa_0shot,3.105327606085707
h100-d512-mix-semantic-zero-c32-seed0-from10pct-20260826-rno2a,semantic_domain_ablation,gpqa_0shot,2.795367905512422
h100-d512-mix-semantic-zero-c32-seed0-from10pct-20260826-rno2a,semantic_domain_ablation,hellaswag_0shot,0.9667123985973255
h100-d512-mix-semantic-zero-c32-seed0-from10pct-20260826-rno2a,semantic_domain_ablation,include_arabic,2.006562434274875
h100-d512-mix-semantic-zero-c32-seed0-from10pct-20260826-rno2a,semantic_domain_ablation,include_bengali,2.0333626743591298
h100-d512-mix-semantic-zero-c32-seed0-from10pct-20260826-rno2a,semantic_domain_ablation,include_chinese,2.046540072863407
h100-d512-mix-semantic-zero-c32-seed0-from10pct-20260826-rno2a,semantic_domain_ablation,include_french,2.039368091721726
h100-d512-mix-semantic-zero-c32-seed0-from10pct-20260826-rno2a,semantic_domain_ablation,include_german,2.061737294470929
h100-d512-mix-semantic-zero-c32-seed0-from10pct-20260826-rno2a,semantic_domain_ablation,include_hebrew,2.121948556908205
h100-d512-mix-semantic-zero-c32-seed0-from10pct-20260826-rno2a,semantic_domain_ablation,include_hindi,2.068473881446917
h100-d512-mix-semantic-zero-c32-seed0-from10pct-20260826-rno2a,semantic_domain_ablation,include_indonesian,2.027666683026364
h100-d512-mix-semantic-zero-c32-seed0-from10pct-20260826-rno2a,semantic_domain_ablation,include_japanese,2.10757422898906
h100-d512-mix-semantic-zero-c32-seed0-from10pct-20260826-rno2a,semantic_domain_ablation,include_korean,2.0476200613832978
h100-d512-mix-semantic-zero-c32-seed0-from10pct-20260826-rno2a,semantic_domain_ablation,include_mean,2.0569226743226436
h100-d512-mix-semantic-zero-c32-seed0-from10pct-20260826-rno2a,semantic_domain_ablation,include_portuguese,2.0718047617242896
h100-d512-mix-semantic-zero-c32-seed0-from10pct-20260826-rno2a,semantic_domain_ablation,include_russian,2.034508640939071
h100-d512-mix-semantic-zero-c32-seed0-from10pct-20260826-rno2a,semantic_domain_ablation,include_spanish,2.058173065229998
h100-d512-mix-semantic-zero-c32-seed0-from10pct-20260826-rno2a,semantic_domain_ablation,include_turkish,2.059576420488459
h100-d512-mix-semantic-zero-c32-seed0-from10pct-20260826-rno2a,semantic_domain_ablation,include_vietnamese,2.06892324701393
h100-d512-mix-semantic-zero-c32-seed0-from10pct-20260826-rno2a,semantic_domain_ablation,lambada_0shot,0.8863006069190593
h100-d512-mix-semantic-zero-c32-seed0-from10pct-20260826-rno2a,semantic_domain_ablation,lb_bbh_3shot,1.939239476581773
h100-d512-mix-semantic-zero-c32-seed0-from10pct-20260826-rno2a,semantic_domain_ablation,logprob_gsm8k_5shot,0.7480625295022787
h100-d512-mix-semantic-zero-c32-seed0-from10pct-20260826-rno2a,semantic_domain_ablation,logprob_humaneval_10shot,0.5343771498174256
h100-d512-mix-semantic-zero-c32-seed0-from10pct-20260826-rno2a,semantic_domain_ablation,medmcqa_0shot,2.6478413145154738
h100-d512-mix-semantic-zero-c32-seed0-from10pct-20260826-rno2a,semantic_domain_ablation,medqa_0shot,2.344378824914458
h100-d512-mix-semantic-zero-c32-seed0-from10pct-20260826-rno2a,semantic_domain_ablation,mmlu_pro_5shot,4.184865996566152
h100-d512-mix-semantic-zero-c32-seed0-from10pct-20260826-rno2a,semantic_domain_ablation,musr_0shot,0.7818142410465254
h100-d512-mix-semantic-zero-c32-seed0-from10pct-20260826-rno2a,semantic_domain_ablation,openbookqa_0shot,1.9716404351394603
h100-d512-mix-semantic-zero-c32-seed0-from10pct-20260826-rno2a,semantic_domain_ablation,piqa_0shot,1.2761964798876118
h100-d512-mix-semantic-zero-c32-seed0-from10pct-20260826-rno2a,semantic_domain_ablation,sciq_0shot,1.5063682129740845
h100-d512-mix-semantic-zero-c32-seed0-from10pct-20260826-rno2a,semantic_domain_ablation,truthfulqa_mc1_0shot,0.7594904999459718
h100-d512-mix-semantic-zero-c32-seed0-from10pct-20260826-rno2a,semantic_domain_ablation,winogrande_0shot,0.44550238216487337
h100-d512-mix-semantic-zero-c33-seed0-from10pct-20260826-rno2a,semantic_domain_ablation,arc_challenge_0shot,1.4887254782122774
h100-d512-mix-semantic-zero-c33-seed0-from10pct-20260826-rno2a,semantic_domain_ablation,belebele_arabic,2.064864520703851
h100-d512-mix-semantic-zero-c33-seed0-from10pct-20260826-rno2a,semantic_domain_ablation,belebele_bengali,2.080168053594399
h100-d512-mix-semantic-zero-c33-seed0-from10pct-20260826-rno2a,semantic_domain_ablation,belebele_chinese_simplified,2.051186713250149
h100-d512-mix-semantic-zero-c33-seed0-from10pct-20260826-rno2a,semantic_domain_ablation,belebele_french,2.0643967700292527
h100-d512-mix-semantic-zero-c33-seed0-from10pct-20260826-rno2a,semantic_domain_ablation,belebele_german,2.0554418919460824
h100-d512-mix-semantic-zero-c33-seed0-from10pct-20260826-rno2a,semantic_domain_ablation,belebele_hebrew,2.1274866616165924
h100-d512-mix-semantic-zero-c33-seed0-from10pct-20260826-rno2a,semantic_domain_ablation,belebele_hindi,2.0563910031423536
h100-d512-mix-semantic-zero-c33-seed0-from10pct-20260826-rno2a,semantic_domain_ablation,belebele_indonesian,2.0585276150823644
h100-d512-mix-semantic-zero-c33-seed0-from10pct-20260826-rno2a,semantic_domain_ablation,belebele_japanese,2.047774222121765
h100-d512-mix-semantic-zero-c33-seed0-from10pct-20260826-rno2a,semantic_domain_ablation,belebele_korean,2.0542372269515954
h100-d512-mix-semantic-zero-c33-seed0-from10pct-20260826-rno2a,semantic_domain_ablation,belebele_mean,2.081057652567063
h100-d512-mix-semantic-zero-c33-seed0-from10pct-20260826-rno2a,semantic_domain_ablation,belebele_portuguese,2.029806672905422
h100-d512-mix-semantic-zero-c33-seed0-from10pct-20260826-rno2a,semantic_domain_ablation,belebele_russian,2.038703715038479
h100-d512-mix-semantic-zero-c33-seed0-from10pct-20260826-rno2a,semantic_domain_ablation,belebele_spanish,2.034975082057173
h100-d512-mix-semantic-zero-c33-seed0-from10pct-20260826-rno2a,semantic_domain_ablation,belebele_swahili,2.1035088105274253
h100-d512-mix-semantic-zero-c33-seed0-from10pct-20260826-rno2a,semantic_domain_ablation,belebele_thai,2.042767982195268
h100-d512-mix-semantic-zero-c33-seed0-from10pct-20260826-rno2a,semantic_domain_ablation,belebele_turkish,2.1229038340907507
h100-d512-mix-semantic-zero-c33-seed0-from10pct-20260826-rno2a,semantic_domain_ablation,belebele_vietnamese,2.079038617346606
h100-d512-mix-semantic-zero-c33-seed0-from10pct-20260826-rno2a,semantic_domain_ablation,belebele_yoruba,2.3468583536076104
h100-d512-mix-semantic-zero-c33-seed0-from10pct-20260826-rno2a,semantic_domain_ablation,boolq_0shot,2.408076399781569
h100-d512-mix-semantic-zero-c33-seed0-from10pct-20260826-rno2a,semantic_domain_ablation,copa_0shot,1.8250372059606579
h100-d512-mix-semantic-zero-c33-seed0-from10pct-20260826-rno2a,semantic_domain_ablation,csqa_0shot,4.585526782795645
h100-d512-mix-semantic-zero-c33-seed0-from10pct-20260826-rno2a,semantic_domain_ablation,gpqa_0shot,3.7882547004821836
h100-d512-mix-semantic-zero-c33-seed0-from10pct-20260826-rno2a,semantic_domain_ablation,hellaswag_0shot,0.9707093333112098
h100-d512-mix-semantic-zero-c33-seed0-from10pct-20260826-rno2a,semantic_domain_ablation,include_arabic,2.0680490473953306
h100-d512-mix-semantic-zero-c33-seed0-from10pct-20260826-rno2a,semantic_domain_ablation,include_bengali,2.1133305384280634
h100-d512-mix-semantic-zero-c33-seed0-from10pct-20260826-rno2a,semantic_domain_ablation,include_chinese,2.0529724903421114
h100-d512-mix-semantic-zero-c33-seed0-from10pct-20260826-rno2a,semantic_domain_ablation,include_french,2.0327308221256573
h100-d512-mix-semantic-zero-c33-seed0-from10pct-20260826-rno2a,semantic_domain_ablation,include_german,2.035557597349276
h100-d512-mix-semantic-zero-c33-seed0-from10pct-20260826-rno2a,semantic_domain_ablation,include_hebrew,2.1055041653423268
h100-d512-mix-semantic-zero-c33-seed0-from10pct-20260826-rno2a,semantic_domain_ablation,include_hindi,2.071639515952842
h100-d512-mix-semantic-zero-c33-seed0-from10pct-20260826-rno2a,semantic_domain_ablation,include_indonesian,2.080000004933758
h100-d512-mix-semantic-zero-c33-seed0-from10pct-20260826-rno2a,semantic_domain_ablation,include_japanese,2.038023982068754
h100-d512-mix-semantic-zero-c33-seed0-from10pct-20260826-rno2a,semantic_domain_ablation,include_korean,2.0444983702349218
h100-d512-mix-semantic-zero-c33-seed0-from10pct-20260826-rno2a,semantic_domain_ablation,include_mean,2.0656708387971263
h100-d512-mix-semantic-zero-c33-seed0-from10pct-20260826-rno2a,semantic_domain_ablation,include_portuguese,2.053308698309514
h100-d512-mix-semantic-zero-c33-seed0-from10pct-20260826-rno2a,semantic_domain_ablation,include_russian,2.07002753970539
h100-d512-mix-semantic-zero-c33-seed0-from10pct-20260826-rno2a,semantic_domain_ablation,include_spanish,2.081073278770297
h100-d512-mix-semantic-zero-c33-seed0-from10pct-20260826-rno2a,semantic_domain_ablation,include_turkish,2.0653977609666074
h100-d512-mix-semantic-zero-c33-seed0-from10pct-20260826-rno2a,semantic_domain_ablation,include_vietnamese,2.0729487700320477
h100-d512-mix-semantic-zero-c33-seed0-from10pct-20260826-rno2a,semantic_domain_ablation,lambada_0shot,0.8936763350519422
h100-d512-mix-semantic-zero-c33-seed0-from10pct-20260826-rno2a,semantic_domain_ablation,lb_bbh_3shot,1.7062058812803678
h100-d512-mix-semantic-zero-c33-seed0-from10pct-20260826-rno2a,semantic_domain_ablation,logprob_gsm8k_5shot,0.7726144096149703
h100-d512-mix-semantic-zero-c33-seed0-from10pct-20260826-rno2a,semantic_domain_ablation,logprob_humaneval_10shot,0.5350846966314419
h100-d512-mix-semantic-zero-c33-seed0-from10pct-20260826-rno2a,semantic_domain_ablation,medmcqa_0shot,4.2584418337916565
h100-d512-mix-semantic-zero-c33-seed0-from10pct-20260826-rno2a,semantic_domain_ablation,medqa_0shot,2.535172699338906
h100-d512-mix-semantic-zero-c33-seed0-from10pct-20260826-rno2a,semantic_domain_ablation,mmlu_pro_5shot,3.764364251402555
h100-d512-mix-semantic-zero-c33-seed0-from10pct-20260826-rno2a,semantic_domain_ablation,musr_0shot,0.7752688220942221
h100-d512-mix-semantic-zero-c33-seed0-from10pct-20260826-rno2a,semantic_domain_ablation,openbookqa_0shot,1.9671595412389062
h100-d512-mix-semantic-zero-c33-seed0-from10pct-20260826-rno2a,semantic_domain_ablation,piqa_0shot,1.2868155869225637
h100-d512-mix-semantic-zero-c33-seed0-from10pct-20260826-rno2a,semantic_domain_ablation,sciq_0shot,1.5304769245390812
h100-d512-mix-semantic-zero-c33-seed0-from10pct-20260826-rno2a,semantic_domain_ablation,truthfulqa_mc1_0shot,0.7665605490617982
h100-d512-mix-semantic-zero-c33-seed0-from10pct-20260826-rno2a,semantic_domain_ablation,winogrande_0shot,0.44938688026799034
h100-d512-mix-semantic-zero-c34-seed0-from10pct-20260826-rno2a,semantic_domain_ablation,arc_challenge_0shot,1.4848854730196686
h100-d512-mix-semantic-zero-c34-seed0-from10pct-20260826-rno2a,semantic_domain_ablation,belebele_arabic,2.1299872158853286
h100-d512-mix-semantic-zero-c34-seed0-from10pct-20260826-rno2a,semantic_domain_ablation,belebele_bengali,2.2031122892266626
h100-d512-mix-semantic-zero-c34-seed0-from10pct-20260826-rno2a,semantic_domain_ablation,belebele_chinese_simplified,2.1025892574160867
h100-d512-mix-semantic-zero-c34-seed0-from10pct-20260826-rno2a,semantic_domain_ablation,belebele_french,2.066172503320384
h100-d512-mix-semantic-zero-c34-seed0-from10pct-20260826-rno2a,semantic_domain_ablation,belebele_german,2.1270419840388888
h100-d512-mix-semantic-zero-c34-seed0-from10pct-20260826-rno2a,semantic_domain_ablation,belebele_hebrew,2.1810398216965297
h100-d512-mix-semantic-zero-c34-seed0-from10pct-20260826-rno2a,semantic_domain_ablation,belebele_hindi,2.1423387535205993
h100-d512-mix-semantic-zero-c34-seed0-from10pct-20260826-rno2a,semantic_domain_ablation,belebele_indonesian,2.0975052601202044
h100-d512-mix-semantic-zero-c34-seed0-from10pct-20260826-rno2a,semantic_domain_ablation,belebele_japanese,2.145484311618675
h100-d512-mix-semantic-zero-c34-seed0-from10pct-20260826-rno2a,semantic_domain_ablation,belebele_korean,2.110725067742341
h100-d512-mix-semantic-zero-c34-seed0-from10pct-20260826-rno2a,semantic_domain_ablation,belebele_mean,2.1186719401285714
h100-d512-mix-semantic-zero-c34-seed0-from10pct-20260826-rno2a,semantic_domain_ablation,belebele_portuguese,2.0657105947053447
h100-d512-mix-semantic-zero-c34-seed0-from10pct-20260826-rno2a,semantic_domain_ablation,belebele_russian,2.1172166550855174
h100-d512-mix-semantic-zero-c34-seed0-from10pct-20260826-rno2a,semantic_domain_ablation,belebele_spanish,2.062070363577411
h100-d512-mix-semantic-zero-c34-seed0-from10pct-20260826-rno2a,semantic_domain_ablation,belebele_swahili,2.0743057575067168
h100-d512-mix-semantic-zero-c34-seed0-from10pct-20260826-rno2a,semantic_domain_ablation,belebele_thai,2.080417707814414
h100-d512-mix-semantic-zero-c34-seed0-from10pct-20260826-rno2a,semantic_domain_ablation,belebele_turkish,2.2110577298546694
h100-d512-mix-semantic-zero-c34-seed0-from10pct-20260826-rno2a,semantic_domain_ablation,belebele_vietnamese,2.096095786719566
h100-d512-mix-semantic-zero-c34-seed0-from10pct-20260826-rno2a,semantic_domain_ablation,belebele_yoruba,2.123223862464947
h100-d512-mix-semantic-zero-c34-seed0-from10pct-20260826-rno2a,semantic_domain_ablation,boolq_0shot,1.9819754123952218
h100-d512-mix-semantic-zero-c34-seed0-from10pct-20260826-rno2a,semantic_domain_ablation,copa_0shot,1.8426076821725714
h100-d512-mix-semantic-zero-c34-seed0-from10pct-20260826-rno2a,semantic_domain_ablation,csqa_0shot,5.87319009368504
h100-d512-mix-semantic-zero-c34-seed0-from10pct-20260826-rno2a,semantic_domain_ablation,gpqa_0shot,2.49371242123679
h100-d512-mix-semantic-zero-c34-seed0-from10pct-20260826-rno2a,semantic_domain_ablation,hellaswag_0shot,0.9701068905711562
h100-d512-mix-semantic-zero-c34-seed0-from10pct-20260826-rno2a,semantic_domain_ablation,include_arabic,2.0595828219231507
h100-d512-mix-semantic-zero-c34-seed0-from10pct-20260826-rno2a,semantic_domain_ablation,include_bengali,2.08761131083642
h100-d512-mix-semantic-zero-c34-seed0-from10pct-20260826-rno2a,semantic_domain_ablation,include_chinese,2.0797573424552502
h100-d512-mix-semantic-zero-c34-seed0-from10pct-20260826-rno2a,semantic_domain_ablation,include_french,2.043245679473024
h100-d512-mix-semantic-zero-c34-seed0-from10pct-20260826-rno2a,semantic_domain_ablation,include_german,2.0309633474664492
h100-d512-mix-semantic-zero-c34-seed0-from10pct-20260826-rno2a,semantic_domain_ablation,include_hebrew,2.115699813224296
h100-d512-mix-semantic-zero-c34-seed0-from10pct-20260826-rno2a,semantic_domain_ablation,include_hindi,2.1006583680915902
h100-d512-mix-semantic-zero-c34-seed0-from10pct-20260826-rno2a,semantic_domain_ablation,include_indonesian,2.088244291458244
h100-d512-mix-semantic-zero-c34-seed0-from10pct-20260826-rno2a,semantic_domain_ablation,include_japanese,2.079700330511977
h100-d512-mix-semantic-zero-c34-seed0-from10pct-20260826-rno2a,semantic_domain_ablation,include_korean,2.090781537732176
h100-d512-mix-semantic-zero-c34-seed0-from10pct-20260826-rno2a,semantic_domain_ablation,include_mean,2.081752895757574
h100-d512-mix-semantic-zero-c34-seed0-from10pct-20260826-rno2a,semantic_domain_ablation,include_portuguese,2.057588446545789
h100-d512-mix-semantic-zero-c34-seed0-from10pct-20260826-rno2a,semantic_domain_ablation,include_russian,2.1065382331323352
h100-d512-mix-semantic-zero-c34-seed0-from10pct-20260826-rno2a,semantic_domain_ablation,include_spanish,2.091577388246418
h100-d512-mix-semantic-zero-c34-seed0-from10pct-20260826-rno2a,semantic_domain_ablation,include_turkish,2.080440970142437
h100-d512-mix-semantic-zero-c34-seed0-from10pct-20260826-rno2a,semantic_domain_ablation,include_vietnamese,2.1139035551240584
h100-d512-mix-semantic-zero-c34-seed0-from10pct-20260826-rno2a,semantic_domain_ablation,lambada_0shot,0.8899880371523676
h100-d512-mix-semantic-zero-c34-seed0-from10pct-20260826-rno2a,semantic_domain_ablation,lb_bbh_3shot,1.6475984212139474
h100-d512-mix-semantic-zero-c34-seed0-from10pct-20260826-rno2a,semantic_domain_ablation,logprob_gsm8k_5shot,0.7580907041325289
h100-d512-mix-semantic-zero-c34-seed0-from10pct-20260826-rno2a,semantic_domain_ablation,logprob_humaneval_10shot,0.5260480181585091
h100-d512-mix-semantic-zero-c34-seed0-from10pct-20260826-rno2a,semantic_domain_ablation,medmcqa_0shot,2.966474476425287
h100-d512-mix-semantic-zero-c34-seed0-from10pct-20260826-rno2a,semantic_domain_ablation,medqa_0shot,2.476769689094032
h100-d512-mix-semantic-zero-c34-seed0-from10pct-20260826-rno2a,semantic_domain_ablation,mmlu_pro_5shot,4.128931592866326
h100-d512-mix-semantic-zero-c34-seed0-from10pct-20260826-rno2a,semantic_domain_ablation,musr_0shot,0.7673587094998257
h100-d512-mix-semantic-zero-c34-seed0-from10pct-20260826-rno2a,semantic_domain_ablation,openbookqa_0shot,1.9942682230360544
h100-d512-mix-semantic-zero-c34-seed0-from10pct-20260826-rno2a,semantic_domain_ablation,piqa_0shot,1.2806514084842007
h100-d512-mix-semantic-zero-c34-seed0-from10pct-20260826-rno2a,semantic_domain_ablation,sciq_0shot,1.508030386318896
h100-d512-mix-semantic-zero-c34-seed0-from10pct-20260826-rno2a,semantic_domain_ablation,truthfulqa_mc1_0shot,0.7614332167270798
h100-d512-mix-semantic-zero-c34-seed0-from10pct-20260826-rno2a,semantic_domain_ablation,winogrande_0shot,0.4473229887839151
h100-d512-mix-semantic-zero-c35-seed0-from10pct-20260826-rno2a,semantic_domain_ablation,arc_challenge_0shot,1.444147449326657
h100-d512-mix-semantic-zero-c35-seed0-from10pct-20260826-rno2a,semantic_domain_ablation,belebele_arabic,2.1085708584419462
h100-d512-mix-semantic-zero-c35-seed0-from10pct-20260826-rno2a,semantic_domain_ablation,belebele_bengali,2.1566294182842762
h100-d512-mix-semantic-zero-c35-seed0-from10pct-20260826-rno2a,semantic_domain_ablation,belebele_chinese_simplified,2.1324394950061514
h100-d512-mix-semantic-zero-c35-seed0-from10pct-20260826-rno2a,semantic_domain_ablation,belebele_french,2.085691824573784
h100-d512-mix-semantic-zero-c35-seed0-from10pct-20260826-rno2a,semantic_domain_ablation,belebele_german,2.1747182429777965
h100-d512-mix-semantic-zero-c35-seed0-from10pct-20260826-rno2a,semantic_domain_ablation,belebele_hebrew,2.0530472208983594
h100-d512-mix-semantic-zero-c35-seed0-from10pct-20260826-rno2a,semantic_domain_ablation,belebele_hindi,2.129624279177386
h100-d512-mix-semantic-zero-c35-seed0-from10pct-20260826-rno2a,semantic_domain_ablation,belebele_indonesian,2.072013066056021
h100-d512-mix-semantic-zero-c35-seed0-from10pct-20260826-rno2a,semantic_domain_ablation,belebele_japanese,2.1687719733033655
h100-d512-mix-semantic-zero-c35-seed0-from10pct-20260826-rno2a,semantic_domain_ablation,belebele_korean,2.127054343381004
h100-d512-mix-semantic-zero-c35-seed0-from10pct-20260826-rno2a,semantic_domain_ablation,belebele_mean,2.1334511819200777
h100-d512-mix-semantic-zero-c35-seed0-from10pct-20260826-rno2a,semantic_domain_ablation,belebele_portuguese,2.1317087989100956
h100-d512-mix-semantic-zero-c35-seed0-from10pct-20260826-rno2a,semantic_domain_ablation,belebele_russian,2.0577766951642147
h100-d512-mix-semantic-zero-c35-seed0-from10pct-20260826-rno2a,semantic_domain_ablation,belebele_spanish,2.0981806835720116
h100-d512-mix-semantic-zero-c35-seed0-from10pct-20260826-rno2a,semantic_domain_ablation,belebele_swahili,2.1100575238667783
h100-d512-mix-semantic-zero-c35-seed0-from10pct-20260826-rno2a,semantic_domain_ablation,belebele_thai,2.0717521592978025
h100-d512-mix-semantic-zero-c35-seed0-from10pct-20260826-rno2a,semantic_domain_ablation,belebele_turkish,2.3811873014776843
h100-d512-mix-semantic-zero-c35-seed0-from10pct-20260826-rno2a,semantic_domain_ablation,belebele_vietnamese,2.160623742963337
h100-d512-mix-semantic-zero-c35-seed0-from10pct-20260826-rno2a,semantic_domain_ablation,belebele_yoruba,2.1822736472093833
h100-d512-mix-semantic-zero-c35-seed0-from10pct-20260826-rno2a,semantic_domain_ablation,boolq_0shot,2.370282430425892
h100-d512-mix-semantic-zero-c35-seed0-from10pct-20260826-rno2a,semantic_domain_ablation,copa_0shot,1.8262916764884336
h100-d512-mix-semantic-zero-c35-seed0-from10pct-20260826-rno2a,semantic_domain_ablation,csqa_0shot,5.690692094584125
h100-d512-mix-semantic-zero-c35-seed0-from10pct-20260826-rno2a,semantic_domain_ablation,gpqa_0shot,2.0824422573628527
h100-d512-mix-semantic-zero-c35-seed0-from10pct-20260826-rno2a,semantic_domain_ablation,hellaswag_0shot,0.9800386182756479
h100-d512-mix-semantic-zero-c35-seed0-from10pct-20260826-rno2a,semantic_domain_ablation,include_arabic,2.156085043406565
h100-d512-mix-semantic-zero-c35-seed0-from10pct-20260826-rno2a,semantic_domain_ablation,include_bengali,2.072299628112079
h100-d512-mix-semantic-zero-c35-seed0-from10pct-20260826-rno2a,semantic_domain_ablation,include_chinese,2.0836897440699698
h100-d512-mix-semantic-zero-c35-seed0-from10pct-20260826-rno2a,semantic_domain_ablation,include_french,2.0104600931413232
h100-d512-mix-semantic-zero-c35-seed0-from10pct-20260826-rno2a,semantic_domain_ablation,include_german,2.0542372603631116
h100-d512-mix-semantic-zero-c35-seed0-from10pct-20260826-rno2a,semantic_domain_ablation,include_hebrew,2.0536508151966966
h100-d512-mix-semantic-zero-c35-seed0-from10pct-20260826-rno2a,semantic_domain_ablation,include_hindi,2.1250138196302966
h100-d512-mix-semantic-zero-c35-seed0-from10pct-20260826-rno2a,semantic_domain_ablation,include_indonesian,2.0710031360877084
h100-d512-mix-semantic-zero-c35-seed0-from10pct-20260826-rno2a,semantic_domain_ablation,include_japanese,2.056016732167254
h100-d512-mix-semantic-zero-c35-seed0-from10pct-20260826-rno2a,semantic_domain_ablation,include_korean,2.0989873282385805
h100-d512-mix-semantic-zero-c35-seed0-from10pct-20260826-rno2a,semantic_domain_ablation,include_mean,2.0796791610123417
h100-d512-mix-semantic-zero-c35-seed0-from10pct-20260826-rno2a,semantic_domain_ablation,include_portuguese,2.0810687478267793
h100-d512-mix-semantic-zero-c35-seed0-from10pct-20260826-rno2a,semantic_domain_ablation,include_russian,2.0731276827685794
h100-d512-mix-semantic-zero-c35-seed0-from10pct-20260826-rno2a,semantic_domain_ablation,include_spanish,2.0593341545025035
h100-d512-mix-semantic-zero-c35-seed0-from10pct-20260826-rno2a,semantic_domain_ablation,include_turkish,2.0939766958343125
h100-d512-mix-semantic-zero-c35-seed0-from10pct-20260826-rno2a,semantic_domain_ablation,include_vietnamese,2.1062365338393687
h100-d512-mix-semantic-zero-c35-seed0-from10pct-20260826-rno2a,semantic_domain_ablation,lambada_0shot,0.8915070721168892
h100-d512-mix-semantic-zero-c35-seed0-from10pct-20260826-rno2a,semantic_domain_ablation,lb_bbh_3shot,1.7033026855164588
h100-d512-mix-semantic-zero-c35-seed0-from10pct-20260826-rno2a,semantic_domain_ablation,logprob_gsm8k_5shot,0.7634247110074107
h100-d512-mix-semantic-zero-c35-seed0-from10pct-20260826-rno2a,semantic_domain_ablation,logprob_humaneval_10shot,0.5177800859472431
h100-d512-mix-semantic-zero-c35-seed0-from10pct-20260826-rno2a,semantic_domain_ablation,medmcqa_0shot,3.2896793182149424
h100-d512-mix-semantic-zero-c35-seed0-from10pct-20260826-rno2a,semantic_domain_ablation,medqa_0shot,2.8477255046131784
h100-d512-mix-semantic-zero-c35-seed0-from10pct-20260826-rno2a,semantic_domain_ablation,mmlu_pro_5shot,4.075240963293795
h100-d512-mix-semantic-zero-c35-seed0-from10pct-20260826-rno2a,semantic_domain_ablation,musr_0shot,0.7267807205199535
h100-d512-mix-semantic-zero-c35-seed0-from10pct-20260826-rno2a,semantic_domain_ablation,openbookqa_0shot,1.982399286434955
h100-d512-mix-semantic-zero-c35-seed0-from10pct-20260826-rno2a,semantic_domain_ablation,piqa_0shot,1.3020801149971246
h100-d512-mix-semantic-zero-c35-seed0-from10pct-20260826-rno2a,semantic_domain_ablation,sciq_0shot,1.5299232184756333
h100-d512-mix-semantic-zero-c35-seed0-from10pct-20260826-rno2a,semantic_domain_ablation,truthfulqa_mc1_0shot,0.7748152558805721
h100-d512-mix-semantic-zero-c35-seed0-from10pct-20260826-rno2a,semantic_domain_ablation,winogrande_0shot,0.450488005049941
h100-d512-mix-semantic-zero-c36-seed0-from10pct-20260826-rno2a,semantic_domain_ablation,arc_challenge_0shot,1.4752947190739587
h100-d512-mix-semantic-zero-c36-seed0-from10pct-20260826-rno2a,semantic_domain_ablation,belebele_arabic,2.3443603834737488
h100-d512-mix-semantic-zero-c36-seed0-from10pct-20260826-rno2a,semantic_domain_ablation,belebele_bengali,2.3406367273837168
h100-d512-mix-semantic-zero-c36-seed0-from10pct-20260826-rno2a,semantic_domain_ablation,belebele_chinese_simplified,2.1428784610674936
h100-d512-mix-semantic-zero-c36-seed0-from10pct-20260826-rno2a,semantic_domain_ablation,belebele_french,2.250267062849357
h100-d512-mix-semantic-zero-c36-seed0-from10pct-20260826-rno2a,semantic_domain_ablation,belebele_german,2.1587889660217043
h100-d512-mix-semantic-zero-c36-seed0-from10pct-20260826-rno2a,semantic_domain_ablation,belebele_hebrew,2.8762941330144636
h100-d512-mix-semantic-zero-c36-seed0-from10pct-20260826-rno2a,semantic_domain_ablation,belebele_hindi,2.5873368211806635
h100-d512-mix-semantic-zero-c36-seed0-from10pct-20260826-rno2a,semantic_domain_ablation,belebele_indonesian,2.2341571000603486
h100-d512-mix-semantic-zero-c36-seed0-from10pct-20260826-rno2a,semantic_domain_ablation,belebele_japanese,2.116771346283711
h100-d512-mix-semantic-zero-c36-seed0-from10pct-20260826-rno2a,semantic_domain_ablation,belebele_korean,2.106792428462854
h100-d512-mix-semantic-zero-c36-seed0-from10pct-20260826-rno2a,semantic_domain_ablation,belebele_mean,2.5047415011356153
h100-d512-mix-semantic-zero-c36-seed0-from10pct-20260826-rno2a,semantic_domain_ablation,belebele_portuguese,2.10997938794447
h100-d512-mix-semantic-zero-c36-seed0-from10pct-20260826-rno2a,semantic_domain_ablation,belebele_russian,2.1382678538528803
h100-d512-mix-semantic-zero-c36-seed0-from10pct-20260826-rno2a,semantic_domain_ablation,belebele_spanish,2.156154268056128
h100-d512-mix-semantic-zero-c36-seed0-from10pct-20260826-rno2a,semantic_domain_ablation,belebele_swahili,3.875811242493027
h100-d512-mix-semantic-zero-c36-seed0-from10pct-20260826-rno2a,semantic_domain_ablation,belebele_thai,2.1744617614287276
h100-d512-mix-semantic-zero-c36-seed0-from10pct-20260826-rno2a,semantic_domain_ablation,belebele_turkish,2.7738531082590745
h100-d512-mix-semantic-zero-c36-seed0-from10pct-20260826-rno2a,semantic_domain_ablation,belebele_vietnamese,2.5662209054850957
h100-d512-mix-semantic-zero-c36-seed0-from10pct-20260826-rno2a,semantic_domain_ablation,belebele_yoruba,4.1323150631236105
h100-d512-mix-semantic-zero-c36-seed0-from10pct-20260826-rno2a,semantic_domain_ablation,boolq_0shot,2.590168609791495
h100-d512-mix-semantic-zero-c36-seed0-from10pct-20260826-rno2a,semantic_domain_ablation,copa_0shot,1.8254437390752523
h100-d512-mix-semantic-zero-c36-seed0-from10pct-20260826-rno2a,semantic_domain_ablation,csqa_0shot,4.009618331034505
h100-d512-mix-semantic-zero-c36-seed0-from10pct-20260826-rno2a,semantic_domain_ablation,gpqa_0shot,2.786037874837859
h100-d512-mix-semantic-zero-c36-seed0-from10pct-20260826-rno2a,semantic_domain_ablation,hellaswag_0shot,0.9692751200302988
h100-d512-mix-semantic-zero-c36-seed0-from10pct-20260826-rno2a,semantic_domain_ablation,include_arabic,2.079623829216048
h100-d512-mix-semantic-zero-c36-seed0-from10pct-20260826-rno2a,semantic_domain_ablation,include_bengali,2.1343720224523652
h100-d512-mix-semantic-zero-c36-seed0-from10pct-20260826-rno2a,semantic_domain_ablation,include_chinese,2.0756884950121517
h100-d512-mix-semantic-zero-c36-seed0-from10pct-20260826-rno2a,semantic_domain_ablation,include_french,2.0323571411771746
h100-d512-mix-semantic-zero-c36-seed0-from10pct-20260826-rno2a,semantic_domain_ablation,include_german,2.0141883898363493
h100-d512-mix-semantic-zero-c36-seed0-from10pct-20260826-rno2a,semantic_domain_ablation,include_hebrew,2.0828741352175744
h100-d512-mix-semantic-zero-c36-seed0-from10pct-20260826-rno2a,semantic_domain_ablation,include_hindi,2.067311481286175
h100-d512-mix-semantic-zero-c36-seed0-from10pct-20260826-rno2a,semantic_domain_ablation,include_indonesian,2.0700732055692703
h100-d512-mix-semantic-zero-c36-seed0-from10pct-20260826-rno2a,semantic_domain_ablation,include_japanese,2.0813312883327377
h100-d512-mix-semantic-zero-c36-seed0-from10pct-20260826-rno2a,semantic_domain_ablation,include_korean,2.0856388247949247
h100-d512-mix-semantic-zero-c36-seed0-from10pct-20260826-rno2a,semantic_domain_ablation,include_mean,2.0716435510137843
h100-d512-mix-semantic-zero-c36-seed0-from10pct-20260826-rno2a,semantic_domain_ablation,include_portuguese,2.061558777470734
h100-d512-mix-semantic-zero-c36-seed0-from10pct-20260826-rno2a,semantic_domain_ablation,include_russian,2.0744530039759916
h100-d512-mix-semantic-zero-c36-seed0-from10pct-20260826-rno2a,semantic_domain_ablation,include_spanish,2.044381242216658
h100-d512-mix-semantic-zero-c36-seed0-from10pct-20260826-rno2a,semantic_domain_ablation,include_turkish,2.0577438050583976
h100-d512-mix-semantic-zero-c36-seed0-from10pct-20260826-rno2a,semantic_domain_ablation,include_vietnamese,2.113057623590216
h100-d512-mix-semantic-zero-c36-seed0-from10pct-20260826-rno2a,semantic_domain_ablation,lambada_0shot,0.8831564380991382
h100-d512-mix-semantic-zero-c36-seed0-from10pct-20260826-rno2a,semantic_domain_ablation,lb_bbh_3shot,1.6298871208428805
h100-d512-mix-semantic-zero-c36-seed0-from10pct-20260826-rno2a,semantic_domain_ablation,logprob_gsm8k_5shot,0.7443250480977411
h100-d512-mix-semantic-zero-c36-seed0-from10pct-20260826-rno2a,semantic_domain_ablation,logprob_humaneval_10shot,0.5130902342112093
h100-d512-mix-semantic-zero-c36-seed0-from10pct-20260826-rno2a,semantic_domain_ablation,medmcqa_0shot,3.6806121465736266
h100-d512-mix-semantic-zero-c36-seed0-from10pct-20260826-rno2a,semantic_domain_ablation,medqa_0shot,2.3674949384415775
h100-d512-mix-semantic-zero-c36-seed0-from10pct-20260826-rno2a,semantic_domain_ablation,mmlu_pro_5shot,3.917347238135631
h100-d512-mix-semantic-zero-c36-seed0-from10pct-20260826-rno2a,semantic_domain_ablation,musr_0shot,0.8900177228104722
h100-d512-mix-semantic-zero-c36-seed0-from10pct-20260826-rno2a,semantic_domain_ablation,openbookqa_0shot,1.9732845084332327
h100-d512-mix-semantic-zero-c36-seed0-from10pct-20260826-rno2a,semantic_domain_ablation,piqa_0shot,1.2869531586955665
h100-d512-mix-semantic-zero-c36-seed0-from10pct-20260826-rno2a,semantic_domain_ablation,sciq_0shot,1.5041192588770915
h100-d512-mix-semantic-zero-c36-seed0-from10pct-20260826-rno2a,semantic_domain_ablation,truthfulqa_mc1_0shot,0.7615047009226941
h100-d512-mix-semantic-zero-c36-seed0-from10pct-20260826-rno2a,semantic_domain_ablation,winogrande_0shot,0.44534403899505076
h100-d512-mix-semantic-zero-c37-seed0-from10pct-20260826-rno2a,semantic_domain_ablation,arc_challenge_0shot,1.4759299603461162
h100-d512-mix-semantic-zero-c37-seed0-from10pct-20260826-rno2a,semantic_domain_ablation,belebele_arabic,2.1707303758650935
h100-d512-mix-semantic-zero-c37-seed0-from10pct-20260826-rno2a,semantic_domain_ablation,belebele_bengali,2.2451501626926236
h100-d512-mix-semantic-zero-c37-seed0-from10pct-20260826-rno2a,semantic_domain_ablation,belebele_chinese_simplified,2.0951115809346534
h100-d512-mix-semantic-zero-c37-seed0-from10pct-20260826-rno2a,semantic_domain_ablation,belebele_french,2.0716753730571176
h100-d512-mix-semantic-zero-c37-seed0-from10pct-20260826-rno2a,semantic_domain_ablation,belebele_german,2.0876096572880902
h100-d512-mix-semantic-zero-c37-seed0-from10pct-20260826-rno2a,semantic_domain_ablation,belebele_hebrew,2.1626420024624213
h100-d512-mix-semantic-zero-c37-seed0-from10pct-20260826-rno2a,semantic_domain_ablation,belebele_hindi,2.1948365562998595
h100-d512-mix-semantic-zero-c37-seed0-from10pct-20260826-rno2a,semantic_domain_ablation,belebele_indonesian,2.053441133497095
h100-d512-mix-semantic-zero-c37-seed0-from10pct-20260826-rno2a,semantic_domain_ablation,belebele_japanese,2.0884682586014205
h100-d512-mix-semantic-zero-c37-seed0-from10pct-20260826-rno2a,semantic_domain_ablation,belebele_korean,2.0655313777953643
h100-d512-mix-semantic-zero-c37-seed0-from10pct-20260826-rno2a,semantic_domain_ablation,belebele_mean,2.226271894232566
h100-d512-mix-semantic-zero-c37-seed0-from10pct-20260826-rno2a,semantic_domain_ablation,belebele_portuguese,2.1073114371333515
h100-d512-mix-semantic-zero-c37-seed0-from10pct-20260826-rno2a,semantic_domain_ablation,belebele_russian,2.161018870715043
h100-d512-mix-semantic-zero-c37-seed0-from10pct-20260826-rno2a,semantic_domain_ablation,belebele_spanish,2.1008528274157072
h100-d512-mix-semantic-zero-c37-seed0-from10pct-20260826-rno2a,semantic_domain_ablation,belebele_swahili,2.7292443509901436
h100-d512-mix-semantic-zero-c37-seed0-from10pct-20260826-rno2a,semantic_domain_ablation,belebele_thai,2.091488416887261
h100-d512-mix-semantic-zero-c37-seed0-from10pct-20260826-rno2a,semantic_domain_ablation,belebele_turkish,2.1212212330358113
h100-d512-mix-semantic-zero-c37-seed0-from10pct-20260826-rno2a,semantic_domain_ablation,belebele_vietnamese,2.2100999591408397
h100-d512-mix-semantic-zero-c37-seed0-from10pct-20260826-rno2a,semantic_domain_ablation,belebele_yoruba,3.316460522374291
h100-d512-mix-semantic-zero-c37-seed0-from10pct-20260826-rno2a,semantic_domain_ablation,boolq_0shot,1.8110526080282061
h100-d512-mix-semantic-zero-c37-seed0-from10pct-20260826-rno2a,semantic_domain_ablation,copa_0shot,1.8421793925279102
h100-d512-mix-semantic-zero-c37-seed0-from10pct-20260826-rno2a,semantic_domain_ablation,csqa_0shot,4.333400190431937
h100-d512-mix-semantic-zero-c37-seed0-from10pct-20260826-rno2a,semantic_domain_ablation,gpqa_0shot,3.2426326758650346
h100-d512-mix-semantic-zero-c37-seed0-from10pct-20260826-rno2a,semantic_domain_ablation,hellaswag_0shot,0.9700395910353617
h100-d512-mix-semantic-zero-c37-seed0-from10pct-20260826-rno2a,semantic_domain_ablation,include_arabic,2.119562786794633
h100-d512-mix-semantic-zero-c37-seed0-from10pct-20260826-rno2a,semantic_domain_ablation,include_bengali,2.0433373233592795
h100-d512-mix-semantic-zero-c37-seed0-from10pct-20260826-rno2a,semantic_domain_ablation,include_chinese,2.0794310243091085
h100-d512-mix-semantic-zero-c37-seed0-from10pct-20260826-rno2a,semantic_domain_ablation,include_french,2.0429841720536515
h100-d512-mix-semantic-zero-c37-seed0-from10pct-20260826-rno2a,semantic_domain_ablation,include_german,1.9774740204019052
h100-d512-mix-semantic-zero-c37-seed0-from10pct-20260826-rno2a,semantic_domain_ablation,include_hebrew,2.052652855377234
h100-d512-mix-semantic-zero-c37-seed0-from10pct-20260826-rno2a,semantic_domain_ablation,include_hindi,2.0925630055887443
h100-d512-mix-semantic-zero-c37-seed0-from10pct-20260826-rno2a,semantic_domain_ablation,include_indonesian,2.067504462220677
h100-d512-mix-semantic-zero-c37-seed0-from10pct-20260826-rno2a,semantic_domain_ablation,include_japanese,2.0583203045237366
h100-d512-mix-semantic-zero-c37-seed0-from10pct-20260826-rno2a,semantic_domain_ablation,include_korean,2.0798355213362303
h100-d512-mix-semantic-zero-c37-seed0-from10pct-20260826-rno2a,semantic_domain_ablation,include_mean,2.0615504890433676
h100-d512-mix-semantic-zero-c37-seed0-from10pct-20260826-rno2a,semantic_domain_ablation,include_portuguese,2.0877485525817137
h100-d512-mix-semantic-zero-c37-seed0-from10pct-20260826-rno2a,semantic_domain_ablation,include_russian,2.0414727806875304
h100-d512-mix-semantic-zero-c37-seed0-from10pct-20260826-rno2a,semantic_domain_ablation,include_spanish,2.0584680070334436
h100-d512-mix-semantic-zero-c37-seed0-from10pct-20260826-rno2a,semantic_domain_ablation,include_turkish,2.0515677613471373
h100-d512-mix-semantic-zero-c37-seed0-from10pct-20260826-rno2a,semantic_domain_ablation,include_vietnamese,2.0703347580354867
h100-d512-mix-semantic-zero-c37-seed0-from10pct-20260826-rno2a,semantic_domain_ablation,lambada_0shot,0.8794150137475586
h100-d512-mix-semantic-zero-c37-seed0-from10pct-20260826-rno2a,semantic_domain_ablation,lb_bbh_3shot,1.6821566600449864
h100-d512-mix-semantic-zero-c37-seed0-from10pct-20260826-rno2a,semantic_domain_ablation,logprob_gsm8k_5shot,0.762320038434624
h100-d512-mix-semantic-zero-c37-seed0-from10pct-20260826-rno2a,semantic_domain_ablation,logprob_humaneval_10shot,0.5273736106957817
h100-d512-mix-semantic-zero-c37-seed0-from10pct-20260826-rno2a,semantic_domain_ablation,medmcqa_0shot,4.106455171656016
h100-d512-mix-semantic-zero-c37-seed0-from10pct-20260826-rno2a,semantic_domain_ablation,medqa_0shot,2.367234921614013
h100-d512-mix-semantic-zero-c37-seed0-from10pct-20260826-rno2a,semantic_domain_ablation,mmlu_pro_5shot,4.312030213709407
h100-d512-mix-semantic-zero-c37-seed0-from10pct-20260826-rno2a,semantic_domain_ablation,musr_0shot,0.8311457178023075
h100-d512-mix-semantic-zero-c37-seed0-from10pct-20260826-rno2a,semantic_domain_ablation,openbookqa_0shot,1.964550571606866
h100-d512-mix-semantic-zero-c37-seed0-from10pct-20260826-rno2a,semantic_domain_ablation,piqa_0shot,1.2743518648148664
h100-d512-mix-semantic-zero-c37-seed0-from10pct-20260826-rno2a,semantic_domain_ablation,sciq_0shot,1.5293133904862861
h100-d512-mix-semantic-zero-c37-seed0-from10pct-20260826-rno2a,semantic_domain_ablation,truthfulqa_mc1_0shot,0.7662372783749
h100-d512-mix-semantic-zero-c37-seed0-from10pct-20260826-rno2a,semantic_domain_ablation,winogrande_0shot,0.44861775342594834
h100-d512-mix-semantic-zero-c38-seed0-from10pct-20260826-rno2a,semantic_domain_ablation,arc_challenge_0shot,1.4603273794605731
h100-d512-mix-semantic-zero-c38-seed0-from10pct-20260826-rno2a,semantic_domain_ablation,belebele_arabic,2.375425738972724
h100-d512-mix-semantic-zero-c38-seed0-from10pct-20260826-rno2a,semantic_domain_ablation,belebele_bengali,2.431727553487066
h100-d512-mix-semantic-zero-c38-seed0-from10pct-20260826-rno2a,semantic_domain_ablation,belebele_chinese_simplified,2.236624663374899
h100-d512-mix-semantic-zero-c38-seed0-from10pct-20260826-rno2a,semantic_domain_ablation,belebele_french,2.1156845818935173
h100-d512-mix-semantic-zero-c38-seed0-from10pct-20260826-rno2a,semantic_domain_ablation,belebele_german,2.154846637812939
h100-d512-mix-semantic-zero-c38-seed0-from10pct-20260826-rno2a,semantic_domain_ablation,belebele_hebrew,2.3781414819471447
h100-d512-mix-semantic-zero-c38-seed0-from10pct-20260826-rno2a,semantic_domain_ablation,belebele_hindi,2.40787903191816
h100-d512-mix-semantic-zero-c38-seed0-from10pct-20260826-rno2a,semantic_domain_ablation,belebele_indonesian,2.10339944007153
h100-d512-mix-semantic-zero-c38-seed0-from10pct-20260826-rno2a,semantic_domain_ablation,belebele_japanese,2.244330497582634
h100-d512-mix-semantic-zero-c38-seed0-from10pct-20260826-rno2a,semantic_domain_ablation,belebele_korean,2.1724851224955226
h100-d512-mix-semantic-zero-c38-seed0-from10pct-20260826-rno2a,semantic_domain_ablation,belebele_mean,2.254091565797093
h100-d512-mix-semantic-zero-c38-seed0-from10pct-20260826-rno2a,semantic_domain_ablation,belebele_portuguese,2.0837728706281418
h100-d512-mix-semantic-zero-c38-seed0-from10pct-20260826-rno2a,semantic_domain_ablation,belebele_russian,2.115421365026113
h100-d512-mix-semantic-zero-c38-seed0-from10pct-20260826-rno2a,semantic_domain_ablation,belebele_spanish,2.0965470182694563
h100-d512-mix-semantic-zero-c38-seed0-from10pct-20260826-rno2a,semantic_domain_ablation,belebele_swahili,2.488572991593266
h100-d512-mix-semantic-zero-c38-seed0-from10pct-20260826-rno2a,semantic_domain_ablation,belebele_thai,2.1343146452572546
h100-d512-mix-semantic-zero-c38-seed0-from10pct-20260826-rno2a,semantic_domain_ablation,belebele_turkish,2.4508360569159753
h100-d512-mix-semantic-zero-c38-seed0-from10pct-20260826-rno2a,semantic_domain_ablation,belebele_vietnamese,2.2120400486077196
h100-d512-mix-semantic-zero-c38-seed0-from10pct-20260826-rno2a,semantic_domain_ablation,belebele_yoruba,2.3715984384936104
h100-d512-mix-semantic-zero-c38-seed0-from10pct-20260826-rno2a,semantic_domain_ablation,boolq_0shot,2.550345216404203
h100-d512-mix-semantic-zero-c38-seed0-from10pct-20260826-rno2a,semantic_domain_ablation,copa_0shot,1.8317764066495636
h100-d512-mix-semantic-zero-c38-seed0-from10pct-20260826-rno2a,semantic_domain_ablation,csqa_0shot,5.643361771276307
h100-d512-mix-semantic-zero-c38-seed0-from10pct-20260826-rno2a,semantic_domain_ablation,gpqa_0shot,3.244617850394673
h100-d512-mix-semantic-zero-c38-seed0-from10pct-20260826-rno2a,semantic_domain_ablation,hellaswag_0shot,0.968520262542462
h100-d512-mix-semantic-zero-c38-seed0-from10pct-20260826-rno2a,semantic_domain_ablation,include_arabic,2.1467547143165517
h100-d512-mix-semantic-zero-c38-seed0-from10pct-20260826-rno2a,semantic_domain_ablation,include_bengali,2.2288403749416568
h100-d512-mix-semantic-zero-c38-seed0-from10pct-20260826-rno2a,semantic_domain_ablation,include_chinese,2.107027946154261
h100-d512-mix-semantic-zero-c38-seed0-from10pct-20260826-rno2a,semantic_domain_ablation,include_french,2.0820106880108393
h100-d512-mix-semantic-zero-c38-seed0-from10pct-20260826-rno2a,semantic_domain_ablation,include_german,2.0921436768133153
h100-d512-mix-semantic-zero-c38-seed0-from10pct-20260826-rno2a,semantic_domain_ablation,include_hebrew,2.0967525705700645
h100-d512-mix-semantic-zero-c38-seed0-from10pct-20260826-rno2a,semantic_domain_ablation,include_hindi,2.124996568072597
h100-d512-mix-semantic-zero-c38-seed0-from10pct-20260826-rno2a,semantic_domain_ablation,include_indonesian,2.1000830147603717
h100-d512-mix-semantic-zero-c38-seed0-from10pct-20260826-rno2a,semantic_domain_ablation,include_japanese,2.0570850408503065
h100-d512-mix-semantic-zero-c38-seed0-from10pct-20260826-rno2a,semantic_domain_ablation,include_korean,2.080354590257983
h100-d512-mix-semantic-zero-c38-seed0-from10pct-20260826-rno2a,semantic_domain_ablation,include_mean,2.111077617964361
h100-d512-mix-semantic-zero-c38-seed0-from10pct-20260826-rno2a,semantic_domain_ablation,include_portuguese,2.1099943349275256
h100-d512-mix-semantic-zero-c38-seed0-from10pct-20260826-rno2a,semantic_domain_ablation,include_russian,2.091290400389626
h100-d512-mix-semantic-zero-c38-seed0-from10pct-20260826-rno2a,semantic_domain_ablation,include_spanish,2.0788698690987557
h100-d512-mix-semantic-zero-c38-seed0-from10pct-20260826-rno2a,semantic_domain_ablation,include_turkish,2.1487855590492946
h100-d512-mix-semantic-zero-c38-seed0-from10pct-20260826-rno2a,semantic_domain_ablation,include_vietnamese,2.1211749212522624
h100-d512-mix-semantic-zero-c38-seed0-from10pct-20260826-rno2a,semantic_domain_ablation,lambada_0shot,0.8853443186317445
h100-d512-mix-semantic-zero-c38-seed0-from10pct-20260826-rno2a,semantic_domain_ablation,lb_bbh_3shot,1.626654286558014
h100-d512-mix-semantic-zero-c38-seed0-from10pct-20260826-rno2a,semantic_domain_ablation,logprob_gsm8k_5shot,0.7474288611879647
h100-d512-mix-semantic-zero-c38-seed0-from10pct-20260826-rno2a,semantic_domain_ablation,logprob_humaneval_10shot,0.5273587120225566
h100-d512-mix-semantic-zero-c38-seed0-from10pct-20260826-rno2a,semantic_domain_ablation,medmcqa_0shot,2.9547210770276373
h100-d512-mix-semantic-zero-c38-seed0-from10pct-20260826-rno2a,semantic_domain_ablation,medqa_0shot,2.3984370110384767
h100-d512-mix-semantic-zero-c38-seed0-from10pct-20260826-rno2a,semantic_domain_ablation,mmlu_pro_5shot,3.7600318358228755
h100-d512-mix-semantic-zero-c38-seed0-from10pct-20260826-rno2a,semantic_domain_ablation,musr_0shot,0.8074372952140068
h100-d512-mix-semantic-zero-c38-seed0-from10pct-20260826-rno2a,semantic_domain_ablation,openbookqa_0shot,1.9841351970693129
h100-d512-mix-semantic-zero-c38-seed0-from10pct-20260826-rno2a,semantic_domain_ablation,piqa_0shot,1.288191967923073
h100-d512-mix-semantic-zero-c38-seed0-from10pct-20260826-rno2a,semantic_domain_ablation,sciq_0shot,1.540668999132261
h100-d512-mix-semantic-zero-c38-seed0-from10pct-20260826-rno2a,semantic_domain_ablation,truthfulqa_mc1_0shot,0.7545669519702751
h100-d512-mix-semantic-zero-c38-seed0-from10pct-20260826-rno2a,semantic_domain_ablation,winogrande_0shot,0.446125899474361
h100-d512-mix-semantic-zero-c39-seed0-from10pct-20260826-rno2a,semantic_domain_ablation,arc_challenge_0shot,1.503895223193298
h100-d512-mix-semantic-zero-c39-seed0-from10pct-20260826-rno2a,semantic_domain_ablation,belebele_arabic,2.265365495918695
h100-d512-mix-semantic-zero-c39-seed0-from10pct-20260826-rno2a,semantic_domain_ablation,belebele_bengali,2.2707265865977115
h100-d512-mix-semantic-zero-c39-seed0-from10pct-20260826-rno2a,semantic_domain_ablation,belebele_chinese_simplified,2.1151056275235125
h100-d512-mix-semantic-zero-c39-seed0-from10pct-20260826-rno2a,semantic_domain_ablation,belebele_french,2.109592082632544
h100-d512-mix-semantic-zero-c39-seed0-from10pct-20260826-rno2a,semantic_domain_ablation,belebele_german,2.2202241454518528
h100-d512-mix-semantic-zero-c39-seed0-from10pct-20260826-rno2a,semantic_domain_ablation,belebele_hebrew,2.1880189246771344
h100-d512-mix-semantic-zero-c39-seed0-from10pct-20260826-rno2a,semantic_domain_ablation,belebele_hindi,2.3207026225769884
h100-d512-mix-semantic-zero-c39-seed0-from10pct-20260826-rno2a,semantic_domain_ablation,belebele_indonesian,2.1836660994870627
h100-d512-mix-semantic-zero-c39-seed0-from10pct-20260826-rno2a,semantic_domain_ablation,belebele_japanese,2.1851705054000647
h100-d512-mix-semantic-zero-c39-seed0-from10pct-20260826-rno2a,semantic_domain_ablation,belebele_korean,2.159714811118328
h100-d512-mix-semantic-zero-c39-seed0-from10pct-20260826-rno2a,semantic_domain_ablation,belebele_mean,2.2707135183898233
h100-d512-mix-semantic-zero-c39-seed0-from10pct-20260826-rno2a,semantic_domain_ablation,belebele_portuguese,2.11897463790393
h100-d512-mix-semantic-zero-c39-seed0-from10pct-20260826-rno2a,semantic_domain_ablation,belebele_russian,2.141645943673797
h100-d512-mix-semantic-zero-c39-seed0-from10pct-20260826-rno2a,semantic_domain_ablation,belebele_spanish,2.174733356526514
h100-d512-mix-semantic-zero-c39-seed0-from10pct-20260826-rno2a,semantic_domain_ablation,belebele_swahili,2.663116300552812
h100-d512-mix-semantic-zero-c39-seed0-from10pct-20260826-rno2a,semantic_domain_ablation,belebele_thai,2.1531161802922925
h100-d512-mix-semantic-zero-c39-seed0-from10pct-20260826-rno2a,semantic_domain_ablation,belebele_turkish,2.3977046382341456
h100-d512-mix-semantic-zero-c39-seed0-from10pct-20260826-rno2a,semantic_domain_ablation,belebele_vietnamese,2.3516479686777347
h100-d512-mix-semantic-zero-c39-seed0-from10pct-20260826-rno2a,semantic_domain_ablation,belebele_yoruba,2.8536174037717
h100-d512-mix-semantic-zero-c39-seed0-from10pct-20260826-rno2a,semantic_domain_ablation,boolq_0shot,2.6095388357987424
h100-d512-mix-semantic-zero-c39-seed0-from10pct-20260826-rno2a,semantic_domain_ablation,copa_0shot,1.8075571284644962
h100-d512-mix-semantic-zero-c39-seed0-from10pct-20260826-rno2a,semantic_domain_ablation,csqa_0shot,3.20700730006257
h100-d512-mix-semantic-zero-c39-seed0-from10pct-20260826-rno2a,semantic_domain_ablation,gpqa_0shot,3.220212453072273
h100-d512-mix-semantic-zero-c39-seed0-from10pct-20260826-rno2a,semantic_domain_ablation,hellaswag_0shot,0.9672616301475309
h100-d512-mix-semantic-zero-c39-seed0-from10pct-20260826-rno2a,semantic_domain_ablation,include_arabic,2.0787447305492788
h100-d512-mix-semantic-zero-c39-seed0-from10pct-20260826-rno2a,semantic_domain_ablation,include_bengali,2.1639614798302427
h100-d512-mix-semantic-zero-c39-seed0-from10pct-20260826-rno2a,semantic_domain_ablation,include_chinese,2.0616152466790987
h100-d512-mix-semantic-zero-c39-seed0-from10pct-20260826-rno2a,semantic_domain_ablation,include_french,2.028176713937304
h100-d512-mix-semantic-zero-c39-seed0-from10pct-20260826-rno2a,semantic_domain_ablation,include_german,2.0302382605680576
h100-d512-mix-semantic-zero-c39-seed0-from10pct-20260826-rno2a,semantic_domain_ablation,include_hebrew,2.062186206435342
h100-d512-mix-semantic-zero-c39-seed0-from10pct-20260826-rno2a,semantic_domain_ablation,include_hindi,2.109261662646322
h100-d512-mix-semantic-zero-c39-seed0-from10pct-20260826-rno2a,semantic_domain_ablation,include_indonesian,2.130511647672596
h100-d512-mix-semantic-zero-c39-seed0-from10pct-20260826-rno2a,semantic_domain_ablation,include_japanese,2.1272494235707775
h100-d512-mix-semantic-zero-c39-seed0-from10pct-20260826-rno2a,semantic_domain_ablation,include_korean,2.098329585749835
h100-d512-mix-semantic-zero-c39-seed0-from10pct-20260826-rno2a,semantic_domain_ablation,include_mean,2.0920220868051613
h100-d512-mix-semantic-zero-c39-seed0-from10pct-20260826-rno2a,semantic_domain_ablation,include_portuguese,2.124916006672102
h100-d512-mix-semantic-zero-c39-seed0-from10pct-20260826-rno2a,semantic_domain_ablation,include_russian,2.1003750633233604
h100-d512-mix-semantic-zero-c39-seed0-from10pct-20260826-rno2a,semantic_domain_ablation,include_spanish,2.0732792314123762
h100-d512-mix-semantic-zero-c39-seed0-from10pct-20260826-rno2a,semantic_domain_ablation,include_turkish,2.078909284964847
h100-d512-mix-semantic-zero-c39-seed0-from10pct-20260826-rno2a,semantic_domain_ablation,include_vietnamese,2.112576758065881
h100-d512-mix-semantic-zero-c39-seed0-from10pct-20260826-rno2a,semantic_domain_ablation,lambada_0shot,0.8836520554834151
h100-d512-mix-semantic-zero-c39-seed0-from10pct-20260826-rno2a,semantic_domain_ablation,lb_bbh_3shot,1.8211032471096003
h100-d512-mix-semantic-zero-c39-seed0-from10pct-20260826-rno2a,semantic_domain_ablation,logprob_gsm8k_5shot,0.8915284816907179
h100-d512-mix-semantic-zero-c39-seed0-from10pct-20260826-rno2a,semantic_domain_ablation,logprob_humaneval_10shot,0.5353047222720269
h100-d512-mix-semantic-zero-c39-seed0-from10pct-20260826-rno2a,semantic_domain_ablation,medmcqa_0shot,2.5274011513112664
h100-d512-mix-semantic-zero-c39-seed0-from10pct-20260826-rno2a,semantic_domain_ablation,medqa_0shot,2.413028153494903
h100-d512-mix-semantic-zero-c39-seed0-from10pct-20260826-rno2a,semantic_domain_ablation,mmlu_pro_5shot,3.945368950824433
h100-d512-mix-semantic-zero-c39-seed0-from10pct-20260826-rno2a,semantic_domain_ablation,musr_0shot,0.8325068782772458
h100-d512-mix-semantic-zero-c39-seed0-from10pct-20260826-rno2a,semantic_domain_ablation,openbookqa_0shot,1.977852026449655
h100-d512-mix-semantic-zero-c39-seed0-from10pct-20260826-rno2a,semantic_domain_ablation,piqa_0shot,1.3041669715670707
h100-d512-mix-semantic-zero-c39-seed0-from10pct-20260826-rno2a,semantic_domain_ablation,sciq_0shot,1.6020407202295415
h100-d512-mix-semantic-zero-c39-seed0-from10pct-20260826-rno2a,semantic_domain_ablation,truthfulqa_mc1_0shot,0.7576291617513744
h100-d512-mix-semantic-zero-c39-seed0-from10pct-20260826-rno2a,semantic_domain_ablation,winogrande_0shot,0.4497135253503387
h100-d512-mix-semantic-zero-q0-q2-seed0-from10pct-20260826-rno2a,semantic_quality_ablation,arc_challenge_0shot,1.5162903045889085
h100-d512-mix-semantic-zero-q0-q2-seed0-from10pct-20260826-rno2a,semantic_quality_ablation,belebele_arabic,2.189572936692673
h100-d512-mix-semantic-zero-q0-q2-seed0-from10pct-20260826-rno2a,semantic_quality_ablation,belebele_bengali,2.0849159859938036
h100-d512-mix-semantic-zero-q0-q2-seed0-from10pct-20260826-rno2a,semantic_quality_ablation,belebele_chinese_simplified,2.128644543985934
h100-d512-mix-semantic-zero-q0-q2-seed0-from10pct-20260826-rno2a,semantic_quality_ablation,belebele_french,2.102511357205556
h100-d512-mix-semantic-zero-q0-q2-seed0-from10pct-20260826-rno2a,semantic_quality_ablation,belebele_german,2.1680040947492865
h100-d512-mix-semantic-zero-q0-q2-seed0-from10pct-20260826-rno2a,semantic_quality_ablation,belebele_hebrew,2.0866579864167027
h100-d512-mix-semantic-zero-q0-q2-seed0-from10pct-20260826-rno2a,semantic_quality_ablation,belebele_hindi,2.151229824511568
h100-d512-mix-semantic-zero-q0-q2-seed0-from10pct-20260826-rno2a,semantic_quality_ablation,belebele_indonesian,2.082188029193702
h100-d512-mix-semantic-zero-q0-q2-seed0-from10pct-20260826-rno2a,semantic_quality_ablation,belebele_japanese,2.1564768872534126
h100-d512-mix-semantic-zero-q0-q2-seed0-from10pct-20260826-rno2a,semantic_quality_ablation,belebele_korean,2.0803592025651514
h100-d512-mix-semantic-zero-q0-q2-seed0-from10pct-20260826-rno2a,semantic_quality_ablation,belebele_mean,2.1368712849422
h100-d512-mix-semantic-zero-q0-q2-seed0-from10pct-20260826-rno2a,semantic_quality_ablation,belebele_portuguese,2.0824090590990334
h100-d512-mix-semantic-zero-q0-q2-seed0-from10pct-20260826-rno2a,semantic_quality_ablation,belebele_russian,2.1079344952120778
h100-d512-mix-semantic-zero-q0-q2-seed0-from10pct-20260826-rno2a,semantic_quality_ablation,belebele_spanish,2.060716196262091
h100-d512-mix-semantic-zero-q0-q2-seed0-from10pct-20260826-rno2a,semantic_quality_ablation,belebele_swahili,2.1921050604789842
h100-d512-mix-semantic-zero-q0-q2-seed0-from10pct-20260826-rno2a,semantic_quality_ablation,belebele_thai,2.103050201112907
h100-d512-mix-semantic-zero-q0-q2-seed0-from10pct-20260826-rno2a,semantic_quality_ablation,belebele_turkish,2.184936170056949
h100-d512-mix-semantic-zero-q0-q2-seed0-from10pct-20260826-rno2a,semantic_quality_ablation,belebele_vietnamese,2.200779086498188
h100-d512-mix-semantic-zero-q0-q2-seed0-from10pct-20260826-rno2a,semantic_quality_ablation,belebele_yoruba,2.301192011671574
h100-d512-mix-semantic-zero-q0-q2-seed0-from10pct-20260826-rno2a,semantic_quality_ablation,boolq_0shot,2.0775506253920617
h100-d512-mix-semantic-zero-q0-q2-seed0-from10pct-20260826-rno2a,semantic_quality_ablation,copa_0shot,1.8506195957298746
h100-d512-mix-semantic-zero-q0-q2-seed0-from10pct-20260826-rno2a,semantic_quality_ablation,csqa_0shot,5.461329720433059
h100-d512-mix-semantic-zero-q0-q2-seed0-from10pct-20260826-rno2a,semantic_quality_ablation,gpqa_0shot,2.680237996499573
h100-d512-mix-semantic-zero-q0-q2-seed0-from10pct-20260826-rno2a,semantic_quality_ablation,hellaswag_0shot,0.9833614311570485
h100-d512-mix-semantic-zero-q0-q2-seed0-from10pct-20260826-rno2a,semantic_quality_ablation,include_arabic,2.135694863040187
h100-d512-mix-semantic-zero-q0-q2-seed0-from10pct-20260826-rno2a,semantic_quality_ablation,include_bengali,2.1649403619263725
h100-d512-mix-semantic-zero-q0-q2-seed0-from10pct-20260826-rno2a,semantic_quality_ablation,include_chinese,2.088898650147454
h100-d512-mix-semantic-zero-q0-q2-seed0-from10pct-20260826-rno2a,semantic_quality_ablation,include_french,2.0415717719217166
h100-d512-mix-semantic-zero-q0-q2-seed0-from10pct-20260826-rno2a,semantic_quality_ablation,include_german,2.0718594039127196
h100-d512-mix-semantic-zero-q0-q2-seed0-from10pct-20260826-rno2a,semantic_quality_ablation,include_hebrew,2.113444691496596
h100-d512-mix-semantic-zero-q0-q2-seed0-from10pct-20260826-rno2a,semantic_quality_ablation,include_hindi,2.0807773374598226
h100-d512-mix-semantic-zero-q0-q2-seed0-from10pct-20260826-rno2a,semantic_quality_ablation,include_indonesian,2.0620592538456064
h100-d512-mix-semantic-zero-q0-q2-seed0-from10pct-20260826-rno2a,semantic_quality_ablation,include_japanese,2.086898482254465
h100-d512-mix-semantic-zero-q0-q2-seed0-from10pct-20260826-rno2a,semantic_quality_ablation,include_korean,2.0994666155093995
h100-d512-mix-semantic-zero-q0-q2-seed0-from10pct-20260826-rno2a,semantic_quality_ablation,include_mean,2.0909473218884926
h100-d512-mix-semantic-zero-q0-q2-seed0-from10pct-20260826-rno2a,semantic_quality_ablation,include_portuguese,2.0814515888547414
h100-d512-mix-semantic-zero-q0-q2-seed0-from10pct-20260826-rno2a,semantic_quality_ablation,include_russian,2.1059773821297334
h100-d512-mix-semantic-zero-q0-q2-seed0-from10pct-20260826-rno2a,semantic_quality_ablation,include_spanish,2.076968918279631
h100-d512-mix-semantic-zero-q0-q2-seed0-from10pct-20260826-rno2a,semantic_quality_ablation,include_turkish,2.0776271726621265
h100-d512-mix-semantic-zero-q0-q2-seed0-from10pct-20260826-rno2a,semantic_quality_ablation,include_vietnamese,2.076573334886817
h100-d512-mix-semantic-zero-q0-q2-seed0-from10pct-20260826-rno2a,semantic_quality_ablation,lambada_0shot,0.89587870627571
h100-d512-mix-semantic-zero-q0-q2-seed0-from10pct-20260826-rno2a,semantic_quality_ablation,lb_bbh_3shot,1.8443570562914138
h100-d512-mix-semantic-zero-q0-q2-seed0-from10pct-20260826-rno2a,semantic_quality_ablation,logprob_gsm8k_5shot,0.8606293784443279
h100-d512-mix-semantic-zero-q0-q2-seed0-from10pct-20260826-rno2a,semantic_quality_ablation,logprob_humaneval_10shot,0.5184435699447596
h100-d512-mix-semantic-zero-q0-q2-seed0-from10pct-20260826-rno2a,semantic_quality_ablation,medmcqa_0shot,4.182451770126969
h100-d512-mix-semantic-zero-q0-q2-seed0-from10pct-20260826-rno2a,semantic_quality_ablation,medqa_0shot,2.6466000819866533
h100-d512-mix-semantic-zero-q0-q2-seed0-from10pct-20260826-rno2a,semantic_quality_ablation,mmlu_pro_5shot,3.9808180157422175
h100-d512-mix-semantic-zero-q0-q2-seed0-from10pct-20260826-rno2a,semantic_quality_ablation,musr_0shot,0.8475465821117028
h100-d512-mix-semantic-zero-q0-q2-seed0-from10pct-20260826-rno2a,semantic_quality_ablation,openbookqa_0shot,1.9895584661032881
h100-d512-mix-semantic-zero-q0-q2-seed0-from10pct-20260826-rno2a,semantic_quality_ablation,piqa_0shot,1.3064175636806812
h100-d512-mix-semantic-zero-q0-q2-seed0-from10pct-20260826-rno2a,semantic_quality_ablation,sciq_0shot,1.6005051326224715
h100-d512-mix-semantic-zero-q0-q2-seed0-from10pct-20260826-rno2a,semantic_quality_ablation,truthfulqa_mc1_0shot,0.7794474451019391
h100-d512-mix-semantic-zero-q0-q2-seed0-from10pct-20260826-rno2a,semantic_quality_ablation,winogrande_0shot,0.4512483822464716
h100-d512-mix-semantic-zero-q1-seed0-from10pct-20260826-rno2a,semantic_quality_ablation,arc_challenge_0shot,1.4858035916628218
h100-d512-mix-semantic-zero-q1-seed0-from10pct-20260826-rno2a,semantic_quality_ablation,belebele_arabic,2.166081024112257
h100-d512-mix-semantic-zero-q1-seed0-from10pct-20260826-rno2a,semantic_quality_ablation,belebele_bengali,2.0927920994597917
h100-d512-mix-semantic-zero-q1-seed0-from10pct-20260826-rno2a,semantic_quality_ablation,belebele_chinese_simplified,2.0947390211285715
h100-d512-mix-semantic-zero-q1-seed0-from10pct-20260826-rno2a,semantic_quality_ablation,belebele_french,2.082458767722343
h100-d512-mix-semantic-zero-q1-seed0-from10pct-20260826-rno2a,semantic_quality_ablation,belebele_german,2.0733673886334607
h100-d512-mix-semantic-zero-q1-seed0-from10pct-20260826-rno2a,semantic_quality_ablation,belebele_hebrew,2.165941996012586
h100-d512-mix-semantic-zero-q1-seed0-from10pct-20260826-rno2a,semantic_quality_ablation,belebele_hindi,2.1191421040037453
h100-d512-mix-semantic-zero-q1-seed0-from10pct-20260826-rno2a,semantic_quality_ablation,belebele_indonesian,2.0499834969228603
h100-d512-mix-semantic-zero-q1-seed0-from10pct-20260826-rno2a,semantic_quality_ablation,belebele_japanese,2.1070041633747265
h100-d512-mix-semantic-zero-q1-seed0-from10pct-20260826-rno2a,semantic_quality_ablation,belebele_korean,2.0359156847939746
h100-d512-mix-semantic-zero-q1-seed0-from10pct-20260826-rno2a,semantic_quality_ablation,belebele_mean,2.098113768339273
h100-d512-mix-semantic-zero-q1-seed0-from10pct-20260826-rno2a,semantic_quality_ablation,belebele_portuguese,2.07741631446006
h100-d512-mix-semantic-zero-q1-seed0-from10pct-20260826-rno2a,semantic_quality_ablation,belebele_russian,2.079292381569787
h100-d512-mix-semantic-zero-q1-seed0-from10pct-20260826-rno2a,semantic_quality_ablation,belebele_spanish,2.0502997606923743
h100-d512-mix-semantic-zero-q1-seed0-from10pct-20260826-rno2a,semantic_quality_ablation,belebele_swahili,2.1068054311156246
h100-d512-mix-semantic-zero-q1-seed0-from10pct-20260826-rno2a,semantic_quality_ablation,belebele_thai,2.0596956518806913
h100-d512-mix-semantic-zero-q1-seed0-from10pct-20260826-rno2a,semantic_quality_ablation,belebele_turkish,2.1521507714467525
h100-d512-mix-semantic-zero-q1-seed0-from10pct-20260826-rno2a,semantic_quality_ablation,belebele_vietnamese,2.113989584997924
h100-d512-mix-semantic-zero-q1-seed0-from10pct-20260826-rno2a,semantic_quality_ablation,belebele_yoruba,2.1389721877793892
h100-d512-mix-semantic-zero-q1-seed0-from10pct-20260826-rno2a,semantic_quality_ablation,boolq_0shot,2.3963203133770588
h100-d512-mix-semantic-zero-q1-seed0-from10pct-20260826-rno2a,semantic_quality_ablation,copa_0shot,1.7841039261966074
h100-d512-mix-semantic-zero-q1-seed0-from10pct-20260826-rno2a,semantic_quality_ablation,csqa_0shot,3.64438443223192
h100-d512-mix-semantic-zero-q1-seed0-from10pct-20260826-rno2a,semantic_quality_ablation,gpqa_0shot,2.821837282979642
h100-d512-mix-semantic-zero-q1-seed0-from10pct-20260826-rno2a,semantic_quality_ablation,hellaswag_0shot,0.9722000580705523
h100-d512-mix-semantic-zero-q1-seed0-from10pct-20260826-rno2a,semantic_quality_ablation,include_arabic,2.1317715906026073
h100-d512-mix-semantic-zero-q1-seed0-from10pct-20260826-rno2a,semantic_quality_ablation,include_bengali,2.0749684034189078
h100-d512-mix-semantic-zero-q1-seed0-from10pct-20260826-rno2a,semantic_quality_ablation,include_chinese,2.0747659865419963
h100-d512-mix-semantic-zero-q1-seed0-from10pct-20260826-rno2a,semantic_quality_ablation,include_french,2.02925825639036
h100-d512-mix-semantic-zero-q1-seed0-from10pct-20260826-rno2a,semantic_quality_ablation,include_german,2.0558891450636527
h100-d512-mix-semantic-zero-q1-seed0-from10pct-20260826-rno2a,semantic_quality_ablation,include_hebrew,2.07285640018279
h100-d512-mix-semantic-zero-q1-seed0-from10pct-20260826-rno2a,semantic_quality_ablation,include_hindi,2.034727966987551
h100-d512-mix-semantic-zero-q1-seed0-from10pct-20260826-rno2a,semantic_quality_ablation,include_indonesian,2.0724383732103857
h100-d512-mix-semantic-zero-q1-seed0-from10pct-20260826-rno2a,semantic_quality_ablation,include_japanese,2.073731778171996
h100-d512-mix-semantic-zero-q1-seed0-from10pct-20260826-rno2a,semantic_quality_ablation,include_korean,2.08522405492377
h100-d512-mix-semantic-zero-q1-seed0-from10pct-20260826-rno2a,semantic_quality_ablation,include_mean,2.073729469780676
h100-d512-mix-semantic-zero-q1-seed0-from10pct-20260826-rno2a,semantic_quality_ablation,include_portuguese,2.073904754790201
h100-d512-mix-semantic-zero-q1-seed0-from10pct-20260826-rno2a,semantic_quality_ablation,include_russian,2.0588411792996144
h100-d512-mix-semantic-zero-q1-seed0-from10pct-20260826-rno2a,semantic_quality_ablation,include_spanish,2.0565724544370343
h100-d512-mix-semantic-zero-q1-seed0-from10pct-20260826-rno2a,semantic_quality_ablation,include_turkish,2.1025626952424337
h100-d512-mix-semantic-zero-q1-seed0-from10pct-20260826-rno2a,semantic_quality_ablation,include_vietnamese,2.1084290074468384
h100-d512-mix-semantic-zero-q1-seed0-from10pct-20260826-rno2a,semantic_quality_ablation,lambada_0shot,0.8889426041792974
h100-d512-mix-semantic-zero-q1-seed0-from10pct-20260826-rno2a,semantic_quality_ablation,lb_bbh_3shot,1.825600237305055
h100-d512-mix-semantic-zero-q1-seed0-from10pct-20260826-rno2a,semantic_quality_ablation,logprob_gsm8k_5shot,0.7499645846362709
h100-d512-mix-semantic-zero-q1-seed0-from10pct-20260826-rno2a,semantic_quality_ablation,logprob_humaneval_10shot,0.5405668904429418
h100-d512-mix-semantic-zero-q1-seed0-from10pct-20260826-rno2a,semantic_quality_ablation,medmcqa_0shot,2.7221759815509587
h100-d512-mix-semantic-zero-q1-seed0-from10pct-20260826-rno2a,semantic_quality_ablation,medqa_0shot,2.167127785937931
h100-d512-mix-semantic-zero-q1-seed0-from10pct-20260826-rno2a,semantic_quality_ablation,mmlu_pro_5shot,4.047736982884734
h100-d512-mix-semantic-zero-q1-seed0-from10pct-20260826-rno2a,semantic_quality_ablation,musr_0shot,0.7333090576210596
h100-d512-mix-semantic-zero-q1-seed0-from10pct-20260826-rno2a,semantic_quality_ablation,openbookqa_0shot,1.9837477517081157
h100-d512-mix-semantic-zero-q1-seed0-from10pct-20260826-rno2a,semantic_quality_ablation,piqa_0shot,1.2859852072436866
h100-d512-mix-semantic-zero-q1-seed0-from10pct-20260826-rno2a,semantic_quality_ablation,sciq_0shot,1.6362528718386886
h100-d512-mix-semantic-zero-q1-seed0-from10pct-20260826-rno2a,semantic_quality_ablation,truthfulqa_mc1_0shot,0.7574705359837338
h100-d512-mix-semantic-zero-q1-seed0-from10pct-20260826-rno2a,semantic_quality_ablation,winogrande_0shot,0.44829089027823327
h100-d512-mix-semantic-zero-q2-seed0-from10pct-20260826-rno2a,semantic_quality_ablation,arc_challenge_0shot,1.4509471363889324
h100-d512-mix-semantic-zero-q2-seed0-from10pct-20260826-rno2a,semantic_quality_ablation,belebele_arabic,2.3995415524424
h100-d512-mix-semantic-zero-q2-seed0-from10pct-20260826-rno2a,semantic_quality_ablation,belebele_bengali,2.2831000867041347
h100-d512-mix-semantic-zero-q2-seed0-from10pct-20260826-rno2a,semantic_quality_ablation,belebele_chinese_simplified,2.263940607713062
h100-d512-mix-semantic-zero-q2-seed0-from10pct-20260826-rno2a,semantic_quality_ablation,belebele_french,2.1349072486481675
h100-d512-mix-semantic-zero-q2-seed0-from10pct-20260826-rno2a,semantic_quality_ablation,belebele_german,2.214597111024957
h100-d512-mix-semantic-zero-q2-seed0-from10pct-20260826-rno2a,semantic_quality_ablation,belebele_hebrew,2.131830063495036
h100-d512-mix-semantic-zero-q2-seed0-from10pct-20260826-rno2a,semantic_quality_ablation,belebele_hindi,2.257636505871302
h100-d512-mix-semantic-zero-q2-seed0-from10pct-20260826-rno2a,semantic_quality_ablation,belebele_indonesian,2.1217258587016707
h100-d512-mix-semantic-zero-q2-seed0-from10pct-20260826-rno2a,semantic_quality_ablation,belebele_japanese,2.3919521097867382
h100-d512-mix-semantic-zero-q2-seed0-from10pct-20260826-rno2a,semantic_quality_ablation,belebele_korean,2.2686692222567486
h100-d512-mix-semantic-zero-q2-seed0-from10pct-20260826-rno2a,semantic_quality_ablation,belebele_mean,2.297290883605419
h100-d512-mix-semantic-zero-q2-seed0-from10pct-20260826-rno2a,semantic_quality_ablation,belebele_portuguese,2.1308861369068666
h100-d512-mix-semantic-zero-q2-seed0-from10pct-20260826-rno2a,semantic_quality_ablation,belebele_russian,2.1490712192390706
h100-d512-mix-semantic-zero-q2-seed0-from10pct-20260826-rno2a,semantic_quality_ablation,belebele_spanish,2.127253546299294
h100-d512-mix-semantic-zero-q2-seed0-from10pct-20260826-rno2a,semantic_quality_ablation,belebele_swahili,2.635901146551646
h100-d512-mix-semantic-zero-q2-seed0-from10pct-20260826-rno2a,semantic_quality_ablation,belebele_thai,2.1991030540339587
h100-d512-mix-semantic-zero-q2-seed0-from10pct-20260826-rno2a,semantic_quality_ablation,belebele_turkish,2.769388862866553
h100-d512-mix-semantic-zero-q2-seed0-from10pct-20260826-rno2a,semantic_quality_ablation,belebele_vietnamese,2.3477160113094553
h100-d512-mix-semantic-zero-q2-seed0-from10pct-20260826-rno2a,semantic_quality_ablation,belebele_yoruba,2.524015561046481
h100-d512-mix-semantic-zero-q2-seed0-from10pct-20260826-rno2a,semantic_quality_ablation,boolq_0shot,2.0153171280546966
h100-d512-mix-semantic-zero-q2-seed0-from10pct-20260826-rno2a,semantic_quality_ablation,copa_0shot,1.7965043766704574
h100-d512-mix-semantic-zero-q2-seed0-from10pct-20260826-rno2a,semantic_quality_ablation,csqa_0shot,6.291406720910044
h100-d512-mix-semantic-zero-q2-seed0-from10pct-20260826-rno2a,semantic_quality_ablation,gpqa_0shot,2.941808500896992
h100-d512-mix-semantic-zero-q2-seed0-from10pct-20260826-rno2a,semantic_quality_ablation,hellaswag_0shot,0.9812939865104205
h100-d512-mix-semantic-zero-q2-seed0-from10pct-20260826-rno2a,semantic_quality_ablation,include_arabic,2.064626003867409
h100-d512-mix-semantic-zero-q2-seed0-from10pct-20260826-rno2a,semantic_quality_ablation,include_bengali,2.1422130430739434
h100-d512-mix-semantic-zero-q2-seed0-from10pct-20260826-rno2a,semantic_quality_ablation,include_chinese,2.0884109119252923
h100-d512-mix-semantic-zero-q2-seed0-from10pct-20260826-rno2a,semantic_quality_ablation,include_french,2.0634317125457287
h100-d512-mix-semantic-zero-q2-seed0-from10pct-20260826-rno2a,semantic_quality_ablation,include_german,2.1319266553567746
h100-d512-mix-semantic-zero-q2-seed0-from10pct-20260826-rno2a,semantic_quality_ablation,include_hebrew,2.125134651056511
h100-d512-mix-semantic-zero-q2-seed0-from10pct-20260826-rno2a,semantic_quality_ablation,include_hindi,2.0789258976905014
h100-d512-mix-semantic-zero-q2-seed0-from10pct-20260826-rno2a,semantic_quality_ablation,include_indonesian,2.0522896142600002
h100-d512-mix-semantic-zero-q2-seed0-from10pct-20260826-rno2a,semantic_quality_ablation,include_japanese,2.1144095877921774
h100-d512-mix-semantic-zero-q2-seed0-from10pct-20260826-rno2a,semantic_quality_ablation,include_korean,2.1179061266821853
h100-d512-mix-semantic-zero-q2-seed0-from10pct-20260826-rno2a,semantic_quality_ablation,include_mean,2.1012404966422924
h100-d512-mix-semantic-zero-q2-seed0-from10pct-20260826-rno2a,semantic_quality_ablation,include_portuguese,2.0672823241967024
h100-d512-mix-semantic-zero-q2-seed0-from10pct-20260826-rno2a,semantic_quality_ablation,include_russian,2.1371985322817024
h100-d512-mix-semantic-zero-q2-seed0-from10pct-20260826-rno2a,semantic_quality_ablation,include_spanish,2.0843120990470085
h100-d512-mix-semantic-zero-q2-seed0-from10pct-20260826-rno2a,semantic_quality_ablation,include_turkish,2.1157113943779446
h100-d512-mix-semantic-zero-q2-seed0-from10pct-20260826-rno2a,semantic_quality_ablation,include_vietnamese,2.1348288954805015
h100-d512-mix-semantic-zero-q2-seed0-from10pct-20260826-rno2a,semantic_quality_ablation,lambada_0shot,0.9203770215434681
h100-d512-mix-semantic-zero-q2-seed0-from10pct-20260826-rno2a,semantic_quality_ablation,lb_bbh_3shot,1.7042554007820059
h100-d512-mix-semantic-zero-q2-seed0-from10pct-20260826-rno2a,semantic_quality_ablation,logprob_gsm8k_5shot,0.7917299528453084
h100-d512-mix-semantic-zero-q2-seed0-from10pct-20260826-rno2a,semantic_quality_ablation,logprob_humaneval_10shot,0.5249478005563261
h100-d512-mix-semantic-zero-q2-seed0-from10pct-20260826-rno2a,semantic_quality_ablation,medmcqa_0shot,2.776633962205424
h100-d512-mix-semantic-zero-q2-seed0-from10pct-20260826-rno2a,semantic_quality_ablation,medqa_0shot,2.304371458029695
h100-d512-mix-semantic-zero-q2-seed0-from10pct-20260826-rno2a,semantic_quality_ablation,mmlu_pro_5shot,3.7639062741603855
h100-d512-mix-semantic-zero-q2-seed0-from10pct-20260826-rno2a,semantic_quality_ablation,musr_0shot,0.9696451350804172
h100-d512-mix-semantic-zero-q2-seed0-from10pct-20260826-rno2a,semantic_quality_ablation,openbookqa_0shot,1.9879418093819834
h100-d512-mix-semantic-zero-q2-seed0-from10pct-20260826-rno2a,semantic_quality_ablation,piqa_0shot,1.2937974450839018
h100-d512-mix-semantic-zero-q2-seed0-from10pct-20260826-rno2a,semantic_quality_ablation,sciq_0shot,1.4807008105616513
h100-d512-mix-semantic-zero-q2-seed0-from10pct-20260826-rno2a,semantic_quality_ablation,truthfulqa_mc1_0shot,0.7650293664970436
h100-d512-mix-semantic-zero-q2-seed0-from10pct-20260826-rno2a,semantic_quality_ablation,winogrande_0shot,0.4503079599586511
h100-d512-mix-semantic-zero-q3-seed0-from10pct-20260826-rno2a,semantic_quality_ablation,arc_challenge_0shot,1.4870133540350312
h100-d512-mix-semantic-zero-q3-seed0-from10pct-20260826-rno2a,semantic_quality_ablation,belebele_arabic,2.5315421455719824
h100-d512-mix-semantic-zero-q3-seed0-from10pct-20260826-rno2a,semantic_quality_ablation,belebele_bengali,3.2134258967286162
h100-d512-mix-semantic-zero-q3-seed0-from10pct-20260826-rno2a,semantic_quality_ablation,belebele_chinese_simplified,2.1524718701263112
h100-d512-mix-semantic-zero-q3-seed0-from10pct-20260826-rno2a,semantic_quality_ablation,belebele_french,2.330114217596698
h100-d512-mix-semantic-zero-q3-seed0-from10pct-20260826-rno2a,semantic_quality_ablation,belebele_german,2.288052040784615
h100-d512-mix-semantic-zero-q3-seed0-from10pct-20260826-rno2a,semantic_quality_ablation,belebele_hebrew,2.8046292143545157
h100-d512-mix-semantic-zero-q3-seed0-from10pct-20260826-rno2a,semantic_quality_ablation,belebele_hindi,2.83967947943788
h100-d512-mix-semantic-zero-q3-seed0-from10pct-20260826-rno2a,semantic_quality_ablation,belebele_indonesian,2.08284142071247
h100-d512-mix-semantic-zero-q3-seed0-from10pct-20260826-rno2a,semantic_quality_ablation,belebele_japanese,2.3091985572577047
h100-d512-mix-semantic-zero-q3-seed0-from10pct-20260826-rno2a,semantic_quality_ablation,belebele_korean,2.111143187663558
h100-d512-mix-semantic-zero-q3-seed0-from10pct-20260826-rno2a,semantic_quality_ablation,belebele_mean,2.404372175342437
h100-d512-mix-semantic-zero-q3-seed0-from10pct-20260826-rno2a,semantic_quality_ablation,belebele_portuguese,2.075746805297778
h100-d512-mix-semantic-zero-q3-seed0-from10pct-20260826-rno2a,semantic_quality_ablation,belebele_russian,2.121246669747603
h100-d512-mix-semantic-zero-q3-seed0-from10pct-20260826-rno2a,semantic_quality_ablation,belebele_spanish,2.182057153250917
h100-d512-mix-semantic-zero-q3-seed0-from10pct-20260826-rno2a,semantic_quality_ablation,belebele_swahili,2.3188746428674434
h100-d512-mix-semantic-zero-q3-seed0-from10pct-20260826-rno2a,semantic_quality_ablation,belebele_thai,2.215439947166411
h100-d512-mix-semantic-zero-q3-seed0-from10pct-20260826-rno2a,semantic_quality_ablation,belebele_turkish,2.309984133113193
h100-d512-mix-semantic-zero-q3-seed0-from10pct-20260826-rno2a,semantic_quality_ablation,belebele_vietnamese,2.5434897977167785
h100-d512-mix-semantic-zero-q3-seed0-from10pct-20260826-rno2a,semantic_quality_ablation,belebele_yoruba,2.848761976769389
h100-d512-mix-semantic-zero-q3-seed0-from10pct-20260826-rno2a,semantic_quality_ablation,boolq_0shot,2.6992192199901845
h100-d512-mix-semantic-zero-q3-seed0-from10pct-20260826-rno2a,semantic_quality_ablation,copa_0shot,1.7982275241443062
h100-d512-mix-semantic-zero-q3-seed0-from10pct-20260826-rno2a,semantic_quality_ablation,csqa_0shot,5.094922803396222
h100-d512-mix-semantic-zero-q3-seed0-from10pct-20260826-rno2a,semantic_quality_ablation,gpqa_0shot,2.8977401519927106
h100-d512-mix-semantic-zero-q3-seed0-from10pct-20260826-rno2a,semantic_quality_ablation,hellaswag_0shot,0.9687251240554716
h100-d512-mix-semantic-zero-q3-seed0-from10pct-20260826-rno2a,semantic_quality_ablation,include_arabic,2.1393999254793217
h100-d512-mix-semantic-zero-q3-seed0-from10pct-20260826-rno2a,semantic_quality_ablation,include_bengali,2.0662019107294007
h100-d512-mix-semantic-zero-q3-seed0-from10pct-20260826-rno2a,semantic_quality_ablation,include_chinese,2.044437213063849
h100-d512-mix-semantic-zero-q3-seed0-from10pct-20260826-rno2a,semantic_quality_ablation,include_french,2.068330198547894
h100-d512-mix-semantic-zero-q3-seed0-from10pct-20260826-rno2a,semantic_quality_ablation,include_german,1.9978550193148306
h100-d512-mix-semantic-zero-q3-seed0-from10pct-20260826-rno2a,semantic_quality_ablation,include_hebrew,2.0764437610469604
h100-d512-mix-semantic-zero-q3-seed0-from10pct-20260826-rno2a,semantic_quality_ablation,include_hindi,2.1207281196564587
h100-d512-mix-semantic-zero-q3-seed0-from10pct-20260826-rno2a,semantic_quality_ablation,include_indonesian,2.055161249700944
h100-d512-mix-semantic-zero-q3-seed0-from10pct-20260826-rno2a,semantic_quality_ablation,include_japanese,2.0756245313480335
h100-d512-mix-semantic-zero-q3-seed0-from10pct-20260826-rno2a,semantic_quality_ablation,include_korean,2.0789553557489158
h100-d512-mix-semantic-zero-q3-seed0-from10pct-20260826-rno2a,semantic_quality_ablation,include_mean,2.070128998584944
h100-d512-mix-semantic-zero-q3-seed0-from10pct-20260826-rno2a,semantic_quality_ablation,include_portuguese,2.0899563934397425
h100-d512-mix-semantic-zero-q3-seed0-from10pct-20260826-rno2a,semantic_quality_ablation,include_russian,2.0684526294548204
h100-d512-mix-semantic-zero-q3-seed0-from10pct-20260826-rno2a,semantic_quality_ablation,include_spanish,2.0587334172268643
h100-d512-mix-semantic-zero-q3-seed0-from10pct-20260826-rno2a,semantic_quality_ablation,include_turkish,2.0429993870223604
h100-d512-mix-semantic-zero-q3-seed0-from10pct-20260826-rno2a,semantic_quality_ablation,include_vietnamese,2.0686558669937645
h100-d512-mix-semantic-zero-q3-seed0-from10pct-20260826-rno2a,semantic_quality_ablation,lambada_0shot,0.8801249986161652
h100-d512-mix-semantic-zero-q3-seed0-from10pct-20260826-rno2a,semantic_quality_ablation,lb_bbh_3shot,1.729333082850406
h100-d512-mix-semantic-zero-q3-seed0-from10pct-20260826-rno2a,semantic_quality_ablation,logprob_gsm8k_5shot,0.7382387132017537
h100-d512-mix-semantic-zero-q3-seed0-from10pct-20260826-rno2a,semantic_quality_ablation,logprob_humaneval_10shot,0.543405137364862
h100-d512-mix-semantic-zero-q3-seed0-from10pct-20260826-rno2a,semantic_quality_ablation,medmcqa_0shot,4.26083287106946
h100-d512-mix-semantic-zero-q3-seed0-from10pct-20260826-rno2a,semantic_quality_ablation,medqa_0shot,4.5412504054076255
h100-d512-mix-semantic-zero-q3-seed0-from10pct-20260826-rno2a,semantic_quality_ablation,mmlu_pro_5shot,4.057275059177053
h100-d512-mix-semantic-zero-q3-seed0-from10pct-20260826-rno2a,semantic_quality_ablation,musr_0shot,0.9831351166818891
h100-d512-mix-semantic-zero-q3-seed0-from10pct-20260826-rno2a,semantic_quality_ablation,openbookqa_0shot,1.9657183429679597
h100-d512-mix-semantic-zero-q3-seed0-from10pct-20260826-rno2a,semantic_quality_ablation,piqa_0shot,1.3238011340135647
h100-d512-mix-semantic-zero-q3-seed0-from10pct-20260826-rno2a,semantic_quality_ablation,sciq_0shot,1.649743313486533
h100-d512-mix-semantic-zero-q3-seed0-from10pct-20260826-rno2a,semantic_quality_ablation,truthfulqa_mc1_0shot,0.7901063851256436
h100-d512-mix-semantic-zero-q3-seed0-from10pct-20260826-rno2a,semantic_quality_ablation,winogrande_0shot,0.4459920088427077
h100-d512-mix-proportional-seed0-from10pct-20260826-rno2a,proportional_baseline,arc_challenge_0shot,1.5357224095544835
h100-d512-mix-proportional-seed0-from10pct-20260826-rno2a,proportional_baseline,belebele_arabic,2.285203637081531
h100-d512-mix-proportional-seed0-from10pct-20260826-rno2a,proportional_baseline,belebele_bengali,2.6422434721108288
h100-d512-mix-proportional-seed0-from10pct-20260826-rno2a,proportional_baseline,belebele_chinese_simplified,2.3901531165109056
h100-d512-mix-proportional-seed0-from10pct-20260826-rno2a,proportional_baseline,belebele_french,2.1621956294224165
h100-d512-mix-proportional-seed0-from10pct-20260826-rno2a,proportional_baseline,belebele_german,2.16823905591816
h100-d512-mix-proportional-seed0-from10pct-20260826-rno2a,proportional_baseline,belebele_hebrew,2.470025143102581
h100-d512-mix-proportional-seed0-from10pct-20260826-rno2a,proportional_baseline,belebele_hindi,2.345236329428504
h100-d512-mix-proportional-seed0-from10pct-20260826-rno2a,proportional_baseline,belebele_indonesian,2.1212543786788336
h100-d512-mix-proportional-seed0-from10pct-20260826-rno2a,proportional_baseline,belebele_japanese,2.270848885371659
h100-d512-mix-proportional-seed0-from10pct-20260826-rno2a,proportional_baseline,belebele_korean,2.1117785780448948
h100-d512-mix-proportional-seed0-from10pct-20260826-rno2a,proportional_baseline,belebele_mean,2.2704269871030776
h100-d512-mix-proportional-seed0-from10pct-20260826-rno2a,proportional_baseline,belebele_portuguese,2.1597995705702484
h100-d512-mix-proportional-seed0-from10pct-20260826-rno2a,proportional_baseline,belebele_russian,2.211462635584447
h100-d512-mix-proportional-seed0-from10pct-20260826-rno2a,proportional_baseline,belebele_spanish,2.1519375899696884
h100-d512-mix-proportional-seed0-from10pct-20260826-rno2a,proportional_baseline,belebele_swahili,2.1624896481915004
h100-d512-mix-proportional-seed0-from10pct-20260826-rno2a,proportional_baseline,belebele_thai,2.238801882234156
h100-d512-mix-proportional-seed0-from10pct-20260826-rno2a,proportional_baseline,belebele_turkish,2.192894942780052
h100-d512-mix-proportional-seed0-from10pct-20260826-rno2a,proportional_baseline,belebele_vietnamese,2.3493814762997
h100-d512-mix-proportional-seed0-from10pct-20260826-rno2a,proportional_baseline,belebele_yoruba,2.433739796555291
h100-d512-mix-proportional-seed0-from10pct-20260826-rno2a,proportional_baseline,boolq_0shot,2.5548519926855358
h100-d512-mix-proportional-seed0-from10pct-20260826-rno2a,proportional_baseline,copa_0shot,1.7898477398980899
h100-d512-mix-proportional-seed0-from10pct-20260826-rno2a,proportional_baseline,csqa_0shot,3.3295486517823907
h100-d512-mix-proportional-seed0-from10pct-20260826-rno2a,proportional_baseline,gpqa_0shot,2.519189752491994
h100-d512-mix-proportional-seed0-from10pct-20260826-rno2a,proportional_baseline,hellaswag_0shot,0.9610536111589186
h100-d512-mix-proportional-seed0-from10pct-20260826-rno2a,proportional_baseline,include_arabic,2.1081380528266314
h100-d512-mix-proportional-seed0-from10pct-20260826-rno2a,proportional_baseline,include_bengali,2.116445295661519
h100-d512-mix-proportional-seed0-from10pct-20260826-rno2a,proportional_baseline,include_chinese,2.0581208769870147
h100-d512-mix-proportional-seed0-from10pct-20260826-rno2a,proportional_baseline,include_french,2.07268474221383
h100-d512-mix-proportional-seed0-from10pct-20260826-rno2a,proportional_baseline,include_german,1.9960469056979753
h100-d512-mix-proportional-seed0-from10pct-20260826-rno2a,proportional_baseline,include_hebrew,2.1274837928851746
h100-d512-mix-proportional-seed0-from10pct-20260826-rno2a,proportional_baseline,include_hindi,2.185705856036372
h100-d512-mix-proportional-seed0-from10pct-20260826-rno2a,proportional_baseline,include_indonesian,2.1055588218196406
h100-d512-mix-proportional-seed0-from10pct-20260826-rno2a,proportional_baseline,include_japanese,2.091611789351872
h100-d512-mix-proportional-seed0-from10pct-20260826-rno2a,proportional_baseline,include_korean,2.1139005325915097
h100-d512-mix-proportional-seed0-from10pct-20260826-rno2a,proportional_baseline,include_mean,2.0931703212348736
h100-d512-mix-proportional-seed0-from10pct-20260826-rno2a,proportional_baseline,include_portuguese,2.146183133447987
h100-d512-mix-proportional-seed0-from10pct-20260826-rno2a,proportional_baseline,include_russian,2.0685531687366074
h100-d512-mix-proportional-seed0-from10pct-20260826-rno2a,proportional_baseline,include_spanish,2.0681921729990305
h100-d512-mix-proportional-seed0-from10pct-20260826-rno2a,proportional_baseline,include_turkish,2.066737464076514
h100-d512-mix-proportional-seed0-from10pct-20260826-rno2a,proportional_baseline,include_vietnamese,2.0721922131914234
h100-d512-mix-proportional-seed0-from10pct-20260826-rno2a,proportional_baseline,lambada_0shot,0.8575957258514524
h100-d512-mix-proportional-seed0-from10pct-20260826-rno2a,proportional_baseline,lb_bbh_3shot,1.6134123898026886
h100-d512-mix-proportional-seed0-from10pct-20260826-rno2a,proportional_baseline,logprob_gsm8k_5shot,0.7830996624184536
h100-d512-mix-proportional-seed0-from10pct-20260826-rno2a,proportional_baseline,logprob_humaneval_10shot,0.5364480372544744
h100-d512-mix-proportional-seed0-from10pct-20260826-rno2a,proportional_baseline,medmcqa_0shot,2.3354863114670406
h100-d512-mix-proportional-seed0-from10pct-20260826-rno2a,proportional_baseline,medqa_0shot,2.3458807302877527
h100-d512-mix-proportional-seed0-from10pct-20260826-rno2a,proportional_baseline,mmlu_pro_5shot,4.705067130703236
h100-d512-mix-proportional-seed0-from10pct-20260826-rno2a,proportional_baseline,musr_0shot,0.7862889473947093
h100-d512-mix-proportional-seed0-from10pct-20260826-rno2a,proportional_baseline,openbookqa_0shot,1.9707812925038781
h100-d512-mix-proportional-seed0-from10pct-20260826-rno2a,proportional_baseline,piqa_0shot,1.2752382103843325
h100-d512-mix-proportional-seed0-from10pct-20260826-rno2a,proportional_baseline,sciq_0shot,1.4879375410349072
h100-d512-mix-proportional-seed0-from10pct-20260826-rno2a,proportional_baseline,truthfulqa_mc1_0shot,0.7614303972222211
h100-d512-mix-proportional-seed0-from10pct-20260826-rno2a,proportional_baseline,winogrande_0shot,0.4457947266473442
h100-d512-mix-proportional-seed1-from10pct-20260826-rno2a,proportional_baseline,arc_challenge_0shot,1.535642414313112
h100-d512-mix-proportional-seed1-from10pct-20260826-rno2a,proportional_baseline,belebele_arabic,2.1873294897032194
h100-d512-mix-proportional-seed1-from10pct-20260826-rno2a,proportional_baseline,belebele_bengali,2.292477915319
h100-d512-mix-proportional-seed1-from10pct-20260826-rno2a,proportional_baseline,belebele_chinese_simplified,2.112407070870936
h100-d512-mix-proportional-seed1-from10pct-20260826-rno2a,proportional_baseline,belebele_french,2.1457907364518265
h100-d512-mix-proportional-seed1-from10pct-20260826-rno2a,proportional_baseline,belebele_german,2.1267008577885482
h100-d512-mix-proportional-seed1-from10pct-20260826-rno2a,proportional_baseline,belebele_hebrew,2.223434888987537
h100-d512-mix-proportional-seed1-from10pct-20260826-rno2a,proportional_baseline,belebele_hindi,2.2607200176928846
h100-d512-mix-proportional-seed1-from10pct-20260826-rno2a,proportional_baseline,belebele_indonesian,2.121455377764823
h100-d512-mix-proportional-seed1-from10pct-20260826-rno2a,proportional_baseline,belebele_japanese,2.117915182447775
h100-d512-mix-proportional-seed1-from10pct-20260826-rno2a,proportional_baseline,belebele_korean,2.0910704225133867
h100-d512-mix-proportional-seed1-from10pct-20260826-rno2a,proportional_baseline,belebele_mean,2.2000434622233502
h100-d512-mix-proportional-seed1-from10pct-20260826-rno2a,proportional_baseline,belebele_portuguese,2.1957095587715445
h100-d512-mix-proportional-seed1-from10pct-20260826-rno2a,proportional_baseline,belebele_russian,2.1347000857039715
h100-d512-mix-proportional-seed1-from10pct-20260826-rno2a,proportional_baseline,belebele_spanish,2.1923266045168956
h100-d512-mix-proportional-seed1-from10pct-20260826-rno2a,proportional_baseline,belebele_swahili,2.3050333076210867
h100-d512-mix-proportional-seed1-from10pct-20260826-rno2a,proportional_baseline,belebele_thai,2.18687583577769
h100-d512-mix-proportional-seed1-from10pct-20260826-rno2a,proportional_baseline,belebele_turkish,2.2482310091652993
h100-d512-mix-proportional-seed1-from10pct-20260826-rno2a,proportional_baseline,belebele_vietnamese,2.1783947732417506
h100-d512-mix-proportional-seed1-from10pct-20260826-rno2a,proportional_baseline,belebele_yoruba,2.480209185682131
h100-d512-mix-proportional-seed1-from10pct-20260826-rno2a,proportional_baseline,boolq_0shot,2.6974424603781233
h100-d512-mix-proportional-seed1-from10pct-20260826-rno2a,proportional_baseline,copa_0shot,1.7897300204294233
h100-d512-mix-proportional-seed1-from10pct-20260826-rno2a,proportional_baseline,csqa_0shot,3.411408392214591
h100-d512-mix-proportional-seed1-from10pct-20260826-rno2a,proportional_baseline,gpqa_0shot,2.8923196259839243
h100-d512-mix-proportional-seed1-from10pct-20260826-rno2a,proportional_baseline,hellaswag_0shot,0.9595931413042511
h100-d512-mix-proportional-seed1-from10pct-20260826-rno2a,proportional_baseline,include_arabic,2.0140825789785612
h100-d512-mix-proportional-seed1-from10pct-20260826-rno2a,proportional_baseline,include_bengali,2.0720565348718822
h100-d512-mix-proportional-seed1-from10pct-20260826-rno2a,proportional_baseline,include_chinese,2.0484058492141535
h100-d512-mix-proportional-seed1-from10pct-20260826-rno2a,proportional_baseline,include_french,2.1301148057910404
h100-d512-mix-proportional-seed1-from10pct-20260826-rno2a,proportional_baseline,include_german,2.05867961987038
h100-d512-mix-proportional-seed1-from10pct-20260826-rno2a,proportional_baseline,include_hebrew,2.1255084298634594
h100-d512-mix-proportional-seed1-from10pct-20260826-rno2a,proportional_baseline,include_hindi,2.12728126766785
h100-d512-mix-proportional-seed1-from10pct-20260826-rno2a,proportional_baseline,include_indonesian,2.0947736271822546
h100-d512-mix-proportional-seed1-from10pct-20260826-rno2a,proportional_baseline,include_japanese,2.0692333896576662
h100-d512-mix-proportional-seed1-from10pct-20260826-rno2a,proportional_baseline,include_korean,2.058073108084672
h100-d512-mix-proportional-seed1-from10pct-20260826-rno2a,proportional_baseline,include_mean,2.094096295798847
h100-d512-mix-proportional-seed1-from10pct-20260826-rno2a,proportional_baseline,include_portuguese,2.148183581176449
h100-d512-mix-proportional-seed1-from10pct-20260826-rno2a,proportional_baseline,include_russian,2.1100617138273434
h100-d512-mix-proportional-seed1-from10pct-20260826-rno2a,proportional_baseline,include_spanish,2.1144252546455355
h100-d512-mix-proportional-seed1-from10pct-20260826-rno2a,proportional_baseline,include_turkish,2.0902440210989104
h100-d512-mix-proportional-seed1-from10pct-20260826-rno2a,proportional_baseline,include_vietnamese,2.1503206550525498
h100-d512-mix-proportional-seed1-from10pct-20260826-rno2a,proportional_baseline,lambada_0shot,0.860017427321565
h100-d512-mix-proportional-seed1-from10pct-20260826-rno2a,proportional_baseline,lb_bbh_3shot,1.6590282471280107
h100-d512-mix-proportional-seed1-from10pct-20260826-rno2a,proportional_baseline,logprob_gsm8k_5shot,0.7482157394742247
h100-d512-mix-proportional-seed1-from10pct-20260826-rno2a,proportional_baseline,logprob_humaneval_10shot,0.5401764709964223
h100-d512-mix-proportional-seed1-from10pct-20260826-rno2a,proportional_baseline,medmcqa_0shot,2.661273532684024
h100-d512-mix-proportional-seed1-from10pct-20260826-rno2a,proportional_baseline,medqa_0shot,3.4836523433645
h100-d512-mix-proportional-seed1-from10pct-20260826-rno2a,proportional_baseline,mmlu_pro_5shot,4.332774223439165
h100-d512-mix-proportional-seed1-from10pct-20260826-rno2a,proportional_baseline,musr_0shot,0.7434632400996319
h100-d512-mix-proportional-seed1-from10pct-20260826-rno2a,proportional_baseline,openbookqa_0shot,1.972297957459799
h100-d512-mix-proportional-seed1-from10pct-20260826-rno2a,proportional_baseline,piqa_0shot,1.2849157061707626
h100-d512-mix-proportional-seed1-from10pct-20260826-rno2a,proportional_baseline,sciq_0shot,1.5845898761780701
h100-d512-mix-proportional-seed1-from10pct-20260826-rno2a,proportional_baseline,truthfulqa_mc1_0shot,0.7688290798296591
h100-d512-mix-proportional-seed1-from10pct-20260826-rno2a,proportional_baseline,winogrande_0shot,0.4479694516307692
h100-d512-mix-proportional-seed2-from10pct-20260826-rno2a,proportional_baseline,arc_challenge_0shot,1.5593933570830076
h100-d512-mix-proportional-seed2-from10pct-20260826-rno2a,proportional_baseline,belebele_arabic,2.154789548171987
h100-d512-mix-proportional-seed2-from10pct-20260826-rno2a,proportional_baseline,belebele_bengali,2.0498978615059706
h100-d512-mix-proportional-seed2-from10pct-20260826-rno2a,proportional_baseline,belebele_chinese_simplified,2.117138900057007
h100-d512-mix-proportional-seed2-from10pct-20260826-rno2a,proportional_baseline,belebele_french,2.0766874314433315
h100-d512-mix-proportional-seed2-from10pct-20260826-rno2a,proportional_baseline,belebele_german,2.1347852244731875
h100-d512-mix-proportional-seed2-from10pct-20260826-rno2a,proportional_baseline,belebele_hebrew,2.082775405458579
h100-d512-mix-proportional-seed2-from10pct-20260826-rno2a,proportional_baseline,belebele_hindi,2.0876984481088945
h100-d512-mix-proportional-seed2-from10pct-20260826-rno2a,proportional_baseline,belebele_indonesian,2.0567245468687108
h100-d512-mix-proportional-seed2-from10pct-20260826-rno2a,proportional_baseline,belebele_japanese,2.059706109667959
h100-d512-mix-proportional-seed2-from10pct-20260826-rno2a,proportional_baseline,belebele_korean,2.0843856890509254
h100-d512-mix-proportional-seed2-from10pct-20260826-rno2a,proportional_baseline,belebele_mean,2.118449887826191
h100-d512-mix-proportional-seed2-from10pct-20260826-rno2a,proportional_baseline,belebele_portuguese,2.074454254493419
h100-d512-mix-proportional-seed2-from10pct-20260826-rno2a,proportional_baseline,belebele_russian,2.056063933416249
h100-d512-mix-proportional-seed2-from10pct-20260826-rno2a,proportional_baseline,belebele_spanish,2.069994974335565
h100-d512-mix-proportional-seed2-from10pct-20260826-rno2a,proportional_baseline,belebele_swahili,2.1337643861925475
h100-d512-mix-proportional-seed2-from10pct-20260826-rno2a,proportional_baseline,belebele_thai,2.058457773310036
h100-d512-mix-proportional-seed2-from10pct-20260826-rno2a,proportional_baseline,belebele_turkish,2.250316223230192
h100-d512-mix-proportional-seed2-from10pct-20260826-rno2a,proportional_baseline,belebele_vietnamese,2.2784932721847038
h100-d512-mix-proportional-seed2-from10pct-20260826-rno2a,proportional_baseline,belebele_yoruba,2.3059639989021687
h100-d512-mix-proportional-seed2-from10pct-20260826-rno2a,proportional_baseline,boolq_0shot,2.27403508377395
h100-d512-mix-proportional-seed2-from10pct-20260826-rno2a,proportional_baseline,copa_0shot,1.8133772719081256
h100-d512-mix-proportional-seed2-from10pct-20260826-rno2a,proportional_baseline,csqa_0shot,4.667926424870511
h100-d512-mix-proportional-seed2-from10pct-20260826-rno2a,proportional_baseline,gpqa_0shot,4.00026561511068
h100-d512-mix-proportional-seed2-from10pct-20260826-rno2a,proportional_baseline,hellaswag_0shot,0.9586822564556348
h100-d512-mix-proportional-seed2-from10pct-20260826-rno2a,proportional_baseline,include_arabic,2.041451240327854
h100-d512-mix-proportional-seed2-from10pct-20260826-rno2a,proportional_baseline,include_bengali,2.0989632118119332
h100-d512-mix-proportional-seed2-from10pct-20260826-rno2a,proportional_baseline,include_chinese,2.086822416575677
h100-d512-mix-proportional-seed2-from10pct-20260826-rno2a,proportional_baseline,include_french,2.077308326878074
h100-d512-mix-proportional-seed2-from10pct-20260826-rno2a,proportional_baseline,include_german,2.0608870407026245
h100-d512-mix-proportional-seed2-from10pct-20260826-rno2a,proportional_baseline,include_hebrew,2.0720835961411415
h100-d512-mix-proportional-seed2-from10pct-20260826-rno2a,proportional_baseline,include_hindi,2.0929779258387633
h100-d512-mix-proportional-seed2-from10pct-20260826-rno2a,proportional_baseline,include_indonesian,2.0765814404291505
h100-d512-mix-proportional-seed2-from10pct-20260826-rno2a,proportional_baseline,include_japanese,2.17505137420783
h100-d512-mix-proportional-seed2-from10pct-20260826-rno2a,proportional_baseline,include_korean,2.067162740823501
h100-d512-mix-proportional-seed2-from10pct-20260826-rno2a,proportional_baseline,include_mean,2.086269935134408
h100-d512-mix-proportional-seed2-from10pct-20260826-rno2a,proportional_baseline,include_portuguese,2.115732900171136
h100-d512-mix-proportional-seed2-from10pct-20260826-rno2a,proportional_baseline,include_russian,2.0524168033621346
h100-d512-mix-proportional-seed2-from10pct-20260826-rno2a,proportional_baseline,include_spanish,2.078409233893642
h100-d512-mix-proportional-seed2-from10pct-20260826-rno2a,proportional_baseline,include_turkish,2.089691123395609
h100-d512-mix-proportional-seed2-from10pct-20260826-rno2a,proportional_baseline,include_vietnamese,2.108509652457045
h100-d512-mix-proportional-seed2-from10pct-20260826-rno2a,proportional_baseline,lambada_0shot,0.8647652303427386
h100-d512-mix-proportional-seed2-from10pct-20260826-rno2a,proportional_baseline,lb_bbh_3shot,1.83496261494123
h100-d512-mix-proportional-seed2-from10pct-20260826-rno2a,proportional_baseline,logprob_gsm8k_5shot,0.7751726145774539
h100-d512-mix-proportional-seed2-from10pct-20260826-rno2a,proportional_baseline,logprob_humaneval_10shot,0.5343788343871457
h100-d512-mix-proportional-seed2-from10pct-20260826-rno2a,proportional_baseline,medmcqa_0shot,3.0987352000819137
h100-d512-mix-proportional-seed2-from10pct-20260826-rno2a,proportional_baseline,medqa_0shot,3.3017285273878163
h100-d512-mix-proportional-seed2-from10pct-20260826-rno2a,proportional_baseline,mmlu_pro_5shot,3.6882543873667375
h100-d512-mix-proportional-seed2-from10pct-20260826-rno2a,proportional_baseline,musr_0shot,0.7636223835028662
h100-d512-mix-proportional-seed2-from10pct-20260826-rno2a,proportional_baseline,openbookqa_0shot,1.9604263594564661
h100-d512-mix-proportional-seed2-from10pct-20260826-rno2a,proportional_baseline,piqa_0shot,1.2833809424205875
h100-d512-mix-proportional-seed2-from10pct-20260826-rno2a,proportional_baseline,sciq_0shot,1.6140913496220453
h100-d512-mix-proportional-seed2-from10pct-20260826-rno2a,proportional_baseline,truthfulqa_mc1_0shot,0.779396453200622
h100-d512-mix-proportional-seed2-from10pct-20260826-rno2a,proportional_baseline,winogrande_0shot,0.4474048069724563
h100-d512-mix-proportional-only-q1-seed0-from10pct-20260826-rno2a,proportional_quality_isolation,arc_challenge_0shot,1.5859340608618648
h100-d512-mix-proportional-only-q1-seed0-from10pct-20260826-rno2a,proportional_quality_isolation,belebele_arabic,2.2186914503992536
h100-d512-mix-proportional-only-q1-seed0-from10pct-20260826-rno2a,proportional_quality_isolation,belebele_bengali,2.703021721192529
h100-d512-mix-proportional-only-q1-seed0-from10pct-20260826-rno2a,proportional_quality_isolation,belebele_chinese_simplified,2.498259946028809
h100-d512-mix-proportional-only-q1-seed0-from10pct-20260826-rno2a,proportional_quality_isolation,belebele_french,2.2602004016369897
h100-d512-mix-proportional-only-q1-seed0-from10pct-20260826-rno2a,proportional_quality_isolation,belebele_german,2.182945420807153
h100-d512-mix-proportional-only-q1-seed0-from10pct-20260826-rno2a,proportional_quality_isolation,belebele_hebrew,2.840594837032445
h100-d512-mix-proportional-only-q1-seed0-from10pct-20260826-rno2a,proportional_quality_isolation,belebele_hindi,2.5316891052248756
h100-d512-mix-proportional-only-q1-seed0-from10pct-20260826-rno2a,proportional_quality_isolation,belebele_indonesian,2.2679593353926295
h100-d512-mix-proportional-only-q1-seed0-from10pct-20260826-rno2a,proportional_quality_isolation,belebele_japanese,2.211739192095074
h100-d512-mix-proportional-only-q1-seed0-from10pct-20260826-rno2a,proportional_quality_isolation,belebele_korean,2.120356259383086
h100-d512-mix-proportional-only-q1-seed0-from10pct-20260826-rno2a,proportional_quality_isolation,belebele_mean,2.490480243048435
h100-d512-mix-proportional-only-q1-seed0-from10pct-20260826-rno2a,proportional_quality_isolation,belebele_portuguese,2.192260599199773
h100-d512-mix-proportional-only-q1-seed0-from10pct-20260826-rno2a,proportional_quality_isolation,belebele_russian,2.106930125130167
h100-d512-mix-proportional-only-q1-seed0-from10pct-20260826-rno2a,proportional_quality_isolation,belebele_spanish,2.195193160988782
h100-d512-mix-proportional-only-q1-seed0-from10pct-20260826-rno2a,proportional_quality_isolation,belebele_swahili,3.212625804008662
h100-d512-mix-proportional-only-q1-seed0-from10pct-20260826-rno2a,proportional_quality_isolation,belebele_thai,2.4151402827564623
h100-d512-mix-proportional-only-q1-seed0-from10pct-20260826-rno2a,proportional_quality_isolation,belebele_turkish,2.7055131593297572
h100-d512-mix-proportional-only-q1-seed0-from10pct-20260826-rno2a,proportional_quality_isolation,belebele_vietnamese,2.7183681344218735
h100-d512-mix-proportional-only-q1-seed0-from10pct-20260826-rno2a,proportional_quality_isolation,belebele_yoruba,3.447155439843509
h100-d512-mix-proportional-only-q1-seed0-from10pct-20260826-rno2a,proportional_quality_isolation,boolq_0shot,2.342044910074725
h100-d512-mix-proportional-only-q1-seed0-from10pct-20260826-rno2a,proportional_quality_isolation,copa_0shot,1.8824975335188574
h100-d512-mix-proportional-only-q1-seed0-from10pct-20260826-rno2a,proportional_quality_isolation,csqa_0shot,3.1782830395641875
h100-d512-mix-proportional-only-q1-seed0-from10pct-20260826-rno2a,proportional_quality_isolation,gpqa_0shot,4.9760867932024615
h100-d512-mix-proportional-only-q1-seed0-from10pct-20260826-rno2a,proportional_quality_isolation,hellaswag_0shot,0.9680366303007466
h100-d512-mix-proportional-only-q1-seed0-from10pct-20260826-rno2a,proportional_quality_isolation,include_arabic,2.07020271813351
h100-d512-mix-proportional-only-q1-seed0-from10pct-20260826-rno2a,proportional_quality_isolation,include_bengali,2.1011730459227884
h100-d512-mix-proportional-only-q1-seed0-from10pct-20260826-rno2a,proportional_quality_isolation,include_chinese,2.0564680378786804
h100-d512-mix-proportional-only-q1-seed0-from10pct-20260826-rno2a,proportional_quality_isolation,include_french,2.1721224035499493
h100-d512-mix-proportional-only-q1-seed0-from10pct-20260826-rno2a,proportional_quality_isolation,include_german,2.044842279340388
h100-d512-mix-proportional-only-q1-seed0-from10pct-20260826-rno2a,proportional_quality_isolation,include_hebrew,2.1287703958780204
h100-d512-mix-proportional-only-q1-seed0-from10pct-20260826-rno2a,proportional_quality_isolation,include_hindi,2.0726050047032425
h100-d512-mix-proportional-only-q1-seed0-from10pct-20260826-rno2a,proportional_quality_isolation,include_indonesian,2.1084673489463257
h100-d512-mix-proportional-only-q1-seed0-from10pct-20260826-rno2a,proportional_quality_isolation,include_japanese,2.0992332700388037
h100-d512-mix-proportional-only-q1-seed0-from10pct-20260826-rno2a,proportional_quality_isolation,include_korean,2.086360413950994
h100-d512-mix-proportional-only-q1-seed0-from10pct-20260826-rno2a,proportional_quality_isolation,include_mean,2.102062004052447
h100-d512-mix-proportional-only-q1-seed0-from10pct-20260826-rno2a,proportional_quality_isolation,include_portuguese,2.1417628873248606
h100-d512-mix-proportional-only-q1-seed0-from10pct-20260826-rno2a,proportional_quality_isolation,include_russian,2.061623315536661
h100-d512-mix-proportional-only-q1-seed0-from10pct-20260826-rno2a,proportional_quality_isolation,include_spanish,2.111671377289116
h100-d512-mix-proportional-only-q1-seed0-from10pct-20260826-rno2a,proportional_quality_isolation,include_turkish,2.099743730907429
h100-d512-mix-proportional-only-q1-seed0-from10pct-20260826-rno2a,proportional_quality_isolation,include_vietnamese,2.175883831385936
h100-d512-mix-proportional-only-q1-seed0-from10pct-20260826-rno2a,proportional_quality_isolation,lambada_0shot,0.8770273084800349
h100-d512-mix-proportional-only-q1-seed0-from10pct-20260826-rno2a,proportional_quality_isolation,lb_bbh_3shot,1.6780962719881698
h100-d512-mix-proportional-only-q1-seed0-from10pct-20260826-rno2a,proportional_quality_isolation,logprob_gsm8k_5shot,0.8990530983238956
h100-d512-mix-proportional-only-q1-seed0-from10pct-20260826-rno2a,proportional_quality_isolation,logprob_humaneval_10shot,0.549039279426977
h100-d512-mix-proportional-only-q1-seed0-from10pct-20260826-rno2a,proportional_quality_isolation,medmcqa_0shot,2.118224170660591
h100-d512-mix-proportional-only-q1-seed0-from10pct-20260826-rno2a,proportional_quality_isolation,medqa_0shot,2.081253903851624
h100-d512-mix-proportional-only-q1-seed0-from10pct-20260826-rno2a,proportional_quality_isolation,mmlu_pro_5shot,4.525147223050833
h100-d512-mix-proportional-only-q1-seed0-from10pct-20260826-rno2a,proportional_quality_isolation,musr_0shot,0.9811428562939196
h100-d512-mix-proportional-only-q1-seed0-from10pct-20260826-rno2a,proportional_quality_isolation,openbookqa_0shot,1.9718965833765016
h100-d512-mix-proportional-only-q1-seed0-from10pct-20260826-rno2a,proportional_quality_isolation,piqa_0shot,1.2979518590675259
h100-d512-mix-proportional-only-q1-seed0-from10pct-20260826-rno2a,proportional_quality_isolation,sciq_0shot,1.7081891492478676
h100-d512-mix-proportional-only-q1-seed0-from10pct-20260826-rno2a,proportional_quality_isolation,truthfulqa_mc1_0shot,0.7786027058913513
h100-d512-mix-proportional-only-q1-seed0-from10pct-20260826-rno2a,proportional_quality_isolation,winogrande_0shot,0.44752043809316394
h100-d512-mix-proportional-only-q2-seed0-from10pct-20260826-rno2a,proportional_quality_isolation,arc_challenge_0shot,1.522017594860377
h100-d512-mix-proportional-only-q2-seed0-from10pct-20260826-rno2a,proportional_quality_isolation,belebele_arabic,2.474080359194639
h100-d512-mix-proportional-only-q2-seed0-from10pct-20260826-rno2a,proportional_quality_isolation,belebele_bengali,2.563683056014162
h100-d512-mix-proportional-only-q2-seed0-from10pct-20260826-rno2a,proportional_quality_isolation,belebele_chinese_simplified,2.1964419242458613
h100-d512-mix-proportional-only-q2-seed0-from10pct-20260826-rno2a,proportional_quality_isolation,belebele_french,2.2892034789640325
h100-d512-mix-proportional-only-q2-seed0-from10pct-20260826-rno2a,proportional_quality_isolation,belebele_german,2.355037523435433
h100-d512-mix-proportional-only-q2-seed0-from10pct-20260826-rno2a,proportional_quality_isolation,belebele_hebrew,3.968044966403979
h100-d512-mix-proportional-only-q2-seed0-from10pct-20260826-rno2a,proportional_quality_isolation,belebele_hindi,2.392839798907987
h100-d512-mix-proportional-only-q2-seed0-from10pct-20260826-rno2a,proportional_quality_isolation,belebele_indonesian,2.3535840843899223
h100-d512-mix-proportional-only-q2-seed0-from10pct-20260826-rno2a,proportional_quality_isolation,belebele_japanese,2.1275637846566315
h100-d512-mix-proportional-only-q2-seed0-from10pct-20260826-rno2a,proportional_quality_isolation,belebele_korean,2.1497724562357647
h100-d512-mix-proportional-only-q2-seed0-from10pct-20260826-rno2a,proportional_quality_isolation,belebele_mean,2.6070538982988225
h100-d512-mix-proportional-only-q2-seed0-from10pct-20260826-rno2a,proportional_quality_isolation,belebele_portuguese,2.2602811707092294
h100-d512-mix-proportional-only-q2-seed0-from10pct-20260826-rno2a,proportional_quality_isolation,belebele_russian,2.2861141390326005
h100-d512-mix-proportional-only-q2-seed0-from10pct-20260826-rno2a,proportional_quality_isolation,belebele_spanish,2.398889520446487
h100-d512-mix-proportional-only-q2-seed0-from10pct-20260826-rno2a,proportional_quality_isolation,belebele_swahili,3.9445018223894275
h100-d512-mix-proportional-only-q2-seed0-from10pct-20260826-rno2a,proportional_quality_isolation,belebele_thai,2.3199014708260846
h100-d512-mix-proportional-only-q2-seed0-from10pct-20260826-rno2a,proportional_quality_isolation,belebele_turkish,2.7059072820339725
h100-d512-mix-proportional-only-q2-seed0-from10pct-20260826-rno2a,proportional_quality_isolation,belebele_vietnamese,2.584552761824472
h100-d512-mix-proportional-only-q2-seed0-from10pct-20260826-rno2a,proportional_quality_isolation,belebele_yoruba,3.556570569668118
h100-d512-mix-proportional-only-q2-seed0-from10pct-20260826-rno2a,proportional_quality_isolation,boolq_0shot,2.3235748457851715
h100-d512-mix-proportional-only-q2-seed0-from10pct-20260826-rno2a,proportional_quality_isolation,copa_0shot,1.807632413691248
h100-d512-mix-proportional-only-q2-seed0-from10pct-20260826-rno2a,proportional_quality_isolation,csqa_0shot,2.9627746927807443
h100-d512-mix-proportional-only-q2-seed0-from10pct-20260826-rno2a,proportional_quality_isolation,gpqa_0shot,3.804237836817334
h100-d512-mix-proportional-only-q2-seed0-from10pct-20260826-rno2a,proportional_quality_isolation,hellaswag_0shot,0.9406991744021608
h100-d512-mix-proportional-only-q2-seed0-from10pct-20260826-rno2a,proportional_quality_isolation,include_arabic,2.044272443265263
h100-d512-mix-proportional-only-q2-seed0-from10pct-20260826-rno2a,proportional_quality_isolation,include_bengali,2.0344858861475026
h100-d512-mix-proportional-only-q2-seed0-from10pct-20260826-rno2a,proportional_quality_isolation,include_chinese,2.0402631863960785
h100-d512-mix-proportional-only-q2-seed0-from10pct-20260826-rno2a,proportional_quality_isolation,include_french,2.0436415781993325
h100-d512-mix-proportional-only-q2-seed0-from10pct-20260826-rno2a,proportional_quality_isolation,include_german,2.0398240247911383
h100-d512-mix-proportional-only-q2-seed0-from10pct-20260826-rno2a,proportional_quality_isolation,include_hebrew,2.0687186523874175
h100-d512-mix-proportional-only-q2-seed0-from10pct-20260826-rno2a,proportional_quality_isolation,include_hindi,2.068686305330793
h100-d512-mix-proportional-only-q2-seed0-from10pct-20260826-rno2a,proportional_quality_isolation,include_indonesian,2.0554569041379556
h100-d512-mix-proportional-only-q2-seed0-from10pct-20260826-rno2a,proportional_quality_isolation,include_japanese,2.072840480143572
h100-d512-mix-proportional-only-q2-seed0-from10pct-20260826-rno2a,proportional_quality_isolation,include_korean,2.0732403229017238
h100-d512-mix-proportional-only-q2-seed0-from10pct-20260826-rno2a,proportional_quality_isolation,include_mean,2.0533329880222073
h100-d512-mix-proportional-only-q2-seed0-from10pct-20260826-rno2a,proportional_quality_isolation,include_portuguese,2.060231968930778
h100-d512-mix-proportional-only-q2-seed0-from10pct-20260826-rno2a,proportional_quality_isolation,include_russian,2.030465955837368
h100-d512-mix-proportional-only-q2-seed0-from10pct-20260826-rno2a,proportional_quality_isolation,include_spanish,2.0400466870128553
h100-d512-mix-proportional-only-q2-seed0-from10pct-20260826-rno2a,proportional_quality_isolation,include_turkish,2.067424422726918
h100-d512-mix-proportional-only-q2-seed0-from10pct-20260826-rno2a,proportional_quality_isolation,include_vietnamese,2.060396002124414
h100-d512-mix-proportional-only-q2-seed0-from10pct-20260826-rno2a,proportional_quality_isolation,lambada_0shot,0.8158306843571426
h100-d512-mix-proportional-only-q2-seed0-from10pct-20260826-rno2a,proportional_quality_isolation,lb_bbh_3shot,1.8232263391051946
h100-d512-mix-proportional-only-q2-seed0-from10pct-20260826-rno2a,proportional_quality_isolation,logprob_gsm8k_5shot,0.7983261404040016
h100-d512-mix-proportional-only-q2-seed0-from10pct-20260826-rno2a,proportional_quality_isolation,logprob_humaneval_10shot,0.5743244425939794
h100-d512-mix-proportional-only-q2-seed0-from10pct-20260826-rno2a,proportional_quality_isolation,medmcqa_0shot,2.270403915206253
h100-d512-mix-proportional-only-q2-seed0-from10pct-20260826-rno2a,proportional_quality_isolation,medqa_0shot,2.1364543378799983
h100-d512-mix-proportional-only-q2-seed0-from10pct-20260826-rno2a,proportional_quality_isolation,mmlu_pro_5shot,4.297929818068345
h100-d512-mix-proportional-only-q2-seed0-from10pct-20260826-rno2a,proportional_quality_isolation,musr_0shot,0.7254906878895254
h100-d512-mix-proportional-only-q2-seed0-from10pct-20260826-rno2a,proportional_quality_isolation,openbookqa_0shot,1.950679179542094
h100-d512-mix-proportional-only-q2-seed0-from10pct-20260826-rno2a,proportional_quality_isolation,piqa_0shot,1.2612771500891315
h100-d512-mix-proportional-only-q2-seed0-from10pct-20260826-rno2a,proportional_quality_isolation,sciq_0shot,1.5455593751903223
h100-d512-mix-proportional-only-q2-seed0-from10pct-20260826-rno2a,proportional_quality_isolation,truthfulqa_mc1_0shot,0.7832505635348321
h100-d512-mix-proportional-only-q2-seed0-from10pct-20260826-rno2a,proportional_quality_isolation,winogrande_0shot,0.4434118273802206
h100-d512-mix-proportional-only-q3-seed0-from10pct-20260826-rno2a,proportional_quality_isolation,arc_challenge_0shot,1.5422753234947562
h100-d512-mix-proportional-only-q3-seed0-from10pct-20260826-rno2a,proportional_quality_isolation,belebele_arabic,3.9594687880030652
h100-d512-mix-proportional-only-q3-seed0-from10pct-20260826-rno2a,proportional_quality_isolation,belebele_bengali,2.400665879181187
h100-d512-mix-proportional-only-q3-seed0-from10pct-20260826-rno2a,proportional_quality_isolation,belebele_chinese_simplified,2.9134341658811214
h100-d512-mix-proportional-only-q3-seed0-from10pct-20260826-rno2a,proportional_quality_isolation,belebele_french,2.238988904863382
h100-d512-mix-proportional-only-q3-seed0-from10pct-20260826-rno2a,proportional_quality_isolation,belebele_german,2.29590082410537
h100-d512-mix-proportional-only-q3-seed0-from10pct-20260826-rno2a,proportional_quality_isolation,belebele_hebrew,2.900989343613923
h100-d512-mix-proportional-only-q3-seed0-from10pct-20260826-rno2a,proportional_quality_isolation,belebele_hindi,2.6231707487169684
h100-d512-mix-proportional-only-q3-seed0-from10pct-20260826-rno2a,proportional_quality_isolation,belebele_indonesian,2.421348702719229
h100-d512-mix-proportional-only-q3-seed0-from10pct-20260826-rno2a,proportional_quality_isolation,belebele_japanese,2.4704498348630684
h100-d512-mix-proportional-only-q3-seed0-from10pct-20260826-rno2a,proportional_quality_isolation,belebele_korean,2.3460550045872512
h100-d512-mix-proportional-only-q3-seed0-from10pct-20260826-rno2a,proportional_quality_isolation,belebele_mean,2.7653561981163666
h100-d512-mix-proportional-only-q3-seed0-from10pct-20260826-rno2a,proportional_quality_isolation,belebele_portuguese,2.3135349069875453
h100-d512-mix-proportional-only-q3-seed0-from10pct-20260826-rno2a,proportional_quality_isolation,belebele_russian,2.678628280142494
h100-d512-mix-proportional-only-q3-seed0-from10pct-20260826-rno2a,proportional_quality_isolation,belebele_spanish,2.367716395172358
h100-d512-mix-proportional-only-q3-seed0-from10pct-20260826-rno2a,proportional_quality_isolation,belebele_swahili,4.150981566840232
h100-d512-mix-proportional-only-q3-seed0-from10pct-20260826-rno2a,proportional_quality_isolation,belebele_thai,2.6134943594623024
h100-d512-mix-proportional-only-q3-seed0-from10pct-20260826-rno2a,proportional_quality_isolation,belebele_turkish,3.1307164502969442
h100-d512-mix-proportional-only-q3-seed0-from10pct-20260826-rno2a,proportional_quality_isolation,belebele_vietnamese,2.784363612606061
h100-d512-mix-proportional-only-q3-seed0-from10pct-20260826-rno2a,proportional_quality_isolation,belebele_yoruba,3.1665037980520925
h100-d512-mix-proportional-only-q3-seed0-from10pct-20260826-rno2a,proportional_quality_isolation,boolq_0shot,2.77993581934837
h100-d512-mix-proportional-only-q3-seed0-from10pct-20260826-rno2a,proportional_quality_isolation,copa_0shot,1.8588038457179556
h100-d512-mix-proportional-only-q3-seed0-from10pct-20260826-rno2a,proportional_quality_isolation,csqa_0shot,5.0554961400747365
h100-d512-mix-proportional-only-q3-seed0-from10pct-20260826-rno2a,proportional_quality_isolation,gpqa_0shot,3.9875291303707363
h100-d512-mix-proportional-only-q3-seed0-from10pct-20260826-rno2a,proportional_quality_isolation,hellaswag_0shot,0.9718638379312062
h100-d512-mix-proportional-only-q3-seed0-from10pct-20260826-rno2a,proportional_quality_isolation,include_arabic,2.0969544089366754
h100-d512-mix-proportional-only-q3-seed0-from10pct-20260826-rno2a,proportional_quality_isolation,include_bengali,2.0490851789146185
h100-d512-mix-proportional-only-q3-seed0-from10pct-20260826-rno2a,proportional_quality_isolation,include_chinese,2.0817206866150015
h100-d512-mix-proportional-only-q3-seed0-from10pct-20260826-rno2a,proportional_quality_isolation,include_french,2.0376784313394727
h100-d512-mix-proportional-only-q3-seed0-from10pct-20260826-rno2a,proportional_quality_isolation,include_german,2.1013816525232234
h100-d512-mix-proportional-only-q3-seed0-from10pct-20260826-rno2a,proportional_quality_isolation,include_hebrew,2.1558824620363843
h100-d512-mix-proportional-only-q3-seed0-from10pct-20260826-rno2a,proportional_quality_isolation,include_hindi,2.090798629756945
h100-d512-mix-proportional-only-q3-seed0-from10pct-20260826-rno2a,proportional_quality_isolation,include_indonesian,2.06254774148468
h100-d512-mix-proportional-only-q3-seed0-from10pct-20260826-rno2a,proportional_quality_isolation,include_japanese,2.076128915612844
h100-d512-mix-proportional-only-q3-seed0-from10pct-20260826-rno2a,proportional_quality_isolation,include_korean,2.111287665186392
h100-d512-mix-proportional-only-q3-seed0-from10pct-20260826-rno2a,proportional_quality_isolation,include_mean,2.0858542655488086
h100-d512-mix-proportional-only-q3-seed0-from10pct-20260826-rno2a,proportional_quality_isolation,include_portuguese,2.08517941784334
h100-d512-mix-proportional-only-q3-seed0-from10pct-20260826-rno2a,proportional_quality_isolation,include_russian,2.1137260399012145
h100-d512-mix-proportional-only-q3-seed0-from10pct-20260826-rno2a,proportional_quality_isolation,include_spanish,2.060938142096643
h100-d512-mix-proportional-only-q3-seed0-from10pct-20260826-rno2a,proportional_quality_isolation,include_turkish,2.065583338092812
h100-d512-mix-proportional-only-q3-seed0-from10pct-20260826-rno2a,proportional_quality_isolation,include_vietnamese,2.098921272891881
h100-d512-mix-proportional-only-q3-seed0-from10pct-20260826-rno2a,proportional_quality_isolation,lambada_0shot,0.872572953571861
h100-d512-mix-proportional-only-q3-seed0-from10pct-20260826-rno2a,proportional_quality_isolation,lb_bbh_3shot,1.7858279763168428
h100-d512-mix-proportional-only-q3-seed0-from10pct-20260826-rno2a,proportional_quality_isolation,logprob_gsm8k_5shot,0.8977642276079614
h100-d512-mix-proportional-only-q3-seed0-from10pct-20260826-rno2a,proportional_quality_isolation,logprob_humaneval_10shot,0.5495598056926596
h100-d512-mix-proportional-only-q3-seed0-from10pct-20260826-rno2a,proportional_quality_isolation,medmcqa_0shot,2.46225017459408
h100-d512-mix-proportional-only-q3-seed0-from10pct-20260826-rno2a,proportional_quality_isolation,medqa_0shot,2.1635142898039166
h100-d512-mix-proportional-only-q3-seed0-from10pct-20260826-rno2a,proportional_quality_isolation,mmlu_pro_5shot,3.9071541025603502
h100-d512-mix-proportional-only-q3-seed0-from10pct-20260826-rno2a,proportional_quality_isolation,musr_0shot,0.8650508584649665
h100-d512-mix-proportional-only-q3-seed0-from10pct-20260826-rno2a,proportional_quality_isolation,openbookqa_0shot,1.999900783277903
h100-d512-mix-proportional-only-q3-seed0-from10pct-20260826-rno2a,proportional_quality_isolation,piqa_0shot,1.2699174733685277
h100-d512-mix-proportional-only-q3-seed0-from10pct-20260826-rno2a,proportional_quality_isolation,sciq_0shot,1.5719262137455565
h100-d512-mix-proportional-only-q3-seed0-from10pct-20260826-rno2a,proportional_quality_isolation,truthfulqa_mc1_0shot,0.7819293863725753
h100-d512-mix-proportional-only-q3-seed0-from10pct-20260826-rno2a,proportional_quality_isolation,winogrande_0shot,0.45400719503874487
h100-d512-mix-proportional-only-q4-seed0-from10pct-20260826-rno2a,proportional_quality_isolation,arc_challenge_0shot,1.5370118552557668
h100-d512-mix-proportional-only-q4-seed0-from10pct-20260826-rno2a,proportional_quality_isolation,belebele_arabic,2.2069944315334795
h100-d512-mix-proportional-only-q4-seed0-from10pct-20260826-rno2a,proportional_quality_isolation,belebele_bengali,2.134537552066585
h100-d512-mix-proportional-only-q4-seed0-from10pct-20260826-rno2a,proportional_quality_isolation,belebele_chinese_simplified,2.1205955261376253
h100-d512-mix-proportional-only-q4-seed0-from10pct-20260826-rno2a,proportional_quality_isolation,belebele_french,2.1682128887578314
h100-d512-mix-proportional-only-q4-seed0-from10pct-20260826-rno2a,proportional_quality_isolation,belebele_german,2.1690338891220122
h100-d512-mix-proportional-only-q4-seed0-from10pct-20260826-rno2a,proportional_quality_isolation,belebele_hebrew,2.2270292333288455
h100-d512-mix-proportional-only-q4-seed0-from10pct-20260826-rno2a,proportional_quality_isolation,belebele_hindi,2.386115939488008
h100-d512-mix-proportional-only-q4-seed0-from10pct-20260826-rno2a,proportional_quality_isolation,belebele_indonesian,2.338901576552081
h100-d512-mix-proportional-only-q4-seed0-from10pct-20260826-rno2a,proportional_quality_isolation,belebele_japanese,2.096231632566919
h100-d512-mix-proportional-only-q4-seed0-from10pct-20260826-rno2a,proportional_quality_isolation,belebele_korean,2.108790533028442
h100-d512-mix-proportional-only-q4-seed0-from10pct-20260826-rno2a,proportional_quality_isolation,belebele_mean,2.2352507766986878
h100-d512-mix-proportional-only-q4-seed0-from10pct-20260826-rno2a,proportional_quality_isolation,belebele_portuguese,2.1460451533491702
h100-d512-mix-proportional-only-q4-seed0-from10pct-20260826-rno2a,proportional_quality_isolation,belebele_russian,2.1125039053203167
h100-d512-mix-proportional-only-q4-seed0-from10pct-20260826-rno2a,proportional_quality_isolation,belebele_spanish,2.1550855233392663
h100-d512-mix-proportional-only-q4-seed0-from10pct-20260826-rno2a,proportional_quality_isolation,belebele_swahili,2.323090817235806
h100-d512-mix-proportional-only-q4-seed0-from10pct-20260826-rno2a,proportional_quality_isolation,belebele_thai,2.2860830066375932
h100-d512-mix-proportional-only-q4-seed0-from10pct-20260826-rno2a,proportional_quality_isolation,belebele_turkish,2.3401452336442583
h100-d512-mix-proportional-only-q4-seed0-from10pct-20260826-rno2a,proportional_quality_isolation,belebele_vietnamese,2.397794069308138
h100-d512-mix-proportional-only-q4-seed0-from10pct-20260826-rno2a,proportional_quality_isolation,belebele_yoruba,2.5173230691600064
h100-d512-mix-proportional-only-q4-seed0-from10pct-20260826-rno2a,proportional_quality_isolation,boolq_0shot,2.1950178077961535
h100-d512-mix-proportional-only-q4-seed0-from10pct-20260826-rno2a,proportional_quality_isolation,copa_0shot,2.014129973103075
h100-d512-mix-proportional-only-q4-seed0-from10pct-20260826-rno2a,proportional_quality_isolation,csqa_0shot,8.695644638348215
h100-d512-mix-proportional-only-q4-seed0-from10pct-20260826-rno2a,proportional_quality_isolation,gpqa_0shot,3.1035448642272385
h100-d512-mix-proportional-only-q4-seed0-from10pct-20260826-rno2a,proportional_quality_isolation,hellaswag_0shot,1.0664271984482236
h100-d512-mix-proportional-only-q4-seed0-from10pct-20260826-rno2a,proportional_quality_isolation,include_arabic,2.2298413320676094
h100-d512-mix-proportional-only-q4-seed0-from10pct-20260826-rno2a,proportional_quality_isolation,include_bengali,2.2022848082723465
h100-d512-mix-proportional-only-q4-seed0-from10pct-20260826-rno2a,proportional_quality_isolation,include_chinese,2.12514837953217
h100-d512-mix-proportional-only-q4-seed0-from10pct-20260826-rno2a,proportional_quality_isolation,include_french,2.14606196563908
h100-d512-mix-proportional-only-q4-seed0-from10pct-20260826-rno2a,proportional_quality_isolation,include_german,2.2124331323579964
h100-d512-mix-proportional-only-q4-seed0-from10pct-20260826-rno2a,proportional_quality_isolation,include_hebrew,2.0924456720526967
h100-d512-mix-proportional-only-q4-seed0-from10pct-20260826-rno2a,proportional_quality_isolation,include_hindi,2.128914401557989
h100-d512-mix-proportional-only-q4-seed0-from10pct-20260826-rno2a,proportional_quality_isolation,include_indonesian,2.164874172966385
h100-d512-mix-proportional-only-q4-seed0-from10pct-20260826-rno2a,proportional_quality_isolation,include_japanese,2.147431048015342
h100-d512-mix-proportional-only-q4-seed0-from10pct-20260826-rno2a,proportional_quality_isolation,include_korean,2.1632687221282167
h100-d512-mix-proportional-only-q4-seed0-from10pct-20260826-rno2a,proportional_quality_isolation,include_mean,2.169199948033611
h100-d512-mix-proportional-only-q4-seed0-from10pct-20260826-rno2a,proportional_quality_isolation,include_portuguese,2.144452331730719
h100-d512-mix-proportional-only-q4-seed0-from10pct-20260826-rno2a,proportional_quality_isolation,include_russian,2.2702980128834658
h100-d512-mix-proportional-only-q4-seed0-from10pct-20260826-rno2a,proportional_quality_isolation,include_spanish,2.203701225756365
h100-d512-mix-proportional-only-q4-seed0-from10pct-20260826-rno2a,proportional_quality_isolation,include_turkish,2.146147665926426
h100-d512-mix-proportional-only-q4-seed0-from10pct-20260826-rno2a,proportional_quality_isolation,include_vietnamese,2.1606963496173592
h100-d512-mix-proportional-only-q4-seed0-from10pct-20260826-rno2a,proportional_quality_isolation,lambada_0shot,1.0471967076177082
h100-d512-mix-proportional-only-q4-seed0-from10pct-20260826-rno2a,proportional_quality_isolation,lb_bbh_3shot,2.1607045674715764
h100-d512-mix-proportional-only-q4-seed0-from10pct-20260826-rno2a,proportional_quality_isolation,logprob_gsm8k_5shot,0.8667613963847322
h100-d512-mix-proportional-only-q4-seed0-from10pct-20260826-rno2a,proportional_quality_isolation,logprob_humaneval_10shot,0.5490452654577216
h100-d512-mix-proportional-only-q4-seed0-from10pct-20260826-rno2a,proportional_quality_isolation,medmcqa_0shot,3.5886108518744755
h100-d512-mix-proportional-only-q4-seed0-from10pct-20260826-rno2a,proportional_quality_isolation,medqa_0shot,4.1590292464145575
h100-d512-mix-proportional-only-q4-seed0-from10pct-20260826-rno2a,proportional_quality_isolation,mmlu_pro_5shot,4.077919831258058
h100-d512-mix-proportional-only-q4-seed0-from10pct-20260826-rno2a,proportional_quality_isolation,musr_0shot,1.1510235355050813
h100-d512-mix-proportional-only-q4-seed0-from10pct-20260826-rno2a,proportional_quality_isolation,openbookqa_0shot,2.140527628632747
h100-d512-mix-proportional-only-q4-seed0-from10pct-20260826-rno2a,proportional_quality_isolation,piqa_0shot,1.4280169527173818
h100-d512-mix-proportional-only-q4-seed0-from10pct-20260826-rno2a,proportional_quality_isolation,sciq_0shot,1.7223235564981163
h100-d512-mix-proportional-only-q4-seed0-from10pct-20260826-rno2a,proportional_quality_isolation,truthfulqa_mc1_0shot,0.7928623434803
h100-d512-mix-proportional-only-q4-seed0-from10pct-20260826-rno2a,proportional_quality_isolation,winogrande_0shot,0.4888963048886459
h100-d512-mix-proportional-zero-c00-seed0-from10pct-20260826-rno2a,proportional_domain_ablation,arc_challenge_0shot,1.5202029600582576
h100-d512-mix-proportional-zero-c00-seed0-from10pct-20260826-rno2a,proportional_domain_ablation,belebele_arabic,2.116322692084937
h100-d512-mix-proportional-zero-c00-seed0-from10pct-20260826-rno2a,proportional_domain_ablation,belebele_bengali,2.560346590772041
h100-d512-mix-proportional-zero-c00-seed0-from10pct-20260826-rno2a,proportional_domain_ablation,belebele_chinese_simplified,2.0881743689148697
h100-d512-mix-proportional-zero-c00-seed0-from10pct-20260826-rno2a,proportional_domain_ablation,belebele_french,2.0647912165385764
h100-d512-mix-proportional-zero-c00-seed0-from10pct-20260826-rno2a,proportional_domain_ablation,belebele_german,2.0594610710801127
h100-d512-mix-proportional-zero-c00-seed0-from10pct-20260826-rno2a,proportional_domain_ablation,belebele_hebrew,2.626203551549487
h100-d512-mix-proportional-zero-c00-seed0-from10pct-20260826-rno2a,proportional_domain_ablation,belebele_hindi,2.1867066398190453
h100-d512-mix-proportional-zero-c00-seed0-from10pct-20260826-rno2a,proportional_domain_ablation,belebele_indonesian,2.0522754197066537
h100-d512-mix-proportional-zero-c00-seed0-from10pct-20260826-rno2a,proportional_domain_ablation,belebele_japanese,2.0642323225116046
h100-d512-mix-proportional-zero-c00-seed0-from10pct-20260826-rno2a,proportional_domain_ablation,belebele_korean,2.0477174475912454
h100-d512-mix-proportional-zero-c00-seed0-from10pct-20260826-rno2a,proportional_domain_ablation,belebele_mean,2.190107031171726
h100-d512-mix-proportional-zero-c00-seed0-from10pct-20260826-rno2a,proportional_domain_ablation,belebele_portuguese,2.0556036046529464
h100-d512-mix-proportional-zero-c00-seed0-from10pct-20260826-rno2a,proportional_domain_ablation,belebele_russian,2.0497274052011356
h100-d512-mix-proportional-zero-c00-seed0-from10pct-20260826-rno2a,proportional_domain_ablation,belebele_spanish,2.0630033299023345
h100-d512-mix-proportional-zero-c00-seed0-from10pct-20260826-rno2a,proportional_domain_ablation,belebele_swahili,2.2645083091626734
h100-d512-mix-proportional-zero-c00-seed0-from10pct-20260826-rno2a,proportional_domain_ablation,belebele_thai,2.0759499624793976
h100-d512-mix-proportional-zero-c00-seed0-from10pct-20260826-rno2a,proportional_domain_ablation,belebele_turkish,2.172405890470452
h100-d512-mix-proportional-zero-c00-seed0-from10pct-20260826-rno2a,proportional_domain_ablation,belebele_vietnamese,2.162246057315391
h100-d512-mix-proportional-zero-c00-seed0-from10pct-20260826-rno2a,proportional_domain_ablation,belebele_yoruba,2.7122506813381686
h100-d512-mix-proportional-zero-c00-seed0-from10pct-20260826-rno2a,proportional_domain_ablation,boolq_0shot,2.2369425819847946
h100-d512-mix-proportional-zero-c00-seed0-from10pct-20260826-rno2a,proportional_domain_ablation,copa_0shot,1.8181500703728417
h100-d512-mix-proportional-zero-c00-seed0-from10pct-20260826-rno2a,proportional_domain_ablation,csqa_0shot,3.3176389590618744
h100-d512-mix-proportional-zero-c00-seed0-from10pct-20260826-rno2a,proportional_domain_ablation,gpqa_0shot,3.027849815519402
h100-d512-mix-proportional-zero-c00-seed0-from10pct-20260826-rno2a,proportional_domain_ablation,hellaswag_0shot,0.9587966246208409
h100-d512-mix-proportional-zero-c00-seed0-from10pct-20260826-rno2a,proportional_domain_ablation,include_arabic,2.0422557616156096
h100-d512-mix-proportional-zero-c00-seed0-from10pct-20260826-rno2a,proportional_domain_ablation,include_bengali,2.1314229279781087
h100-d512-mix-proportional-zero-c00-seed0-from10pct-20260826-rno2a,proportional_domain_ablation,include_chinese,2.061587426513043
h100-d512-mix-proportional-zero-c00-seed0-from10pct-20260826-rno2a,proportional_domain_ablation,include_french,2.062168410289679
h100-d512-mix-proportional-zero-c00-seed0-from10pct-20260826-rno2a,proportional_domain_ablation,include_german,1.971131816186038
h100-d512-mix-proportional-zero-c00-seed0-from10pct-20260826-rno2a,proportional_domain_ablation,include_hebrew,2.1474611583816254
h100-d512-mix-proportional-zero-c00-seed0-from10pct-20260826-rno2a,proportional_domain_ablation,include_hindi,2.1190422954069907
h100-d512-mix-proportional-zero-c00-seed0-from10pct-20260826-rno2a,proportional_domain_ablation,include_indonesian,2.057079186621102
h100-d512-mix-proportional-zero-c00-seed0-from10pct-20260826-rno2a,proportional_domain_ablation,include_japanese,2.091563233088418
h100-d512-mix-proportional-zero-c00-seed0-from10pct-20260826-rno2a,proportional_domain_ablation,include_korean,2.0851718979172262
h100-d512-mix-proportional-zero-c00-seed0-from10pct-20260826-rno2a,proportional_domain_ablation,include_mean,2.072272521901054
h100-d512-mix-proportional-zero-c00-seed0-from10pct-20260826-rno2a,proportional_domain_ablation,include_portuguese,2.0827091754701734
h100-d512-mix-proportional-zero-c00-seed0-from10pct-20260826-rno2a,proportional_domain_ablation,include_russian,2.0408998466574544
h100-d512-mix-proportional-zero-c00-seed0-from10pct-20260826-rno2a,proportional_domain_ablation,include_spanish,2.060896445059289
h100-d512-mix-proportional-zero-c00-seed0-from10pct-20260826-rno2a,proportional_domain_ablation,include_turkish,2.0520597189752787
h100-d512-mix-proportional-zero-c00-seed0-from10pct-20260826-rno2a,proportional_domain_ablation,include_vietnamese,2.078638528355774
h100-d512-mix-proportional-zero-c00-seed0-from10pct-20260826-rno2a,proportional_domain_ablation,lambada_0shot,0.8652314417702622
h100-d512-mix-proportional-zero-c00-seed0-from10pct-20260826-rno2a,proportional_domain_ablation,lb_bbh_3shot,1.6573858907512344
h100-d512-mix-proportional-zero-c00-seed0-from10pct-20260826-rno2a,proportional_domain_ablation,logprob_gsm8k_5shot,0.7906685876406254
h100-d512-mix-proportional-zero-c00-seed0-from10pct-20260826-rno2a,proportional_domain_ablation,logprob_humaneval_10shot,0.5430156811716728
h100-d512-mix-proportional-zero-c00-seed0-from10pct-20260826-rno2a,proportional_domain_ablation,medmcqa_0shot,3.6154200170147566
h100-d512-mix-proportional-zero-c00-seed0-from10pct-20260826-rno2a,proportional_domain_ablation,medqa_0shot,2.6297755331066464
h100-d512-mix-proportional-zero-c00-seed0-from10pct-20260826-rno2a,proportional_domain_ablation,mmlu_pro_5shot,3.9438759687747615
h100-d512-mix-proportional-zero-c00-seed0-from10pct-20260826-rno2a,proportional_domain_ablation,musr_0shot,0.7649039764599096
h100-d512-mix-proportional-zero-c00-seed0-from10pct-20260826-rno2a,proportional_domain_ablation,openbookqa_0shot,1.9647186217025399
h100-d512-mix-proportional-zero-c00-seed0-from10pct-20260826-rno2a,proportional_domain_ablation,piqa_0shot,1.2778788328587387
h100-d512-mix-proportional-zero-c00-seed0-from10pct-20260826-rno2a,proportional_domain_ablation,sciq_0shot,1.5636492345972433
h100-d512-mix-proportional-zero-c00-seed0-from10pct-20260826-rno2a,proportional_domain_ablation,truthfulqa_mc1_0shot,0.7518896907154434
h100-d512-mix-proportional-zero-c00-seed0-from10pct-20260826-rno2a,proportional_domain_ablation,winogrande_0shot,0.44764197958188273
h100-d512-mix-proportional-zero-c01-seed0-from10pct-20260826-rno2a,proportional_domain_ablation,arc_challenge_0shot,1.5190961041996798
h100-d512-mix-proportional-zero-c01-seed0-from10pct-20260826-rno2a,proportional_domain_ablation,belebele_arabic,4.841830357866059
h100-d512-mix-proportional-zero-c01-seed0-from10pct-20260826-rno2a,proportional_domain_ablation,belebele_bengali,5.310281795170199
h100-d512-mix-proportional-zero-c01-seed0-from10pct-20260826-rno2a,proportional_domain_ablation,belebele_chinese_simplified,3.50413063694887
h100-d512-mix-proportional-zero-c01-seed0-from10pct-20260826-rno2a,proportional_domain_ablation,belebele_french,3.241401432369013
h100-d512-mix-proportional-zero-c01-seed0-from10pct-20260826-rno2a,proportional_domain_ablation,belebele_german,3.6181458943208065
h100-d512-mix-proportional-zero-c01-seed0-from10pct-20260826-rno2a,proportional_domain_ablation,belebele_hebrew,7.351034458578622
h100-d512-mix-proportional-zero-c01-seed0-from10pct-20260826-rno2a,proportional_domain_ablation,belebele_hindi,4.23171060514781
h100-d512-mix-proportional-zero-c01-seed0-from10pct-20260826-rno2a,proportional_domain_ablation,belebele_indonesian,3.501695305380648
h100-d512-mix-proportional-zero-c01-seed0-from10pct-20260826-rno2a,proportional_domain_ablation,belebele_japanese,3.546049412524649
h100-d512-mix-proportional-zero-c01-seed0-from10pct-20260826-rno2a,proportional_domain_ablation,belebele_korean,3.0060439697963894
h100-d512-mix-proportional-zero-c01-seed0-from10pct-20260826-rno2a,proportional_domain_ablation,belebele_mean,4.1060776852722585
h100-d512-mix-proportional-zero-c01-seed0-from10pct-20260826-rno2a,proportional_domain_ablation,belebele_portuguese,2.500412847018964
h100-d512-mix-proportional-zero-c01-seed0-from10pct-20260826-rno2a,proportional_domain_ablation,belebele_russian,3.1710058373965078
h100-d512-mix-proportional-zero-c01-seed0-from10pct-20260826-rno2a,proportional_domain_ablation,belebele_spanish,3.2100980213511017
h100-d512-mix-proportional-zero-c01-seed0-from10pct-20260826-rno2a,proportional_domain_ablation,belebele_swahili,5.677448620114364
h100-d512-mix-proportional-zero-c01-seed0-from10pct-20260826-rno2a,proportional_domain_ablation,belebele_thai,3.7303558252513405
h100-d512-mix-proportional-zero-c01-seed0-from10pct-20260826-rno2a,proportional_domain_ablation,belebele_turkish,3.6642763368863145
h100-d512-mix-proportional-zero-c01-seed0-from10pct-20260826-rno2a,proportional_domain_ablation,belebele_vietnamese,4.376536704333378
h100-d512-mix-proportional-zero-c01-seed0-from10pct-20260826-rno2a,proportional_domain_ablation,belebele_yoruba,5.4269402744456245
h100-d512-mix-proportional-zero-c01-seed0-from10pct-20260826-rno2a,proportional_domain_ablation,boolq_0shot,2.391794382488545
h100-d512-mix-proportional-zero-c01-seed0-from10pct-20260826-rno2a,proportional_domain_ablation,copa_0shot,1.7850099472345355
h100-d512-mix-proportional-zero-c01-seed0-from10pct-20260826-rno2a,proportional_domain_ablation,csqa_0shot,3.2398112274347057
h100-d512-mix-proportional-zero-c01-seed0-from10pct-20260826-rno2a,proportional_domain_ablation,gpqa_0shot,3.3007743452748572
h100-d512-mix-proportional-zero-c01-seed0-from10pct-20260826-rno2a,proportional_domain_ablation,hellaswag_0shot,0.963161379121563
h100-d512-mix-proportional-zero-c01-seed0-from10pct-20260826-rno2a,proportional_domain_ablation,include_arabic,2.121862797944307
h100-d512-mix-proportional-zero-c01-seed0-from10pct-20260826-rno2a,proportional_domain_ablation,include_bengali,2.076281345180979
h100-d512-mix-proportional-zero-c01-seed0-from10pct-20260826-rno2a,proportional_domain_ablation,include_chinese,2.0625140679314162
h100-d512-mix-proportional-zero-c01-seed0-from10pct-20260826-rno2a,proportional_domain_ablation,include_french,2.030231971672991
h100-d512-mix-proportional-zero-c01-seed0-from10pct-20260826-rno2a,proportional_domain_ablation,include_german,2.056576515795524
h100-d512-mix-proportional-zero-c01-seed0-from10pct-20260826-rno2a,proportional_domain_ablation,include_hebrew,2.1582377125324594
h100-d512-mix-proportional-zero-c01-seed0-from10pct-20260826-rno2a,proportional_domain_ablation,include_hindi,2.153693344811115
h100-d512-mix-proportional-zero-c01-seed0-from10pct-20260826-rno2a,proportional_domain_ablation,include_indonesian,2.0919013242922766
h100-d512-mix-proportional-zero-c01-seed0-from10pct-20260826-rno2a,proportional_domain_ablation,include_japanese,2.0850119448266495
h100-d512-mix-proportional-zero-c01-seed0-from10pct-20260826-rno2a,proportional_domain_ablation,include_korean,2.0603962416493435
h100-d512-mix-proportional-zero-c01-seed0-from10pct-20260826-rno2a,proportional_domain_ablation,include_mean,2.09021309631877
h100-d512-mix-proportional-zero-c01-seed0-from10pct-20260826-rno2a,proportional_domain_ablation,include_portuguese,2.1008246215364803
h100-d512-mix-proportional-zero-c01-seed0-from10pct-20260826-rno2a,proportional_domain_ablation,include_russian,2.0718226863586833
h100-d512-mix-proportional-zero-c01-seed0-from10pct-20260826-rno2a,proportional_domain_ablation,include_spanish,2.0534455995564707
h100-d512-mix-proportional-zero-c01-seed0-from10pct-20260826-rno2a,proportional_domain_ablation,include_turkish,2.1173842109353767
h100-d512-mix-proportional-zero-c01-seed0-from10pct-20260826-rno2a,proportional_domain_ablation,include_vietnamese,2.1130120597574793
h100-d512-mix-proportional-zero-c01-seed0-from10pct-20260826-rno2a,proportional_domain_ablation,lambada_0shot,0.8547738659155096
h100-d512-mix-proportional-zero-c01-seed0-from10pct-20260826-rno2a,proportional_domain_ablation,lb_bbh_3shot,1.802280079336593
h100-d512-mix-proportional-zero-c01-seed0-from10pct-20260826-rno2a,proportional_domain_ablation,logprob_gsm8k_5shot,0.7925662903238151
h100-d512-mix-proportional-zero-c01-seed0-from10pct-20260826-rno2a,proportional_domain_ablation,logprob_humaneval_10shot,0.5407865470530917
h100-d512-mix-proportional-zero-c01-seed0-from10pct-20260826-rno2a,proportional_domain_ablation,medmcqa_0shot,2.6517108937555953
h100-d512-mix-proportional-zero-c01-seed0-from10pct-20260826-rno2a,proportional_domain_ablation,medqa_0shot,2.4556024779002295
h100-d512-mix-proportional-zero-c01-seed0-from10pct-20260826-rno2a,proportional_domain_ablation,mmlu_pro_5shot,3.992183118815692
h100-d512-mix-proportional-zero-c01-seed0-from10pct-20260826-rno2a,proportional_domain_ablation,musr_0shot,0.9311160037622556
h100-d512-mix-proportional-zero-c01-seed0-from10pct-20260826-rno2a,proportional_domain_ablation,openbookqa_0shot,1.963189665501913
h100-d512-mix-proportional-zero-c01-seed0-from10pct-20260826-rno2a,proportional_domain_ablation,piqa_0shot,1.266098082266124
h100-d512-mix-proportional-zero-c01-seed0-from10pct-20260826-rno2a,proportional_domain_ablation,sciq_0shot,1.605558831073505
h100-d512-mix-proportional-zero-c01-seed0-from10pct-20260826-rno2a,proportional_domain_ablation,truthfulqa_mc1_0shot,0.7726036902784164
h100-d512-mix-proportional-zero-c01-seed0-from10pct-20260826-rno2a,proportional_domain_ablation,winogrande_0shot,0.4471471729369311
h100-d512-mix-proportional-zero-c02-seed0-from10pct-20260826-rno2a,proportional_domain_ablation,arc_challenge_0shot,1.5849890977610404
h100-d512-mix-proportional-zero-c02-seed0-from10pct-20260826-rno2a,proportional_domain_ablation,belebele_arabic,2.92066451210589
h100-d512-mix-proportional-zero-c02-seed0-from10pct-20260826-rno2a,proportional_domain_ablation,belebele_bengali,2.760452899626412
h100-d512-mix-proportional-zero-c02-seed0-from10pct-20260826-rno2a,proportional_domain_ablation,belebele_chinese_simplified,2.415792314847923
h100-d512-mix-proportional-zero-c02-seed0-from10pct-20260826-rno2a,proportional_domain_ablation,belebele_french,2.2822328339946476
h100-d512-mix-proportional-zero-c02-seed0-from10pct-20260826-rno2a,proportional_domain_ablation,belebele_german,2.2956951112615607
h100-d512-mix-proportional-zero-c02-seed0-from10pct-20260826-rno2a,proportional_domain_ablation,belebele_hebrew,4.303917149056764
h100-d512-mix-proportional-zero-c02-seed0-from10pct-20260826-rno2a,proportional_domain_ablation,belebele_hindi,2.5658905609226834
h100-d512-mix-proportional-zero-c02-seed0-from10pct-20260826-rno2a,proportional_domain_ablation,belebele_indonesian,2.155059902414946
h100-d512-mix-proportional-zero-c02-seed0-from10pct-20260826-rno2a,proportional_domain_ablation,belebele_japanese,2.3445999858810915
h100-d512-mix-proportional-zero-c02-seed0-from10pct-20260826-rno2a,proportional_domain_ablation,belebele_korean,2.192078325202631
h100-d512-mix-proportional-zero-c02-seed0-from10pct-20260826-rno2a,proportional_domain_ablation,belebele_mean,2.598697736496325
h100-d512-mix-proportional-zero-c02-seed0-from10pct-20260826-rno2a,proportional_domain_ablation,belebele_portuguese,2.2682102647684546
h100-d512-mix-proportional-zero-c02-seed0-from10pct-20260826-rno2a,proportional_domain_ablation,belebele_russian,2.2830788429293705
h100-d512-mix-proportional-zero-c02-seed0-from10pct-20260826-rno2a,proportional_domain_ablation,belebele_spanish,2.217426929518422
h100-d512-mix-proportional-zero-c02-seed0-from10pct-20260826-rno2a,proportional_domain_ablation,belebele_swahili,2.8795158234369636
h100-d512-mix-proportional-zero-c02-seed0-from10pct-20260826-rno2a,proportional_domain_ablation,belebele_thai,2.659029173270982
h100-d512-mix-proportional-zero-c02-seed0-from10pct-20260826-rno2a,proportional_domain_ablation,belebele_turkish,2.486105441177418
h100-d512-mix-proportional-zero-c02-seed0-from10pct-20260826-rno2a,proportional_domain_ablation,belebele_vietnamese,2.3914643010622068
h100-d512-mix-proportional-zero-c02-seed0-from10pct-20260826-rno2a,proportional_domain_ablation,belebele_yoruba,3.3553448854554873
h100-d512-mix-proportional-zero-c02-seed0-from10pct-20260826-rno2a,proportional_domain_ablation,boolq_0shot,2.4845749791345737
h100-d512-mix-proportional-zero-c02-seed0-from10pct-20260826-rno2a,proportional_domain_ablation,copa_0shot,1.7858621798170455
h100-d512-mix-proportional-zero-c02-seed0-from10pct-20260826-rno2a,proportional_domain_ablation,csqa_0shot,3.481886258836962
h100-d512-mix-proportional-zero-c02-seed0-from10pct-20260826-rno2a,proportional_domain_ablation,gpqa_0shot,2.9874165348232355
h100-d512-mix-proportional-zero-c02-seed0-from10pct-20260826-rno2a,proportional_domain_ablation,hellaswag_0shot,0.9593391250625659
h100-d512-mix-proportional-zero-c02-seed0-from10pct-20260826-rno2a,proportional_domain_ablation,include_arabic,2.0834527570186805
h100-d512-mix-proportional-zero-c02-seed0-from10pct-20260826-rno2a,proportional_domain_ablation,include_bengali,2.1165142854976335
h100-d512-mix-proportional-zero-c02-seed0-from10pct-20260826-rno2a,proportional_domain_ablation,include_chinese,2.0710977742619034
h100-d512-mix-proportional-zero-c02-seed0-from10pct-20260826-rno2a,proportional_domain_ablation,include_french,2.060982674466696
h100-d512-mix-proportional-zero-c02-seed0-from10pct-20260826-rno2a,proportional_domain_ablation,include_german,1.9933064326817371
h100-d512-mix-proportional-zero-c02-seed0-from10pct-20260826-rno2a,proportional_domain_ablation,include_hebrew,2.1502525818177736
h100-d512-mix-proportional-zero-c02-seed0-from10pct-20260826-rno2a,proportional_domain_ablation,include_hindi,2.1636999454824273
h100-d512-mix-proportional-zero-c02-seed0-from10pct-20260826-rno2a,proportional_domain_ablation,include_indonesian,2.0917964142498584
h100-d512-mix-proportional-zero-c02-seed0-from10pct-20260826-rno2a,proportional_domain_ablation,include_japanese,2.117054409257322
h100-d512-mix-proportional-zero-c02-seed0-from10pct-20260826-rno2a,proportional_domain_ablation,include_korean,2.039610098750316
h100-d512-mix-proportional-zero-c02-seed0-from10pct-20260826-rno2a,proportional_domain_ablation,include_mean,2.0845850047304935
h100-d512-mix-proportional-zero-c02-seed0-from10pct-20260826-rno2a,proportional_domain_ablation,include_portuguese,2.1304507053668718
h100-d512-mix-proportional-zero-c02-seed0-from10pct-20260826-rno2a,proportional_domain_ablation,include_russian,2.0392370534280735
h100-d512-mix-proportional-zero-c02-seed0-from10pct-20260826-rno2a,proportional_domain_ablation,include_spanish,2.056777343779268
h100-d512-mix-proportional-zero-c02-seed0-from10pct-20260826-rno2a,proportional_domain_ablation,include_turkish,2.06630455000682
h100-d512-mix-proportional-zero-c02-seed0-from10pct-20260826-rno2a,proportional_domain_ablation,include_vietnamese,2.088238044892018
h100-d512-mix-proportional-zero-c02-seed0-from10pct-20260826-rno2a,proportional_domain_ablation,lambada_0shot,0.8708661968795581
h100-d512-mix-proportional-zero-c02-seed0-from10pct-20260826-rno2a,proportional_domain_ablation,lb_bbh_3shot,1.5437305906657797
h100-d512-mix-proportional-zero-c02-seed0-from10pct-20260826-rno2a,proportional_domain_ablation,logprob_gsm8k_5shot,0.8151088866003559
h100-d512-mix-proportional-zero-c02-seed0-from10pct-20260826-rno2a,proportional_domain_ablation,logprob_humaneval_10shot,0.5373358541308852
h100-d512-mix-proportional-zero-c02-seed0-from10pct-20260826-rno2a,proportional_domain_ablation,medmcqa_0shot,3.0174548510519905
h100-d512-mix-proportional-zero-c02-seed0-from10pct-20260826-rno2a,proportional_domain_ablation,medqa_0shot,3.2451697489840723
h100-d512-mix-proportional-zero-c02-seed0-from10pct-20260826-rno2a,proportional_domain_ablation,mmlu_pro_5shot,4.188162051981575
h100-d512-mix-proportional-zero-c02-seed0-from10pct-20260826-rno2a,proportional_domain_ablation,musr_0shot,0.7258737095109704
h100-d512-mix-proportional-zero-c02-seed0-from10pct-20260826-rno2a,proportional_domain_ablation,openbookqa_0shot,1.9426240003557316
h100-d512-mix-proportional-zero-c02-seed0-from10pct-20260826-rno2a,proportional_domain_ablation,piqa_0shot,1.3016348194054552
h100-d512-mix-proportional-zero-c02-seed0-from10pct-20260826-rno2a,proportional_domain_ablation,sciq_0shot,1.651351905087117
h100-d512-mix-proportional-zero-c02-seed0-from10pct-20260826-rno2a,proportional_domain_ablation,truthfulqa_mc1_0shot,0.7544786657709567
h100-d512-mix-proportional-zero-c02-seed0-from10pct-20260826-rno2a,proportional_domain_ablation,winogrande_0shot,0.4466358916582156
h100-d512-mix-proportional-zero-c03-seed0-from10pct-20260826-rno2a,proportional_domain_ablation,arc_challenge_0shot,1.4884183141567346
h100-d512-mix-proportional-zero-c03-seed0-from10pct-20260826-rno2a,proportional_domain_ablation,belebele_arabic,3.0507269727400645
h100-d512-mix-proportional-zero-c03-seed0-from10pct-20260826-rno2a,proportional_domain_ablation,belebele_bengali,2.309932685840828
h100-d512-mix-proportional-zero-c03-seed0-from10pct-20260826-rno2a,proportional_domain_ablation,belebele_chinese_simplified,2.1933489534740307
h100-d512-mix-proportional-zero-c03-seed0-from10pct-20260826-rno2a,proportional_domain_ablation,belebele_french,2.3948099132016076
h100-d512-mix-proportional-zero-c03-seed0-from10pct-20260826-rno2a,proportional_domain_ablation,belebele_german,2.345337139639047
h100-d512-mix-proportional-zero-c03-seed0-from10pct-20260826-rno2a,proportional_domain_ablation,belebele_hebrew,3.6436549724951064
h100-d512-mix-proportional-zero-c03-seed0-from10pct-20260826-rno2a,proportional_domain_ablation,belebele_hindi,2.4921888961574123
h100-d512-mix-proportional-zero-c03-seed0-from10pct-20260826-rno2a,proportional_domain_ablation,belebele_indonesian,2.131861526001185
h100-d512-mix-proportional-zero-c03-seed0-from10pct-20260826-rno2a,proportional_domain_ablation,belebele_japanese,2.2114413510115765
h100-d512-mix-proportional-zero-c03-seed0-from10pct-20260826-rno2a,proportional_domain_ablation,belebele_korean,2.163769258543479
h100-d512-mix-proportional-zero-c03-seed0-from10pct-20260826-rno2a,proportional_domain_ablation,belebele_mean,2.488154207627928
h100-d512-mix-proportional-zero-c03-seed0-from10pct-20260826-rno2a,proportional_domain_ablation,belebele_portuguese,2.192639521790662
h100-d512-mix-proportional-zero-c03-seed0-from10pct-20260826-rno2a,proportional_domain_ablation,belebele_russian,2.164832381529663
h100-d512-mix-proportional-zero-c03-seed0-from10pct-20260826-rno2a,proportional_domain_ablation,belebele_spanish,2.206651777886105
h100-d512-mix-proportional-zero-c03-seed0-from10pct-20260826-rno2a,proportional_domain_ablation,belebele_swahili,2.8115289847001983
h100-d512-mix-proportional-zero-c03-seed0-from10pct-20260826-rno2a,proportional_domain_ablation,belebele_thai,2.184718828319563
h100-d512-mix-proportional-zero-c03-seed0-from10pct-20260826-rno2a,proportional_domain_ablation,belebele_turkish,2.46289646499515
h100-d512-mix-proportional-zero-c03-seed0-from10pct-20260826-rno2a,proportional_domain_ablation,belebele_vietnamese,2.578598396640028
h100-d512-mix-proportional-zero-c03-seed0-from10pct-20260826-rno2a,proportional_domain_ablation,belebele_yoruba,3.247837712337002
h100-d512-mix-proportional-zero-c03-seed0-from10pct-20260826-rno2a,proportional_domain_ablation,boolq_0shot,2.1415267750963007
h100-d512-mix-proportional-zero-c03-seed0-from10pct-20260826-rno2a,proportional_domain_ablation,copa_0shot,1.8045130844159407
h100-d512-mix-proportional-zero-c03-seed0-from10pct-20260826-rno2a,proportional_domain_ablation,csqa_0shot,3.2243744149969826
h100-d512-mix-proportional-zero-c03-seed0-from10pct-20260826-rno2a,proportional_domain_ablation,gpqa_0shot,3.8651813257539716
h100-d512-mix-proportional-zero-c03-seed0-from10pct-20260826-rno2a,proportional_domain_ablation,hellaswag_0shot,0.959512508898651
h100-d512-mix-proportional-zero-c03-seed0-from10pct-20260826-rno2a,proportional_domain_ablation,include_arabic,2.06461358653308
h100-d512-mix-proportional-zero-c03-seed0-from10pct-20260826-rno2a,proportional_domain_ablation,include_bengali,2.034508277786506
h100-d512-mix-proportional-zero-c03-seed0-from10pct-20260826-rno2a,proportional_domain_ablation,include_chinese,2.055995845310334
h100-d512-mix-proportional-zero-c03-seed0-from10pct-20260826-rno2a,proportional_domain_ablation,include_french,2.043930887291476
h100-d512-mix-proportional-zero-c03-seed0-from10pct-20260826-rno2a,proportional_domain_ablation,include_german,1.9932403517506767
h100-d512-mix-proportional-zero-c03-seed0-from10pct-20260826-rno2a,proportional_domain_ablation,include_hebrew,2.083247717651606
h100-d512-mix-proportional-zero-c03-seed0-from10pct-20260826-rno2a,proportional_domain_ablation,include_hindi,2.1117955314607313
h100-d512-mix-proportional-zero-c03-seed0-from10pct-20260826-rno2a,proportional_domain_ablation,include_indonesian,2.087185878017175
h100-d512-mix-proportional-zero-c03-seed0-from10pct-20260826-rno2a,proportional_domain_ablation,include_japanese,2.0689468143829597
h100-d512-mix-proportional-zero-c03-seed0-from10pct-20260826-rno2a,proportional_domain_ablation,include_korean,2.0661679470795606
h100-d512-mix-proportional-zero-c03-seed0-from10pct-20260826-rno2a,proportional_domain_ablation,include_mean,2.0601029113205316
h100-d512-mix-proportional-zero-c03-seed0-from10pct-20260826-rno2a,proportional_domain_ablation,include_portuguese,2.0815115962859307
h100-d512-mix-proportional-zero-c03-seed0-from10pct-20260826-rno2a,proportional_domain_ablation,include_russian,2.0625617846708213
h100-d512-mix-proportional-zero-c03-seed0-from10pct-20260826-rno2a,proportional_domain_ablation,include_spanish,2.049743495854518
h100-d512-mix-proportional-zero-c03-seed0-from10pct-20260826-rno2a,proportional_domain_ablation,include_turkish,2.0352537521216
h100-d512-mix-proportional-zero-c03-seed0-from10pct-20260826-rno2a,proportional_domain_ablation,include_vietnamese,2.0628402036109956
h100-d512-mix-proportional-zero-c03-seed0-from10pct-20260826-rno2a,proportional_domain_ablation,lambada_0shot,0.8549202885044515
h100-d512-mix-proportional-zero-c03-seed0-from10pct-20260826-rno2a,proportional_domain_ablation,lb_bbh_3shot,1.583409819262544
h100-d512-mix-proportional-zero-c03-seed0-from10pct-20260826-rno2a,proportional_domain_ablation,logprob_gsm8k_5shot,0.8172427756895042
h100-d512-mix-proportional-zero-c03-seed0-from10pct-20260826-rno2a,proportional_domain_ablation,logprob_humaneval_10shot,0.5377344007689688
h100-d512-mix-proportional-zero-c03-seed0-from10pct-20260826-rno2a,proportional_domain_ablation,medmcqa_0shot,3.0460912560730833
h100-d512-mix-proportional-zero-c03-seed0-from10pct-20260826-rno2a,proportional_domain_ablation,medqa_0shot,3.449527708103282
h100-d512-mix-proportional-zero-c03-seed0-from10pct-20260826-rno2a,proportional_domain_ablation,mmlu_pro_5shot,4.330480420406363
h100-d512-mix-proportional-zero-c03-seed0-from10pct-20260826-rno2a,proportional_domain_ablation,musr_0shot,0.9231957684286871
h100-d512-mix-proportional-zero-c03-seed0-from10pct-20260826-rno2a,proportional_domain_ablation,openbookqa_0shot,1.957370256136061
h100-d512-mix-proportional-zero-c03-seed0-from10pct-20260826-rno2a,proportional_domain_ablation,piqa_0shot,1.2704307589511799
h100-d512-mix-proportional-zero-c03-seed0-from10pct-20260826-rno2a,proportional_domain_ablation,sciq_0shot,1.457995854538528
h100-d512-mix-proportional-zero-c03-seed0-from10pct-20260826-rno2a,proportional_domain_ablation,truthfulqa_mc1_0shot,0.7540323261098306
h100-d512-mix-proportional-zero-c03-seed0-from10pct-20260826-rno2a,proportional_domain_ablation,winogrande_0shot,0.4461628973892975
h100-d512-mix-proportional-zero-c04-seed0-from10pct-20260826-rno2a,proportional_domain_ablation,arc_challenge_0shot,1.5492684747299468
h100-d512-mix-proportional-zero-c04-seed0-from10pct-20260826-rno2a,proportional_domain_ablation,belebele_arabic,2.522263426354793
h100-d512-mix-proportional-zero-c04-seed0-from10pct-20260826-rno2a,proportional_domain_ablation,belebele_bengali,2.5813285699143145
h100-d512-mix-proportional-zero-c04-seed0-from10pct-20260826-rno2a,proportional_domain_ablation,belebele_chinese_simplified,2.197371126252742
h100-d512-mix-proportional-zero-c04-seed0-from10pct-20260826-rno2a,proportional_domain_ablation,belebele_french,2.1534653582926198
h100-d512-mix-proportional-zero-c04-seed0-from10pct-20260826-rno2a,proportional_domain_ablation,belebele_german,2.131048197305325
h100-d512-mix-proportional-zero-c04-seed0-from10pct-20260826-rno2a,proportional_domain_ablation,belebele_hebrew,2.8296731362125027
h100-d512-mix-proportional-zero-c04-seed0-from10pct-20260826-rno2a,proportional_domain_ablation,belebele_hindi,2.5539566935695324
h100-d512-mix-proportional-zero-c04-seed0-from10pct-20260826-rno2a,proportional_domain_ablation,belebele_indonesian,2.1393160034562113
h100-d512-mix-proportional-zero-c04-seed0-from10pct-20260826-rno2a,proportional_domain_ablation,belebele_japanese,2.1419161657767547
h100-d512-mix-proportional-zero-c04-seed0-from10pct-20260826-rno2a,proportional_domain_ablation,belebele_korean,2.1408820277910916
h100-d512-mix-proportional-zero-c04-seed0-from10pct-20260826-rno2a,proportional_domain_ablation,belebele_mean,2.346270101632554
h100-d512-mix-proportional-zero-c04-seed0-from10pct-20260826-rno2a,proportional_domain_ablation,belebele_portuguese,2.1922852392497107
h100-d512-mix-proportional-zero-c04-seed0-from10pct-20260826-rno2a,proportional_domain_ablation,belebele_russian,2.2187759146142887
h100-d512-mix-proportional-zero-c04-seed0-from10pct-20260826-rno2a,proportional_domain_ablation,belebele_spanish,2.1589065810392447
h100-d512-mix-proportional-zero-c04-seed0-from10pct-20260826-rno2a,proportional_domain_ablation,belebele_swahili,2.646233319603752
h100-d512-mix-proportional-zero-c04-seed0-from10pct-20260826-rno2a,proportional_domain_ablation,belebele_thai,2.198559295817902
h100-d512-mix-proportional-zero-c04-seed0-from10pct-20260826-rno2a,proportional_domain_ablation,belebele_turkish,2.4916633706820908
h100-d512-mix-proportional-zero-c04-seed0-from10pct-20260826-rno2a,proportional_domain_ablation,belebele_vietnamese,2.2744848545784127
h100-d512-mix-proportional-zero-c04-seed0-from10pct-20260826-rno2a,proportional_domain_ablation,belebele_yoruba,2.6607325488746874
h100-d512-mix-proportional-zero-c04-seed0-from10pct-20260826-rno2a,proportional_domain_ablation,boolq_0shot,2.5424786841968867
h100-d512-mix-proportional-zero-c04-seed0-from10pct-20260826-rno2a,proportional_domain_ablation,copa_0shot,1.8130171676893712
h100-d512-mix-proportional-zero-c04-seed0-from10pct-20260826-rno2a,proportional_domain_ablation,csqa_0shot,3.0244607653729414
h100-d512-mix-proportional-zero-c04-seed0-from10pct-20260826-rno2a,proportional_domain_ablation,gpqa_0shot,2.9428888751813735
h100-d512-mix-proportional-zero-c04-seed0-from10pct-20260826-rno2a,proportional_domain_ablation,hellaswag_0shot,0.960092357446393
h100-d512-mix-proportional-zero-c04-seed0-from10pct-20260826-rno2a,proportional_domain_ablation,include_arabic,2.075639287335972
h100-d512-mix-proportional-zero-c04-seed0-from10pct-20260826-rno2a,proportional_domain_ablation,include_bengali,2.06522100093271
h100-d512-mix-proportional-zero-c04-seed0-from10pct-20260826-rno2a,proportional_domain_ablation,include_chinese,2.083733656605331
h100-d512-mix-proportional-zero-c04-seed0-from10pct-20260826-rno2a,proportional_domain_ablation,include_french,2.034877645025457
h100-d512-mix-proportional-zero-c04-seed0-from10pct-20260826-rno2a,proportional_domain_ablation,include_german,1.9720491246289005
h100-d512-mix-proportional-zero-c04-seed0-from10pct-20260826-rno2a,proportional_domain_ablation,include_hebrew,2.0938192108684226
h100-d512-mix-proportional-zero-c04-seed0-from10pct-20260826-rno2a,proportional_domain_ablation,include_hindi,2.1259395605804734
h100-d512-mix-proportional-zero-c04-seed0-from10pct-20260826-rno2a,proportional_domain_ablation,include_indonesian,2.100095147980042
h100-d512-mix-proportional-zero-c04-seed0-from10pct-20260826-rno2a,proportional_domain_ablation,include_japanese,2.065984109591799
h100-d512-mix-proportional-zero-c04-seed0-from10pct-20260826-rno2a,proportional_domain_ablation,include_korean,2.062825779848207
h100-d512-mix-proportional-zero-c04-seed0-from10pct-20260826-rno2a,proportional_domain_ablation,include_mean,2.066271267332151
h100-d512-mix-proportional-zero-c04-seed0-from10pct-20260826-rno2a,proportional_domain_ablation,include_portuguese,2.090260415068517
h100-d512-mix-proportional-zero-c04-seed0-from10pct-20260826-rno2a,proportional_domain_ablation,include_russian,2.0683080163473413
h100-d512-mix-proportional-zero-c04-seed0-from10pct-20260826-rno2a,proportional_domain_ablation,include_spanish,2.0411754523024777
h100-d512-mix-proportional-zero-c04-seed0-from10pct-20260826-rno2a,proportional_domain_ablation,include_turkish,2.0295895683227645
h100-d512-mix-proportional-zero-c04-seed0-from10pct-20260826-rno2a,proportional_domain_ablation,include_vietnamese,2.084551034543853
h100-d512-mix-proportional-zero-c04-seed0-from10pct-20260826-rno2a,proportional_domain_ablation,lambada_0shot,0.8635468602112226
h100-d512-mix-proportional-zero-c04-seed0-from10pct-20260826-rno2a,proportional_domain_ablation,lb_bbh_3shot,1.8808689595962207
h100-d512-mix-proportional-zero-c04-seed0-from10pct-20260826-rno2a,proportional_domain_ablation,logprob_gsm8k_5shot,0.7951018608333864
h100-d512-mix-proportional-zero-c04-seed0-from10pct-20260826-rno2a,proportional_domain_ablation,logprob_humaneval_10shot,0.5481891974705709
h100-d512-mix-proportional-zero-c04-seed0-from10pct-20260826-rno2a,proportional_domain_ablation,medmcqa_0shot,2.737844840291999
h100-d512-mix-proportional-zero-c04-seed0-from10pct-20260826-rno2a,proportional_domain_ablation,medqa_0shot,2.8751033918322886
h100-d512-mix-proportional-zero-c04-seed0-from10pct-20260826-rno2a,proportional_domain_ablation,mmlu_pro_5shot,4.01327060034047
h100-d512-mix-proportional-zero-c04-seed0-from10pct-20260826-rno2a,proportional_domain_ablation,musr_0shot,0.9376916433372384
h100-d512-mix-proportional-zero-c04-seed0-from10pct-20260826-rno2a,proportional_domain_ablation,openbookqa_0shot,1.982975866742427
h100-d512-mix-proportional-zero-c04-seed0-from10pct-20260826-rno2a,proportional_domain_ablation,piqa_0shot,1.2885649135661126
h100-d512-mix-proportional-zero-c04-seed0-from10pct-20260826-rno2a,proportional_domain_ablation,sciq_0shot,1.596391858284911
h100-d512-mix-proportional-zero-c04-seed0-from10pct-20260826-rno2a,proportional_domain_ablation,truthfulqa_mc1_0shot,0.7688650424076481
h100-d512-mix-proportional-zero-c04-seed0-from10pct-20260826-rno2a,proportional_domain_ablation,winogrande_0shot,0.44676458493737436
h100-d512-mix-proportional-zero-c05-seed0-from10pct-20260826-rno2a,proportional_domain_ablation,arc_challenge_0shot,1.5217402964729172
h100-d512-mix-proportional-zero-c05-seed0-from10pct-20260826-rno2a,proportional_domain_ablation,belebele_arabic,2.2559322659592316
h100-d512-mix-proportional-zero-c05-seed0-from10pct-20260826-rno2a,proportional_domain_ablation,belebele_bengali,2.274709360444209
h100-d512-mix-proportional-zero-c05-seed0-from10pct-20260826-rno2a,proportional_domain_ablation,belebele_chinese_simplified,2.1848961080360727
h100-d512-mix-proportional-zero-c05-seed0-from10pct-20260826-rno2a,proportional_domain_ablation,belebele_french,2.1129937344588114
h100-d512-mix-proportional-zero-c05-seed0-from10pct-20260826-rno2a,proportional_domain_ablation,belebele_german,2.1666553891252254
h100-d512-mix-proportional-zero-c05-seed0-from10pct-20260826-rno2a,proportional_domain_ablation,belebele_hebrew,2.3892690016668703
h100-d512-mix-proportional-zero-c05-seed0-from10pct-20260826-rno2a,proportional_domain_ablation,belebele_hindi,2.3092918047222684
h100-d512-mix-proportional-zero-c05-seed0-from10pct-20260826-rno2a,proportional_domain_ablation,belebele_indonesian,2.0949250627878646
h100-d512-mix-proportional-zero-c05-seed0-from10pct-20260826-rno2a,proportional_domain_ablation,belebele_japanese,2.2014538457147745
h100-d512-mix-proportional-zero-c05-seed0-from10pct-20260826-rno2a,proportional_domain_ablation,belebele_korean,2.172657199259109
h100-d512-mix-proportional-zero-c05-seed0-from10pct-20260826-rno2a,proportional_domain_ablation,belebele_mean,2.198606732247832
h100-d512-mix-proportional-zero-c05-seed0-from10pct-20260826-rno2a,proportional_domain_ablation,belebele_portuguese,2.160081399591224
h100-d512-mix-proportional-zero-c05-seed0-from10pct-20260826-rno2a,proportional_domain_ablation,belebele_russian,2.148830613504052
h100-d512-mix-proportional-zero-c05-seed0-from10pct-20260826-rno2a,proportional_domain_ablation,belebele_spanish,2.1460959620881663
h100-d512-mix-proportional-zero-c05-seed0-from10pct-20260826-rno2a,proportional_domain_ablation,belebele_swahili,2.105167479527677
h100-d512-mix-proportional-zero-c05-seed0-from10pct-20260826-rno2a,proportional_domain_ablation,belebele_thai,2.210680814014682
h100-d512-mix-proportional-zero-c05-seed0-from10pct-20260826-rno2a,proportional_domain_ablation,belebele_turkish,2.1468658756747354
h100-d512-mix-proportional-zero-c05-seed0-from10pct-20260826-rno2a,proportional_domain_ablation,belebele_vietnamese,2.178112226384301
h100-d512-mix-proportional-zero-c05-seed0-from10pct-20260826-rno2a,proportional_domain_ablation,belebele_yoruba,2.3163030375017044
h100-d512-mix-proportional-zero-c05-seed0-from10pct-20260826-rno2a,proportional_domain_ablation,boolq_0shot,2.4420225534989943
h100-d512-mix-proportional-zero-c05-seed0-from10pct-20260826-rno2a,proportional_domain_ablation,copa_0shot,1.8112935858011907
h100-d512-mix-proportional-zero-c05-seed0-from10pct-20260826-rno2a,proportional_domain_ablation,csqa_0shot,3.976151145315343
h100-d512-mix-proportional-zero-c05-seed0-from10pct-20260826-rno2a,proportional_domain_ablation,gpqa_0shot,2.9573853169655795
h100-d512-mix-proportional-zero-c05-seed0-from10pct-20260826-rno2a,proportional_domain_ablation,hellaswag_0shot,0.9594441795801444
h100-d512-mix-proportional-zero-c05-seed0-from10pct-20260826-rno2a,proportional_domain_ablation,include_arabic,2.116250864388641
h100-d512-mix-proportional-zero-c05-seed0-from10pct-20260826-rno2a,proportional_domain_ablation,include_bengali,2.070556820107891
h100-d512-mix-proportional-zero-c05-seed0-from10pct-20260826-rno2a,proportional_domain_ablation,include_chinese,2.0922426131222456
h100-d512-mix-proportional-zero-c05-seed0-from10pct-20260826-rno2a,proportional_domain_ablation,include_french,2.0698151312340665
h100-d512-mix-proportional-zero-c05-seed0-from10pct-20260826-rno2a,proportional_domain_ablation,include_german,2.021588828667323
h100-d512-mix-proportional-zero-c05-seed0-from10pct-20260826-rno2a,proportional_domain_ablation,include_hebrew,2.0952893543716598
h100-d512-mix-proportional-zero-c05-seed0-from10pct-20260826-rno2a,proportional_domain_ablation,include_hindi,2.1131166949532134
h100-d512-mix-proportional-zero-c05-seed0-from10pct-20260826-rno2a,proportional_domain_ablation,include_indonesian,2.0732858923004436
h100-d512-mix-proportional-zero-c05-seed0-from10pct-20260826-rno2a,proportional_domain_ablation,include_japanese,2.108701604615799
h100-d512-mix-proportional-zero-c05-seed0-from10pct-20260826-rno2a,proportional_domain_ablation,include_korean,2.1035437168906146
h100-d512-mix-proportional-zero-c05-seed0-from10pct-20260826-rno2a,proportional_domain_ablation,include_mean,2.0776213628028786
h100-d512-mix-proportional-zero-c05-seed0-from10pct-20260826-rno2a,proportional_domain_ablation,include_portuguese,2.0970266699773705
h100-d512-mix-proportional-zero-c05-seed0-from10pct-20260826-rno2a,proportional_domain_ablation,include_russian,2.0506958427650117
h100-d512-mix-proportional-zero-c05-seed0-from10pct-20260826-rno2a,proportional_domain_ablation,include_spanish,2.0271371306207016
h100-d512-mix-proportional-zero-c05-seed0-from10pct-20260826-rno2a,proportional_domain_ablation,include_turkish,2.0328492229795114
h100-d512-mix-proportional-zero-c05-seed0-from10pct-20260826-rno2a,proportional_domain_ablation,include_vietnamese,2.092220055048685
h100-d512-mix-proportional-zero-c05-seed0-from10pct-20260826-rno2a,proportional_domain_ablation,lambada_0shot,0.8720478258008436
h100-d512-mix-proportional-zero-c05-seed0-from10pct-20260826-rno2a,proportional_domain_ablation,lb_bbh_3shot,1.632455543004278
h100-d512-mix-proportional-zero-c05-seed0-from10pct-20260826-rno2a,proportional_domain_ablation,logprob_gsm8k_5shot,0.8021329891379626
h100-d512-mix-proportional-zero-c05-seed0-from10pct-20260826-rno2a,proportional_domain_ablation,logprob_humaneval_10shot,0.5438522949811513
h100-d512-mix-proportional-zero-c05-seed0-from10pct-20260826-rno2a,proportional_domain_ablation,medmcqa_0shot,2.801311189362905
h100-d512-mix-proportional-zero-c05-seed0-from10pct-20260826-rno2a,proportional_domain_ablation,medqa_0shot,2.6831862591982345
h100-d512-mix-proportional-zero-c05-seed0-from10pct-20260826-rno2a,proportional_domain_ablation,mmlu_pro_5shot,3.995046473936064
h100-d512-mix-proportional-zero-c05-seed0-from10pct-20260826-rno2a,proportional_domain_ablation,musr_0shot,0.933806328590129
h100-d512-mix-proportional-zero-c05-seed0-from10pct-20260826-rno2a,proportional_domain_ablation,openbookqa_0shot,1.9727612819185842
h100-d512-mix-proportional-zero-c05-seed0-from10pct-20260826-rno2a,proportional_domain_ablation,piqa_0shot,1.2848121591229587
h100-d512-mix-proportional-zero-c05-seed0-from10pct-20260826-rno2a,proportional_domain_ablation,sciq_0shot,1.523799727547637
h100-d512-mix-proportional-zero-c05-seed0-from10pct-20260826-rno2a,proportional_domain_ablation,truthfulqa_mc1_0shot,0.7570062774184955
h100-d512-mix-proportional-zero-c05-seed0-from10pct-20260826-rno2a,proportional_domain_ablation,winogrande_0shot,0.44586459371514314
h100-d512-mix-proportional-zero-c06-seed0-from10pct-20260826-rno2a,proportional_domain_ablation,arc_challenge_0shot,1.5192676832444707
h100-d512-mix-proportional-zero-c06-seed0-from10pct-20260826-rno2a,proportional_domain_ablation,belebele_arabic,3.029066775045728
h100-d512-mix-proportional-zero-c06-seed0-from10pct-20260826-rno2a,proportional_domain_ablation,belebele_bengali,2.509431264379135
h100-d512-mix-proportional-zero-c06-seed0-from10pct-20260826-rno2a,proportional_domain_ablation,belebele_chinese_simplified,2.2396091308655763
h100-d512-mix-proportional-zero-c06-seed0-from10pct-20260826-rno2a,proportional_domain_ablation,belebele_french,2.6097236074520747
h100-d512-mix-proportional-zero-c06-seed0-from10pct-20260826-rno2a,proportional_domain_ablation,belebele_german,2.4843376178461267
h100-d512-mix-proportional-zero-c06-seed0-from10pct-20260826-rno2a,proportional_domain_ablation,belebele_hebrew,2.706118763749168
h100-d512-mix-proportional-zero-c06-seed0-from10pct-20260826-rno2a,proportional_domain_ablation,belebele_hindi,2.9781050173500194
h100-d512-mix-proportional-zero-c06-seed0-from10pct-20260826-rno2a,proportional_domain_ablation,belebele_indonesian,2.250146324435781
h100-d512-mix-proportional-zero-c06-seed0-from10pct-20260826-rno2a,proportional_domain_ablation,belebele_japanese,2.325792404222689
h100-d512-mix-proportional-zero-c06-seed0-from10pct-20260826-rno2a,proportional_domain_ablation,belebele_korean,2.2166778209597697
h100-d512-mix-proportional-zero-c06-seed0-from10pct-20260826-rno2a,proportional_domain_ablation,belebele_mean,2.6969760321641605
h100-d512-mix-proportional-zero-c06-seed0-from10pct-20260826-rno2a,proportional_domain_ablation,belebele_portuguese,2.2812704486996584
h100-d512-mix-proportional-zero-c06-seed0-from10pct-20260826-rno2a,proportional_domain_ablation,belebele_russian,2.639644682211835
h100-d512-mix-proportional-zero-c06-seed0-from10pct-20260826-rno2a,proportional_domain_ablation,belebele_spanish,2.4513611233887116
h100-d512-mix-proportional-zero-c06-seed0-from10pct-20260826-rno2a,proportional_domain_ablation,belebele_swahili,4.076817759850163
h100-d512-mix-proportional-zero-c06-seed0-from10pct-20260826-rno2a,proportional_domain_ablation,belebele_thai,2.537940528494032
h100-d512-mix-proportional-zero-c06-seed0-from10pct-20260826-rno2a,proportional_domain_ablation,belebele_turkish,2.9344361191840127
h100-d512-mix-proportional-zero-c06-seed0-from10pct-20260826-rno2a,proportional_domain_ablation,belebele_vietnamese,2.68275496114092
h100-d512-mix-proportional-zero-c06-seed0-from10pct-20260826-rno2a,proportional_domain_ablation,belebele_yoruba,3.5923342296794942
h100-d512-mix-proportional-zero-c06-seed0-from10pct-20260826-rno2a,proportional_domain_ablation,boolq_0shot,2.3373278683742154
h100-d512-mix-proportional-zero-c06-seed0-from10pct-20260826-rno2a,proportional_domain_ablation,copa_0shot,1.8097027978765576
h100-d512-mix-proportional-zero-c06-seed0-from10pct-20260826-rno2a,proportional_domain_ablation,csqa_0shot,3.267709011711964
h100-d512-mix-proportional-zero-c06-seed0-from10pct-20260826-rno2a,proportional_domain_ablation,gpqa_0shot,2.573364107619732
h100-d512-mix-proportional-zero-c06-seed0-from10pct-20260826-rno2a,proportional_domain_ablation,hellaswag_0shot,0.9568648599029917
h100-d512-mix-proportional-zero-c06-seed0-from10pct-20260826-rno2a,proportional_domain_ablation,include_arabic,2.075880712032437
h100-d512-mix-proportional-zero-c06-seed0-from10pct-20260826-rno2a,proportional_domain_ablation,include_bengali,2.083278192883759
h100-d512-mix-proportional-zero-c06-seed0-from10pct-20260826-rno2a,proportional_domain_ablation,include_chinese,2.064704643774164
h100-d512-mix-proportional-zero-c06-seed0-from10pct-20260826-rno2a,proportional_domain_ablation,include_french,2.120249534099031
h100-d512-mix-proportional-zero-c06-seed0-from10pct-20260826-rno2a,proportional_domain_ablation,include_german,2.0353889615550353
h100-d512-mix-proportional-zero-c06-seed0-from10pct-20260826-rno2a,proportional_domain_ablation,include_hebrew,2.050953866442931
h100-d512-mix-proportional-zero-c06-seed0-from10pct-20260826-rno2a,proportional_domain_ablation,include_hindi,2.137444485739299
h100-d512-mix-proportional-zero-c06-seed0-from10pct-20260826-rno2a,proportional_domain_ablation,include_indonesian,2.1183211871727505
h100-d512-mix-proportional-zero-c06-seed0-from10pct-20260826-rno2a,proportional_domain_ablation,include_japanese,2.124642870476762
h100-d512-mix-proportional-zero-c06-seed0-from10pct-20260826-rno2a,proportional_domain_ablation,include_korean,2.1005273919451857
h100-d512-mix-proportional-zero-c06-seed0-from10pct-20260826-rno2a,proportional_domain_ablation,include_mean,2.0926829057355234
h100-d512-mix-proportional-zero-c06-seed0-from10pct-20260826-rno2a,proportional_domain_ablation,include_portuguese,2.0832939812497138
h100-d512-mix-proportional-zero-c06-seed0-from10pct-20260826-rno2a,proportional_domain_ablation,include_russian,2.096944740676476
h100-d512-mix-proportional-zero-c06-seed0-from10pct-20260826-rno2a,proportional_domain_ablation,include_spanish,2.067189568553558
h100-d512-mix-proportional-zero-c06-seed0-from10pct-20260826-rno2a,proportional_domain_ablation,include_turkish,2.106205211054572
h100-d512-mix-proportional-zero-c06-seed0-from10pct-20260826-rno2a,proportional_domain_ablation,include_vietnamese,2.125218238377178
h100-d512-mix-proportional-zero-c06-seed0-from10pct-20260826-rno2a,proportional_domain_ablation,lambada_0shot,0.8666771769264372
h100-d512-mix-proportional-zero-c06-seed0-from10pct-20260826-rno2a,proportional_domain_ablation,lb_bbh_3shot,1.6639511795158801
h100-d512-mix-proportional-zero-c06-seed0-from10pct-20260826-rno2a,proportional_domain_ablation,logprob_gsm8k_5shot,0.8149084224706068
h100-d512-mix-proportional-zero-c06-seed0-from10pct-20260826-rno2a,proportional_domain_ablation,logprob_humaneval_10shot,0.53695401521339
h100-d512-mix-proportional-zero-c06-seed0-from10pct-20260826-rno2a,proportional_domain_ablation,medmcqa_0shot,3.12363635638035
h100-d512-mix-proportional-zero-c06-seed0-from10pct-20260826-rno2a,proportional_domain_ablation,medqa_0shot,3.140033944020602
h100-d512-mix-proportional-zero-c06-seed0-from10pct-20260826-rno2a,proportional_domain_ablation,mmlu_pro_5shot,4.430935323097348
h100-d512-mix-proportional-zero-c06-seed0-from10pct-20260826-rno2a,proportional_domain_ablation,musr_0shot,0.8945135312978107
h100-d512-mix-proportional-zero-c06-seed0-from10pct-20260826-rno2a,proportional_domain_ablation,openbookqa_0shot,1.9718938473685446
h100-d512-mix-proportional-zero-c06-seed0-from10pct-20260826-rno2a,proportional_domain_ablation,piqa_0shot,1.2656299532845396
h100-d512-mix-proportional-zero-c06-seed0-from10pct-20260826-rno2a,proportional_domain_ablation,sciq_0shot,1.4896029747398463
h100-d512-mix-proportional-zero-c06-seed0-from10pct-20260826-rno2a,proportional_domain_ablation,truthfulqa_mc1_0shot,0.7672408569301984
h100-d512-mix-proportional-zero-c06-seed0-from10pct-20260826-rno2a,proportional_domain_ablation,winogrande_0shot,0.4474609193515619
h100-d512-mix-proportional-zero-c07-seed0-from10pct-20260826-rno2a,proportional_domain_ablation,arc_challenge_0shot,1.545015190585395
h100-d512-mix-proportional-zero-c07-seed0-from10pct-20260826-rno2a,proportional_domain_ablation,belebele_arabic,2.293673855920244
h100-d512-mix-proportional-zero-c07-seed0-from10pct-20260826-rno2a,proportional_domain_ablation,belebele_bengali,2.4351146937994352
h100-d512-mix-proportional-zero-c07-seed0-from10pct-20260826-rno2a,proportional_domain_ablation,belebele_chinese_simplified,2.154480772909271
h100-d512-mix-proportional-zero-c07-seed0-from10pct-20260826-rno2a,proportional_domain_ablation,belebele_french,2.1084368262471904
h100-d512-mix-proportional-zero-c07-seed0-from10pct-20260826-rno2a,proportional_domain_ablation,belebele_german,2.122432517546982
h100-d512-mix-proportional-zero-c07-seed0-from10pct-20260826-rno2a,proportional_domain_ablation,belebele_hebrew,2.12467450832111
h100-d512-mix-proportional-zero-c07-seed0-from10pct-20260826-rno2a,proportional_domain_ablation,belebele_hindi,2.120854935595777
h100-d512-mix-proportional-zero-c07-seed0-from10pct-20260826-rno2a,proportional_domain_ablation,belebele_indonesian,2.1083809024575144
h100-d512-mix-proportional-zero-c07-seed0-from10pct-20260826-rno2a,proportional_domain_ablation,belebele_japanese,2.1409693405165515
h100-d512-mix-proportional-zero-c07-seed0-from10pct-20260826-rno2a,proportional_domain_ablation,belebele_korean,2.096448591834001
h100-d512-mix-proportional-zero-c07-seed0-from10pct-20260826-rno2a,proportional_domain_ablation,belebele_mean,2.185173354542157
h100-d512-mix-proportional-zero-c07-seed0-from10pct-20260826-rno2a,proportional_domain_ablation,belebele_portuguese,2.1670007245554035
h100-d512-mix-proportional-zero-c07-seed0-from10pct-20260826-rno2a,proportional_domain_ablation,belebele_russian,2.122415792425278
h100-d512-mix-proportional-zero-c07-seed0-from10pct-20260826-rno2a,proportional_domain_ablation,belebele_spanish,2.1391921789095076
h100-d512-mix-proportional-zero-c07-seed0-from10pct-20260826-rno2a,proportional_domain_ablation,belebele_swahili,2.3362141445972724
h100-d512-mix-proportional-zero-c07-seed0-from10pct-20260826-rno2a,proportional_domain_ablation,belebele_thai,2.114288022861223
h100-d512-mix-proportional-zero-c07-seed0-from10pct-20260826-rno2a,proportional_domain_ablation,belebele_turkish,2.3234910405468217
h100-d512-mix-proportional-zero-c07-seed0-from10pct-20260826-rno2a,proportional_domain_ablation,belebele_vietnamese,2.1685432367598994
h100-d512-mix-proportional-zero-c07-seed0-from10pct-20260826-rno2a,proportional_domain_ablation,belebele_yoruba,2.2565082959553524
h100-d512-mix-proportional-zero-c07-seed0-from10pct-20260826-rno2a,proportional_domain_ablation,boolq_0shot,2.580796483622558
h100-d512-mix-proportional-zero-c07-seed0-from10pct-20260826-rno2a,proportional_domain_ablation,copa_0shot,1.812980723374509
h100-d512-mix-proportional-zero-c07-seed0-from10pct-20260826-rno2a,proportional_domain_ablation,csqa_0shot,2.9933806944108508
h100-d512-mix-proportional-zero-c07-seed0-from10pct-20260826-rno2a,proportional_domain_ablation,gpqa_0shot,3.247551890193087
h100-d512-mix-proportional-zero-c07-seed0-from10pct-20260826-rno2a,proportional_domain_ablation,hellaswag_0shot,0.9584480268010853
h100-d512-mix-proportional-zero-c07-seed0-from10pct-20260826-rno2a,proportional_domain_ablation,include_arabic,2.029544316701095
h100-d512-mix-proportional-zero-c07-seed0-from10pct-20260826-rno2a,proportional_domain_ablation,include_bengali,2.08581890027396
h100-d512-mix-proportional-zero-c07-seed0-from10pct-20260826-rno2a,proportional_domain_ablation,include_chinese,2.069564197706177
h100-d512-mix-proportional-zero-c07-seed0-from10pct-20260826-rno2a,proportional_domain_ablation,include_french,2.015022421813066
h100-d512-mix-proportional-zero-c07-seed0-from10pct-20260826-rno2a,proportional_domain_ablation,include_german,2.0066705660410915
h100-d512-mix-proportional-zero-c07-seed0-from10pct-20260826-rno2a,proportional_domain_ablation,include_hebrew,2.078210048746891
h100-d512-mix-proportional-zero-c07-seed0-from10pct-20260826-rno2a,proportional_domain_ablation,include_hindi,2.0615653688595956
h100-d512-mix-proportional-zero-c07-seed0-from10pct-20260826-rno2a,proportional_domain_ablation,include_indonesian,2.0413335306250633
h100-d512-mix-proportional-zero-c07-seed0-from10pct-20260826-rno2a,proportional_domain_ablation,include_japanese,2.0653243505017724
h100-d512-mix-proportional-zero-c07-seed0-from10pct-20260826-rno2a,proportional_domain_ablation,include_korean,2.0614697662991266
h100-d512-mix-proportional-zero-c07-seed0-from10pct-20260826-rno2a,proportional_domain_ablation,include_mean,2.0605777057767116
h100-d512-mix-proportional-zero-c07-seed0-from10pct-20260826-rno2a,proportional_domain_ablation,include_portuguese,2.0723149142360984
h100-d512-mix-proportional-zero-c07-seed0-from10pct-20260826-rno2a,proportional_domain_ablation,include_russian,2.0697666019882157
h100-d512-mix-proportional-zero-c07-seed0-from10pct-20260826-rno2a,proportional_domain_ablation,include_spanish,2.0496240574994946
h100-d512-mix-proportional-zero-c07-seed0-from10pct-20260826-rno2a,proportional_domain_ablation,include_turkish,2.1093735176598383
h100-d512-mix-proportional-zero-c07-seed0-from10pct-20260826-rno2a,proportional_domain_ablation,include_vietnamese,2.093063027699192
h100-d512-mix-proportional-zero-c07-seed0-from10pct-20260826-rno2a,proportional_domain_ablation,lambada_0shot,0.8647000508393516
h100-d512-mix-proportional-zero-c07-seed0-from10pct-20260826-rno2a,proportional_domain_ablation,lb_bbh_3shot,1.6074072842295577
h100-d512-mix-proportional-zero-c07-seed0-from10pct-20260826-rno2a,proportional_domain_ablation,logprob_gsm8k_5shot,0.7838753791490791
h100-d512-mix-proportional-zero-c07-seed0-from10pct-20260826-rno2a,proportional_domain_ablation,logprob_humaneval_10shot,0.5321009945141972
h100-d512-mix-proportional-zero-c07-seed0-from10pct-20260826-rno2a,proportional_domain_ablation,medmcqa_0shot,4.236774336984994
h100-d512-mix-proportional-zero-c07-seed0-from10pct-20260826-rno2a,proportional_domain_ablation,medqa_0shot,4.02974632006668
h100-d512-mix-proportional-zero-c07-seed0-from10pct-20260826-rno2a,proportional_domain_ablation,mmlu_pro_5shot,3.7859724390046376
h100-d512-mix-proportional-zero-c07-seed0-from10pct-20260826-rno2a,proportional_domain_ablation,musr_0shot,0.8187625621565215
h100-d512-mix-proportional-zero-c07-seed0-from10pct-20260826-rno2a,proportional_domain_ablation,openbookqa_0shot,1.9899746183306548
h100-d512-mix-proportional-zero-c07-seed0-from10pct-20260826-rno2a,proportional_domain_ablation,piqa_0shot,1.2671812902743858
h100-d512-mix-proportional-zero-c07-seed0-from10pct-20260826-rno2a,proportional_domain_ablation,sciq_0shot,1.612418580294033
h100-d512-mix-proportional-zero-c07-seed0-from10pct-20260826-rno2a,proportional_domain_ablation,truthfulqa_mc1_0shot,0.7564778671445679
h100-d512-mix-proportional-zero-c07-seed0-from10pct-20260826-rno2a,proportional_domain_ablation,winogrande_0shot,0.4477427480020443
h100-d512-mix-proportional-zero-c09-seed0-from10pct-20260826-rno2a,proportional_domain_ablation,arc_challenge_0shot,1.5076890217867203
h100-d512-mix-proportional-zero-c09-seed0-from10pct-20260826-rno2a,proportional_domain_ablation,belebele_arabic,2.203886273164848
h100-d512-mix-proportional-zero-c09-seed0-from10pct-20260826-rno2a,proportional_domain_ablation,belebele_bengali,2.2284327981699756
h100-d512-mix-proportional-zero-c09-seed0-from10pct-20260826-rno2a,proportional_domain_ablation,belebele_chinese_simplified,2.265023528195459
h100-d512-mix-proportional-zero-c09-seed0-from10pct-20260826-rno2a,proportional_domain_ablation,belebele_french,2.1106333432796993
h100-d512-mix-proportional-zero-c09-seed0-from10pct-20260826-rno2a,proportional_domain_ablation,belebele_german,2.104067790927911
h100-d512-mix-proportional-zero-c09-seed0-from10pct-20260826-rno2a,proportional_domain_ablation,belebele_hebrew,2.100102549948301
h100-d512-mix-proportional-zero-c09-seed0-from10pct-20260826-rno2a,proportional_domain_ablation,belebele_hindi,2.244734094333344
h100-d512-mix-proportional-zero-c09-seed0-from10pct-20260826-rno2a,proportional_domain_ablation,belebele_indonesian,2.098493793179706
h100-d512-mix-proportional-zero-c09-seed0-from10pct-20260826-rno2a,proportional_domain_ablation,belebele_japanese,2.2504355650490933
h100-d512-mix-proportional-zero-c09-seed0-from10pct-20260826-rno2a,proportional_domain_ablation,belebele_korean,2.1513279043064397
h100-d512-mix-proportional-zero-c09-seed0-from10pct-20260826-rno2a,proportional_domain_ablation,belebele_mean,2.2078738456617137
h100-d512-mix-proportional-zero-c09-seed0-from10pct-20260826-rno2a,proportional_domain_ablation,belebele_portuguese,2.164756641612322
h100-d512-mix-proportional-zero-c09-seed0-from10pct-20260826-rno2a,proportional_domain_ablation,belebele_russian,2.1285095417134854
h100-d512-mix-proportional-zero-c09-seed0-from10pct-20260826-rno2a,proportional_domain_ablation,belebele_spanish,2.1389134107975365
h100-d512-mix-proportional-zero-c09-seed0-from10pct-20260826-rno2a,proportional_domain_ablation,belebele_swahili,2.1532939728992857
h100-d512-mix-proportional-zero-c09-seed0-from10pct-20260826-rno2a,proportional_domain_ablation,belebele_thai,2.2540442397492395
h100-d512-mix-proportional-zero-c09-seed0-from10pct-20260826-rno2a,proportional_domain_ablation,belebele_turkish,2.3098614378236917
h100-d512-mix-proportional-zero-c09-seed0-from10pct-20260826-rno2a,proportional_domain_ablation,belebele_vietnamese,2.299190091670875
h100-d512-mix-proportional-zero-c09-seed0-from10pct-20260826-rno2a,proportional_domain_ablation,belebele_yoruba,2.536022245089635
h100-d512-mix-proportional-zero-c09-seed0-from10pct-20260826-rno2a,proportional_domain_ablation,boolq_0shot,2.5657368456781837
h100-d512-mix-proportional-zero-c09-seed0-from10pct-20260826-rno2a,proportional_domain_ablation,copa_0shot,1.8001139407946243
h100-d512-mix-proportional-zero-c09-seed0-from10pct-20260826-rno2a,proportional_domain_ablation,csqa_0shot,3.597445222896287
h100-d512-mix-proportional-zero-c09-seed0-from10pct-20260826-rno2a,proportional_domain_ablation,gpqa_0shot,3.1268517416046837
h100-d512-mix-proportional-zero-c09-seed0-from10pct-20260826-rno2a,proportional_domain_ablation,hellaswag_0shot,0.9603371159592798
h100-d512-mix-proportional-zero-c09-seed0-from10pct-20260826-rno2a,proportional_domain_ablation,include_arabic,2.1619870561581727
h100-d512-mix-proportional-zero-c09-seed0-from10pct-20260826-rno2a,proportional_domain_ablation,include_bengali,2.08405948307665
h100-d512-mix-proportional-zero-c09-seed0-from10pct-20260826-rno2a,proportional_domain_ablation,include_chinese,2.0838867069641966
h100-d512-mix-proportional-zero-c09-seed0-from10pct-20260826-rno2a,proportional_domain_ablation,include_french,2.067273267879372
h100-d512-mix-proportional-zero-c09-seed0-from10pct-20260826-rno2a,proportional_domain_ablation,include_german,2.0549478549392757
h100-d512-mix-proportional-zero-c09-seed0-from10pct-20260826-rno2a,proportional_domain_ablation,include_hebrew,2.0715576966469817
h100-d512-mix-proportional-zero-c09-seed0-from10pct-20260826-rno2a,proportional_domain_ablation,include_hindi,2.199187765941568
h100-d512-mix-proportional-zero-c09-seed0-from10pct-20260826-rno2a,proportional_domain_ablation,include_indonesian,2.0939433360633775
h100-d512-mix-proportional-zero-c09-seed0-from10pct-20260826-rno2a,proportional_domain_ablation,include_japanese,2.11917554028944
h100-d512-mix-proportional-zero-c09-seed0-from10pct-20260826-rno2a,proportional_domain_ablation,include_korean,2.106296024733364
h100-d512-mix-proportional-zero-c09-seed0-from10pct-20260826-rno2a,proportional_domain_ablation,include_mean,2.0918309699383095
h100-d512-mix-proportional-zero-c09-seed0-from10pct-20260826-rno2a,proportional_domain_ablation,include_portuguese,2.106375039788879
h100-d512-mix-proportional-zero-c09-seed0-from10pct-20260826-rno2a,proportional_domain_ablation,include_russian,2.048452244806776
h100-d512-mix-proportional-zero-c09-seed0-from10pct-20260826-rno2a,proportional_domain_ablation,include_spanish,2.0588998304541013
h100-d512-mix-proportional-zero-c09-seed0-from10pct-20260826-rno2a,proportional_domain_ablation,include_turkish,2.0494940649994304
h100-d512-mix-proportional-zero-c09-seed0-from10pct-20260826-rno2a,proportional_domain_ablation,include_vietnamese,2.07192863633306
h100-d512-mix-proportional-zero-c09-seed0-from10pct-20260826-rno2a,proportional_domain_ablation,lambada_0shot,0.8631895904971165
h100-d512-mix-proportional-zero-c09-seed0-from10pct-20260826-rno2a,proportional_domain_ablation,lb_bbh_3shot,1.8547303446272283
h100-d512-mix-proportional-zero-c09-seed0-from10pct-20260826-rno2a,proportional_domain_ablation,logprob_gsm8k_5shot,0.7919046910182704
h100-d512-mix-proportional-zero-c09-seed0-from10pct-20260826-rno2a,proportional_domain_ablation,logprob_humaneval_10shot,0.5390312133995516
h100-d512-mix-proportional-zero-c09-seed0-from10pct-20260826-rno2a,proportional_domain_ablation,medmcqa_0shot,3.9488170614106375
h100-d512-mix-proportional-zero-c09-seed0-from10pct-20260826-rno2a,proportional_domain_ablation,medqa_0shot,6.191146917591321
h100-d512-mix-proportional-zero-c09-seed0-from10pct-20260826-rno2a,proportional_domain_ablation,mmlu_pro_5shot,4.1671069929099795
h100-d512-mix-proportional-zero-c09-seed0-from10pct-20260826-rno2a,proportional_domain_ablation,musr_0shot,0.9508641132543404
h100-d512-mix-proportional-zero-c09-seed0-from10pct-20260826-rno2a,proportional_domain_ablation,openbookqa_0shot,1.9564753170659819
h100-d512-mix-proportional-zero-c09-seed0-from10pct-20260826-rno2a,proportional_domain_ablation,piqa_0shot,1.2810975329645895
h100-d512-mix-proportional-zero-c09-seed0-from10pct-20260826-rno2a,proportional_domain_ablation,sciq_0shot,1.605041006719841
h100-d512-mix-proportional-zero-c09-seed0-from10pct-20260826-rno2a,proportional_domain_ablation,truthfulqa_mc1_0shot,0.751422160131515
h100-d512-mix-proportional-zero-c09-seed0-from10pct-20260826-rno2a,proportional_domain_ablation,winogrande_0shot,0.4452540347263308
h100-d512-mix-proportional-zero-c10-seed0-from10pct-20260826-rno2a,proportional_domain_ablation,arc_challenge_0shot,1.561234203630665
h100-d512-mix-proportional-zero-c10-seed0-from10pct-20260826-rno2a,proportional_domain_ablation,belebele_arabic,2.4059871728836995
h100-d512-mix-proportional-zero-c10-seed0-from10pct-20260826-rno2a,proportional_domain_ablation,belebele_bengali,3.325705725421386
h100-d512-mix-proportional-zero-c10-seed0-from10pct-20260826-rno2a,proportional_domain_ablation,belebele_chinese_simplified,2.2541780496086448
h100-d512-mix-proportional-zero-c10-seed0-from10pct-20260826-rno2a,proportional_domain_ablation,belebele_french,2.1406113756359564
h100-d512-mix-proportional-zero-c10-seed0-from10pct-20260826-rno2a,proportional_domain_ablation,belebele_german,2.278382450959598
h100-d512-mix-proportional-zero-c10-seed0-from10pct-20260826-rno2a,proportional_domain_ablation,belebele_hebrew,2.9236144031534352
h100-d512-mix-proportional-zero-c10-seed0-from10pct-20260826-rno2a,proportional_domain_ablation,belebele_hindi,2.5656430240001917
h100-d512-mix-proportional-zero-c10-seed0-from10pct-20260826-rno2a,proportional_domain_ablation,belebele_indonesian,2.090000760077992
h100-d512-mix-proportional-zero-c10-seed0-from10pct-20260826-rno2a,proportional_domain_ablation,belebele_japanese,2.326292786885461
h100-d512-mix-proportional-zero-c10-seed0-from10pct-20260826-rno2a,proportional_domain_ablation,belebele_korean,2.202467520822463
h100-d512-mix-proportional-zero-c10-seed0-from10pct-20260826-rno2a,proportional_domain_ablation,belebele_mean,2.4109338283379516
h100-d512-mix-proportional-zero-c10-seed0-from10pct-20260826-rno2a,proportional_domain_ablation,belebele_portuguese,2.11499710704409
h100-d512-mix-proportional-zero-c10-seed0-from10pct-20260826-rno2a,proportional_domain_ablation,belebele_russian,2.229326669398697
h100-d512-mix-proportional-zero-c10-seed0-from10pct-20260826-rno2a,proportional_domain_ablation,belebele_spanish,2.1475663624448895
h100-d512-mix-proportional-zero-c10-seed0-from10pct-20260826-rno2a,proportional_domain_ablation,belebele_swahili,2.2264758256439836
h100-d512-mix-proportional-zero-c10-seed0-from10pct-20260826-rno2a,proportional_domain_ablation,belebele_thai,2.3268104049806837
h100-d512-mix-proportional-zero-c10-seed0-from10pct-20260826-rno2a,proportional_domain_ablation,belebele_turkish,2.9767827030370078
h100-d512-mix-proportional-zero-c10-seed0-from10pct-20260826-rno2a,proportional_domain_ablation,belebele_vietnamese,2.5972952231911006
h100-d512-mix-proportional-zero-c10-seed0-from10pct-20260826-rno2a,proportional_domain_ablation,belebele_yoruba,2.264671344893852
h100-d512-mix-proportional-zero-c10-seed0-from10pct-20260826-rno2a,proportional_domain_ablation,boolq_0shot,2.6806142575846255
h100-d512-mix-proportional-zero-c10-seed0-from10pct-20260826-rno2a,proportional_domain_ablation,copa_0shot,1.7884376946821607
h100-d512-mix-proportional-zero-c10-seed0-from10pct-20260826-rno2a,proportional_domain_ablation,csqa_0shot,5.25136271726999
h100-d512-mix-proportional-zero-c10-seed0-from10pct-20260826-rno2a,proportional_domain_ablation,gpqa_0shot,3.063054143105147
h100-d512-mix-proportional-zero-c10-seed0-from10pct-20260826-rno2a,proportional_domain_ablation,hellaswag_0shot,0.9601069004059652
h100-d512-mix-proportional-zero-c10-seed0-from10pct-20260826-rno2a,proportional_domain_ablation,include_arabic,2.10937845978112
h100-d512-mix-proportional-zero-c10-seed0-from10pct-20260826-rno2a,proportional_domain_ablation,include_bengali,2.0856254831868037
h100-d512-mix-proportional-zero-c10-seed0-from10pct-20260826-rno2a,proportional_domain_ablation,include_chinese,2.0890833975400023
h100-d512-mix-proportional-zero-c10-seed0-from10pct-20260826-rno2a,proportional_domain_ablation,include_french,2.091223407654612
h100-d512-mix-proportional-zero-c10-seed0-from10pct-20260826-rno2a,proportional_domain_ablation,include_german,1.9517111653023174
h100-d512-mix-proportional-zero-c10-seed0-from10pct-20260826-rno2a,proportional_domain_ablation,include_hebrew,2.0692679074382614
h100-d512-mix-proportional-zero-c10-seed0-from10pct-20260826-rno2a,proportional_domain_ablation,include_hindi,2.109623985602577
h100-d512-mix-proportional-zero-c10-seed0-from10pct-20260826-rno2a,proportional_domain_ablation,include_indonesian,2.0780026728482213
h100-d512-mix-proportional-zero-c10-seed0-from10pct-20260826-rno2a,proportional_domain_ablation,include_japanese,2.0823764478420355
h100-d512-mix-proportional-zero-c10-seed0-from10pct-20260826-rno2a,proportional_domain_ablation,include_korean,2.072231480410982
h100-d512-mix-proportional-zero-c10-seed0-from10pct-20260826-rno2a,proportional_domain_ablation,include_mean,2.0751236054577102
h100-d512-mix-proportional-zero-c10-seed0-from10pct-20260826-rno2a,proportional_domain_ablation,include_portuguese,2.097745787340413
h100-d512-mix-proportional-zero-c10-seed0-from10pct-20260826-rno2a,proportional_domain_ablation,include_russian,2.057617567292202
h100-d512-mix-proportional-zero-c10-seed0-from10pct-20260826-rno2a,proportional_domain_ablation,include_spanish,2.0677670284464456
h100-d512-mix-proportional-zero-c10-seed0-from10pct-20260826-rno2a,proportional_domain_ablation,include_turkish,2.051044154674439
h100-d512-mix-proportional-zero-c10-seed0-from10pct-20260826-rno2a,proportional_domain_ablation,include_vietnamese,2.114155136505221
h100-d512-mix-proportional-zero-c10-seed0-from10pct-20260826-rno2a,proportional_domain_ablation,lambada_0shot,0.8524518913563898
h100-d512-mix-proportional-zero-c10-seed0-from10pct-20260826-rno2a,proportional_domain_ablation,lb_bbh_3shot,1.7365715026419597
h100-d512-mix-proportional-zero-c10-seed0-from10pct-20260826-rno2a,proportional_domain_ablation,logprob_gsm8k_5shot,0.7855832907144588
h100-d512-mix-proportional-zero-c10-seed0-from10pct-20260826-rno2a,proportional_domain_ablation,logprob_humaneval_10shot,0.5479700731428796
h100-d512-mix-proportional-zero-c10-seed0-from10pct-20260826-rno2a,proportional_domain_ablation,medmcqa_0shot,3.282343509180036
h100-d512-mix-proportional-zero-c10-seed0-from10pct-20260826-rno2a,proportional_domain_ablation,medqa_0shot,3.0596224913652565
h100-d512-mix-proportional-zero-c10-seed0-from10pct-20260826-rno2a,proportional_domain_ablation,mmlu_pro_5shot,4.065739759527177
h100-d512-mix-proportional-zero-c10-seed0-from10pct-20260826-rno2a,proportional_domain_ablation,musr_0shot,0.8041953163146034
h100-d512-mix-proportional-zero-c10-seed0-from10pct-20260826-rno2a,proportional_domain_ablation,openbookqa_0shot,1.9766588518038752
h100-d512-mix-proportional-zero-c10-seed0-from10pct-20260826-rno2a,proportional_domain_ablation,piqa_0shot,1.2951116017848459
h100-d512-mix-proportional-zero-c10-seed0-from10pct-20260826-rno2a,proportional_domain_ablation,sciq_0shot,1.6558683594687276
h100-d512-mix-proportional-zero-c10-seed0-from10pct-20260826-rno2a,proportional_domain_ablation,truthfulqa_mc1_0shot,0.768970218595263
h100-d512-mix-proportional-zero-c10-seed0-from10pct-20260826-rno2a,proportional_domain_ablation,winogrande_0shot,0.4444077578809741
h100-d512-mix-proportional-zero-c11-seed0-from10pct-20260826-rno2a,proportional_domain_ablation,arc_challenge_0shot,1.5046025402093566
h100-d512-mix-proportional-zero-c11-seed0-from10pct-20260826-rno2a,proportional_domain_ablation,belebele_arabic,2.399970922226534
h100-d512-mix-proportional-zero-c11-seed0-from10pct-20260826-rno2a,proportional_domain_ablation,belebele_bengali,2.3585281655823787
h100-d512-mix-proportional-zero-c11-seed0-from10pct-20260826-rno2a,proportional_domain_ablation,belebele_chinese_simplified,2.263641712662545
h100-d512-mix-proportional-zero-c11-seed0-from10pct-20260826-rno2a,proportional_domain_ablation,belebele_french,2.1621793681761385
h100-d512-mix-proportional-zero-c11-seed0-from10pct-20260826-rno2a,proportional_domain_ablation,belebele_german,2.28909173027471
h100-d512-mix-proportional-zero-c11-seed0-from10pct-20260826-rno2a,proportional_domain_ablation,belebele_hebrew,2.379530049996663
h100-d512-mix-proportional-zero-c11-seed0-from10pct-20260826-rno2a,proportional_domain_ablation,belebele_hindi,2.4286281554369338
h100-d512-mix-proportional-zero-c11-seed0-from10pct-20260826-rno2a,proportional_domain_ablation,belebele_indonesian,2.2241480691283275
h100-d512-mix-proportional-zero-c11-seed0-from10pct-20260826-rno2a,proportional_domain_ablation,belebele_japanese,2.222787640497961
h100-d512-mix-proportional-zero-c11-seed0-from10pct-20260826-rno2a,proportional_domain_ablation,belebele_korean,2.1774432218983044
h100-d512-mix-proportional-zero-c11-seed0-from10pct-20260826-rno2a,proportional_domain_ablation,belebele_mean,2.2811363189312868
h100-d512-mix-proportional-zero-c11-seed0-from10pct-20260826-rno2a,proportional_domain_ablation,belebele_portuguese,2.2396260868262163
h100-d512-mix-proportional-zero-c11-seed0-from10pct-20260826-rno2a,proportional_domain_ablation,belebele_russian,2.2656089025822785
h100-d512-mix-proportional-zero-c11-seed0-from10pct-20260826-rno2a,proportional_domain_ablation,belebele_spanish,2.207864679416378
h100-d512-mix-proportional-zero-c11-seed0-from10pct-20260826-rno2a,proportional_domain_ablation,belebele_swahili,2.2338527707402562
h100-d512-mix-proportional-zero-c11-seed0-from10pct-20260826-rno2a,proportional_domain_ablation,belebele_thai,2.3414479168064934
h100-d512-mix-proportional-zero-c11-seed0-from10pct-20260826-rno2a,proportional_domain_ablation,belebele_turkish,2.274146742801754
h100-d512-mix-proportional-zero-c11-seed0-from10pct-20260826-rno2a,proportional_domain_ablation,belebele_vietnamese,2.155158075367085
h100-d512-mix-proportional-zero-c11-seed0-from10pct-20260826-rno2a,proportional_domain_ablation,belebele_yoruba,2.4367995303422005
h100-d512-mix-proportional-zero-c11-seed0-from10pct-20260826-rno2a,proportional_domain_ablation,boolq_0shot,2.1733095759136933
h100-d512-mix-proportional-zero-c11-seed0-from10pct-20260826-rno2a,proportional_domain_ablation,copa_0shot,1.8099716169584728
h100-d512-mix-proportional-zero-c11-seed0-from10pct-20260826-rno2a,proportional_domain_ablation,csqa_0shot,3.2134419602359268
h100-d512-mix-proportional-zero-c11-seed0-from10pct-20260826-rno2a,proportional_domain_ablation,gpqa_0shot,2.819763669065038
h100-d512-mix-proportional-zero-c11-seed0-from10pct-20260826-rno2a,proportional_domain_ablation,hellaswag_0shot,0.9663942282249428
h100-d512-mix-proportional-zero-c11-seed0-from10pct-20260826-rno2a,proportional_domain_ablation,include_arabic,2.070206660415171
h100-d512-mix-proportional-zero-c11-seed0-from10pct-20260826-rno2a,proportional_domain_ablation,include_bengali,2.051127344848137
h100-d512-mix-proportional-zero-c11-seed0-from10pct-20260826-rno2a,proportional_domain_ablation,include_chinese,2.055226045127129
h100-d512-mix-proportional-zero-c11-seed0-from10pct-20260826-rno2a,proportional_domain_ablation,include_french,2.043690514446549
h100-d512-mix-proportional-zero-c11-seed0-from10pct-20260826-rno2a,proportional_domain_ablation,include_german,1.9721699975003253
h100-d512-mix-proportional-zero-c11-seed0-from10pct-20260826-rno2a,proportional_domain_ablation,include_hebrew,2.0920871180099176
h100-d512-mix-proportional-zero-c11-seed0-from10pct-20260826-rno2a,proportional_domain_ablation,include_hindi,2.1151088372820466
h100-d512-mix-proportional-zero-c11-seed0-from10pct-20260826-rno2a,proportional_domain_ablation,include_indonesian,2.0944582863602426
h100-d512-mix-proportional-zero-c11-seed0-from10pct-20260826-rno2a,proportional_domain_ablation,include_japanese,2.041043838651485
h100-d512-mix-proportional-zero-c11-seed0-from10pct-20260826-rno2a,proportional_domain_ablation,include_korean,2.0734319476911414
h100-d512-mix-proportional-zero-c11-seed0-from10pct-20260826-rno2a,proportional_domain_ablation,include_mean,2.0627803419605835
h100-d512-mix-proportional-zero-c11-seed0-from10pct-20260826-rno2a,proportional_domain_ablation,include_portuguese,2.098361265648298
h100-d512-mix-proportional-zero-c11-seed0-from10pct-20260826-rno2a,proportional_domain_ablation,include_russian,2.0452896735991377
h100-d512-mix-proportional-zero-c11-seed0-from10pct-20260826-rno2a,proportional_domain_ablation,include_spanish,2.048347344290816
h100-d512-mix-proportional-zero-c11-seed0-from10pct-20260826-rno2a,proportional_domain_ablation,include_turkish,2.0598024450782297
h100-d512-mix-proportional-zero-c11-seed0-from10pct-20260826-rno2a,proportional_domain_ablation,include_vietnamese,2.081353810460122
h100-d512-mix-proportional-zero-c11-seed0-from10pct-20260826-rno2a,proportional_domain_ablation,lambada_0shot,0.8703208512487872
h100-d512-mix-proportional-zero-c11-seed0-from10pct-20260826-rno2a,proportional_domain_ablation,lb_bbh_3shot,2.044684029720409
h100-d512-mix-proportional-zero-c11-seed0-from10pct-20260826-rno2a,proportional_domain_ablation,logprob_gsm8k_5shot,0.7926681713837161
h100-d512-mix-proportional-zero-c11-seed0-from10pct-20260826-rno2a,proportional_domain_ablation,logprob_humaneval_10shot,0.5388567672071024
h100-d512-mix-proportional-zero-c11-seed0-from10pct-20260826-rno2a,proportional_domain_ablation,medmcqa_0shot,4.220757920167888
h100-d512-mix-proportional-zero-c11-seed0-from10pct-20260826-rno2a,proportional_domain_ablation,medqa_0shot,6.445499540927433
h100-d512-mix-proportional-zero-c11-seed0-from10pct-20260826-rno2a,proportional_domain_ablation,mmlu_pro_5shot,4.326305163743705
h100-d512-mix-proportional-zero-c11-seed0-from10pct-20260826-rno2a,proportional_domain_ablation,musr_0shot,0.8235935515440853
h100-d512-mix-proportional-zero-c11-seed0-from10pct-20260826-rno2a,proportional_domain_ablation,openbookqa_0shot,1.9620244673633151
h100-d512-mix-proportional-zero-c11-seed0-from10pct-20260826-rno2a,proportional_domain_ablation,piqa_0shot,1.3216240144299471
h100-d512-mix-proportional-zero-c11-seed0-from10pct-20260826-rno2a,proportional_domain_ablation,sciq_0shot,1.4353171704429593
h100-d512-mix-proportional-zero-c11-seed0-from10pct-20260826-rno2a,proportional_domain_ablation,truthfulqa_mc1_0shot,0.7753948413037359
h100-d512-mix-proportional-zero-c11-seed0-from10pct-20260826-rno2a,proportional_domain_ablation,winogrande_0shot,0.4464180344299133
h100-d512-mix-proportional-zero-c13-seed0-from10pct-20260826-rno2a,proportional_domain_ablation,arc_challenge_0shot,1.5138290073654266
h100-d512-mix-proportional-zero-c13-seed0-from10pct-20260826-rno2a,proportional_domain_ablation,belebele_arabic,2.115362937073498
h100-d512-mix-proportional-zero-c13-seed0-from10pct-20260826-rno2a,proportional_domain_ablation,belebele_bengali,2.3911696489192398
h100-d512-mix-proportional-zero-c13-seed0-from10pct-20260826-rno2a,proportional_domain_ablation,belebele_chinese_simplified,2.0994961445674765
h100-d512-mix-proportional-zero-c13-seed0-from10pct-20260826-rno2a,proportional_domain_ablation,belebele_french,2.083233383123493
h100-d512-mix-proportional-zero-c13-seed0-from10pct-20260826-rno2a,proportional_domain_ablation,belebele_german,2.0983644564935022
h100-d512-mix-proportional-zero-c13-seed0-from10pct-20260826-rno2a,proportional_domain_ablation,belebele_hebrew,2.590104183123461
h100-d512-mix-proportional-zero-c13-seed0-from10pct-20260826-rno2a,proportional_domain_ablation,belebele_hindi,2.4764925630137022
h100-d512-mix-proportional-zero-c13-seed0-from10pct-20260826-rno2a,proportional_domain_ablation,belebele_indonesian,2.0852098308693203
h100-d512-mix-proportional-zero-c13-seed0-from10pct-20260826-rno2a,proportional_domain_ablation,belebele_japanese,2.0589666809617153
h100-d512-mix-proportional-zero-c13-seed0-from10pct-20260826-rno2a,proportional_domain_ablation,belebele_korean,2.041580335266273
h100-d512-mix-proportional-zero-c13-seed0-from10pct-20260826-rno2a,proportional_domain_ablation,belebele_mean,2.2178315254193315
h100-d512-mix-proportional-zero-c13-seed0-from10pct-20260826-rno2a,proportional_domain_ablation,belebele_portuguese,2.0700560631464304
h100-d512-mix-proportional-zero-c13-seed0-from10pct-20260826-rno2a,proportional_domain_ablation,belebele_russian,2.1354049160870634
h100-d512-mix-proportional-zero-c13-seed0-from10pct-20260826-rno2a,proportional_domain_ablation,belebele_spanish,2.0743277295324627
h100-d512-mix-proportional-zero-c13-seed0-from10pct-20260826-rno2a,proportional_domain_ablation,belebele_swahili,2.3817935898147646
h100-d512-mix-proportional-zero-c13-seed0-from10pct-20260826-rno2a,proportional_domain_ablation,belebele_thai,2.1481728236245288
h100-d512-mix-proportional-zero-c13-seed0-from10pct-20260826-rno2a,proportional_domain_ablation,belebele_turkish,2.134851108446989
h100-d512-mix-proportional-zero-c13-seed0-from10pct-20260826-rno2a,proportional_domain_ablation,belebele_vietnamese,2.0852700989407524
h100-d512-mix-proportional-zero-c13-seed0-from10pct-20260826-rno2a,proportional_domain_ablation,belebele_yoruba,2.8511109645432957
h100-d512-mix-proportional-zero-c13-seed0-from10pct-20260826-rno2a,proportional_domain_ablation,boolq_0shot,2.2873045767105706
h100-d512-mix-proportional-zero-c13-seed0-from10pct-20260826-rno2a,proportional_domain_ablation,copa_0shot,1.8261432892412088
h100-d512-mix-proportional-zero-c13-seed0-from10pct-20260826-rno2a,proportional_domain_ablation,csqa_0shot,3.2419482142020595
h100-d512-mix-proportional-zero-c13-seed0-from10pct-20260826-rno2a,proportional_domain_ablation,gpqa_0shot,2.565099446128019
h100-d512-mix-proportional-zero-c13-seed0-from10pct-20260826-rno2a,proportional_domain_ablation,hellaswag_0shot,0.9584737600827045
h100-d512-mix-proportional-zero-c13-seed0-from10pct-20260826-rno2a,proportional_domain_ablation,include_arabic,2.0381816346892947
h100-d512-mix-proportional-zero-c13-seed0-from10pct-20260826-rno2a,proportional_domain_ablation,include_bengali,2.053430046452088
h100-d512-mix-proportional-zero-c13-seed0-from10pct-20260826-rno2a,proportional_domain_ablation,include_chinese,2.0450320895350798
h100-d512-mix-proportional-zero-c13-seed0-from10pct-20260826-rno2a,proportional_domain_ablation,include_french,2.064304710642371
h100-d512-mix-proportional-zero-c13-seed0-from10pct-20260826-rno2a,proportional_domain_ablation,include_german,2.133757095786111
h100-d512-mix-proportional-zero-c13-seed0-from10pct-20260826-rno2a,proportional_domain_ablation,include_hebrew,2.08215529745559
h100-d512-mix-proportional-zero-c13-seed0-from10pct-20260826-rno2a,proportional_domain_ablation,include_hindi,2.0783298262593064
h100-d512-mix-proportional-zero-c13-seed0-from10pct-20260826-rno2a,proportional_domain_ablation,include_indonesian,2.032786690345005
h100-d512-mix-proportional-zero-c13-seed0-from10pct-20260826-rno2a,proportional_domain_ablation,include_japanese,2.0500215954631233
h100-d512-mix-proportional-zero-c13-seed0-from10pct-20260826-rno2a,proportional_domain_ablation,include_korean,2.058451722043137
h100-d512-mix-proportional-zero-c13-seed0-from10pct-20260826-rno2a,proportional_domain_ablation,include_mean,2.066412372920226
h100-d512-mix-proportional-zero-c13-seed0-from10pct-20260826-rno2a,proportional_domain_ablation,include_portuguese,2.085332110813958
h100-d512-mix-proportional-zero-c13-seed0-from10pct-20260826-rno2a,proportional_domain_ablation,include_russian,2.088571880753228
h100-d512-mix-proportional-zero-c13-seed0-from10pct-20260826-rno2a,proportional_domain_ablation,include_spanish,2.052184459376827
h100-d512-mix-proportional-zero-c13-seed0-from10pct-20260826-rno2a,proportional_domain_ablation,include_turkish,2.049011988527791
h100-d512-mix-proportional-zero-c13-seed0-from10pct-20260826-rno2a,proportional_domain_ablation,include_vietnamese,2.0846344456604773
h100-d512-mix-proportional-zero-c13-seed0-from10pct-20260826-rno2a,proportional_domain_ablation,lambada_0shot,0.871010233591548
h100-d512-mix-proportional-zero-c13-seed0-from10pct-20260826-rno2a,proportional_domain_ablation,lb_bbh_3shot,2.084474633535682
h100-d512-mix-proportional-zero-c13-seed0-from10pct-20260826-rno2a,proportional_domain_ablation,logprob_gsm8k_5shot,0.7647136360065974
h100-d512-mix-proportional-zero-c13-seed0-from10pct-20260826-rno2a,proportional_domain_ablation,logprob_humaneval_10shot,0.6040623546398814
h100-d512-mix-proportional-zero-c13-seed0-from10pct-20260826-rno2a,proportional_domain_ablation,medmcqa_0shot,2.461095576961535
h100-d512-mix-proportional-zero-c13-seed0-from10pct-20260826-rno2a,proportional_domain_ablation,medqa_0shot,2.4616006667597228
h100-d512-mix-proportional-zero-c13-seed0-from10pct-20260826-rno2a,proportional_domain_ablation,mmlu_pro_5shot,4.201530568826677
h100-d512-mix-proportional-zero-c13-seed0-from10pct-20260826-rno2a,proportional_domain_ablation,musr_0shot,1.0010747956341148
h100-d512-mix-proportional-zero-c13-seed0-from10pct-20260826-rno2a,proportional_domain_ablation,openbookqa_0shot,1.969314169193832
h100-d512-mix-proportional-zero-c13-seed0-from10pct-20260826-rno2a,proportional_domain_ablation,piqa_0shot,1.268031993434301
h100-d512-mix-proportional-zero-c13-seed0-from10pct-20260826-rno2a,proportional_domain_ablation,sciq_0shot,1.575740221050427
h100-d512-mix-proportional-zero-c13-seed0-from10pct-20260826-rno2a,proportional_domain_ablation,truthfulqa_mc1_0shot,0.7687485391087235
h100-d512-mix-proportional-zero-c13-seed0-from10pct-20260826-rno2a,proportional_domain_ablation,winogrande_0shot,0.4482366938067769
h100-d512-mix-proportional-zero-c14-seed0-from10pct-20260826-rno2a,proportional_domain_ablation,arc_challenge_0shot,1.5200449896527
h100-d512-mix-proportional-zero-c14-seed0-from10pct-20260826-rno2a,proportional_domain_ablation,belebele_arabic,2.3973094727418
h100-d512-mix-proportional-zero-c14-seed0-from10pct-20260826-rno2a,proportional_domain_ablation,belebele_bengali,2.1568954208884445
h100-d512-mix-proportional-zero-c14-seed0-from10pct-20260826-rno2a,proportional_domain_ablation,belebele_chinese_simplified,2.1317294599503107
h100-d512-mix-proportional-zero-c14-seed0-from10pct-20260826-rno2a,proportional_domain_ablation,belebele_french,2.0850076427143946
h100-d512-mix-proportional-zero-c14-seed0-from10pct-20260826-rno2a,proportional_domain_ablation,belebele_german,2.1398089872342494
h100-d512-mix-proportional-zero-c14-seed0-from10pct-20260826-rno2a,proportional_domain_ablation,belebele_hebrew,2.9322259477800263
h100-d512-mix-proportional-zero-c14-seed0-from10pct-20260826-rno2a,proportional_domain_ablation,belebele_hindi,2.180147258300318
h100-d512-mix-proportional-zero-c14-seed0-from10pct-20260826-rno2a,proportional_domain_ablation,belebele_indonesian,2.1212311212738695
h100-d512-mix-proportional-zero-c14-seed0-from10pct-20260826-rno2a,proportional_domain_ablation,belebele_japanese,2.088182524045536
h100-d512-mix-proportional-zero-c14-seed0-from10pct-20260826-rno2a,proportional_domain_ablation,belebele_korean,2.0692909514110234
h100-d512-mix-proportional-zero-c14-seed0-from10pct-20260826-rno2a,proportional_domain_ablation,belebele_mean,2.193370399243482
h100-d512-mix-proportional-zero-c14-seed0-from10pct-20260826-rno2a,proportional_domain_ablation,belebele_portuguese,2.140126295034001
h100-d512-mix-proportional-zero-c14-seed0-from10pct-20260826-rno2a,proportional_domain_ablation,belebele_russian,2.1073865232299838
h100-d512-mix-proportional-zero-c14-seed0-from10pct-20260826-rno2a,proportional_domain_ablation,belebele_spanish,2.095063764311592
h100-d512-mix-proportional-zero-c14-seed0-from10pct-20260826-rno2a,proportional_domain_ablation,belebele_swahili,2.1753211604549167
h100-d512-mix-proportional-zero-c14-seed0-from10pct-20260826-rno2a,proportional_domain_ablation,belebele_thai,2.090885426795248
h100-d512-mix-proportional-zero-c14-seed0-from10pct-20260826-rno2a,proportional_domain_ablation,belebele_turkish,2.2243562305273574
h100-d512-mix-proportional-zero-c14-seed0-from10pct-20260826-rno2a,proportional_domain_ablation,belebele_vietnamese,2.182278731207631
h100-d512-mix-proportional-zero-c14-seed0-from10pct-20260826-rno2a,proportional_domain_ablation,belebele_yoruba,2.163420268481971
h100-d512-mix-proportional-zero-c14-seed0-from10pct-20260826-rno2a,proportional_domain_ablation,boolq_0shot,2.474944184230292
h100-d512-mix-proportional-zero-c14-seed0-from10pct-20260826-rno2a,proportional_domain_ablation,copa_0shot,1.7995638608824476
h100-d512-mix-proportional-zero-c14-seed0-from10pct-20260826-rno2a,proportional_domain_ablation,csqa_0shot,3.3248518669996443
h100-d512-mix-proportional-zero-c14-seed0-from10pct-20260826-rno2a,proportional_domain_ablation,gpqa_0shot,2.06383020509576
h100-d512-mix-proportional-zero-c14-seed0-from10pct-20260826-rno2a,proportional_domain_ablation,hellaswag_0shot,0.9557611752361679
h100-d512-mix-proportional-zero-c14-seed0-from10pct-20260826-rno2a,proportional_domain_ablation,include_arabic,2.0470153098188
h100-d512-mix-proportional-zero-c14-seed0-from10pct-20260826-rno2a,proportional_domain_ablation,include_bengali,2.1269210121135353
h100-d512-mix-proportional-zero-c14-seed0-from10pct-20260826-rno2a,proportional_domain_ablation,include_chinese,2.063159745079849
h100-d512-mix-proportional-zero-c14-seed0-from10pct-20260826-rno2a,proportional_domain_ablation,include_french,2.049810829232171
h100-d512-mix-proportional-zero-c14-seed0-from10pct-20260826-rno2a,proportional_domain_ablation,include_german,2.076112517546563
h100-d512-mix-proportional-zero-c14-seed0-from10pct-20260826-rno2a,proportional_domain_ablation,include_hebrew,2.120182443927011
h100-d512-mix-proportional-zero-c14-seed0-from10pct-20260826-rno2a,proportional_domain_ablation,include_hindi,2.111172478246814
h100-d512-mix-proportional-zero-c14-seed0-from10pct-20260826-rno2a,proportional_domain_ablation,include_indonesian,2.064561262766186
h100-d512-mix-proportional-zero-c14-seed0-from10pct-20260826-rno2a,proportional_domain_ablation,include_japanese,2.0471470276611847
h100-d512-mix-proportional-zero-c14-seed0-from10pct-20260826-rno2a,proportional_domain_ablation,include_korean,2.0776924336570257
h100-d512-mix-proportional-zero-c14-seed0-from10pct-20260826-rno2a,proportional_domain_ablation,include_mean,2.0833842895853234
h100-d512-mix-proportional-zero-c14-seed0-from10pct-20260826-rno2a,proportional_domain_ablation,include_portuguese,2.113558150054858
h100-d512-mix-proportional-zero-c14-seed0-from10pct-20260826-rno2a,proportional_domain_ablation,include_russian,2.132938445686951
h100-d512-mix-proportional-zero-c14-seed0-from10pct-20260826-rno2a,proportional_domain_ablation,include_spanish,2.058437290775651
h100-d512-mix-proportional-zero-c14-seed0-from10pct-20260826-rno2a,proportional_domain_ablation,include_turkish,2.071944909971711
h100-d512-mix-proportional-zero-c14-seed0-from10pct-20260826-rno2a,proportional_domain_ablation,include_vietnamese,2.090110487241542
h100-d512-mix-proportional-zero-c14-seed0-from10pct-20260826-rno2a,proportional_domain_ablation,lambada_0shot,0.8558300861712849
h100-d512-mix-proportional-zero-c14-seed0-from10pct-20260826-rno2a,proportional_domain_ablation,lb_bbh_3shot,1.8509518024336857
h100-d512-mix-proportional-zero-c14-seed0-from10pct-20260826-rno2a,proportional_domain_ablation,logprob_gsm8k_5shot,0.8037500523613333
h100-d512-mix-proportional-zero-c14-seed0-from10pct-20260826-rno2a,proportional_domain_ablation,logprob_humaneval_10shot,0.5355499392419755
h100-d512-mix-proportional-zero-c14-seed0-from10pct-20260826-rno2a,proportional_domain_ablation,medmcqa_0shot,3.6884092180735837
h100-d512-mix-proportional-zero-c14-seed0-from10pct-20260826-rno2a,proportional_domain_ablation,medqa_0shot,3.3223722781080047
h100-d512-mix-proportional-zero-c14-seed0-from10pct-20260826-rno2a,proportional_domain_ablation,mmlu_pro_5shot,4.126673335311258
h100-d512-mix-proportional-zero-c14-seed0-from10pct-20260826-rno2a,proportional_domain_ablation,musr_0shot,0.853445499583392
h100-d512-mix-proportional-zero-c14-seed0-from10pct-20260826-rno2a,proportional_domain_ablation,openbookqa_0shot,1.9473608330876007
h100-d512-mix-proportional-zero-c14-seed0-from10pct-20260826-rno2a,proportional_domain_ablation,piqa_0shot,1.2661057789643855
h100-d512-mix-proportional-zero-c14-seed0-from10pct-20260826-rno2a,proportional_domain_ablation,sciq_0shot,1.538548477866808
h100-d512-mix-proportional-zero-c14-seed0-from10pct-20260826-rno2a,proportional_domain_ablation,truthfulqa_mc1_0shot,0.7494713227379585
h100-d512-mix-proportional-zero-c14-seed0-from10pct-20260826-rno2a,proportional_domain_ablation,winogrande_0shot,0.4480437695840424
h100-d512-mix-proportional-zero-c15-seed0-from10pct-20260826-rno2a,proportional_domain_ablation,arc_challenge_0shot,1.5255097064872472
h100-d512-mix-proportional-zero-c15-seed0-from10pct-20260826-rno2a,proportional_domain_ablation,belebele_arabic,2.1997091658021772
h100-d512-mix-proportional-zero-c15-seed0-from10pct-20260826-rno2a,proportional_domain_ablation,belebele_bengali,2.1784356282937374
h100-d512-mix-proportional-zero-c15-seed0-from10pct-20260826-rno2a,proportional_domain_ablation,belebele_chinese_simplified,2.124135872417221
h100-d512-mix-proportional-zero-c15-seed0-from10pct-20260826-rno2a,proportional_domain_ablation,belebele_french,2.0910449348756206
h100-d512-mix-proportional-zero-c15-seed0-from10pct-20260826-rno2a,proportional_domain_ablation,belebele_german,2.1562629907107036
h100-d512-mix-proportional-zero-c15-seed0-from10pct-20260826-rno2a,proportional_domain_ablation,belebele_hebrew,2.1858546649972594
h100-d512-mix-proportional-zero-c15-seed0-from10pct-20260826-rno2a,proportional_domain_ablation,belebele_hindi,2.2173571181296885
h100-d512-mix-proportional-zero-c15-seed0-from10pct-20260826-rno2a,proportional_domain_ablation,belebele_indonesian,2.0559999089570837
h100-d512-mix-proportional-zero-c15-seed0-from10pct-20260826-rno2a,proportional_domain_ablation,belebele_japanese,2.0932423792768
h100-d512-mix-proportional-zero-c15-seed0-from10pct-20260826-rno2a,proportional_domain_ablation,belebele_korean,2.0659181086852394
h100-d512-mix-proportional-zero-c15-seed0-from10pct-20260826-rno2a,proportional_domain_ablation,belebele_mean,2.1853240816024115
h100-d512-mix-proportional-zero-c15-seed0-from10pct-20260826-rno2a,proportional_domain_ablation,belebele_portuguese,2.074871744958125
h100-d512-mix-proportional-zero-c15-seed0-from10pct-20260826-rno2a,proportional_domain_ablation,belebele_russian,2.0799067387595684
h100-d512-mix-proportional-zero-c15-seed0-from10pct-20260826-rno2a,proportional_domain_ablation,belebele_spanish,2.1081888608968082
h100-d512-mix-proportional-zero-c15-seed0-from10pct-20260826-rno2a,proportional_domain_ablation,belebele_swahili,2.2342960523921103
h100-d512-mix-proportional-zero-c15-seed0-from10pct-20260826-rno2a,proportional_domain_ablation,belebele_thai,2.0892945465722037
h100-d512-mix-proportional-zero-c15-seed0-from10pct-20260826-rno2a,proportional_domain_ablation,belebele_turkish,2.2745167830619986
h100-d512-mix-proportional-zero-c15-seed0-from10pct-20260826-rno2a,proportional_domain_ablation,belebele_vietnamese,2.207803414896574
h100-d512-mix-proportional-zero-c15-seed0-from10pct-20260826-rno2a,proportional_domain_ablation,belebele_yoruba,2.8989945551604848
h100-d512-mix-proportional-zero-c15-seed0-from10pct-20260826-rno2a,proportional_domain_ablation,boolq_0shot,2.208321940475519
h100-d512-mix-proportional-zero-c15-seed0-from10pct-20260826-rno2a,proportional_domain_ablation,copa_0shot,1.8562780825732046
h100-d512-mix-proportional-zero-c15-seed0-from10pct-20260826-rno2a,proportional_domain_ablation,csqa_0shot,3.5806730131353874
h100-d512-mix-proportional-zero-c15-seed0-from10pct-20260826-rno2a,proportional_domain_ablation,gpqa_0shot,2.818090572878176
h100-d512-mix-proportional-zero-c15-seed0-from10pct-20260826-rno2a,proportional_domain_ablation,hellaswag_0shot,0.9607999458892102
h100-d512-mix-proportional-zero-c15-seed0-from10pct-20260826-rno2a,proportional_domain_ablation,include_arabic,2.0827741734542102
h100-d512-mix-proportional-zero-c15-seed0-from10pct-20260826-rno2a,proportional_domain_ablation,include_bengali,2.061301218017521
h100-d512-mix-proportional-zero-c15-seed0-from10pct-20260826-rno2a,proportional_domain_ablation,include_chinese,2.071142807051229
h100-d512-mix-proportional-zero-c15-seed0-from10pct-20260826-rno2a,proportional_domain_ablation,include_french,2.0451397098356523
h100-d512-mix-proportional-zero-c15-seed0-from10pct-20260826-rno2a,proportional_domain_ablation,include_german,1.9727280063466175
h100-d512-mix-proportional-zero-c15-seed0-from10pct-20260826-rno2a,proportional_domain_ablation,include_hebrew,2.0549255570151588
h100-d512-mix-proportional-zero-c15-seed0-from10pct-20260826-rno2a,proportional_domain_ablation,include_hindi,2.0695489616612277
h100-d512-mix-proportional-zero-c15-seed0-from10pct-20260826-rno2a,proportional_domain_ablation,include_indonesian,2.073017688952425
h100-d512-mix-proportional-zero-c15-seed0-from10pct-20260826-rno2a,proportional_domain_ablation,include_japanese,2.067288649490405
h100-d512-mix-proportional-zero-c15-seed0-from10pct-20260826-rno2a,proportional_domain_ablation,include_korean,2.0623938992511337
h100-d512-mix-proportional-zero-c15-seed0-from10pct-20260826-rno2a,proportional_domain_ablation,include_mean,2.05781132144011
h100-d512-mix-proportional-zero-c15-seed0-from10pct-20260826-rno2a,proportional_domain_ablation,include_portuguese,2.0813085222306484
h100-d512-mix-proportional-zero-c15-seed0-from10pct-20260826-rno2a,proportional_domain_ablation,include_russian,2.0445043152913174
h100-d512-mix-proportional-zero-c15-seed0-from10pct-20260826-rno2a,proportional_domain_ablation,include_spanish,2.0506730814695673
h100-d512-mix-proportional-zero-c15-seed0-from10pct-20260826-rno2a,proportional_domain_ablation,include_turkish,2.062380596512348
h100-d512-mix-proportional-zero-c15-seed0-from10pct-20260826-rno2a,proportional_domain_ablation,include_vietnamese,2.0680426350221923
h100-d512-mix-proportional-zero-c15-seed0-from10pct-20260826-rno2a,proportional_domain_ablation,lambada_0shot,0.8643590001022889
h100-d512-mix-proportional-zero-c15-seed0-from10pct-20260826-rno2a,proportional_domain_ablation,lb_bbh_3shot,1.7948988905738992
h100-d512-mix-proportional-zero-c15-seed0-from10pct-20260826-rno2a,proportional_domain_ablation,logprob_gsm8k_5shot,0.7981269090687773
h100-d512-mix-proportional-zero-c15-seed0-from10pct-20260826-rno2a,proportional_domain_ablation,logprob_humaneval_10shot,0.532031888840146
h100-d512-mix-proportional-zero-c15-seed0-from10pct-20260826-rno2a,proportional_domain_ablation,medmcqa_0shot,2.6595746018002235
h100-d512-mix-proportional-zero-c15-seed0-from10pct-20260826-rno2a,proportional_domain_ablation,medqa_0shot,2.551174484500641
h100-d512-mix-proportional-zero-c15-seed0-from10pct-20260826-rno2a,proportional_domain_ablation,mmlu_pro_5shot,4.60883624740959
h100-d512-mix-proportional-zero-c15-seed0-from10pct-20260826-rno2a,proportional_domain_ablation,musr_0shot,0.8784196713581047
h100-d512-mix-proportional-zero-c15-seed0-from10pct-20260826-rno2a,proportional_domain_ablation,openbookqa_0shot,1.9607988756887496
h100-d512-mix-proportional-zero-c15-seed0-from10pct-20260826-rno2a,proportional_domain_ablation,piqa_0shot,1.2848211147533288
h100-d512-mix-proportional-zero-c15-seed0-from10pct-20260826-rno2a,proportional_domain_ablation,sciq_0shot,1.5775910975422127
h100-d512-mix-proportional-zero-c15-seed0-from10pct-20260826-rno2a,proportional_domain_ablation,truthfulqa_mc1_0shot,0.7555481181226932
h100-d512-mix-proportional-zero-c15-seed0-from10pct-20260826-rno2a,proportional_domain_ablation,winogrande_0shot,0.4449492735366848
h100-d512-mix-proportional-zero-c16-seed0-from10pct-20260826-rno2a,proportional_domain_ablation,arc_challenge_0shot,1.518679229286796
h100-d512-mix-proportional-zero-c16-seed0-from10pct-20260826-rno2a,proportional_domain_ablation,belebele_arabic,2.382186766232209
h100-d512-mix-proportional-zero-c16-seed0-from10pct-20260826-rno2a,proportional_domain_ablation,belebele_bengali,2.2853809286457367
h100-d512-mix-proportional-zero-c16-seed0-from10pct-20260826-rno2a,proportional_domain_ablation,belebele_chinese_simplified,2.336714889761256
h100-d512-mix-proportional-zero-c16-seed0-from10pct-20260826-rno2a,proportional_domain_ablation,belebele_french,2.149956655387593
h100-d512-mix-proportional-zero-c16-seed0-from10pct-20260826-rno2a,proportional_domain_ablation,belebele_german,2.1842220206983733
h100-d512-mix-proportional-zero-c16-seed0-from10pct-20260826-rno2a,proportional_domain_ablation,belebele_hebrew,2.233927098011215
h100-d512-mix-proportional-zero-c16-seed0-from10pct-20260826-rno2a,proportional_domain_ablation,belebele_hindi,2.4023730893291897
h100-d512-mix-proportional-zero-c16-seed0-from10pct-20260826-rno2a,proportional_domain_ablation,belebele_indonesian,2.1691632368915426
h100-d512-mix-proportional-zero-c16-seed0-from10pct-20260826-rno2a,proportional_domain_ablation,belebele_japanese,2.3141389929912344
h100-d512-mix-proportional-zero-c16-seed0-from10pct-20260826-rno2a,proportional_domain_ablation,belebele_korean,2.1329848388067
h100-d512-mix-proportional-zero-c16-seed0-from10pct-20260826-rno2a,proportional_domain_ablation,belebele_mean,2.3199169270873927
h100-d512-mix-proportional-zero-c16-seed0-from10pct-20260826-rno2a,proportional_domain_ablation,belebele_portuguese,2.120107784677419
h100-d512-mix-proportional-zero-c16-seed0-from10pct-20260826-rno2a,proportional_domain_ablation,belebele_russian,2.206647258086495
h100-d512-mix-proportional-zero-c16-seed0-from10pct-20260826-rno2a,proportional_domain_ablation,belebele_spanish,2.1191711767154136
h100-d512-mix-proportional-zero-c16-seed0-from10pct-20260826-rno2a,proportional_domain_ablation,belebele_swahili,2.5872380832655164
h100-d512-mix-proportional-zero-c16-seed0-from10pct-20260826-rno2a,proportional_domain_ablation,belebele_thai,2.292462919196212
h100-d512-mix-proportional-zero-c16-seed0-from10pct-20260826-rno2a,proportional_domain_ablation,belebele_turkish,2.523876128596486
h100-d512-mix-proportional-zero-c16-seed0-from10pct-20260826-rno2a,proportional_domain_ablation,belebele_vietnamese,2.6023782141973757
h100-d512-mix-proportional-zero-c16-seed0-from10pct-20260826-rno2a,proportional_domain_ablation,belebele_yoruba,2.7155746060831065
h100-d512-mix-proportional-zero-c16-seed0-from10pct-20260826-rno2a,proportional_domain_ablation,boolq_0shot,2.550537874849672
h100-d512-mix-proportional-zero-c16-seed0-from10pct-20260826-rno2a,proportional_domain_ablation,copa_0shot,1.7996579096038625
h100-d512-mix-proportional-zero-c16-seed0-from10pct-20260826-rno2a,proportional_domain_ablation,csqa_0shot,3.6051764392872707
h100-d512-mix-proportional-zero-c16-seed0-from10pct-20260826-rno2a,proportional_domain_ablation,gpqa_0shot,1.8664752979569312
h100-d512-mix-proportional-zero-c16-seed0-from10pct-20260826-rno2a,proportional_domain_ablation,hellaswag_0shot,0.9597792665794547
h100-d512-mix-proportional-zero-c16-seed0-from10pct-20260826-rno2a,proportional_domain_ablation,include_arabic,2.0472522358603813
h100-d512-mix-proportional-zero-c16-seed0-from10pct-20260826-rno2a,proportional_domain_ablation,include_bengali,2.1519979060804957
h100-d512-mix-proportional-zero-c16-seed0-from10pct-20260826-rno2a,proportional_domain_ablation,include_chinese,2.057016149742625
h100-d512-mix-proportional-zero-c16-seed0-from10pct-20260826-rno2a,proportional_domain_ablation,include_french,2.0983971330056197
h100-d512-mix-proportional-zero-c16-seed0-from10pct-20260826-rno2a,proportional_domain_ablation,include_german,2.020963372308404
h100-d512-mix-proportional-zero-c16-seed0-from10pct-20260826-rno2a,proportional_domain_ablation,include_hebrew,2.038195367416163
h100-d512-mix-proportional-zero-c16-seed0-from10pct-20260826-rno2a,proportional_domain_ablation,include_hindi,2.0695979422887523
h100-d512-mix-proportional-zero-c16-seed0-from10pct-20260826-rno2a,proportional_domain_ablation,include_indonesian,2.0857029741829836
h100-d512-mix-proportional-zero-c16-seed0-from10pct-20260826-rno2a,proportional_domain_ablation,include_japanese,2.089027473339991
h100-d512-mix-proportional-zero-c16-seed0-from10pct-20260826-rno2a,proportional_domain_ablation,include_korean,2.048986852053211
h100-d512-mix-proportional-zero-c16-seed0-from10pct-20260826-rno2a,proportional_domain_ablation,include_mean,2.0738100414353786
h100-d512-mix-proportional-zero-c16-seed0-from10pct-20260826-rno2a,proportional_domain_ablation,include_portuguese,2.0509412334395787
h100-d512-mix-proportional-zero-c16-seed0-from10pct-20260826-rno2a,proportional_domain_ablation,include_russian,2.095269026783106
h100-d512-mix-proportional-zero-c16-seed0-from10pct-20260826-rno2a,proportional_domain_ablation,include_spanish,2.0689399415261964
h100-d512-mix-proportional-zero-c16-seed0-from10pct-20260826-rno2a,proportional_domain_ablation,include_turkish,2.088259551578713
h100-d512-mix-proportional-zero-c16-seed0-from10pct-20260826-rno2a,proportional_domain_ablation,include_vietnamese,2.0966034619244627
h100-d512-mix-proportional-zero-c16-seed0-from10pct-20260826-rno2a,proportional_domain_ablation,lambada_0shot,0.8586073421263138
h100-d512-mix-proportional-zero-c16-seed0-from10pct-20260826-rno2a,proportional_domain_ablation,lb_bbh_3shot,1.6472195857876735
h100-d512-mix-proportional-zero-c16-seed0-from10pct-20260826-rno2a,proportional_domain_ablation,logprob_gsm8k_5shot,0.7922346221855122
h100-d512-mix-proportional-zero-c16-seed0-from10pct-20260826-rno2a,proportional_domain_ablation,logprob_humaneval_10shot,0.5337527335066433
h100-d512-mix-proportional-zero-c16-seed0-from10pct-20260826-rno2a,proportional_domain_ablation,medmcqa_0shot,2.7965770358220485
h100-d512-mix-proportional-zero-c16-seed0-from10pct-20260826-rno2a,proportional_domain_ablation,medqa_0shot,3.067173855375813
h100-d512-mix-proportional-zero-c16-seed0-from10pct-20260826-rno2a,proportional_domain_ablation,mmlu_pro_5shot,4.014020176211178
h100-d512-mix-proportional-zero-c16-seed0-from10pct-20260826-rno2a,proportional_domain_ablation,musr_0shot,0.9220873936471333
h100-d512-mix-proportional-zero-c16-seed0-from10pct-20260826-rno2a,proportional_domain_ablation,openbookqa_0shot,1.9562332715658224
h100-d512-mix-proportional-zero-c16-seed0-from10pct-20260826-rno2a,proportional_domain_ablation,piqa_0shot,1.2680505702526617
h100-d512-mix-proportional-zero-c16-seed0-from10pct-20260826-rno2a,proportional_domain_ablation,sciq_0shot,1.5330660247271273
h100-d512-mix-proportional-zero-c16-seed0-from10pct-20260826-rno2a,proportional_domain_ablation,truthfulqa_mc1_0shot,0.7545471994322543
h100-d512-mix-proportional-zero-c16-seed0-from10pct-20260826-rno2a,proportional_domain_ablation,winogrande_0shot,0.447709334783084
h100-d512-mix-proportional-zero-c18-seed0-from10pct-20260826-rno2a,proportional_domain_ablation,arc_challenge_0shot,1.5269754791484085
h100-d512-mix-proportional-zero-c18-seed0-from10pct-20260826-rno2a,proportional_domain_ablation,belebele_arabic,2.2004036496134534
h100-d512-mix-proportional-zero-c18-seed0-from10pct-20260826-rno2a,proportional_domain_ablation,belebele_bengali,2.328170398112757
h100-d512-mix-proportional-zero-c18-seed0-from10pct-20260826-rno2a,proportional_domain_ablation,belebele_chinese_simplified,2.1841345444938436
h100-d512-mix-proportional-zero-c18-seed0-from10pct-20260826-rno2a,proportional_domain_ablation,belebele_french,2.111718247008706
h100-d512-mix-proportional-zero-c18-seed0-from10pct-20260826-rno2a,proportional_domain_ablation,belebele_german,2.2139862661030922
h100-d512-mix-proportional-zero-c18-seed0-from10pct-20260826-rno2a,proportional_domain_ablation,belebele_hebrew,2.1060533334029574
h100-d512-mix-proportional-zero-c18-seed0-from10pct-20260826-rno2a,proportional_domain_ablation,belebele_hindi,2.2237831486005084
h100-d512-mix-proportional-zero-c18-seed0-from10pct-20260826-rno2a,proportional_domain_ablation,belebele_indonesian,2.1468010006658163
h100-d512-mix-proportional-zero-c18-seed0-from10pct-20260826-rno2a,proportional_domain_ablation,belebele_japanese,2.328491842955174
h100-d512-mix-proportional-zero-c18-seed0-from10pct-20260826-rno2a,proportional_domain_ablation,belebele_korean,2.165754154077116
h100-d512-mix-proportional-zero-c18-seed0-from10pct-20260826-rno2a,proportional_domain_ablation,belebele_mean,2.231366112590089
h100-d512-mix-proportional-zero-c18-seed0-from10pct-20260826-rno2a,proportional_domain_ablation,belebele_portuguese,2.2436974432989625
h100-d512-mix-proportional-zero-c18-seed0-from10pct-20260826-rno2a,proportional_domain_ablation,belebele_russian,2.2263345587123804
h100-d512-mix-proportional-zero-c18-seed0-from10pct-20260826-rno2a,proportional_domain_ablation,belebele_spanish,2.1903351334176935
h100-d512-mix-proportional-zero-c18-seed0-from10pct-20260826-rno2a,proportional_domain_ablation,belebele_swahili,2.2974374778164086
h100-d512-mix-proportional-zero-c18-seed0-from10pct-20260826-rno2a,proportional_domain_ablation,belebele_thai,2.0883885391010817
h100-d512-mix-proportional-zero-c18-seed0-from10pct-20260826-rno2a,proportional_domain_ablation,belebele_turkish,2.6108113731634774
h100-d512-mix-proportional-zero-c18-seed0-from10pct-20260826-rno2a,proportional_domain_ablation,belebele_vietnamese,2.318849478270425
h100-d512-mix-proportional-zero-c18-seed0-from10pct-20260826-rno2a,proportional_domain_ablation,belebele_yoruba,2.1794394378077473
h100-d512-mix-proportional-zero-c18-seed0-from10pct-20260826-rno2a,proportional_domain_ablation,boolq_0shot,2.4646927622045043
h100-d512-mix-proportional-zero-c18-seed0-from10pct-20260826-rno2a,proportional_domain_ablation,copa_0shot,1.813155633714826
h100-d512-mix-proportional-zero-c18-seed0-from10pct-20260826-rno2a,proportional_domain_ablation,csqa_0shot,3.578526677892575
h100-d512-mix-proportional-zero-c18-seed0-from10pct-20260826-rno2a,proportional_domain_ablation,gpqa_0shot,3.161791970784972
h100-d512-mix-proportional-zero-c18-seed0-from10pct-20260826-rno2a,proportional_domain_ablation,hellaswag_0shot,0.9609282930313683
h100-d512-mix-proportional-zero-c18-seed0-from10pct-20260826-rno2a,proportional_domain_ablation,include_arabic,2.044565423500077
h100-d512-mix-proportional-zero-c18-seed0-from10pct-20260826-rno2a,proportional_domain_ablation,include_bengali,2.0857122248963926
h100-d512-mix-proportional-zero-c18-seed0-from10pct-20260826-rno2a,proportional_domain_ablation,include_chinese,2.0508150950017474
h100-d512-mix-proportional-zero-c18-seed0-from10pct-20260826-rno2a,proportional_domain_ablation,include_french,2.052870352156765
h100-d512-mix-proportional-zero-c18-seed0-from10pct-20260826-rno2a,proportional_domain_ablation,include_german,2.016584596271902
h100-d512-mix-proportional-zero-c18-seed0-from10pct-20260826-rno2a,proportional_domain_ablation,include_hebrew,2.0724217646894445
h100-d512-mix-proportional-zero-c18-seed0-from10pct-20260826-rno2a,proportional_domain_ablation,include_hindi,2.1357309314096504
h100-d512-mix-proportional-zero-c18-seed0-from10pct-20260826-rno2a,proportional_domain_ablation,include_indonesian,2.064018573074867
h100-d512-mix-proportional-zero-c18-seed0-from10pct-20260826-rno2a,proportional_domain_ablation,include_japanese,2.129160904661985
h100-d512-mix-proportional-zero-c18-seed0-from10pct-20260826-rno2a,proportional_domain_ablation,include_korean,2.1047379857440554
h100-d512-mix-proportional-zero-c18-seed0-from10pct-20260826-rno2a,proportional_domain_ablation,include_mean,2.0746580294567574
h100-d512-mix-proportional-zero-c18-seed0-from10pct-20260826-rno2a,proportional_domain_ablation,include_portuguese,2.112956318695172
h100-d512-mix-proportional-zero-c18-seed0-from10pct-20260826-rno2a,proportional_domain_ablation,include_russian,2.0624471132132007
h100-d512-mix-proportional-zero-c18-seed0-from10pct-20260826-rno2a,proportional_domain_ablation,include_spanish,2.046555924062547
h100-d512-mix-proportional-zero-c18-seed0-from10pct-20260826-rno2a,proportional_domain_ablation,include_turkish,2.0500835096437138
h100-d512-mix-proportional-zero-c18-seed0-from10pct-20260826-rno2a,proportional_domain_ablation,include_vietnamese,2.0912097248298385
h100-d512-mix-proportional-zero-c18-seed0-from10pct-20260826-rno2a,proportional_domain_ablation,lambada_0shot,0.8647189632729773
h100-d512-mix-proportional-zero-c18-seed0-from10pct-20260826-rno2a,proportional_domain_ablation,lb_bbh_3shot,1.8577044928405049
h100-d512-mix-proportional-zero-c18-seed0-from10pct-20260826-rno2a,proportional_domain_ablation,logprob_gsm8k_5shot,0.8130652202142622
h100-d512-mix-proportional-zero-c18-seed0-from10pct-20260826-rno2a,proportional_domain_ablation,logprob_humaneval_10shot,0.5414227296267705
h100-d512-mix-proportional-zero-c18-seed0-from10pct-20260826-rno2a,proportional_domain_ablation,medmcqa_0shot,3.2049615893463033
h100-d512-mix-proportional-zero-c18-seed0-from10pct-20260826-rno2a,proportional_domain_ablation,medqa_0shot,2.7435990912602497
h100-d512-mix-proportional-zero-c18-seed0-from10pct-20260826-rno2a,proportional_domain_ablation,mmlu_pro_5shot,4.005232389270283
h100-d512-mix-proportional-zero-c18-seed0-from10pct-20260826-rno2a,proportional_domain_ablation,musr_0shot,0.89049513609336
h100-d512-mix-proportional-zero-c18-seed0-from10pct-20260826-rno2a,proportional_domain_ablation,openbookqa_0shot,1.9593221726979297
h100-d512-mix-proportional-zero-c18-seed0-from10pct-20260826-rno2a,proportional_domain_ablation,piqa_0shot,1.2631358835549238
h100-d512-mix-proportional-zero-c18-seed0-from10pct-20260826-rno2a,proportional_domain_ablation,sciq_0shot,1.5602661721154134
h100-d512-mix-proportional-zero-c18-seed0-from10pct-20260826-rno2a,proportional_domain_ablation,truthfulqa_mc1_0shot,0.7591498460033025
h100-d512-mix-proportional-zero-c18-seed0-from10pct-20260826-rno2a,proportional_domain_ablation,winogrande_0shot,0.4477009994544732
h100-d512-mix-proportional-zero-c19-seed0-from10pct-20260826-rno2a,proportional_domain_ablation,arc_challenge_0shot,1.5187778756914012
h100-d512-mix-proportional-zero-c19-seed0-from10pct-20260826-rno2a,proportional_domain_ablation,belebele_arabic,2.293233513642985
h100-d512-mix-proportional-zero-c19-seed0-from10pct-20260826-rno2a,proportional_domain_ablation,belebele_bengali,2.432428286956775
h100-d512-mix-proportional-zero-c19-seed0-from10pct-20260826-rno2a,proportional_domain_ablation,belebele_chinese_simplified,2.1153253053585686
h100-d512-mix-proportional-zero-c19-seed0-from10pct-20260826-rno2a,proportional_domain_ablation,belebele_french,2.1150843765828036
h100-d512-mix-proportional-zero-c19-seed0-from10pct-20260826-rno2a,proportional_domain_ablation,belebele_german,2.102494646702374
h100-d512-mix-proportional-zero-c19-seed0-from10pct-20260826-rno2a,proportional_domain_ablation,belebele_hebrew,2.118959590568534
h100-d512-mix-proportional-zero-c19-seed0-from10pct-20260826-rno2a,proportional_domain_ablation,belebele_hindi,2.1354963289744697
h100-d512-mix-proportional-zero-c19-seed0-from10pct-20260826-rno2a,proportional_domain_ablation,belebele_indonesian,2.1252950994042568
h100-d512-mix-proportional-zero-c19-seed0-from10pct-20260826-rno2a,proportional_domain_ablation,belebele_japanese,2.106845694547295
h100-d512-mix-proportional-zero-c19-seed0-from10pct-20260826-rno2a,proportional_domain_ablation,belebele_korean,2.072331165740334
h100-d512-mix-proportional-zero-c19-seed0-from10pct-20260826-rno2a,proportional_domain_ablation,belebele_mean,2.179563140655487
h100-d512-mix-proportional-zero-c19-seed0-from10pct-20260826-rno2a,proportional_domain_ablation,belebele_portuguese,2.08781380508978
h100-d512-mix-proportional-zero-c19-seed0-from10pct-20260826-rno2a,proportional_domain_ablation,belebele_russian,2.1075061527376424
h100-d512-mix-proportional-zero-c19-seed0-from10pct-20260826-rno2a,proportional_domain_ablation,belebele_spanish,2.068942524688241
h100-d512-mix-proportional-zero-c19-seed0-from10pct-20260826-rno2a,proportional_domain_ablation,belebele_swahili,2.1944450908231516
h100-d512-mix-proportional-zero-c19-seed0-from10pct-20260826-rno2a,proportional_domain_ablation,belebele_thai,2.122143232600359
h100-d512-mix-proportional-zero-c19-seed0-from10pct-20260826-rno2a,proportional_domain_ablation,belebele_turkish,2.474318460766716
h100-d512-mix-proportional-zero-c19-seed0-from10pct-20260826-rno2a,proportional_domain_ablation,belebele_vietnamese,2.210119151831396
h100-d512-mix-proportional-zero-c19-seed0-from10pct-20260826-rno2a,proportional_domain_ablation,belebele_yoruba,2.3493541047830866
h100-d512-mix-proportional-zero-c19-seed0-from10pct-20260826-rno2a,proportional_domain_ablation,boolq_0shot,2.011026693912876
h100-d512-mix-proportional-zero-c19-seed0-from10pct-20260826-rno2a,proportional_domain_ablation,copa_0shot,1.7895316674728767
h100-d512-mix-proportional-zero-c19-seed0-from10pct-20260826-rno2a,proportional_domain_ablation,csqa_0shot,2.945465643823354
h100-d512-mix-proportional-zero-c19-seed0-from10pct-20260826-rno2a,proportional_domain_ablation,gpqa_0shot,1.8079592081285711
h100-d512-mix-proportional-zero-c19-seed0-from10pct-20260826-rno2a,proportional_domain_ablation,hellaswag_0shot,0.9631258876585488
h100-d512-mix-proportional-zero-c19-seed0-from10pct-20260826-rno2a,proportional_domain_ablation,include_arabic,2.1085341499020553
h100-d512-mix-proportional-zero-c19-seed0-from10pct-20260826-rno2a,proportional_domain_ablation,include_bengali,2.0424027878370334
h100-d512-mix-proportional-zero-c19-seed0-from10pct-20260826-rno2a,proportional_domain_ablation,include_chinese,2.0669365412099703
h100-d512-mix-proportional-zero-c19-seed0-from10pct-20260826-rno2a,proportional_domain_ablation,include_french,2.039094080671084
h100-d512-mix-proportional-zero-c19-seed0-from10pct-20260826-rno2a,proportional_domain_ablation,include_german,2.038577427724282
h100-d512-mix-proportional-zero-c19-seed0-from10pct-20260826-rno2a,proportional_domain_ablation,include_hebrew,2.0703140971342466
h100-d512-mix-proportional-zero-c19-seed0-from10pct-20260826-rno2a,proportional_domain_ablation,include_hindi,2.0466208435045106
h100-d512-mix-proportional-zero-c19-seed0-from10pct-20260826-rno2a,proportional_domain_ablation,include_indonesian,2.1028293741297315
h100-d512-mix-proportional-zero-c19-seed0-from10pct-20260826-rno2a,proportional_domain_ablation,include_japanese,2.0562185713152585
h100-d512-mix-proportional-zero-c19-seed0-from10pct-20260826-rno2a,proportional_domain_ablation,include_korean,2.062791900125899
h100-d512-mix-proportional-zero-c19-seed0-from10pct-20260826-rno2a,proportional_domain_ablation,include_mean,2.067021540241581
h100-d512-mix-proportional-zero-c19-seed0-from10pct-20260826-rno2a,proportional_domain_ablation,include_portuguese,2.0690566638994734
h100-d512-mix-proportional-zero-c19-seed0-from10pct-20260826-rno2a,proportional_domain_ablation,include_russian,2.0761025394304613
h100-d512-mix-proportional-zero-c19-seed0-from10pct-20260826-rno2a,proportional_domain_ablation,include_spanish,2.0598468769986487
h100-d512-mix-proportional-zero-c19-seed0-from10pct-20260826-rno2a,proportional_domain_ablation,include_turkish,2.0833553159614584
h100-d512-mix-proportional-zero-c19-seed0-from10pct-20260826-rno2a,proportional_domain_ablation,include_vietnamese,2.082641933779601
h100-d512-mix-proportional-zero-c19-seed0-from10pct-20260826-rno2a,proportional_domain_ablation,lambada_0shot,0.8635186111502616
h100-d512-mix-proportional-zero-c19-seed0-from10pct-20260826-rno2a,proportional_domain_ablation,lb_bbh_3shot,1.6518952198041261
h100-d512-mix-proportional-zero-c19-seed0-from10pct-20260826-rno2a,proportional_domain_ablation,logprob_gsm8k_5shot,0.7835614933665861
h100-d512-mix-proportional-zero-c19-seed0-from10pct-20260826-rno2a,proportional_domain_ablation,logprob_humaneval_10shot,0.5368154630103835
h100-d512-mix-proportional-zero-c19-seed0-from10pct-20260826-rno2a,proportional_domain_ablation,medmcqa_0shot,3.2691897335134508
h100-d512-mix-proportional-zero-c19-seed0-from10pct-20260826-rno2a,proportional_domain_ablation,medqa_0shot,3.225889201385564
h100-d512-mix-proportional-zero-c19-seed0-from10pct-20260826-rno2a,proportional_domain_ablation,mmlu_pro_5shot,4.462882698860306
h100-d512-mix-proportional-zero-c19-seed0-from10pct-20260826-rno2a,proportional_domain_ablation,musr_0shot,0.781907559181087
h100-d512-mix-proportional-zero-c19-seed0-from10pct-20260826-rno2a,proportional_domain_ablation,openbookqa_0shot,1.9804365219300832
h100-d512-mix-proportional-zero-c19-seed0-from10pct-20260826-rno2a,proportional_domain_ablation,piqa_0shot,1.2740428429472384
h100-d512-mix-proportional-zero-c19-seed0-from10pct-20260826-rno2a,proportional_domain_ablation,sciq_0shot,1.555911486549111
h100-d512-mix-proportional-zero-c19-seed0-from10pct-20260826-rno2a,proportional_domain_ablation,truthfulqa_mc1_0shot,0.7497371473861031
h100-d512-mix-proportional-zero-c19-seed0-from10pct-20260826-rno2a,proportional_domain_ablation,winogrande_0shot,0.4458676510235861
h100-d512-mix-proportional-zero-c20-seed0-from10pct-20260826-rno2a,proportional_domain_ablation,arc_challenge_0shot,1.513464313805599
h100-d512-mix-proportional-zero-c20-seed0-from10pct-20260826-rno2a,proportional_domain_ablation,belebele_arabic,2.187684982046572
h100-d512-mix-proportional-zero-c20-seed0-from10pct-20260826-rno2a,proportional_domain_ablation,belebele_bengali,2.1892374866341755
h100-d512-mix-proportional-zero-c20-seed0-from10pct-20260826-rno2a,proportional_domain_ablation,belebele_chinese_simplified,2.212965298931012
h100-d512-mix-proportional-zero-c20-seed0-from10pct-20260826-rno2a,proportional_domain_ablation,belebele_french,2.1007396928328563
h100-d512-mix-proportional-zero-c20-seed0-from10pct-20260826-rno2a,proportional_domain_ablation,belebele_german,2.153342273940142
h100-d512-mix-proportional-zero-c20-seed0-from10pct-20260826-rno2a,proportional_domain_ablation,belebele_hebrew,2.263151891932095
h100-d512-mix-proportional-zero-c20-seed0-from10pct-20260826-rno2a,proportional_domain_ablation,belebele_hindi,2.138386294004966
h100-d512-mix-proportional-zero-c20-seed0-from10pct-20260826-rno2a,proportional_domain_ablation,belebele_indonesian,2.073535560530963
h100-d512-mix-proportional-zero-c20-seed0-from10pct-20260826-rno2a,proportional_domain_ablation,belebele_japanese,2.2832846982321415
h100-d512-mix-proportional-zero-c20-seed0-from10pct-20260826-rno2a,proportional_domain_ablation,belebele_korean,2.1055600792299685
h100-d512-mix-proportional-zero-c20-seed0-from10pct-20260826-rno2a,proportional_domain_ablation,belebele_mean,2.192071065926409
h100-d512-mix-proportional-zero-c20-seed0-from10pct-20260826-rno2a,proportional_domain_ablation,belebele_portuguese,2.0954936698216855
h100-d512-mix-proportional-zero-c20-seed0-from10pct-20260826-rno2a,proportional_domain_ablation,belebele_russian,2.126025929646778
h100-d512-mix-proportional-zero-c20-seed0-from10pct-20260826-rno2a,proportional_domain_ablation,belebele_spanish,2.124805149400175
h100-d512-mix-proportional-zero-c20-seed0-from10pct-20260826-rno2a,proportional_domain_ablation,belebele_swahili,2.1395213044015686
h100-d512-mix-proportional-zero-c20-seed0-from10pct-20260826-rno2a,proportional_domain_ablation,belebele_thai,2.056922431635526
h100-d512-mix-proportional-zero-c20-seed0-from10pct-20260826-rno2a,proportional_domain_ablation,belebele_turkish,2.326897450941948
h100-d512-mix-proportional-zero-c20-seed0-from10pct-20260826-rno2a,proportional_domain_ablation,belebele_vietnamese,2.5956767539889385
h100-d512-mix-proportional-zero-c20-seed0-from10pct-20260826-rno2a,proportional_domain_ablation,belebele_yoruba,2.2840482385238534
h100-d512-mix-proportional-zero-c20-seed0-from10pct-20260826-rno2a,proportional_domain_ablation,boolq_0shot,2.2350350617718675
h100-d512-mix-proportional-zero-c20-seed0-from10pct-20260826-rno2a,proportional_domain_ablation,copa_0shot,1.7867992057723918
h100-d512-mix-proportional-zero-c20-seed0-from10pct-20260826-rno2a,proportional_domain_ablation,csqa_0shot,3.8367566087402603
h100-d512-mix-proportional-zero-c20-seed0-from10pct-20260826-rno2a,proportional_domain_ablation,gpqa_0shot,3.2290433739826807
h100-d512-mix-proportional-zero-c20-seed0-from10pct-20260826-rno2a,proportional_domain_ablation,hellaswag_0shot,0.9574179571162842
h100-d512-mix-proportional-zero-c20-seed0-from10pct-20260826-rno2a,proportional_domain_ablation,include_arabic,2.0642809023741404
h100-d512-mix-proportional-zero-c20-seed0-from10pct-20260826-rno2a,proportional_domain_ablation,include_bengali,2.0580030312441377
h100-d512-mix-proportional-zero-c20-seed0-from10pct-20260826-rno2a,proportional_domain_ablation,include_chinese,2.054662798632126
h100-d512-mix-proportional-zero-c20-seed0-from10pct-20260826-rno2a,proportional_domain_ablation,include_french,2.037104230112956
h100-d512-mix-proportional-zero-c20-seed0-from10pct-20260826-rno2a,proportional_domain_ablation,include_german,2.0475992967164545
h100-d512-mix-proportional-zero-c20-seed0-from10pct-20260826-rno2a,proportional_domain_ablation,include_hebrew,2.096059220167895
h100-d512-mix-proportional-zero-c20-seed0-from10pct-20260826-rno2a,proportional_domain_ablation,include_hindi,2.116613737826477
h100-d512-mix-proportional-zero-c20-seed0-from10pct-20260826-rno2a,proportional_domain_ablation,include_indonesian,2.0616839071822732
h100-d512-mix-proportional-zero-c20-seed0-from10pct-20260826-rno2a,proportional_domain_ablation,include_japanese,2.065640840631005
h100-d512-mix-proportional-zero-c20-seed0-from10pct-20260826-rno2a,proportional_domain_ablation,include_korean,2.0644554800525285
h100-d512-mix-proportional-zero-c20-seed0-from10pct-20260826-rno2a,proportional_domain_ablation,include_mean,2.066134626453661
h100-d512-mix-proportional-zero-c20-seed0-from10pct-20260826-rno2a,proportional_domain_ablation,include_portuguese,2.1183355448394656
h100-d512-mix-proportional-zero-c20-seed0-from10pct-20260826-rno2a,proportional_domain_ablation,include_russian,2.0417783368421265
h100-d512-mix-proportional-zero-c20-seed0-from10pct-20260826-rno2a,proportional_domain_ablation,include_spanish,2.054848421858156
h100-d512-mix-proportional-zero-c20-seed0-from10pct-20260826-rno2a,proportional_domain_ablation,include_turkish,2.0413790190536214
h100-d512-mix-proportional-zero-c20-seed0-from10pct-20260826-rno2a,proportional_domain_ablation,include_vietnamese,2.0695746292715507
h100-d512-mix-proportional-zero-c20-seed0-from10pct-20260826-rno2a,proportional_domain_ablation,lambada_0shot,0.8659543780905686
h100-d512-mix-proportional-zero-c20-seed0-from10pct-20260826-rno2a,proportional_domain_ablation,lb_bbh_3shot,1.7794101742131083
h100-d512-mix-proportional-zero-c20-seed0-from10pct-20260826-rno2a,proportional_domain_ablation,logprob_gsm8k_5shot,0.7893920501996312
h100-d512-mix-proportional-zero-c20-seed0-from10pct-20260826-rno2a,proportional_domain_ablation,logprob_humaneval_10shot,0.5514171837128691
h100-d512-mix-proportional-zero-c20-seed0-from10pct-20260826-rno2a,proportional_domain_ablation,medmcqa_0shot,3.160730170968927
h100-d512-mix-proportional-zero-c20-seed0-from10pct-20260826-rno2a,proportional_domain_ablation,medqa_0shot,3.245274924345993
h100-d512-mix-proportional-zero-c20-seed0-from10pct-20260826-rno2a,proportional_domain_ablation,mmlu_pro_5shot,3.8184969506725523
h100-d512-mix-proportional-zero-c20-seed0-from10pct-20260826-rno2a,proportional_domain_ablation,musr_0shot,0.9431719674033033
h100-d512-mix-proportional-zero-c20-seed0-from10pct-20260826-rno2a,proportional_domain_ablation,openbookqa_0shot,1.9658952545212092
h100-d512-mix-proportional-zero-c20-seed0-from10pct-20260826-rno2a,proportional_domain_ablation,piqa_0shot,1.280851028140197
h100-d512-mix-proportional-zero-c20-seed0-from10pct-20260826-rno2a,proportional_domain_ablation,sciq_0shot,1.5487694759488453
h100-d512-mix-proportional-zero-c20-seed0-from10pct-20260826-rno2a,proportional_domain_ablation,truthfulqa_mc1_0shot,0.7507532289151101
h100-d512-mix-proportional-zero-c20-seed0-from10pct-20260826-rno2a,proportional_domain_ablation,winogrande_0shot,0.4473484969733777
h100-d512-mix-proportional-zero-c21-seed0-from10pct-20260826-rno2a,proportional_domain_ablation,arc_challenge_0shot,1.491958819681378
h100-d512-mix-proportional-zero-c21-seed0-from10pct-20260826-rno2a,proportional_domain_ablation,belebele_arabic,2.5000366468178936
h100-d512-mix-proportional-zero-c21-seed0-from10pct-20260826-rno2a,proportional_domain_ablation,belebele_bengali,2.3287975036120794
h100-d512-mix-proportional-zero-c21-seed0-from10pct-20260826-rno2a,proportional_domain_ablation,belebele_chinese_simplified,2.2312247010815858
h100-d512-mix-proportional-zero-c21-seed0-from10pct-20260826-rno2a,proportional_domain_ablation,belebele_french,2.146822283805497
h100-d512-mix-proportional-zero-c21-seed0-from10pct-20260826-rno2a,proportional_domain_ablation,belebele_german,2.199038430597439
h100-d512-mix-proportional-zero-c21-seed0-from10pct-20260826-rno2a,proportional_domain_ablation,belebele_hebrew,2.1627463242720566
h100-d512-mix-proportional-zero-c21-seed0-from10pct-20260826-rno2a,proportional_domain_ablation,belebele_hindi,2.17177672070159
h100-d512-mix-proportional-zero-c21-seed0-from10pct-20260826-rno2a,proportional_domain_ablation,belebele_indonesian,2.0908631567617837
h100-d512-mix-proportional-zero-c21-seed0-from10pct-20260826-rno2a,proportional_domain_ablation,belebele_japanese,2.2509943995509585
h100-d512-mix-proportional-zero-c21-seed0-from10pct-20260826-rno2a,proportional_domain_ablation,belebele_korean,2.1093067049406624
h100-d512-mix-proportional-zero-c21-seed0-from10pct-20260826-rno2a,proportional_domain_ablation,belebele_mean,2.225163178433311
h100-d512-mix-proportional-zero-c21-seed0-from10pct-20260826-rno2a,proportional_domain_ablation,belebele_portuguese,2.1535750133798053
h100-d512-mix-proportional-zero-c21-seed0-from10pct-20260826-rno2a,proportional_domain_ablation,belebele_russian,2.226979226888915
h100-d512-mix-proportional-zero-c21-seed0-from10pct-20260826-rno2a,proportional_domain_ablation,belebele_spanish,2.196512403500549
h100-d512-mix-proportional-zero-c21-seed0-from10pct-20260826-rno2a,proportional_domain_ablation,belebele_swahili,2.2346568057803
h100-d512-mix-proportional-zero-c21-seed0-from10pct-20260826-rno2a,proportional_domain_ablation,belebele_thai,2.1291852733964167
h100-d512-mix-proportional-zero-c21-seed0-from10pct-20260826-rno2a,proportional_domain_ablation,belebele_turkish,2.435139992160741
h100-d512-mix-proportional-zero-c21-seed0-from10pct-20260826-rno2a,proportional_domain_ablation,belebele_vietnamese,2.2186258324252806
h100-d512-mix-proportional-zero-c21-seed0-from10pct-20260826-rno2a,proportional_domain_ablation,belebele_yoruba,2.2666557921260506
h100-d512-mix-proportional-zero-c21-seed0-from10pct-20260826-rno2a,proportional_domain_ablation,boolq_0shot,2.5259535849158246
h100-d512-mix-proportional-zero-c21-seed0-from10pct-20260826-rno2a,proportional_domain_ablation,copa_0shot,1.8129480123569832
h100-d512-mix-proportional-zero-c21-seed0-from10pct-20260826-rno2a,proportional_domain_ablation,csqa_0shot,3.9522855015415335
h100-d512-mix-proportional-zero-c21-seed0-from10pct-20260826-rno2a,proportional_domain_ablation,gpqa_0shot,2.5084700791780548
h100-d512-mix-proportional-zero-c21-seed0-from10pct-20260826-rno2a,proportional_domain_ablation,hellaswag_0shot,0.9588428332284061
h100-d512-mix-proportional-zero-c21-seed0-from10pct-20260826-rno2a,proportional_domain_ablation,include_arabic,2.030220442814192
h100-d512-mix-proportional-zero-c21-seed0-from10pct-20260826-rno2a,proportional_domain_ablation,include_bengali,2.0537948298143287
h100-d512-mix-proportional-zero-c21-seed0-from10pct-20260826-rno2a,proportional_domain_ablation,include_chinese,2.0480829838169545
h100-d512-mix-proportional-zero-c21-seed0-from10pct-20260826-rno2a,proportional_domain_ablation,include_french,2.0479580233982744
h100-d512-mix-proportional-zero-c21-seed0-from10pct-20260826-rno2a,proportional_domain_ablation,include_german,2.0646640908928138
h100-d512-mix-proportional-zero-c21-seed0-from10pct-20260826-rno2a,proportional_domain_ablation,include_hebrew,2.075702176625049
h100-d512-mix-proportional-zero-c21-seed0-from10pct-20260826-rno2a,proportional_domain_ablation,include_hindi,2.042164469299923
h100-d512-mix-proportional-zero-c21-seed0-from10pct-20260826-rno2a,proportional_domain_ablation,include_indonesian,2.0677662531173855
h100-d512-mix-proportional-zero-c21-seed0-from10pct-20260826-rno2a,proportional_domain_ablation,include_japanese,2.060247490445854
h100-d512-mix-proportional-zero-c21-seed0-from10pct-20260826-rno2a,proportional_domain_ablation,include_korean,2.0647100198792505
h100-d512-mix-proportional-zero-c21-seed0-from10pct-20260826-rno2a,proportional_domain_ablation,include_mean,2.0625706231633525
h100-d512-mix-proportional-zero-c21-seed0-from10pct-20260826-rno2a,proportional_domain_ablation,include_portuguese,2.0718900975804524
h100-d512-mix-proportional-zero-c21-seed0-from10pct-20260826-rno2a,proportional_domain_ablation,include_russian,2.048302516773248
h100-d512-mix-proportional-zero-c21-seed0-from10pct-20260826-rno2a,proportional_domain_ablation,include_spanish,2.0452457644496667
h100-d512-mix-proportional-zero-c21-seed0-from10pct-20260826-rno2a,proportional_domain_ablation,include_turkish,2.1047578598294607
h100-d512-mix-proportional-zero-c21-seed0-from10pct-20260826-rno2a,proportional_domain_ablation,include_vietnamese,2.113052328713439
h100-d512-mix-proportional-zero-c21-seed0-from10pct-20260826-rno2a,proportional_domain_ablation,lambada_0shot,0.859268015266799
h100-d512-mix-proportional-zero-c21-seed0-from10pct-20260826-rno2a,proportional_domain_ablation,lb_bbh_3shot,1.689633975461403
h100-d512-mix-proportional-zero-c21-seed0-from10pct-20260826-rno2a,proportional_domain_ablation,logprob_gsm8k_5shot,0.8062090129877667
h100-d512-mix-proportional-zero-c21-seed0-from10pct-20260826-rno2a,proportional_domain_ablation,logprob_humaneval_10shot,0.5450077526319537
h100-d512-mix-proportional-zero-c21-seed0-from10pct-20260826-rno2a,proportional_domain_ablation,medmcqa_0shot,3.3674795747562056
h100-d512-mix-proportional-zero-c21-seed0-from10pct-20260826-rno2a,proportional_domain_ablation,medqa_0shot,3.9232915812007767
h100-d512-mix-proportional-zero-c21-seed0-from10pct-20260826-rno2a,proportional_domain_ablation,mmlu_pro_5shot,3.700427013693931
h100-d512-mix-proportional-zero-c21-seed0-from10pct-20260826-rno2a,proportional_domain_ablation,musr_0shot,0.8480758540526653
h100-d512-mix-proportional-zero-c21-seed0-from10pct-20260826-rno2a,proportional_domain_ablation,openbookqa_0shot,1.9728696122082576
h100-d512-mix-proportional-zero-c21-seed0-from10pct-20260826-rno2a,proportional_domain_ablation,piqa_0shot,1.2835483910932368
h100-d512-mix-proportional-zero-c21-seed0-from10pct-20260826-rno2a,proportional_domain_ablation,sciq_0shot,1.508121580494815
h100-d512-mix-proportional-zero-c21-seed0-from10pct-20260826-rno2a,proportional_domain_ablation,truthfulqa_mc1_0shot,0.7509568942109263
h100-d512-mix-proportional-zero-c21-seed0-from10pct-20260826-rno2a,proportional_domain_ablation,winogrande_0shot,0.44805726602459595
h100-d512-mix-proportional-zero-c22-seed0-from10pct-20260826-rno2a,proportional_domain_ablation,arc_challenge_0shot,1.558866714339305
h100-d512-mix-proportional-zero-c22-seed0-from10pct-20260826-rno2a,proportional_domain_ablation,belebele_arabic,2.365555949016673
h100-d512-mix-proportional-zero-c22-seed0-from10pct-20260826-rno2a,proportional_domain_ablation,belebele_bengali,2.2131675052396584
h100-d512-mix-proportional-zero-c22-seed0-from10pct-20260826-rno2a,proportional_domain_ablation,belebele_chinese_simplified,2.230433741978039
h100-d512-mix-proportional-zero-c22-seed0-from10pct-20260826-rno2a,proportional_domain_ablation,belebele_french,2.1797091204584595
h100-d512-mix-proportional-zero-c22-seed0-from10pct-20260826-rno2a,proportional_domain_ablation,belebele_german,2.1903035569252665
h100-d512-mix-proportional-zero-c22-seed0-from10pct-20260826-rno2a,proportional_domain_ablation,belebele_hebrew,2.1905601432882063
h100-d512-mix-proportional-zero-c22-seed0-from10pct-20260826-rno2a,proportional_domain_ablation,belebele_hindi,2.2044553339462247
h100-d512-mix-proportional-zero-c22-seed0-from10pct-20260826-rno2a,proportional_domain_ablation,belebele_indonesian,2.123758599522143
h100-d512-mix-proportional-zero-c22-seed0-from10pct-20260826-rno2a,proportional_domain_ablation,belebele_japanese,2.2623970971492744
h100-d512-mix-proportional-zero-c22-seed0-from10pct-20260826-rno2a,proportional_domain_ablation,belebele_korean,2.1203667263427635
h100-d512-mix-proportional-zero-c22-seed0-from10pct-20260826-rno2a,proportional_domain_ablation,belebele_mean,2.2227111219504017
h100-d512-mix-proportional-zero-c22-seed0-from10pct-20260826-rno2a,proportional_domain_ablation,belebele_portuguese,2.144077904286516
h100-d512-mix-proportional-zero-c22-seed0-from10pct-20260826-rno2a,proportional_domain_ablation,belebele_russian,2.124301762869317
h100-d512-mix-proportional-zero-c22-seed0-from10pct-20260826-rno2a,proportional_domain_ablation,belebele_spanish,2.142545582531813
h100-d512-mix-proportional-zero-c22-seed0-from10pct-20260826-rno2a,proportional_domain_ablation,belebele_swahili,2.285628934889769
h100-d512-mix-proportional-zero-c22-seed0-from10pct-20260826-rno2a,proportional_domain_ablation,belebele_thai,2.0851859095157708
h100-d512-mix-proportional-zero-c22-seed0-from10pct-20260826-rno2a,proportional_domain_ablation,belebele_turkish,2.49956848778005
h100-d512-mix-proportional-zero-c22-seed0-from10pct-20260826-rno2a,proportional_domain_ablation,belebele_vietnamese,2.248022449339797
h100-d512-mix-proportional-zero-c22-seed0-from10pct-20260826-rno2a,proportional_domain_ablation,belebele_yoruba,2.398761390027486
h100-d512-mix-proportional-zero-c22-seed0-from10pct-20260826-rno2a,proportional_domain_ablation,boolq_0shot,2.3576888623011776
h100-d512-mix-proportional-zero-c22-seed0-from10pct-20260826-rno2a,proportional_domain_ablation,copa_0shot,1.832294342181487
h100-d512-mix-proportional-zero-c22-seed0-from10pct-20260826-rno2a,proportional_domain_ablation,csqa_0shot,3.123228050066203
h100-d512-mix-proportional-zero-c22-seed0-from10pct-20260826-rno2a,proportional_domain_ablation,gpqa_0shot,2.7382912542022897
h100-d512-mix-proportional-zero-c22-seed0-from10pct-20260826-rno2a,proportional_domain_ablation,hellaswag_0shot,0.9603574257201033
h100-d512-mix-proportional-zero-c22-seed0-from10pct-20260826-rno2a,proportional_domain_ablation,include_arabic,2.1421247101757475
h100-d512-mix-proportional-zero-c22-seed0-from10pct-20260826-rno2a,proportional_domain_ablation,include_bengali,2.1469215290108807
h100-d512-mix-proportional-zero-c22-seed0-from10pct-20260826-rno2a,proportional_domain_ablation,include_chinese,2.0810564176686634
h100-d512-mix-proportional-zero-c22-seed0-from10pct-20260826-rno2a,proportional_domain_ablation,include_french,2.0519622821183705
h100-d512-mix-proportional-zero-c22-seed0-from10pct-20260826-rno2a,proportional_domain_ablation,include_german,1.984575970969455
h100-d512-mix-proportional-zero-c22-seed0-from10pct-20260826-rno2a,proportional_domain_ablation,include_hebrew,2.062632955761227
h100-d512-mix-proportional-zero-c22-seed0-from10pct-20260826-rno2a,proportional_domain_ablation,include_hindi,2.1681681709265965
h100-d512-mix-proportional-zero-c22-seed0-from10pct-20260826-rno2a,proportional_domain_ablation,include_indonesian,2.122131707487023
h100-d512-mix-proportional-zero-c22-seed0-from10pct-20260826-rno2a,proportional_domain_ablation,include_japanese,2.081732345695533
h100-d512-mix-proportional-zero-c22-seed0-from10pct-20260826-rno2a,proportional_domain_ablation,include_korean,2.089733134588204
h100-d512-mix-proportional-zero-c22-seed0-from10pct-20260826-rno2a,proportional_domain_ablation,include_mean,2.0926090163054947
h100-d512-mix-proportional-zero-c22-seed0-from10pct-20260826-rno2a,proportional_domain_ablation,include_portuguese,2.1419504014760986
h100-d512-mix-proportional-zero-c22-seed0-from10pct-20260826-rno2a,proportional_domain_ablation,include_russian,2.0694338258403673
h100-d512-mix-proportional-zero-c22-seed0-from10pct-20260826-rno2a,proportional_domain_ablation,include_spanish,2.0736429245312857
h100-d512-mix-proportional-zero-c22-seed0-from10pct-20260826-rno2a,proportional_domain_ablation,include_turkish,2.077428964069273
h100-d512-mix-proportional-zero-c22-seed0-from10pct-20260826-rno2a,proportional_domain_ablation,include_vietnamese,2.0956399042636935
h100-d512-mix-proportional-zero-c22-seed0-from10pct-20260826-rno2a,proportional_domain_ablation,lambada_0shot,0.867846933067719
h100-d512-mix-proportional-zero-c22-seed0-from10pct-20260826-rno2a,proportional_domain_ablation,lb_bbh_3shot,1.7559460381315257
h100-d512-mix-proportional-zero-c22-seed0-from10pct-20260826-rno2a,proportional_domain_ablation,logprob_gsm8k_5shot,0.8101384062276871
h100-d512-mix-proportional-zero-c22-seed0-from10pct-20260826-rno2a,proportional_domain_ablation,logprob_humaneval_10shot,0.5319703149755923
h100-d512-mix-proportional-zero-c22-seed0-from10pct-20260826-rno2a,proportional_domain_ablation,medmcqa_0shot,2.3960425129266962
h100-d512-mix-proportional-zero-c22-seed0-from10pct-20260826-rno2a,proportional_domain_ablation,medqa_0shot,2.5212191008924356
h100-d512-mix-proportional-zero-c22-seed0-from10pct-20260826-rno2a,proportional_domain_ablation,mmlu_pro_5shot,4.067345175263414
h100-d512-mix-proportional-zero-c22-seed0-from10pct-20260826-rno2a,proportional_domain_ablation,musr_0shot,0.9938970009444845
h100-d512-mix-proportional-zero-c22-seed0-from10pct-20260826-rno2a,proportional_domain_ablation,openbookqa_0shot,1.968792943141895
h100-d512-mix-proportional-zero-c22-seed0-from10pct-20260826-rno2a,proportional_domain_ablation,piqa_0shot,1.2807703672354729
h100-d512-mix-proportional-zero-c22-seed0-from10pct-20260826-rno2a,proportional_domain_ablation,sciq_0shot,1.6192802413402374
h100-d512-mix-proportional-zero-c22-seed0-from10pct-20260826-rno2a,proportional_domain_ablation,truthfulqa_mc1_0shot,0.7710109944761425
h100-d512-mix-proportional-zero-c22-seed0-from10pct-20260826-rno2a,proportional_domain_ablation,winogrande_0shot,0.44903982271803133
h100-d512-mix-proportional-zero-c23-seed0-from10pct-20260826-rno2a,proportional_domain_ablation,arc_challenge_0shot,1.5367483776999669
h100-d512-mix-proportional-zero-c23-seed0-from10pct-20260826-rno2a,proportional_domain_ablation,belebele_arabic,2.2470698618964207
h100-d512-mix-proportional-zero-c23-seed0-from10pct-20260826-rno2a,proportional_domain_ablation,belebele_bengali,2.1997013173739095
h100-d512-mix-proportional-zero-c23-seed0-from10pct-20260826-rno2a,proportional_domain_ablation,belebele_chinese_simplified,2.1751439287980037
h100-d512-mix-proportional-zero-c23-seed0-from10pct-20260826-rno2a,proportional_domain_ablation,belebele_french,2.169776262648969
h100-d512-mix-proportional-zero-c23-seed0-from10pct-20260826-rno2a,proportional_domain_ablation,belebele_german,2.1319719188939428
h100-d512-mix-proportional-zero-c23-seed0-from10pct-20260826-rno2a,proportional_domain_ablation,belebele_hebrew,2.612521373825531
h100-d512-mix-proportional-zero-c23-seed0-from10pct-20260826-rno2a,proportional_domain_ablation,belebele_hindi,2.1391172291568994
h100-d512-mix-proportional-zero-c23-seed0-from10pct-20260826-rno2a,proportional_domain_ablation,belebele_indonesian,2.139905294461263
h100-d512-mix-proportional-zero-c23-seed0-from10pct-20260826-rno2a,proportional_domain_ablation,belebele_japanese,2.1518818696928212
h100-d512-mix-proportional-zero-c23-seed0-from10pct-20260826-rno2a,proportional_domain_ablation,belebele_korean,2.1647221198214517
h100-d512-mix-proportional-zero-c23-seed0-from10pct-20260826-rno2a,proportional_domain_ablation,belebele_mean,2.2855022773907034
h100-d512-mix-proportional-zero-c23-seed0-from10pct-20260826-rno2a,proportional_domain_ablation,belebele_portuguese,2.193886884917878
h100-d512-mix-proportional-zero-c23-seed0-from10pct-20260826-rno2a,proportional_domain_ablation,belebele_russian,2.1502583695203885
h100-d512-mix-proportional-zero-c23-seed0-from10pct-20260826-rno2a,proportional_domain_ablation,belebele_spanish,2.158974099803694
h100-d512-mix-proportional-zero-c23-seed0-from10pct-20260826-rno2a,proportional_domain_ablation,belebele_swahili,2.818492625102849
h100-d512-mix-proportional-zero-c23-seed0-from10pct-20260826-rno2a,proportional_domain_ablation,belebele_thai,2.257004998571583
h100-d512-mix-proportional-zero-c23-seed0-from10pct-20260826-rno2a,proportional_domain_ablation,belebele_turkish,2.4464068213628587
h100-d512-mix-proportional-zero-c23-seed0-from10pct-20260826-rno2a,proportional_domain_ablation,belebele_vietnamese,2.4440325687642708
h100-d512-mix-proportional-zero-c23-seed0-from10pct-20260826-rno2a,proportional_domain_ablation,belebele_yoruba,2.5381734484199323
h100-d512-mix-proportional-zero-c23-seed0-from10pct-20260826-rno2a,proportional_domain_ablation,boolq_0shot,2.1404970652115782
h100-d512-mix-proportional-zero-c23-seed0-from10pct-20260826-rno2a,proportional_domain_ablation,copa_0shot,1.847088884892704
h100-d512-mix-proportional-zero-c23-seed0-from10pct-20260826-rno2a,proportional_domain_ablation,csqa_0shot,3.2335131268385835
h100-d512-mix-proportional-zero-c23-seed0-from10pct-20260826-rno2a,proportional_domain_ablation,gpqa_0shot,3.5826461875562807
h100-d512-mix-proportional-zero-c23-seed0-from10pct-20260826-rno2a,proportional_domain_ablation,hellaswag_0shot,0.9605716940826716
h100-d512-mix-proportional-zero-c23-seed0-from10pct-20260826-rno2a,proportional_domain_ablation,include_arabic,2.084735863495469
h100-d512-mix-proportional-zero-c23-seed0-from10pct-20260826-rno2a,proportional_domain_ablation,include_bengali,2.1240534870804852
h100-d512-mix-proportional-zero-c23-seed0-from10pct-20260826-rno2a,proportional_domain_ablation,include_chinese,2.0664586640627753
h100-d512-mix-proportional-zero-c23-seed0-from10pct-20260826-rno2a,proportional_domain_ablation,include_french,2.067742306229943
h100-d512-mix-proportional-zero-c23-seed0-from10pct-20260826-rno2a,proportional_domain_ablation,include_german,1.9989379223047685
h100-d512-mix-proportional-zero-c23-seed0-from10pct-20260826-rno2a,proportional_domain_ablation,include_hebrew,2.1130931806905866
h100-d512-mix-proportional-zero-c23-seed0-from10pct-20260826-rno2a,proportional_domain_ablation,include_hindi,2.1488421526759915
h100-d512-mix-proportional-zero-c23-seed0-from10pct-20260826-rno2a,proportional_domain_ablation,include_indonesian,2.1188619667622093
h100-d512-mix-proportional-zero-c23-seed0-from10pct-20260826-rno2a,proportional_domain_ablation,include_japanese,2.0960599227162424
h100-d512-mix-proportional-zero-c23-seed0-from10pct-20260826-rno2a,proportional_domain_ablation,include_korean,2.0623020854530565
h100-d512-mix-proportional-zero-c23-seed0-from10pct-20260826-rno2a,proportional_domain_ablation,include_mean,2.0808814753752043
h100-d512-mix-proportional-zero-c23-seed0-from10pct-20260826-rno2a,proportional_domain_ablation,include_portuguese,2.106511225546297
h100-d512-mix-proportional-zero-c23-seed0-from10pct-20260826-rno2a,proportional_domain_ablation,include_russian,2.045285581689455
h100-d512-mix-proportional-zero-c23-seed0-from10pct-20260826-rno2a,proportional_domain_ablation,include_spanish,2.046901287583225
h100-d512-mix-proportional-zero-c23-seed0-from10pct-20260826-rno2a,proportional_domain_ablation,include_turkish,2.043199663643823
h100-d512-mix-proportional-zero-c23-seed0-from10pct-20260826-rno2a,proportional_domain_ablation,include_vietnamese,2.0902368206937343
h100-d512-mix-proportional-zero-c23-seed0-from10pct-20260826-rno2a,proportional_domain_ablation,lambada_0shot,0.8714229461773948
h100-d512-mix-proportional-zero-c23-seed0-from10pct-20260826-rno2a,proportional_domain_ablation,lb_bbh_3shot,1.644135779139415
h100-d512-mix-proportional-zero-c23-seed0-from10pct-20260826-rno2a,proportional_domain_ablation,logprob_gsm8k_5shot,0.8054417596917021
h100-d512-mix-proportional-zero-c23-seed0-from10pct-20260826-rno2a,proportional_domain_ablation,logprob_humaneval_10shot,0.5477134187718001
h100-d512-mix-proportional-zero-c23-seed0-from10pct-20260826-rno2a,proportional_domain_ablation,medmcqa_0shot,3.3695695554374954
h100-d512-mix-proportional-zero-c23-seed0-from10pct-20260826-rno2a,proportional_domain_ablation,medqa_0shot,3.810314678978985
h100-d512-mix-proportional-zero-c23-seed0-from10pct-20260826-rno2a,proportional_domain_ablation,mmlu_pro_5shot,4.2864258369889
h100-d512-mix-proportional-zero-c23-seed0-from10pct-20260826-rno2a,proportional_domain_ablation,musr_0shot,0.9583801385855854
h100-d512-mix-proportional-zero-c23-seed0-from10pct-20260826-rno2a,proportional_domain_ablation,openbookqa_0shot,1.958807723974569
h100-d512-mix-proportional-zero-c23-seed0-from10pct-20260826-rno2a,proportional_domain_ablation,piqa_0shot,1.2878940015287372
h100-d512-mix-proportional-zero-c23-seed0-from10pct-20260826-rno2a,proportional_domain_ablation,sciq_0shot,1.5798873341792672
h100-d512-mix-proportional-zero-c23-seed0-from10pct-20260826-rno2a,proportional_domain_ablation,truthfulqa_mc1_0shot,0.7659541066209912
h100-d512-mix-proportional-zero-c23-seed0-from10pct-20260826-rno2a,proportional_domain_ablation,winogrande_0shot,0.4468421215868616
h100-d512-mix-proportional-zero-c24-seed0-from10pct-20260826-rno2a,proportional_domain_ablation,arc_challenge_0shot,1.5173493755661067
h100-d512-mix-proportional-zero-c24-seed0-from10pct-20260826-rno2a,proportional_domain_ablation,belebele_arabic,2.7092262502389084
h100-d512-mix-proportional-zero-c24-seed0-from10pct-20260826-rno2a,proportional_domain_ablation,belebele_bengali,2.484238103429311
h100-d512-mix-proportional-zero-c24-seed0-from10pct-20260826-rno2a,proportional_domain_ablation,belebele_chinese_simplified,2.2887201404507826
h100-d512-mix-proportional-zero-c24-seed0-from10pct-20260826-rno2a,proportional_domain_ablation,belebele_french,2.295562681085196
h100-d512-mix-proportional-zero-c24-seed0-from10pct-20260826-rno2a,proportional_domain_ablation,belebele_german,2.2901303332166303
h100-d512-mix-proportional-zero-c24-seed0-from10pct-20260826-rno2a,proportional_domain_ablation,belebele_hebrew,3.6934935487609337
h100-d512-mix-proportional-zero-c24-seed0-from10pct-20260826-rno2a,proportional_domain_ablation,belebele_hindi,2.6993821102531466
h100-d512-mix-proportional-zero-c24-seed0-from10pct-20260826-rno2a,proportional_domain_ablation,belebele_indonesian,2.2596023181144567
h100-d512-mix-proportional-zero-c24-seed0-from10pct-20260826-rno2a,proportional_domain_ablation,belebele_japanese,2.145406626959737
h100-d512-mix-proportional-zero-c24-seed0-from10pct-20260826-rno2a,proportional_domain_ablation,belebele_korean,2.137724148951449
h100-d512-mix-proportional-zero-c24-seed0-from10pct-20260826-rno2a,proportional_domain_ablation,belebele_mean,2.5654591879440805
h100-d512-mix-proportional-zero-c24-seed0-from10pct-20260826-rno2a,proportional_domain_ablation,belebele_portuguese,2.1323809749472686
h100-d512-mix-proportional-zero-c24-seed0-from10pct-20260826-rno2a,proportional_domain_ablation,belebele_russian,2.15228598420686
h100-d512-mix-proportional-zero-c24-seed0-from10pct-20260826-rno2a,proportional_domain_ablation,belebele_spanish,2.1977399175367562
h100-d512-mix-proportional-zero-c24-seed0-from10pct-20260826-rno2a,proportional_domain_ablation,belebele_swahili,3.32470733823372
h100-d512-mix-proportional-zero-c24-seed0-from10pct-20260826-rno2a,proportional_domain_ablation,belebele_thai,2.512017184911915
h100-d512-mix-proportional-zero-c24-seed0-from10pct-20260826-rno2a,proportional_domain_ablation,belebele_turkish,2.9703593639991324
h100-d512-mix-proportional-zero-c24-seed0-from10pct-20260826-rno2a,proportional_domain_ablation,belebele_vietnamese,2.4530472884019026
h100-d512-mix-proportional-zero-c24-seed0-from10pct-20260826-rno2a,proportional_domain_ablation,belebele_yoruba,3.432241069295337
h100-d512-mix-proportional-zero-c24-seed0-from10pct-20260826-rno2a,proportional_domain_ablation,boolq_0shot,2.7759430725628014
h100-d512-mix-proportional-zero-c24-seed0-from10pct-20260826-rno2a,proportional_domain_ablation,copa_0shot,1.79939592748646
h100-d512-mix-proportional-zero-c24-seed0-from10pct-20260826-rno2a,proportional_domain_ablation,csqa_0shot,3.2888604369103063
h100-d512-mix-proportional-zero-c24-seed0-from10pct-20260826-rno2a,proportional_domain_ablation,gpqa_0shot,2.6684845426853365
h100-d512-mix-proportional-zero-c24-seed0-from10pct-20260826-rno2a,proportional_domain_ablation,hellaswag_0shot,0.9622805119877412
h100-d512-mix-proportional-zero-c24-seed0-from10pct-20260826-rno2a,proportional_domain_ablation,include_arabic,2.060626647566917
h100-d512-mix-proportional-zero-c24-seed0-from10pct-20260826-rno2a,proportional_domain_ablation,include_bengali,2.032603343651756
h100-d512-mix-proportional-zero-c24-seed0-from10pct-20260826-rno2a,proportional_domain_ablation,include_chinese,2.0530770021478713
h100-d512-mix-proportional-zero-c24-seed0-from10pct-20260826-rno2a,proportional_domain_ablation,include_french,2.023763723876111
h100-d512-mix-proportional-zero-c24-seed0-from10pct-20260826-rno2a,proportional_domain_ablation,include_german,2.0062257434315596
h100-d512-mix-proportional-zero-c24-seed0-from10pct-20260826-rno2a,proportional_domain_ablation,include_hebrew,2.0241668856435777
h100-d512-mix-proportional-zero-c24-seed0-from10pct-20260826-rno2a,proportional_domain_ablation,include_hindi,2.06988942835793
h100-d512-mix-proportional-zero-c24-seed0-from10pct-20260826-rno2a,proportional_domain_ablation,include_indonesian,2.05161413817108
h100-d512-mix-proportional-zero-c24-seed0-from10pct-20260826-rno2a,proportional_domain_ablation,include_japanese,2.05977542175547
h100-d512-mix-proportional-zero-c24-seed0-from10pct-20260826-rno2a,proportional_domain_ablation,include_korean,2.049741362644256
h100-d512-mix-proportional-zero-c24-seed0-from10pct-20260826-rno2a,proportional_domain_ablation,include_mean,2.049771210739832
h100-d512-mix-proportional-zero-c24-seed0-from10pct-20260826-rno2a,proportional_domain_ablation,include_portuguese,2.0933770105370004
h100-d512-mix-proportional-zero-c24-seed0-from10pct-20260826-rno2a,proportional_domain_ablation,include_russian,2.0513200391528676
h100-d512-mix-proportional-zero-c24-seed0-from10pct-20260826-rno2a,proportional_domain_ablation,include_spanish,2.0448725145675417
h100-d512-mix-proportional-zero-c24-seed0-from10pct-20260826-rno2a,proportional_domain_ablation,include_turkish,2.0459650434572794
h100-d512-mix-proportional-zero-c24-seed0-from10pct-20260826-rno2a,proportional_domain_ablation,include_vietnamese,2.0795498561362598
h100-d512-mix-proportional-zero-c24-seed0-from10pct-20260826-rno2a,proportional_domain_ablation,lambada_0shot,0.878619889849299
h100-d512-mix-proportional-zero-c24-seed0-from10pct-20260826-rno2a,proportional_domain_ablation,lb_bbh_3shot,1.731970200269943
h100-d512-mix-proportional-zero-c24-seed0-from10pct-20260826-rno2a,proportional_domain_ablation,logprob_gsm8k_5shot,0.8000937890228748
h100-d512-mix-proportional-zero-c24-seed0-from10pct-20260826-rno2a,proportional_domain_ablation,logprob_humaneval_10shot,0.552883622393067
h100-d512-mix-proportional-zero-c24-seed0-from10pct-20260826-rno2a,proportional_domain_ablation,medmcqa_0shot,3.0396137614972925
h100-d512-mix-proportional-zero-c24-seed0-from10pct-20260826-rno2a,proportional_domain_ablation,medqa_0shot,2.4858928919534327
h100-d512-mix-proportional-zero-c24-seed0-from10pct-20260826-rno2a,proportional_domain_ablation,mmlu_pro_5shot,4.341222936178033
h100-d512-mix-proportional-zero-c24-seed0-from10pct-20260826-rno2a,proportional_domain_ablation,musr_0shot,0.9895295684090424
h100-d512-mix-proportional-zero-c24-seed0-from10pct-20260826-rno2a,proportional_domain_ablation,openbookqa_0shot,1.9693889771075792
h100-d512-mix-proportional-zero-c24-seed0-from10pct-20260826-rno2a,proportional_domain_ablation,piqa_0shot,1.2835324664127425
h100-d512-mix-proportional-zero-c24-seed0-from10pct-20260826-rno2a,proportional_domain_ablation,sciq_0shot,1.5742756623732166
h100-d512-mix-proportional-zero-c24-seed0-from10pct-20260826-rno2a,proportional_domain_ablation,truthfulqa_mc1_0shot,0.7626719934375241
h100-d512-mix-proportional-zero-c24-seed0-from10pct-20260826-rno2a,proportional_domain_ablation,winogrande_0shot,0.44861710906302976
h100-d512-mix-proportional-zero-c25-seed0-from10pct-20260826-rno2a,proportional_domain_ablation,arc_challenge_0shot,1.5310542945180192
h100-d512-mix-proportional-zero-c25-seed0-from10pct-20260826-rno2a,proportional_domain_ablation,belebele_arabic,2.3749734182949234
h100-d512-mix-proportional-zero-c25-seed0-from10pct-20260826-rno2a,proportional_domain_ablation,belebele_bengali,2.296707912601832
h100-d512-mix-proportional-zero-c25-seed0-from10pct-20260826-rno2a,proportional_domain_ablation,belebele_chinese_simplified,2.3177012522491993
h100-d512-mix-proportional-zero-c25-seed0-from10pct-20260826-rno2a,proportional_domain_ablation,belebele_french,2.322025315060739
h100-d512-mix-proportional-zero-c25-seed0-from10pct-20260826-rno2a,proportional_domain_ablation,belebele_german,2.3347565262778023
h100-d512-mix-proportional-zero-c25-seed0-from10pct-20260826-rno2a,proportional_domain_ablation,belebele_hebrew,2.2764427710025172
h100-d512-mix-proportional-zero-c25-seed0-from10pct-20260826-rno2a,proportional_domain_ablation,belebele_hindi,2.633184169697246
h100-d512-mix-proportional-zero-c25-seed0-from10pct-20260826-rno2a,proportional_domain_ablation,belebele_indonesian,2.1589020389774354
h100-d512-mix-proportional-zero-c25-seed0-from10pct-20260826-rno2a,proportional_domain_ablation,belebele_japanese,2.2978487882756506
h100-d512-mix-proportional-zero-c25-seed0-from10pct-20260826-rno2a,proportional_domain_ablation,belebele_korean,2.21622503994174
h100-d512-mix-proportional-zero-c25-seed0-from10pct-20260826-rno2a,proportional_domain_ablation,belebele_mean,2.47417043047405
h100-d512-mix-proportional-zero-c25-seed0-from10pct-20260826-rno2a,proportional_domain_ablation,belebele_portuguese,2.199646545008081
h100-d512-mix-proportional-zero-c25-seed0-from10pct-20260826-rno2a,proportional_domain_ablation,belebele_russian,2.3924027345245107
h100-d512-mix-proportional-zero-c25-seed0-from10pct-20260826-rno2a,proportional_domain_ablation,belebele_spanish,2.21143418439897
h100-d512-mix-proportional-zero-c25-seed0-from10pct-20260826-rno2a,proportional_domain_ablation,belebele_swahili,3.08073099702544
h100-d512-mix-proportional-zero-c25-seed0-from10pct-20260826-rno2a,proportional_domain_ablation,belebele_thai,2.2084493936764553
h100-d512-mix-proportional-zero-c25-seed0-from10pct-20260826-rno2a,proportional_domain_ablation,belebele_turkish,2.704113797075806
h100-d512-mix-proportional-zero-c25-seed0-from10pct-20260826-rno2a,proportional_domain_ablation,belebele_vietnamese,2.488844225718577
h100-d512-mix-proportional-zero-c25-seed0-from10pct-20260826-rno2a,proportional_domain_ablation,belebele_yoruba,4.020678638725979
h100-d512-mix-proportional-zero-c25-seed0-from10pct-20260826-rno2a,proportional_domain_ablation,boolq_0shot,2.4627233042806576
h100-d512-mix-proportional-zero-c25-seed0-from10pct-20260826-rno2a,proportional_domain_ablation,copa_0shot,1.8765549441820424
h100-d512-mix-proportional-zero-c25-seed0-from10pct-20260826-rno2a,proportional_domain_ablation,csqa_0shot,2.9602853041245623
h100-d512-mix-proportional-zero-c25-seed0-from10pct-20260826-rno2a,proportional_domain_ablation,gpqa_0shot,3.5063020264510425
h100-d512-mix-proportional-zero-c25-seed0-from10pct-20260826-rno2a,proportional_domain_ablation,hellaswag_0shot,0.967507253755074
h100-d512-mix-proportional-zero-c25-seed0-from10pct-20260826-rno2a,proportional_domain_ablation,include_arabic,2.0785762755679165
h100-d512-mix-proportional-zero-c25-seed0-from10pct-20260826-rno2a,proportional_domain_ablation,include_bengali,2.077144769329299
h100-d512-mix-proportional-zero-c25-seed0-from10pct-20260826-rno2a,proportional_domain_ablation,include_chinese,2.033487488075043
h100-d512-mix-proportional-zero-c25-seed0-from10pct-20260826-rno2a,proportional_domain_ablation,include_french,2.0237998071907786
h100-d512-mix-proportional-zero-c25-seed0-from10pct-20260826-rno2a,proportional_domain_ablation,include_german,1.9954337671324422
h100-d512-mix-proportional-zero-c25-seed0-from10pct-20260826-rno2a,proportional_domain_ablation,include_hebrew,2.074173146105808
h100-d512-mix-proportional-zero-c25-seed0-from10pct-20260826-rno2a,proportional_domain_ablation,include_hindi,2.0776201483396095
h100-d512-mix-proportional-zero-c25-seed0-from10pct-20260826-rno2a,proportional_domain_ablation,include_indonesian,2.0768382861992554
h100-d512-mix-proportional-zero-c25-seed0-from10pct-20260826-rno2a,proportional_domain_ablation,include_japanese,2.069679394222838
h100-d512-mix-proportional-zero-c25-seed0-from10pct-20260826-rno2a,proportional_domain_ablation,include_korean,2.0466532086287477
h100-d512-mix-proportional-zero-c25-seed0-from10pct-20260826-rno2a,proportional_domain_ablation,include_mean,2.054475339185792
h100-d512-mix-proportional-zero-c25-seed0-from10pct-20260826-rno2a,proportional_domain_ablation,include_portuguese,2.080164927495338
h100-d512-mix-proportional-zero-c25-seed0-from10pct-20260826-rno2a,proportional_domain_ablation,include_russian,2.0433994287963317
h100-d512-mix-proportional-zero-c25-seed0-from10pct-20260826-rno2a,proportional_domain_ablation,include_spanish,2.0493458402271076
h100-d512-mix-proportional-zero-c25-seed0-from10pct-20260826-rno2a,proportional_domain_ablation,include_turkish,2.02915578869075
h100-d512-mix-proportional-zero-c25-seed0-from10pct-20260826-rno2a,proportional_domain_ablation,include_vietnamese,2.0616578117856137
h100-d512-mix-proportional-zero-c25-seed0-from10pct-20260826-rno2a,proportional_domain_ablation,lambada_0shot,0.9411749962688758
h100-d512-mix-proportional-zero-c25-seed0-from10pct-20260826-rno2a,proportional_domain_ablation,lb_bbh_3shot,1.6816368945472
h100-d512-mix-proportional-zero-c25-seed0-from10pct-20260826-rno2a,proportional_domain_ablation,logprob_gsm8k_5shot,0.7951452688619559
h100-d512-mix-proportional-zero-c25-seed0-from10pct-20260826-rno2a,proportional_domain_ablation,logprob_humaneval_10shot,0.5480208798600366
h100-d512-mix-proportional-zero-c25-seed0-from10pct-20260826-rno2a,proportional_domain_ablation,medmcqa_0shot,3.3895588009584543
h100-d512-mix-proportional-zero-c25-seed0-from10pct-20260826-rno2a,proportional_domain_ablation,medqa_0shot,2.658856639869431
h100-d512-mix-proportional-zero-c25-seed0-from10pct-20260826-rno2a,proportional_domain_ablation,mmlu_pro_5shot,4.644147757838817
h100-d512-mix-proportional-zero-c25-seed0-from10pct-20260826-rno2a,proportional_domain_ablation,musr_0shot,0.8559272998916359
h100-d512-mix-proportional-zero-c25-seed0-from10pct-20260826-rno2a,proportional_domain_ablation,openbookqa_0shot,1.980754272469226
h100-d512-mix-proportional-zero-c25-seed0-from10pct-20260826-rno2a,proportional_domain_ablation,piqa_0shot,1.2860603504543457
h100-d512-mix-proportional-zero-c25-seed0-from10pct-20260826-rno2a,proportional_domain_ablation,sciq_0shot,1.651249127721127
h100-d512-mix-proportional-zero-c25-seed0-from10pct-20260826-rno2a,proportional_domain_ablation,truthfulqa_mc1_0shot,0.7742818337731983
h100-d512-mix-proportional-zero-c25-seed0-from10pct-20260826-rno2a,proportional_domain_ablation,winogrande_0shot,0.45175825928076757
h100-d512-mix-proportional-zero-c26-seed0-from10pct-20260826-rno2a,proportional_domain_ablation,arc_challenge_0shot,1.5260277999682905
h100-d512-mix-proportional-zero-c26-seed0-from10pct-20260826-rno2a,proportional_domain_ablation,belebele_arabic,2.480322629738206
h100-d512-mix-proportional-zero-c26-seed0-from10pct-20260826-rno2a,proportional_domain_ablation,belebele_bengali,2.266714011406379
h100-d512-mix-proportional-zero-c26-seed0-from10pct-20260826-rno2a,proportional_domain_ablation,belebele_chinese_simplified,2.1688208927173953
h100-d512-mix-proportional-zero-c26-seed0-from10pct-20260826-rno2a,proportional_domain_ablation,belebele_french,2.1404217747956977
h100-d512-mix-proportional-zero-c26-seed0-from10pct-20260826-rno2a,proportional_domain_ablation,belebele_german,2.301355039950174
h100-d512-mix-proportional-zero-c26-seed0-from10pct-20260826-rno2a,proportional_domain_ablation,belebele_hebrew,2.6529175941591756
h100-d512-mix-proportional-zero-c26-seed0-from10pct-20260826-rno2a,proportional_domain_ablation,belebele_hindi,2.2944799657398796
h100-d512-mix-proportional-zero-c26-seed0-from10pct-20260826-rno2a,proportional_domain_ablation,belebele_indonesian,2.0886841838705803
h100-d512-mix-proportional-zero-c26-seed0-from10pct-20260826-rno2a,proportional_domain_ablation,belebele_japanese,2.2847324337596753
h100-d512-mix-proportional-zero-c26-seed0-from10pct-20260826-rno2a,proportional_domain_ablation,belebele_korean,2.109184438938962
h100-d512-mix-proportional-zero-c26-seed0-from10pct-20260826-rno2a,proportional_domain_ablation,belebele_mean,2.2783522094771893
h100-d512-mix-proportional-zero-c26-seed0-from10pct-20260826-rno2a,proportional_domain_ablation,belebele_portuguese,2.0939831264211533
h100-d512-mix-proportional-zero-c26-seed0-from10pct-20260826-rno2a,proportional_domain_ablation,belebele_russian,2.115880453603404
h100-d512-mix-proportional-zero-c26-seed0-from10pct-20260826-rno2a,proportional_domain_ablation,belebele_spanish,2.104245156349106
h100-d512-mix-proportional-zero-c26-seed0-from10pct-20260826-rno2a,proportional_domain_ablation,belebele_swahili,2.3441873117905216
h100-d512-mix-proportional-zero-c26-seed0-from10pct-20260826-rno2a,proportional_domain_ablation,belebele_thai,2.190022519884399
h100-d512-mix-proportional-zero-c26-seed0-from10pct-20260826-rno2a,proportional_domain_ablation,belebele_turkish,2.1602965529449194
h100-d512-mix-proportional-zero-c26-seed0-from10pct-20260826-rno2a,proportional_domain_ablation,belebele_vietnamese,2.243805933108144
h100-d512-mix-proportional-zero-c26-seed0-from10pct-20260826-rno2a,proportional_domain_ablation,belebele_yoruba,2.970285751411629
h100-d512-mix-proportional-zero-c26-seed0-from10pct-20260826-rno2a,proportional_domain_ablation,boolq_0shot,2.600007343002104
h100-d512-mix-proportional-zero-c26-seed0-from10pct-20260826-rno2a,proportional_domain_ablation,copa_0shot,1.753822399363317
h100-d512-mix-proportional-zero-c26-seed0-from10pct-20260826-rno2a,proportional_domain_ablation,csqa_0shot,3.7146517306068882
h100-d512-mix-proportional-zero-c26-seed0-from10pct-20260826-rno2a,proportional_domain_ablation,gpqa_0shot,2.9686817620656023
h100-d512-mix-proportional-zero-c26-seed0-from10pct-20260826-rno2a,proportional_domain_ablation,hellaswag_0shot,0.9545623027492214
h100-d512-mix-proportional-zero-c26-seed0-from10pct-20260826-rno2a,proportional_domain_ablation,include_arabic,2.0436147953171253
h100-d512-mix-proportional-zero-c26-seed0-from10pct-20260826-rno2a,proportional_domain_ablation,include_bengali,2.0820532593203036
h100-d512-mix-proportional-zero-c26-seed0-from10pct-20260826-rno2a,proportional_domain_ablation,include_chinese,2.056309447469505
h100-d512-mix-proportional-zero-c26-seed0-from10pct-20260826-rno2a,proportional_domain_ablation,include_french,2.0679892817310077
h100-d512-mix-proportional-zero-c26-seed0-from10pct-20260826-rno2a,proportional_domain_ablation,include_german,1.985978910782872
h100-d512-mix-proportional-zero-c26-seed0-from10pct-20260826-rno2a,proportional_domain_ablation,include_hebrew,2.1190484122159225
h100-d512-mix-proportional-zero-c26-seed0-from10pct-20260826-rno2a,proportional_domain_ablation,include_hindi,2.1237707427067254
h100-d512-mix-proportional-zero-c26-seed0-from10pct-20260826-rno2a,proportional_domain_ablation,include_indonesian,2.043461831407929
h100-d512-mix-proportional-zero-c26-seed0-from10pct-20260826-rno2a,proportional_domain_ablation,include_japanese,2.084151424655517
h100-d512-mix-proportional-zero-c26-seed0-from10pct-20260826-rno2a,proportional_domain_ablation,include_korean,2.0862828948349095
h100-d512-mix-proportional-zero-c26-seed0-from10pct-20260826-rno2a,proportional_domain_ablation,include_mean,2.0644138364059157
h100-d512-mix-proportional-zero-c26-seed0-from10pct-20260826-rno2a,proportional_domain_ablation,include_portuguese,2.1051903202874227
h100-d512-mix-proportional-zero-c26-seed0-from10pct-20260826-rno2a,proportional_domain_ablation,include_russian,2.0438494189098124
h100-d512-mix-proportional-zero-c26-seed0-from10pct-20260826-rno2a,proportional_domain_ablation,include_spanish,2.053151764226862
h100-d512-mix-proportional-zero-c26-seed0-from10pct-20260826-rno2a,proportional_domain_ablation,include_turkish,2.0443439852041587
h100-d512-mix-proportional-zero-c26-seed0-from10pct-20260826-rno2a,proportional_domain_ablation,include_vietnamese,2.027011057018659
h100-d512-mix-proportional-zero-c26-seed0-from10pct-20260826-rno2a,proportional_domain_ablation,lambada_0shot,0.8558881500776864
h100-d512-mix-proportional-zero-c26-seed0-from10pct-20260826-rno2a,proportional_domain_ablation,lb_bbh_3shot,1.6172271949963901
h100-d512-mix-proportional-zero-c26-seed0-from10pct-20260826-rno2a,proportional_domain_ablation,logprob_gsm8k_5shot,0.789761461385667
h100-d512-mix-proportional-zero-c26-seed0-from10pct-20260826-rno2a,proportional_domain_ablation,logprob_humaneval_10shot,0.5477418820409626
h100-d512-mix-proportional-zero-c26-seed0-from10pct-20260826-rno2a,proportional_domain_ablation,medmcqa_0shot,2.929839492358966
h100-d512-mix-proportional-zero-c26-seed0-from10pct-20260826-rno2a,proportional_domain_ablation,medqa_0shot,4.326961920118588
h100-d512-mix-proportional-zero-c26-seed0-from10pct-20260826-rno2a,proportional_domain_ablation,mmlu_pro_5shot,4.1095267820504855
h100-d512-mix-proportional-zero-c26-seed0-from10pct-20260826-rno2a,proportional_domain_ablation,musr_0shot,0.808281346152583
h100-d512-mix-proportional-zero-c26-seed0-from10pct-20260826-rno2a,proportional_domain_ablation,openbookqa_0shot,1.9757078165834823
h100-d512-mix-proportional-zero-c26-seed0-from10pct-20260826-rno2a,proportional_domain_ablation,piqa_0shot,1.2813846501553963
h100-d512-mix-proportional-zero-c26-seed0-from10pct-20260826-rno2a,proportional_domain_ablation,sciq_0shot,1.5807024801355694
h100-d512-mix-proportional-zero-c26-seed0-from10pct-20260826-rno2a,proportional_domain_ablation,truthfulqa_mc1_0shot,0.7368341549845279
h100-d512-mix-proportional-zero-c26-seed0-from10pct-20260826-rno2a,proportional_domain_ablation,winogrande_0shot,0.44583120475325505
h100-d512-mix-proportional-zero-c27-seed0-from10pct-20260826-rno2a,proportional_domain_ablation,arc_challenge_0shot,1.5721440572197354
h100-d512-mix-proportional-zero-c27-seed0-from10pct-20260826-rno2a,proportional_domain_ablation,belebele_arabic,4.158917410263044
h100-d512-mix-proportional-zero-c27-seed0-from10pct-20260826-rno2a,proportional_domain_ablation,belebele_bengali,2.9903978531025315
h100-d512-mix-proportional-zero-c27-seed0-from10pct-20260826-rno2a,proportional_domain_ablation,belebele_chinese_simplified,2.5623419884262524
h100-d512-mix-proportional-zero-c27-seed0-from10pct-20260826-rno2a,proportional_domain_ablation,belebele_french,2.4351498149498454
h100-d512-mix-proportional-zero-c27-seed0-from10pct-20260826-rno2a,proportional_domain_ablation,belebele_german,3.0070665422354215
h100-d512-mix-proportional-zero-c27-seed0-from10pct-20260826-rno2a,proportional_domain_ablation,belebele_hebrew,5.112781533022782
h100-d512-mix-proportional-zero-c27-seed0-from10pct-20260826-rno2a,proportional_domain_ablation,belebele_hindi,2.8329794321624493
h100-d512-mix-proportional-zero-c27-seed0-from10pct-20260826-rno2a,proportional_domain_ablation,belebele_indonesian,2.4643779034850386
h100-d512-mix-proportional-zero-c27-seed0-from10pct-20260826-rno2a,proportional_domain_ablation,belebele_japanese,2.430280915686575
h100-d512-mix-proportional-zero-c27-seed0-from10pct-20260826-rno2a,proportional_domain_ablation,belebele_korean,2.1797111513824725
h100-d512-mix-proportional-zero-c27-seed0-from10pct-20260826-rno2a,proportional_domain_ablation,belebele_mean,3.029405144875982
h100-d512-mix-proportional-zero-c27-seed0-from10pct-20260826-rno2a,proportional_domain_ablation,belebele_portuguese,2.2453325315668655
h100-d512-mix-proportional-zero-c27-seed0-from10pct-20260826-rno2a,proportional_domain_ablation,belebele_russian,2.620971852113393
h100-d512-mix-proportional-zero-c27-seed0-from10pct-20260826-rno2a,proportional_domain_ablation,belebele_spanish,2.2305166044613225
h100-d512-mix-proportional-zero-c27-seed0-from10pct-20260826-rno2a,proportional_domain_ablation,belebele_swahili,4.500657001187808
h100-d512-mix-proportional-zero-c27-seed0-from10pct-20260826-rno2a,proportional_domain_ablation,belebele_thai,3.3742276955739388
h100-d512-mix-proportional-zero-c27-seed0-from10pct-20260826-rno2a,proportional_domain_ablation,belebele_turkish,2.8067106446099945
h100-d512-mix-proportional-zero-c27-seed0-from10pct-20260826-rno2a,proportional_domain_ablation,belebele_vietnamese,3.218082208905975
h100-d512-mix-proportional-zero-c27-seed0-from10pct-20260826-rno2a,proportional_domain_ablation,belebele_yoruba,3.358789524631972
h100-d512-mix-proportional-zero-c27-seed0-from10pct-20260826-rno2a,proportional_domain_ablation,boolq_0shot,2.558967023746616
h100-d512-mix-proportional-zero-c27-seed0-from10pct-20260826-rno2a,proportional_domain_ablation,copa_0shot,1.8141371613705737
h100-d512-mix-proportional-zero-c27-seed0-from10pct-20260826-rno2a,proportional_domain_ablation,csqa_0shot,2.798684899252813
h100-d512-mix-proportional-zero-c27-seed0-from10pct-20260826-rno2a,proportional_domain_ablation,gpqa_0shot,2.995757896777843
h100-d512-mix-proportional-zero-c27-seed0-from10pct-20260826-rno2a,proportional_domain_ablation,hellaswag_0shot,0.9602440384096974
h100-d512-mix-proportional-zero-c27-seed0-from10pct-20260826-rno2a,proportional_domain_ablation,include_arabic,2.06445435077207
h100-d512-mix-proportional-zero-c27-seed0-from10pct-20260826-rno2a,proportional_domain_ablation,include_bengali,2.152616413282079
h100-d512-mix-proportional-zero-c27-seed0-from10pct-20260826-rno2a,proportional_domain_ablation,include_chinese,2.088563024110908
h100-d512-mix-proportional-zero-c27-seed0-from10pct-20260826-rno2a,proportional_domain_ablation,include_french,2.0733661504060317
h100-d512-mix-proportional-zero-c27-seed0-from10pct-20260826-rno2a,proportional_domain_ablation,include_german,2.0089181720425877
h100-d512-mix-proportional-zero-c27-seed0-from10pct-20260826-rno2a,proportional_domain_ablation,include_hebrew,2.061688995679869
h100-d512-mix-proportional-zero-c27-seed0-from10pct-20260826-rno2a,proportional_domain_ablation,include_hindi,2.1855613786620403
h100-d512-mix-proportional-zero-c27-seed0-from10pct-20260826-rno2a,proportional_domain_ablation,include_indonesian,2.125469362597184
h100-d512-mix-proportional-zero-c27-seed0-from10pct-20260826-rno2a,proportional_domain_ablation,include_japanese,2.1039064279408417
h100-d512-mix-proportional-zero-c27-seed0-from10pct-20260826-rno2a,proportional_domain_ablation,include_korean,2.0736709478534614
h100-d512-mix-proportional-zero-c27-seed0-from10pct-20260826-rno2a,proportional_domain_ablation,include_mean,2.088185990609221
h100-d512-mix-proportional-zero-c27-seed0-from10pct-20260826-rno2a,proportional_domain_ablation,include_portuguese,2.1017383628634883
h100-d512-mix-proportional-zero-c27-seed0-from10pct-20260826-rno2a,proportional_domain_ablation,include_russian,2.0557901117351
h100-d512-mix-proportional-zero-c27-seed0-from10pct-20260826-rno2a,proportional_domain_ablation,include_spanish,2.061934925398427
h100-d512-mix-proportional-zero-c27-seed0-from10pct-20260826-rno2a,proportional_domain_ablation,include_turkish,2.071646441613227
h100-d512-mix-proportional-zero-c27-seed0-from10pct-20260826-rno2a,proportional_domain_ablation,include_vietnamese,2.093464794181003
h100-d512-mix-proportional-zero-c27-seed0-from10pct-20260826-rno2a,proportional_domain_ablation,lambada_0shot,0.8729280674788197
h100-d512-mix-proportional-zero-c27-seed0-from10pct-20260826-rno2a,proportional_domain_ablation,lb_bbh_3shot,1.6570556029707857
h100-d512-mix-proportional-zero-c27-seed0-from10pct-20260826-rno2a,proportional_domain_ablation,logprob_gsm8k_5shot,0.8037544688001053
h100-d512-mix-proportional-zero-c27-seed0-from10pct-20260826-rno2a,proportional_domain_ablation,logprob_humaneval_10shot,0.5443949643748817
h100-d512-mix-proportional-zero-c27-seed0-from10pct-20260826-rno2a,proportional_domain_ablation,medmcqa_0shot,2.720216419377997
h100-d512-mix-proportional-zero-c27-seed0-from10pct-20260826-rno2a,proportional_domain_ablation,medqa_0shot,2.4255748654290237
h100-d512-mix-proportional-zero-c27-seed0-from10pct-20260826-rno2a,proportional_domain_ablation,mmlu_pro_5shot,4.303142700444307
h100-d512-mix-proportional-zero-c27-seed0-from10pct-20260826-rno2a,proportional_domain_ablation,musr_0shot,0.7507775186896375
h100-d512-mix-proportional-zero-c27-seed0-from10pct-20260826-rno2a,proportional_domain_ablation,openbookqa_0shot,1.9569620135761894
h100-d512-mix-proportional-zero-c27-seed0-from10pct-20260826-rno2a,proportional_domain_ablation,piqa_0shot,1.2851439163762433
h100-d512-mix-proportional-zero-c27-seed0-from10pct-20260826-rno2a,proportional_domain_ablation,sciq_0shot,1.6917682978586472
h100-d512-mix-proportional-zero-c27-seed0-from10pct-20260826-rno2a,proportional_domain_ablation,truthfulqa_mc1_0shot,0.7654340703417171
h100-d512-mix-proportional-zero-c27-seed0-from10pct-20260826-rno2a,proportional_domain_ablation,winogrande_0shot,0.4493832336365733
h100-d512-mix-proportional-zero-c29-seed0-from10pct-20260826-rno2a,proportional_domain_ablation,arc_challenge_0shot,1.526844034418617
h100-d512-mix-proportional-zero-c29-seed0-from10pct-20260826-rno2a,proportional_domain_ablation,belebele_arabic,2.3318643587228327
h100-d512-mix-proportional-zero-c29-seed0-from10pct-20260826-rno2a,proportional_domain_ablation,belebele_bengali,3.0238329729306317
h100-d512-mix-proportional-zero-c29-seed0-from10pct-20260826-rno2a,proportional_domain_ablation,belebele_chinese_simplified,2.117635062074436
h100-d512-mix-proportional-zero-c29-seed0-from10pct-20260826-rno2a,proportional_domain_ablation,belebele_french,2.153161086873352
h100-d512-mix-proportional-zero-c29-seed0-from10pct-20260826-rno2a,proportional_domain_ablation,belebele_german,2.1100745676341144
h100-d512-mix-proportional-zero-c29-seed0-from10pct-20260826-rno2a,proportional_domain_ablation,belebele_hebrew,3.834912995438011
h100-d512-mix-proportional-zero-c29-seed0-from10pct-20260826-rno2a,proportional_domain_ablation,belebele_hindi,2.490671048940337
h100-d512-mix-proportional-zero-c29-seed0-from10pct-20260826-rno2a,proportional_domain_ablation,belebele_indonesian,2.1030125918512708
h100-d512-mix-proportional-zero-c29-seed0-from10pct-20260826-rno2a,proportional_domain_ablation,belebele_japanese,2.111551958798955
h100-d512-mix-proportional-zero-c29-seed0-from10pct-20260826-rno2a,proportional_domain_ablation,belebele_korean,2.113394003536323
h100-d512-mix-proportional-zero-c29-seed0-from10pct-20260826-rno2a,proportional_domain_ablation,belebele_mean,2.4105590722444146
h100-d512-mix-proportional-zero-c29-seed0-from10pct-20260826-rno2a,proportional_domain_ablation,belebele_portuguese,2.063826777675185
h100-d512-mix-proportional-zero-c29-seed0-from10pct-20260826-rno2a,proportional_domain_ablation,belebele_russian,2.0982326684812485
h100-d512-mix-proportional-zero-c29-seed0-from10pct-20260826-rno2a,proportional_domain_ablation,belebele_spanish,2.0627631439005234
h100-d512-mix-proportional-zero-c29-seed0-from10pct-20260826-rno2a,proportional_domain_ablation,belebele_swahili,2.4902055326070136
h100-d512-mix-proportional-zero-c29-seed0-from10pct-20260826-rno2a,proportional_domain_ablation,belebele_thai,2.1655975354008246
h100-d512-mix-proportional-zero-c29-seed0-from10pct-20260826-rno2a,proportional_domain_ablation,belebele_turkish,2.314927523126481
h100-d512-mix-proportional-zero-c29-seed0-from10pct-20260826-rno2a,proportional_domain_ablation,belebele_vietnamese,2.393507609356661
h100-d512-mix-proportional-zero-c29-seed0-from10pct-20260826-rno2a,proportional_domain_ablation,belebele_yoruba,3.4108918630512615
h100-d512-mix-proportional-zero-c29-seed0-from10pct-20260826-rno2a,proportional_domain_ablation,boolq_0shot,2.3596290577276102
h100-d512-mix-proportional-zero-c29-seed0-from10pct-20260826-rno2a,proportional_domain_ablation,copa_0shot,1.7912213226865048
h100-d512-mix-proportional-zero-c29-seed0-from10pct-20260826-rno2a,proportional_domain_ablation,csqa_0shot,3.0316344152775003
h100-d512-mix-proportional-zero-c29-seed0-from10pct-20260826-rno2a,proportional_domain_ablation,gpqa_0shot,2.624840204021494
h100-d512-mix-proportional-zero-c29-seed0-from10pct-20260826-rno2a,proportional_domain_ablation,hellaswag_0shot,0.9613590289061896
h100-d512-mix-proportional-zero-c29-seed0-from10pct-20260826-rno2a,proportional_domain_ablation,include_arabic,2.064206278416493
h100-d512-mix-proportional-zero-c29-seed0-from10pct-20260826-rno2a,proportional_domain_ablation,include_bengali,2.0777350668255052
h100-d512-mix-proportional-zero-c29-seed0-from10pct-20260826-rno2a,proportional_domain_ablation,include_chinese,2.05471149496748
h100-d512-mix-proportional-zero-c29-seed0-from10pct-20260826-rno2a,proportional_domain_ablation,include_french,2.087967375875487
h100-d512-mix-proportional-zero-c29-seed0-from10pct-20260826-rno2a,proportional_domain_ablation,include_german,2.070316105840993
h100-d512-mix-proportional-zero-c29-seed0-from10pct-20260826-rno2a,proportional_domain_ablation,include_hebrew,2.149411401070138
h100-d512-mix-proportional-zero-c29-seed0-from10pct-20260826-rno2a,proportional_domain_ablation,include_hindi,2.047173859063342
h100-d512-mix-proportional-zero-c29-seed0-from10pct-20260826-rno2a,proportional_domain_ablation,include_indonesian,2.063298149163797
h100-d512-mix-proportional-zero-c29-seed0-from10pct-20260826-rno2a,proportional_domain_ablation,include_japanese,2.0613820476355604
h100-d512-mix-proportional-zero-c29-seed0-from10pct-20260826-rno2a,proportional_domain_ablation,include_korean,2.0578020102842745
h100-d512-mix-proportional-zero-c29-seed0-from10pct-20260826-rno2a,proportional_domain_ablation,include_mean,2.0739529029411634
h100-d512-mix-proportional-zero-c29-seed0-from10pct-20260826-rno2a,proportional_domain_ablation,include_portuguese,2.056544373270122
h100-d512-mix-proportional-zero-c29-seed0-from10pct-20260826-rno2a,proportional_domain_ablation,include_russian,2.0638740866046263
h100-d512-mix-proportional-zero-c29-seed0-from10pct-20260826-rno2a,proportional_domain_ablation,include_spanish,2.0596915239756886
h100-d512-mix-proportional-zero-c29-seed0-from10pct-20260826-rno2a,proportional_domain_ablation,include_turkish,2.0747350362997565
h100-d512-mix-proportional-zero-c29-seed0-from10pct-20260826-rno2a,proportional_domain_ablation,include_vietnamese,2.1204447348241895
h100-d512-mix-proportional-zero-c29-seed0-from10pct-20260826-rno2a,proportional_domain_ablation,lambada_0shot,0.8607972102801345
h100-d512-mix-proportional-zero-c29-seed0-from10pct-20260826-rno2a,proportional_domain_ablation,lb_bbh_3shot,1.7419662405465408
h100-d512-mix-proportional-zero-c29-seed0-from10pct-20260826-rno2a,proportional_domain_ablation,logprob_gsm8k_5shot,0.7839795924909706
h100-d512-mix-proportional-zero-c29-seed0-from10pct-20260826-rno2a,proportional_domain_ablation,logprob_humaneval_10shot,0.5332944625107884
h100-d512-mix-proportional-zero-c29-seed0-from10pct-20260826-rno2a,proportional_domain_ablation,medmcqa_0shot,2.4684238949144377
h100-d512-mix-proportional-zero-c29-seed0-from10pct-20260826-rno2a,proportional_domain_ablation,medqa_0shot,2.9124615678878696
h100-d512-mix-proportional-zero-c29-seed0-from10pct-20260826-rno2a,proportional_domain_ablation,mmlu_pro_5shot,3.9282747460765743
h100-d512-mix-proportional-zero-c29-seed0-from10pct-20260826-rno2a,proportional_domain_ablation,musr_0shot,0.7986823118212193
h100-d512-mix-proportional-zero-c29-seed0-from10pct-20260826-rno2a,proportional_domain_ablation,openbookqa_0shot,1.9595683897171166
h100-d512-mix-proportional-zero-c29-seed0-from10pct-20260826-rno2a,proportional_domain_ablation,piqa_0shot,1.270732548312136
h100-d512-mix-proportional-zero-c29-seed0-from10pct-20260826-rno2a,proportional_domain_ablation,sciq_0shot,1.5908876783231638
h100-d512-mix-proportional-zero-c29-seed0-from10pct-20260826-rno2a,proportional_domain_ablation,truthfulqa_mc1_0shot,0.7434042697740039
h100-d512-mix-proportional-zero-c29-seed0-from10pct-20260826-rno2a,proportional_domain_ablation,winogrande_0shot,0.44566145430053
h100-d512-mix-proportional-zero-c30-seed0-from10pct-20260826-rno2a,proportional_domain_ablation,arc_challenge_0shot,1.552537834710876
h100-d512-mix-proportional-zero-c30-seed0-from10pct-20260826-rno2a,proportional_domain_ablation,belebele_arabic,2.336198848746941
h100-d512-mix-proportional-zero-c30-seed0-from10pct-20260826-rno2a,proportional_domain_ablation,belebele_bengali,2.414810559242511
h100-d512-mix-proportional-zero-c30-seed0-from10pct-20260826-rno2a,proportional_domain_ablation,belebele_chinese_simplified,2.1517077731840883
h100-d512-mix-proportional-zero-c30-seed0-from10pct-20260826-rno2a,proportional_domain_ablation,belebele_french,2.1289192150889797
h100-d512-mix-proportional-zero-c30-seed0-from10pct-20260826-rno2a,proportional_domain_ablation,belebele_german,2.2185064778032264
h100-d512-mix-proportional-zero-c30-seed0-from10pct-20260826-rno2a,proportional_domain_ablation,belebele_hebrew,2.1994832671635476
h100-d512-mix-proportional-zero-c30-seed0-from10pct-20260826-rno2a,proportional_domain_ablation,belebele_hindi,2.242190720588564
h100-d512-mix-proportional-zero-c30-seed0-from10pct-20260826-rno2a,proportional_domain_ablation,belebele_indonesian,2.2329312875058385
h100-d512-mix-proportional-zero-c30-seed0-from10pct-20260826-rno2a,proportional_domain_ablation,belebele_japanese,2.2889900620618295
h100-d512-mix-proportional-zero-c30-seed0-from10pct-20260826-rno2a,proportional_domain_ablation,belebele_korean,2.1513523137085317
h100-d512-mix-proportional-zero-c30-seed0-from10pct-20260826-rno2a,proportional_domain_ablation,belebele_mean,2.255003898115985
h100-d512-mix-proportional-zero-c30-seed0-from10pct-20260826-rno2a,proportional_domain_ablation,belebele_portuguese,2.3102237063790336
h100-d512-mix-proportional-zero-c30-seed0-from10pct-20260826-rno2a,proportional_domain_ablation,belebele_russian,2.1778348087183246
h100-d512-mix-proportional-zero-c30-seed0-from10pct-20260826-rno2a,proportional_domain_ablation,belebele_spanish,2.181702590091607
h100-d512-mix-proportional-zero-c30-seed0-from10pct-20260826-rno2a,proportional_domain_ablation,belebele_swahili,2.3202273572160057
h100-d512-mix-proportional-zero-c30-seed0-from10pct-20260826-rno2a,proportional_domain_ablation,belebele_thai,2.2029743901930954
h100-d512-mix-proportional-zero-c30-seed0-from10pct-20260826-rno2a,proportional_domain_ablation,belebele_turkish,2.2507351013082526
h100-d512-mix-proportional-zero-c30-seed0-from10pct-20260826-rno2a,proportional_domain_ablation,belebele_vietnamese,2.23114351590688
h100-d512-mix-proportional-zero-c30-seed0-from10pct-20260826-rno2a,proportional_domain_ablation,belebele_yoruba,2.5501381711804667
h100-d512-mix-proportional-zero-c30-seed0-from10pct-20260826-rno2a,proportional_domain_ablation,boolq_0shot,2.443003379804659
h100-d512-mix-proportional-zero-c30-seed0-from10pct-20260826-rno2a,proportional_domain_ablation,copa_0shot,1.7873113057607393
h100-d512-mix-proportional-zero-c30-seed0-from10pct-20260826-rno2a,proportional_domain_ablation,csqa_0shot,3.6702682617074407
h100-d512-mix-proportional-zero-c30-seed0-from10pct-20260826-rno2a,proportional_domain_ablation,gpqa_0shot,3.5024862098633522
h100-d512-mix-proportional-zero-c30-seed0-from10pct-20260826-rno2a,proportional_domain_ablation,hellaswag_0shot,0.9576156819258653
h100-d512-mix-proportional-zero-c30-seed0-from10pct-20260826-rno2a,proportional_domain_ablation,include_arabic,2.0734127608367743
h100-d512-mix-proportional-zero-c30-seed0-from10pct-20260826-rno2a,proportional_domain_ablation,include_bengali,2.1318545837185354
h100-d512-mix-proportional-zero-c30-seed0-from10pct-20260826-rno2a,proportional_domain_ablation,include_chinese,2.070025561678808
h100-d512-mix-proportional-zero-c30-seed0-from10pct-20260826-rno2a,proportional_domain_ablation,include_french,2.070740989983951
h100-d512-mix-proportional-zero-c30-seed0-from10pct-20260826-rno2a,proportional_domain_ablation,include_german,2.009964593058051
h100-d512-mix-proportional-zero-c30-seed0-from10pct-20260826-rno2a,proportional_domain_ablation,include_hebrew,2.1029273732838436
h100-d512-mix-proportional-zero-c30-seed0-from10pct-20260826-rno2a,proportional_domain_ablation,include_hindi,2.1192642671576856
h100-d512-mix-proportional-zero-c30-seed0-from10pct-20260826-rno2a,proportional_domain_ablation,include_indonesian,2.0981041536115375
h100-d512-mix-proportional-zero-c30-seed0-from10pct-20260826-rno2a,proportional_domain_ablation,include_japanese,2.109465262510228
h100-d512-mix-proportional-zero-c30-seed0-from10pct-20260826-rno2a,proportional_domain_ablation,include_korean,2.0513811967542974
h100-d512-mix-proportional-zero-c30-seed0-from10pct-20260826-rno2a,proportional_domain_ablation,include_mean,2.075253268724882
h100-d512-mix-proportional-zero-c30-seed0-from10pct-20260826-rno2a,proportional_domain_ablation,include_portuguese,2.0953723474779378
h100-d512-mix-proportional-zero-c30-seed0-from10pct-20260826-rno2a,proportional_domain_ablation,include_russian,2.037357851344642
h100-d512-mix-proportional-zero-c30-seed0-from10pct-20260826-rno2a,proportional_domain_ablation,include_spanish,2.040384011126344
h100-d512-mix-proportional-zero-c30-seed0-from10pct-20260826-rno2a,proportional_domain_ablation,include_turkish,2.048932739518563
h100-d512-mix-proportional-zero-c30-seed0-from10pct-20260826-rno2a,proportional_domain_ablation,include_vietnamese,2.0696113388120287
h100-d512-mix-proportional-zero-c30-seed0-from10pct-20260826-rno2a,proportional_domain_ablation,lambada_0shot,0.8510307352436068
h100-d512-mix-proportional-zero-c30-seed0-from10pct-20260826-rno2a,proportional_domain_ablation,lb_bbh_3shot,1.6453187196930648
h100-d512-mix-proportional-zero-c30-seed0-from10pct-20260826-rno2a,proportional_domain_ablation,logprob_gsm8k_5shot,0.8314145449259335
h100-d512-mix-proportional-zero-c30-seed0-from10pct-20260826-rno2a,proportional_domain_ablation,logprob_humaneval_10shot,0.5518149447782154
h100-d512-mix-proportional-zero-c30-seed0-from10pct-20260826-rno2a,proportional_domain_ablation,medmcqa_0shot,2.163164501463145
h100-d512-mix-proportional-zero-c30-seed0-from10pct-20260826-rno2a,proportional_domain_ablation,medqa_0shot,2.3516787213442214
h100-d512-mix-proportional-zero-c30-seed0-from10pct-20260826-rno2a,proportional_domain_ablation,mmlu_pro_5shot,4.2243557799795575
h100-d512-mix-proportional-zero-c30-seed0-from10pct-20260826-rno2a,proportional_domain_ablation,musr_0shot,0.831010414762584
h100-d512-mix-proportional-zero-c30-seed0-from10pct-20260826-rno2a,proportional_domain_ablation,openbookqa_0shot,1.9707660621639431
h100-d512-mix-proportional-zero-c30-seed0-from10pct-20260826-rno2a,proportional_domain_ablation,piqa_0shot,1.269987116610609
h100-d512-mix-proportional-zero-c30-seed0-from10pct-20260826-rno2a,proportional_domain_ablation,sciq_0shot,1.6130551854004527
h100-d512-mix-proportional-zero-c30-seed0-from10pct-20260826-rno2a,proportional_domain_ablation,truthfulqa_mc1_0shot,0.7583485540795635
h100-d512-mix-proportional-zero-c30-seed0-from10pct-20260826-rno2a,proportional_domain_ablation,winogrande_0shot,0.44530719381068296
h100-d512-mix-proportional-zero-c32-seed0-from10pct-20260826-rno2a,proportional_domain_ablation,arc_challenge_0shot,1.4888694831078382
h100-d512-mix-proportional-zero-c32-seed0-from10pct-20260826-rno2a,proportional_domain_ablation,belebele_arabic,2.2568936095170886
h100-d512-mix-proportional-zero-c32-seed0-from10pct-20260826-rno2a,proportional_domain_ablation,belebele_bengali,2.128506710974594
h100-d512-mix-proportional-zero-c32-seed0-from10pct-20260826-rno2a,proportional_domain_ablation,belebele_chinese_simplified,2.411285392820498
h100-d512-mix-proportional-zero-c32-seed0-from10pct-20260826-rno2a,proportional_domain_ablation,belebele_french,2.104836683415262
h100-d512-mix-proportional-zero-c32-seed0-from10pct-20260826-rno2a,proportional_domain_ablation,belebele_german,2.153298823574404
h100-d512-mix-proportional-zero-c32-seed0-from10pct-20260826-rno2a,proportional_domain_ablation,belebele_hebrew,2.1224921431676673
h100-d512-mix-proportional-zero-c32-seed0-from10pct-20260826-rno2a,proportional_domain_ablation,belebele_hindi,2.246723447370655
h100-d512-mix-proportional-zero-c32-seed0-from10pct-20260826-rno2a,proportional_domain_ablation,belebele_indonesian,2.0972934366372646
h100-d512-mix-proportional-zero-c32-seed0-from10pct-20260826-rno2a,proportional_domain_ablation,belebele_japanese,2.354871304974204
h100-d512-mix-proportional-zero-c32-seed0-from10pct-20260826-rno2a,proportional_domain_ablation,belebele_korean,2.17477052083082
h100-d512-mix-proportional-zero-c32-seed0-from10pct-20260826-rno2a,proportional_domain_ablation,belebele_mean,2.208877105723002
h100-d512-mix-proportional-zero-c32-seed0-from10pct-20260826-rno2a,proportional_domain_ablation,belebele_portuguese,2.1205525677378176
h100-d512-mix-proportional-zero-c32-seed0-from10pct-20260826-rno2a,proportional_domain_ablation,belebele_russian,2.1309296965771343
h100-d512-mix-proportional-zero-c32-seed0-from10pct-20260826-rno2a,proportional_domain_ablation,belebele_spanish,2.1084338649925787
h100-d512-mix-proportional-zero-c32-seed0-from10pct-20260826-rno2a,proportional_domain_ablation,belebele_swahili,2.1378384194797073
h100-d512-mix-proportional-zero-c32-seed0-from10pct-20260826-rno2a,proportional_domain_ablation,belebele_thai,2.1284378305852805
h100-d512-mix-proportional-zero-c32-seed0-from10pct-20260826-rno2a,proportional_domain_ablation,belebele_turkish,2.367505751490408
h100-d512-mix-proportional-zero-c32-seed0-from10pct-20260826-rno2a,proportional_domain_ablation,belebele_vietnamese,2.4308499950038653
h100-d512-mix-proportional-zero-c32-seed0-from10pct-20260826-rno2a,proportional_domain_ablation,belebele_yoruba,2.2842677038647903
h100-d512-mix-proportional-zero-c32-seed0-from10pct-20260826-rno2a,proportional_domain_ablation,boolq_0shot,2.469125282872569
h100-d512-mix-proportional-zero-c32-seed0-from10pct-20260826-rno2a,proportional_domain_ablation,copa_0shot,1.7695143382704035
h100-d512-mix-proportional-zero-c32-seed0-from10pct-20260826-rno2a,proportional_domain_ablation,csqa_0shot,3.167449784283451
h100-d512-mix-proportional-zero-c32-seed0-from10pct-20260826-rno2a,proportional_domain_ablation,gpqa_0shot,2.9382701301267007
h100-d512-mix-proportional-zero-c32-seed0-from10pct-20260826-rno2a,proportional_domain_ablation,hellaswag_0shot,0.9563477991845317
h100-d512-mix-proportional-zero-c32-seed0-from10pct-20260826-rno2a,proportional_domain_ablation,include_arabic,2.0842366816704008
h100-d512-mix-proportional-zero-c32-seed0-from10pct-20260826-rno2a,proportional_domain_ablation,include_bengali,2.0288352145987267
h100-d512-mix-proportional-zero-c32-seed0-from10pct-20260826-rno2a,proportional_domain_ablation,include_chinese,2.041749705027321
h100-d512-mix-proportional-zero-c32-seed0-from10pct-20260826-rno2a,proportional_domain_ablation,include_french,2.034219758231365
h100-d512-mix-proportional-zero-c32-seed0-from10pct-20260826-rno2a,proportional_domain_ablation,include_german,2.034218781081641
h100-d512-mix-proportional-zero-c32-seed0-from10pct-20260826-rno2a,proportional_domain_ablation,include_hebrew,2.090916018174522
h100-d512-mix-proportional-zero-c32-seed0-from10pct-20260826-rno2a,proportional_domain_ablation,include_hindi,2.0933866004775057
h100-d512-mix-proportional-zero-c32-seed0-from10pct-20260826-rno2a,proportional_domain_ablation,include_indonesian,2.0486888966759493
h100-d512-mix-proportional-zero-c32-seed0-from10pct-20260826-rno2a,proportional_domain_ablation,include_japanese,2.063207819404826
h100-d512-mix-proportional-zero-c32-seed0-from10pct-20260826-rno2a,proportional_domain_ablation,include_korean,2.0971880457452543
h100-d512-mix-proportional-zero-c32-seed0-from10pct-20260826-rno2a,proportional_domain_ablation,include_mean,2.051252661652514
h100-d512-mix-proportional-zero-c32-seed0-from10pct-20260826-rno2a,proportional_domain_ablation,include_portuguese,2.047154300943126
h100-d512-mix-proportional-zero-c32-seed0-from10pct-20260826-rno2a,proportional_domain_ablation,include_russian,2.0467143515518313
h100-d512-mix-proportional-zero-c32-seed0-from10pct-20260826-rno2a,proportional_domain_ablation,include_spanish,2.0164923443393055
h100-d512-mix-proportional-zero-c32-seed0-from10pct-20260826-rno2a,proportional_domain_ablation,include_turkish,2.0126168501664106
h100-d512-mix-proportional-zero-c32-seed0-from10pct-20260826-rno2a,proportional_domain_ablation,include_vietnamese,2.0291645566995284
h100-d512-mix-proportional-zero-c32-seed0-from10pct-20260826-rno2a,proportional_domain_ablation,lambada_0shot,0.8589580570217163
h100-d512-mix-proportional-zero-c32-seed0-from10pct-20260826-rno2a,proportional_domain_ablation,lb_bbh_3shot,1.6935793761156455
h100-d512-mix-proportional-zero-c32-seed0-from10pct-20260826-rno2a,proportional_domain_ablation,logprob_gsm8k_5shot,0.7752006768652263
h100-d512-mix-proportional-zero-c32-seed0-from10pct-20260826-rno2a,proportional_domain_ablation,logprob_humaneval_10shot,0.5423496379183586
h100-d512-mix-proportional-zero-c32-seed0-from10pct-20260826-rno2a,proportional_domain_ablation,medmcqa_0shot,3.193066429784748
h100-d512-mix-proportional-zero-c32-seed0-from10pct-20260826-rno2a,proportional_domain_ablation,medqa_0shot,2.7040967279222947
h100-d512-mix-proportional-zero-c32-seed0-from10pct-20260826-rno2a,proportional_domain_ablation,mmlu_pro_5shot,4.0325390603032645
h100-d512-mix-proportional-zero-c32-seed0-from10pct-20260826-rno2a,proportional_domain_ablation,musr_0shot,0.8475205530840466
h100-d512-mix-proportional-zero-c32-seed0-from10pct-20260826-rno2a,proportional_domain_ablation,openbookqa_0shot,1.9594481652995963
h100-d512-mix-proportional-zero-c32-seed0-from10pct-20260826-rno2a,proportional_domain_ablation,piqa_0shot,1.2687979564904788
h100-d512-mix-proportional-zero-c32-seed0-from10pct-20260826-rno2a,proportional_domain_ablation,sciq_0shot,1.528816256534522
h100-d512-mix-proportional-zero-c32-seed0-from10pct-20260826-rno2a,proportional_domain_ablation,truthfulqa_mc1_0shot,0.764058422716819
h100-d512-mix-proportional-zero-c32-seed0-from10pct-20260826-rno2a,proportional_domain_ablation,winogrande_0shot,0.4469952897495635
h100-d512-mix-proportional-zero-c33-seed0-from10pct-20260826-rno2a,proportional_domain_ablation,arc_challenge_0shot,1.488769176455807
h100-d512-mix-proportional-zero-c33-seed0-from10pct-20260826-rno2a,proportional_domain_ablation,belebele_arabic,2.2645750981474073
h100-d512-mix-proportional-zero-c33-seed0-from10pct-20260826-rno2a,proportional_domain_ablation,belebele_bengali,2.319574914468193
h100-d512-mix-proportional-zero-c33-seed0-from10pct-20260826-rno2a,proportional_domain_ablation,belebele_chinese_simplified,2.1397741213825325
h100-d512-mix-proportional-zero-c33-seed0-from10pct-20260826-rno2a,proportional_domain_ablation,belebele_french,2.1342993488336517
h100-d512-mix-proportional-zero-c33-seed0-from10pct-20260826-rno2a,proportional_domain_ablation,belebele_german,2.174727120531144
h100-d512-mix-proportional-zero-c33-seed0-from10pct-20260826-rno2a,proportional_domain_ablation,belebele_hebrew,2.157995458326355
h100-d512-mix-proportional-zero-c33-seed0-from10pct-20260826-rno2a,proportional_domain_ablation,belebele_hindi,2.2880659568563604
h100-d512-mix-proportional-zero-c33-seed0-from10pct-20260826-rno2a,proportional_domain_ablation,belebele_indonesian,2.0777298463807146
h100-d512-mix-proportional-zero-c33-seed0-from10pct-20260826-rno2a,proportional_domain_ablation,belebele_japanese,2.257197978106559
h100-d512-mix-proportional-zero-c33-seed0-from10pct-20260826-rno2a,proportional_domain_ablation,belebele_korean,2.1105418826193296
h100-d512-mix-proportional-zero-c33-seed0-from10pct-20260826-rno2a,proportional_domain_ablation,belebele_mean,2.24628337213362
h100-d512-mix-proportional-zero-c33-seed0-from10pct-20260826-rno2a,proportional_domain_ablation,belebele_portuguese,2.131322836591582
h100-d512-mix-proportional-zero-c33-seed0-from10pct-20260826-rno2a,proportional_domain_ablation,belebele_russian,2.111949770817662
h100-d512-mix-proportional-zero-c33-seed0-from10pct-20260826-rno2a,proportional_domain_ablation,belebele_spanish,2.1689800736485516
h100-d512-mix-proportional-zero-c33-seed0-from10pct-20260826-rno2a,proportional_domain_ablation,belebele_swahili,2.6570976333483096
h100-d512-mix-proportional-zero-c33-seed0-from10pct-20260826-rno2a,proportional_domain_ablation,belebele_thai,2.111982166711876
h100-d512-mix-proportional-zero-c33-seed0-from10pct-20260826-rno2a,proportional_domain_ablation,belebele_turkish,2.565802603644457
h100-d512-mix-proportional-zero-c33-seed0-from10pct-20260826-rno2a,proportional_domain_ablation,belebele_vietnamese,2.1949151757800496
h100-d512-mix-proportional-zero-c33-seed0-from10pct-20260826-rno2a,proportional_domain_ablation,belebele_yoruba,2.5665687122104215
h100-d512-mix-proportional-zero-c33-seed0-from10pct-20260826-rno2a,proportional_domain_ablation,boolq_0shot,2.396695525594773
h100-d512-mix-proportional-zero-c33-seed0-from10pct-20260826-rno2a,proportional_domain_ablation,copa_0shot,1.8136452779576286
h100-d512-mix-proportional-zero-c33-seed0-from10pct-20260826-rno2a,proportional_domain_ablation,csqa_0shot,4.078808157820111
h100-d512-mix-proportional-zero-c33-seed0-from10pct-20260826-rno2a,proportional_domain_ablation,gpqa_0shot,3.5712718211377736
h100-d512-mix-proportional-zero-c33-seed0-from10pct-20260826-rno2a,proportional_domain_ablation,hellaswag_0shot,0.9586515972026731
h100-d512-mix-proportional-zero-c33-seed0-from10pct-20260826-rno2a,proportional_domain_ablation,include_arabic,2.0588178971482543
h100-d512-mix-proportional-zero-c33-seed0-from10pct-20260826-rno2a,proportional_domain_ablation,include_bengali,2.1779850867220625
h100-d512-mix-proportional-zero-c33-seed0-from10pct-20260826-rno2a,proportional_domain_ablation,include_chinese,2.093295222207659
h100-d512-mix-proportional-zero-c33-seed0-from10pct-20260826-rno2a,proportional_domain_ablation,include_french,2.081039764470451
h100-d512-mix-proportional-zero-c33-seed0-from10pct-20260826-rno2a,proportional_domain_ablation,include_german,1.9811908370711657
h100-d512-mix-proportional-zero-c33-seed0-from10pct-20260826-rno2a,proportional_domain_ablation,include_hebrew,2.149873862652829
h100-d512-mix-proportional-zero-c33-seed0-from10pct-20260826-rno2a,proportional_domain_ablation,include_hindi,2.1518815695231828
h100-d512-mix-proportional-zero-c33-seed0-from10pct-20260826-rno2a,proportional_domain_ablation,include_indonesian,2.0830676139799698
h100-d512-mix-proportional-zero-c33-seed0-from10pct-20260826-rno2a,proportional_domain_ablation,include_japanese,2.1237601468648126
h100-d512-mix-proportional-zero-c33-seed0-from10pct-20260826-rno2a,proportional_domain_ablation,include_korean,2.1045122318574867
h100-d512-mix-proportional-zero-c33-seed0-from10pct-20260826-rno2a,proportional_domain_ablation,include_mean,2.0918142066523915
h100-d512-mix-proportional-zero-c33-seed0-from10pct-20260826-rno2a,proportional_domain_ablation,include_portuguese,2.1108685892251735
h100-d512-mix-proportional-zero-c33-seed0-from10pct-20260826-rno2a,proportional_domain_ablation,include_russian,2.0583755624436764
h100-d512-mix-proportional-zero-c33-seed0-from10pct-20260826-rno2a,proportional_domain_ablation,include_spanish,2.03387813321052
h100-d512-mix-proportional-zero-c33-seed0-from10pct-20260826-rno2a,proportional_domain_ablation,include_turkish,2.0672626705330863
h100-d512-mix-proportional-zero-c33-seed0-from10pct-20260826-rno2a,proportional_domain_ablation,include_vietnamese,2.1014039118755385
h100-d512-mix-proportional-zero-c33-seed0-from10pct-20260826-rno2a,proportional_domain_ablation,lambada_0shot,0.861392224170496
h100-d512-mix-proportional-zero-c33-seed0-from10pct-20260826-rno2a,proportional_domain_ablation,lb_bbh_3shot,1.6743849468780458
h100-d512-mix-proportional-zero-c33-seed0-from10pct-20260826-rno2a,proportional_domain_ablation,logprob_gsm8k_5shot,0.8139221255654511
h100-d512-mix-proportional-zero-c33-seed0-from10pct-20260826-rno2a,proportional_domain_ablation,logprob_humaneval_10shot,0.5296457235147454
h100-d512-mix-proportional-zero-c33-seed0-from10pct-20260826-rno2a,proportional_domain_ablation,medmcqa_0shot,3.924001689199148
h100-d512-mix-proportional-zero-c33-seed0-from10pct-20260826-rno2a,proportional_domain_ablation,medqa_0shot,2.950670168565014
h100-d512-mix-proportional-zero-c33-seed0-from10pct-20260826-rno2a,proportional_domain_ablation,mmlu_pro_5shot,4.365947419446845
h100-d512-mix-proportional-zero-c33-seed0-from10pct-20260826-rno2a,proportional_domain_ablation,musr_0shot,0.8202695892652467
h100-d512-mix-proportional-zero-c33-seed0-from10pct-20260826-rno2a,proportional_domain_ablation,openbookqa_0shot,1.9797629401982766
h100-d512-mix-proportional-zero-c33-seed0-from10pct-20260826-rno2a,proportional_domain_ablation,piqa_0shot,1.2795095764374482
h100-d512-mix-proportional-zero-c33-seed0-from10pct-20260826-rno2a,proportional_domain_ablation,sciq_0shot,1.4948271923407679
h100-d512-mix-proportional-zero-c33-seed0-from10pct-20260826-rno2a,proportional_domain_ablation,truthfulqa_mc1_0shot,0.7563070615872935
h100-d512-mix-proportional-zero-c33-seed0-from10pct-20260826-rno2a,proportional_domain_ablation,winogrande_0shot,0.4451877291338218
h100-d512-mix-proportional-zero-c34-seed0-from10pct-20260826-rno2a,proportional_domain_ablation,arc_challenge_0shot,1.5520002794322612
h100-d512-mix-proportional-zero-c34-seed0-from10pct-20260826-rno2a,proportional_domain_ablation,belebele_arabic,2.2237486429568976
h100-d512-mix-proportional-zero-c34-seed0-from10pct-20260826-rno2a,proportional_domain_ablation,belebele_bengali,2.099507912002629
h100-d512-mix-proportional-zero-c34-seed0-from10pct-20260826-rno2a,proportional_domain_ablation,belebele_chinese_simplified,2.089249008337085
h100-d512-mix-proportional-zero-c34-seed0-from10pct-20260826-rno2a,proportional_domain_ablation,belebele_french,2.0794326223382393
h100-d512-mix-proportional-zero-c34-seed0-from10pct-20260826-rno2a,proportional_domain_ablation,belebele_german,2.0930640722505887
h100-d512-mix-proportional-zero-c34-seed0-from10pct-20260826-rno2a,proportional_domain_ablation,belebele_hebrew,2.1524423391764205
h100-d512-mix-proportional-zero-c34-seed0-from10pct-20260826-rno2a,proportional_domain_ablation,belebele_hindi,2.250998334991742
h100-d512-mix-proportional-zero-c34-seed0-from10pct-20260826-rno2a,proportional_domain_ablation,belebele_indonesian,2.094267957208206
h100-d512-mix-proportional-zero-c34-seed0-from10pct-20260826-rno2a,proportional_domain_ablation,belebele_japanese,2.088887175566669
h100-d512-mix-proportional-zero-c34-seed0-from10pct-20260826-rno2a,proportional_domain_ablation,belebele_korean,2.0789445034716634
h100-d512-mix-proportional-zero-c34-seed0-from10pct-20260826-rno2a,proportional_domain_ablation,belebele_mean,2.1929853972622864
h100-d512-mix-proportional-zero-c34-seed0-from10pct-20260826-rno2a,proportional_domain_ablation,belebele_portuguese,2.151398314768068
h100-d512-mix-proportional-zero-c34-seed0-from10pct-20260826-rno2a,proportional_domain_ablation,belebele_russian,2.089120622141665
h100-d512-mix-proportional-zero-c34-seed0-from10pct-20260826-rno2a,proportional_domain_ablation,belebele_spanish,2.1106410009983185
h100-d512-mix-proportional-zero-c34-seed0-from10pct-20260826-rno2a,proportional_domain_ablation,belebele_swahili,2.2478591253465803
h100-d512-mix-proportional-zero-c34-seed0-from10pct-20260826-rno2a,proportional_domain_ablation,belebele_thai,2.14859930667987
h100-d512-mix-proportional-zero-c34-seed0-from10pct-20260826-rno2a,proportional_domain_ablation,belebele_turkish,2.1110267043873994
h100-d512-mix-proportional-zero-c34-seed0-from10pct-20260826-rno2a,proportional_domain_ablation,belebele_vietnamese,2.1382199479899353
h100-d512-mix-proportional-zero-c34-seed0-from10pct-20260826-rno2a,proportional_domain_ablation,belebele_yoruba,3.2263295601091775
h100-d512-mix-proportional-zero-c34-seed0-from10pct-20260826-rno2a,proportional_domain_ablation,boolq_0shot,2.462506369458436
h100-d512-mix-proportional-zero-c34-seed0-from10pct-20260826-rno2a,proportional_domain_ablation,copa_0shot,1.7961841193769046
h100-d512-mix-proportional-zero-c34-seed0-from10pct-20260826-rno2a,proportional_domain_ablation,csqa_0shot,2.8824415776882955
h100-d512-mix-proportional-zero-c34-seed0-from10pct-20260826-rno2a,proportional_domain_ablation,gpqa_0shot,3.005136090962928
h100-d512-mix-proportional-zero-c34-seed0-from10pct-20260826-rno2a,proportional_domain_ablation,hellaswag_0shot,0.9608251807965421
h100-d512-mix-proportional-zero-c34-seed0-from10pct-20260826-rno2a,proportional_domain_ablation,include_arabic,2.044629801014909
h100-d512-mix-proportional-zero-c34-seed0-from10pct-20260826-rno2a,proportional_domain_ablation,include_bengali,2.1359644178195465
h100-d512-mix-proportional-zero-c34-seed0-from10pct-20260826-rno2a,proportional_domain_ablation,include_chinese,2.0570908897736984
h100-d512-mix-proportional-zero-c34-seed0-from10pct-20260826-rno2a,proportional_domain_ablation,include_french,2.0865203676213597
h100-d512-mix-proportional-zero-c34-seed0-from10pct-20260826-rno2a,proportional_domain_ablation,include_german,2.08818829484296
h100-d512-mix-proportional-zero-c34-seed0-from10pct-20260826-rno2a,proportional_domain_ablation,include_hebrew,2.122921108636223
h100-d512-mix-proportional-zero-c34-seed0-from10pct-20260826-rno2a,proportional_domain_ablation,include_hindi,2.163895620394103
h100-d512-mix-proportional-zero-c34-seed0-from10pct-20260826-rno2a,proportional_domain_ablation,include_indonesian,2.1076966115107454
h100-d512-mix-proportional-zero-c34-seed0-from10pct-20260826-rno2a,proportional_domain_ablation,include_japanese,2.1179903869023415
h100-d512-mix-proportional-zero-c34-seed0-from10pct-20260826-rno2a,proportional_domain_ablation,include_korean,2.093021233225851
h100-d512-mix-proportional-zero-c34-seed0-from10pct-20260826-rno2a,proportional_domain_ablation,include_mean,2.1071903679753947
h100-d512-mix-proportional-zero-c34-seed0-from10pct-20260826-rno2a,proportional_domain_ablation,include_portuguese,2.092085189229879
h100-d512-mix-proportional-zero-c34-seed0-from10pct-20260826-rno2a,proportional_domain_ablation,include_russian,2.0883662747152143
h100-d512-mix-proportional-zero-c34-seed0-from10pct-20260826-rno2a,proportional_domain_ablation,include_spanish,2.1020403177275733
h100-d512-mix-proportional-zero-c34-seed0-from10pct-20260826-rno2a,proportional_domain_ablation,include_turkish,2.134831582691733
h100-d512-mix-proportional-zero-c34-seed0-from10pct-20260826-rno2a,proportional_domain_ablation,include_vietnamese,2.172613423524786
h100-d512-mix-proportional-zero-c34-seed0-from10pct-20260826-rno2a,proportional_domain_ablation,lambada_0shot,0.8728199689440079
h100-d512-mix-proportional-zero-c34-seed0-from10pct-20260826-rno2a,proportional_domain_ablation,lb_bbh_3shot,1.7786142789841197
h100-d512-mix-proportional-zero-c34-seed0-from10pct-20260826-rno2a,proportional_domain_ablation,logprob_gsm8k_5shot,0.8243331149442428
h100-d512-mix-proportional-zero-c34-seed0-from10pct-20260826-rno2a,proportional_domain_ablation,logprob_humaneval_10shot,0.545396349987771
h100-d512-mix-proportional-zero-c34-seed0-from10pct-20260826-rno2a,proportional_domain_ablation,medmcqa_0shot,2.8476304529257583
h100-d512-mix-proportional-zero-c34-seed0-from10pct-20260826-rno2a,proportional_domain_ablation,medqa_0shot,3.107496647426424
h100-d512-mix-proportional-zero-c34-seed0-from10pct-20260826-rno2a,proportional_domain_ablation,mmlu_pro_5shot,3.954309270632039
h100-d512-mix-proportional-zero-c34-seed0-from10pct-20260826-rno2a,proportional_domain_ablation,musr_0shot,0.7812304549471882
h100-d512-mix-proportional-zero-c34-seed0-from10pct-20260826-rno2a,proportional_domain_ablation,openbookqa_0shot,1.980567199636303
h100-d512-mix-proportional-zero-c34-seed0-from10pct-20260826-rno2a,proportional_domain_ablation,piqa_0shot,1.2886274266412376
h100-d512-mix-proportional-zero-c34-seed0-from10pct-20260826-rno2a,proportional_domain_ablation,sciq_0shot,1.594596357376655
h100-d512-mix-proportional-zero-c34-seed0-from10pct-20260826-rno2a,proportional_domain_ablation,truthfulqa_mc1_0shot,0.7421738570576569
h100-d512-mix-proportional-zero-c34-seed0-from10pct-20260826-rno2a,proportional_domain_ablation,winogrande_0shot,0.44534715394007407
h100-d512-mix-proportional-zero-c36-seed0-from10pct-20260826-rno2a,proportional_domain_ablation,arc_challenge_0shot,1.5168953829077707
h100-d512-mix-proportional-zero-c36-seed0-from10pct-20260826-rno2a,proportional_domain_ablation,belebele_arabic,2.871615468443064
h100-d512-mix-proportional-zero-c36-seed0-from10pct-20260826-rno2a,proportional_domain_ablation,belebele_bengali,3.7110248403835295
h100-d512-mix-proportional-zero-c36-seed0-from10pct-20260826-rno2a,proportional_domain_ablation,belebele_chinese_simplified,2.3508651002113496
h100-d512-mix-proportional-zero-c36-seed0-from10pct-20260826-rno2a,proportional_domain_ablation,belebele_french,2.155994870809014
h100-d512-mix-proportional-zero-c36-seed0-from10pct-20260826-rno2a,proportional_domain_ablation,belebele_german,2.245330033709953
h100-d512-mix-proportional-zero-c36-seed0-from10pct-20260826-rno2a,proportional_domain_ablation,belebele_hebrew,2.499296064299163
h100-d512-mix-proportional-zero-c36-seed0-from10pct-20260826-rno2a,proportional_domain_ablation,belebele_hindi,2.454754898791752
h100-d512-mix-proportional-zero-c36-seed0-from10pct-20260826-rno2a,proportional_domain_ablation,belebele_indonesian,2.463115360882425
h100-d512-mix-proportional-zero-c36-seed0-from10pct-20260826-rno2a,proportional_domain_ablation,belebele_japanese,2.290660814467583
h100-d512-mix-proportional-zero-c36-seed0-from10pct-20260826-rno2a,proportional_domain_ablation,belebele_korean,2.2230115428002026
h100-d512-mix-proportional-zero-c36-seed0-from10pct-20260826-rno2a,proportional_domain_ablation,belebele_mean,2.636551941790591
h100-d512-mix-proportional-zero-c36-seed0-from10pct-20260826-rno2a,proportional_domain_ablation,belebele_portuguese,2.220481670553429
h100-d512-mix-proportional-zero-c36-seed0-from10pct-20260826-rno2a,proportional_domain_ablation,belebele_russian,2.2323554149693923
h100-d512-mix-proportional-zero-c36-seed0-from10pct-20260826-rno2a,proportional_domain_ablation,belebele_spanish,2.1927392793718354
h100-d512-mix-proportional-zero-c36-seed0-from10pct-20260826-rno2a,proportional_domain_ablation,belebele_swahili,3.422532289019301
h100-d512-mix-proportional-zero-c36-seed0-from10pct-20260826-rno2a,proportional_domain_ablation,belebele_thai,2.3295050111917677
h100-d512-mix-proportional-zero-c36-seed0-from10pct-20260826-rno2a,proportional_domain_ablation,belebele_turkish,2.895184817071948
h100-d512-mix-proportional-zero-c36-seed0-from10pct-20260826-rno2a,proportional_domain_ablation,belebele_vietnamese,3.1653374755386112
h100-d512-mix-proportional-zero-c36-seed0-from10pct-20260826-rno2a,proportional_domain_ablation,belebele_yoruba,3.734129999716327
h100-d512-mix-proportional-zero-c36-seed0-from10pct-20260826-rno2a,proportional_domain_ablation,boolq_0shot,2.1780818597828104
h100-d512-mix-proportional-zero-c36-seed0-from10pct-20260826-rno2a,proportional_domain_ablation,copa_0shot,1.8293849718415902
h100-d512-mix-proportional-zero-c36-seed0-from10pct-20260826-rno2a,proportional_domain_ablation,csqa_0shot,2.9289511329510174
h100-d512-mix-proportional-zero-c36-seed0-from10pct-20260826-rno2a,proportional_domain_ablation,gpqa_0shot,3.283403593613157
h100-d512-mix-proportional-zero-c36-seed0-from10pct-20260826-rno2a,proportional_domain_ablation,hellaswag_0shot,0.9593067752049929
h100-d512-mix-proportional-zero-c36-seed0-from10pct-20260826-rno2a,proportional_domain_ablation,include_arabic,2.1093322517504296
h100-d512-mix-proportional-zero-c36-seed0-from10pct-20260826-rno2a,proportional_domain_ablation,include_bengali,2.0881829825801557
h100-d512-mix-proportional-zero-c36-seed0-from10pct-20260826-rno2a,proportional_domain_ablation,include_chinese,2.0564645661958663
h100-d512-mix-proportional-zero-c36-seed0-from10pct-20260826-rno2a,proportional_domain_ablation,include_french,2.022956733459698
h100-d512-mix-proportional-zero-c36-seed0-from10pct-20260826-rno2a,proportional_domain_ablation,include_german,1.9806629480785518
h100-d512-mix-proportional-zero-c36-seed0-from10pct-20260826-rno2a,proportional_domain_ablation,include_hebrew,2.0886554649220153
h100-d512-mix-proportional-zero-c36-seed0-from10pct-20260826-rno2a,proportional_domain_ablation,include_hindi,2.138908362447695
h100-d512-mix-proportional-zero-c36-seed0-from10pct-20260826-rno2a,proportional_domain_ablation,include_indonesian,2.0730319503792254
h100-d512-mix-proportional-zero-c36-seed0-from10pct-20260826-rno2a,proportional_domain_ablation,include_japanese,2.1185982633578813
h100-d512-mix-proportional-zero-c36-seed0-from10pct-20260826-rno2a,proportional_domain_ablation,include_korean,2.088795968102984
h100-d512-mix-proportional-zero-c36-seed0-from10pct-20260826-rno2a,proportional_domain_ablation,include_mean,2.0763548713745723
h100-d512-mix-proportional-zero-c36-seed0-from10pct-20260826-rno2a,proportional_domain_ablation,include_portuguese,2.0833984184167376
h100-d512-mix-proportional-zero-c36-seed0-from10pct-20260826-rno2a,proportional_domain_ablation,include_russian,2.0764354177708992
h100-d512-mix-proportional-zero-c36-seed0-from10pct-20260826-rno2a,proportional_domain_ablation,include_spanish,2.0671367579973046
h100-d512-mix-proportional-zero-c36-seed0-from10pct-20260826-rno2a,proportional_domain_ablation,include_turkish,2.054045790633126
h100-d512-mix-proportional-zero-c36-seed0-from10pct-20260826-rno2a,proportional_domain_ablation,include_vietnamese,2.0987171945260177
h100-d512-mix-proportional-zero-c36-seed0-from10pct-20260826-rno2a,proportional_domain_ablation,lambada_0shot,0.871805665546351
h100-d512-mix-proportional-zero-c36-seed0-from10pct-20260826-rno2a,proportional_domain_ablation,lb_bbh_3shot,1.554124169508979
h100-d512-mix-proportional-zero-c36-seed0-from10pct-20260826-rno2a,proportional_domain_ablation,logprob_gsm8k_5shot,0.7801211816487904
h100-d512-mix-proportional-zero-c36-seed0-from10pct-20260826-rno2a,proportional_domain_ablation,logprob_humaneval_10shot,0.5403241849168838
h100-d512-mix-proportional-zero-c36-seed0-from10pct-20260826-rno2a,proportional_domain_ablation,medmcqa_0shot,2.9057965628734173
h100-d512-mix-proportional-zero-c36-seed0-from10pct-20260826-rno2a,proportional_domain_ablation,medqa_0shot,3.205389506670721
h100-d512-mix-proportional-zero-c36-seed0-from10pct-20260826-rno2a,proportional_domain_ablation,mmlu_pro_5shot,4.081713596975133
h100-d512-mix-proportional-zero-c36-seed0-from10pct-20260826-rno2a,proportional_domain_ablation,musr_0shot,0.7551095788882373
h100-d512-mix-proportional-zero-c36-seed0-from10pct-20260826-rno2a,proportional_domain_ablation,openbookqa_0shot,1.9575933168459605
h100-d512-mix-proportional-zero-c36-seed0-from10pct-20260826-rno2a,proportional_domain_ablation,piqa_0shot,1.2779154857905188
h100-d512-mix-proportional-zero-c36-seed0-from10pct-20260826-rno2a,proportional_domain_ablation,sciq_0shot,1.5923238217634714
h100-d512-mix-proportional-zero-c36-seed0-from10pct-20260826-rno2a,proportional_domain_ablation,truthfulqa_mc1_0shot,0.7449953170555467
h100-d512-mix-proportional-zero-c36-seed0-from10pct-20260826-rno2a,proportional_domain_ablation,winogrande_0shot,0.4469168098068025
h100-d512-mix-proportional-zero-c37-seed0-from10pct-20260826-rno2a,proportional_domain_ablation,arc_challenge_0shot,1.4910470880886166
h100-d512-mix-proportional-zero-c37-seed0-from10pct-20260826-rno2a,proportional_domain_ablation,belebele_arabic,2.2851796796116313
h100-d512-mix-proportional-zero-c37-seed0-from10pct-20260826-rno2a,proportional_domain_ablation,belebele_bengali,2.871981538674906
h100-d512-mix-proportional-zero-c37-seed0-from10pct-20260826-rno2a,proportional_domain_ablation,belebele_chinese_simplified,2.2685315448897083
h100-d512-mix-proportional-zero-c37-seed0-from10pct-20260826-rno2a,proportional_domain_ablation,belebele_french,2.0934795993422495
h100-d512-mix-proportional-zero-c37-seed0-from10pct-20260826-rno2a,proportional_domain_ablation,belebele_german,2.090092992367188
h100-d512-mix-proportional-zero-c37-seed0-from10pct-20260826-rno2a,proportional_domain_ablation,belebele_hebrew,2.595089324409441
h100-d512-mix-proportional-zero-c37-seed0-from10pct-20260826-rno2a,proportional_domain_ablation,belebele_hindi,2.3495181016106494
h100-d512-mix-proportional-zero-c37-seed0-from10pct-20260826-rno2a,proportional_domain_ablation,belebele_indonesian,2.065986854068169
h100-d512-mix-proportional-zero-c37-seed0-from10pct-20260826-rno2a,proportional_domain_ablation,belebele_japanese,2.368598531833731
h100-d512-mix-proportional-zero-c37-seed0-from10pct-20260826-rno2a,proportional_domain_ablation,belebele_korean,2.19026970175826
h100-d512-mix-proportional-zero-c37-seed0-from10pct-20260826-rno2a,proportional_domain_ablation,belebele_mean,2.318820982438463
h100-d512-mix-proportional-zero-c37-seed0-from10pct-20260826-rno2a,proportional_domain_ablation,belebele_portuguese,2.0803087932080873
h100-d512-mix-proportional-zero-c37-seed0-from10pct-20260826-rno2a,proportional_domain_ablation,belebele_russian,2.115383089236155
h100-d512-mix-proportional-zero-c37-seed0-from10pct-20260826-rno2a,proportional_domain_ablation,belebele_spanish,2.0767152952125083
h100-d512-mix-proportional-zero-c37-seed0-from10pct-20260826-rno2a,proportional_domain_ablation,belebele_swahili,2.3056175811278443
h100-d512-mix-proportional-zero-c37-seed0-from10pct-20260826-rno2a,proportional_domain_ablation,belebele_thai,2.3485787281676163
h100-d512-mix-proportional-zero-c37-seed0-from10pct-20260826-rno2a,proportional_domain_ablation,belebele_turkish,2.265797796478293
h100-d512-mix-proportional-zero-c37-seed0-from10pct-20260826-rno2a,proportional_domain_ablation,belebele_vietnamese,2.300189521073408
h100-d512-mix-proportional-zero-c37-seed0-from10pct-20260826-rno2a,proportional_domain_ablation,belebele_yoruba,3.067459010822491
h100-d512-mix-proportional-zero-c37-seed0-from10pct-20260826-rno2a,proportional_domain_ablation,boolq_0shot,2.330600070710186
h100-d512-mix-proportional-zero-c37-seed0-from10pct-20260826-rno2a,proportional_domain_ablation,copa_0shot,1.8282991463279175
h100-d512-mix-proportional-zero-c37-seed0-from10pct-20260826-rno2a,proportional_domain_ablation,csqa_0shot,4.596930574392835
h100-d512-mix-proportional-zero-c37-seed0-from10pct-20260826-rno2a,proportional_domain_ablation,gpqa_0shot,2.2500022997896227
h100-d512-mix-proportional-zero-c37-seed0-from10pct-20260826-rno2a,proportional_domain_ablation,hellaswag_0shot,0.9596121938264097
h100-d512-mix-proportional-zero-c37-seed0-from10pct-20260826-rno2a,proportional_domain_ablation,include_arabic,2.040504928224001
h100-d512-mix-proportional-zero-c37-seed0-from10pct-20260826-rno2a,proportional_domain_ablation,include_bengali,2.059672869331958
h100-d512-mix-proportional-zero-c37-seed0-from10pct-20260826-rno2a,proportional_domain_ablation,include_chinese,2.04734500752436
h100-d512-mix-proportional-zero-c37-seed0-from10pct-20260826-rno2a,proportional_domain_ablation,include_french,2.0797886514334727
h100-d512-mix-proportional-zero-c37-seed0-from10pct-20260826-rno2a,proportional_domain_ablation,include_german,2.0392435053955054
h100-d512-mix-proportional-zero-c37-seed0-from10pct-20260826-rno2a,proportional_domain_ablation,include_hebrew,2.0394785676540854
h100-d512-mix-proportional-zero-c37-seed0-from10pct-20260826-rno2a,proportional_domain_ablation,include_hindi,2.100038730163861
h100-d512-mix-proportional-zero-c37-seed0-from10pct-20260826-rno2a,proportional_domain_ablation,include_indonesian,2.0518844903641487
h100-d512-mix-proportional-zero-c37-seed0-from10pct-20260826-rno2a,proportional_domain_ablation,include_japanese,2.095245343024532
h100-d512-mix-proportional-zero-c37-seed0-from10pct-20260826-rno2a,proportional_domain_ablation,include_korean,2.0393388533888017
h100-d512-mix-proportional-zero-c37-seed0-from10pct-20260826-rno2a,proportional_domain_ablation,include_mean,2.061934956475098
h100-d512-mix-proportional-zero-c37-seed0-from10pct-20260826-rno2a,proportional_domain_ablation,include_portuguese,2.1109040931862806
h100-d512-mix-proportional-zero-c37-seed0-from10pct-20260826-rno2a,proportional_domain_ablation,include_russian,2.055401604484614
h100-d512-mix-proportional-zero-c37-seed0-from10pct-20260826-rno2a,proportional_domain_ablation,include_spanish,2.0377438488550212
h100-d512-mix-proportional-zero-c37-seed0-from10pct-20260826-rno2a,proportional_domain_ablation,include_turkish,2.036110324110781
h100-d512-mix-proportional-zero-c37-seed0-from10pct-20260826-rno2a,proportional_domain_ablation,include_vietnamese,2.0963235299850473
h100-d512-mix-proportional-zero-c37-seed0-from10pct-20260826-rno2a,proportional_domain_ablation,lambada_0shot,0.8644996014344661
h100-d512-mix-proportional-zero-c37-seed0-from10pct-20260826-rno2a,proportional_domain_ablation,lb_bbh_3shot,1.7268070759311043
h100-d512-mix-proportional-zero-c37-seed0-from10pct-20260826-rno2a,proportional_domain_ablation,logprob_gsm8k_5shot,0.7976117851324954
h100-d512-mix-proportional-zero-c37-seed0-from10pct-20260826-rno2a,proportional_domain_ablation,logprob_humaneval_10shot,0.5374959332245827
h100-d512-mix-proportional-zero-c37-seed0-from10pct-20260826-rno2a,proportional_domain_ablation,medmcqa_0shot,3.2776602056628157
h100-d512-mix-proportional-zero-c37-seed0-from10pct-20260826-rno2a,proportional_domain_ablation,medqa_0shot,2.6187419356130333
h100-d512-mix-proportional-zero-c37-seed0-from10pct-20260826-rno2a,proportional_domain_ablation,mmlu_pro_5shot,3.956663674807893
h100-d512-mix-proportional-zero-c37-seed0-from10pct-20260826-rno2a,proportional_domain_ablation,musr_0shot,0.8549554877013829
h100-d512-mix-proportional-zero-c37-seed0-from10pct-20260826-rno2a,proportional_domain_ablation,openbookqa_0shot,1.959003051642984
h100-d512-mix-proportional-zero-c37-seed0-from10pct-20260826-rno2a,proportional_domain_ablation,piqa_0shot,1.2686380508281097
h100-d512-mix-proportional-zero-c37-seed0-from10pct-20260826-rno2a,proportional_domain_ablation,sciq_0shot,1.4608957932429192
h100-d512-mix-proportional-zero-c37-seed0-from10pct-20260826-rno2a,proportional_domain_ablation,truthfulqa_mc1_0shot,0.7837955513125429
h100-d512-mix-proportional-zero-c37-seed0-from10pct-20260826-rno2a,proportional_domain_ablation,winogrande_0shot,0.44633410892531505
h100-d512-mix-proportional-zero-c38-seed0-from10pct-20260826-rno2a,proportional_domain_ablation,arc_challenge_0shot,1.4741838006944545
h100-d512-mix-proportional-zero-c38-seed0-from10pct-20260826-rno2a,proportional_domain_ablation,belebele_arabic,2.6776061456859406
h100-d512-mix-proportional-zero-c38-seed0-from10pct-20260826-rno2a,proportional_domain_ablation,belebele_bengali,3.266751046891791
h100-d512-mix-proportional-zero-c38-seed0-from10pct-20260826-rno2a,proportional_domain_ablation,belebele_chinese_simplified,2.3034032941790286
h100-d512-mix-proportional-zero-c38-seed0-from10pct-20260826-rno2a,proportional_domain_ablation,belebele_french,2.2241049491603753
h100-d512-mix-proportional-zero-c38-seed0-from10pct-20260826-rno2a,proportional_domain_ablation,belebele_german,2.267206020042793
h100-d512-mix-proportional-zero-c38-seed0-from10pct-20260826-rno2a,proportional_domain_ablation,belebele_hebrew,4.494302603497547
h100-d512-mix-proportional-zero-c38-seed0-from10pct-20260826-rno2a,proportional_domain_ablation,belebele_hindi,2.389903135237215
h100-d512-mix-proportional-zero-c38-seed0-from10pct-20260826-rno2a,proportional_domain_ablation,belebele_indonesian,2.1101938086520784
h100-d512-mix-proportional-zero-c38-seed0-from10pct-20260826-rno2a,proportional_domain_ablation,belebele_japanese,2.2563870367209824
h100-d512-mix-proportional-zero-c38-seed0-from10pct-20260826-rno2a,proportional_domain_ablation,belebele_korean,2.1019551567135326
h100-d512-mix-proportional-zero-c38-seed0-from10pct-20260826-rno2a,proportional_domain_ablation,belebele_mean,2.6354111284764077
h100-d512-mix-proportional-zero-c38-seed0-from10pct-20260826-rno2a,proportional_domain_ablation,belebele_portuguese,2.117653149107646
h100-d512-mix-proportional-zero-c38-seed0-from10pct-20260826-rno2a,proportional_domain_ablation,belebele_russian,2.166019429003576
h100-d512-mix-proportional-zero-c38-seed0-from10pct-20260826-rno2a,proportional_domain_ablation,belebele_spanish,2.116338807241507
h100-d512-mix-proportional-zero-c38-seed0-from10pct-20260826-rno2a,proportional_domain_ablation,belebele_swahili,3.4565880466525
h100-d512-mix-proportional-zero-c38-seed0-from10pct-20260826-rno2a,proportional_domain_ablation,belebele_thai,2.2604662014927213
h100-d512-mix-proportional-zero-c38-seed0-from10pct-20260826-rno2a,proportional_domain_ablation,belebele_turkish,2.903396424165366
h100-d512-mix-proportional-zero-c38-seed0-from10pct-20260826-rno2a,proportional_domain_ablation,belebele_vietnamese,3.0114225291354297
h100-d512-mix-proportional-zero-c38-seed0-from10pct-20260826-rno2a,proportional_domain_ablation,belebele_yoruba,3.313702528995303
h100-d512-mix-proportional-zero-c38-seed0-from10pct-20260826-rno2a,proportional_domain_ablation,boolq_0shot,2.8666581825103337
h100-d512-mix-proportional-zero-c38-seed0-from10pct-20260826-rno2a,proportional_domain_ablation,copa_0shot,1.7999924282093382
h100-d512-mix-proportional-zero-c38-seed0-from10pct-20260826-rno2a,proportional_domain_ablation,csqa_0shot,2.922687820458989
h100-d512-mix-proportional-zero-c38-seed0-from10pct-20260826-rno2a,proportional_domain_ablation,gpqa_0shot,3.5179999383575677
h100-d512-mix-proportional-zero-c38-seed0-from10pct-20260826-rno2a,proportional_domain_ablation,hellaswag_0shot,0.9580725692396466
h100-d512-mix-proportional-zero-c38-seed0-from10pct-20260826-rno2a,proportional_domain_ablation,include_arabic,2.060473468664111
h100-d512-mix-proportional-zero-c38-seed0-from10pct-20260826-rno2a,proportional_domain_ablation,include_bengali,2.0631083445516802
h100-d512-mix-proportional-zero-c38-seed0-from10pct-20260826-rno2a,proportional_domain_ablation,include_chinese,2.0359938368451362
h100-d512-mix-proportional-zero-c38-seed0-from10pct-20260826-rno2a,proportional_domain_ablation,include_french,2.007682249477117
h100-d512-mix-proportional-zero-c38-seed0-from10pct-20260826-rno2a,proportional_domain_ablation,include_german,1.9883358767164672
h100-d512-mix-proportional-zero-c38-seed0-from10pct-20260826-rno2a,proportional_domain_ablation,include_hebrew,2.0890067727884962
h100-d512-mix-proportional-zero-c38-seed0-from10pct-20260826-rno2a,proportional_domain_ablation,include_hindi,2.0470078478576283
h100-d512-mix-proportional-zero-c38-seed0-from10pct-20260826-rno2a,proportional_domain_ablation,include_indonesian,2.05065170074276
h100-d512-mix-proportional-zero-c38-seed0-from10pct-20260826-rno2a,proportional_domain_ablation,include_japanese,2.0709463857774812
h100-d512-mix-proportional-zero-c38-seed0-from10pct-20260826-rno2a,proportional_domain_ablation,include_korean,2.052216798541085
h100-d512-mix-proportional-zero-c38-seed0-from10pct-20260826-rno2a,proportional_domain_ablation,include_mean,2.0453952054088402
h100-d512-mix-proportional-zero-c38-seed0-from10pct-20260826-rno2a,proportional_domain_ablation,include_portuguese,2.052363676038223
h100-d512-mix-proportional-zero-c38-seed0-from10pct-20260826-rno2a,proportional_domain_ablation,include_russian,2.036501167438473
h100-d512-mix-proportional-zero-c38-seed0-from10pct-20260826-rno2a,proportional_domain_ablation,include_spanish,2.0343443960006655
h100-d512-mix-proportional-zero-c38-seed0-from10pct-20260826-rno2a,proportional_domain_ablation,include_turkish,2.0476584232396196
h100-d512-mix-proportional-zero-c38-seed0-from10pct-20260826-rno2a,proportional_domain_ablation,include_vietnamese,2.0446371364536575
h100-d512-mix-proportional-zero-c38-seed0-from10pct-20260826-rno2a,proportional_domain_ablation,lambada_0shot,0.8769621891170872
h100-d512-mix-proportional-zero-c38-seed0-from10pct-20260826-rno2a,proportional_domain_ablation,lb_bbh_3shot,1.507741458165635
h100-d512-mix-proportional-zero-c38-seed0-from10pct-20260826-rno2a,proportional_domain_ablation,logprob_gsm8k_5shot,0.8006754010430165
h100-d512-mix-proportional-zero-c38-seed0-from10pct-20260826-rno2a,proportional_domain_ablation,logprob_humaneval_10shot,0.5454640128690886
h100-d512-mix-proportional-zero-c38-seed0-from10pct-20260826-rno2a,proportional_domain_ablation,medmcqa_0shot,2.5897345561999883
h100-d512-mix-proportional-zero-c38-seed0-from10pct-20260826-rno2a,proportional_domain_ablation,medqa_0shot,2.5695404636905783
h100-d512-mix-proportional-zero-c38-seed0-from10pct-20260826-rno2a,proportional_domain_ablation,mmlu_pro_5shot,4.102429176094478
h100-d512-mix-proportional-zero-c38-seed0-from10pct-20260826-rno2a,proportional_domain_ablation,musr_0shot,0.8878626648510533
h100-d512-mix-proportional-zero-c38-seed0-from10pct-20260826-rno2a,proportional_domain_ablation,openbookqa_0shot,1.9631940983722016
h100-d512-mix-proportional-zero-c38-seed0-from10pct-20260826-rno2a,proportional_domain_ablation,piqa_0shot,1.2735165145024094
h100-d512-mix-proportional-zero-c38-seed0-from10pct-20260826-rno2a,proportional_domain_ablation,sciq_0shot,1.528596836369439
h100-d512-mix-proportional-zero-c38-seed0-from10pct-20260826-rno2a,proportional_domain_ablation,truthfulqa_mc1_0shot,0.7637565977423267
h100-d512-mix-proportional-zero-c38-seed0-from10pct-20260826-rno2a,proportional_domain_ablation,winogrande_0shot,0.4471961204533856
h100-d512-mix-semantic-zero-q0-seed0-from10pct-20260826-rno2a,semantic_quality_ablation,arc_challenge_0shot,1.4677774560051424
h100-d512-mix-semantic-zero-q0-seed0-from10pct-20260826-rno2a,semantic_quality_ablation,belebele_arabic,2.143294918585295
h100-d512-mix-semantic-zero-q0-seed0-from10pct-20260826-rno2a,semantic_quality_ablation,belebele_bengali,2.333453563070484
h100-d512-mix-semantic-zero-q0-seed0-from10pct-20260826-rno2a,semantic_quality_ablation,belebele_chinese_simplified,2.0832294265670654
h100-d512-mix-semantic-zero-q0-seed0-from10pct-20260826-rno2a,semantic_quality_ablation,belebele_french,2.1746230690209045
h100-d512-mix-semantic-zero-q0-seed0-from10pct-20260826-rno2a,semantic_quality_ablation,belebele_german,2.2724832089855806
h100-d512-mix-semantic-zero-q0-seed0-from10pct-20260826-rno2a,semantic_quality_ablation,belebele_hebrew,2.115880527842585
h100-d512-mix-semantic-zero-q0-seed0-from10pct-20260826-rno2a,semantic_quality_ablation,belebele_hindi,2.1855250669350954
h100-d512-mix-semantic-zero-q0-seed0-from10pct-20260826-rno2a,semantic_quality_ablation,belebele_indonesian,2.1723489706145918
h100-d512-mix-semantic-zero-q0-seed0-from10pct-20260826-rno2a,semantic_quality_ablation,belebele_japanese,2.0871236813253455
h100-d512-mix-semantic-zero-q0-seed0-from10pct-20260826-rno2a,semantic_quality_ablation,belebele_korean,2.0515688872685933
h100-d512-mix-semantic-zero-q0-seed0-from10pct-20260826-rno2a,semantic_quality_ablation,belebele_mean,2.2193689020679384
h100-d512-mix-semantic-zero-q0-seed0-from10pct-20260826-rno2a,semantic_quality_ablation,belebele_portuguese,2.094976086027447
h100-d512-mix-semantic-zero-q0-seed0-from10pct-20260826-rno2a,semantic_quality_ablation,belebele_russian,2.1505816785591936
h100-d512-mix-semantic-zero-q0-seed0-from10pct-20260826-rno2a,semantic_quality_ablation,belebele_spanish,2.1286130617973273
h100-d512-mix-semantic-zero-q0-seed0-from10pct-20260826-rno2a,semantic_quality_ablation,belebele_swahili,2.685499194379103
h100-d512-mix-semantic-zero-q0-seed0-from10pct-20260826-rno2a,semantic_quality_ablation,belebele_thai,2.1476164853552957
h100-d512-mix-semantic-zero-q0-seed0-from10pct-20260826-rno2a,semantic_quality_ablation,belebele_turkish,2.357001241980903
h100-d512-mix-semantic-zero-q0-seed0-from10pct-20260826-rno2a,semantic_quality_ablation,belebele_vietnamese,2.347458335340875
h100-d512-mix-semantic-zero-q0-seed0-from10pct-20260826-rno2a,semantic_quality_ablation,belebele_yoruba,2.417362833567201
h100-d512-mix-semantic-zero-q0-seed0-from10pct-20260826-rno2a,semantic_quality_ablation,boolq_0shot,2.106860574899985
h100-d512-mix-semantic-zero-q0-seed0-from10pct-20260826-rno2a,semantic_quality_ablation,copa_0shot,1.853246102569485
h100-d512-mix-semantic-zero-q0-seed0-from10pct-20260826-rno2a,semantic_quality_ablation,csqa_0shot,3.270651497324366
h100-d512-mix-semantic-zero-q0-seed0-from10pct-20260826-rno2a,semantic_quality_ablation,gpqa_0shot,4.12757362330205
h100-d512-mix-semantic-zero-q0-seed0-from10pct-20260826-rno2a,semantic_quality_ablation,hellaswag_0shot,0.970061548078333
h100-d512-mix-semantic-zero-q0-seed0-from10pct-20260826-rno2a,semantic_quality_ablation,include_arabic,2.0606738597644254
h100-d512-mix-semantic-zero-q0-seed0-from10pct-20260826-rno2a,semantic_quality_ablation,include_bengali,2.0347752730060464
h100-d512-mix-semantic-zero-q0-seed0-from10pct-20260826-rno2a,semantic_quality_ablation,include_chinese,2.0523001290598133
h100-d512-mix-semantic-zero-q0-seed0-from10pct-20260826-rno2a,semantic_quality_ablation,include_french,2.0281399954361157
h100-d512-mix-semantic-zero-q0-seed0-from10pct-20260826-rno2a,semantic_quality_ablation,include_german,2.0040981293543845
h100-d512-mix-semantic-zero-q0-seed0-from10pct-20260826-rno2a,semantic_quality_ablation,include_hebrew,2.0316792818609652
h100-d512-mix-semantic-zero-q0-seed0-from10pct-20260826-rno2a,semantic_quality_ablation,include_hindi,2.0792594445221892
h100-d512-mix-semantic-zero-q0-seed0-from10pct-20260826-rno2a,semantic_quality_ablation,include_indonesian,2.0472702730773444
h100-d512-mix-semantic-zero-q0-seed0-from10pct-20260826-rno2a,semantic_quality_ablation,include_japanese,2.051998458282156
h100-d512-mix-semantic-zero-q0-seed0-from10pct-20260826-rno2a,semantic_quality_ablation,include_korean,2.075660508684032
h100-d512-mix-semantic-zero-q0-seed0-from10pct-20260826-rno2a,semantic_quality_ablation,include_mean,2.052406906595292
h100-d512-mix-semantic-zero-q0-seed0-from10pct-20260826-rno2a,semantic_quality_ablation,include_portuguese,2.0651489056315198
h100-d512-mix-semantic-zero-q0-seed0-from10pct-20260826-rno2a,semantic_quality_ablation,include_russian,2.0712267857903353
h100-d512-mix-semantic-zero-q0-seed0-from10pct-20260826-rno2a,semantic_quality_ablation,include_spanish,2.0603551620297056
h100-d512-mix-semantic-zero-q0-seed0-from10pct-20260826-rno2a,semantic_quality_ablation,include_turkish,2.060783077443054
h100-d512-mix-semantic-zero-q0-seed0-from10pct-20260826-rno2a,semantic_quality_ablation,include_vietnamese,2.062734314987293
h100-d512-mix-semantic-zero-q0-seed0-from10pct-20260826-rno2a,semantic_quality_ablation,lambada_0shot,0.8795002582663851
h100-d512-mix-semantic-zero-q0-seed0-from10pct-20260826-rno2a,semantic_quality_ablation,lb_bbh_3shot,1.571960503119348
h100-d512-mix-semantic-zero-q0-seed0-from10pct-20260826-rno2a,semantic_quality_ablation,logprob_gsm8k_5shot,0.7580187988382745
h100-d512-mix-semantic-zero-q0-seed0-from10pct-20260826-rno2a,semantic_quality_ablation,logprob_humaneval_10shot,0.5233652890093174
h100-d512-mix-semantic-zero-q0-seed0-from10pct-20260826-rno2a,semantic_quality_ablation,medmcqa_0shot,2.642864168309186
h100-d512-mix-semantic-zero-q0-seed0-from10pct-20260826-rno2a,semantic_quality_ablation,medqa_0shot,2.8124095509672236
h100-d512-mix-semantic-zero-q0-seed0-from10pct-20260826-rno2a,semantic_quality_ablation,mmlu_pro_5shot,3.828091769768891
h100-d512-mix-semantic-zero-q0-seed0-from10pct-20260826-rno2a,semantic_quality_ablation,musr_0shot,0.9242268067204504
h100-d512-mix-semantic-zero-q0-seed0-from10pct-20260826-rno2a,semantic_quality_ablation,openbookqa_0shot,1.9723882403257984
h100-d512-mix-semantic-zero-q0-seed0-from10pct-20260826-rno2a,semantic_quality_ablation,piqa_0shot,1.2796922546296519
h100-d512-mix-semantic-zero-q0-seed0-from10pct-20260826-rno2a,semantic_quality_ablation,sciq_0shot,1.5641834375106058
h100-d512-mix-semantic-zero-q0-seed0-from10pct-20260826-rno2a,semantic_quality_ablation,truthfulqa_mc1_0shot,0.7540846486887128
h100-d512-mix-semantic-zero-q0-seed0-from10pct-20260826-rno2a,semantic_quality_ablation,winogrande_0shot,0.4474630199728506
h100-d512-mix-semantic-zero-q4-seed0-from10pct-20260826-rno2a,semantic_quality_ablation,arc_challenge_0shot,1.5155769112239599
h100-d512-mix-semantic-zero-q4-seed0-from10pct-20260826-rno2a,semantic_quality_ablation,belebele_arabic,2.3306408520734876
h100-d512-mix-semantic-zero-q4-seed0-from10pct-20260826-rno2a,semantic_quality_ablation,belebele_bengali,2.523664234600659
h100-d512-mix-semantic-zero-q4-seed0-from10pct-20260826-rno2a,semantic_quality_ablation,belebele_chinese_simplified,2.1321686352297378
h100-d512-mix-semantic-zero-q4-seed0-from10pct-20260826-rno2a,semantic_quality_ablation,belebele_french,2.1615746460277374
h100-d512-mix-semantic-zero-q4-seed0-from10pct-20260826-rno2a,semantic_quality_ablation,belebele_german,2.167516304751754
h100-d512-mix-semantic-zero-q4-seed0-from10pct-20260826-rno2a,semantic_quality_ablation,belebele_hebrew,2.2844591500788907
h100-d512-mix-semantic-zero-q4-seed0-from10pct-20260826-rno2a,semantic_quality_ablation,belebele_hindi,2.2728866446458813
h100-d512-mix-semantic-zero-q4-seed0-from10pct-20260826-rno2a,semantic_quality_ablation,belebele_indonesian,2.0975570314843224
h100-d512-mix-semantic-zero-q4-seed0-from10pct-20260826-rno2a,semantic_quality_ablation,belebele_japanese,2.1309289547586343
h100-d512-mix-semantic-zero-q4-seed0-from10pct-20260826-rno2a,semantic_quality_ablation,belebele_korean,2.062474280693583
h100-d512-mix-semantic-zero-q4-seed0-from10pct-20260826-rno2a,semantic_quality_ablation,belebele_mean,2.247876158471167
h100-d512-mix-semantic-zero-q4-seed0-from10pct-20260826-rno2a,semantic_quality_ablation,belebele_portuguese,2.219276546651902
h100-d512-mix-semantic-zero-q4-seed0-from10pct-20260826-rno2a,semantic_quality_ablation,belebele_russian,2.1276068204486323
h100-d512-mix-semantic-zero-q4-seed0-from10pct-20260826-rno2a,semantic_quality_ablation,belebele_spanish,2.182495190578472
h100-d512-mix-semantic-zero-q4-seed0-from10pct-20260826-rno2a,semantic_quality_ablation,belebele_swahili,2.353023870396105
h100-d512-mix-semantic-zero-q4-seed0-from10pct-20260826-rno2a,semantic_quality_ablation,belebele_thai,2.0949660866694924
h100-d512-mix-semantic-zero-q4-seed0-from10pct-20260826-rno2a,semantic_quality_ablation,belebele_turkish,2.2295958575992887
h100-d512-mix-semantic-zero-q4-seed0-from10pct-20260826-rno2a,semantic_quality_ablation,belebele_vietnamese,2.280964197568983
h100-d512-mix-semantic-zero-q4-seed0-from10pct-20260826-rno2a,semantic_quality_ablation,belebele_yoruba,2.809971548223445
h100-d512-mix-semantic-zero-q4-seed0-from10pct-20260826-rno2a,semantic_quality_ablation,boolq_0shot,2.2709162072571716
h100-d512-mix-semantic-zero-q4-seed0-from10pct-20260826-rno2a,semantic_quality_ablation,copa_0shot,1.7824166517009004
h100-d512-mix-semantic-zero-q4-seed0-from10pct-20260826-rno2a,semantic_quality_ablation,csqa_0shot,4.441290663807087
h100-d512-mix-semantic-zero-q4-seed0-from10pct-20260826-rno2a,semantic_quality_ablation,gpqa_0shot,2.9531489186808577
h100-d512-mix-semantic-zero-q4-seed0-from10pct-20260826-rno2a,semantic_quality_ablation,hellaswag_0shot,0.9617165374036936
h100-d512-mix-semantic-zero-q4-seed0-from10pct-20260826-rno2a,semantic_quality_ablation,include_arabic,1.9852541726633137
h100-d512-mix-semantic-zero-q4-seed0-from10pct-20260826-rno2a,semantic_quality_ablation,include_bengali,2.0546728083083146
h100-d512-mix-semantic-zero-q4-seed0-from10pct-20260826-rno2a,semantic_quality_ablation,include_chinese,2.0427771476863157
h100-d512-mix-semantic-zero-q4-seed0-from10pct-20260826-rno2a,semantic_quality_ablation,include_french,2.0482093943079707
h100-d512-mix-semantic-zero-q4-seed0-from10pct-20260826-rno2a,semantic_quality_ablation,include_german,2.0257026796589526
h100-d512-mix-semantic-zero-q4-seed0-from10pct-20260826-rno2a,semantic_quality_ablation,include_hebrew,2.0869096863877186
h100-d512-mix-semantic-zero-q4-seed0-from10pct-20260826-rno2a,semantic_quality_ablation,include_hindi,2.0641032503405157
h100-d512-mix-semantic-zero-q4-seed0-from10pct-20260826-rno2a,semantic_quality_ablation,include_indonesian,2.0383066567641435
h100-d512-mix-semantic-zero-q4-seed0-from10pct-20260826-rno2a,semantic_quality_ablation,include_japanese,2.072550801629018
h100-d512-mix-semantic-zero-q4-seed0-from10pct-20260826-rno2a,semantic_quality_ablation,include_korean,2.0428704591661173
h100-d512-mix-semantic-zero-q4-seed0-from10pct-20260826-rno2a,semantic_quality_ablation,include_mean,2.0452208635899662
h100-d512-mix-semantic-zero-q4-seed0-from10pct-20260826-rno2a,semantic_quality_ablation,include_portuguese,2.059929252310104
h100-d512-mix-semantic-zero-q4-seed0-from10pct-20260826-rno2a,semantic_quality_ablation,include_russian,2.0376008246638713
h100-d512-mix-semantic-zero-q4-seed0-from10pct-20260826-rno2a,semantic_quality_ablation,include_spanish,2.0344597330385095
h100-d512-mix-semantic-zero-q4-seed0-from10pct-20260826-rno2a,semantic_quality_ablation,include_turkish,2.0341279580827685
h100-d512-mix-semantic-zero-q4-seed0-from10pct-20260826-rno2a,semantic_quality_ablation,include_vietnamese,2.050838128841861
h100-d512-mix-semantic-zero-q4-seed0-from10pct-20260826-rno2a,semantic_quality_ablation,lambada_0shot,0.8590351769246561
h100-d512-mix-semantic-zero-q4-seed0-from10pct-20260826-rno2a,semantic_quality_ablation,lb_bbh_3shot,1.5291205642972332
h100-d512-mix-semantic-zero-q4-seed0-from10pct-20260826-rno2a,semantic_quality_ablation,logprob_gsm8k_5shot,0.7635311004835339
h100-d512-mix-semantic-zero-q4-seed0-from10pct-20260826-rno2a,semantic_quality_ablation,logprob_humaneval_10shot,0.5424120396528066
h100-d512-mix-semantic-zero-q4-seed0-from10pct-20260826-rno2a,semantic_quality_ablation,medmcqa_0shot,2.5515601901676854
h100-d512-mix-semantic-zero-q4-seed0-from10pct-20260826-rno2a,semantic_quality_ablation,medqa_0shot,2.240871589330745
h100-d512-mix-semantic-zero-q4-seed0-from10pct-20260826-rno2a,semantic_quality_ablation,mmlu_pro_5shot,4.121712503458594
h100-d512-mix-semantic-zero-q4-seed0-from10pct-20260826-rno2a,semantic_quality_ablation,musr_0shot,0.9313275085985894
h100-d512-mix-semantic-zero-q4-seed0-from10pct-20260826-rno2a,semantic_quality_ablation,openbookqa_0shot,1.9821980722701518
h100-d512-mix-semantic-zero-q4-seed0-from10pct-20260826-rno2a,semantic_quality_ablation,piqa_0shot,1.2854965551558828
h100-d512-mix-semantic-zero-q4-seed0-from10pct-20260826-rno2a,semantic_quality_ablation,sciq_0shot,1.5381791459556078
h100-d512-mix-semantic-zero-q4-seed0-from10pct-20260826-rno2a,semantic_quality_ablation,truthfulqa_mc1_0shot,0.7426525187643813
h100-d512-mix-semantic-zero-q4-seed0-from10pct-20260826-rno2a,semantic_quality_ablation,winogrande_0shot,0.4449771106073723
h100-d512-mix-proportional-seed3-from10pct-20260826-rno2a,proportional_baseline,arc_challenge_0shot,1.531160816873838
h100-d512-mix-proportional-seed3-from10pct-20260826-rno2a,proportional_baseline,belebele_arabic,2.854244344454317
h100-d512-mix-proportional-seed3-from10pct-20260826-rno2a,proportional_baseline,belebele_bengali,3.88716418207079
h100-d512-mix-proportional-seed3-from10pct-20260826-rno2a,proportional_baseline,belebele_chinese_simplified,2.4303534665678446
h100-d512-mix-proportional-seed3-from10pct-20260826-rno2a,proportional_baseline,belebele_french,2.324444014186794
h100-d512-mix-proportional-seed3-from10pct-20260826-rno2a,proportional_baseline,belebele_german,2.356807121914314
h100-d512-mix-proportional-seed3-from10pct-20260826-rno2a,proportional_baseline,belebele_hebrew,2.6599550830521905
h100-d512-mix-proportional-seed3-from10pct-20260826-rno2a,proportional_baseline,belebele_hindi,2.982016512222496
h100-d512-mix-proportional-seed3-from10pct-20260826-rno2a,proportional_baseline,belebele_indonesian,2.3495979876475217
h100-d512-mix-proportional-seed3-from10pct-20260826-rno2a,proportional_baseline,belebele_japanese,2.6651300992996596
h100-d512-mix-proportional-seed3-from10pct-20260826-rno2a,proportional_baseline,belebele_korean,2.5237130320981014
h100-d512-mix-proportional-seed3-from10pct-20260826-rno2a,proportional_baseline,belebele_mean,2.6664785730762457
h100-d512-mix-proportional-seed3-from10pct-20260826-rno2a,proportional_baseline,belebele_portuguese,2.266686027058254
h100-d512-mix-proportional-seed3-from10pct-20260826-rno2a,proportional_baseline,belebele_russian,2.3028473255769444
h100-d512-mix-proportional-seed3-from10pct-20260826-rno2a,proportional_baseline,belebele_spanish,2.3217916696546874
h100-d512-mix-proportional-seed3-from10pct-20260826-rno2a,proportional_baseline,belebele_swahili,2.7189681613483603
h100-d512-mix-proportional-seed3-from10pct-20260826-rno2a,proportional_baseline,belebele_thai,2.565809603051713
h100-d512-mix-proportional-seed3-from10pct-20260826-rno2a,proportional_baseline,belebele_turkish,2.6841286258427366
h100-d512-mix-proportional-seed3-from10pct-20260826-rno2a,proportional_baseline,belebele_vietnamese,2.843450782174775
h100-d512-mix-proportional-seed3-from10pct-20260826-rno2a,proportional_baseline,belebele_yoruba,3.2595062771509165
h100-d512-mix-proportional-seed3-from10pct-20260826-rno2a,proportional_baseline,boolq_0shot,2.481154408144664
h100-d512-mix-proportional-seed3-from10pct-20260826-rno2a,proportional_baseline,copa_0shot,1.8316271154097563
h100-d512-mix-proportional-seed3-from10pct-20260826-rno2a,proportional_baseline,csqa_0shot,3.1860077011765804
h100-d512-mix-proportional-seed3-from10pct-20260826-rno2a,proportional_baseline,gpqa_0shot,3.343160533313855
h100-d512-mix-proportional-seed3-from10pct-20260826-rno2a,proportional_baseline,hellaswag_0shot,0.9615934100328978
h100-d512-mix-proportional-seed3-from10pct-20260826-rno2a,proportional_baseline,include_arabic,2.0272961010709967
h100-d512-mix-proportional-seed3-from10pct-20260826-rno2a,proportional_baseline,include_bengali,2.0689159231224705
h100-d512-mix-proportional-seed3-from10pct-20260826-rno2a,proportional_baseline,include_chinese,2.066049714564183
h100-d512-mix-proportional-seed3-from10pct-20260826-rno2a,proportional_baseline,include_french,2.0737639799351792
h100-d512-mix-proportional-seed3-from10pct-20260826-rno2a,proportional_baseline,include_german,2.0620012698993673
h100-d512-mix-proportional-seed3-from10pct-20260826-rno2a,proportional_baseline,include_hebrew,2.0802149784005524
h100-d512-mix-proportional-seed3-from10pct-20260826-rno2a,proportional_baseline,include_hindi,2.1540588741276503
h100-d512-mix-proportional-seed3-from10pct-20260826-rno2a,proportional_baseline,include_indonesian,2.067484979400596
h100-d512-mix-proportional-seed3-from10pct-20260826-rno2a,proportional_baseline,include_japanese,2.107225167371098
h100-d512-mix-proportional-seed3-from10pct-20260826-rno2a,proportional_baseline,include_korean,2.0818280841239707
h100-d512-mix-proportional-seed3-from10pct-20260826-rno2a,proportional_baseline,include_mean,2.0796837003449204
h100-d512-mix-proportional-seed3-from10pct-20260826-rno2a,proportional_baseline,include_portuguese,2.09742409207527
h100-d512-mix-proportional-seed3-from10pct-20260826-rno2a,proportional_baseline,include_russian,2.082718980420483
h100-d512-mix-proportional-seed3-from10pct-20260826-rno2a,proportional_baseline,include_spanish,2.080044097064048
h100-d512-mix-proportional-seed3-from10pct-20260826-rno2a,proportional_baseline,include_turkish,2.086400680862906
h100-d512-mix-proportional-seed3-from10pct-20260826-rno2a,proportional_baseline,include_vietnamese,2.059828582735032
h100-d512-mix-proportional-seed3-from10pct-20260826-rno2a,proportional_baseline,lambada_0shot,0.8696045172861175
h100-d512-mix-proportional-seed3-from10pct-20260826-rno2a,proportional_baseline,lb_bbh_3shot,1.771969284228506
h100-d512-mix-proportional-seed3-from10pct-20260826-rno2a,proportional_baseline,logprob_gsm8k_5shot,0.6699054501824406
h100-d512-mix-proportional-seed3-from10pct-20260826-rno2a,proportional_baseline,logprob_humaneval_10shot,0.5461553106672079
h100-d512-mix-proportional-seed3-from10pct-20260826-rno2a,proportional_baseline,medmcqa_0shot,3.0593764813318916
h100-d512-mix-proportional-seed3-from10pct-20260826-rno2a,proportional_baseline,medqa_0shot,2.715429206404655
h100-d512-mix-proportional-seed3-from10pct-20260826-rno2a,proportional_baseline,mmlu_pro_5shot,3.848617526074812
h100-d512-mix-proportional-seed3-from10pct-20260826-rno2a,proportional_baseline,musr_0shot,0.8154855685984275
h100-d512-mix-proportional-seed3-from10pct-20260826-rno2a,proportional_baseline,openbookqa_0shot,1.977829556816884
h100-d512-mix-proportional-seed3-from10pct-20260826-rno2a,proportional_baseline,piqa_0shot,1.2750929101607278
h100-d512-mix-proportional-seed3-from10pct-20260826-rno2a,proportional_baseline,sciq_0shot,1.6251816849713032
h100-d512-mix-proportional-seed3-from10pct-20260826-rno2a,proportional_baseline,truthfulqa_mc1_0shot,0.762991104082344
h100-d512-mix-proportional-seed3-from10pct-20260826-rno2a,proportional_baseline,winogrande_0shot,0.4500224772143011
h100-d512-mix-proportional-seed4-from10pct-20260826-rno2a,proportional_baseline,arc_challenge_0shot,1.492970214819107
h100-d512-mix-proportional-seed4-from10pct-20260826-rno2a,proportional_baseline,belebele_arabic,2.265923178710075
h100-d512-mix-proportional-seed4-from10pct-20260826-rno2a,proportional_baseline,belebele_bengali,2.122030454499326
h100-d512-mix-proportional-seed4-from10pct-20260826-rno2a,proportional_baseline,belebele_chinese_simplified,2.1504060350665175
h100-d512-mix-proportional-seed4-from10pct-20260826-rno2a,proportional_baseline,belebele_french,2.2038625627766866
h100-d512-mix-proportional-seed4-from10pct-20260826-rno2a,proportional_baseline,belebele_german,2.1783466814464476
h100-d512-mix-proportional-seed4-from10pct-20260826-rno2a,proportional_baseline,belebele_hebrew,2.172865347090622
h100-d512-mix-proportional-seed4-from10pct-20260826-rno2a,proportional_baseline,belebele_hindi,2.409366043314755
h100-d512-mix-proportional-seed4-from10pct-20260826-rno2a,proportional_baseline,belebele_indonesian,2.2154969039029915
h100-d512-mix-proportional-seed4-from10pct-20260826-rno2a,proportional_baseline,belebele_japanese,2.1344085765439478
h100-d512-mix-proportional-seed4-from10pct-20260826-rno2a,proportional_baseline,belebele_korean,2.1616243530267663
h100-d512-mix-proportional-seed4-from10pct-20260826-rno2a,proportional_baseline,belebele_mean,2.299228702136943
h100-d512-mix-proportional-seed4-from10pct-20260826-rno2a,proportional_baseline,belebele_portuguese,2.1351236969356795
h100-d512-mix-proportional-seed4-from10pct-20260826-rno2a,proportional_baseline,belebele_russian,2.1190268922526574
h100-d512-mix-proportional-seed4-from10pct-20260826-rno2a,proportional_baseline,belebele_spanish,2.1355125118730967
h100-d512-mix-proportional-seed4-from10pct-20260826-rno2a,proportional_baseline,belebele_swahili,2.7863861897295865
h100-d512-mix-proportional-seed4-from10pct-20260826-rno2a,proportional_baseline,belebele_thai,2.14673595329206
h100-d512-mix-proportional-seed4-from10pct-20260826-rno2a,proportional_baseline,belebele_turkish,2.6224311336961916
h100-d512-mix-proportional-seed4-from10pct-20260826-rno2a,proportional_baseline,belebele_vietnamese,2.3676952818177734
h100-d512-mix-proportional-seed4-from10pct-20260826-rno2a,proportional_baseline,belebele_yoruba,3.058874842489797
h100-d512-mix-proportional-seed4-from10pct-20260826-rno2a,proportional_baseline,boolq_0shot,2.4996524258123256
h100-d512-mix-proportional-seed4-from10pct-20260826-rno2a,proportional_baseline,copa_0shot,1.7958495137556787
h100-d512-mix-proportional-seed4-from10pct-20260826-rno2a,proportional_baseline,csqa_0shot,3.108467499962642
h100-d512-mix-proportional-seed4-from10pct-20260826-rno2a,proportional_baseline,gpqa_0shot,2.6456094194326925
h100-d512-mix-proportional-seed4-from10pct-20260826-rno2a,proportional_baseline,hellaswag_0shot,0.9603500274009262
h100-d512-mix-proportional-seed4-from10pct-20260826-rno2a,proportional_baseline,include_arabic,2.2243789532386784
h100-d512-mix-proportional-seed4-from10pct-20260826-rno2a,proportional_baseline,include_bengali,2.1100352902669997
h100-d512-mix-proportional-seed4-from10pct-20260826-rno2a,proportional_baseline,include_chinese,2.1059756243903225
h100-d512-mix-proportional-seed4-from10pct-20260826-rno2a,proportional_baseline,include_french,2.055825283975899
h100-d512-mix-proportional-seed4-from10pct-20260826-rno2a,proportional_baseline,include_german,2.1144487217344863
h100-d512-mix-proportional-seed4-from10pct-20260826-rno2a,proportional_baseline,include_hebrew,2.111710096368695
h100-d512-mix-proportional-seed4-from10pct-20260826-rno2a,proportional_baseline,include_hindi,2.168905176637986
h100-d512-mix-proportional-seed4-from10pct-20260826-rno2a,proportional_baseline,include_indonesian,2.1358975401694704
h100-d512-mix-proportional-seed4-from10pct-20260826-rno2a,proportional_baseline,include_japanese,2.116570257326779
h100-d512-mix-proportional-seed4-from10pct-20260826-rno2a,proportional_baseline,include_korean,2.189956097471133
h100-d512-mix-proportional-seed4-from10pct-20260826-rno2a,proportional_baseline,include_mean,2.1269762505325898
h100-d512-mix-proportional-seed4-from10pct-20260826-rno2a,proportional_baseline,include_portuguese,2.1717036730314954
h100-d512-mix-proportional-seed4-from10pct-20260826-rno2a,proportional_baseline,include_russian,2.1078247697594765
h100-d512-mix-proportional-seed4-from10pct-20260826-rno2a,proportional_baseline,include_spanish,2.089670123787834
h100-d512-mix-proportional-seed4-from10pct-20260826-rno2a,proportional_baseline,include_turkish,2.1079949637318696
h100-d512-mix-proportional-seed4-from10pct-20260826-rno2a,proportional_baseline,include_vietnamese,2.093747186097719
h100-d512-mix-proportional-seed4-from10pct-20260826-rno2a,proportional_baseline,lambada_0shot,0.86969579684294
h100-d512-mix-proportional-seed4-from10pct-20260826-rno2a,proportional_baseline,lb_bbh_3shot,1.857826803459935
h100-d512-mix-proportional-seed4-from10pct-20260826-rno2a,proportional_baseline,logprob_gsm8k_5shot,0.6552802074396176
h100-d512-mix-proportional-seed4-from10pct-20260826-rno2a,proportional_baseline,logprob_humaneval_10shot,0.5436004838356644
h100-d512-mix-proportional-seed4-from10pct-20260826-rno2a,proportional_baseline,medmcqa_0shot,3.6049682873051165
h100-d512-mix-proportional-seed4-from10pct-20260826-rno2a,proportional_baseline,medqa_0shot,3.6682558193355317
h100-d512-mix-proportional-seed4-from10pct-20260826-rno2a,proportional_baseline,mmlu_pro_5shot,4.269726597731458
h100-d512-mix-proportional-seed4-from10pct-20260826-rno2a,proportional_baseline,musr_0shot,0.8527509449457278
h100-d512-mix-proportional-seed4-from10pct-20260826-rno2a,proportional_baseline,openbookqa_0shot,1.960411595477282
h100-d512-mix-proportional-seed4-from10pct-20260826-rno2a,proportional_baseline,piqa_0shot,1.261840467327637
h100-d512-mix-proportional-seed4-from10pct-20260826-rno2a,proportional_baseline,sciq_0shot,1.5297056212202387
h100-d512-mix-proportional-seed4-from10pct-20260826-rno2a,proportional_baseline,truthfulqa_mc1_0shot,0.7853549936577744
h100-d512-mix-proportional-seed4-from10pct-20260826-rno2a,proportional_baseline,winogrande_0shot,0.448034661768578
h100-d512-mix-proportional-seed5-from10pct-20260826-rno2a,proportional_baseline,arc_challenge_0shot,1.530572939051206
h100-d512-mix-proportional-seed5-from10pct-20260826-rno2a,proportional_baseline,belebele_arabic,2.222560004070193
h100-d512-mix-proportional-seed5-from10pct-20260826-rno2a,proportional_baseline,belebele_bengali,2.1783325114136645
h100-d512-mix-proportional-seed5-from10pct-20260826-rno2a,proportional_baseline,belebele_chinese_simplified,2.0805895002333576
h100-d512-mix-proportional-seed5-from10pct-20260826-rno2a,proportional_baseline,belebele_french,2.108719057229838
h100-d512-mix-proportional-seed5-from10pct-20260826-rno2a,proportional_baseline,belebele_german,2.1095852968659625
h100-d512-mix-proportional-seed5-from10pct-20260826-rno2a,proportional_baseline,belebele_hebrew,2.394839013621592
h100-d512-mix-proportional-seed5-from10pct-20260826-rno2a,proportional_baseline,belebele_hindi,2.1408414755241107
h100-d512-mix-proportional-seed5-from10pct-20260826-rno2a,proportional_baseline,belebele_indonesian,2.081918726146919
h100-d512-mix-proportional-seed5-from10pct-20260826-rno2a,proportional_baseline,belebele_japanese,2.1371203213994665
h100-d512-mix-proportional-seed5-from10pct-20260826-rno2a,proportional_baseline,belebele_korean,2.1178431549670402
h100-d512-mix-proportional-seed5-from10pct-20260826-rno2a,proportional_baseline,belebele_mean,2.166796877086382
h100-d512-mix-proportional-seed5-from10pct-20260826-rno2a,proportional_baseline,belebele_portuguese,2.0835999493341903
h100-d512-mix-proportional-seed5-from10pct-20260826-rno2a,proportional_baseline,belebele_russian,2.083298155611644
h100-d512-mix-proportional-seed5-from10pct-20260826-rno2a,proportional_baseline,belebele_spanish,2.0867448671790747
h100-d512-mix-proportional-seed5-from10pct-20260826-rno2a,proportional_baseline,belebele_swahili,2.1912419566598578
h100-d512-mix-proportional-seed5-from10pct-20260826-rno2a,proportional_baseline,belebele_thai,2.086143670675017
h100-d512-mix-proportional-seed5-from10pct-20260826-rno2a,proportional_baseline,belebele_turkish,2.3848200785908933
h100-d512-mix-proportional-seed5-from10pct-20260826-rno2a,proportional_baseline,belebele_vietnamese,2.2476873059836904
h100-d512-mix-proportional-seed5-from10pct-20260826-rno2a,proportional_baseline,belebele_yoruba,2.2664587420483606
h100-d512-mix-proportional-seed5-from10pct-20260826-rno2a,proportional_baseline,boolq_0shot,2.4517899624626027
h100-d512-mix-proportional-seed5-from10pct-20260826-rno2a,proportional_baseline,copa_0shot,1.8172002419690663
h100-d512-mix-proportional-seed5-from10pct-20260826-rno2a,proportional_baseline,csqa_0shot,4.835239331384169
h100-d512-mix-proportional-seed5-from10pct-20260826-rno2a,proportional_baseline,gpqa_0shot,4.30365275085643
h100-d512-mix-proportional-seed5-from10pct-20260826-rno2a,proportional_baseline,hellaswag_0shot,0.957188343137951
h100-d512-mix-proportional-seed5-from10pct-20260826-rno2a,proportional_baseline,include_arabic,2.0578218194341846
h100-d512-mix-proportional-seed5-from10pct-20260826-rno2a,proportional_baseline,include_bengali,2.0469519094086035
h100-d512-mix-proportional-seed5-from10pct-20260826-rno2a,proportional_baseline,include_chinese,2.0477786538893987
h100-d512-mix-proportional-seed5-from10pct-20260826-rno2a,proportional_baseline,include_french,2.0217516329648717
h100-d512-mix-proportional-seed5-from10pct-20260826-rno2a,proportional_baseline,include_german,2.045195991975377
h100-d512-mix-proportional-seed5-from10pct-20260826-rno2a,proportional_baseline,include_hebrew,2.09305854067183
h100-d512-mix-proportional-seed5-from10pct-20260826-rno2a,proportional_baseline,include_hindi,2.0623387539322144
h100-d512-mix-proportional-seed5-from10pct-20260826-rno2a,proportional_baseline,include_indonesian,2.061661942183497
h100-d512-mix-proportional-seed5-from10pct-20260826-rno2a,proportional_baseline,include_japanese,2.0633565377119134
h100-d512-mix-proportional-seed5-from10pct-20260826-rno2a,proportional_baseline,include_korean,2.0379146456229686
h100-d512-mix-proportional-seed5-from10pct-20260826-rno2a,proportional_baseline,include_mean,2.058612055996111
h100-d512-mix-proportional-seed5-from10pct-20260826-rno2a,proportional_baseline,include_portuguese,2.0701265937210698
h100-d512-mix-proportional-seed5-from10pct-20260826-rno2a,proportional_baseline,include_russian,2.0634253285661326
h100-d512-mix-proportional-seed5-from10pct-20260826-rno2a,proportional_baseline,include_spanish,2.0381695492242664
h100-d512-mix-proportional-seed5-from10pct-20260826-rno2a,proportional_baseline,include_turkish,2.095642535011662
h100-d512-mix-proportional-seed5-from10pct-20260826-rno2a,proportional_baseline,include_vietnamese,2.073986405623675
h100-d512-mix-proportional-seed5-from10pct-20260826-rno2a,proportional_baseline,lambada_0shot,0.869336389353901
h100-d512-mix-proportional-seed5-from10pct-20260826-rno2a,proportional_baseline,lb_bbh_3shot,1.64316041102273
h100-d512-mix-proportional-seed5-from10pct-20260826-rno2a,proportional_baseline,logprob_gsm8k_5shot,0.7341830091781014
h100-d512-mix-proportional-seed5-from10pct-20260826-rno2a,proportional_baseline,logprob_humaneval_10shot,0.525892703485143
h100-d512-mix-proportional-seed5-from10pct-20260826-rno2a,proportional_baseline,medmcqa_0shot,3.465358612382333
h100-d512-mix-proportional-seed5-from10pct-20260826-rno2a,proportional_baseline,medqa_0shot,5.141417925521228
h100-d512-mix-proportional-seed5-from10pct-20260826-rno2a,proportional_baseline,mmlu_pro_5shot,4.098916479092297
h100-d512-mix-proportional-seed5-from10pct-20260826-rno2a,proportional_baseline,musr_0shot,0.7349936556477926
h100-d512-mix-proportional-seed5-from10pct-20260826-rno2a,proportional_baseline,openbookqa_0shot,1.9673337354667528
h100-d512-mix-proportional-seed5-from10pct-20260826-rno2a,proportional_baseline,piqa_0shot,1.2717473072144725
h100-d512-mix-proportional-seed5-from10pct-20260826-rno2a,proportional_baseline,sciq_0shot,1.63158218457246
h100-d512-mix-proportional-seed5-from10pct-20260826-rno2a,proportional_baseline,truthfulqa_mc1_0shot,0.7696857651301133
h100-d512-mix-proportional-seed5-from10pct-20260826-rno2a,proportional_baseline,winogrande_0shot,0.4477183886555868
h100-d512-mix-proportional-seed6-from10pct-20260826-rno2a,proportional_baseline,arc_challenge_0shot,1.5630416040062856
h100-d512-mix-proportional-seed6-from10pct-20260826-rno2a,proportional_baseline,belebele_arabic,2.1539025133491747
h100-d512-mix-proportional-seed6-from10pct-20260826-rno2a,proportional_baseline,belebele_bengali,2.186030055579893
h100-d512-mix-proportional-seed6-from10pct-20260826-rno2a,proportional_baseline,belebele_chinese_simplified,2.114950551244954
h100-d512-mix-proportional-seed6-from10pct-20260826-rno2a,proportional_baseline,belebele_french,2.101252594303879
h100-d512-mix-proportional-seed6-from10pct-20260826-rno2a,proportional_baseline,belebele_german,2.143852279960209
h100-d512-mix-proportional-seed6-from10pct-20260826-rno2a,proportional_baseline,belebele_hebrew,2.1308037820590453
h100-d512-mix-proportional-seed6-from10pct-20260826-rno2a,proportional_baseline,belebele_hindi,2.215284343092211
h100-d512-mix-proportional-seed6-from10pct-20260826-rno2a,proportional_baseline,belebele_indonesian,2.1160416192143527
h100-d512-mix-proportional-seed6-from10pct-20260826-rno2a,proportional_baseline,belebele_japanese,2.147924146457068
h100-d512-mix-proportional-seed6-from10pct-20260826-rno2a,proportional_baseline,belebele_korean,2.098270501702517
h100-d512-mix-proportional-seed6-from10pct-20260826-rno2a,proportional_baseline,belebele_mean,2.14250289581682
h100-d512-mix-proportional-seed6-from10pct-20260826-rno2a,proportional_baseline,belebele_portuguese,2.079414812865923
h100-d512-mix-proportional-seed6-from10pct-20260826-rno2a,proportional_baseline,belebele_russian,2.1043065992531393
h100-d512-mix-proportional-seed6-from10pct-20260826-rno2a,proportional_baseline,belebele_spanish,2.0879476950166636
h100-d512-mix-proportional-seed6-from10pct-20260826-rno2a,proportional_baseline,belebele_swahili,2.169153006694648
h100-d512-mix-proportional-seed6-from10pct-20260826-rno2a,proportional_baseline,belebele_thai,2.0776983382991596
h100-d512-mix-proportional-seed6-from10pct-20260826-rno2a,proportional_baseline,belebele_turkish,2.2732124837405743
h100-d512-mix-proportional-seed6-from10pct-20260826-rno2a,proportional_baseline,belebele_vietnamese,2.1686808084531544
h100-d512-mix-proportional-seed6-from10pct-20260826-rno2a,proportional_baseline,belebele_yoruba,2.1963259934162025
h100-d512-mix-proportional-seed6-from10pct-20260826-rno2a,proportional_baseline,boolq_0shot,2.6566642516848997
h100-d512-mix-proportional-seed6-from10pct-20260826-rno2a,proportional_baseline,copa_0shot,1.8515568718153068
h100-d512-mix-proportional-seed6-from10pct-20260826-rno2a,proportional_baseline,csqa_0shot,3.4806974492923324
h100-d512-mix-proportional-seed6-from10pct-20260826-rno2a,proportional_baseline,gpqa_0shot,2.5733453146676397
h100-d512-mix-proportional-seed6-from10pct-20260826-rno2a,proportional_baseline,hellaswag_0shot,0.9590397642728091
h100-d512-mix-proportional-seed6-from10pct-20260826-rno2a,proportional_baseline,include_arabic,2.0702754134397
h100-d512-mix-proportional-seed6-from10pct-20260826-rno2a,proportional_baseline,include_bengali,2.028743186619483
h100-d512-mix-proportional-seed6-from10pct-20260826-rno2a,proportional_baseline,include_chinese,2.0498991412795404
h100-d512-mix-proportional-seed6-from10pct-20260826-rno2a,proportional_baseline,include_french,2.0614309515559976
h100-d512-mix-proportional-seed6-from10pct-20260826-rno2a,proportional_baseline,include_german,2.045393732430741
h100-d512-mix-proportional-seed6-from10pct-20260826-rno2a,proportional_baseline,include_hebrew,2.051744019781707
h100-d512-mix-proportional-seed6-from10pct-20260826-rno2a,proportional_baseline,include_hindi,2.0519568434136315
h100-d512-mix-proportional-seed6-from10pct-20260826-rno2a,proportional_baseline,include_indonesian,2.0676394897085664
h100-d512-mix-proportional-seed6-from10pct-20260826-rno2a,proportional_baseline,include_japanese,2.05095114178087
h100-d512-mix-proportional-seed6-from10pct-20260826-rno2a,proportional_baseline,include_korean,2.038381230255193
h100-d512-mix-proportional-seed6-from10pct-20260826-rno2a,proportional_baseline,include_mean,2.0594933541300184
h100-d512-mix-proportional-seed6-from10pct-20260826-rno2a,proportional_baseline,include_portuguese,2.0828545565250405
h100-d512-mix-proportional-seed6-from10pct-20260826-rno2a,proportional_baseline,include_russian,2.0768992308341607
h100-d512-mix-proportional-seed6-from10pct-20260826-rno2a,proportional_baseline,include_spanish,2.0662265646769233
h100-d512-mix-proportional-seed6-from10pct-20260826-rno2a,proportional_baseline,include_turkish,2.0636330079134035
h100-d512-mix-proportional-seed6-from10pct-20260826-rno2a,proportional_baseline,include_vietnamese,2.0863718017353166
h100-d512-mix-proportional-seed6-from10pct-20260826-rno2a,proportional_baseline,lambada_0shot,0.8626147200434731
h100-d512-mix-proportional-seed6-from10pct-20260826-rno2a,proportional_baseline,lb_bbh_3shot,1.810178317217386
h100-d512-mix-proportional-seed6-from10pct-20260826-rno2a,proportional_baseline,logprob_gsm8k_5shot,0.8069854525559331
h100-d512-mix-proportional-seed6-from10pct-20260826-rno2a,proportional_baseline,logprob_humaneval_10shot,0.5479427548749387
h100-d512-mix-proportional-seed6-from10pct-20260826-rno2a,proportional_baseline,medmcqa_0shot,2.5371558830402483
h100-d512-mix-proportional-seed6-from10pct-20260826-rno2a,proportional_baseline,medqa_0shot,2.2567598631733587
h100-d512-mix-proportional-seed6-from10pct-20260826-rno2a,proportional_baseline,mmlu_pro_5shot,3.9192904849375316
h100-d512-mix-proportional-seed6-from10pct-20260826-rno2a,proportional_baseline,musr_0shot,0.8750270923787015
h100-d512-mix-proportional-seed6-from10pct-20260826-rno2a,proportional_baseline,openbookqa_0shot,1.9838924184449045
h100-d512-mix-proportional-seed6-from10pct-20260826-rno2a,proportional_baseline,piqa_0shot,1.2903457387208874
h100-d512-mix-proportional-seed6-from10pct-20260826-rno2a,proportional_baseline,sciq_0shot,1.6340916070595026
h100-d512-mix-proportional-seed6-from10pct-20260826-rno2a,proportional_baseline,truthfulqa_mc1_0shot,0.7585675463041553
h100-d512-mix-proportional-seed6-from10pct-20260826-rno2a,proportional_baseline,winogrande_0shot,0.44967450199356834
h100-d512-mix-proportional-seed7-from10pct-20260826-rno2a,proportional_baseline,arc_challenge_0shot,1.5038652212482257
h100-d512-mix-proportional-seed7-from10pct-20260826-rno2a,proportional_baseline,belebele_arabic,2.161956145874191
h100-d512-mix-proportional-seed7-from10pct-20260826-rno2a,proportional_baseline,belebele_bengali,2.159652511454057
h100-d512-mix-proportional-seed7-from10pct-20260826-rno2a,proportional_baseline,belebele_chinese_simplified,2.1056277883218817
h100-d512-mix-proportional-seed7-from10pct-20260826-rno2a,proportional_baseline,belebele_french,2.111411186986296
h100-d512-mix-proportional-seed7-from10pct-20260826-rno2a,proportional_baseline,belebele_german,2.0746510085698526
h100-d512-mix-proportional-seed7-from10pct-20260826-rno2a,proportional_baseline,belebele_hebrew,2.0746296012204777
h100-d512-mix-proportional-seed7-from10pct-20260826-rno2a,proportional_baseline,belebele_hindi,2.1222105309403814
h100-d512-mix-proportional-seed7-from10pct-20260826-rno2a,proportional_baseline,belebele_indonesian,2.0925825701298684
h100-d512-mix-proportional-seed7-from10pct-20260826-rno2a,proportional_baseline,belebele_japanese,2.1150891611401517
h100-d512-mix-proportional-seed7-from10pct-20260826-rno2a,proportional_baseline,belebele_korean,2.1273614705721897
h100-d512-mix-proportional-seed7-from10pct-20260826-rno2a,proportional_baseline,belebele_mean,2.1288857892150883
h100-d512-mix-proportional-seed7-from10pct-20260826-rno2a,proportional_baseline,belebele_portuguese,2.0782405245937845
h100-d512-mix-proportional-seed7-from10pct-20260826-rno2a,proportional_baseline,belebele_russian,2.0900419694142407
h100-d512-mix-proportional-seed7-from10pct-20260826-rno2a,proportional_baseline,belebele_spanish,2.0934545696560627
h100-d512-mix-proportional-seed7-from10pct-20260826-rno2a,proportional_baseline,belebele_swahili,2.1699098043109855
h100-d512-mix-proportional-seed7-from10pct-20260826-rno2a,proportional_baseline,belebele_thai,2.0503239669638487
h100-d512-mix-proportional-seed7-from10pct-20260826-rno2a,proportional_baseline,belebele_turkish,2.164637963264268
h100-d512-mix-proportional-seed7-from10pct-20260826-rno2a,proportional_baseline,belebele_vietnamese,2.1810341580211996
h100-d512-mix-proportional-seed7-from10pct-20260826-rno2a,proportional_baseline,belebele_yoruba,2.3471292744378585
h100-d512-mix-proportional-seed7-from10pct-20260826-rno2a,proportional_baseline,boolq_0shot,2.3654079314820233
h100-d512-mix-proportional-seed7-from10pct-20260826-rno2a,proportional_baseline,copa_0shot,1.8194443660733688
h100-d512-mix-proportional-seed7-from10pct-20260826-rno2a,proportional_baseline,csqa_0shot,6.778916249996912
h100-d512-mix-proportional-seed7-from10pct-20260826-rno2a,proportional_baseline,gpqa_0shot,2.6305939715692723
h100-d512-mix-proportional-seed7-from10pct-20260826-rno2a,proportional_baseline,hellaswag_0shot,0.9588489776945379
h100-d512-mix-proportional-seed7-from10pct-20260826-rno2a,proportional_baseline,include_arabic,2.087136690361
h100-d512-mix-proportional-seed7-from10pct-20260826-rno2a,proportional_baseline,include_bengali,2.0514322134405463
h100-d512-mix-proportional-seed7-from10pct-20260826-rno2a,proportional_baseline,include_chinese,2.070741357889602
h100-d512-mix-proportional-seed7-from10pct-20260826-rno2a,proportional_baseline,include_french,2.0483322467693683
h100-d512-mix-proportional-seed7-from10pct-20260826-rno2a,proportional_baseline,include_german,2.0791021334155673
h100-d512-mix-proportional-seed7-from10pct-20260826-rno2a,proportional_baseline,include_hebrew,2.095470499320072
h100-d512-mix-proportional-seed7-from10pct-20260826-rno2a,proportional_baseline,include_hindi,2.06529952911841
h100-d512-mix-proportional-seed7-from10pct-20260826-rno2a,proportional_baseline,include_indonesian,2.0764669795647386
h100-d512-mix-proportional-seed7-from10pct-20260826-rno2a,proportional_baseline,include_japanese,2.0670370215366156
h100-d512-mix-proportional-seed7-from10pct-20260826-rno2a,proportional_baseline,include_korean,2.0906840565898057
h100-d512-mix-proportional-seed7-from10pct-20260826-rno2a,proportional_baseline,include_mean,2.0731467049012706
h100-d512-mix-proportional-seed7-from10pct-20260826-rno2a,proportional_baseline,include_portuguese,2.0599628245096397
h100-d512-mix-proportional-seed7-from10pct-20260826-rno2a,proportional_baseline,include_russian,2.074845316809972
h100-d512-mix-proportional-seed7-from10pct-20260826-rno2a,proportional_baseline,include_spanish,2.0824198732204597
h100-d512-mix-proportional-seed7-from10pct-20260826-rno2a,proportional_baseline,include_turkish,2.0698792385918394
h100-d512-mix-proportional-seed7-from10pct-20260826-rno2a,proportional_baseline,include_vietnamese,2.07839059238142
h100-d512-mix-proportional-seed7-from10pct-20260826-rno2a,proportional_baseline,lambada_0shot,0.8675884615844707
h100-d512-mix-proportional-seed7-from10pct-20260826-rno2a,proportional_baseline,lb_bbh_3shot,1.729533159059306
h100-d512-mix-proportional-seed7-from10pct-20260826-rno2a,proportional_baseline,logprob_gsm8k_5shot,0.8245553042626078
h100-d512-mix-proportional-seed7-from10pct-20260826-rno2a,proportional_baseline,logprob_humaneval_10shot,0.521757970175153
h100-d512-mix-proportional-seed7-from10pct-20260826-rno2a,proportional_baseline,medmcqa_0shot,3.9900761542041834
h100-d512-mix-proportional-seed7-from10pct-20260826-rno2a,proportional_baseline,medqa_0shot,4.630756059182635
h100-d512-mix-proportional-seed7-from10pct-20260826-rno2a,proportional_baseline,mmlu_pro_5shot,4.080933084117005
h100-d512-mix-proportional-seed7-from10pct-20260826-rno2a,proportional_baseline,musr_0shot,0.7978533306551998
h100-d512-mix-proportional-seed7-from10pct-20260826-rno2a,proportional_baseline,openbookqa_0shot,1.9746412618723703
h100-d512-mix-proportional-seed7-from10pct-20260826-rno2a,proportional_baseline,piqa_0shot,1.2751188870680021
h100-d512-mix-proportional-seed7-from10pct-20260826-rno2a,proportional_baseline,sciq_0shot,1.6029703616994917
h100-d512-mix-proportional-seed7-from10pct-20260826-rno2a,proportional_baseline,truthfulqa_mc1_0shot,0.7682215650323276
h100-d512-mix-proportional-seed7-from10pct-20260826-rno2a,proportional_baseline,winogrande_0shot,0.44806567947179937
h100-d512-mix-proportional-seed8-from10pct-20260826-rno2a,proportional_baseline,arc_challenge_0shot,1.448386361993254
h100-d512-mix-proportional-seed8-from10pct-20260826-rno2a,proportional_baseline,belebele_arabic,2.832081359397564
h100-d512-mix-proportional-seed8-from10pct-20260826-rno2a,proportional_baseline,belebele_bengali,2.4571350268909686
h100-d512-mix-proportional-seed8-from10pct-20260826-rno2a,proportional_baseline,belebele_chinese_simplified,2.1171575965776226
h100-d512-mix-proportional-seed8-from10pct-20260826-rno2a,proportional_baseline,belebele_french,2.0548646451727066
h100-d512-mix-proportional-seed8-from10pct-20260826-rno2a,proportional_baseline,belebele_german,2.1179222053593265
h100-d512-mix-proportional-seed8-from10pct-20260826-rno2a,proportional_baseline,belebele_hebrew,2.8627767810744436
h100-d512-mix-proportional-seed8-from10pct-20260826-rno2a,proportional_baseline,belebele_hindi,2.286972235099113
h100-d512-mix-proportional-seed8-from10pct-20260826-rno2a,proportional_baseline,belebele_indonesian,2.1749064153110447
h100-d512-mix-proportional-seed8-from10pct-20260826-rno2a,proportional_baseline,belebele_japanese,2.1482083945095725
h100-d512-mix-proportional-seed8-from10pct-20260826-rno2a,proportional_baseline,belebele_korean,2.1063494862856453
h100-d512-mix-proportional-seed8-from10pct-20260826-rno2a,proportional_baseline,belebele_mean,2.311497178564041
h100-d512-mix-proportional-seed8-from10pct-20260826-rno2a,proportional_baseline,belebele_portuguese,2.087981471740472
h100-d512-mix-proportional-seed8-from10pct-20260826-rno2a,proportional_baseline,belebele_russian,2.0875092500902266
h100-d512-mix-proportional-seed8-from10pct-20260826-rno2a,proportional_baseline,belebele_spanish,2.119883736763199
h100-d512-mix-proportional-seed8-from10pct-20260826-rno2a,proportional_baseline,belebele_swahili,2.327637173451885
h100-d512-mix-proportional-seed8-from10pct-20260826-rno2a,proportional_baseline,belebele_thai,2.129249811701525
h100-d512-mix-proportional-seed8-from10pct-20260826-rno2a,proportional_baseline,belebele_turkish,2.378911838389037
h100-d512-mix-proportional-seed8-from10pct-20260826-rno2a,proportional_baseline,belebele_vietnamese,2.155718520964209
h100-d512-mix-proportional-seed8-from10pct-20260826-rno2a,proportional_baseline,belebele_yoruba,3.1616832653741826
h100-d512-mix-proportional-seed8-from10pct-20260826-rno2a,proportional_baseline,boolq_0shot,2.265924205304501
h100-d512-mix-proportional-seed8-from10pct-20260826-rno2a,proportional_baseline,copa_0shot,1.7896879517453044
h100-d512-mix-proportional-seed8-from10pct-20260826-rno2a,proportional_baseline,csqa_0shot,2.929237588719168
h100-d512-mix-proportional-seed8-from10pct-20260826-rno2a,proportional_baseline,gpqa_0shot,3.3482939509274052
h100-d512-mix-proportional-seed8-from10pct-20260826-rno2a,proportional_baseline,hellaswag_0shot,0.9603781086412659
h100-d512-mix-proportional-seed8-from10pct-20260826-rno2a,proportional_baseline,include_arabic,2.0905025473986796
h100-d512-mix-proportional-seed8-from10pct-20260826-rno2a,proportional_baseline,include_bengali,2.0826860718379305
h100-d512-mix-proportional-seed8-from10pct-20260826-rno2a,proportional_baseline,include_chinese,2.0605330616267694
h100-d512-mix-proportional-seed8-from10pct-20260826-rno2a,proportional_baseline,include_french,2.0445828841928515
h100-d512-mix-proportional-seed8-from10pct-20260826-rno2a,proportional_baseline,include_german,1.986342688733434
h100-d512-mix-proportional-seed8-from10pct-20260826-rno2a,proportional_baseline,include_hebrew,2.063808523940411
h100-d512-mix-proportional-seed8-from10pct-20260826-rno2a,proportional_baseline,include_hindi,2.059202904651984
h100-d512-mix-proportional-seed8-from10pct-20260826-rno2a,proportional_baseline,include_indonesian,2.0581155045129287
h100-d512-mix-proportional-seed8-from10pct-20260826-rno2a,proportional_baseline,include_japanese,2.0652508356423005
h100-d512-mix-proportional-seed8-from10pct-20260826-rno2a,proportional_baseline,include_korean,2.0708769870165527
h100-d512-mix-proportional-seed8-from10pct-20260826-rno2a,proportional_baseline,include_mean,2.057996042313263
h100-d512-mix-proportional-seed8-from10pct-20260826-rno2a,proportional_baseline,include_portuguese,2.081596289626146
h100-d512-mix-proportional-seed8-from10pct-20260826-rno2a,proportional_baseline,include_russian,2.0363187271831245
h100-d512-mix-proportional-seed8-from10pct-20260826-rno2a,proportional_baseline,include_spanish,2.0493031819630825
h100-d512-mix-proportional-seed8-from10pct-20260826-rno2a,proportional_baseline,include_turkish,2.04431712844989
h100-d512-mix-proportional-seed8-from10pct-20260826-rno2a,proportional_baseline,include_vietnamese,2.0765032979228617
h100-d512-mix-proportional-seed8-from10pct-20260826-rno2a,proportional_baseline,lambada_0shot,0.8611371640832198
h100-d512-mix-proportional-seed8-from10pct-20260826-rno2a,proportional_baseline,lb_bbh_3shot,1.559234678848727
h100-d512-mix-proportional-seed8-from10pct-20260826-rno2a,proportional_baseline,logprob_gsm8k_5shot,0.8064076484118853
h100-d512-mix-proportional-seed8-from10pct-20260826-rno2a,proportional_baseline,logprob_humaneval_10shot,0.5247892990756583
h100-d512-mix-proportional-seed8-from10pct-20260826-rno2a,proportional_baseline,medmcqa_0shot,2.2746375334290665
h100-d512-mix-proportional-seed8-from10pct-20260826-rno2a,proportional_baseline,medqa_0shot,2.3992615615930006
h100-d512-mix-proportional-seed8-from10pct-20260826-rno2a,proportional_baseline,mmlu_pro_5shot,4.518686678261877
h100-d512-mix-proportional-seed8-from10pct-20260826-rno2a,proportional_baseline,musr_0shot,0.69120908402831
h100-d512-mix-proportional-seed8-from10pct-20260826-rno2a,proportional_baseline,openbookqa_0shot,1.9687960811157368
h100-d512-mix-proportional-seed8-from10pct-20260826-rno2a,proportional_baseline,piqa_0shot,1.2809649942420545
h100-d512-mix-proportional-seed8-from10pct-20260826-rno2a,proportional_baseline,sciq_0shot,1.546178942704185
h100-d512-mix-proportional-seed8-from10pct-20260826-rno2a,proportional_baseline,truthfulqa_mc1_0shot,0.7879583537824749
h100-d512-mix-proportional-seed8-from10pct-20260826-rno2a,proportional_baseline,winogrande_0shot,0.4460029590522498
h100-d512-mix-proportional-seed9-from10pct-20260826-rno2a,proportional_baseline,arc_challenge_0shot,1.524961395820621
h100-d512-mix-proportional-seed9-from10pct-20260826-rno2a,proportional_baseline,belebele_arabic,2.1316560290911464
h100-d512-mix-proportional-seed9-from10pct-20260826-rno2a,proportional_baseline,belebele_bengali,2.8814309604187627
h100-d512-mix-proportional-seed9-from10pct-20260826-rno2a,proportional_baseline,belebele_chinese_simplified,2.1116771185998457
h100-d512-mix-proportional-seed9-from10pct-20260826-rno2a,proportional_baseline,belebele_french,2.047647676427346
h100-d512-mix-proportional-seed9-from10pct-20260826-rno2a,proportional_baseline,belebele_german,2.0848074443987388
h100-d512-mix-proportional-seed9-from10pct-20260826-rno2a,proportional_baseline,belebele_hebrew,2.234466291329985
h100-d512-mix-proportional-seed9-from10pct-20260826-rno2a,proportional_baseline,belebele_hindi,2.2180134427170297
h100-d512-mix-proportional-seed9-from10pct-20260826-rno2a,proportional_baseline,belebele_indonesian,2.0571507554206305
h100-d512-mix-proportional-seed9-from10pct-20260826-rno2a,proportional_baseline,belebele_japanese,2.0913537030679326
h100-d512-mix-proportional-seed9-from10pct-20260826-rno2a,proportional_baseline,belebele_korean,2.048715108725488
h100-d512-mix-proportional-seed9-from10pct-20260826-rno2a,proportional_baseline,belebele_mean,2.222968294222137
h100-d512-mix-proportional-seed9-from10pct-20260826-rno2a,proportional_baseline,belebele_portuguese,2.068561482028997
h100-d512-mix-proportional-seed9-from10pct-20260826-rno2a,proportional_baseline,belebele_russian,2.063896384500105
h100-d512-mix-proportional-seed9-from10pct-20260826-rno2a,proportional_baseline,belebele_spanish,2.0698770334109025
h100-d512-mix-proportional-seed9-from10pct-20260826-rno2a,proportional_baseline,belebele_swahili,2.236574314593945
h100-d512-mix-proportional-seed9-from10pct-20260826-rno2a,proportional_baseline,belebele_thai,2.0912819185604645
h100-d512-mix-proportional-seed9-from10pct-20260826-rno2a,proportional_baseline,belebele_turkish,2.4666510243610746
h100-d512-mix-proportional-seed9-from10pct-20260826-rno2a,proportional_baseline,belebele_vietnamese,2.222158666216052
h100-d512-mix-proportional-seed9-from10pct-20260826-rno2a,proportional_baseline,belebele_yoruba,2.887509942130024
h100-d512-mix-proportional-seed9-from10pct-20260826-rno2a,proportional_baseline,boolq_0shot,2.1555175857984383
h100-d512-mix-proportional-seed9-from10pct-20260826-rno2a,proportional_baseline,copa_0shot,1.8096784933087207
h100-d512-mix-proportional-seed9-from10pct-20260826-rno2a,proportional_baseline,csqa_0shot,2.6858316977440024
h100-d512-mix-proportional-seed9-from10pct-20260826-rno2a,proportional_baseline,gpqa_0shot,3.834862426706513
h100-d512-mix-proportional-seed9-from10pct-20260826-rno2a,proportional_baseline,hellaswag_0shot,0.9598141324905635
h100-d512-mix-proportional-seed9-from10pct-20260826-rno2a,proportional_baseline,include_arabic,2.0553719655179905
h100-d512-mix-proportional-seed9-from10pct-20260826-rno2a,proportional_baseline,include_bengali,2.0561411014026203
h100-d512-mix-proportional-seed9-from10pct-20260826-rno2a,proportional_baseline,include_chinese,2.0381788085779817
h100-d512-mix-proportional-seed9-from10pct-20260826-rno2a,proportional_baseline,include_french,2.0537473559304718
h100-d512-mix-proportional-seed9-from10pct-20260826-rno2a,proportional_baseline,include_german,2.002938273407825
h100-d512-mix-proportional-seed9-from10pct-20260826-rno2a,proportional_baseline,include_hebrew,2.035063987046663
h100-d512-mix-proportional-seed9-from10pct-20260826-rno2a,proportional_baseline,include_hindi,2.0906443930746015
h100-d512-mix-proportional-seed9-from10pct-20260826-rno2a,proportional_baseline,include_indonesian,2.0643750932664533
h100-d512-mix-proportional-seed9-from10pct-20260826-rno2a,proportional_baseline,include_japanese,2.0498749545073576
h100-d512-mix-proportional-seed9-from10pct-20260826-rno2a,proportional_baseline,include_korean,2.0697260333695935
h100-d512-mix-proportional-seed9-from10pct-20260826-rno2a,proportional_baseline,include_mean,2.0563646259397057
h100-d512-mix-proportional-seed9-from10pct-20260826-rno2a,proportional_baseline,include_portuguese,2.075637642928576
h100-d512-mix-proportional-seed9-from10pct-20260826-rno2a,proportional_baseline,include_russian,2.054867405963673
h100-d512-mix-proportional-seed9-from10pct-20260826-rno2a,proportional_baseline,include_spanish,2.066203279789476
h100-d512-mix-proportional-seed9-from10pct-20260826-rno2a,proportional_baseline,include_turkish,2.048977843694855
h100-d512-mix-proportional-seed9-from10pct-20260826-rno2a,proportional_baseline,include_vietnamese,2.0837212506174474
h100-d512-mix-proportional-seed9-from10pct-20260826-rno2a,proportional_baseline,lambada_0shot,0.8640167843813454
h100-d512-mix-proportional-seed9-from10pct-20260826-rno2a,proportional_baseline,lb_bbh_3shot,1.787350010936495
h100-d512-mix-proportional-seed9-from10pct-20260826-rno2a,proportional_baseline,logprob_gsm8k_5shot,0.6721225242920509
h100-d512-mix-proportional-seed9-from10pct-20260826-rno2a,proportional_baseline,logprob_humaneval_10shot,0.542083713483194
h100-d512-mix-proportional-seed9-from10pct-20260826-rno2a,proportional_baseline,medmcqa_0shot,2.1173876631226265
h100-d512-mix-proportional-seed9-from10pct-20260826-rno2a,proportional_baseline,medqa_0shot,2.4496975886155865
h100-d512-mix-proportional-seed9-from10pct-20260826-rno2a,proportional_baseline,mmlu_pro_5shot,3.901563991612694
h100-d512-mix-proportional-seed9-from10pct-20260826-rno2a,proportional_baseline,musr_0shot,0.8434005843155102
h100-d512-mix-proportional-seed9-from10pct-20260826-rno2a,proportional_baseline,openbookqa_0shot,1.961144113252852
h100-d512-mix-proportional-seed9-from10pct-20260826-rno2a,proportional_baseline,piqa_0shot,1.2567203416269535
h100-d512-mix-proportional-seed9-from10pct-20260826-rno2a,proportional_baseline,sciq_0shot,1.5610575703407616
h100-d512-mix-proportional-seed9-from10pct-20260826-rno2a,proportional_baseline,truthfulqa_mc1_0shot,0.7860062395612959
h100-d512-mix-proportional-seed9-from10pct-20260826-rno2a,proportional_baseline,winogrande_0shot,0.44654269873062025
h100-d512-mix-proportional-zero-c08-seed0-from10pct-20260826-rno2a,proportional_domain_ablation,arc_challenge_0shot,1.5155232711590318
h100-d512-mix-proportional-zero-c08-seed0-from10pct-20260826-rno2a,proportional_domain_ablation,belebele_arabic,2.1742961112746135
h100-d512-mix-proportional-zero-c08-seed0-from10pct-20260826-rno2a,proportional_domain_ablation,belebele_bengali,2.0919750954946825
h100-d512-mix-proportional-zero-c08-seed0-from10pct-20260826-rno2a,proportional_domain_ablation,belebele_chinese_simplified,2.1110567745984454
h100-d512-mix-proportional-zero-c08-seed0-from10pct-20260826-rno2a,proportional_domain_ablation,belebele_french,2.0579697755001356
h100-d512-mix-proportional-zero-c08-seed0-from10pct-20260826-rno2a,proportional_domain_ablation,belebele_german,2.0493247729864548
h100-d512-mix-proportional-zero-c08-seed0-from10pct-20260826-rno2a,proportional_domain_ablation,belebele_hebrew,2.0479799702220136
h100-d512-mix-proportional-zero-c08-seed0-from10pct-20260826-rno2a,proportional_domain_ablation,belebele_hindi,2.145636035190998
h100-d512-mix-proportional-zero-c08-seed0-from10pct-20260826-rno2a,proportional_domain_ablation,belebele_indonesian,2.0544039721574654
h100-d512-mix-proportional-zero-c08-seed0-from10pct-20260826-rno2a,proportional_domain_ablation,belebele_japanese,2.0760287803129116
h100-d512-mix-proportional-zero-c08-seed0-from10pct-20260826-rno2a,proportional_domain_ablation,belebele_korean,2.0471674117217966
h100-d512-mix-proportional-zero-c08-seed0-from10pct-20260826-rno2a,proportional_domain_ablation,belebele_mean,2.0916192331656887
h100-d512-mix-proportional-zero-c08-seed0-from10pct-20260826-rno2a,proportional_domain_ablation,belebele_portuguese,2.047709494158012
h100-d512-mix-proportional-zero-c08-seed0-from10pct-20260826-rno2a,proportional_domain_ablation,belebele_russian,2.073557615872747
h100-d512-mix-proportional-zero-c08-seed0-from10pct-20260826-rno2a,proportional_domain_ablation,belebele_spanish,2.0610257503195673
h100-d512-mix-proportional-zero-c08-seed0-from10pct-20260826-rno2a,proportional_domain_ablation,belebele_swahili,2.07344789294796
h100-d512-mix-proportional-zero-c08-seed0-from10pct-20260826-rno2a,proportional_domain_ablation,belebele_thai,2.0930575732173047
h100-d512-mix-proportional-zero-c08-seed0-from10pct-20260826-rno2a,proportional_domain_ablation,belebele_turkish,2.1000273319027585
h100-d512-mix-proportional-zero-c08-seed0-from10pct-20260826-rno2a,proportional_domain_ablation,belebele_vietnamese,2.1244937126103958
h100-d512-mix-proportional-zero-c08-seed0-from10pct-20260826-rno2a,proportional_domain_ablation,belebele_yoruba,2.219988126494132
h100-d512-mix-proportional-zero-c08-seed0-from10pct-20260826-rno2a,proportional_domain_ablation,boolq_0shot,2.568758598174833
h100-d512-mix-proportional-zero-c08-seed0-from10pct-20260826-rno2a,proportional_domain_ablation,copa_0shot,1.8065148396262323
h100-d512-mix-proportional-zero-c08-seed0-from10pct-20260826-rno2a,proportional_domain_ablation,csqa_0shot,3.1612400833332956
h100-d512-mix-proportional-zero-c08-seed0-from10pct-20260826-rno2a,proportional_domain_ablation,gpqa_0shot,2.8003065289675453
h100-d512-mix-proportional-zero-c08-seed0-from10pct-20260826-rno2a,proportional_domain_ablation,hellaswag_0shot,0.959374262457943
h100-d512-mix-proportional-zero-c08-seed0-from10pct-20260826-rno2a,proportional_domain_ablation,include_arabic,2.046347172330993
h100-d512-mix-proportional-zero-c08-seed0-from10pct-20260826-rno2a,proportional_domain_ablation,include_bengali,2.0763807349905745
h100-d512-mix-proportional-zero-c08-seed0-from10pct-20260826-rno2a,proportional_domain_ablation,include_chinese,2.045169789101206
h100-d512-mix-proportional-zero-c08-seed0-from10pct-20260826-rno2a,proportional_domain_ablation,include_french,2.0300995735587812
h100-d512-mix-proportional-zero-c08-seed0-from10pct-20260826-rno2a,proportional_domain_ablation,include_german,2.0349011129693
h100-d512-mix-proportional-zero-c08-seed0-from10pct-20260826-rno2a,proportional_domain_ablation,include_hebrew,2.04469334929579
h100-d512-mix-proportional-zero-c08-seed0-from10pct-20260826-rno2a,proportional_domain_ablation,include_hindi,2.1089533958494626
h100-d512-mix-proportional-zero-c08-seed0-from10pct-20260826-rno2a,proportional_domain_ablation,include_indonesian,2.0327767832062276
h100-d512-mix-proportional-zero-c08-seed0-from10pct-20260826-rno2a,proportional_domain_ablation,include_japanese,2.069197249443113
h100-d512-mix-proportional-zero-c08-seed0-from10pct-20260826-rno2a,proportional_domain_ablation,include_korean,2.032554875617837
h100-d512-mix-proportional-zero-c08-seed0-from10pct-20260826-rno2a,proportional_domain_ablation,include_mean,2.0538249971435034
h100-d512-mix-proportional-zero-c08-seed0-from10pct-20260826-rno2a,proportional_domain_ablation,include_portuguese,2.1198300128983303
h100-d512-mix-proportional-zero-c08-seed0-from10pct-20260826-rno2a,proportional_domain_ablation,include_russian,2.0174890711236038
h100-d512-mix-proportional-zero-c08-seed0-from10pct-20260826-rno2a,proportional_domain_ablation,include_spanish,2.0400476498030047
h100-d512-mix-proportional-zero-c08-seed0-from10pct-20260826-rno2a,proportional_domain_ablation,include_turkish,2.0273553081248505
h100-d512-mix-proportional-zero-c08-seed0-from10pct-20260826-rno2a,proportional_domain_ablation,include_vietnamese,2.08157887883948
h100-d512-mix-proportional-zero-c08-seed0-from10pct-20260826-rno2a,proportional_domain_ablation,lambada_0shot,0.8720620214381256
h100-d512-mix-proportional-zero-c08-seed0-from10pct-20260826-rno2a,proportional_domain_ablation,lb_bbh_3shot,1.8304349895110117
h100-d512-mix-proportional-zero-c08-seed0-from10pct-20260826-rno2a,proportional_domain_ablation,logprob_gsm8k_5shot,0.7896893293770069
h100-d512-mix-proportional-zero-c08-seed0-from10pct-20260826-rno2a,proportional_domain_ablation,logprob_humaneval_10shot,0.550874870456411
h100-d512-mix-proportional-zero-c08-seed0-from10pct-20260826-rno2a,proportional_domain_ablation,medmcqa_0shot,2.7603100576973136
h100-d512-mix-proportional-zero-c08-seed0-from10pct-20260826-rno2a,proportional_domain_ablation,medqa_0shot,2.9595120289507952
h100-d512-mix-proportional-zero-c08-seed0-from10pct-20260826-rno2a,proportional_domain_ablation,mmlu_pro_5shot,4.490748416974062
h100-d512-mix-proportional-zero-c08-seed0-from10pct-20260826-rno2a,proportional_domain_ablation,musr_0shot,0.9538940312639508
h100-d512-mix-proportional-zero-c08-seed0-from10pct-20260826-rno2a,proportional_domain_ablation,openbookqa_0shot,1.9680850483852006
h100-d512-mix-proportional-zero-c08-seed0-from10pct-20260826-rno2a,proportional_domain_ablation,piqa_0shot,1.2657567204151208
h100-d512-mix-proportional-zero-c08-seed0-from10pct-20260826-rno2a,proportional_domain_ablation,sciq_0shot,1.5946781039457916
h100-d512-mix-proportional-zero-c08-seed0-from10pct-20260826-rno2a,proportional_domain_ablation,truthfulqa_mc1_0shot,0.7530513959606695
h100-d512-mix-proportional-zero-c08-seed0-from10pct-20260826-rno2a,proportional_domain_ablation,winogrande_0shot,0.4460172952389579
h100-d512-mix-proportional-zero-c12-seed0-from10pct-20260826-rno2a,proportional_domain_ablation,arc_challenge_0shot,1.5064331415705559
h100-d512-mix-proportional-zero-c12-seed0-from10pct-20260826-rno2a,proportional_domain_ablation,belebele_arabic,2.3598981688691003
h100-d512-mix-proportional-zero-c12-seed0-from10pct-20260826-rno2a,proportional_domain_ablation,belebele_bengali,2.1359246009360167
h100-d512-mix-proportional-zero-c12-seed0-from10pct-20260826-rno2a,proportional_domain_ablation,belebele_chinese_simplified,2.181248508502559
h100-d512-mix-proportional-zero-c12-seed0-from10pct-20260826-rno2a,proportional_domain_ablation,belebele_french,2.092180647534711
h100-d512-mix-proportional-zero-c12-seed0-from10pct-20260826-rno2a,proportional_domain_ablation,belebele_german,2.1559805767576266
h100-d512-mix-proportional-zero-c12-seed0-from10pct-20260826-rno2a,proportional_domain_ablation,belebele_hebrew,2.2205827693126436
h100-d512-mix-proportional-zero-c12-seed0-from10pct-20260826-rno2a,proportional_domain_ablation,belebele_hindi,2.212311463410361
h100-d512-mix-proportional-zero-c12-seed0-from10pct-20260826-rno2a,proportional_domain_ablation,belebele_indonesian,2.1684652535199667
h100-d512-mix-proportional-zero-c12-seed0-from10pct-20260826-rno2a,proportional_domain_ablation,belebele_japanese,2.17749713931926
h100-d512-mix-proportional-zero-c12-seed0-from10pct-20260826-rno2a,proportional_domain_ablation,belebele_korean,2.1000700765663485
h100-d512-mix-proportional-zero-c12-seed0-from10pct-20260826-rno2a,proportional_domain_ablation,belebele_mean,2.2205576409806067
h100-d512-mix-proportional-zero-c12-seed0-from10pct-20260826-rno2a,proportional_domain_ablation,belebele_portuguese,2.165707816218219
h100-d512-mix-proportional-zero-c12-seed0-from10pct-20260826-rno2a,proportional_domain_ablation,belebele_russian,2.209909099387579
h100-d512-mix-proportional-zero-c12-seed0-from10pct-20260826-rno2a,proportional_domain_ablation,belebele_spanish,2.154849099935675
h100-d512-mix-proportional-zero-c12-seed0-from10pct-20260826-rno2a,proportional_domain_ablation,belebele_swahili,2.1871966265127587
h100-d512-mix-proportional-zero-c12-seed0-from10pct-20260826-rno2a,proportional_domain_ablation,belebele_thai,2.2524593116546527
h100-d512-mix-proportional-zero-c12-seed0-from10pct-20260826-rno2a,proportional_domain_ablation,belebele_turkish,2.1925364774299405
h100-d512-mix-proportional-zero-c12-seed0-from10pct-20260826-rno2a,proportional_domain_ablation,belebele_vietnamese,2.185746867991526
h100-d512-mix-proportional-zero-c12-seed0-from10pct-20260826-rno2a,proportional_domain_ablation,belebele_yoruba,2.8174730337919716
h100-d512-mix-proportional-zero-c12-seed0-from10pct-20260826-rno2a,proportional_domain_ablation,boolq_0shot,2.1931501181778548
h100-d512-mix-proportional-zero-c12-seed0-from10pct-20260826-rno2a,proportional_domain_ablation,copa_0shot,1.7766942687267622
h100-d512-mix-proportional-zero-c12-seed0-from10pct-20260826-rno2a,proportional_domain_ablation,csqa_0shot,3.5193541087835527
h100-d512-mix-proportional-zero-c12-seed0-from10pct-20260826-rno2a,proportional_domain_ablation,gpqa_0shot,3.65111968412917
h100-d512-mix-proportional-zero-c12-seed0-from10pct-20260826-rno2a,proportional_domain_ablation,hellaswag_0shot,0.9600177510673672
h100-d512-mix-proportional-zero-c12-seed0-from10pct-20260826-rno2a,proportional_domain_ablation,include_arabic,2.051619210295769
h100-d512-mix-proportional-zero-c12-seed0-from10pct-20260826-rno2a,proportional_domain_ablation,include_bengali,2.0490473301779497
h100-d512-mix-proportional-zero-c12-seed0-from10pct-20260826-rno2a,proportional_domain_ablation,include_chinese,2.089295887943086
h100-d512-mix-proportional-zero-c12-seed0-from10pct-20260826-rno2a,proportional_domain_ablation,include_french,2.041956292702723
h100-d512-mix-proportional-zero-c12-seed0-from10pct-20260826-rno2a,proportional_domain_ablation,include_german,2.0027964768054014
h100-d512-mix-proportional-zero-c12-seed0-from10pct-20260826-rno2a,proportional_domain_ablation,include_hebrew,2.110318615697442
h100-d512-mix-proportional-zero-c12-seed0-from10pct-20260826-rno2a,proportional_domain_ablation,include_hindi,2.126466993798591
h100-d512-mix-proportional-zero-c12-seed0-from10pct-20260826-rno2a,proportional_domain_ablation,include_indonesian,2.0563633523015925
h100-d512-mix-proportional-zero-c12-seed0-from10pct-20260826-rno2a,proportional_domain_ablation,include_japanese,2.096143622141138
h100-d512-mix-proportional-zero-c12-seed0-from10pct-20260826-rno2a,proportional_domain_ablation,include_korean,2.0476616939115235
h100-d512-mix-proportional-zero-c12-seed0-from10pct-20260826-rno2a,proportional_domain_ablation,include_mean,2.063453655556603
h100-d512-mix-proportional-zero-c12-seed0-from10pct-20260826-rno2a,proportional_domain_ablation,include_portuguese,2.1121243246081143
h100-d512-mix-proportional-zero-c12-seed0-from10pct-20260826-rno2a,proportional_domain_ablation,include_russian,2.050507389659701
h100-d512-mix-proportional-zero-c12-seed0-from10pct-20260826-rno2a,proportional_domain_ablation,include_spanish,2.0231601079609076
h100-d512-mix-proportional-zero-c12-seed0-from10pct-20260826-rno2a,proportional_domain_ablation,include_turkish,2.042693109772783
h100-d512-mix-proportional-zero-c12-seed0-from10pct-20260826-rno2a,proportional_domain_ablation,include_vietnamese,2.0516504255723254
h100-d512-mix-proportional-zero-c12-seed0-from10pct-20260826-rno2a,proportional_domain_ablation,lambada_0shot,0.8575857488206651
h100-d512-mix-proportional-zero-c12-seed0-from10pct-20260826-rno2a,proportional_domain_ablation,lb_bbh_3shot,1.7117415696289457
h100-d512-mix-proportional-zero-c12-seed0-from10pct-20260826-rno2a,proportional_domain_ablation,logprob_gsm8k_5shot,0.7929777241541772
h100-d512-mix-proportional-zero-c12-seed0-from10pct-20260826-rno2a,proportional_domain_ablation,logprob_humaneval_10shot,0.5386980123816062
h100-d512-mix-proportional-zero-c12-seed0-from10pct-20260826-rno2a,proportional_domain_ablation,medmcqa_0shot,4.342046446714821
h100-d512-mix-proportional-zero-c12-seed0-from10pct-20260826-rno2a,proportional_domain_ablation,medqa_0shot,2.88597999780692
h100-d512-mix-proportional-zero-c12-seed0-from10pct-20260826-rno2a,proportional_domain_ablation,mmlu_pro_5shot,3.9352984966188846
h100-d512-mix-proportional-zero-c12-seed0-from10pct-20260826-rno2a,proportional_domain_ablation,musr_0shot,0.9452587039787587
h100-d512-mix-proportional-zero-c12-seed0-from10pct-20260826-rno2a,proportional_domain_ablation,openbookqa_0shot,1.9789499258862675
h100-d512-mix-proportional-zero-c12-seed0-from10pct-20260826-rno2a,proportional_domain_ablation,piqa_0shot,1.2683082065073679
h100-d512-mix-proportional-zero-c12-seed0-from10pct-20260826-rno2a,proportional_domain_ablation,sciq_0shot,1.543329011883171
h100-d512-mix-proportional-zero-c12-seed0-from10pct-20260826-rno2a,proportional_domain_ablation,truthfulqa_mc1_0shot,0.7693805825862432
h100-d512-mix-proportional-zero-c12-seed0-from10pct-20260826-rno2a,proportional_domain_ablation,winogrande_0shot,0.4495593800391429
h100-d512-mix-proportional-zero-c17-seed0-from10pct-20260826-rno2a,proportional_domain_ablation,arc_challenge_0shot,1.5169496320914158
h100-d512-mix-proportional-zero-c17-seed0-from10pct-20260826-rno2a,proportional_domain_ablation,belebele_arabic,2.1858679470262925
h100-d512-mix-proportional-zero-c17-seed0-from10pct-20260826-rno2a,proportional_domain_ablation,belebele_bengali,2.2883195018016624
h100-d512-mix-proportional-zero-c17-seed0-from10pct-20260826-rno2a,proportional_domain_ablation,belebele_chinese_simplified,2.149479157787354
h100-d512-mix-proportional-zero-c17-seed0-from10pct-20260826-rno2a,proportional_domain_ablation,belebele_french,2.117635369350108
h100-d512-mix-proportional-zero-c17-seed0-from10pct-20260826-rno2a,proportional_domain_ablation,belebele_german,2.160028499256549
h100-d512-mix-proportional-zero-c17-seed0-from10pct-20260826-rno2a,proportional_domain_ablation,belebele_hebrew,2.3105199888219836
h100-d512-mix-proportional-zero-c17-seed0-from10pct-20260826-rno2a,proportional_domain_ablation,belebele_hindi,2.2633044240139655
h100-d512-mix-proportional-zero-c17-seed0-from10pct-20260826-rno2a,proportional_domain_ablation,belebele_indonesian,2.10603774575539
h100-d512-mix-proportional-zero-c17-seed0-from10pct-20260826-rno2a,proportional_domain_ablation,belebele_japanese,2.1242694598457326
h100-d512-mix-proportional-zero-c17-seed0-from10pct-20260826-rno2a,proportional_domain_ablation,belebele_korean,2.0810478289339693
h100-d512-mix-proportional-zero-c17-seed0-from10pct-20260826-rno2a,proportional_domain_ablation,belebele_mean,2.209255635439694
h100-d512-mix-proportional-zero-c17-seed0-from10pct-20260826-rno2a,proportional_domain_ablation,belebele_portuguese,2.059725761361109
h100-d512-mix-proportional-zero-c17-seed0-from10pct-20260826-rno2a,proportional_domain_ablation,belebele_russian,2.088994401685549
h100-d512-mix-proportional-zero-c17-seed0-from10pct-20260826-rno2a,proportional_domain_ablation,belebele_spanish,2.0870326793809273
h100-d512-mix-proportional-zero-c17-seed0-from10pct-20260826-rno2a,proportional_domain_ablation,belebele_swahili,2.3090736524688658
h100-d512-mix-proportional-zero-c17-seed0-from10pct-20260826-rno2a,proportional_domain_ablation,belebele_thai,2.0917942018494045
h100-d512-mix-proportional-zero-c17-seed0-from10pct-20260826-rno2a,proportional_domain_ablation,belebele_turkish,2.3379146589829447
h100-d512-mix-proportional-zero-c17-seed0-from10pct-20260826-rno2a,proportional_domain_ablation,belebele_vietnamese,2.520693053343039
h100-d512-mix-proportional-zero-c17-seed0-from10pct-20260826-rno2a,proportional_domain_ablation,belebele_yoruba,2.4848631062496382
h100-d512-mix-proportional-zero-c17-seed0-from10pct-20260826-rno2a,proportional_domain_ablation,boolq_0shot,2.0028797330362216
h100-d512-mix-proportional-zero-c17-seed0-from10pct-20260826-rno2a,proportional_domain_ablation,copa_0shot,1.8260406697444256
h100-d512-mix-proportional-zero-c17-seed0-from10pct-20260826-rno2a,proportional_domain_ablation,csqa_0shot,3.289627917166322
h100-d512-mix-proportional-zero-c17-seed0-from10pct-20260826-rno2a,proportional_domain_ablation,gpqa_0shot,3.099744474954649
h100-d512-mix-proportional-zero-c17-seed0-from10pct-20260826-rno2a,proportional_domain_ablation,hellaswag_0shot,0.9619801380502665
h100-d512-mix-proportional-zero-c17-seed0-from10pct-20260826-rno2a,proportional_domain_ablation,include_arabic,2.073184191376117
h100-d512-mix-proportional-zero-c17-seed0-from10pct-20260826-rno2a,proportional_domain_ablation,include_bengali,2.142384220105345
h100-d512-mix-proportional-zero-c17-seed0-from10pct-20260826-rno2a,proportional_domain_ablation,include_chinese,2.067845019209243
h100-d512-mix-proportional-zero-c17-seed0-from10pct-20260826-rno2a,proportional_domain_ablation,include_french,2.0729705814841624
h100-d512-mix-proportional-zero-c17-seed0-from10pct-20260826-rno2a,proportional_domain_ablation,include_german,2.058288776304799
h100-d512-mix-proportional-zero-c17-seed0-from10pct-20260826-rno2a,proportional_domain_ablation,include_hebrew,2.051657415572648
h100-d512-mix-proportional-zero-c17-seed0-from10pct-20260826-rno2a,proportional_domain_ablation,include_hindi,2.1292112486439496
h100-d512-mix-proportional-zero-c17-seed0-from10pct-20260826-rno2a,proportional_domain_ablation,include_indonesian,2.0849489539301107
h100-d512-mix-proportional-zero-c17-seed0-from10pct-20260826-rno2a,proportional_domain_ablation,include_japanese,2.0987219208199113
h100-d512-mix-proportional-zero-c17-seed0-from10pct-20260826-rno2a,proportional_domain_ablation,include_korean,2.0748205650232414
h100-d512-mix-proportional-zero-c17-seed0-from10pct-20260826-rno2a,proportional_domain_ablation,include_mean,2.0873915671694427
h100-d512-mix-proportional-zero-c17-seed0-from10pct-20260826-rno2a,proportional_domain_ablation,include_portuguese,2.1164024403357535
h100-d512-mix-proportional-zero-c17-seed0-from10pct-20260826-rno2a,proportional_domain_ablation,include_russian,2.074920973286649
h100-d512-mix-proportional-zero-c17-seed0-from10pct-20260826-rno2a,proportional_domain_ablation,include_spanish,2.0616647924050655
h100-d512-mix-proportional-zero-c17-seed0-from10pct-20260826-rno2a,proportional_domain_ablation,include_turkish,2.101209742563998
h100-d512-mix-proportional-zero-c17-seed0-from10pct-20260826-rno2a,proportional_domain_ablation,include_vietnamese,2.1026426664806497
h100-d512-mix-proportional-zero-c17-seed0-from10pct-20260826-rno2a,proportional_domain_ablation,lambada_0shot,0.8587603718012653
h100-d512-mix-proportional-zero-c17-seed0-from10pct-20260826-rno2a,proportional_domain_ablation,lb_bbh_3shot,1.8267419880687306
h100-d512-mix-proportional-zero-c17-seed0-from10pct-20260826-rno2a,proportional_domain_ablation,logprob_gsm8k_5shot,0.783157404741185
h100-d512-mix-proportional-zero-c17-seed0-from10pct-20260826-rno2a,proportional_domain_ablation,logprob_humaneval_10shot,0.5427898959134639
h100-d512-mix-proportional-zero-c17-seed0-from10pct-20260826-rno2a,proportional_domain_ablation,medmcqa_0shot,3.738614750450426
h100-d512-mix-proportional-zero-c17-seed0-from10pct-20260826-rno2a,proportional_domain_ablation,medqa_0shot,2.5093793725509888
h100-d512-mix-proportional-zero-c17-seed0-from10pct-20260826-rno2a,proportional_domain_ablation,mmlu_pro_5shot,4.255921020283656
h100-d512-mix-proportional-zero-c17-seed0-from10pct-20260826-rno2a,proportional_domain_ablation,musr_0shot,0.8586487670540173
h100-d512-mix-proportional-zero-c17-seed0-from10pct-20260826-rno2a,proportional_domain_ablation,openbookqa_0shot,1.9689427308619916
h100-d512-mix-proportional-zero-c17-seed0-from10pct-20260826-rno2a,proportional_domain_ablation,piqa_0shot,1.2991536216815833
h100-d512-mix-proportional-zero-c17-seed0-from10pct-20260826-rno2a,proportional_domain_ablation,sciq_0shot,1.595021368296367
h100-d512-mix-proportional-zero-c17-seed0-from10pct-20260826-rno2a,proportional_domain_ablation,truthfulqa_mc1_0shot,0.745334062120938
h100-d512-mix-proportional-zero-c17-seed0-from10pct-20260826-rno2a,proportional_domain_ablation,winogrande_0shot,0.4453459298303604
h100-d512-mix-proportional-zero-c28-seed0-from10pct-20260826-rno2a,proportional_domain_ablation,arc_challenge_0shot,1.5244291797622551
h100-d512-mix-proportional-zero-c28-seed0-from10pct-20260826-rno2a,proportional_domain_ablation,belebele_arabic,2.2698668394977455
h100-d512-mix-proportional-zero-c28-seed0-from10pct-20260826-rno2a,proportional_domain_ablation,belebele_bengali,2.2323646679226408
h100-d512-mix-proportional-zero-c28-seed0-from10pct-20260826-rno2a,proportional_domain_ablation,belebele_chinese_simplified,2.1786628416441896
h100-d512-mix-proportional-zero-c28-seed0-from10pct-20260826-rno2a,proportional_domain_ablation,belebele_french,2.1404658063672506
h100-d512-mix-proportional-zero-c28-seed0-from10pct-20260826-rno2a,proportional_domain_ablation,belebele_german,2.1278365161775628
h100-d512-mix-proportional-zero-c28-seed0-from10pct-20260826-rno2a,proportional_domain_ablation,belebele_hebrew,2.252861164501287
h100-d512-mix-proportional-zero-c28-seed0-from10pct-20260826-rno2a,proportional_domain_ablation,belebele_hindi,2.3096157338540766
h100-d512-mix-proportional-zero-c28-seed0-from10pct-20260826-rno2a,proportional_domain_ablation,belebele_indonesian,2.1222663228766847
h100-d512-mix-proportional-zero-c28-seed0-from10pct-20260826-rno2a,proportional_domain_ablation,belebele_japanese,2.185547298368006
h100-d512-mix-proportional-zero-c28-seed0-from10pct-20260826-rno2a,proportional_domain_ablation,belebele_korean,2.112361092073595
h100-d512-mix-proportional-zero-c28-seed0-from10pct-20260826-rno2a,proportional_domain_ablation,belebele_mean,2.2666063448526725
h100-d512-mix-proportional-zero-c28-seed0-from10pct-20260826-rno2a,proportional_domain_ablation,belebele_portuguese,2.139608830767704
h100-d512-mix-proportional-zero-c28-seed0-from10pct-20260826-rno2a,proportional_domain_ablation,belebele_russian,2.1729808823601835
h100-d512-mix-proportional-zero-c28-seed0-from10pct-20260826-rno2a,proportional_domain_ablation,belebele_spanish,2.153004438673369
h100-d512-mix-proportional-zero-c28-seed0-from10pct-20260826-rno2a,proportional_domain_ablation,belebele_swahili,2.5542204309711
h100-d512-mix-proportional-zero-c28-seed0-from10pct-20260826-rno2a,proportional_domain_ablation,belebele_thai,2.3155547750021452
h100-d512-mix-proportional-zero-c28-seed0-from10pct-20260826-rno2a,proportional_domain_ablation,belebele_turkish,2.4371833225262995
h100-d512-mix-proportional-zero-c28-seed0-from10pct-20260826-rno2a,proportional_domain_ablation,belebele_vietnamese,2.209995862724019
h100-d512-mix-proportional-zero-c28-seed0-from10pct-20260826-rno2a,proportional_domain_ablation,belebele_yoruba,2.8845173810402436
h100-d512-mix-proportional-zero-c28-seed0-from10pct-20260826-rno2a,proportional_domain_ablation,boolq_0shot,2.3644074987071084
h100-d512-mix-proportional-zero-c28-seed0-from10pct-20260826-rno2a,proportional_domain_ablation,copa_0shot,1.8238435644604174
h100-d512-mix-proportional-zero-c28-seed0-from10pct-20260826-rno2a,proportional_domain_ablation,csqa_0shot,3.0006707370605223
h100-d512-mix-proportional-zero-c28-seed0-from10pct-20260826-rno2a,proportional_domain_ablation,gpqa_0shot,2.999241346648806
h100-d512-mix-proportional-zero-c28-seed0-from10pct-20260826-rno2a,proportional_domain_ablation,hellaswag_0shot,0.9556986563147329
h100-d512-mix-proportional-zero-c28-seed0-from10pct-20260826-rno2a,proportional_domain_ablation,include_arabic,1.9989266387159905
h100-d512-mix-proportional-zero-c28-seed0-from10pct-20260826-rno2a,proportional_domain_ablation,include_bengali,2.066542660614613
h100-d512-mix-proportional-zero-c28-seed0-from10pct-20260826-rno2a,proportional_domain_ablation,include_chinese,2.0423290958019895
h100-d512-mix-proportional-zero-c28-seed0-from10pct-20260826-rno2a,proportional_domain_ablation,include_french,2.0457357971884864
h100-d512-mix-proportional-zero-c28-seed0-from10pct-20260826-rno2a,proportional_domain_ablation,include_german,1.9949843201692588
h100-d512-mix-proportional-zero-c28-seed0-from10pct-20260826-rno2a,proportional_domain_ablation,include_hebrew,2.087687988871067
h100-d512-mix-proportional-zero-c28-seed0-from10pct-20260826-rno2a,proportional_domain_ablation,include_hindi,2.0412569160652927
h100-d512-mix-proportional-zero-c28-seed0-from10pct-20260826-rno2a,proportional_domain_ablation,include_indonesian,2.041281156123004
h100-d512-mix-proportional-zero-c28-seed0-from10pct-20260826-rno2a,proportional_domain_ablation,include_japanese,2.06048939537249
h100-d512-mix-proportional-zero-c28-seed0-from10pct-20260826-rno2a,proportional_domain_ablation,include_korean,2.0693211117409755
h100-d512-mix-proportional-zero-c28-seed0-from10pct-20260826-rno2a,proportional_domain_ablation,include_mean,2.0505351506811924
h100-d512-mix-proportional-zero-c28-seed0-from10pct-20260826-rno2a,proportional_domain_ablation,include_portuguese,2.052360897004589
h100-d512-mix-proportional-zero-c28-seed0-from10pct-20260826-rno2a,proportional_domain_ablation,include_russian,2.1030576731691957
h100-d512-mix-proportional-zero-c28-seed0-from10pct-20260826-rno2a,proportional_domain_ablation,include_spanish,2.049344768149801
h100-d512-mix-proportional-zero-c28-seed0-from10pct-20260826-rno2a,proportional_domain_ablation,include_turkish,2.0396384430578522
h100-d512-mix-proportional-zero-c28-seed0-from10pct-20260826-rno2a,proportional_domain_ablation,include_vietnamese,2.0650703981732783
h100-d512-mix-proportional-zero-c28-seed0-from10pct-20260826-rno2a,proportional_domain_ablation,lambada_0shot,0.8598801166420849
h100-d512-mix-proportional-zero-c28-seed0-from10pct-20260826-rno2a,proportional_domain_ablation,lb_bbh_3shot,1.7248764268880998
h100-d512-mix-proportional-zero-c28-seed0-from10pct-20260826-rno2a,proportional_domain_ablation,logprob_gsm8k_5shot,0.7984839084035744
h100-d512-mix-proportional-zero-c28-seed0-from10pct-20260826-rno2a,proportional_domain_ablation,logprob_humaneval_10shot,0.5740695922482484
h100-d512-mix-proportional-zero-c28-seed0-from10pct-20260826-rno2a,proportional_domain_ablation,medmcqa_0shot,2.5814297372630235
h100-d512-mix-proportional-zero-c28-seed0-from10pct-20260826-rno2a,proportional_domain_ablation,medqa_0shot,3.4825120604261057
h100-d512-mix-proportional-zero-c28-seed0-from10pct-20260826-rno2a,proportional_domain_ablation,mmlu_pro_5shot,3.948013009854669
h100-d512-mix-proportional-zero-c28-seed0-from10pct-20260826-rno2a,proportional_domain_ablation,musr_0shot,0.7504062693240907
h100-d512-mix-proportional-zero-c28-seed0-from10pct-20260826-rno2a,proportional_domain_ablation,openbookqa_0shot,1.972992648217163
h100-d512-mix-proportional-zero-c28-seed0-from10pct-20260826-rno2a,proportional_domain_ablation,piqa_0shot,1.2567779144557787
h100-d512-mix-proportional-zero-c28-seed0-from10pct-20260826-rno2a,proportional_domain_ablation,sciq_0shot,1.5213272752444698
h100-d512-mix-proportional-zero-c28-seed0-from10pct-20260826-rno2a,proportional_domain_ablation,truthfulqa_mc1_0shot,0.7600235824421933
h100-d512-mix-proportional-zero-c28-seed0-from10pct-20260826-rno2a,proportional_domain_ablation,winogrande_0shot,0.44564454985285284
h100-d512-mix-proportional-zero-c31-seed0-from10pct-20260826-rno2a,proportional_domain_ablation,arc_challenge_0shot,1.5658420482389817
h100-d512-mix-proportional-zero-c31-seed0-from10pct-20260826-rno2a,proportional_domain_ablation,belebele_arabic,2.1455413310333817
h100-d512-mix-proportional-zero-c31-seed0-from10pct-20260826-rno2a,proportional_domain_ablation,belebele_bengali,2.2595053535315337
h100-d512-mix-proportional-zero-c31-seed0-from10pct-20260826-rno2a,proportional_domain_ablation,belebele_chinese_simplified,2.145397313908102
h100-d512-mix-proportional-zero-c31-seed0-from10pct-20260826-rno2a,proportional_domain_ablation,belebele_french,2.081255768762016
h100-d512-mix-proportional-zero-c31-seed0-from10pct-20260826-rno2a,proportional_domain_ablation,belebele_german,2.1141268219938336
h100-d512-mix-proportional-zero-c31-seed0-from10pct-20260826-rno2a,proportional_domain_ablation,belebele_hebrew,2.1640399399356647
h100-d512-mix-proportional-zero-c31-seed0-from10pct-20260826-rno2a,proportional_domain_ablation,belebele_hindi,2.1522438243798248
h100-d512-mix-proportional-zero-c31-seed0-from10pct-20260826-rno2a,proportional_domain_ablation,belebele_indonesian,2.11321971115846
h100-d512-mix-proportional-zero-c31-seed0-from10pct-20260826-rno2a,proportional_domain_ablation,belebele_japanese,2.144182849246624
h100-d512-mix-proportional-zero-c31-seed0-from10pct-20260826-rno2a,proportional_domain_ablation,belebele_korean,2.0779479625177526
h100-d512-mix-proportional-zero-c31-seed0-from10pct-20260826-rno2a,proportional_domain_ablation,belebele_mean,2.1427334361079566
h100-d512-mix-proportional-zero-c31-seed0-from10pct-20260826-rno2a,proportional_domain_ablation,belebele_portuguese,2.110949359871924
h100-d512-mix-proportional-zero-c31-seed0-from10pct-20260826-rno2a,proportional_domain_ablation,belebele_russian,2.0998441738192417
h100-d512-mix-proportional-zero-c31-seed0-from10pct-20260826-rno2a,proportional_domain_ablation,belebele_spanish,2.1077957457242933
h100-d512-mix-proportional-zero-c31-seed0-from10pct-20260826-rno2a,proportional_domain_ablation,belebele_swahili,2.180552730139657
h100-d512-mix-proportional-zero-c31-seed0-from10pct-20260826-rno2a,proportional_domain_ablation,belebele_thai,2.0915392565831383
h100-d512-mix-proportional-zero-c31-seed0-from10pct-20260826-rno2a,proportional_domain_ablation,belebele_turkish,2.183975260277553
h100-d512-mix-proportional-zero-c31-seed0-from10pct-20260826-rno2a,proportional_domain_ablation,belebele_vietnamese,2.1413086199598648
h100-d512-mix-proportional-zero-c31-seed0-from10pct-20260826-rno2a,proportional_domain_ablation,belebele_yoruba,2.2557758271003547
h100-d512-mix-proportional-zero-c31-seed0-from10pct-20260826-rno2a,proportional_domain_ablation,boolq_0shot,2.5595096921405247
h100-d512-mix-proportional-zero-c31-seed0-from10pct-20260826-rno2a,proportional_domain_ablation,copa_0shot,1.8003836643470061
h100-d512-mix-proportional-zero-c31-seed0-from10pct-20260826-rno2a,proportional_domain_ablation,csqa_0shot,2.98367013793105
h100-d512-mix-proportional-zero-c31-seed0-from10pct-20260826-rno2a,proportional_domain_ablation,gpqa_0shot,2.2361640002374408
h100-d512-mix-proportional-zero-c31-seed0-from10pct-20260826-rno2a,proportional_domain_ablation,hellaswag_0shot,0.9589909943730207
h100-d512-mix-proportional-zero-c31-seed0-from10pct-20260826-rno2a,proportional_domain_ablation,include_arabic,2.0982979015754974
h100-d512-mix-proportional-zero-c31-seed0-from10pct-20260826-rno2a,proportional_domain_ablation,include_bengali,2.0902517940556717
h100-d512-mix-proportional-zero-c31-seed0-from10pct-20260826-rno2a,proportional_domain_ablation,include_chinese,2.065799753086032
h100-d512-mix-proportional-zero-c31-seed0-from10pct-20260826-rno2a,proportional_domain_ablation,include_french,2.0663611240275874
h100-d512-mix-proportional-zero-c31-seed0-from10pct-20260826-rno2a,proportional_domain_ablation,include_german,2.0586092935042792
h100-d512-mix-proportional-zero-c31-seed0-from10pct-20260826-rno2a,proportional_domain_ablation,include_hebrew,2.1535973910935127
h100-d512-mix-proportional-zero-c31-seed0-from10pct-20260826-rno2a,proportional_domain_ablation,include_hindi,2.1156430488803655
h100-d512-mix-proportional-zero-c31-seed0-from10pct-20260826-rno2a,proportional_domain_ablation,include_indonesian,2.107717256151807
h100-d512-mix-proportional-zero-c31-seed0-from10pct-20260826-rno2a,proportional_domain_ablation,include_japanese,2.0888543892792777
h100-d512-mix-proportional-zero-c31-seed0-from10pct-20260826-rno2a,proportional_domain_ablation,include_korean,2.090821044898802
h100-d512-mix-proportional-zero-c31-seed0-from10pct-20260826-rno2a,proportional_domain_ablation,include_mean,2.0908379588954853
h100-d512-mix-proportional-zero-c31-seed0-from10pct-20260826-rno2a,proportional_domain_ablation,include_portuguese,2.1708266077070726
h100-d512-mix-proportional-zero-c31-seed0-from10pct-20260826-rno2a,proportional_domain_ablation,include_russian,2.092274928315908
h100-d512-mix-proportional-zero-c31-seed0-from10pct-20260826-rno2a,proportional_domain_ablation,include_spanish,2.080249304105143
h100-d512-mix-proportional-zero-c31-seed0-from10pct-20260826-rno2a,proportional_domain_ablation,include_turkish,2.0333457072349606
h100-d512-mix-proportional-zero-c31-seed0-from10pct-20260826-rno2a,proportional_domain_ablation,include_vietnamese,2.0499198395163636
h100-d512-mix-proportional-zero-c31-seed0-from10pct-20260826-rno2a,proportional_domain_ablation,lambada_0shot,0.8727012654931884
h100-d512-mix-proportional-zero-c31-seed0-from10pct-20260826-rno2a,proportional_domain_ablation,lb_bbh_3shot,1.795632095139402
h100-d512-mix-proportional-zero-c31-seed0-from10pct-20260826-rno2a,proportional_domain_ablation,logprob_gsm8k_5shot,0.7939852071996888
h100-d512-mix-proportional-zero-c31-seed0-from10pct-20260826-rno2a,proportional_domain_ablation,logprob_humaneval_10shot,0.5379488695035837
h100-d512-mix-proportional-zero-c31-seed0-from10pct-20260826-rno2a,proportional_domain_ablation,medmcqa_0shot,2.529022482218929
h100-d512-mix-proportional-zero-c31-seed0-from10pct-20260826-rno2a,proportional_domain_ablation,medqa_0shot,2.7245568448087543
h100-d512-mix-proportional-zero-c31-seed0-from10pct-20260826-rno2a,proportional_domain_ablation,mmlu_pro_5shot,4.1376034716837395
h100-d512-mix-proportional-zero-c31-seed0-from10pct-20260826-rno2a,proportional_domain_ablation,musr_0shot,0.9507295719063625
h100-d512-mix-proportional-zero-c31-seed0-from10pct-20260826-rno2a,proportional_domain_ablation,openbookqa_0shot,1.976565541715138
h100-d512-mix-proportional-zero-c31-seed0-from10pct-20260826-rno2a,proportional_domain_ablation,piqa_0shot,1.282554862807733
h100-d512-mix-proportional-zero-c31-seed0-from10pct-20260826-rno2a,proportional_domain_ablation,sciq_0shot,1.6245563470455553
h100-d512-mix-proportional-zero-c31-seed0-from10pct-20260826-rno2a,proportional_domain_ablation,truthfulqa_mc1_0shot,0.7577418000492414
h100-d512-mix-proportional-zero-c31-seed0-from10pct-20260826-rno2a,proportional_domain_ablation,winogrande_0shot,0.44475845165376565
h100-d512-mix-proportional-zero-c35-seed0-from10pct-20260826-rno2a,proportional_domain_ablation,arc_challenge_0shot,1.5288990220639085
h100-d512-mix-proportional-zero-c35-seed0-from10pct-20260826-rno2a,proportional_domain_ablation,belebele_arabic,2.2358279954027993
h100-d512-mix-proportional-zero-c35-seed0-from10pct-20260826-rno2a,proportional_domain_ablation,belebele_bengali,2.133377968693283
h100-d512-mix-proportional-zero-c35-seed0-from10pct-20260826-rno2a,proportional_domain_ablation,belebele_chinese_simplified,2.3304598830424794
h100-d512-mix-proportional-zero-c35-seed0-from10pct-20260826-rno2a,proportional_domain_ablation,belebele_french,2.129531175891609
h100-d512-mix-proportional-zero-c35-seed0-from10pct-20260826-rno2a,proportional_domain_ablation,belebele_german,2.1907209953174487
h100-d512-mix-proportional-zero-c35-seed0-from10pct-20260826-rno2a,proportional_domain_ablation,belebele_hebrew,2.194717298465817
h100-d512-mix-proportional-zero-c35-seed0-from10pct-20260826-rno2a,proportional_domain_ablation,belebele_hindi,2.2570803866888536
h100-d512-mix-proportional-zero-c35-seed0-from10pct-20260826-rno2a,proportional_domain_ablation,belebele_indonesian,2.1367174171655603
h100-d512-mix-proportional-zero-c35-seed0-from10pct-20260826-rno2a,proportional_domain_ablation,belebele_japanese,2.3035277176075337
h100-d512-mix-proportional-zero-c35-seed0-from10pct-20260826-rno2a,proportional_domain_ablation,belebele_korean,2.119364299187085
h100-d512-mix-proportional-zero-c35-seed0-from10pct-20260826-rno2a,proportional_domain_ablation,belebele_mean,2.2462624142056984
h100-d512-mix-proportional-zero-c35-seed0-from10pct-20260826-rno2a,proportional_domain_ablation,belebele_portuguese,2.1266604228519532
h100-d512-mix-proportional-zero-c35-seed0-from10pct-20260826-rno2a,proportional_domain_ablation,belebele_russian,2.160681907591405
h100-d512-mix-proportional-zero-c35-seed0-from10pct-20260826-rno2a,proportional_domain_ablation,belebele_spanish,2.129201570376867
h100-d512-mix-proportional-zero-c35-seed0-from10pct-20260826-rno2a,proportional_domain_ablation,belebele_swahili,2.2892716058782416
h100-d512-mix-proportional-zero-c35-seed0-from10pct-20260826-rno2a,proportional_domain_ablation,belebele_thai,2.1282118555099157
h100-d512-mix-proportional-zero-c35-seed0-from10pct-20260826-rno2a,proportional_domain_ablation,belebele_turkish,2.5754667028278013
h100-d512-mix-proportional-zero-c35-seed0-from10pct-20260826-rno2a,proportional_domain_ablation,belebele_vietnamese,2.373247963080773
h100-d512-mix-proportional-zero-c35-seed0-from10pct-20260826-rno2a,proportional_domain_ablation,belebele_yoruba,2.6186562901231487
h100-d512-mix-proportional-zero-c35-seed0-from10pct-20260826-rno2a,proportional_domain_ablation,boolq_0shot,2.2620952219944264
h100-d512-mix-proportional-zero-c35-seed0-from10pct-20260826-rno2a,proportional_domain_ablation,copa_0shot,1.8237682172902614
h100-d512-mix-proportional-zero-c35-seed0-from10pct-20260826-rno2a,proportional_domain_ablation,csqa_0shot,3.0204829945576237
h100-d512-mix-proportional-zero-c35-seed0-from10pct-20260826-rno2a,proportional_domain_ablation,gpqa_0shot,2.3431225462545964
h100-d512-mix-proportional-zero-c35-seed0-from10pct-20260826-rno2a,proportional_domain_ablation,hellaswag_0shot,0.9688822987814893
h100-d512-mix-proportional-zero-c35-seed0-from10pct-20260826-rno2a,proportional_domain_ablation,include_arabic,2.071019468805353
h100-d512-mix-proportional-zero-c35-seed0-from10pct-20260826-rno2a,proportional_domain_ablation,include_bengali,2.0531438155379544
h100-d512-mix-proportional-zero-c35-seed0-from10pct-20260826-rno2a,proportional_domain_ablation,include_chinese,2.056506211873664
h100-d512-mix-proportional-zero-c35-seed0-from10pct-20260826-rno2a,proportional_domain_ablation,include_french,2.040939112807069
h100-d512-mix-proportional-zero-c35-seed0-from10pct-20260826-rno2a,proportional_domain_ablation,include_german,2.0062413394122367
h100-d512-mix-proportional-zero-c35-seed0-from10pct-20260826-rno2a,proportional_domain_ablation,include_hebrew,2.0745174305135254
h100-d512-mix-proportional-zero-c35-seed0-from10pct-20260826-rno2a,proportional_domain_ablation,include_hindi,2.0670053135737265
h100-d512-mix-proportional-zero-c35-seed0-from10pct-20260826-rno2a,proportional_domain_ablation,include_indonesian,2.0413203064099945
h100-d512-mix-proportional-zero-c35-seed0-from10pct-20260826-rno2a,proportional_domain_ablation,include_japanese,2.055748025409382
h100-d512-mix-proportional-zero-c35-seed0-from10pct-20260826-rno2a,proportional_domain_ablation,include_korean,2.0580543078011933
h100-d512-mix-proportional-zero-c35-seed0-from10pct-20260826-rno2a,proportional_domain_ablation,include_mean,2.0508537905034974
h100-d512-mix-proportional-zero-c35-seed0-from10pct-20260826-rno2a,proportional_domain_ablation,include_portuguese,2.0545528987598787
h100-d512-mix-proportional-zero-c35-seed0-from10pct-20260826-rno2a,proportional_domain_ablation,include_russian,2.057442429756697
h100-d512-mix-proportional-zero-c35-seed0-from10pct-20260826-rno2a,proportional_domain_ablation,include_spanish,2.0416601535089716
h100-d512-mix-proportional-zero-c35-seed0-from10pct-20260826-rno2a,proportional_domain_ablation,include_turkish,2.022919520766423
h100-d512-mix-proportional-zero-c35-seed0-from10pct-20260826-rno2a,proportional_domain_ablation,include_vietnamese,2.0617365226163917
h100-d512-mix-proportional-zero-c35-seed0-from10pct-20260826-rno2a,proportional_domain_ablation,lambada_0shot,0.8704177867487387
h100-d512-mix-proportional-zero-c35-seed0-from10pct-20260826-rno2a,proportional_domain_ablation,lb_bbh_3shot,1.5299460661546225
h100-d512-mix-proportional-zero-c35-seed0-from10pct-20260826-rno2a,proportional_domain_ablation,logprob_gsm8k_5shot,0.804173147967987
h100-d512-mix-proportional-zero-c35-seed0-from10pct-20260826-rno2a,proportional_domain_ablation,logprob_humaneval_10shot,0.539359653168931
h100-d512-mix-proportional-zero-c35-seed0-from10pct-20260826-rno2a,proportional_domain_ablation,medmcqa_0shot,3.0106771832282933
h100-d512-mix-proportional-zero-c35-seed0-from10pct-20260826-rno2a,proportional_domain_ablation,medqa_0shot,2.5033611024203033
h100-d512-mix-proportional-zero-c35-seed0-from10pct-20260826-rno2a,proportional_domain_ablation,mmlu_pro_5shot,4.664844719664679
h100-d512-mix-proportional-zero-c35-seed0-from10pct-20260826-rno2a,proportional_domain_ablation,musr_0shot,0.7991654203654875
h100-d512-mix-proportional-zero-c35-seed0-from10pct-20260826-rno2a,proportional_domain_ablation,openbookqa_0shot,1.9886103447517636
h100-d512-mix-proportional-zero-c35-seed0-from10pct-20260826-rno2a,proportional_domain_ablation,piqa_0shot,1.2963759294508481
h100-d512-mix-proportional-zero-c35-seed0-from10pct-20260826-rno2a,proportional_domain_ablation,sciq_0shot,1.5555913246207347
h100-d512-mix-proportional-zero-c35-seed0-from10pct-20260826-rno2a,proportional_domain_ablation,truthfulqa_mc1_0shot,0.7609861434039285
h100-d512-mix-proportional-zero-c35-seed0-from10pct-20260826-rno2a,proportional_domain_ablation,winogrande_0shot,0.4508675684878186
h100-d512-mix-proportional-zero-c39-seed0-from10pct-20260826-rno2a,proportional_domain_ablation,arc_challenge_0shot,1.565420626799582
h100-d512-mix-proportional-zero-c39-seed0-from10pct-20260826-rno2a,proportional_domain_ablation,belebele_arabic,2.4936027557844764
h100-d512-mix-proportional-zero-c39-seed0-from10pct-20260826-rno2a,proportional_domain_ablation,belebele_bengali,2.2525132895561755
h100-d512-mix-proportional-zero-c39-seed0-from10pct-20260826-rno2a,proportional_domain_ablation,belebele_chinese_simplified,2.450407111451258
h100-d512-mix-proportional-zero-c39-seed0-from10pct-20260826-rno2a,proportional_domain_ablation,belebele_french,2.2918807239086956
h100-d512-mix-proportional-zero-c39-seed0-from10pct-20260826-rno2a,proportional_domain_ablation,belebele_german,2.565946943523851
h100-d512-mix-proportional-zero-c39-seed0-from10pct-20260826-rno2a,proportional_domain_ablation,belebele_hebrew,2.7569611749442213
h100-d512-mix-proportional-zero-c39-seed0-from10pct-20260826-rno2a,proportional_domain_ablation,belebele_hindi,2.3343973793986663
h100-d512-mix-proportional-zero-c39-seed0-from10pct-20260826-rno2a,proportional_domain_ablation,belebele_indonesian,2.214382554928787
h100-d512-mix-proportional-zero-c39-seed0-from10pct-20260826-rno2a,proportional_domain_ablation,belebele_japanese,2.8712125302903564
h100-d512-mix-proportional-zero-c39-seed0-from10pct-20260826-rno2a,proportional_domain_ablation,belebele_korean,2.2692485964555162
h100-d512-mix-proportional-zero-c39-seed0-from10pct-20260826-rno2a,proportional_domain_ablation,belebele_mean,2.5137591795330496
h100-d512-mix-proportional-zero-c39-seed0-from10pct-20260826-rno2a,proportional_domain_ablation,belebele_portuguese,2.158553243256324
h100-d512-mix-proportional-zero-c39-seed0-from10pct-20260826-rno2a,proportional_domain_ablation,belebele_russian,2.482959520387035
h100-d512-mix-proportional-zero-c39-seed0-from10pct-20260826-rno2a,proportional_domain_ablation,belebele_spanish,2.171585918180338
h100-d512-mix-proportional-zero-c39-seed0-from10pct-20260826-rno2a,proportional_domain_ablation,belebele_swahili,2.6202596365086324
h100-d512-mix-proportional-zero-c39-seed0-from10pct-20260826-rno2a,proportional_domain_ablation,belebele_thai,2.477316853119359
h100-d512-mix-proportional-zero-c39-seed0-from10pct-20260826-rno2a,proportional_domain_ablation,belebele_turkish,2.9587210839923896
h100-d512-mix-proportional-zero-c39-seed0-from10pct-20260826-rno2a,proportional_domain_ablation,belebele_vietnamese,2.7315228957212594
h100-d512-mix-proportional-zero-c39-seed0-from10pct-20260826-rno2a,proportional_domain_ablation,belebele_yoruba,3.1461930201875528
h100-d512-mix-proportional-zero-c39-seed0-from10pct-20260826-rno2a,proportional_domain_ablation,boolq_0shot,2.231413265198679
h100-d512-mix-proportional-zero-c39-seed0-from10pct-20260826-rno2a,proportional_domain_ablation,copa_0shot,1.7884458118702287
h100-d512-mix-proportional-zero-c39-seed0-from10pct-20260826-rno2a,proportional_domain_ablation,csqa_0shot,3.870173632430356
h100-d512-mix-proportional-zero-c39-seed0-from10pct-20260826-rno2a,proportional_domain_ablation,gpqa_0shot,3.9511414800994045
h100-d512-mix-proportional-zero-c39-seed0-from10pct-20260826-rno2a,proportional_domain_ablation,hellaswag_0shot,0.9584344143361041
h100-d512-mix-proportional-zero-c39-seed0-from10pct-20260826-rno2a,proportional_domain_ablation,include_arabic,2.0840157099795333
h100-d512-mix-proportional-zero-c39-seed0-from10pct-20260826-rno2a,proportional_domain_ablation,include_bengali,2.0678248997074626
h100-d512-mix-proportional-zero-c39-seed0-from10pct-20260826-rno2a,proportional_domain_ablation,include_chinese,2.0713329075221236
h100-d512-mix-proportional-zero-c39-seed0-from10pct-20260826-rno2a,proportional_domain_ablation,include_french,2.036879857811456
h100-d512-mix-proportional-zero-c39-seed0-from10pct-20260826-rno2a,proportional_domain_ablation,include_german,2.031737913402309
h100-d512-mix-proportional-zero-c39-seed0-from10pct-20260826-rno2a,proportional_domain_ablation,include_hebrew,2.155278442393677
h100-d512-mix-proportional-zero-c39-seed0-from10pct-20260826-rno2a,proportional_domain_ablation,include_hindi,2.0944447874051044
h100-d512-mix-proportional-zero-c39-seed0-from10pct-20260826-rno2a,proportional_domain_ablation,include_indonesian,2.064439021719345
h100-d512-mix-proportional-zero-c39-seed0-from10pct-20260826-rno2a,proportional_domain_ablation,include_japanese,2.0777199147579415
h100-d512-mix-proportional-zero-c39-seed0-from10pct-20260826-rno2a,proportional_domain_ablation,include_korean,2.0913484591067064
h100-d512-mix-proportional-zero-c39-seed0-from10pct-20260826-rno2a,proportional_domain_ablation,include_mean,2.0750660062820234
h100-d512-mix-proportional-zero-c39-seed0-from10pct-20260826-rno2a,proportional_domain_ablation,include_portuguese,2.048116385937822
h100-d512-mix-proportional-zero-c39-seed0-from10pct-20260826-rno2a,proportional_domain_ablation,include_russian,2.0638338806749825
h100-d512-mix-proportional-zero-c39-seed0-from10pct-20260826-rno2a,proportional_domain_ablation,include_spanish,2.0466780462850096
h100-d512-mix-proportional-zero-c39-seed0-from10pct-20260826-rno2a,proportional_domain_ablation,include_turkish,2.0824238940156348
h100-d512-mix-proportional-zero-c39-seed0-from10pct-20260826-rno2a,proportional_domain_ablation,include_vietnamese,2.1099159735112436
h100-d512-mix-proportional-zero-c39-seed0-from10pct-20260826-rno2a,proportional_domain_ablation,lambada_0shot,0.8614947796322641
h100-d512-mix-proportional-zero-c39-seed0-from10pct-20260826-rno2a,proportional_domain_ablation,lb_bbh_3shot,1.8146519147082767
h100-d512-mix-proportional-zero-c39-seed0-from10pct-20260826-rno2a,proportional_domain_ablation,logprob_gsm8k_5shot,0.8415175849336403
h100-d512-mix-proportional-zero-c39-seed0-from10pct-20260826-rno2a,proportional_domain_ablation,logprob_humaneval_10shot,0.5466557781425334
h100-d512-mix-proportional-zero-c39-seed0-from10pct-20260826-rno2a,proportional_domain_ablation,medmcqa_0shot,3.1877183092401435
h100-d512-mix-proportional-zero-c39-seed0-from10pct-20260826-rno2a,proportional_domain_ablation,medqa_0shot,2.8762438678289803
h100-d512-mix-proportional-zero-c39-seed0-from10pct-20260826-rno2a,proportional_domain_ablation,mmlu_pro_5shot,4.263260511018829
h100-d512-mix-proportional-zero-c39-seed0-from10pct-20260826-rno2a,proportional_domain_ablation,musr_0shot,0.7507841950417449
h100-d512-mix-proportional-zero-c39-seed0-from10pct-20260826-rno2a,proportional_domain_ablation,openbookqa_0shot,1.953853648376531
h100-d512-mix-proportional-zero-c39-seed0-from10pct-20260826-rno2a,proportional_domain_ablation,piqa_0shot,1.286227069338729
h100-d512-mix-proportional-zero-c39-seed0-from10pct-20260826-rno2a,proportional_domain_ablation,sciq_0shot,1.6243967679944449
h100-d512-mix-proportional-zero-c39-seed0-from10pct-20260826-rno2a,proportional_domain_ablation,truthfulqa_mc1_0shot,0.7591677918304377
h100-d512-mix-proportional-zero-c39-seed0-from10pct-20260826-rno2a,proportional_domain_ablation,winogrande_0shot,0.44962694450514634
