candidate,run,role,observed_seed_labels,paloma,humaneval,gsm8k,medqa,belebele,include,programming
00c50859e721432f,h100-d512-mixprior-00c50859e721432f-seed0-from10pct-20260829,candidate,0,1.189012885093689,0.5187824140430971,0.7769287195884303,2.211713053965546,2.137427712169992,2.056238119735714,0.6733404994010925
00d76bb7275384bc,h100-d512-mixprior-00d76bb7275384bc-seed0-from10pct-20260829,candidate,0,1.1878166198730469,0.5020913666109098,0.8087399014688985,2.5074055421227675,2.7603393975580386,2.082106479277994,0.6792855858802795
0113e750ada1e50a,h100-d512-mixprior-0113e750ada1e50a-seed0-from10pct-20260829,candidate,0,1.185333490371704,0.5419501117163007,0.8460771274993902,2.9848187018828582,2.1592193108678455,2.0546899100561338,0.6988816261291504
023bbf8a7dd029ee,h100-d512-mixprior-023bbf8a7dd029ee-seed0-from10pct-20260829,candidate,0,1.1910018920898438,0.5093853203056288,0.7730855281648027,2.3666181009730876,2.218995329618456,2.109792288805067,0.6702587008476257
02d7015c48e44255,h100-d512-mixprior-02d7015c48e44255-seed0-from10pct-20260829,candidate,0,1.1891897916793823,0.5326986003131435,0.7835458548020046,2.5516902905979357,2.4189386680950484,2.0905255249364707,0.6904119849205017
02d79e0765f2842f,h100-d512-mixprior-02d79e0765f2842f-seed0-from10pct-20260829,candidate,0,1.1865627765655518,0.550457317275927,0.7893638848055163,2.578374150847436,2.1706195631488856,2.0652979477387787,0.694931149482727
02d7e4261304488f,h100-d512-mixprior-02d7e4261304488f-seed0-from10pct-20260829,candidate,0,1.2019743919372559,0.5699926408774492,0.8956483418045184,2.4063945900656845,2.1772489565966078,2.079075541756282,0.7179816961288452
03590486b7eca14d,h100-d512-mixprior-03590486b7eca14d-seed0-from10pct-20260829,candidate,0,1.187455177307129,0.5440990350307665,0.8062257579722901,2.5889600623696145,2.3333084918720277,2.061837233480689,0.6921522617340088
0381f0ef27de4605,h100-d512-mixprior-0381f0ef27de4605-seed0-from10pct-20260829,candidate,0,1.2017098665237427,0.5302352425145687,0.7935764383664643,2.5703155714621304,2.250220091616571,2.1130145515352923,0.6914243102073669
03fc648318802486,h100-d512-mixprior-03fc648318802486-seed0-from10pct-20260829,candidate,0,1.1859745979309082,0.5404115414145506,0.8252746466174633,2.959038082525544,2.3058187667831604,2.056060052816195,0.6891991496086121
04043d0c8f96fdbc,h100-d512-mixprior-04043d0c8f96fdbc-seed0-from10pct-20260829,candidate,0,1.1877301931381226,0.5086525797492273,0.8154397494967354,2.662613861350862,2.4427960533047517,2.0814423753329905,0.6802091598510742
05040e528683a5eb,h100-d512-mixprior-05040e528683a5eb-seed0-from10pct-20260829,candidate,0,1.184149980545044,0.52373706794159,0.8146073796873488,2.167032937100677,2.282145900947427,2.0924261485903,0.6899242997169495
0553844b2f315524,h100-d512-mixprior-0553844b2f315524-seed0-from10pct-20260829,candidate,0,1.1928954124450684,0.5269599289330286,0.7103841210231341,2.1171395905248684,2.505722095242396,2.0781968175548817,0.711284339427948
05afaff63f3039cf,h100-d512-mixprior-05afaff63f3039cf-seed0-from10pct-20260829,candidate,0,1.1938145160675049,0.5171497936304008,0.7445257648354195,2.228139007315579,2.1312273370142054,2.0593027993514688,0.698566198348999
05c4c74ad0d11828,h100-d512-mixprior-05c4c74ad0d11828-seed0-from10pct-20260829,candidate,0,1.188366174697876,0.522972842025965,0.81873942264665,5.419486414659231,2.8471004042826515,2.0673088271788798,0.6965112686157227
065e903061bc0579,h100-d512-mixprior-065e903061bc0579-seed0-from10pct-20260829,candidate,0,1.1948537826538086,0.49503147758810734,0.7652642397199028,2.9072934047917713,2.1385729569091207,2.0602604614626974,0.6810960173606873
069e3529f9da5eae,h100-d512-mixprior-069e3529f9da5eae-seed0-from10pct-20260829,candidate,0,1.2386378049850464,0.5795802546680371,0.8885891458090016,2.309790871364022,2.2714798189340746,2.106852695121858,0.7283982038497925
06afa6725e0335f6,h100-d512-mixprior-06afa6725e0335f6-seed0-from10pct-20260829,candidate,0,1.1906530857086182,0.5339777932959084,0.8196407800377438,2.5195760717639577,2.4023157670126896,2.1115807809241933,0.6830917000770569
07dc1a9209e1ef25,h100-d512-mixprior-07dc1a9209e1ef25-seed0-from10pct-20260829,candidate,0,1.1892808675765991,0.530739962306333,0.7193480431689678,2.438845779418393,2.2386397779641958,2.101891524984681,0.7058432102203369
07e4a9dd18ba90fd,h100-d512-mixprior-07e4a9dd18ba90fd-seed0-from10pct-20260829,candidate,0,1.25059175491333,0.5632542570966469,0.9821797146789851,2.133488532293269,2.1251253969036243,2.1236227622677166,0.7106932401657104
082e965cea6c0f4f,h100-d512-mixprior-082e965cea6c0f4f-seed0-from10pct-20260829,candidate,0,1.194471001625061,0.5438919059259334,0.7504111518850679,2.223423003631234,2.1151880580065447,2.073534970277984,0.7069562077522278
08ce96bd2cfad893,h100-d512-mixprior-08ce96bd2cfad893-seed0-from10pct-20260829,candidate,0,1.1860997676849365,0.50807093259914,0.7956490672258437,3.050338430518317,2.104855955509787,2.068561873809192,0.6788865327835083
09975a72097cc7fa,h100-d512-mixprior-09975a72097cc7fa-seed0-from10pct-20260829,candidate,0,1.1932737827301025,0.533309692196198,0.7203084709163062,2.248407488480306,2.254606164986358,2.0889901664742108,0.7088446617126465
09b08408bc10bac1,h100-d512-mixprior-09b08408bc10bac1-seed0-from10pct-20260829,candidate,0,1.189981460571289,0.5490642878207361,0.8232337638328345,2.3461114110361665,2.2220082616604238,2.0804044886110367,0.6936545372009277
09c118154d089543,h100-d512-mixprior-09c118154d089543-seed0-from10pct-20260829,candidate,0,1.186764121055603,0.5218068017982889,0.8300112657405214,2.1620072475803913,2.753628083571764,2.1010391340106964,0.6796935200691223
0a1eb11215ebf1d9,h100-d512-mixprior-0a1eb11215ebf1d9-seed0-from10pct-20260829,candidate,0,1.1944286823272705,0.5824459899227575,0.8865191125174556,2.4453101160397246,2.2006752705617174,2.082712794006741,0.7102375030517578
0a9d2b0bbf3daf66,h100-d512-mixprior-0a9d2b0bbf3daf66-seed0-from10pct-20260829,candidate,0,1.2249373197555542,0.5418071127780425,0.8584334368845261,2.628808079897837,2.157799170360063,2.1005650253528483,0.7047797441482544
0ac5153108adeda0,h100-d512-mixprior-0ac5153108adeda0-seed0-from10pct-20260829,candidate,0,1.1880706548690796,0.5439987937112366,0.8268004782519668,2.4465329332225996,2.4399602470070487,2.0910211952569027,0.6931405663490295
0bf0278d285e79e4,h100-d512-mixprior-0bf0278d285e79e4-seed0-from10pct-20260829,candidate,0,1.1903328895568848,0.5190067447410112,0.7140943769032191,2.091045659848167,2.134107924987914,2.0606537572073216,0.7020999193191528
0bf4da1c0f7fcaa9,h100-d512-mixprior-0bf4da1c0f7fcaa9-seed0-from10pct-20260829,candidate,0,1.1873587369918823,0.5157161511727799,0.8028950669666769,2.293555924371085,2.2008727741746394,2.091217169086456,0.6788268089294434
0c01c0abac117c95,h100-d512-mixprior-0c01c0abac117c95-seed0-from10pct-20260829,candidate,0,1.187234878540039,0.5173896330585436,0.7921252844716984,2.4972551894984165,2.2074579426552603,2.0566790002500697,0.6805362105369568
0c15d06e8063d3dd,h100-d512-mixprior-0c15d06e8063d3dd-seed0-from10pct-20260829,candidate,0,1.2039716243743896,0.5198407839873078,0.8205371136919284,3.566256329915328,2.2444691767751555,2.0625726222191827,0.6748993396759033
0c586af92e358394,h100-d512-mixprior-0c586af92e358394-seed0-from10pct-20260829,candidate,0,1.1884524822235107,0.5232298671986683,0.7368740265937819,2.4837567024385026,2.315006179662567,2.0579921696238634,0.6874879002571106
0c9b4263d0d81a50,h100-d512-mixprior-0c9b4263d0d81a50-seed0-from10pct-20260829,candidate,0,1.1873501539230347,0.5420434715935539,0.7891564471370399,2.4836217284478694,2.280733497838252,2.080760610286986,0.6916574835777283
0cf507df51077784,h100-d512-mixprior-0cf507df51077784-seed0-from10pct-20260829,candidate,0,1.2120270729064941,0.5273144441568641,0.8412668310799231,2.6870858469858523,2.3896557884298715,2.0968657117331118,0.6960573196411133
0d2a6d6eff335c86,h100-d512-mixprior-0d2a6d6eff335c86-seed0-from10pct-20260829,candidate,0,1.191042184829712,0.5209422850906474,0.7802952792104215,2.13070778135609,2.3430175274998373,2.1209924930246338,0.7119235992431641
0d5bf72ba9c34aca,h100-d512-mixprior-0d5bf72ba9c34aca-seed0-from10pct-20260829,candidate,0,1.238869071006775,0.5612484779421496,0.8192182619878892,2.831519440437964,2.1674852432465124,2.0983751451870956,0.739645779132843
0d833543e7e6c72a,h100-d512-mixprior-0d833543e7e6c72a-seed0-from10pct-20260829,candidate,0,1.1920082569122314,0.5195161464324403,0.7463163244972904,2.6729812510143303,2.270021298661146,2.1169656669318866,0.7087406516075134
0db801530cba5b32,h100-d512-mixprior-0db801530cba5b32-seed0-from10pct-20260829,candidate,0,1.1871559619903564,0.506663771051836,0.7938050987265868,3.29892017688289,2.2023728564809524,2.0742319332207337,0.6793110966682434
0dbee2f7fb65d440,h100-d512-mixprior-0dbee2f7fb65d440-seed0-from10pct-20260829,candidate,0,1.1891875267028809,0.5296960312288816,0.712281385166832,2.104419918219193,2.1940050461926583,2.063686291749399,0.7136585116386414
0ee84179b53369e3,h100-d512-mixprior-0ee84179b53369e3-seed0-from10pct-20260829,candidate,0,1.1899937391281128,0.6123810022991673,0.8772065246567093,2.4696657993865387,2.1474282091848664,2.0744121226107795,0.7074660658836365
0efa8adf369bd3f6,h100-d512-mixprior-0efa8adf369bd3f6-seed0-from10pct-20260829,candidate,0,1.199636697769165,0.6202346122126605,0.8517185124130511,2.142456943910554,2.5235863405050694,2.093984353891241,0.72232586145401
0f218afbdb299582,h100-d512-mixprior-0f218afbdb299582-seed0-from10pct-20260829,candidate,0,1.1868563890457153,0.5220750201787956,0.7853740450642515,2.7951522840104213,2.313955907071427,2.079744152560746,0.6798065304756165
0f6f49441a783695,h100-d512-mixprior-0f6f49441a783695-seed0-from10pct-20260829,candidate,0,1.1850097179412842,0.5416304764176936,0.7955495231655707,2.65150322718074,2.419774965042081,2.0707298131553347,0.6961151957511902
0f8ab1ad6f5720d8,h100-d512-mixprior-0f8ab1ad6f5720d8-seed0-from10pct-20260829,candidate,0,1.1903047561645508,0.5156505960727956,0.7375222637341003,2.191926025498715,2.163482097773691,2.0750869903371165,0.7108255624771118
10795ba658da50f4,h100-d512-mixprior-10795ba658da50f4-seed0-from10pct-20260829,candidate,0,1.1945030689239502,0.5227380866256142,0.7374946726228097,2.1378841161208024,2.098203514964275,2.0720171056555294,0.7125242352485657
10c0562ae66da54f,h100-d512-mixprior-10c0562ae66da54f-seed0-from10pct-20260829,candidate,0,1.186399221420288,0.5383925963697782,0.7926916604075027,2.1643123983298445,2.1882156392718715,2.051239978094657,0.6879159808158875
1166a91e4999b611,h100-d512-mixprior-1166a91e4999b611-seed0-from10pct-20260829,candidate,0,1.2464179992675781,0.5972124725936182,0.9192117824001941,4.441096151285853,3.0478544968031605,2.1722026514733637,0.7414439916610718
11793816caab5139,h100-d512-mixprior-11793816caab5139-seed0-from10pct-20260829,candidate,0,1.1942527294158936,0.5648276591644307,0.7283180980381063,2.6765831033284417,2.2371321836733244,2.067855223390932,0.6883060932159424
11f07b2a6f6260ee,h100-d512-mixprior-11f07b2a6f6260ee-seed0-from10pct-20260829,candidate,0,1.186991810798645,0.5593595033731137,0.8171947529532285,2.361135750837607,2.7710286454699102,2.0876635365387513,0.6943548917770386
1290594d4bf0a79b,h100-d512-mixprior-1290594d4bf0a79b-seed0-from10pct-20260829,candidate,0,1.186786413192749,0.5145655040113005,0.7968692790882875,2.2968442577504598,2.1691298183799965,2.076234699859342,0.6909042000770569
13019d3f55320745,h100-d512-mixprior-13019d3f55320745-seed0-from10pct-20260829,candidate,0,1.2105056047439575,0.5801473499669304,0.8665018293183409,2.536199440763268,2.487209725328782,2.08260491945933,0.7274429798126221
133392ebbce1cb5e,h100-d512-mixprior-133392ebbce1cb5e-seed0-from10pct-20260829,candidate,0,1.1909282207489014,0.5112718894134788,0.7359982993892473,2.1909448065850703,2.250259908594018,2.08192520321299,0.7102128863334656
13e60514b5b53b6f,h100-d512-mixprior-13e60514b5b53b6f-seed0-from10pct-20260829,candidate,0,1.2022373676300049,0.5681050734612058,0.7962605187253957,2.2180108723368614,2.1583176555026324,2.0496544909271597,0.7061336636543274
141c450cf0507271,h100-d512-mixprior-141c450cf0507271-seed0-from10pct-20260829,candidate,0,1.1974384784698486,0.5650430670866096,0.8620227417184265,2.140355243131736,2.1505403821646927,2.0495212481576695,0.7088378667831421
14fc700aaf496db5,h100-d512-mixprior-14fc700aaf496db5-seed0-from10pct-20260829,candidate,0,1.1911556720733643,0.5319454182005541,0.7244834595554427,2.2968759711216125,2.4302019364919305,2.0903404818400695,0.7177830934524536
15a67c597e772af0,h100-d512-mixprior-15a67c597e772af0-seed0-from10pct-20260829,candidate,0,1.1867660284042358,0.5065118422582113,0.7951354952749494,3.486461147130858,2.360798481389528,2.113204102541741,0.6797674298286438
161c6e2899600f32,h100-d512-mixprior-161c6e2899600f32-seed0-from10pct-20260829,candidate,0,1.1875436305999756,0.5404513126102983,0.8066828945145184,3.081832475150995,2.2172509773858913,2.0625003426535837,0.6939875483512878
1660197758b074cd,h100-d512-mixprior-1660197758b074cd-seed0-from10pct-20260829,candidate,0,1.1908674240112305,0.5001702412470309,0.7896176249639313,2.9797950064088643,2.238965952356052,2.0962782514965563,0.6827019453048706
1760e1ca38c8cf81,h100-d512-mixprior-1760e1ca38c8cf81-seed0-from10pct-20260829,candidate,0,1.1896166801452637,0.5178597809092774,0.7769584061268664,2.2723363981962335,2.276604473703601,2.0707412985327602,0.6842105388641357
17d6f84b966dfd9e,h100-d512-mixprior-17d6f84b966dfd9e-seed0-from10pct-20260829,candidate,0,1.2034685611724854,0.5136001181215836,0.8186910499173227,2.3898872161027422,2.2240774381042567,2.061337504584118,0.6763811707496643
18472f0c9700a5f8,h100-d512-mixprior-18472f0c9700a5f8-seed0-from10pct-20260829,candidate,0,1.1871376037597656,0.5267903819707833,0.7835808124099594,2.241246655188764,2.135671291410545,2.0848995920617845,0.6891664862632751
197c9f5ceff6b9ee,h100-d512-mixprior-197c9f5ceff6b9ee-seed0-from10pct-20260829,alternative,0,1.184385061264038,0.4940224050948791,0.7964591451346961,2.8703236006203623,2.3203000749894485,2.109714636763063,0.6796301007270813
19b697225c02a94b,h100-d512-mixprior-19b697225c02a94b-seed0-from10pct-20260829,candidate,0,1.1857891082763672,0.5040231617647062,0.8141205640607424,2.6797020889514007,2.4805676426295102,2.090384044984972,0.6782160997390747
19b7588ccf240f62,h100-d512-mixprior-19b7588ccf240f62-seed0-from10pct-20260829,candidate,0,1.1862971782684326,0.5583532355989108,0.8263990179010239,2.1726053649396255,2.1774660450205348,2.097303769964343,0.6948843002319336
1a4e947ecf6d16c0,h100-d512-mixprior-1a4e947ecf6d16c0-seed0-from10pct-20260829,candidate,0,1.191338300704956,0.5249053642040091,0.7099622518036225,2.2354998909819583,2.273913511868584,2.096639061939124,0.7108178734779358
1a5051b64465b554,h100-d512-mixprior-1a5051b64465b554-seed0-from10pct-20260829,candidate,0,1.2433104515075684,0.5372858926207814,0.8903910984490373,2.077801884835939,2.399718140199453,2.172966659713668,0.6935092806816101
1a518eba7f8e2ce1,h100-d512-mixprior-1a518eba7f8e2ce1-seed0-from10pct-20260829,candidate,0,1.1951191425323486,0.5800809727195126,0.798391867109006,2.2359120612525305,2.32907835184625,2.1023964037793226,0.7000351548194885
1a534242d875a0c3,h100-d512-mixprior-1a534242d875a0c3-seed0-from10pct-20260829,candidate,0,1.1888911724090576,0.5063828281110848,0.8109768533330385,3.8986631055390326,2.271737203588459,2.092813670254226,0.692341148853302
1a80fc799b1601dd,h100-d512-mixprior-1a80fc799b1601dd-seed0-from10pct-20260829,candidate,0,1.2107887268066406,0.6459015085210419,0.8490942466328546,2.2541984927922365,2.111458591084549,2.0730078243325663,0.7211982607841492
1b63a0784aab669b,h100-d512-mixprior-1b63a0784aab669b-seed0-from10pct-20260829,candidate,0,1.2567706108093262,0.6578133847157516,0.9311434189720981,2.3828239491905028,2.746606817064378,2.095845250519579,0.7574337720870972
1bf78e5c97ec351f,h100-d512-mixprior-1bf78e5c97ec351f-seed0-from10pct-20260829,candidate,0,1.1909735202789307,0.521118942701202,0.7263904253284453,2.1331769975762755,2.097884750126445,2.071370737149814,0.7066006064414978
1c21e14e6d03b497,h100-d512-mixprior-1c21e14e6d03b497-seed0-from10pct-20260829,candidate,0,1.1916285753250122,0.5190103274588748,0.7761166605532382,3.30790899732198,2.255065380066447,2.0780929473375105,0.6740120053291321
1c28ccf162fc48e0,h100-d512-mixprior-1c28ccf162fc48e0-seed0-from10pct-20260829,candidate,0,1.1916441917419434,0.5517799214089505,0.7167048814256036,2.2548468689058714,2.174902851857059,2.0516062494830347,0.7212179899215698
1cc91e15d5c7e2b4,h100-d512-mixprior-1cc91e15d5c7e2b4-seed0-from10pct-20260829,candidate,0,1.188361644744873,0.5560249139396127,0.7709841483169009,2.1891488659997127,2.114236268148638,2.082819239152548,0.6976627707481384
1ce2f14282b572fa,h100-d512-mixprior-1ce2f14282b572fa-seed0-from10pct-20260829,candidate,0,1.1923807859420776,0.4852007941480927,0.8259127564073696,3.0724885497845023,2.546162974486153,2.0714143259498496,0.6896492838859558
1d28fbf0c12e9932,h100-d512-mixprior-1d28fbf0c12e9932-seed0-from10pct-20260829,candidate,0,1.1911985874176025,0.5017146802076493,0.7110909971033952,2.1815683969314796,2.0967378252335953,2.0840975229086456,0.7081379890441895
1d687b849a887005,h100-d512-mixprior-1d687b849a887005-seed0-from10pct-20260829,candidate,0,1.1855487823486328,0.5337426708084845,0.8032567866366831,5.072132194359287,2.1335830809142227,2.1132776827244935,0.6917327642440796
1dc7ec9995f13e34,h100-d512-mixprior-1dc7ec9995f13e34-seed0-from10pct-20260829,candidate,0,1.187241554260254,0.5190518273790788,0.7882046594176734,2.220417129227929,2.282494125733912,2.046674167594992,0.6780967712402344
1eaebd6ea8c74105,h100-d512-mixprior-1eaebd6ea8c74105-seed0-from10pct-20260829,candidate,0,1.1872289180755615,0.5314745546536321,0.8194097641949768,3.35394740898041,2.1708104128698227,2.0923332781897934,0.6914011240005493
1f5080a873321eed,h100-d512-mixprior-1f5080a873321eed-seed0-from10pct-20260829,candidate,0,1.1870238780975342,0.5319562148946111,0.8250446570854528,6.427200925099185,2.1950934619984848,2.103498629227885,0.7121698260307312
2083a2346292bb2f,h100-d512-mixprior-2083a2346292bb2f-seed0-from10pct-20260829,candidate,0,1.1870336532592773,0.5153167472346191,0.7961375197065915,2.98874306432525,2.2262257478264535,2.0447294291419955,0.6795748472213745
20de59ca6c8c0c12,h100-d512-mixprior-20de59ca6c8c0c12-seed0-from10pct-20260829,candidate,0,1.1854634284973145,0.5392067943670512,0.8395715926097432,2.166876074197162,2.45472498275997,2.0766715510860485,0.6918681859970093
210a3fb337ffcf71,h100-d512-mixprior-210a3fb337ffcf71-seed0-from10pct-20260829,candidate,0,1.197699785232544,0.5838585393164243,0.8905356662480316,2.104519688962135,2.205691343697131,2.1110348489653474,0.7099072933197021
2139fb1bbb28a736,h100-d512-mixprior-2139fb1bbb28a736-seed0-from10pct-20260829,candidate,0,1.2221529483795166,0.6003580684633306,0.8267847656748413,2.609964328985892,2.331600234179826,2.0718986325494937,0.7328473329544067
21483711c74c1dcf,h100-d512-mixprior-21483711c74c1dcf-seed0-from10pct-20260829,candidate,0,1.1874938011169434,0.5365372644208996,0.8181519500469991,3.8118583387812124,2.180428040215007,2.0688382377796506,0.6997347474098206
2197f91b0978c4e1,h100-d512-mixprior-2197f91b0978c4e1-seed0-from10pct-20260829,candidate,0,1.19521963596344,0.5288938875962281,0.7698403170594202,2.248179093831201,2.218991958466553,2.0867006448442837,0.6843687891960144
21b049d9fbfffd15,h100-d512-mixprior-21b049d9fbfffd15-seed0-from10pct-20260829,candidate,0,1.1912569999694824,0.5265332644592968,0.7918348587995502,2.2430919216953593,2.1702561134177576,2.0613358650848554,0.6921770572662354
21f4fa1de79dd694,h100-d512-mixprior-21f4fa1de79dd694-seed0-from10pct-20260829,candidate,0,1.1901845932006836,0.5145177494234882,0.7744927503139506,2.8096691339471285,2.181399243556818,2.063651307242414,0.6836308240890503
229f654442189f5b,h100-d512-mixprior-229f654442189f5b-seed0-from10pct-20260829,candidate,0,1.2628495693206787,0.5839964937631626,0.9489653433519257,2.1733865375651966,2.6384568214988464,2.175203078167103,0.7222998738288879
23486f7450468dd4,h100-d512-mixprior-23486f7450468dd4-seed0-from10pct-20260829,candidate,0,1.187528371810913,0.5497827516940624,0.810342343244672,3.6387574618563057,2.398749300645053,2.063857975850851,0.6938818693161011
23deba6e72ccecfb,h100-d512-mixprior-23deba6e72ccecfb-seed0-from10pct-20260829,candidate,0,1.1944823265075684,0.514214376048835,0.8079084288911034,2.503602596020601,2.3002907477314434,2.0965604039804346,0.6753717660903931
23fd78fc21fb8fe6,h100-d512-mixprior-23fd78fc21fb8fe6-seed0-from10pct-20260829,candidate,0,1.1869332790374756,0.5454454437038383,0.7858198863598729,2.251286675842544,2.1918085925575195,2.0568799329824343,0.6969670653343201
2452ca7449eabe33,h100-d512-mixprior-2452ca7449eabe33-seed0-from10pct-20260829,candidate,0,1.226304054260254,0.5307520514543113,0.8677459097594875,2.2930663272206315,2.2677908588045055,2.114191059233904,0.7098432183265686
2458b832ddc1a897,h100-d512-mixprior-2458b832ddc1a897-seed0-from10pct-20260829,candidate,0,1.1905158758163452,0.5252327830088428,0.7210840352373621,2.2030337559586095,2.172699581676282,2.085266031467407,0.7047550678253174
24e1e8a3940391e4,h100-d512-mixprior-24e1e8a3940391e4-seed0-from10pct-20260829,candidate,0,1.215193510055542,0.5719870031844475,0.8734461112119736,2.306467123980523,2.7917638228677535,2.0845338709823773,0.7287538051605225
251339b3ff104c74,h100-d512-mixprior-251339b3ff104c74-seed0-from10pct-20260829,candidate,0,1.1896693706512451,0.5098614253052305,0.7151264134842864,2.3387151165405173,2.2472615304724095,2.0988042830660194,0.7108616232872009
2601f6d0aa07a769,h100-d512-mixprior-2601f6d0aa07a769-seed0-from10pct-20260829,candidate,0,1.1832990646362305,0.5191450335803256,0.8277010820064272,3.278031425730774,2.1725526319283173,2.07986714153684,0.6920838356018066
26136f33c98f9e46,h100-d512-mixprior-26136f33c98f9e46-seed0-from10pct-20260829,candidate,0,1.1962149143218994,0.5175616676506459,0.7604942356623469,2.2180411259495303,2.1432846619593384,2.0779802112462673,0.676325798034668
26f67dbc5ddc182c,h100-d512-mixprior-26f67dbc5ddc182c-seed0-from10pct-20260829,candidate,0,1.1868776082992554,0.5355336336671251,0.7988687738221482,2.8542270184323297,2.2415124465508636,2.0878235034628627,0.694328248500824
2720d2d0a3450e73,h100-d512-mixprior-2720d2d0a3450e73-seed0-from10pct-20260829,candidate,0,1.1956210136413574,0.5222550675615252,0.7030293625439171,2.634568446000394,2.1444618279019867,2.1130925712882873,0.7098931074142456
276bc888bb41d7ac,h100-d512-mixprior-276bc888bb41d7ac-seed0-from10pct-20260829,candidate,0,1.195967435836792,0.49279417316626717,0.8856818223465316,2.151446436676169,2.167064919633035,2.076503141408149,0.6846135258674622
287d02f276c7764b,h100-d512-mixprior-287d02f276c7764b-seed0-from10pct-20260829,candidate,0,1.1957859992980957,0.5291337632118399,0.7428254208696669,2.1966784709625267,2.917211112462269,2.0646077557537437,0.7023155689239502
28ee5719a759aa6a,h100-d512-mixprior-28ee5719a759aa6a-seed0-from10pct-20260829,candidate,0,1.2054708003997803,0.5241544158273261,0.8101762113846884,2.4135764703251765,2.2258169518756534,2.038235786076151,0.6763603091239929
290712d96c329ac3,h100-d512-mixprior-290712d96c329ac3-seed0-from10pct-20260829,candidate,0,1.1871904134750366,0.5393277100390474,0.7988774759601324,2.3312927759951805,2.345262225498526,2.0657365800438288,0.6806591749191284
2a0cf2e4a2940c0e,h100-d512-mixprior-2a0cf2e4a2940c0e-seed0-from10pct-20260829,candidate,0,1.1936044692993164,0.551281870828941,0.8312953310574761,2.1249482640547894,2.258119127710555,2.076952291573684,0.6923261284828186
2b21399fe748ca4a,h100-d512-mixprior-2b21399fe748ca4a-seed0-from10pct-20260829,candidate,0,1.1906349658966064,0.5241989392831652,0.7209688658914336,2.8562521246840604,2.1459526995261515,2.0704340508621275,0.7112313508987427
2b67a00f1a8c02e8,h100-d512-mixprior-2b67a00f1a8c02e8-seed0-from10pct-20260829,candidate,0,1.202327847480774,0.568087453471281,0.8558802063187817,4.1003146486622715,2.6923044524658377,2.0986400579136943,0.6972123384475708
2bcf4203095401eb,h100-d512-mixprior-2bcf4203095401eb-seed0-from10pct-20260829,candidate,0,1.1844170093536377,0.5468155538008866,0.7958633324645656,2.1321811664194747,2.303362816379477,2.0782996351092478,0.6926048398017883
2c9276d95ce66c4a,h100-d512-mixprior-2c9276d95ce66c4a-seed0-from10pct-20260829,candidate,0,1.1875395774841309,0.5420930669351436,0.8305332164540071,4.388113730085451,2.19053149692896,2.074001610982848,0.6931906342506409
2d02e594203d6b7c,h100-d512-mixprior-2d02e594203d6b7c-seed0-from10pct-20260829,candidate,0,1.1860525608062744,0.5023314952140576,0.8096212320158526,3.5381061357222525,2.207956162795441,2.056710748277718,0.679622232913971
2d20571cff58ae7d,h100-d512-mixprior-2d20571cff58ae7d-seed0-from10pct-20260829,candidate,0,1.18767249584198,0.537917652628658,0.8484425246121925,2.6553441424723165,2.1909634671120077,2.062488501177268,0.6906635165214539
2d352a161240dd1a,h100-d512-mixprior-2d352a161240dd1a-seed0-from10pct-20260829,candidate,0,1.2026433944702148,0.5250320645664553,0.9082400707794094,2.298616513366097,2.5236405175242846,2.1002650819849675,0.707361102104187
2da8521e82999164,h100-d512-mixprior-2da8521e82999164-seed0-from10pct-20260829,candidate,0,1.1943280696868896,0.5231544818317877,0.7246526925608661,3.3837720862468115,2.1290076246072616,2.0569979570159895,0.6728176474571228
2dcc54c5621c4d05,h100-d512-mixprior-2dcc54c5621c4d05-seed0-from10pct-20260829,candidate,0,1.186469316482544,0.519208011281231,0.7852236771685787,2.2745035585036417,2.143860996210817,2.076912704472164,0.6882120966911316
2e640867c4db6a14,h100-d512-mixprior-2e640867c4db6a14-seed0-from10pct-20260829,candidate,0,1.1976478099822998,0.5486372325745185,0.7313892984893904,2.11411094780722,2.138806605542499,2.0463637652482265,0.7169274091720581
2e685ad54efbcdb8,h100-d512-mixprior-2e685ad54efbcdb8-seed0-from10pct-20260829,candidate,0,1.1942636966705322,0.5403911608933962,0.7971209633987483,2.6304025459150178,2.196422336664026,2.1256711108140114,0.6909154057502747
2e74ba8298c85f96,h100-d512-mixprior-2e74ba8298c85f96-seed0-from10pct-20260829,candidate,0,1.189568281173706,0.518404549283965,0.7230893917759469,2.5022077078988323,2.1023094148053456,2.084768496385188,0.6967336535453796
2f88d6030d2730cb,h100-d512-mixprior-2f88d6030d2730cb-seed0-from10pct-20260829,candidate,0,1.1860442161560059,0.5120030922380971,0.81231122951435,2.5046761018649653,2.5406222333310158,2.0899180740895575,0.6784639954566956
2f8d37e7f9bf7325,h100-d512-mixprior-2f8d37e7f9bf7325-seed0-from10pct-20260829,candidate,0,1.1854997873306274,0.5756468477935162,0.7824993977094593,2.1878783129920785,2.205699520256623,2.0906622352325837,0.6908488273620605
300a2a907a91b147,h100-d512-mixprior-300a2a907a91b147-seed0-from10pct-20260829,candidate,0,1.1939984560012817,0.5198517527647026,0.8129354273698365,2.531377436456969,2.176228882593068,2.108312195821356,0.6895739436149597
30745827d6bb62fa,h100-d512-mixprior-30745827d6bb62fa-seed0-from10pct-20260829,candidate,0,1.187246561050415,0.5436076681091505,0.7913528233239389,2.534992047168255,2.173941946127749,2.0734226602819765,0.6924803256988525
31ef6faf92f52ba3,h100-d512-mixprior-31ef6faf92f52ba3-seed0-from10pct-20260829,candidate,0,1.1855697631835938,0.5441571580338633,0.9013684437952243,3.770109075744554,2.5601459439266967,2.07762063054182,0.6928408145904541
323d18075d8c8021,h100-d512-mixprior-323d18075d8c8021-seed0-from10pct-20260829,candidate,0,1.1873308420181274,0.5253066978207039,0.8425251703410498,2.3130341621764035,2.370382107103779,2.088771298102358,0.6874151825904846
335eaec02838b1dc,h100-d512-mixprior-335eaec02838b1dc-seed0-from10pct-20260829,candidate,0,1.1857304573059082,0.5197481387196755,0.8782580562125551,4.448065023399083,2.143252327925799,2.0800374579189236,0.6804596781730652
335f8138ede56816,h100-d512-mixprior-335f8138ede56816-seed0-from10pct-20260829,candidate,0,1.2445836067199707,0.5382207349637174,0.9635495911444409,2.0956513331831497,2.397244824834908,2.1104913869638517,0.7093719840049744
33627e1885f02699,h100-d512-mixprior-33627e1885f02699-seed0-from10pct-20260829,candidate,0,1.219862699508667,0.5457731782942898,0.8608987022984075,2.325984885911878,2.0937355141553997,2.0485000019554302,0.7021338939666748
338fd3e16a53916c,h100-d512-mixprior-338fd3e16a53916c-seed0-from10pct-20260829,candidate,0,1.1940975189208984,0.5196854107396022,0.7872620478033328,2.2831104469171812,2.22060419263411,2.0768418917101683,0.7174161076545715
33965fca6151ba79,h100-d512-mixprior-33965fca6151ba79-seed0-from10pct-20260829,candidate,0,1.1865015029907227,0.5359192004429626,0.8288705061520596,2.520509999467843,2.2151805126115267,2.0841902100722094,0.6919183135032654
345b89e2db132d33,h100-d512-mixprior-345b89e2db132d33-seed0-from10pct-20260829,candidate,0,1.2003955841064453,0.5670905418365084,0.9165144317959723,2.5214169036377743,2.2338628412268418,2.0948342965491746,0.7088382840156555
3498d87e6b9fbbfd,h100-d512-mixprior-3498d87e6b9fbbfd-seed0-from10pct-20260829,candidate,0,1.1883258819580078,0.5182171462122762,0.8370749999710609,2.6650549236530896,3.104467528885137,2.1135025007424857,0.6775584816932678
34c3ab956c91a9fe,h100-d512-mixprior-34c3ab956c91a9fe-seed0-from10pct-20260829,candidate,0,1.2029719352722168,0.521554148385972,0.7971252255171031,2.2013550133086977,2.2194895121155724,2.0762469323211667,0.6754948496818542
35162aa6e772c8b2,h100-d512-mixprior-35162aa6e772c8b2-seed0-from10pct-20260829,candidate,0,1.1897212266921997,0.5291519095201769,0.7747668069305735,2.1805748619051903,2.161493028019409,2.0733990598641068,0.7141019105911255
355b16d07af295ef,h100-d512-mixprior-355b16d07af295ef-seed0-from10pct-20260829,candidate,0,1.1885861158370972,0.513900257240248,0.7898068866195558,2.6942549760084824,2.454827662427236,2.0839586434809405,0.6803468465805054
35982e7a2228788c,h100-d512-mixprior-35982e7a2228788c-seed0-from10pct-20260829,candidate,0,1.185745120048523,0.561360544551635,0.8046281343955952,2.322601314167382,2.7789711498816456,2.0636900069382142,0.6948055028915405
36aa314d90852d37,h100-d512-mixprior-36aa314d90852d37-seed0-from10pct-20260829,candidate,0,1.211148977279663,0.5822438563948045,0.888949478109612,2.1865237757762532,2.430290051819023,2.0977756735444784,0.7121463418006897
36b332854e352ace,h100-d512-mixprior-36b332854e352ace-seed0-from10pct-20260829,candidate,0,1.1854523420333862,0.5629871144599592,0.8484638466132791,4.479070093794915,2.32139819441208,2.098023024018631,0.6964951157569885
36f2c725675aa23c,h100-d512-mixprior-36f2c725675aa23c-seed0-from10pct-20260829,candidate,0,1.1866397857666016,0.5841696483512943,0.781489676264298,2.449611889816026,2.429551280017502,2.0849375769429233,0.6934926509857178
37ec07c629628d08,h100-d512-mixprior-37ec07c629628d08-seed0-from10pct-20260829,candidate,0,1.1848435401916504,0.5479558054292257,0.7960302128215334,2.202148831320068,2.2996653723351255,2.1157936781227744,0.695016086101532
37f35acba24bc712,h100-d512-mixprior-37f35acba24bc712-seed0-from10pct-20260829,candidate,0,1.2599941492080688,0.585037574938684,0.8629327914420466,2.258265707395184,2.4845706395257774,2.125812187484526,0.7188346982002258
39df24a1b1712398,h100-d512-mixprior-39df24a1b1712398-seed0-from10pct-20260829,candidate,0,1.1875429153442383,0.5549522766174537,0.7971772006386827,2.8522328642616994,2.3648085612506073,2.0942524049345943,0.694962739944458
3a28bd8105cdf925,h100-d512-mixprior-3a28bd8105cdf925-seed0-from10pct-20260829,candidate,0,1.1840002536773682,0.5475531806334245,0.8307634074678953,3.1386526390831944,2.1771099233799216,2.062004663450906,0.6956273913383484
3ad82e3a04dc7102,h100-d512-mixprior-3ad82e3a04dc7102-seed0-from10pct-20260829,candidate,0,1.187753677368164,0.4991894765647641,0.7793206691563397,2.4423057894127287,2.344383724168215,2.0713502269451394,0.6835344433784485
3b07a8abe5cd9fc5,h100-d512-mixprior-3b07a8abe5cd9fc5-seed0-from10pct-20260829,candidate,0,1.1878324747085571,0.5195415300018128,0.8097324676382585,2.37192571639753,2.3355147540254264,2.1050329055315875,0.6822020411491394
3b0f08ccb72e2327,h100-d512-mixprior-3b0f08ccb72e2327-seed0-from10pct-20260829,candidate,0,1.191236972808838,0.5276530894271886,0.7268210255535534,2.481408239114867,2.1056452725983643,2.063431399835252,0.7110556364059448
3bd1621144affab9,h100-d512-mixprior-3bd1621144affab9-seed0-from10pct-20260829,candidate,0,1.1871896982192993,0.5292455762434586,0.8084929507623093,2.577681614135187,2.201521669360938,2.070132258971664,0.6886318325996399
3c277c03d5ff1641,h100-d512-mixprior-3c277c03d5ff1641-seed0-from10pct-20260829,candidate,0,1.1870962381362915,0.5587865476256211,0.8012451243815087,2.2534612927056945,2.1836359600795454,2.0784137203452446,0.6923514008522034
3c677350cb19e8de,h100-d512-mixprior-3c677350cb19e8de-seed0-from10pct-20260829,candidate,0,1.1876803636550903,0.540979817110917,0.8178698689859059,2.1824302492462713,2.460808019907061,2.0719372722951266,0.6929331421852112
3d214c809d68084c,h100-d512-mixprior-3d214c809d68084c-seed0-from10pct-20260829,candidate,0,1.203291416168213,0.5308092776156508,0.8008327948265932,2.288118840697537,2.1712545613301613,2.055124727596348,0.6751732230186462
3dd208617edeaad0,h100-d512-mixprior-3dd208617edeaad0-seed0-from10pct-20260829,candidate,0,1.187259554862976,0.548074894258382,0.798855169234371,2.6950216673030645,2.443285613035608,2.059686374372006,0.6910799741744995
3f09b140712a5538,h100-d512-mixprior-3f09b140712a5538-seed0-from10pct-20260829,candidate,0,1.1914610862731934,0.5034351319671181,0.7084031488069477,2.29233793266608,2.1405357363603112,2.063802313198873,0.6732205748558044
3f369589d7c9e61d,h100-d512-mixprior-3f369589d7c9e61d-seed0-from10pct-20260829,candidate,0,1.1937614679336548,0.5960231301007758,0.9450550768752783,2.418491925315972,2.218617047912426,2.0946502062427466,0.7082899212837219
3f389bcd9a8dee55,h100-d512-mixprior-3f389bcd9a8dee55-seed0-from10pct-20260829,candidate,0,1.1858935356140137,0.5583185411255467,0.8137148404306674,2.2111179456276595,2.439567373634713,2.071382671768944,0.6973971724510193
3f75cc0d21c65c7f,h100-d512-mixprior-3f75cc0d21c65c7f-seed0-from10pct-20260829,candidate,0,1.1847277879714966,0.529081563426219,0.7917376738439849,2.291141389987454,2.2412838406399005,2.0654688312715255,0.6931036114692688
3fb3c4f577d43fe8,h100-d512-mixprior-3fb3c4f577d43fe8-seed0-from10pct-20260829,candidate,0,1.1879632472991943,0.5354320336715553,0.7943090383869678,2.720670155584848,2.163637356874049,2.083297821254826,0.6934730410575867
4137e179e6361a3f,h100-d512-mixprior-4137e179e6361a3f-seed0-from10pct-20260829,candidate,0,1.1992108821868896,0.5223169880812916,0.7853325435948553,2.4049674691122003,2.238657469256832,2.079111977750907,0.6873602271080017
4163412ee4e95c18,h100-d512-mixprior-4163412ee4e95c18-seed0-from10pct-20260829,candidate,0,1.1911650896072388,0.5248360633229677,0.7917483135181435,2.3766774487007685,2.0932442665156796,2.063438475350816,0.6821708679199219
41c1d397c6c0a764,h100-d512-mixprior-41c1d397c6c0a764-seed0-from10pct-20260829,candidate,0,1.2284494638442993,0.5880627653280637,0.7573290383050996,2.312817716504954,2.2714211753130904,2.083814734565066,0.7365620732307434
42142ea3811d6f8d,h100-d512-mixprior-42142ea3811d6f8d-seed0-from10pct-20260829,candidate,0,1.1968095302581787,0.5265461237380276,0.8026913875026005,4.279098248412981,2.769603834502531,2.078348672123398,0.6891648173332214
4235c0156b1031dc,h100-d512-mixprior-4235c0156b1031dc-seed0-from10pct-20260829,candidate,0,1.1901159286499023,0.5293307441752763,0.7918126084168843,2.4260826849046553,2.4120266584792756,2.0780714072805373,0.690290629863739
4236fbe067d9dc67,h100-d512-mixprior-4236fbe067d9dc67-seed0-from10pct-20260829,candidate,0,1.1916064023971558,0.5373403958955529,0.7538490416786554,2.1529322884214617,2.2133004672086742,2.0420189802033466,0.6800341010093689
42c06ea0c85ae453,h100-d512-mixprior-42c06ea0c85ae453-seed0-from10pct-20260829,candidate,0,1.1859958171844482,0.5460933461907967,0.7969191143773577,2.9855870484597875,2.410995537024184,2.0855738914867072,0.6933942437171936
435043dab334ff11,h100-d512-mixprior-435043dab334ff11-seed0-from10pct-20260829,candidate,0,1.1870453357696533,0.5349973199605463,0.8014238351310586,2.2295354464898383,2.1433518948955212,2.102608408683588,0.69359290599823
43a53f862386e9d7,h100-d512-mixprior-43a53f862386e9d7-seed0-from10pct-20260829,candidate,0,1.1932623386383057,0.5128215793365138,0.7868718679835258,2.174856068048843,2.7449631301045074,2.0971156085908493,0.6839909553527832
441eaad434c46dc7,h100-d512-mixprior-441eaad434c46dc7-seed0-from10pct-20260829,candidate,0,1.1869752407073975,0.520176805576118,0.8033858413656102,3.173991994427368,2.339930095599138,2.0788204616183994,0.684354841709137
445f6ba88e18307c,h100-d512-mixprior-445f6ba88e18307c-seed0-from10pct-20260829,candidate,0,1.1885110139846802,0.4930601551717728,0.794751508542459,2.5932242803971217,2.1679266181999686,2.095594427726037,0.6807650923728943
4477041d9b53957f,h100-d512-mixprior-4477041d9b53957f-seed0-from10pct-20260829,candidate,0,1.4038548469543457,0.857669297811122,1.1083208753934426,3.6278474907070195,3.5323909001628433,2.316459301126583,0.8738007545471191
44bfd83cf7199b40,h100-d512-mixprior-44bfd83cf7199b40-seed0-from10pct-20260829,candidate,0,1.1903297901153564,0.5126700783817186,0.7273470853657129,2.1361879192583304,2.1581125251863558,2.0521923054971762,0.6785471439361572
44cc4c4959d2bc1a,h100-d512-mixprior-44cc4c4959d2bc1a-seed0-from10pct-20260829,candidate,0,1.1908767223358154,0.5114791425194212,0.7943809023121733,2.284971917992555,2.4469650678167643,2.104246109544748,0.6858672499656677
4532270316b96ff2,h100-d512-mixprior-4532270316b96ff2-seed0-from10pct-20260829,candidate,0,1.1838150024414062,0.5438105169025429,0.826859842790484,2.3139325465514293,2.1834877459406097,2.0845832554990933,0.6897214651107788
45589c05695d24b0,h100-d512-mixprior-45589c05695d24b0-seed0-from10pct-20260829,candidate,0,1.2016019821166992,0.5634459607755864,0.7126212637602248,2.141722283945621,2.107674892538845,2.101542463925978,0.7058917880058289
456a60ec0914df1b,h100-d512-mixprior-456a60ec0914df1b-seed0-from10pct-20260829,candidate,0,1.1898233890533447,0.5434637630688636,0.7170237457830665,2.542212100382153,2.1597197514739084,2.08482893742485,0.7135997414588928
45beb675eebd1798,h100-d512-mixprior-45beb675eebd1798-seed0-from10pct-20260829,candidate,0,1.186863660812378,0.5537478384973189,0.8053548628037981,2.2424906959494417,2.522717511197713,2.0774013458050797,0.6907061338424683
4602cace15312bd4,h100-d512-mixprior-4602cace15312bd4-seed0-from10pct-20260829,candidate,0,1.1815509796142578,0.5632423876537244,0.8126898214746365,2.2782732661214236,2.5984835630509364,2.0793660712329656,0.7006435394287109
46a02cef9c34ec35,h100-d512-mixprior-46a02cef9c34ec35-seed0-from10pct-20260829,candidate,0,1.1979165077209473,0.5190747867491081,0.8420822754461448,2.6388363101816914,2.4881443618387995,2.0594307256243427,0.6894053816795349
4796bf1a8edaa048,h100-d512-mixprior-4796bf1a8edaa048-seed0-from10pct-20260829,candidate,0,1.201684594154358,0.5179412423714681,0.7816782930307365,2.3072618492915726,2.5106019512284035,2.044469329881377,0.6750478148460388
47e4ca8a4f5ab79f,h100-d512-mixprior-47e4ca8a4f5ab79f-seed0-from10pct-20260829,candidate,0,1.1874126195907593,0.5260469312098331,0.8041304822221386,2.6209902084709573,2.121572889428223,2.071534796630081,0.6938373446464539
47ea8a75dd61e300,h100-d512-mixprior-47ea8a75dd61e300-seed0-from10pct-20260829,candidate,0,1.2304339408874512,0.5169355311371431,0.7673934612481752,2.578861863990769,2.384216302522237,2.1060844119358673,0.6923021674156189
483e66f4165b489e,h100-d512-mixprior-483e66f4165b489e-seed0-from10pct-20260829,candidate,0,1.1951777935028076,0.5285865512317419,0.8110022311898728,2.675029168440975,2.5220190762920547,2.0603268131272303,0.6867110133171082
4876fec103d84439,h100-d512-mixprior-4876fec103d84439-seed0-from10pct-20260829,candidate,0,1.1862741708755493,0.5648787501677012,0.819520959870083,3.319600724527391,2.30052314495748,2.041691882821662,0.7040551900863647
4929d2cd9729ae19,h100-d512-mixprior-4929d2cd9729ae19-seed0-from10pct-20260829,candidate,0,1.2202959060668945,0.5785492884623171,0.9100613116861598,2.296384582372619,2.4923592173603257,2.1384135684404892,0.7256760001182556
49b62d7636c28d8c,h100-d512-mixprior-49b62d7636c28d8c-seed0-from10pct-20260829,candidate,0,1.1908390522003174,0.5390111621996747,0.882037002947663,4.038488559164198,2.149011321880487,2.0833064569549546,0.6829849481582642
4ae9496ab07483cc,h100-d512-mixprior-4ae9496ab07483cc-seed0-from10pct-20260829,candidate,0,1.1863856315612793,0.5099308811650988,0.8178498396402769,2.8354743267273523,2.104414081939346,2.095664958896274,0.6791548132896423
4b8e73b1b4900727,h100-d512-mixprior-4b8e73b1b4900727-seed0-from10pct-20260829,candidate,0,1.192706823348999,0.5341789093212832,0.8280568914749259,2.4558359853854883,2.287533979006006,2.079335497240856,0.6971796154975891
4c11a151fe37768b,h100-d512-mixprior-4c11a151fe37768b-seed0-from10pct-20260829,candidate,0,1.1974937915802002,0.4987365950831505,0.8103323475309505,3.2718870894461256,2.537692915203814,2.0680244489479325,0.6785725355148315
4c4d15f30dfd25c6,h100-d512-mixprior-4c4d15f30dfd25c6-seed0-from10pct-20260829,candidate,0,1.2131121158599854,0.6098250789265977,0.8081573145772019,2.113718936456725,2.225237438206387,2.059814386428867,0.7176384329795837
4c837661dc3215e0,h100-d512-mixprior-4c837661dc3215e0-seed0-from10pct-20260829,candidate,0,1.2007935047149658,0.5316567214873937,0.89572969081272,3.0297145920926534,2.350217350620603,2.0671682992921374,0.7101204991340637
4c99a96253e06dc5,h100-d512-mixprior-4c99a96253e06dc5-seed0-from10pct-20260829,candidate,0,1.1903722286224365,0.4992078594701465,0.7785076686729602,2.524397099734338,2.170023816950198,2.0484369862873617,0.6896306276321411
4d1d637f86ec3e25,h100-d512-mixprior-4d1d637f86ec3e25-seed0-from10pct-20260829,candidate,0,1.194375991821289,0.48719490409970323,0.8600117628519308,2.835921735067717,2.4137994991469567,2.096605182226213,0.6734954714775085
4d3d5a776ecb3ccd,h100-d512-mixprior-4d3d5a776ecb3ccd-seed0-from10pct-20260829,candidate,0,1.1861045360565186,0.5064818425247523,0.8114079786108638,3.0309632726020967,2.16869181024172,2.102269717769974,0.6791319847106934
4dd49c1392edf356,h100-d512-mixprior-4dd49c1392edf356-seed0-from10pct-20260829,candidate,0,1.18703031539917,0.507663063927089,0.8337648853473812,2.37092847425345,2.226868668011667,2.0912666077944517,0.679871141910553
4e88f9805c2fcd29,h100-d512-mixprior-4e88f9805c2fcd29-seed0-from10pct-20260829,candidate,0,1.186739444732666,0.5374836684515171,0.8073772540289738,3.5894907909461393,2.179071400200543,2.078704329288848,0.6891056299209595
4ec4c7501ff86c5a,h100-d512-mixprior-4ec4c7501ff86c5a-seed0-from10pct-20260829,candidate,0,1.1857764720916748,0.5023543957560863,0.8062014194485818,4.380806623556625,2.12213166483494,2.0678550980165276,0.6791693568229675
4f9aa64918e3ebbc,h100-d512-mixprior-4f9aa64918e3ebbc-seed0-from10pct-20260829,candidate,0,1.1851121187210083,0.5695667057097925,0.8259376293077442,2.1268320722382112,2.1020494268325876,2.077510524681382,0.6952982544898987
517b0641fbcca443,h100-d512-mixprior-517b0641fbcca443-seed0-from10pct-20260829,candidate,0,1.1905457973480225,0.5225031080056421,0.7285202189950631,2.3627584693621784,2.1436288786476805,2.078345369197877,0.7127344012260437
52828100edc3b810,h100-d512-mixprior-52828100edc3b810-seed0-from10pct-20260829,candidate,0,1.186387538909912,0.5680745907321664,0.8164932008000473,2.2309887112042723,2.129056490478423,2.0738801476739424,0.7011780142784119
5393f377902b6a03,h100-d512-mixprior-5393f377902b6a03-seed0-from10pct-20260829,candidate,0,1.2076117992401123,0.5447417856393008,0.8800017322204838,2.149330865388477,2.079807808643192,2.1172266220233937,0.7340548634529114
546f0dd1bf3bca74,h100-d512-mixprior-546f0dd1bf3bca74-seed0-from10pct-20260829,candidate,0,1.1873582601547241,0.5382301866129863,0.8187175829147392,2.123381347685814,2.500701352714315,2.0714131313711364,0.6928588151931763
54bb9b7961f34f10,h100-d512-mixprior-54bb9b7961f34f10-seed0-from10pct-20260829,candidate,0,1.1868669986724854,0.5404974132809808,0.7791648288414748,2.328059311532475,2.6276237054549316,2.0358218074581,0.6963022351264954
556d6a2b3df762ab,h100-d512-mixprior-556d6a2b3df762ab-seed0-from10pct-20260829,candidate,0,1.1898829936981201,0.5166758815333369,0.7037184274579965,2.174679096144801,2.135378547154991,2.0752200036760073,0.7083993554115295
55a6944b494d4d28,h100-d512-mixprior-55a6944b494d4d28-seed0-from10pct-20260829,candidate,0,1.1867400407791138,0.5611722320180493,0.8000911515347964,2.315713678052526,2.239321957329792,2.0798804981901022,0.6932095885276794
56c1ec7cf51e7635,h100-d512-mixprior-56c1ec7cf51e7635-seed0-from10pct-20260829,candidate,0,1.1853636503219604,0.5054834614931775,0.8700951912241685,2.5307132801920655,2.1649122503470397,2.081574391228342,0.6793102025985718
56da79c0296d6caf,h100-d512-mixprior-56da79c0296d6caf-seed0-from10pct-20260829,candidate,0,1.19102144241333,0.5349201010495128,0.8825103385136102,3.6891445780532632,2.259899673522135,2.115736932784616,0.698485791683197
56db3c816d2dcfaa,h100-d512-mixprior-56db3c816d2dcfaa-seed0-from10pct-20260829,candidate,0,1.2049633264541626,0.5251252633512202,0.8112435169281902,5.300826683760568,2.2006724586984574,2.0774349010514253,0.6757994890213013
571a9596913f856e,h100-d512-mixprior-571a9596913f856e-seed0-from10pct-20260829,candidate,0,1.1882539987564087,0.5182636373254509,0.8240426695759338,2.5834176193275646,2.116012635185219,2.0749122097796353,0.6921257972717285
5724863c1bffb78f,h100-d512-mixprior-5724863c1bffb78f-seed0-from10pct-20260829,candidate,0,1.2002522945404053,0.5413901496110737,0.9136910285629808,2.1411261488456375,2.1691385240143886,2.10361743508201,0.7249549627304077
57dbf5f0d4b905de,h100-d512-mixprior-57dbf5f0d4b905de-seed0-from10pct-20260829,candidate,0,1.1932287216186523,0.5718181742922303,0.7850310358023372,2.38406987963251,2.068448659801677,2.0759014588674187,0.6964531540870667
581bdbeffb597d70,h100-d512-mixprior-581bdbeffb597d70-seed0-from10pct-20260829,candidate,0,1.1858487129211426,0.5469112419917033,0.8612551457932052,2.7432226943943143,2.330164452847872,2.06561420953249,0.6915649771690369
59113e7d55221188,h100-d512-mixprior-59113e7d55221188-seed0-from10pct-20260829,candidate,0,1.192969560623169,0.5271780730286147,0.7758488099352456,2.1166719307882955,2.4684753671046638,2.068794248685426,0.7034704089164734
594bc8263f59d85a,h100-d512-mixprior-594bc8263f59d85a-seed0-from10pct-20260829,candidate,0,1.2522025108337402,0.6025707471689754,0.9529475143868724,2.209368421308896,2.4459871762315597,2.108938149694299,0.7248879671096802
5a363f1fb2758b5f,h100-d512-mixprior-5a363f1fb2758b5f-seed0-from10pct-20260829,candidate,0,1.187570571899414,0.5430097969563235,0.8115399403879008,2.459896615504976,2.542303341528775,2.1031476174297308,0.6890190839767456
5a9b69a5b5cf2154,h100-d512-mixprior-5a9b69a5b5cf2154-seed0-from10pct-20260829,candidate,0,1.187712550163269,0.566969400738956,0.8060199019755444,2.311171505461013,2.190640339822768,2.1025245103894314,0.6955178380012512
5b6b4b3fea8ef1f3,h100-d512-mixprior-5b6b4b3fea8ef1f3-seed0-from10pct-20260829,candidate,0,1.1867454051971436,0.5609511301699855,0.7894754319243507,3.0548043079987237,2.139754947185413,2.053446136038092,0.6907176971435547
5b8551bc416666b0,h100-d512-mixprior-5b8551bc416666b0-seed0-from10pct-20260829,candidate,0,1.1862388849258423,0.5435669508997646,0.8142519101585162,3.3759103919382167,2.5825746352625676,2.0564826115862993,0.6915629506111145
5be83cabcb42b9cc,h100-d512-mixprior-5be83cabcb42b9cc-seed0-from10pct-20260829,candidate,0,1.1913816928863525,0.5840482430277985,0.7732243419285482,2.119886336114723,2.0699332614240835,2.0419729418439334,0.7102904319763184
5c32d535fde96e01,h100-d512-mixprior-5c32d535fde96e01-seed0-from10pct-20260829,candidate,0;1,1.1870818138122559,0.49254123409583733,0.8044149378706712,3.1258306738475348,2.407357690308311,2.063548129797939,0.6803147196769714
5c5318013cc0d92b,h100-d512-mixprior-5c5318013cc0d92b-seed0-from10pct-20260829,candidate,0,1.189805269241333,0.540992138571166,0.7807944573793394,3.1736076384664433,2.451079038225057,2.0942396697719756,0.6866850256919861
5d1abdd2eff4974f,h100-d512-mixprior-5d1abdd2eff4974f-seed0-from10pct-20260829,candidate,0,1.1886066198349,0.5357554443273825,0.833614293021334,3.526183779376732,2.171485201626025,2.072953696607532,0.6917032599449158
5d5910bbd8b96a73,h100-d512-mixprior-5d5910bbd8b96a73-seed0-from10pct-20260829,candidate,0,1.1873447895050049,0.5586137411690474,0.792470821874514,2.3731079514503426,2.200461727937015,2.062964232321113,0.6922873258590698
5dbbb7617dfe7f8e,h100-d512-mixprior-5dbbb7617dfe7f8e-seed0-from10pct-20260829,candidate,0,1.187704086303711,0.5321913885489593,0.8080660382140648,2.4665307338248037,2.4919348109264896,2.084516721061858,0.6860499978065491
5e393ad6e8c33b0c,h100-d512-mixprior-5e393ad6e8c33b0c-seed0-from10pct-20260829,candidate,0,1.1879661083221436,0.5078287462362958,0.8420763605416298,2.40101637832996,2.1011526968275556,2.05541653280659,0.6863459944725037
5e420d38b78df844,h100-d512-mixprior-5e420d38b78df844-seed0-from10pct-20260829,candidate,0,1.192021369934082,0.5457356346809377,0.8223843694190023,2.191319980894845,2.2513706200077617,2.0909924236290522,0.6886726021766663
5e4359f6aaad30ac,h100-d512-mixprior-5e4359f6aaad30ac-seed0-from10pct-20260829,candidate,0,1.188509225845337,0.5093741232202506,0.8128529028491096,2.5424076439469068,2.4298289512304976,2.082036228198082,0.6834760904312134
5ef2bac853a957fc,h100-d512-mixprior-5ef2bac853a957fc-seed0-from10pct-20260829,candidate,0,1.1832990646362305,0.5503232455969838,0.8123002259689425,2.304217184795809,2.1049568469025104,2.065361054376625,0.6972318291664124
5f1171435f5d1ba0,h100-d512-mixprior-5f1171435f5d1ba0-seed0-from10pct-20260829,candidate,0,1.1866508722305298,0.5249796652339971,0.7602523790127735,2.201846900847895,2.1213579747323013,2.0703373996009726,0.6803379654884338
5f6e920ed52cd6d0,h100-d512-mixprior-5f6e920ed52cd6d0-seed0-from10pct-20260829,candidate,0,1.186991810798645,0.5080147315775428,0.8060989263185216,2.4108885799544906,2.1760064380030375,2.085797443365478,0.6796955466270447
6008f9351fb382c9,h100-d512-mixprior-6008f9351fb382c9-seed0-from10pct-20260829,candidate,0,1.185903787612915,0.5512153476736495,0.8046315260485323,2.157519890642257,2.1066930195340383,2.0553795340705245,0.6972678899765015
6069c2ed2a1aa6b0,h100-d512-mixprior-6069c2ed2a1aa6b0-seed0-from10pct-20260829,candidate,0,1.189164161682129,0.5386647935417721,0.7780881712624195,2.67239492608577,2.1775671997324983,2.0765425736459315,0.6916181445121765
60e7844f8b67a733,h100-d512-mixprior-60e7844f8b67a733-seed0-from10pct-20260829,candidate,0,1.1861381530761719,0.5550885975009172,0.8277289713868733,2.066629034219342,2.2892552472866,2.0780482601004016,0.6925525069236755
610226e65dd1b174,h100-d512-mixprior-610226e65dd1b174-seed0-from10pct-20260829,candidate,0,1.1890232563018799,0.5127913666804802,0.7810597213288958,2.837275917240017,2.2287386842886994,2.0845906979715916,0.6843851208686829
61beca394d4923b9,h100-d512-mixprior-61beca394d4923b9-seed0-from10pct-20260829,candidate,0,1.2040461301803589,0.5138481561138926,0.7926240154809723,2.1912261464242344,2.141680008043897,2.064164079521701,0.6755616664886475
623128d8a4d14959,h100-d512-mixprior-623128d8a4d14959-seed0-from10pct-20260829,candidate,0,1.1891934871673584,0.5527367020194677,0.7901349895470817,2.67963806466059,2.39960495062462,2.053769481526509,0.6937944293022156
627e9d2454efe8b0,h100-d512-mixprior-627e9d2454efe8b0-seed0-from10pct-20260829,candidate,0,1.190345287322998,0.5339217438734797,0.7235856051557226,2.478108680287361,2.123043824632408,2.0852798606915486,0.7116919159889221
62d207415f290c1a,h100-d512-mixprior-62d207415f290c1a-seed0-from10pct-20260829,candidate,0,1.2398371696472168,0.6130159203673053,0.9121986511469276,2.094258612745305,2.2706811748123075,2.1145428895790386,0.713341474533081
62e945177b7503ad,h100-d512-mixprior-62e945177b7503ad-seed0-from10pct-20260829,candidate,0,1.1917157173156738,0.5150728850307589,0.8235225803048535,2.21837616693235,2.210402849666813,2.0846120003482644,0.6917136907577515
632e1abfa60c7e20,h100-d512-mixprior-632e1abfa60c7e20-seed0-from10pct-20260829,candidate,0,1.1850743293762207,0.5683586138599989,0.8041198509849505,2.334303278798831,2.0964675564246074,2.054860341655858,0.6970322132110596
640bc9ec8f8b1fbf,h100-d512-mixprior-640bc9ec8f8b1fbf-seed0-from10pct-20260829,candidate,0,1.1883516311645508,0.5373005347202162,0.734494127046837,2.1443600276946673,2.978232438568831,2.0752465349704616,0.7063623070716858
644ecf6538f09c28,h100-d512-mixprior-644ecf6538f09c28-seed0-from10pct-20260829,candidate,0,1.1995383501052856,0.5649764214065343,0.8173699378094679,5.338007409792235,2.4199058557773188,2.086940321507414,0.7012548446655273
64dc46d0bcb64c99,h100-d512-mixprior-64dc46d0bcb64c99-seed0-from10pct-20260829,candidate,0,1.206604242324829,0.5305868925980933,0.7920815264541352,2.78280226419605,2.0931179973629934,2.0524216720200164,0.6750308275222778
6538607a585aa3a4,h100-d512-mixprior-6538607a585aa3a4-seed0-from10pct-20260829,candidate,0,1.187943696975708,0.55226985238223,0.8154509529418494,3.196280676319041,2.22697668457661,2.0509905115370772,0.6906932592391968
654e401d87430d27,h100-d512-mixprior-654e401d87430d27-seed0-from10pct-20260829,candidate,0,1.1864266395568848,0.5234195112185769,0.8262840125309292,2.0700080347784566,2.203456417253703,2.061031542394489,0.6813269853591919
671b04a3920fbd71,h100-d512-mixprior-671b04a3920fbd71-seed0-from10pct-20260829,candidate,0,1.1962003707885742,0.5038628465028032,0.7796494857816129,2.114844151526282,2.101961937161392,2.062223578082774,0.6718996167182922
67494aea2e8635a7,h100-d512-mixprior-67494aea2e8635a7-seed0-from10pct-20260829,candidate,0,1.1965196132659912,0.5102191221946281,0.7245872805942736,2.3997430103392063,2.1121393371021435,2.0434843823968523,0.6741012930870056
677450f4e08059aa,h100-d512-mixprior-677450f4e08059aa-seed0-from10pct-20260829,candidate,0,1.1845921277999878,0.5397943597013055,0.8306265107856858,2.173601471228134,2.2719024474176344,2.044520987393444,0.6926010251045227
677ede520a446348,h100-d512-mixprior-677ede520a446348-seed0-from10pct-20260829,candidate,0,1.2045812606811523,0.6105501002619315,0.7396293716426554,2.5709994302783756,2.4048475924356416,2.0824152057517167,0.7297759652137756
6860a62d94f92eaa,h100-d512-mixprior-6860a62d94f92eaa-seed0-from10pct-20260829,candidate,0,1.1858690977096558,0.51373285228557,0.8041093585266936,2.8715898631472223,2.417729518371613,2.105756787877876,0.6788219809532166
6863c557d2d04298,h100-d512-mixprior-6863c557d2d04298-seed0-from10pct-20260829,candidate,0,1.2056336402893066,0.5608734052905958,0.8453744079579627,2.278911758400213,2.1938232335548995,2.1334184043608686,0.7183768153190613
6869d1034f3e3798,h100-d512-mixprior-6869d1034f3e3798-seed0-from10pct-20260829,candidate,0,1.1905534267425537,0.5221592976682848,0.7239430797822222,2.2231519966326716,2.126784386582515,2.066129988936142,0.710899293422699
68756f01b152e98a,h100-d512-mixprior-68756f01b152e98a-seed0-from10pct-20260829,candidate,0,1.190271258354187,0.5204694196023346,0.8236781786707503,2.481406913814936,2.5765452707637215,2.0910717223629005,0.6889238357543945
688fff67de631de9,h100-d512-mixprior-688fff67de631de9-seed0-from10pct-20260829,candidate,0,1.1982722282409668,0.5286088446714293,0.7718740178789069,2.3348188395540252,2.1440103697357595,2.0489950624176814,0.6844226717948914
68c203ef6e628303,h100-d512-mixprior-68c203ef6e628303-seed0-from10pct-20260829,candidate,0,1.1905931234359741,0.5160777530106027,0.7180117667508248,2.241383072320548,2.223906281309837,2.076866655152663,0.7068681120872498
6936390be4ffaff9,h100-d512-mixprior-6936390be4ffaff9-seed0-from10pct-20260829,candidate,0,1.192706823348999,0.5268240880149403,0.796419463176336,2.3390189692194108,2.1915997088393206,2.07378796252535,0.6895219683647156
699a7ba3a82b0227,h100-d512-mixprior-699a7ba3a82b0227-seed0-from10pct-20260829,candidate,0,1.1925039291381836,0.5424057875708738,0.7972004995523886,2.8904957382997076,2.1043317641792605,2.103850397237181,0.6867615580558777
69bd43f3a2239659,h100-d512-mixprior-69bd43f3a2239659-seed0-from10pct-20260829,candidate,0,1.2051141262054443,0.5912788065064006,0.9017359685386798,2.3137966327694954,2.1338731562962887,2.05575622219237,0.7201777100563049
69ed9959dd9cd4e5,h100-d512-mixprior-69ed9959dd9cd4e5-seed0-from10pct-20260829,candidate,0,1.1867163181304932,0.5034852059152312,0.8004333726924829,3.4746778823959525,2.1666618370308273,2.095358462846512,0.6805186867713928
69f49cea9f4ce5c3,h100-d512-mixprior-69f49cea9f4ce5c3-seed0-from10pct-20260829,candidate,0,1.1912404298782349,0.5231340175328772,0.717741748156268,2.2688187271678384,2.1299545880799413,2.0832585655853917,0.7102003693580627
69fc416e254e2a6e,h100-d512-mixprior-69fc416e254e2a6e-seed0-from10pct-20260829,candidate,0,1.1874794960021973,0.5560269057371168,0.805199859063281,2.2214658418750153,2.0992777545215215,2.060611453869456,0.6924490332603455
6a3a310e5b81ff13,h100-d512-mixprior-6a3a310e5b81ff13-seed0-from10pct-20260829,candidate,0,1.199774980545044,0.5188945789575962,0.8883729157443446,2.1930059951482175,2.406225552807577,2.089213743970843,0.7126260995864868
6b361a4dac398960,h100-d512-mixprior-6b361a4dac398960-seed0-from10pct-20260829,candidate,0,1.1886616945266724,0.5481694816007772,0.8182358508204197,7.870139319817912,2.360479140850393,2.080035299684386,0.6910831332206726
6ba35130af6fc176,h100-d512-mixprior-6ba35130af6fc176-seed0-from10pct-20260829,candidate,0,1.1960258483886719,0.605060331703886,0.7981722508508634,3.3121795136567846,2.3270340093840227,2.1020691351125453,0.7170687317848206
6c40cafa822eefc2,h100-d512-mixprior-6c40cafa822eefc2-seed0-from10pct-20260829,candidate,0,1.1829646825790405,0.5550774514430561,0.8624002040940447,2.502748187494569,2.534510239326991,2.09557394132263,0.6959776282310486
6c543b21afabf0a8,h100-d512-mixprior-6c543b21afabf0a8-seed0-from10pct-20260829,candidate,0,1.1886322498321533,0.508900613896042,0.8295779157015382,2.6315008425924105,2.427517855109498,2.043641395185018,0.6782398223876953
6c72edc7eb3e9ae9,h100-d512-mixprior-6c72edc7eb3e9ae9-seed0-from10pct-20260829,candidate,0,1.2020832300186157,0.6090353654008552,0.9147452619680072,2.140453291177286,2.1099865083765525,2.06092519511721,0.7180513143539429
6c9d2526befaf3fd,h100-d512-mixprior-6c9d2526befaf3fd-seed0-from10pct-20260829,candidate,0,1.188480257987976,0.5132203264246681,0.8021742153631438,2.7868601546170475,2.257568799990794,2.079929642051156,0.6812359690666199
6ca9873dc2ef0b25,h100-d512-mixprior-6ca9873dc2ef0b25-seed0-from10pct-20260829,candidate,0,1.1843023300170898,0.5439372479900302,0.7915694439395332,2.540695363734375,2.1411937445569444,2.0665916889231366,0.6951463222503662
6d449b840a4ebddf,h100-d512-mixprior-6d449b840a4ebddf-seed0-from10pct-20260829,candidate,0,1.1882622241973877,0.5478457903870675,0.7322895172343002,2.102141933129184,2.130799123250739,2.052383282220349,0.695460319519043
6d4d89e570eb64de,h100-d512-mixprior-6d4d89e570eb64de-seed0-from10pct-20260829,candidate,0,1.1870790719985962,0.5559509620830407,0.7926283456908737,2.8855889878196654,2.209640332507325,2.086998314708295,0.6908757090568542
6d9ada21dd91bc53,h100-d512-mixprior-6d9ada21dd91bc53-seed0-from10pct-20260829,candidate,0,1.1921147108078003,0.5564512514250115,0.7303197832797387,2.3561462513036564,2.1282668554767317,2.0868570483969777,0.6997587084770203
6e12571a6c4cb720,h100-d512-mixprior-6e12571a6c4cb720-seed0-from10pct-20260829,candidate,0,1.2127485275268555,0.5554957519111158,0.8375761770203675,2.2663925169455403,2.4037891971888303,2.0859730213943255,0.7026435136795044
6e38c829805f0565,h100-d512-mixprior-6e38c829805f0565-seed0-from10pct-20260829,candidate,0,1.1909706592559814,0.5234884134493287,0.7136595384021531,2.8561062992704063,2.0860871889661925,2.074996737172484,0.7099172472953796
6e74ed85dd3be4bd,h100-d512-mixprior-6e74ed85dd3be4bd-seed0-from10pct-20260829,candidate,0,1.1875202655792236,0.542987006206159,0.793072539491824,2.918061163243888,2.1863486495816247,2.054394203774433,0.6936231851577759
6f3961f6e80a541f,h100-d512-mixprior-6f3961f6e80a541f-seed0-from10pct-20260829,candidate,0,1.187619924545288,0.5195359301146599,0.7824271531275823,2.586019750373768,2.373493201640914,2.0844046639928906,0.6800772547721863
6f8e042da99a3cc4,h100-d512-mixprior-6f8e042da99a3cc4-seed0-from10pct-20260829,candidate,0,1.1867417097091675,0.5466170177999506,0.8441220611315593,2.978611952884811,2.1948139863689966,2.1056690593417637,0.6942427158355713
700103606fa5897f,h100-d512-mixprior-700103606fa5897f-seed0-from10pct-20260829,candidate,0,1.1867756843566895,0.5591172474105074,0.8163043323541698,4.07429368007154,2.1658231428101917,2.0510858708666757,0.6922653317451477
7026cf51fff0f3dc,h100-d512-mixprior-7026cf51fff0f3dc-seed0-from10pct-20260829,candidate,0,1.1872507333755493,0.5197530284711139,0.8173600002001531,4.744541935505112,2.469614286422749,2.067155103686115,0.6815142035484314
70a032f42e062281,h100-d512-mixprior-70a032f42e062281-seed0-from10pct-20260829,candidate,0,1.1906720399856567,0.5214556279268682,0.7387724664261216,2.348627449600607,2.1196727447686077,2.0596027171188753,0.7109485268592834
710a09071584754a,h100-d512-mixprior-710a09071584754a-seed0-from10pct-20260829,candidate,0,1.1865005493164062,0.5400068404325915,0.7813347191329275,2.891967492128592,2.1740444242780583,2.063198782854639,0.6922599673271179
7215148f42f0114e,h100-d512-mixprior-7215148f42f0114e-seed0-from10pct-20260829,candidate,0,1.1841630935668945,0.5415724894224302,0.7931746601009526,2.456696329069278,2.477483689136313,2.0754928696231203,0.6941763162612915
72b251ddbfd1c16a,h100-d512-mixprior-72b251ddbfd1c16a-seed0-from10pct-20260829,candidate,0,1.1853618621826172,0.5474439068048018,0.7843068816784421,2.829010831848286,2.1945776809752306,2.0660087184691003,0.6943906545639038
72e92d64ff271cca,h100-d512-mixprior-72e92d64ff271cca-seed0-from10pct-20260829,candidate,0,1.1940944194793701,0.589505813741476,0.8709118640767237,2.6592823315159864,2.330476228050674,2.0590854838790387,0.7038977146148682
72f4d0cf1bf300be,h100-d512-mixprior-72f4d0cf1bf300be-seed0-from10pct-20260829,candidate,0,1.1860913038253784,0.5495113794588137,0.8076725405409424,2.2636098734561485,2.1419910112409957,2.066777668557598,0.6965007185935974
73bf71b581f13217,h100-d512-mixprior-73bf71b581f13217-seed0-from10pct-20260829,candidate,0,1.1870225667953491,0.5159317433967203,0.784322542168023,3.139192531533132,2.5427032224350743,2.0830149947599197,0.6804027557373047
73d7b7e6d2aebc2d,h100-d512-mixprior-73d7b7e6d2aebc2d-seed0-from10pct-20260829,candidate,0,1.1890531778335571,0.5345345540804041,0.8235763546356479,2.5993413219677866,2.5355999039869594,2.067486436698528,0.6883473992347717
746316ea93988941,h100-d512-mixprior-746316ea93988941-seed0-from10pct-20260829,candidate,0,1.2091387510299683,0.5801459124660752,0.8513335681196305,3.0432167006167763,2.5945669199415,2.104653653929823,0.7135490775108337
74c234cb3fd3874e,h100-d512-mixprior-74c234cb3fd3874e-seed0-from10pct-20260829,candidate,0,1.1907607316970825,0.5075666480483392,0.7489743312285537,2.361677767739384,2.127476039729211,2.0685111702044243,0.7091089487075806
74e1717ff57bbd5b,h100-d512-mixprior-74e1717ff57bbd5b-seed0-from10pct-20260829,candidate,0,1.205207347869873,0.5279672106578666,0.8192909935782864,2.909970447150726,2.1241722921374984,2.0517161556653756,0.6753615140914917
7511ae09e2c63f98,h100-d512-mixprior-7511ae09e2c63f98-seed0-from10pct-20260829,candidate,0,1.1892924308776855,0.51689814414966,0.7873205713989875,4.825751367766942,2.227393485672219,2.0528565859688523,0.6727803945541382
75c70f4afa83464f,h100-d512-mixprior-75c70f4afa83464f-seed0-from10pct-20260829,candidate,0,1.1967849731445312,0.5713097130039786,0.8842477065464437,2.1838863162106334,2.7720954368672723,2.0793963944784566,0.6910465359687805
76913c74622da36b,h100-d512-mixprior-76913c74622da36b-seed0-from10pct-20260829,candidate,0,1.1908671855926514,0.5171714488309203,0.7023648905898374,2.336689090424788,2.1406015313861766,2.115987893288886,0.7072541117668152
76caf97062d1705b,h100-d512-mixprior-76caf97062d1705b-seed0-from10pct-20260829,candidate,0,1.2424393892288208,0.6456114580978312,1.0085325477944653,2.136169093913069,2.792345149918906,2.131885413188726,0.7454430460929871
76d150d73e9ddd97,h100-d512-mixprior-76d150d73e9ddd97-seed0-from10pct-20260829,candidate,0,1.190415620803833,0.5155235303120193,0.709732519558477,2.16015922016457,2.1928995932440096,2.0549080828001594,0.7059847116470337
778356a0febae506,h100-d512-mixprior-778356a0febae506-seed0-from10pct-20260829,candidate,0,1.186387062072754,0.5136107049555875,0.7945094935024797,3.13788894465048,2.2172947162100587,2.0900415412615825,0.6787228584289551
77a1d67f3e29712f,h100-d512-mixprior-77a1d67f3e29712f-seed0-from10pct-20260829,candidate,0,1.185415506362915,0.5291306307389418,0.8045112829454008,2.190248636384686,2.1014162756680146,2.0957179625816256,0.6911718845367432
780ae4a66ec08c0b,h100-d512-mixprior-780ae4a66ec08c0b-seed0-from10pct-20260829,candidate,0,1.183651328086853,0.5425430412478662,0.7777096762800699,2.5057405570716704,2.2091673377366767,2.0598267332484768,0.6975860595703125
78dc0f0ebb2ea3c2,h100-d512-mixprior-78dc0f0ebb2ea3c2-seed0-from10pct-20260829,candidate,0,1.1861963272094727,0.5372904050155127,0.7946984104940039,2.384261773294443,2.3528152126572714,2.0883035913649057,0.6929669976234436
78ec150499bfd59e,h100-d512-mixprior-78ec150499bfd59e-seed0-from10pct-20260829,candidate,0,1.1911039352416992,0.5338466553796084,0.757782209642488,3.01628547270833,2.3240442732393394,2.100137483347167,0.7187286019325256
79d5e1f2dc9b0e9e,h100-d512-mixprior-79d5e1f2dc9b0e9e-seed0-from10pct-20260829,candidate,0,1.2035624980926514,0.5624079204486194,0.898670229267889,2.3316090725578107,2.087232629346203,2.0896333104791838,0.696257472038269
79d8462c1071710e,h100-d512-mixprior-79d8462c1071710e-seed0-from10pct-20260829,candidate,0,1.1939464807510376,0.5360073658348358,0.7290478509175268,2.185913657189797,2.5526057383540115,2.0745401160426074,0.7091753482818604
79dcb036268b818a,h100-d512-mixprior-79dcb036268b818a-seed0-from10pct-20260829,candidate,0,1.1929683685302734,0.5531369338496935,0.7882858533240757,2.131356381533529,2.2302340835870513,2.0784744593870186,0.7232406735420227
79ffb24e136b86e0,h100-d512-mixprior-79ffb24e136b86e0-seed0-from10pct-20260829,candidate,0,1.1905386447906494,0.5189611582833513,0.7272241368908654,2.1829681792971596,2.136296132524711,2.06562335032584,0.7004377245903015
7a096096b0b65260,h100-d512-mixprior-7a096096b0b65260-seed0-from10pct-20260829,candidate,0,1.186481237411499,0.5213081795734937,0.7891157473557239,3.8796511750489793,2.2618573678179072,2.096147359646676,0.6980928182601929
7b18c3de2cb869cb,h100-d512-mixprior-7b18c3de2cb869cb-seed0-from10pct-20260829,candidate,0,1.1895335912704468,0.5648222496154334,0.9054437088287559,2.810047913745503,2.3806351726271497,2.0717016930429923,0.6885654926300049
7b1ad7e4ae77a16b,h100-d512-mixprior-7b1ad7e4ae77a16b-seed0-from10pct-20260829,candidate,0,1.1876338720321655,0.5469013327114545,0.8100525519859133,2.311339852023058,2.6773048591158157,2.132461600285201,0.6916677951812744
7b1b543996ec2dd0,h100-d512-mixprior-7b1b543996ec2dd0-seed0-from10pct-20260829,candidate,0,1.2003403902053833,0.5421243592743659,0.8956466926257948,2.2508987774510714,2.3934349083780675,2.0942754527231755,0.6946893930435181
7b4244b3ffa89286,h100-d512-mixprior-7b4244b3ffa89286-seed0-from10pct-20260829,candidate,0,1.190048336982727,0.5274494509737176,0.7317802430228318,2.1991868894323447,2.147766558148955,2.050556329324193,0.7101007103919983
7b450c3bcd8b3198,h100-d512-mixprior-7b450c3bcd8b3198-seed0-from10pct-20260829,candidate,0,1.189173936843872,0.5265320043652104,0.810862419914663,2.203798907245148,2.318443056688746,2.097859912077277,0.6923636198043823
7b550896261ca2a0,h100-d512-mixprior-7b550896261ca2a0-seed0-from10pct-20260829,candidate,0,1.191676378250122,0.5263732879261356,0.7962671436189876,3.87637838438214,2.230233881533977,2.1219778604974806,0.6895781755447388
7c4dfaaac84af74e,h100-d512-mixprior-7c4dfaaac84af74e-seed0-from10pct-20260829,candidate,0,1.1909098625183105,0.5453784780121054,0.842662038737325,2.7320633700848584,2.2158233654421764,2.0800218461711744,0.6962906122207642
7c5491522eb5a546,h100-d512-mixprior-7c5491522eb5a546-seed0-from10pct-20260829,candidate,0,1.1966623067855835,0.5189952275635763,0.7259821615271125,2.3050580451284532,2.138986737384257,2.0632244150152217,0.707770049571991
7d083fd561eea164,h100-d512-mixprior-7d083fd561eea164-seed0-from10pct-20260829,candidate,0,1.1878583431243896,0.5271701917120307,0.7991951416738508,2.5642161206228598,2.072400566000289,2.0287745382600346,0.6905861496925354
7e8c4a8bf36746ef,h100-d512-mixprior-7e8c4a8bf36746ef-seed0-from10pct-20260829,candidate,0,1.1878972053527832,0.5195985248338507,0.78194367779177,2.774150883951795,2.241229102065482,2.068580340595906,0.6791521906852722
7edc0b6652e997af,h100-d512-mixprior-7edc0b6652e997af-seed0-from10pct-20260829,candidate,0,1.2061206102371216,0.5721884995434111,0.7167329155210467,2.1125026284726762,2.0706001127669165,2.076834847043136,0.7203556299209595
7f5fc51ef4389bdd,h100-d512-mixprior-7f5fc51ef4389bdd-seed0-from10pct-20260829,candidate,0,1.1862962245941162,0.5148498851127415,0.8041384331400449,5.953842689498438,2.1865129265285823,2.099396355901026,0.679118812084198
7f99017c083bac93,h100-d512-mixprior-7f99017c083bac93-seed0-from10pct-20260829,candidate,0,1.1909520626068115,0.5331745916235018,0.7909783621406515,2.4909362534003687,2.6606289693081977,2.057110830203339,0.6885792016983032
7fe393803dc0185b,h100-d512-mixprior-7fe393803dc0185b-seed0-from10pct-20260829,candidate,0,1.1855132579803467,0.5127557033260771,0.8251370521686192,2.9902214989978653,2.1509149692693508,2.0835306408874197,0.6788293719291687
802909d3ba5a7a05,h100-d512-mixprior-802909d3ba5a7a05-seed0-from10pct-20260829,candidate,0,1.1901342868804932,0.5400782929612058,0.824710030264557,2.3254710237048934,2.2024506328586653,2.103750765279608,0.7013283967971802
80324df7baf50056,h100-d512-mixprior-80324df7baf50056-seed0-from10pct-20260829,candidate,0,1.1848540306091309,0.531518531103494,0.8073774133778139,2.2262849762461565,2.2111029778956044,2.0650350606782655,0.689357578754425
80a4d4891e8356d1,h100-d512-mixprior-80a4d4891e8356d1-seed0-from10pct-20260829,candidate,0;1,1.1867930889129639,0.517801152185636,0.8015885240511917,2.9075528336291567,2.173068240416879,2.0807083979827015,0.6819047331809998
8165d589b06b36cc,h100-d512-mixprior-8165d589b06b36cc-seed0-from10pct-20260829,candidate,0,1.189375400543213,0.5175090961790577,0.7149765273922776,2.1368771763438357,2.178581637201056,2.0784065068203987,0.7029507756233215
820ba7e0b2aae1da,h100-d512-mixprior-820ba7e0b2aae1da-seed0-from10pct-20260829,candidate,0,1.1861741542816162,0.5361723765145938,0.7926372988881311,2.2860093759423044,2.103632249525118,2.0760109992224725,0.6904596090316772
82a9ab40c6f48b71,h100-d512-mixprior-82a9ab40c6f48b71-seed0-from10pct-20260829,candidate,0,1.1969094276428223,0.5229649651865189,0.856267970302742,2.6335546910224767,2.30771254410096,2.093043932630716,0.6847414970397949
82f6109c56616bdb,h100-d512-mixprior-82f6109c56616bdb-seed0-from10pct-20260829,candidate,0,1.18937349319458,0.5201963996358171,0.7870041100810258,2.202328911408599,2.0967664174342304,2.06974394554373,0.6815692782402039
83afcf6935d0d1d8,h100-d512-mixprior-83afcf6935d0d1d8-seed0-from10pct-20260829,candidate,0,1.1887621879577637,0.5251123440743783,0.8145462437479273,2.2811665073573852,2.2649305996578595,2.0832409451911023,0.6891335844993591
844026b35cf13b21,h100-d512-mixprior-844026b35cf13b21-seed0-from10pct-20260829,candidate,0,1.187009572982788,0.5584732740175407,0.7718794096111232,2.2771543961714107,2.1471450758718857,2.075334811013623,0.696033775806427
8477a804615faec6,h100-d512-mixprior-8477a804615faec6-seed0-from10pct-20260829,candidate,0,1.1859691143035889,0.5739357662509793,0.7753899309693629,3.1490467390168635,2.158229791036652,2.0561087078933444,0.6928799748420715
8545b0cf2a88fc82,h100-d512-mixprior-8545b0cf2a88fc82-seed0-from10pct-20260829,candidate,0,1.1897478103637695,0.5423230480565652,0.8708344772628135,2.4713413757588505,2.5067986496171173,2.069420971515184,0.6986380815505981
85cd6a9b15f543f5,h100-d512-mixprior-85cd6a9b15f543f5-seed0-from10pct-20260829,candidate,0,1.2537429332733154,0.5380034456706945,0.9051316410718803,2.3212375172799935,2.1020881607174413,2.100908918790331,0.7035122513771057
85ec179487f33a59,h100-d512-mixprior-85ec179487f33a59-seed0-from10pct-20260829,candidate,0,1.186976671218872,0.5081895639613201,0.8299578059593808,2.416188707513714,2.1516918286990663,2.057718901570392,0.6797804236412048
868f3a1ced61a40c,h100-d512-mixprior-868f3a1ced61a40c-seed0-from10pct-20260829,candidate,0,1.191524863243103,0.5187772383914998,0.7632058589957722,2.222077053287602,2.412218191005839,2.0644194829766187,0.6776284575462341
87091e2267556559,h100-d512-mixprior-87091e2267556559-seed0-from10pct-20260829,candidate,0,1.185908555984497,0.5019593274766109,0.8278146895031933,2.3548626605452414,2.343032821534795,2.107005565871439,0.6796892285346985
875913f308c37210,h100-d512-mixprior-875913f308c37210-seed0-from10pct-20260829,candidate,0,1.246004343032837,0.5908095289591749,0.8925835479233728,2.4863666894306293,2.4437917844008505,2.1047563877535316,0.7040311098098755
8787ef6e5831db5e,h100-d512-mixprior-8787ef6e5831db5e-seed0-from10pct-20260829,candidate,0,1.2221801280975342,0.5669608450353074,0.7883067730707878,2.1686222160440973,2.313226076329437,2.045938722517133,0.7121241092681885
87a539c488350371,h100-d512-mixprior-87a539c488350371-seed0-from10pct-20260829,candidate,0,1.1895220279693604,0.5574862854561149,0.7947814959961976,2.67653202083343,2.3149553511402563,2.0684792885523238,0.6938375234603882
88051d55e6072420,h100-d512-mixprior-88051d55e6072420-seed0-from10pct-20260829,candidate,0,1.1904454231262207,0.5163418104234354,0.7081012841316897,2.1303839571749785,2.1826762101267296,2.0574012678126428,0.7080637216567993
880a1644f63db8bc,h100-d512-mixprior-880a1644f63db8bc-seed0-from10pct-20260829,candidate,0,1.184448003768921,0.543495251789341,0.8216869052298805,2.4242251746316064,2.2451446474691084,2.0864066618665427,0.6950055956840515
8812224dc26519ed,h100-d512-mixprior-8812224dc26519ed-seed0-from10pct-20260829,candidate,0,1.2000000476837158,0.505598982684387,0.8210023992729935,2.330481647720599,2.303122198255336,2.1285776877990474,0.6997063159942627
88573650eb0eca3c,h100-d512-mixprior-88573650eb0eca3c-seed0-from10pct-20260829,candidate,0,1.1853742599487305,0.541490851294903,0.8330966789591481,2.328363570457894,2.1203513250787465,2.075311294259147,0.696539044380188
8862c95728d7d4bd,h100-d512-mixprior-8862c95728d7d4bd-seed0-from10pct-20260829,candidate,0,1.1848759651184082,0.5597988764933967,0.7937492865115824,2.189271350476496,2.202644516342948,2.0471683495581394,0.6892417669296265
888488eac540ccd9,h100-d512-mixprior-888488eac540ccd9-seed0-from10pct-20260829,candidate,0,1.1899760961532593,0.5346586427881544,0.8096803241044306,3.1544548696543155,2.5173792521604414,2.0631889598050352,0.6869372129440308
896fb6df5ecab978,h100-d512-mixprior-896fb6df5ecab978-seed0-from10pct-20260829,candidate,0,1.1895976066589355,0.5448820711006355,0.7978365501828012,2.3907904824275477,2.26647820900348,2.058290337428723,0.6852678656578064
8a81fad852828fb3,h100-d512-mixprior-8a81fad852828fb3-seed0-from10pct-20260829,candidate,0,1.1882359981536865,0.5303661808984459,0.7832187681476092,2.8719888551289574,2.20269538725049,2.0474582624475257,0.6887542605400085
8b014e072122dbd3,h100-d512-mixprior-8b014e072122dbd3-seed0-from10pct-20260829,candidate,0,1.1867555379867554,0.49991954737566885,0.7793594091821594,2.6607304318872935,2.305456771266199,2.0903492730627127,0.6820619106292725
8bc67a341c1d938f,h100-d512-mixprior-8bc67a341c1d938f-seed0-from10pct-20260829,candidate,0,1.1854336261749268,0.5532953554177237,0.8041978211481983,2.403943717389394,2.4288713688642067,2.0600188457490307,0.696545422077179
8bfac23637d69039,h100-d512-mixprior-8bfac23637d69039-seed0-from10pct-20260829,candidate,0,1.1848981380462646,0.5253113745447451,0.8799289615103836,3.4573895382552045,2.5614598664046464,2.085895722620917,0.6914958953857422
8c18711b506ae3fd,h100-d512-mixprior-8c18711b506ae3fd-seed0-from10pct-20260829,candidate,0,1.1915538311004639,0.5597626077983412,0.8146601006062497,2.268783498251089,2.084331705676744,2.061718741890743,0.6843710541725159
8c57c44ad6977a50,h100-d512-mixprior-8c57c44ad6977a50-seed0-from10pct-20260829,candidate,0,1.2068098783493042,0.5712868390645764,0.8024995718716854,2.1624336573524614,2.259495970423507,2.0520105334157273,0.7269611954689026
8c8563930c7330da,h100-d512-mixprior-8c8563930c7330da-seed0-from10pct-20260829,candidate,0,1.208486795425415,0.5713397201060721,0.7899741475929406,2.6828688942626244,2.192754998442806,2.0537421735603036,0.7102633714675903
8cb0432978819d02,h100-d512-mixprior-8cb0432978819d02-seed0-from10pct-20260829,candidate,0,1.186920404434204,0.5075204294494017,0.7961979341649028,2.71248694565488,2.3680628497053258,2.0505123503518687,0.6788626313209534
8d2bb165618c15cb,h100-d512-mixprior-8d2bb165618c15cb-seed0-from10pct-20260829,candidate,0,1.1863267421722412,0.5354552969645763,0.8064513938710531,4.835275232717691,2.418307887061074,2.0967709818112255,0.7012699246406555
8d5f0aed232ce1b7,h100-d512-mixprior-8d5f0aed232ce1b7-seed0-from10pct-20260829,candidate,0,1.1854820251464844,0.5119895250931524,0.7975599277466127,6.711376612942153,2.3150688711341023,2.0842069412868245,0.6793151497840881
8d615131b2931cb1,h100-d512-mixprior-8d615131b2931cb1-seed0-from10pct-20260829,candidate,0,1.1862211227416992,0.5134840727901111,0.8176789877752009,2.4397754211673557,2.2739514237772216,2.076494813526356,0.6796058416366577
8e759513f4e10a3d,h100-d512-mixprior-8e759513f4e10a3d-seed0-from10pct-20260829,candidate,0,1.1867423057556152,0.5400819998062242,0.8235875882495575,2.211329078176795,2.435974187458547,2.0602869677312823,0.6911340951919556
8e9185b1dc863c16,h100-d512-mixprior-8e9185b1dc863c16-seed0-from10pct-20260829,candidate,0,1.188044786453247,0.53200883696687,0.8299333608186893,2.3328874143327627,2.679606726960949,2.0912947602376497,0.6859516501426697
9027f599cbdbfcda,h100-d512-mixprior-9027f599cbdbfcda-seed0-from10pct-20260829,candidate,0,1.1904577016830444,0.5032930460240033,0.7859630283918252,2.927431668914117,2.4874523339663237,2.0802513784203516,0.6881275177001953
91610d304fff4f3e,h100-d512-mixprior-91610d304fff4f3e-seed0-from10pct-20260829,candidate,0,1.1908754110336304,0.5056031508768292,0.7717301087843934,2.4476607335034832,2.2280531063123656,2.0908486491550953,0.6825034618377686
9180fb50c1677454,h100-d512-mixprior-9180fb50c1677454-seed0-from10pct-20260829,candidate,0,1.2033230066299438,0.5254366028788119,0.8035244062456858,2.3813548080996263,2.2111420894522364,2.0592153193289184,0.6755566596984863
91ed0f670e0373d5,h100-d512-mixprior-91ed0f670e0373d5-seed0-from10pct-20260829,candidate,0,1.205106258392334,0.519351135572616,0.814636540345957,3.769464810664755,2.286612940378592,2.066385587579198,0.6754656434059143
91f99dd358ceaecc,h100-d512-mixprior-91f99dd358ceaecc-seed0-from10pct-20260829,candidate,0,1.188392162322998,0.5307138511247491,0.7877906578414174,2.6678031707474044,2.180558610794454,2.065019466468244,0.7031876444816589
9258df0207f554db,h100-d512-mixprior-9258df0207f554db-seed0-from10pct-20260829,candidate,0,1.1885803937911987,0.5276205506878934,0.8515001909493297,2.1974266838155883,2.2154336007040287,2.1016948104979534,0.6865174174308777
92e3dcddc9f1c9b0,h100-d512-mixprior-92e3dcddc9f1c9b0-seed0-from10pct-20260829,candidate,0,1.1856646537780762,0.49798383956370895,0.8134753802196744,4.851793089043463,2.5271006275859147,2.1260696187264836,0.6834119558334351
92f4441139dff853,h100-d512-mixprior-92f4441139dff853-seed0-from10pct-20260829,candidate,0,1.1850922107696533,0.5502972862077049,0.8152673429129009,2.6524787470243583,2.673720863650047,2.0714080851619814,0.6935694217681885
932ecf88a5885062,h100-d512-mixprior-932ecf88a5885062-seed0-from10pct-20260829,candidate,0,1.1868189573287964,0.5355377240435839,0.8159665114011249,2.4678326798808423,2.5091288292143856,2.095874560112291,0.6910778284072876
934375a0a91405c4,h100-d512-mixprior-934375a0a91405c4-seed0-from10pct-20260829,candidate,0,1.1912338733673096,0.5219735060249404,0.8025423953502296,3.3940685138150144,2.246863319591965,2.056070188955486,0.6842778325080872
93ecc93549747763,h100-d512-mixprior-93ecc93549747763-seed0-from10pct-20260829,candidate,0,1.210953712463379,0.6369756218387801,0.888240633334501,3.6227465560074203,2.2941116540326703,2.157685998037545,0.7355077266693115
94ca7c07cae4b249,h100-d512-mixprior-94ca7c07cae4b249-seed0-from10pct-20260829,candidate,0,1.1867846250534058,0.4986423307313024,0.8195201752387408,7.581583185896849,2.169661870719006,2.0877234642598297,0.6788954138755798
9570b9a1addc7609,h100-d512-mixprior-9570b9a1addc7609-seed0-from10pct-20260829,candidate,0,1.2015691995620728,0.5555609347960717,0.7871323840362336,3.707058735649685,2.130375397762039,2.048401685631823,0.6887339353561401
965a9ad97ffb8c7a,h100-d512-mixprior-965a9ad97ffb8c7a-seed0-from10pct-20260829,candidate,0,1.1932967901229858,0.5193431046430186,0.7976711354120417,2.245441155225667,2.5712125079814476,2.1002288214485834,0.6973475813865662
9773fd06b1c5f006,h100-d512-mixprior-9773fd06b1c5f006-seed0-from10pct-20260829,candidate,0,1.1954822540283203,0.5127601909938879,0.7145972813500514,2.0875322604540605,2.130683862532369,2.0611265027966486,0.7098619341850281
97c0d9de41484132,h100-d512-mixprior-97c0d9de41484132-seed0-from10pct-20260829,candidate,0,1.1838260889053345,0.525569864294876,0.778106465885891,2.630830159092797,2.1152535008183104,2.056412094536812,0.6847759485244751
97e89aef99769599,h100-d512-mixprior-97e89aef99769599-seed0-from10pct-20260829,candidate,0,1.193173885345459,0.5268966000069518,0.7761428080698397,2.5459652929369367,2.2553148843696076,2.1627655691307335,0.6791525483131409
97f431ef779ca9ff,h100-d512-mixprior-97f431ef779ca9ff-seed0-from10pct-20260829,candidate,0,1.1911922693252563,0.5208099831052164,0.7245629413106153,2.2761338205885293,2.1512023851361217,2.0730902088468377,0.7104980945587158
98423eadd06d7642,h100-d512-mixprior-98423eadd06d7642-seed0-from10pct-20260829,candidate,0,1.1875838041305542,0.5296399378468156,0.7850116577585599,2.997357745694212,2.5525555688331236,2.073353755360171,0.6802247166633606
996f489106c7b922,h100-d512-mixprior-996f489106c7b922-seed0-from10pct-20260829,selected,0;1;2,1.1864409446716309,0.4979298909485227,0.8197130247236325,2.600931773074973,2.2791285839954525,2.07712794982448,0.6794255375862122
999ca81314d9aad4,h100-d512-mixprior-999ca81314d9aad4-seed0-from10pct-20260829,candidate,0,1.1874028444290161,0.5534439817726017,0.8078923588684893,2.72841867342034,2.1679878103171997,2.0529995917018575,0.6943152546882629
99be2a8866be8cdf,h100-d512-mixprior-99be2a8866be8cdf-seed0-from10pct-20260829,candidate,0,1.191561222076416,0.5192467914550644,0.8236187421103749,3.301896499755875,2.172594163801042,2.0617429003953944,0.6894789934158325
99e0332bee9e15d6,h100-d512-mixprior-99e0332bee9e15d6-seed0-from10pct-20260829,candidate,0,1.1942527294158936,0.5341108862813319,0.8117376006528323,3.531301272844268,2.1904896841777797,2.0792692004786457,0.6943637728691101
99ed32f9ee7a3b89,h100-d512-mixprior-99ed32f9ee7a3b89-seed0-from10pct-20260829,candidate,0,1.1869239807128906,0.5131705889074875,0.7696045045686257,3.70128068110447,2.44577358476166,2.063579676680428,0.6787202954292297
9a572e81a5ee3b2c,h100-d512-mixprior-9a572e81a5ee3b2c-seed0-from10pct-20260829,candidate,0,1.1872795820236206,0.5413436162129983,0.8522370949972454,3.3293782804379437,2.3864974667614463,2.0863155009884697,0.6978343725204468
9a67f8bf4c811bdf,h100-d512-mixprior-9a67f8bf4c811bdf-seed0-from10pct-20260829,candidate,0,1.1970709562301636,0.5334904532265147,0.7599277941999377,2.28334712861719,2.5941935727468257,2.0877623036311435,0.6837418675422668
9b463c08d3fb93ab,h100-d512-mixprior-9b463c08d3fb93ab-seed0-from10pct-20260829,candidate,0,1.2088733911514282,0.5696244114208652,0.8642270814928723,2.2796755957690236,2.568235856887274,2.110936684096431,0.6960047483444214
9b979784016e69f4,h100-d512-mixprior-9b979784016e69f4-seed0-from10pct-20260829,candidate,0,1.1923859119415283,0.5657645559783075,0.7422822304033907,2.2219739212497966,2.240118043294556,2.09934033093251,0.7147555351257324
9bd2696821360007,h100-d512-mixprior-9bd2696821360007-seed0-from10pct-20260829,candidate,0,1.204582691192627,0.5263249901970509,0.7990923656410667,2.8056954059315773,2.2783307328251765,2.053015894820879,0.6753862500190735
9d15834452a55846,h100-d512-mixprior-9d15834452a55846-seed0-from10pct-20260829,candidate,0,1.1882719993591309,0.5009491774472036,0.7947637106705151,2.2806065104327873,2.2833827273505194,2.065863225328192,0.6804730296134949
9d641efab45cf010,h100-d512-mixprior-9d641efab45cf010-seed0-from10pct-20260829,candidate,0,1.1874666213989258,0.5624991027358968,0.7743696801851199,4.741113258304437,2.5253968022847335,2.0615234403503164,0.6938133239746094
9d9c0cca770584a6,h100-d512-mixprior-9d9c0cca770584a6-seed0-from10pct-20260829,candidate,0,1.190890908241272,0.5190648872396192,0.7054766354374453,2.1063764067707385,2.079389666895048,2.079419060118136,0.7102631330490112
9e0de3be10986119,h100-d512-mixprior-9e0de3be10986119-seed0-from10pct-20260829,candidate,0,1.186033010482788,0.5058789762871513,0.7761196874133317,3.0264686882720624,2.1609369290502314,2.070535538691848,0.6790245771408081
9f78eb87c559a841,h100-d512-mixprior-9f78eb87c559a841-seed0-from10pct-20260829,candidate,0,1.1938068866729736,0.530635224582257,0.8523095492958042,2.4601354254396237,2.2830887939994846,2.117929482293397,0.684398353099823
a019f8428001fd06,h100-d512-mixprior-a019f8428001fd06-seed0-from10pct-20260829,candidate,0,1.214504361152649,0.5495097721418405,0.9578658273059683,2.3830678483187597,2.180546742696367,2.1047900063735376,0.7181811332702637
a097103d39e68c9c,h100-d512-mixprior-a097103d39e68c9c-seed0-from10pct-20260829,candidate,0,1.1850082874298096,0.5429759807770365,0.7802999523475767,2.198895350029,2.1307653418080252,2.0629374792888964,0.6892079710960388
a0e487d31afaad89,h100-d512-mixprior-a0e487d31afaad89-seed0-from10pct-20260829,candidate,0,1.195712685585022,0.5319407594943919,0.7256887458551033,2.265273070792845,2.247136601977569,2.0889744815091453,0.7085960507392883
a123fb2e07edd770,h100-d512-mixprior-a123fb2e07edd770-seed0-from10pct-20260829,candidate,0,1.2520771026611328,0.5222835973180564,0.7741026515234976,2.349942706985467,2.4746535721043212,2.13192024195491,0.7294736504554749
a12f25364ca13899,h100-d512-mixprior-a12f25364ca13899-seed0-from10pct-20260829,candidate,0,1.1891695261001587,0.5293734289488028,0.7698106946892216,2.6197328093327776,2.3393567087162626,2.0608976127799488,0.6797003149986267
a1ae55056fe63498,h100-d512-mixprior-a1ae55056fe63498-seed0-from10pct-20260829,candidate,0,1.1855961084365845,0.512237979523282,0.8022606682060618,2.887571069699872,2.624326292589374,2.1018787789483757,0.6800438165664673
a1d9377e21849993,h100-d512-mixprior-a1d9377e21849993-seed0-from10pct-20260829,candidate,0,1.1910251379013062,0.5352840343898001,0.8397585321755188,2.752897799645299,2.4567850998531178,2.091532487495646,0.6884424686431885
a1f97c597ddec22b,h100-d512-mixprior-a1f97c597ddec22b-seed0-from10pct-20260829,candidate,0,1.1853289604187012,0.5168402898287372,0.8650504808992754,2.4641664971724593,2.5396241085867532,2.088249438548731,0.6800048351287842
a2a4202cc870df1b,h100-d512-mixprior-a2a4202cc870df1b-seed0-from10pct-20260829,candidate,0,1.1883889436721802,0.533584682445261,0.8007771000048398,2.692565562395747,2.3107843158214774,2.125089852418356,0.6796554923057556
a300d4c4b5ffb114,h100-d512-mixprior-a300d4c4b5ffb114-seed0-from10pct-20260829,candidate,0,1.190310001373291,0.503651761604767,0.7204623681716604,2.305520821462922,2.117636706711617,2.067726859252391,0.7117989659309387
a347a21f183f77ec,h100-d512-mixprior-a347a21f183f77ec-seed0-from10pct-20260829,candidate,0,1.2864489555358887,0.6393923332436033,0.9442492161708068,4.553869354378314,2.398502120782964,2.109930320032256,0.7501479983329773
a3832a83d0c085d7,h100-d512-mixprior-a3832a83d0c085d7-seed0-from10pct-20260829,candidate,0,1.184715986251831,0.5745082460397365,0.8233903104032559,2.075660763147698,2.086292693724263,2.0618547728933416,0.6998250484466553
a3c31e77bbfd30ed,h100-d512-mixprior-a3c31e77bbfd30ed-seed0-from10pct-20260829,candidate,0,1.1897177696228027,0.5571036048745365,0.8310352811210341,2.133903880831596,2.1390296427534263,2.0817405241379543,0.6832568645477295
a4d18ffb2199e909,h100-d512-mixprior-a4d18ffb2199e909-seed0-from10pct-20260829,candidate,0,1.1894675493240356,0.5389396166136688,0.8141163651529979,2.756398417303655,2.1874995097400873,2.0748974313638198,0.6909522414207458
a5e17044ce3967a5,h100-d512-mixprior-a5e17044ce3967a5-seed0-from10pct-20260829,candidate,0,1.1860337257385254,0.567018440755749,0.8392338169379654,2.300240328499602,2.403844293853423,2.096515150573829,0.6981528401374817
a5e3ed7ed8564c57,h100-d512-mixprior-a5e3ed7ed8564c57-seed0-from10pct-20260829,candidate,0,1.1867733001708984,0.5217324506207964,0.8207997479095154,2.539449793571028,2.3765241073296255,2.050102229030353,0.6927019953727722
a61e63b32c974bff,h100-d512-mixprior-a61e63b32c974bff-seed0-from10pct-20260829,candidate,0,1.1862356662750244,0.5503959075781834,0.8056817388572836,3.318598394371828,2.221182907916385,2.0670222035065264,0.6940105557441711
a6b2cadc64e50d67,h100-d512-mixprior-a6b2cadc64e50d67-seed0-from10pct-20260829,candidate,0,1.1871044635772705,0.5213722939423393,0.8021600077057807,2.153108567092216,2.208281493660167,2.082635463298891,0.6808868050575256
a6e0a3ffee5a45da,h100-d512-mixprior-a6e0a3ffee5a45da-seed0-from10pct-20260829,candidate,0,1.1864001750946045,0.5492995207922767,0.8222605217229031,2.277966397328878,2.182602809985579,2.0646590941213026,0.6931073665618896
a6e8bed89f313323,h100-d512-mixprior-a6e8bed89f313323-seed0-from10pct-20260829,candidate,0,1.1978046894073486,0.5461453112197868,0.7339809429298809,2.0890871718463213,2.7448278376378727,2.092430367635548,0.7333318591117859
a711b399e2644b43,h100-d512-mixprior-a711b399e2644b43-seed0-from10pct-20260829,candidate,0,1.214045524597168,0.6284701126802699,0.8929816718759368,2.525075992939954,2.178136092464533,2.0692138743464707,0.7287595272064209
a85294b2fc795fa0,h100-d512-mixprior-a85294b2fc795fa0-seed0-from10pct-20260829,candidate,0,1.1872633695602417,0.5453870954084904,0.7941496508431463,2.7160413194089283,2.2573388168597486,2.067715498844055,0.6948033571243286
a8abfdc64b07f0ca,h100-d512-mixprior-a8abfdc64b07f0ca-seed0-from10pct-20260829,candidate,0,1.1877391338348389,0.5442099558903857,0.7959983878200925,2.4466950624024117,2.34076611767649,2.0677368252891664,0.6915698647499084
a919317585f5b904,h100-d512-mixprior-a919317585f5b904-seed0-from10pct-20260829,candidate,0,1.1900134086608887,0.5180211456032371,0.7140266383197299,2.276327924102555,2.0988691855028896,2.1035200783298196,0.7105631232261658
a92198dd97d56d3a,h100-d512-mixprior-a92198dd97d56d3a-seed0-from10pct-20260829,candidate,0,1.1915347576141357,0.5231911532344646,0.7753823322302271,3.7233452398462266,2.2971054111078444,2.0763962888544265,0.6849055886268616
a92ed6e1a716619a,h100-d512-mixprior-a92ed6e1a716619a-seed0-from10pct-20260829,candidate,0,1.189430594444275,0.5478224907746175,0.8014243539814321,2.5501416756553534,2.126990003012532,2.086624032567389,0.692606508731842
a95f674f2a6d91d7,h100-d512-mixprior-a95f674f2a6d91d7-seed0-from10pct-20260829,candidate,0,1.1878234148025513,0.5366711967220622,0.7715175787284538,2.302422362097681,2.130274104577501,2.078896214108328,0.6921931505203247
a9785eb1e7d34697,h100-d512-mixprior-a9785eb1e7d34697-seed0-from10pct-20260829,candidate,0,1.1836764812469482,0.5597969233948591,0.7909104051169412,2.202712912528654,2.8805166677949066,2.1080061965945944,0.6999244093894958
a9e8a563c81f2c00,h100-d512-mixprior-a9e8a563c81f2c00-seed0-from10pct-20260829,candidate,0,1.208351969718933,0.5752141479224995,0.7983821204426786,2.1299201073337284,2.276536651888735,2.0740919040641455,0.7356572151184082
a9ea53cee6ddb556,h100-d512-mixprior-a9ea53cee6ddb556-seed0-from10pct-20260829,candidate,0,1.1880574226379395,0.5364371762498149,0.8279687119284542,2.5221026350113886,2.203040226149768,2.0693222260935444,0.6912057399749756
aa01e09a5667993c,h100-d512-mixprior-aa01e09a5667993c-seed0-from10pct-20260829,candidate,0,1.1864840984344482,0.5099240223103607,0.8109095663152012,2.164133592844858,2.5272521457292054,2.0827468791383166,0.6801983714103699
aa404c214196bbdc,h100-d512-mixprior-aa404c214196bbdc-seed0-from10pct-20260829,candidate,0,1.4650200605392456,0.6316478514279464,0.8809910186063548,3.121285239935362,2.315009896958749,2.187042312386124,0.7974129915237427
aa7f5099237ab215,h100-d512-mixprior-aa7f5099237ab215-seed0-from10pct-20260829,candidate,0,1.2225589752197266,0.6061881638705015,0.8841449263897302,3.7229680849326425,3.057345852538005,2.1013794036418947,0.730745255947113
aaa77e23b9d43a45,h100-d512-mixprior-aaa77e23b9d43a45-seed0-from10pct-20260829,candidate,0,1.2183811664581299,0.5616052530323659,0.8410061198775349,2.2634181393814194,2.1095575579222157,2.079992146806522,0.7391068339347839
aca7156440e23631,h100-d512-mixprior-aca7156440e23631-seed0-from10pct-20260829,candidate,0,1.1872169971466064,0.5481178085808375,0.7954288894610959,2.6591080606042015,2.120987752685333,2.0825043676344213,0.6949352025985718
acc19ad5c6ec1893,h100-d512-mixprior-acc19ad5c6ec1893-seed0-from10pct-20260829,candidate,0,1.1908310651779175,0.5168444661017336,0.8091546730589256,3.9078352059166845,2.156649464704148,2.090392807788917,0.6794209480285645
adb894e2fba11b98,h100-d512-mixprior-adb894e2fba11b98-seed0-from10pct-20260829,candidate,0,1.1854172945022583,0.55881589519612,0.8039277149826978,2.6239259904870087,2.2453176926542664,2.1066042149856075,0.6986011266708374
addb78a07c22a234,h100-d512-mixprior-addb78a07c22a234-seed0-from10pct-20260829,candidate,0,1.1891677379608154,0.562232463424901,0.8129111904683913,6.162252646876555,2.599528690855389,2.0616671341562443,0.6945003271102905
aea5507b2faf6cc0,h100-d512-mixprior-aea5507b2faf6cc0-seed0-from10pct-20260829,candidate,0,1.2565276622772217,0.5383480752482988,0.886520884138742,3.2005000271397157,2.687201622618501,2.0971912405348623,0.7260235548019409
afa5813dd8364235,h100-d512-mixprior-afa5813dd8364235-seed0-from10pct-20260829,candidate,0,1.208211064338684,0.5729224226259813,0.8595368580624788,2.95641325169461,2.7634461746724313,2.0860318363284547,0.7017385959625244
afb7ac975159606e,h100-d512-mixprior-afb7ac975159606e-seed0-from10pct-20260829,candidate,0,1.1918150186538696,0.49291854947749975,0.7770528181263208,2.417695487304963,2.5372730113235518,2.086110806529088,0.6783502101898193
afbe0619750ff7ea,h100-d512-mixprior-afbe0619750ff7ea-seed0-from10pct-20260829,candidate,0,1.1910390853881836,0.5257707202546049,0.7109892720603238,2.1504953305331607,2.7362320100863946,2.1104864128224903,0.705570638179779
afc4d729688170f9,h100-d512-mixprior-afc4d729688170f9-seed0-from10pct-20260829,candidate,0,1.2927780151367188,0.700874765765191,1.0199511450000958,2.2342198780334845,4.326066011073394,2.1449826864843784,0.8100051283836365
b04abe4c7ad0e100,h100-d512-mixprior-b04abe4c7ad0e100-seed0-from10pct-20260829,candidate,0,1.182968258857727,0.5497173549977626,0.7740051136117829,5.716625161939861,2.8545354515199626,2.0790045472236214,0.6887925267219543
b0e324ea911cc855,h100-d512-mixprior-b0e324ea911cc855-seed0-from10pct-20260829,candidate,0,1.1867954730987549,0.5457416492833345,0.8190451306299807,3.4974412709221263,2.285307623018075,2.0764257047424275,0.6966781616210938
b0eadc88573196e1,h100-d512-mixprior-b0eadc88573196e1-seed0-from10pct-20260829,candidate,0,1.1897287368774414,0.5347632881210034,0.8514895572274569,2.907802131094232,2.305246652853232,2.0736532868504947,0.687829852104187
b100ad1935c71002,h100-d512-mixprior-b100ad1935c71002-seed0-from10pct-20260829,candidate,0,1.1862757205963135,0.5048336723022158,0.7657825288138767,3.4608984994026044,2.21053493129167,2.108332248797715,0.6794187426567078
b15f19b1c4f4ddf1,h100-d512-mixprior-b15f19b1c4f4ddf1-seed0-from10pct-20260829,candidate,0,1.1873981952667236,0.517185375466278,0.8079931889949552,3.352337758671732,2.411299554784966,2.0922832226641517,0.6801884770393372
b19bb39756c5bf1e,h100-d512-mixprior-b19bb39756c5bf1e-seed0-from10pct-20260829,candidate,0,1.1855549812316895,0.5261620589174765,0.7995177443336859,2.280890084155003,2.1823155649602155,2.0914767534808942,0.6986537575721741
b2025642abcdc3b0,h100-d512-mixprior-b2025642abcdc3b0-seed0-from10pct-20260829,candidate,0,1.1977627277374268,0.544462768335753,0.7933094381234713,3.866635498917567,2.178506043373421,2.069135225296793,0.6904466152191162
b21cb7d90123bd74,h100-d512-mixprior-b21cb7d90123bd74-seed0-from10pct-20260829,candidate,0,1.1885640621185303,0.5642735371089554,0.7852121370612251,3.217692537764856,2.296063546138072,2.0747077827813154,0.692479133605957
b45c8fcea03f37d8,h100-d512-mixprior-b45c8fcea03f37d8-seed0-from10pct-20260829,candidate,0,1.1867501735687256,0.49410215746245173,0.8171986987453679,2.9303198074802204,2.28005057252445,2.115158670335573,0.6805157661437988
b4ef64db406d37e7,h100-d512-mixprior-b4ef64db406d37e7-seed0-from10pct-20260829,candidate,0,1.1873023509979248,0.5384274099738872,0.7950909213431764,2.8673861403886836,2.0956827403767915,2.0932319969360704,0.6887467503547668
b552ca938de4c985,h100-d512-mixprior-b552ca938de4c985-seed0-from10pct-20260829,candidate,0,1.1900862455368042,0.5222031735506854,0.7239269149901181,2.433097207401022,2.150356191245736,2.104039079796901,0.710722804069519
b5e87b77dfda3dc0,h100-d512-mixprior-b5e87b77dfda3dc0-seed0-from10pct-20260829,candidate,0,1.1855905055999756,0.5220309227274103,0.8031248856806232,2.3436761900645586,2.612770141703229,2.0626422002156364,0.692635178565979
b66b22307886d151,h100-d512-mixprior-b66b22307886d151-seed0-from10pct-20260829,candidate,0,1.1865136623382568,0.5277855178654579,0.8560613020144333,2.4903759406788772,2.3722751806648565,2.0633149483263487,0.6915110349655151
b67964eae7551dd7,h100-d512-mixprior-b67964eae7551dd7-seed0-from10pct-20260829,candidate,0,1.2039248943328857,0.5240529795727299,0.7867208531724378,2.1584884489713145,2.1529014088409326,2.099682761110765,0.6755340695381165
b6c09da7647228fd,h100-d512-mixprior-b6c09da7647228fd-seed0-from10pct-20260829,candidate,0,1.198580265045166,0.6107262176920474,0.8903991417137234,2.555916261061915,2.485497759956033,2.1126250659394263,0.713783323764801
b70b4d81af9d0175,h100-d512-mixprior-b70b4d81af9d0175-seed0-from10pct-20260829,candidate,0,1.1851489543914795,0.5634319636740625,0.8180845300941765,3.0757916256774815,2.2379251735841144,2.0748193467575033,0.6994228363037109
b75429a62e62e0a9,h100-d512-mixprior-b75429a62e62e0a9-seed0-from10pct-20260829,candidate,0,1.1859827041625977,0.5344424899074207,0.8012010618356836,2.298522908329533,2.270104009375048,2.075495732606645,0.6916770339012146
b755da9a2cc03d2b,h100-d512-mixprior-b755da9a2cc03d2b-seed0-from10pct-20260829,candidate,0,1.184801459312439,0.5331127933293518,0.7962541365292412,4.209572602702758,2.1384384989617597,2.073920403607927,0.6919536590576172
b76966f86e9a7249,h100-d512-mixprior-b76966f86e9a7249-seed0-from10pct-20260829,candidate,0,1.1850111484527588,0.5060416602369779,0.8050057376107331,3.1693587937695007,2.8006585887520417,2.09865060225585,0.6799532771110535
b78ea0b23c6589c8,h100-d512-mixprior-b78ea0b23c6589c8-seed0-from10pct-20260829,candidate,0,1.186962366104126,0.5164220196718053,0.808142877078496,5.248237323572267,2.1806228281342874,2.0653370890241094,0.6839502453804016
b81a6ce0ada662d3,h100-d512-mixprior-b81a6ce0ada662d3-seed0-from10pct-20260829,candidate,0,1.1861674785614014,0.5054796325827211,0.7974575451513921,2.5038818824031193,2.1993214810455677,2.08196819764154,0.6787141561508179
b8c634fa591db7ca,h100-d512-mixprior-b8c634fa591db7ca-seed0-from10pct-20260829,candidate,0,1.204474925994873,0.5200037427261993,0.798463933060901,2.151515126722554,2.1701639814677005,2.10529053347193,0.674978494644165
b9467f3748ad573b,h100-d512-mixprior-b9467f3748ad573b-seed0-from10pct-20260829,candidate,0,1.1922334432601929,0.4990722359373787,0.802175851681772,3.656778271528216,2.0779843754861185,2.0579602486714363,0.6843549609184265
b95075f40a26326c,h100-d512-mixprior-b95075f40a26326c-seed0-from10pct-20260829,candidate,0,1.1983760595321655,0.6226117087554126,0.9011253617106167,3.0061091900178836,2.517456357338703,2.0931094799570498,0.740060567855835
ba8dc59240d95785,h100-d512-mixprior-ba8dc59240d95785-seed0-from10pct-20260829,candidate,0,1.188420057296753,0.5396048704286063,0.8374159715627043,3.2927644750849043,2.595162412609097,2.075331387971613,0.6860236525535583
bb15ba3b039c811f,h100-d512-mixprior-bb15ba3b039c811f-seed0-from10pct-20260829,candidate,0,1.1952106952667236,0.5906540268962126,0.8322215797909452,2.19053873460584,2.094879699258459,2.063699597365292,0.70897376537323
bc051d3b5158e13b,h100-d512-mixprior-bc051d3b5158e13b-seed0-from10pct-20260829,candidate,0,1.1861778497695923,0.5352357179655053,0.8176109672293937,2.3883219680870673,2.1758015767759122,2.0933769934839903,0.6913573741912842
bc55739f36618d49,h100-d512-mixprior-bc55739f36618d49-seed0-from10pct-20260829,candidate,0,1.2111220359802246,0.5522448814820076,0.8627506628764378,2.6653030504404907,2.583399889909568,2.0816549684547923,0.7014011740684509
bcb87404d37f1ed4,h100-d512-mixprior-bcb87404d37f1ed4-seed0-from10pct-20260829,candidate,0,1.190359115600586,0.5375166029963765,0.787185928162917,2.3187864153385345,2.202673117631061,2.082806761091941,0.7056583166122437
bdbe23ef1374113c,h100-d512-mixprior-bdbe23ef1374113c-seed0-from10pct-20260829,candidate,0,1.1905186176300049,0.5205436823138582,0.7172159222299468,2.102508010259248,2.086093852306605,2.0511474579489186,0.7075600624084473
be7861749b7148ab,h100-d512-mixprior-be7861749b7148ab-seed0-from10pct-20260829,candidate,0,1.1896377801895142,0.6021069462714502,0.8007527760927383,2.0874031167158194,2.1593418229162036,2.0799808970478897,0.7125468850135803
c0acf8be41a4907b,h100-d512-mixprior-c0acf8be41a4907b-seed0-from10pct-20260829,candidate,0,1.1874759197235107,0.5300781402269379,0.7892887117272873,4.540812966184159,2.247379888051588,2.0783744311229975,0.685222864151001
c0f2c0402e2df7c1,h100-d512-mixprior-c0f2c0402e2df7c1-seed0-from10pct-20260829,candidate,0,1.196399450302124,0.532950091484593,0.8019059512421146,2.2645444220471225,2.3471745614933757,2.078137713694601,0.6942935585975647
c18a69630b160de2,h100-d512-mixprior-c18a69630b160de2-seed0-from10pct-20260829,candidate,0,1.2053642272949219,0.5174008705690976,0.8731538928891827,2.883501978689199,2.409428524192478,2.163131562582629,0.7002012133598328
c1ee385a1f396714,h100-d512-mixprior-c1ee385a1f396714-seed0-from10pct-20260829,candidate,0,1.1893680095672607,0.5190139502137093,0.7133605180536539,2.2105080631964853,2.6715590915744754,2.0634743884146935,0.7056528329849243
c29bb575f3cb12cc,h100-d512-mixprior-c29bb575f3cb12cc-seed0-from10pct-20260829,candidate,0,1.188258409500122,0.558979827608701,0.8076339767136859,3.0365206693870226,2.444275784723513,2.063482403040528,0.6905557513237
c2f7ebd6f58fcbda,h100-d512-mixprior-c2f7ebd6f58fcbda-seed0-from10pct-20260829,candidate,0,1.196495532989502,0.5011670227171117,0.7733174383364233,2.4910613001214266,2.2056409268927926,2.10490634607689,0.6784623861312866
c43a76ee7499fc4d,h100-d512-mixprior-c43a76ee7499fc4d-seed0-from10pct-20260829,candidate,0,1.2058762311935425,0.5249637708240219,0.7869663771504207,5.463850143566127,2.3133076498027534,2.076169545941269,0.6749390959739685
c504e775dff267e8,h100-d512-mixprior-c504e775dff267e8-seed0-from10pct-20260829,candidate,0,1.2037568092346191,0.5213752596855499,0.8315067131903516,2.105477248845307,2.201151713234181,2.0775317829758517,0.6753286123275757
c5291b3eb557db8f,h100-d512-mixprior-c5291b3eb557db8f-seed0-from10pct-20260829,candidate,0,1.1879310607910156,0.528813676249744,0.8188883820549662,2.9403825611534065,2.0879264506845483,2.0571540275677003,0.6910674571990967
c53002dd3d3800ec,h100-d512-mixprior-c53002dd3d3800ec-seed0-from10pct-20260829,candidate,0,1.1856497526168823,0.5381475630626178,0.7642411290212734,2.8316621675294407,2.203231068004093,2.0724735684203446,0.689616858959198
c53832293e4eaf8a,h100-d512-mixprior-c53832293e4eaf8a-seed0-from10pct-20260829,candidate,0,1.1872135400772095,0.5383472017291063,0.8057725090272044,3.259141487952497,2.1876750875821056,2.0716742551780825,0.6902058124542236
c5ab9e73a3491601,h100-d512-mixprior-c5ab9e73a3491601-seed0-from10pct-20260829,candidate,0,1.1869235038757324,0.5482417178026574,0.778880891122678,2.4398599867120327,2.1409277427702276,2.0600683848680417,0.6948481798171997
c63816c9a6efb22d,h100-d512-mixprior-c63816c9a6efb22d-seed0-from10pct-20260829,candidate,0,1.1874579191207886,0.5661084790597872,0.8093532232416845,4.556083925661878,2.164502149440719,2.086379863227286,0.6974306702613831
c65b096589c54574,h100-d512-mixprior-c65b096589c54574-seed0-from10pct-20260829,candidate,0,1.1909149885177612,0.5217658642842875,0.714328596562952,2.13144350817413,2.275663542602021,2.0848744286816614,0.7073587775230408
c6d64aa5711b6f4e,h100-d512-mixprior-c6d64aa5711b6f4e-seed0-from10pct-20260829,candidate,0,1.1865062713623047,0.5132050513825028,0.8025759612656018,2.436164065967412,2.661025862276034,2.0822916944213756,0.6792476773262024
c750928622501c61,h100-d512-mixprior-c750928622501c61-seed0-from10pct-20260829,candidate,0,1.2433054447174072,0.5360850339728319,0.9061351054495419,2.666100529669336,2.456729769276196,2.069083537846566,0.6928887963294983
c792b1ae19e42572,h100-d512-mixprior-c792b1ae19e42572-seed0-from10pct-20260829,candidate,0,1.1848857402801514,0.5497907729279113,0.8041452618001635,2.2878223504432644,2.246022437539688,2.0844998994267327,0.6939396858215332
c7adaa0855a19abc,h100-d512-mixprior-c7adaa0855a19abc-seed0-from10pct-20260829,candidate,0,1.1877564191818237,0.5623097507672158,0.8225428179112364,2.1662798164261363,2.2481475607148296,2.095145732707754,0.6952690482139587
c85e2545e398782b,h100-d512-mixprior-c85e2545e398782b-seed0-from10pct-20260829,candidate,0,1.2149617671966553,0.5623876807073669,0.9002171543887708,2.777993285211295,2.661316384836879,2.116392318728307,0.7213808298110962
c8ae98a4795d8070,h100-d512-mixprior-c8ae98a4795d8070-seed0-from10pct-20260829,candidate,0,1.1888532638549805,0.5600290357386897,0.8119569403663061,2.418484876459093,2.2567519812202144,2.0614528123198257,0.6890670657157898
c9505fdab05b9752,h100-d512-mixprior-c9505fdab05b9752-seed0-from10pct-20260829,candidate,0,1.1919665336608887,0.49514733102492675,0.7452591751608496,2.7088530453937936,2.4145270955370552,2.0565356419628396,0.6824323534965515
cb200d97c6033842,h100-d512-mixprior-cb200d97c6033842-seed0-from10pct-20260829,candidate,0,1.1899659633636475,0.5077859288364441,0.7684691703001271,2.808998439166646,2.168528971409442,2.082809730277164,0.6902095675468445
cb43a2b14dc19d7b,h100-d512-mixprior-cb43a2b14dc19d7b-seed0-from10pct-20260829,candidate,0,1.1878821849822998,0.5186765554157426,0.7333875242771376,2.2617602262555714,2.5928746081834317,2.047608620248761,0.6793723106384277
cb440623845164e0,h100-d512-mixprior-cb440623845164e0-seed0-from10pct-20260829,candidate,0,1.1882392168045044,0.5273594546287226,0.821736000135449,3.2300432732391595,2.371122128672437,2.0644968786682067,0.6808385848999023
cbb5a07c918bb6db,h100-d512-mixprior-cbb5a07c918bb6db-seed0-from10pct-20260829,candidate,0,1.204896330833435,0.5050708406878335,0.7985159082129544,2.5107829150613155,2.171973589523363,2.056783893804861,0.6749799847602844
cc01c58c08cd0e95,h100-d512-mixprior-cc01c58c08cd0e95-seed0-from10pct-20260829,candidate,0,1.1873202323913574,0.49887810003034677,0.7981339006915383,2.4339634331819386,2.4444938982967406,2.0775848432506967,0.6796757578849792
cc31fbdedabfb74d,h100-d512-mixprior-cc31fbdedabfb74d-seed0-from10pct-20260829,candidate,0,1.1885979175567627,0.5351982990168254,0.8067102350061566,3.3562142657593923,2.7942132856930466,2.0661580075381134,0.6912773251533508
ccfce9549b754fe9,h100-d512-mixprior-ccfce9549b754fe9-seed0-from10pct-20260829,candidate,0,1.7896251678466797,1.2680075116795424,2.2882799831173664,3.5698349189752308,7.237050486050503,3.269109172672461,1.4306200742721558
cd1e4960210cd383,h100-d512-mixprior-cd1e4960210cd383-seed0-from10pct-20260829,candidate,0,1.1917399168014526,0.5432642472566516,0.7987994071675687,3.9057148645084676,2.4027856235829983,2.078938574363144,0.6860931515693665
cd55b40ac4d3a00c,h100-d512-mixprior-cd55b40ac4d3a00c-seed0-from10pct-20260829,candidate,0,1.1867256164550781,0.5504363563750068,0.8073945813749842,2.6499749781993995,2.183828571996299,2.0570195552330683,0.6926952600479126
ce01aea8f221620d,h100-d512-mixprior-ce01aea8f221620d-seed0-from10pct-20260829,candidate,0,1.1974740028381348,0.5948646000960358,0.8453222113399963,2.7597887055245787,2.5710070376782945,2.068965457613977,0.7010412812232971
ce43eca4fbe83cc6,h100-d512-mixprior-ce43eca4fbe83cc6-seed0-from10pct-20260829,candidate,0,1.190198540687561,0.5228675061687053,0.8329964530112604,5.018496206154913,2.1987992430504635,2.0956587659088255,0.6856794953346252
ce86ea0b18ba6102,h100-d512-mixprior-ce86ea0b18ba6102-seed0-from10pct-20260829,candidate,0,1.18678879737854,0.5074377589372694,0.8152151872278542,3.4016826508514093,2.19399257120283,2.084193814744898,0.6775734424591064
cf4932c50025f78f,h100-d512-mixprior-cf4932c50025f78f-seed0-from10pct-20260829,candidate,0,1.19926118850708,0.5924764631290889,0.8487314636878034,2.973103002248114,2.2920691520024397,2.1366066708163154,0.700735330581665
cf4d4d80aab84f4e,h100-d512-mixprior-cf4d4d80aab84f4e-seed0-from10pct-20260829,candidate,0,1.1872583627700806,0.5134409344183722,0.8217327448327488,2.3713810115406755,2.18040459505435,2.0694131486182394,0.6786931753158569
cf834382a5928b75,h100-d512-mixprior-cf834382a5928b75-seed0-from10pct-20260829,candidate,0,1.185913324356079,0.5472791000408052,0.801725174401518,3.0448045800902253,2.3710272586736485,2.063864823812347,0.6939278244972229
d028e4309583a786,h100-d512-mixprior-d028e4309583a786-seed0-from10pct-20260829,candidate,0,1.1882312297821045,0.534073642459046,0.7909038931437509,3.6640506991672925,2.1634182785365383,2.08237624103783,0.6915538311004639
d11d9fc0f6865db3,h100-d512-mixprior-d11d9fc0f6865db3-seed0-from10pct-20260829,candidate,0,1.1879936456680298,0.5430642686512154,0.7908614050777618,2.291647849239735,2.2961082710279523,2.0533491205035888,0.6899271607398987
d1b02a57809c41d1,h100-d512-mixprior-d1b02a57809c41d1-seed0-from10pct-20260829,candidate,0,1.1892321109771729,0.5118289493388101,0.7120510359528561,3.2064577655919053,2.2070455720662943,2.092396912119024,0.7057352662086487
d247d16b43f071dc,h100-d512-mixprior-d247d16b43f071dc-seed0-from10pct-20260829,candidate,0,1.2004568576812744,0.5448617364115104,0.8628993517193684,2.664755822788642,2.1925205329502253,2.0852417892407944,0.7135492563247681
d2560cd833f16b67,h100-d512-mixprior-d2560cd833f16b67-seed0-from10pct-20260829,candidate,0,1.191150426864624,0.5253715429716375,0.7277017062479242,2.145628543390148,2.252174855312048,2.061683843431903,0.7111476063728333
d2e05e718308cb4a,h100-d512-mixprior-d2e05e718308cb4a-seed0-from10pct-20260829,candidate,0,1.2038832902908325,0.5190410578679363,0.8138833684674176,3.55152074020317,2.1946140895484825,2.0720234406430533,0.674239993095398
d2e720778d1e30c4,h100-d512-mixprior-d2e720778d1e30c4-seed0-from10pct-20260829,candidate,0,1.1873478889465332,0.5462858666263978,0.7941137557633485,2.4711627643454115,2.284498301860354,2.0666622212534587,0.6965022087097168
d327cbd5e7737f19,h100-d512-mixprior-d327cbd5e7737f19-seed0-from10pct-20260829,candidate,0,1.1961572170257568,0.542278921067132,0.823544906968971,2.3439443481698303,2.360585653543833,2.0821450547081928,0.6986323595046997
d3313d35561e0104,h100-d512-mixprior-d3313d35561e0104-seed0-from10pct-20260829,candidate,0,1.206225037574768,0.5779975104712075,0.7681571746249406,2.194470206869112,2.5060887149588056,2.077584035640484,0.7306578755378723
d33fb4b5d3c5d890,h100-d512-mixprior-d33fb4b5d3c5d890-seed0-from10pct-20260829,candidate,0,1.1888446807861328,0.5594107786506743,0.8144360005782799,2.7470466877684108,2.3446502816977595,2.0572159623174047,0.6940338611602783
d4083ca4e2b35f65,h100-d512-mixprior-d4083ca4e2b35f65-seed0-from10pct-20260829,candidate,0,1.1861481666564941,0.509702694564153,0.7931186350207456,2.3060993042257842,2.2258619413958765,2.070563078078241,0.6815783381462097
d44625acc6e4054c,h100-d512-mixprior-d44625acc6e4054c-seed0-from10pct-20260829,candidate,0,1.1904990673065186,0.5157145290027684,0.7121938494434534,2.376727603597287,2.3556948865697303,2.108192763161838,0.7102514505386353
d4bad85275e7122f,h100-d512-mixprior-d4bad85275e7122f-seed0-from10pct-20260829,candidate,0,1.1839994192123413,0.5374256764276911,0.7813182546263987,2.29795084870662,2.1138703431147428,2.0669450408825676,0.6951596140861511
d4e205c4928423fb,h100-d512-mixprior-d4e205c4928423fb-seed0-from10pct-20260829,candidate,0,1.1887798309326172,0.5648713036020317,0.82778291451528,2.212165117928948,2.334330146242194,2.091252335352319,0.7063494920730591
d5a2a05ce6e73c52,h100-d512-mixprior-d5a2a05ce6e73c52-seed0-from10pct-20260829,candidate,0,1.1904869079589844,0.4991520932835713,0.798055991656371,2.522871543166394,2.3692260838775097,2.093599567405866,0.6775217652320862
d5fd60e236dc9576,h100-d512-mixprior-d5fd60e236dc9576-seed0-from10pct-20260829,candidate,0,1.1835310459136963,0.5601353453999222,0.7878053985889732,2.478303598101416,2.195990511917789,2.063283100714845,0.6958571076393127
d672e3933a6613a2,h100-d512-mixprior-d672e3933a6613a2-seed0-from10pct-20260829,candidate,0,1.19174063205719,0.5271272220121319,0.7193496375835994,2.231163426258211,2.1398172473167953,2.062904721503931,0.7116061449050903
d67d011163100e97,h100-d512-mixprior-d67d011163100e97-seed0-from10pct-20260829,candidate,0,1.1950087547302246,0.5191365569850399,0.7962510953889456,2.854138418320579,2.3817828485215258,2.0652713488049255,0.6890325546264648
d7e7df52a91f7859,h100-d512-mixprior-d7e7df52a91f7859-seed0-from10pct-20260829,candidate,0,1.194580316543579,0.616292102711394,0.7863752330771072,2.114751039267971,2.1950454815354123,2.107078989876677,0.7300676703453064
d964ba6acc589feb,h100-d512-mixprior-d964ba6acc589feb-seed0-from10pct-20260829,candidate,0,1.2245213985443115,0.681068953576884,0.9545559470032586,2.2688441709404934,2.7417174118531515,2.095860475424731,0.7650793790817261
d9feb7e36aa5485a,h100-d512-mixprior-d9feb7e36aa5485a-seed0-from10pct-20260829,candidate,0,1.2377097606658936,0.5355233448177232,0.875337982956494,2.195625325405203,2.2892229176587877,2.077894381958839,0.6893142461776733
da3869e92cfed3e2,h100-d512-mixprior-da3869e92cfed3e2-seed0-from10pct-20260829,candidate,0,1.1929306983947754,0.5403929297330701,0.755505096725558,2.141832633445443,2.2179549134538905,2.061888506444695,0.7244470715522766
da42fb0cfcfbdba9,h100-d512-mixprior-da42fb0cfcfbdba9-seed0-from10pct-20260829,candidate,0,1.1895146369934082,0.548682831958058,0.79821289868481,2.536481736842175,2.298843474301127,2.094739483188193,0.6839075088500977
da4e765d63fe2fdc,h100-d512-mixprior-da4e765d63fe2fdc-seed0-from10pct-20260829,candidate,0,1.1927590370178223,0.634659223266447,0.8735565134065223,3.237156923806466,2.580589667023796,2.0558457646677395,0.7438505291938782
db6b914b3853f093,h100-d512-mixprior-db6b914b3853f093-seed0-from10pct-20260829,candidate,0,1.2923007011413574,0.6249836728318928,1.0126464500816987,2.1078208555504654,2.3593725807766996,2.115379151135769,0.7837376594543457
dc4496213bc705f9,h100-d512-mixprior-dc4496213bc705f9-seed0-from10pct-20260829,candidate,0,1.1852924823760986,0.5247773967637823,0.8102958523090459,2.995443845613153,2.1671757028202476,2.103626824960282,0.6867673993110657
dc9b4233818a4473,h100-d512-mixprior-dc9b4233818a4473-seed0-from10pct-20260829,candidate,0,1.1905293464660645,0.5169186988112208,0.7297496832882405,2.241681951890744,2.3150388236099073,2.105222427207847,0.7115309238433838
dcaf76ed5a36a4b0,h100-d512-mixprior-dcaf76ed5a36a4b0-seed0-from10pct-20260829,candidate,0,1.1871414184570312,0.5283889923396656,0.8113772199138857,2.122283969217447,2.356032187984307,2.057151589930035,0.6900104284286499
dd7d0d63baae9fed,h100-d512-mixprior-dd7d0d63baae9fed-seed0-from10pct-20260829,candidate,0,1.228040337562561,0.5283567229738875,0.8941199614673747,2.300756683847072,2.1852068142605376,2.0951041911185557,0.704795241355896
dd99167fb9dfc0fb,h100-d512-mixprior-dd99167fb9dfc0fb-seed0-from10pct-20260829,candidate,0,1.1942888498306274,0.5235289740599788,0.7281786015341025,2.183047389466904,2.163831018665263,2.0988482308207628,0.7117509245872498
dde7e6c9b887a890,h100-d512-mixprior-dde7e6c9b887a890-seed0-from10pct-20260829,candidate,0,1.1858892440795898,0.545502921315592,0.8020795933388195,2.9715691162077755,2.470364312519462,2.053493156639766,0.6908124685287476
debceebb7bdc3d0b,h100-d512-mixprior-debceebb7bdc3d0b-seed0-from10pct-20260829,candidate,0,1.1873153448104858,0.5170574397944374,0.817812586860009,2.526249969819543,2.547892628853127,2.098838299885232,0.6943687796592712
df03e6bade638df2,h100-d512-mixprior-df03e6bade638df2-seed0-from10pct-20260829,candidate,0,1.1881208419799805,0.5392065379564298,0.8023731173396621,2.21446429596277,2.301645199900994,2.1093127433949723,0.6846972703933716
df861bf630231bd2,h100-d512-mixprior-df861bf630231bd2-seed0-from10pct-20260829,candidate,0,1.1963627338409424,0.48512468585016116,0.7753421124143289,2.3209525769847064,2.16398163080501,2.042717557673401,0.7026103138923645
df90e8b7f0951a11,h100-d512-mixprior-df90e8b7f0951a11-seed0-from10pct-20260829,candidate,0,1.1861258745193481,0.4956779644023037,0.8317195307805704,2.4500809619246517,2.3743766476635297,2.056563120752089,0.6803129315376282
e0c31883510064b2,h100-d512-mixprior-e0c31883510064b2-seed0-from10pct-20260829,candidate,0,1.1918232440948486,0.5233299149908442,0.7718886364724705,2.3131853165190974,2.2806856881794317,2.0844381363267996,0.6815136671066284
e12d0ce1af2c60da,h100-d512-mixprior-e12d0ce1af2c60da-seed0-from10pct-20260829,candidate,0,1.188554286956787,0.5329973709551075,0.7579872472108113,2.417670061162887,2.22163252800476,2.0695236899356746,0.684769332408905
e1eb3ba6a4f89d69,h100-d512-mixprior-e1eb3ba6a4f89d69-seed0-from10pct-20260829,candidate,0,1.1874468326568604,0.5266930623438864,0.7914749123888557,2.885428118517481,2.2545458573111414,2.064379481648976,0.6817333698272705
e2041aa4f4df4ca1,h100-d512-mixprior-e2041aa4f4df4ca1-seed0-from10pct-20260829,candidate,0,1.2108232975006104,0.5122545668844583,0.866090817570394,3.139686610939205,2.3767604296190945,2.1149263220292736,0.6814865469932556
e22b9471932a44ff,h100-d512-mixprior-e22b9471932a44ff-seed0-from10pct-20260829,candidate,0,1.1954567432403564,0.5872974603174662,0.8528089640800377,2.531799109208072,2.155143193856932,2.0834309276176652,0.7133491039276123
e24a4e73a2c92c3b,h100-d512-mixprior-e24a4e73a2c92c3b-seed0-from10pct-20260829,candidate,0,1.191365361213684,0.5369327457142102,0.7102857611596327,2.142945064651415,2.1073446443610284,2.0799131366219816,0.7044379711151123
e39cb6b882e121cd,h100-d512-mixprior-e39cb6b882e121cd-seed0-from10pct-20260829,candidate,0,1.1833481788635254,0.5735868930093432,0.7852256219011912,2.1505416920841425,2.931291414910792,2.0696680171955824,0.7050132751464844
e3c16fbeef6e8681,h100-d512-mixprior-e3c16fbeef6e8681-seed0-from10pct-20260829,candidate,0,1.1850261688232422,0.549228581708567,0.8121527089482228,2.6256859477894614,2.2990468085611773,2.0542513901884147,0.69533771276474
e3f194f5882e2619,h100-d512-mixprior-e3f194f5882e2619-seed0-from10pct-20260829,candidate,0,1.1934796571731567,0.5754558369521916,0.7547873417678216,2.124733865388946,2.153812082663179,2.073143619820938,0.7214763164520264
e45191f5acf9bcb9,h100-d512-mixprior-e45191f5acf9bcb9-seed0-from10pct-20260829,candidate,0,1.1857001781463623,0.5730305583242126,0.8036856798798618,2.2132587610097985,2.190812946553021,2.0561522376905885,0.7032395601272583
e46a0b19826295d7,h100-d512-mixprior-e46a0b19826295d7-seed0-from10pct-20260829,candidate,0,1.1970912218093872,0.5287952692120698,0.8497622593293394,3.348384155058133,2.5312788059121503,2.065698750339942,0.6786831021308899
e4903bf744cfaf0f,h100-d512-mixprior-e4903bf744cfaf0f-seed0-from10pct-20260829,candidate,0,1.1954292058944702,0.5163808138956747,0.7203729288115747,2.600627639117304,2.8033167436118447,2.067028569675694,0.7102106213569641
e4b373f9f3e38f83,h100-d512-mixprior-e4b373f9f3e38f83-seed0-from10pct-20260829,candidate,0,1.1907811164855957,0.5149958121763683,0.7207501178009863,3.2643279789546353,2.547075147641471,2.1113485333094,0.7107169032096863
e4edeb1593bf4231,h100-d512-mixprior-e4edeb1593bf4231-seed0-from10pct-20260829,candidate,0,1.1851445436477661,0.5578260140830013,0.8062725681194811,2.4002492385700207,2.080045147456291,2.0760945824648767,0.694595456123352
e5b3621f241d9d71,h100-d512-mixprior-e5b3621f241d9d71-seed0-from10pct-20260829,candidate,0,1.187124252319336,0.5203163779590746,0.8272125270474263,2.216029983594739,2.1991997657864606,2.054274533941727,0.6784771680831909
e67649e32bf5ebe5,h100-d512-mixprior-e67649e32bf5ebe5-seed0-from10pct-20260829,candidate,0,1.1958107948303223,0.6162706864145044,0.8776724673419739,2.0744200877011183,2.4123239372140084,2.12052524272645,0.7183954119682312
e6b706b35fcbb79c,h100-d512-mixprior-e6b706b35fcbb79c-seed0-from10pct-20260829,candidate,0,1.190089225769043,0.524755587918446,0.7158253754037823,2.3861847193859798,2.169392588750715,2.0939237959899826,0.7034104466438293
e6d0e879647f8f4f,h100-d512-mixprior-e6d0e879647f8f4f-seed0-from10pct-20260829,candidate,0,1.4566624164581299,0.6609140396267851,1.0446285065715692,3.301939363189191,3.74100731621413,2.314253316513356,0.8159477114677429
e7810a258aacd4e5,h100-d512-mixprior-e7810a258aacd4e5-seed0-from10pct-20260829,candidate,0,1.2050564289093018,0.5407748870168249,0.8343273158248627,2.3159617688357064,2.157781388341272,2.090079855791372,0.7062597870826721
e8267274ad55d445,h100-d512-mixprior-e8267274ad55d445-seed0-from10pct-20260829,candidate,0,1.1905949115753174,0.524488003812243,0.8123818758609056,2.89807220073284,3.0336986602883176,2.088178609153082,0.6818727850914001
e8b41e5d09781037,h100-d512-mixprior-e8b41e5d09781037-seed0-from10pct-20260829,candidate,0,1.1860257387161255,0.5470960371671361,0.7819418174319255,2.6577837951889265,2.121392480789944,2.06896449274849,0.692145049571991
e8e11e24b0382924,h100-d512-mixprior-e8e11e24b0382924-seed0-from10pct-20260829,candidate,0,1.1867038011550903,0.5047276177333951,0.7928586957046801,4.804624417738728,2.279830804154325,2.0787462773153833,0.6789666414260864
e8e495f8d0550d72,h100-d512-mixprior-e8e495f8d0550d72-seed0-from10pct-20260829,candidate,0,1.1923527717590332,0.5329125151839906,0.7482116908361556,2.4137223243125336,2.2672581189383085,2.0532028453655773,0.6767486333847046
ea4bfe2afc061f24,h100-d512-mixprior-ea4bfe2afc061f24-seed0-from10pct-20260829,candidate,0,1.1880615949630737,0.5481094585282656,0.773336351904207,2.5204517881365875,2.3184705418147646,2.1040999684406434,0.6914459466934204
ea6a0d2f2aaea13c,h100-d512-mixprior-ea6a0d2f2aaea13c-seed0-from10pct-20260829,candidate,0,1.2003555297851562,0.5454912984735452,0.9178402331863345,2.351908263737713,2.291359296726861,2.071519869363333,0.7174712419509888
ea9f4ee8552e5169,h100-d512-mixprior-ea9f4ee8552e5169-seed0-from10pct-20260829,candidate,0,1.1857173442840576,0.5353198994951696,0.8197724086442013,2.6101086965662375,2.33003786713033,2.058363054386848,0.6907685995101929
eaa80514ede0d82a,h100-d512-mixprior-eaa80514ede0d82a-seed0-from10pct-20260829,candidate,0,1.1942095756530762,0.5282844955943925,0.7672655342260898,2.488961927660763,2.2291394931316364,2.0898250170453267,0.7047802209854126
eba9ad8f4ce1a5c4,h100-d512-mixprior-eba9ad8f4ce1a5c4-seed0-from10pct-20260829,candidate,0,1.1901501417160034,0.5154185083061283,0.7280430378118959,2.2636453901702542,2.1434725119047373,2.124940714893638,0.7149187326431274
ebd4e1bd2387c375,h100-d512-mixprior-ebd4e1bd2387c375-seed0-from10pct-20260829,candidate,0,1.1861522197723389,0.502903400070547,0.7892663670906257,2.397759482345648,2.2817559198561663,2.0920586545515865,0.6791203022003174
ebd6f40d955c87e1,h100-d512-mixprior-ebd6f40d955c87e1-seed0-from10pct-20260829,candidate,0,1.1931333541870117,0.5219807437165737,0.707932244684317,2.1551188087672477,2.2205778598714745,2.0665020928652447,0.7119161486625671
ec7fe25116523c36,h100-d512-mixprior-ec7fe25116523c36-seed0-from10pct-20260829,candidate,0,1.1928740739822388,0.5341202223950966,0.8683265476772023,2.0798480473437735,2.401726450719816,2.088038561459326,0.6799131035804749
ed2e80d65d0d6d08,h100-d512-mixprior-ed2e80d65d0d6d08-seed0-from10pct-20260829,candidate,0,1.1838631629943848,0.5819384927969151,0.791040202577034,2.4363941068133705,2.128923819101701,2.060286336006945,0.6955368518829346
edf7072459e0c55f,h100-d512-mixprior-edf7072459e0c55f-seed0-from10pct-20260829,candidate,0,1.184938669204712,0.5266301862866003,0.8334623498050242,2.4870683356167076,2.4094614712751627,2.0836914937449924,0.6947545409202576
ee3799698c71ea8f,h100-d512-mixprior-ee3799698c71ea8f-seed0-from10pct-20260829,candidate,0,1.1860092878341675,0.4981026783807093,0.8281953007690454,3.1198724548774317,2.1438665362338063,2.0693099556360655,0.6802891492843628
eea94f18a11cbafc,h100-d512-mixprior-eea94f18a11cbafc-seed0-from10pct-20260829,candidate,0,1.1865836381912231,0.5030917673686957,0.7803509901527271,4.390670149784512,2.3310068770165606,2.069993498375146,0.6789816617965698
efcd10df0877e5b9,h100-d512-mixprior-efcd10df0877e5b9-seed0-from10pct-20260829,candidate,0,1.184360384941101,0.5381804198858036,0.7913428479208079,2.2114017178797325,2.4266898744950183,2.0988691481930934,0.6897473335266113
efe3413f960a1478,h100-d512-mixprior-efe3413f960a1478-seed0-from10pct-20260829,candidate,0,1.1869715452194214,0.5542139310294818,0.7949731389457165,2.510989852881989,2.291779679897294,2.0511665345820003,0.6906349658966064
f0d6463d4cebcf13,h100-d512-mixprior-f0d6463d4cebcf13-seed0-from10pct-20260829,candidate,0,1.2046756744384766,0.5128362145918174,0.8068661038638839,2.298036566656639,2.3791621483194483,2.090681389320083,0.6747143864631653
f166afb48f0a74b3,h100-d512-mixprior-f166afb48f0a74b3-seed0-from10pct-20260829,candidate,0,1.1851983070373535,0.5327858356963308,0.8022159902060848,2.192255709958258,2.360422994263566,2.089153020473586,0.6891406774520874
f1c1ed44640b7b92,h100-d512-mixprior-f1c1ed44640b7b92-seed0-from10pct-20260829,candidate,0,1.268191933631897,0.5537734814862045,0.8519620456663732,2.243944166995773,3.0054865323058757,2.1590925771678133,0.7474488615989685
f297c5b7db952caa,h100-d512-mixprior-f297c5b7db952caa-seed0-from10pct-20260829,candidate,0,1.1874430179595947,0.5218533667759883,0.7998788364316198,3.8881689289278545,2.791883798501114,2.0849313569981813,0.6831367015838623
f3cd248ecb1913f3,h100-d512-mixprior-f3cd248ecb1913f3-seed0-from10pct-20260829,candidate,0,1.1930943727493286,0.5227187509476413,0.7272702522127449,2.1070036275659825,2.277758687730773,2.0628085036615804,0.706797182559967
f46eb02e668e78a3,h100-d512-mixprior-f46eb02e668e78a3-seed0-from10pct-20260829,candidate,0,1.1872471570968628,0.5293276172048346,0.8294207521262207,2.3119235069648743,2.14660348094279,2.0790063688773683,0.6814164519309998
f4ae860fc310b301,h100-d512-mixprior-f4ae860fc310b301-seed0-from10pct-20260829,candidate,0,1.1897783279418945,0.5169535105154847,0.7326150915226174,2.215694988208258,2.3341805126412662,2.062724418840686,0.7134525179862976
f517bcac6d890d34,h100-d512-mixprior-f517bcac6d890d34-seed0-from10pct-20260829,candidate,0,1.1989142894744873,0.5160556624262029,0.7882554856733325,2.4235321107918604,2.1832541575648565,2.082658605961973,0.6844412088394165
f52ef26a56fb325f,h100-d512-mixprior-f52ef26a56fb325f-seed0-from10pct-20260829,candidate,0,1.2066798210144043,0.4912263976896933,0.7420733125857826,2.119325572563606,2.3445486457581683,2.073849209314583,0.7023168802261353
f574d556903353ac,h100-d512-mixprior-f574d556903353ac-seed0-from10pct-20260829,candidate,0,1.1853735446929932,0.5115759858561851,0.7730018776629658,2.480024574718692,2.380133071316269,2.0614505291571397,0.6790198683738708
f5931b21e4213e2c,h100-d512-mixprior-f5931b21e4213e2c-seed0-from10pct-20260829,candidate,0,1.4346612691879272,0.6685121647793262,1.357579124257479,6.399333475788134,4.841189991527666,2.421244386926751,0.8071855902671814
f59b4b36dacfd93d,h100-d512-mixprior-f59b4b36dacfd93d-seed0-from10pct-20260829,candidate,0,1.1867098808288574,0.5360138895419968,0.8579825448055053,2.3279865662486667,2.250854220913894,2.0609154420060847,0.6956580281257629
f5a6541da0d6ca4a,h100-d512-mixprior-f5a6541da0d6ca4a-seed0-from10pct-20260829,candidate,0,1.1861262321472168,0.5179592256556101,0.8127795893418804,3.5636949388638715,2.123849864382382,2.061942877488446,0.6790845394134521
f5f1a3bd273d6f40,h100-d512-mixprior-f5f1a3bd273d6f40-seed0-from10pct-20260829,candidate,0,1.1916828155517578,0.5219020653626045,0.751224775054309,2.2032427665552583,2.113435473755391,2.0780729560754367,0.6877422332763672
f6fe3fcdcc2c4662,h100-d512-mixprior-f6fe3fcdcc2c4662-seed0-from10pct-20260829,candidate,0,1.1874910593032837,0.5459624802236296,0.8084540072538347,3.601080786360557,2.1862975661958863,2.083932966609978,0.6913495659828186
f74bee0193e92cdc,h100-d512-mixprior-f74bee0193e92cdc-seed0-from10pct-20260829,candidate,0,1.2137329578399658,0.5938490789414236,0.8110289159378175,2.1875767867061575,2.4096054735112054,2.0739440473017585,0.7257221341133118
fac35357f8815bab,h100-d512-mixprior-fac35357f8815bab-seed0-from10pct-20260829,candidate,0,1.1901781558990479,0.5792957314115552,0.8804451483510102,2.258745417603497,2.7738810140737677,2.074935140012289,0.725730299949646
fbb520da8e55242a,h100-d512-mixprior-fbb520da8e55242a-seed0-from10pct-20260829,candidate,0,1.186112880706787,0.5441775621610413,0.8060474448156701,3.6500162613430764,2.2365738041876573,2.0679028153189076,0.6941476464271545
fbf572f839d16bf8,h100-d512-mixprior-fbf572f839d16bf8-seed0-from10pct-20260829,candidate,0,1.2200963497161865,0.585893786825281,0.8748288001542653,2.40258827159044,2.378846630917483,2.1007167668898763,0.7123249173164368
fc208d30db3fac23,h100-d512-mixprior-fc208d30db3fac23-seed0-from10pct-20260829,candidate,0,1.184718132019043,0.5646473702677164,0.855334200068269,2.804024588432708,2.351228986104287,2.116052829169929,0.6941728591918945
fc227dd366b4aecf,h100-d512-mixprior-fc227dd366b4aecf-seed0-from10pct-20260829,candidate,0,1.2364833354949951,0.5198821058893296,0.8917075543673593,4.498497626913134,2.4441060921888518,2.163143043616446,0.7458162307739258
fc29f9971a0e63e7,h100-d512-mixprior-fc29f9971a0e63e7-seed0-from10pct-20260829,candidate,0,1.1923108100891113,0.5167333909479713,0.7341705043852185,2.1706225533828265,2.1543215851412785,2.0592183768334458,0.6907740235328674
fc8d4543b12c9b30,h100-d512-mixprior-fc8d4543b12c9b30-seed0-from10pct-20260829,candidate,0,1.1957108974456787,0.5361984047902093,0.7554265829522476,3.9312706552222303,2.1709954862190215,2.102464745109033,0.6890432238578796
fcc1684c46a09c74,h100-d512-mixprior-fcc1684c46a09c74-seed0-from10pct-20260829,candidate,0,1.1904420852661133,0.5611518592950457,0.8284987011092949,3.394426217058465,2.4165907140058835,2.1014597874004743,0.6955083012580872
fd01b8ff1c477518,h100-d512-mixprior-fd01b8ff1c477518-seed0-from10pct-20260829,candidate,0,1.1877367496490479,0.5383901655453249,0.8096068358281961,3.104617731007781,2.1372251920089287,2.0855652694998668,0.6955329179763794
fd1e0006e6c035c4,h100-d512-mixprior-fd1e0006e6c035c4-seed0-from10pct-20260829,candidate,0,1.1912695169448853,0.5501636632086342,0.7248557913722733,2.103421456660028,2.1300683757191354,2.0635650475553975,0.7178893685340881
fd3b8a5fab2b223a,h100-d512-mixprior-fd3b8a5fab2b223a-seed0-from10pct-20260829,candidate,0,1.2022209167480469,0.5595617432261688,0.8328629785371664,2.1930778576192727,2.1926397940859093,2.123629460116691,0.7032747864723206
feaa8bc74ca55f38,h100-d512-mixprior-feaa8bc74ca55f38-seed0-from10pct-20260829,candidate,0,1.18536376953125,0.5416969987773693,0.8121259246522036,2.5059820441533764,2.606842604270311,2.0615679336246635,0.6956869959831238
