variant,cell,key0,key1
"partitionable=True,seed=0,data_seed=None",c00q0,3254170493,2583240948
"partitionable=True,seed=0,data_seed=None",c00q1,3972956925,984894047
"partitionable=True,seed=0,data_seed=None",c00q2,2974936723,3467811286
"partitionable=True,seed=0,data_seed=None",c00q3,2498381527,719165373
"partitionable=True,seed=0,data_seed=None",c00q4,2242970290,3692665538
"partitionable=True,seed=0,data_seed=None",c01q0,3506891307,2498498746
"partitionable=True,seed=0,data_seed=None",c01q1,2738312440,2286997476
"partitionable=True,seed=0,data_seed=None",c01q2,4029841405,1936540215
"partitionable=True,seed=0,data_seed=None",c01q3,2606537120,153132311
"partitionable=True,seed=0,data_seed=None",c01q4,2417458923,3561283464
"partitionable=True,seed=0,data_seed=None",c02q0,4251470937,3714095077
"partitionable=True,seed=0,data_seed=None",c02q1,1984071588,2836268771
"partitionable=True,seed=0,data_seed=None",c02q2,2310580546,1724861454
"partitionable=True,seed=0,data_seed=None",c02q3,21905613,1359250696
"partitionable=True,seed=0,data_seed=None",c02q4,2553218808,2200543317
"partitionable=True,seed=0,data_seed=None",c03q0,1335328990,2007931639
"partitionable=True,seed=0,data_seed=None",c03q1,3084846302,219443902
"partitionable=True,seed=0,data_seed=None",c03q2,1252596388,4157488252
"partitionable=True,seed=0,data_seed=None",c03q3,3122357043,3654502346
"partitionable=True,seed=0,data_seed=None",c03q4,336251108,1009150504
"partitionable=True,seed=0,data_seed=None",c04q0,3983560737,1466141142
"partitionable=True,seed=0,data_seed=None",c04q1,1731660873,642343832
"partitionable=True,seed=0,data_seed=None",c04q2,239762202,2115639792
"partitionable=True,seed=0,data_seed=None",c04q3,3958603971,230953388
"partitionable=True,seed=0,data_seed=None",c04q4,2698706784,1297456072
"partitionable=True,seed=0,data_seed=None",c05q0,3244735499,1664222582
"partitionable=True,seed=0,data_seed=None",c05q1,574803882,2341630148
"partitionable=True,seed=0,data_seed=None",c05q2,3094482093,1670272902
"partitionable=True,seed=0,data_seed=None",c05q3,1875943744,1124562360
"partitionable=True,seed=0,data_seed=None",c05q4,268502974,3966237683
"partitionable=True,seed=0,data_seed=None",c06q0,3593352034,1239656440
"partitionable=True,seed=0,data_seed=None",c06q1,1197824050,1828626076
"partitionable=True,seed=0,data_seed=None",c06q2,2829904967,1714815794
"partitionable=True,seed=0,data_seed=None",c06q3,2090151027,2718463785
"partitionable=True,seed=0,data_seed=None",c06q4,2162142448,3321462779
"partitionable=True,seed=0,data_seed=None",c07q0,1119768451,2629262287
"partitionable=True,seed=0,data_seed=None",c07q1,887469336,1495577900
"partitionable=True,seed=0,data_seed=None",c07q2,378529177,1931280893
"partitionable=True,seed=0,data_seed=None",c07q3,2273246875,1647529409
"partitionable=True,seed=0,data_seed=None",c07q4,1288507529,2508993894
"partitionable=True,seed=0,data_seed=None",c08q0,3375964806,157172169
"partitionable=True,seed=0,data_seed=None",c08q1,3804886996,2719333214
"partitionable=True,seed=0,data_seed=None",c08q2,1342857798,3185231220
"partitionable=True,seed=0,data_seed=None",c08q3,1926296641,80431269
"partitionable=True,seed=0,data_seed=None",c08q4,3695490161,3809056536
"partitionable=True,seed=0,data_seed=None",c09q0,1405166126,1693168622
"partitionable=True,seed=0,data_seed=None",c09q1,3631083407,1333180867
"partitionable=True,seed=0,data_seed=None",c09q2,2156287516,1742022023
"partitionable=True,seed=0,data_seed=None",c09q3,3566289033,4034971873
"partitionable=True,seed=0,data_seed=None",c09q4,1177544507,585574434
"partitionable=True,seed=0,data_seed=None",c10q0,1693599511,3174445768
"partitionable=True,seed=0,data_seed=None",c10q1,1466444113,1569261051
"partitionable=True,seed=0,data_seed=None",c10q2,2899023521,231125316
"partitionable=True,seed=0,data_seed=None",c10q3,2481517126,3344114890
"partitionable=True,seed=0,data_seed=None",c10q4,3628378503,1918977579
"partitionable=True,seed=0,data_seed=None",c11q0,4212085519,2256188449
"partitionable=True,seed=0,data_seed=None",c11q1,1202691259,3254784462
"partitionable=True,seed=0,data_seed=None",c11q2,889519776,1705788124
"partitionable=True,seed=0,data_seed=None",c11q3,248330824,3871892699
"partitionable=True,seed=0,data_seed=None",c11q4,4291060841,3281997045
"partitionable=True,seed=0,data_seed=None",c12q0,1927805318,2559538994
"partitionable=True,seed=0,data_seed=None",c12q1,3817038131,3247345872
"partitionable=True,seed=0,data_seed=None",c12q2,3265668453,4110790265
"partitionable=True,seed=0,data_seed=None",c12q3,101193612,1074810584
"partitionable=True,seed=0,data_seed=None",c12q4,1174523220,1252283646
"partitionable=True,seed=0,data_seed=None",c13q0,4139780882,974587103
"partitionable=True,seed=0,data_seed=None",c13q1,4062126286,4031529547
"partitionable=True,seed=0,data_seed=None",c13q2,1169218203,643137252
"partitionable=True,seed=0,data_seed=None",c13q3,3760749153,930855924
"partitionable=True,seed=0,data_seed=None",c13q4,435964352,447984300
"partitionable=True,seed=0,data_seed=None",c14q0,352417978,1477390277
"partitionable=True,seed=0,data_seed=None",c14q1,673288449,2297372020
"partitionable=True,seed=0,data_seed=None",c14q2,2964819594,2943098778
"partitionable=True,seed=0,data_seed=None",c14q3,3928942128,2772303048
"partitionable=True,seed=0,data_seed=None",c14q4,3951029459,1009071157
"partitionable=True,seed=0,data_seed=None",c15q0,2356126263,2497717976
"partitionable=True,seed=0,data_seed=None",c15q1,372552129,2857069197
"partitionable=True,seed=0,data_seed=None",c15q2,3626041632,1710939108
"partitionable=True,seed=0,data_seed=None",c15q3,4013559077,601532138
"partitionable=True,seed=0,data_seed=None",c15q4,1044974185,3609278124
"partitionable=True,seed=0,data_seed=None",c16q0,3225605138,355001033
"partitionable=True,seed=0,data_seed=None",c16q1,2407332891,1131689979
"partitionable=True,seed=0,data_seed=None",c16q2,3117918272,1257297952
"partitionable=True,seed=0,data_seed=None",c16q3,2616791609,3300175236
"partitionable=True,seed=0,data_seed=None",c16q4,3596069761,3578810651
"partitionable=True,seed=0,data_seed=None",c17q0,1531303164,2847510930
"partitionable=True,seed=0,data_seed=None",c17q1,4099225042,548099005
"partitionable=True,seed=0,data_seed=None",c17q2,856867253,4015340582
"partitionable=True,seed=0,data_seed=None",c17q3,261730563,3122849965
"partitionable=True,seed=0,data_seed=None",c17q4,3960874206,4096976580
"partitionable=True,seed=0,data_seed=None",c18q0,3895303663,151831656
"partitionable=True,seed=0,data_seed=None",c18q1,3376979255,1759600206
"partitionable=True,seed=0,data_seed=None",c18q2,3432601322,2846489886
"partitionable=True,seed=0,data_seed=None",c18q3,3546463418,3805716034
"partitionable=True,seed=0,data_seed=None",c18q4,25392978,408807174
"partitionable=True,seed=0,data_seed=None",c19q0,130358918,1789144268
"partitionable=True,seed=0,data_seed=None",c19q1,273346052,2284754378
"partitionable=True,seed=0,data_seed=None",c19q2,1120994492,1667778736
"partitionable=True,seed=0,data_seed=None",c19q3,104956389,3060368952
"partitionable=True,seed=0,data_seed=None",c19q4,2318291953,282464338
"partitionable=True,seed=0,data_seed=None",c20q0,894245172,1709418797
"partitionable=True,seed=0,data_seed=None",c20q1,155593394,515998210
"partitionable=True,seed=0,data_seed=None",c20q2,1579763771,233756965
"partitionable=True,seed=0,data_seed=None",c20q3,3872778127,519662855
"partitionable=True,seed=0,data_seed=None",c20q4,2028943510,627319475
"partitionable=True,seed=0,data_seed=None",c21q0,615377502,2699098329
"partitionable=True,seed=0,data_seed=None",c21q1,1613954339,2411531097
"partitionable=True,seed=0,data_seed=None",c21q2,506444757,4013334903
"partitionable=True,seed=0,data_seed=None",c21q3,4195952098,999015726
"partitionable=True,seed=0,data_seed=None",c21q4,1903369638,2732934710
"partitionable=True,seed=0,data_seed=None",c22q0,323800877,966273295
"partitionable=True,seed=0,data_seed=None",c22q1,1566459725,2912080387
"partitionable=True,seed=0,data_seed=None",c22q2,156698630,2861451470
"partitionable=True,seed=0,data_seed=None",c22q3,546537436,3964200210
"partitionable=True,seed=0,data_seed=None",c22q4,385130509,2637893472
"partitionable=True,seed=0,data_seed=None",c23q0,4118352615,4257055827
"partitionable=True,seed=0,data_seed=None",c23q1,2943742053,122628927
"partitionable=True,seed=0,data_seed=None",c23q2,136084909,382979117
"partitionable=True,seed=0,data_seed=None",c23q3,2659505493,2244663126
"partitionable=True,seed=0,data_seed=None",c23q4,2393837328,2485639407
"partitionable=True,seed=0,data_seed=None",c24q0,1834315636,4215714049
"partitionable=True,seed=0,data_seed=None",c24q1,1947059857,1897070290
"partitionable=True,seed=0,data_seed=None",c24q2,3300279772,3144433352
"partitionable=True,seed=0,data_seed=None",c24q3,2081304051,1798087721
"partitionable=True,seed=0,data_seed=None",c24q4,3388142056,33243673
"partitionable=True,seed=0,data_seed=None",c25q0,1416055012,1269682562
"partitionable=True,seed=0,data_seed=None",c25q1,1331575554,669655030
"partitionable=True,seed=0,data_seed=None",c25q2,2236452526,3105602360
"partitionable=True,seed=0,data_seed=None",c25q3,4221579690,3853106352
"partitionable=True,seed=0,data_seed=None",c25q4,4292054410,1412910785
"partitionable=True,seed=0,data_seed=None",c26q0,2920636665,896433970
"partitionable=True,seed=0,data_seed=None",c26q1,2647096480,255422860
"partitionable=True,seed=0,data_seed=None",c26q2,32669298,2309560211
"partitionable=True,seed=0,data_seed=None",c26q3,2574021490,1944805297
"partitionable=True,seed=0,data_seed=None",c26q4,1832974154,1934483195
"partitionable=True,seed=0,data_seed=None",c27q0,1668553599,4294724628
"partitionable=True,seed=0,data_seed=None",c27q1,3501090629,1977381012
"partitionable=True,seed=0,data_seed=None",c27q2,727980227,246370118
"partitionable=True,seed=0,data_seed=None",c27q3,2239058594,1070511938
"partitionable=True,seed=0,data_seed=None",c27q4,2525235873,2744086772
"partitionable=True,seed=0,data_seed=None",c28q0,1802851964,4166294928
"partitionable=True,seed=0,data_seed=None",c28q1,124504183,575570433
"partitionable=True,seed=0,data_seed=None",c28q2,2706185843,3230748016
"partitionable=True,seed=0,data_seed=None",c28q3,741486654,236279129
"partitionable=True,seed=0,data_seed=None",c28q4,128347073,483892470
"partitionable=True,seed=0,data_seed=None",c29q0,1445172275,2446695562
"partitionable=True,seed=0,data_seed=None",c29q1,801594487,2108271665
"partitionable=True,seed=0,data_seed=None",c29q2,3419045337,3001864805
"partitionable=True,seed=0,data_seed=None",c29q3,1271585647,836579559
"partitionable=True,seed=0,data_seed=None",c29q4,2988344390,4108138676
"partitionable=True,seed=0,data_seed=None",c30q0,157062890,3887866410
"partitionable=True,seed=0,data_seed=None",c30q1,3919901928,1921830842
"partitionable=True,seed=0,data_seed=None",c30q2,3471297481,1975217550
"partitionable=True,seed=0,data_seed=None",c30q3,304633359,3887378133
"partitionable=True,seed=0,data_seed=None",c30q4,872511802,3415958470
"partitionable=True,seed=0,data_seed=None",c31q0,1831973857,2648483863
"partitionable=True,seed=0,data_seed=None",c31q1,1640356562,2425141624
"partitionable=True,seed=0,data_seed=None",c31q2,3549434168,3693619862
"partitionable=True,seed=0,data_seed=None",c31q3,1046665438,2319902747
"partitionable=True,seed=0,data_seed=None",c31q4,4203811113,3824651849
"partitionable=True,seed=0,data_seed=None",c32q0,3915945726,4159217840
"partitionable=True,seed=0,data_seed=None",c32q1,2119334855,602176010
"partitionable=True,seed=0,data_seed=None",c32q2,1781203637,1770123683
"partitionable=True,seed=0,data_seed=None",c32q3,190268407,2273283844
"partitionable=True,seed=0,data_seed=None",c32q4,2860346525,398861560
"partitionable=True,seed=0,data_seed=None",c33q0,3179761033,2989495085
"partitionable=True,seed=0,data_seed=None",c33q1,4090244245,2834588178
"partitionable=True,seed=0,data_seed=None",c33q2,310022192,928913940
"partitionable=True,seed=0,data_seed=None",c33q3,221168431,61186946
"partitionable=True,seed=0,data_seed=None",c33q4,3113822735,3196841494
"partitionable=True,seed=0,data_seed=None",c34q0,1317023319,1572835536
"partitionable=True,seed=0,data_seed=None",c34q1,3076026895,2257072530
"partitionable=True,seed=0,data_seed=None",c34q2,4072896052,1278502064
"partitionable=True,seed=0,data_seed=None",c34q3,1349330652,2030235732
"partitionable=True,seed=0,data_seed=None",c34q4,231549012,1846776655
"partitionable=True,seed=0,data_seed=None",c35q0,2848538325,409394815
"partitionable=True,seed=0,data_seed=None",c35q1,3058038820,148707315
"partitionable=True,seed=0,data_seed=None",c35q2,4113812996,1513965276
"partitionable=True,seed=0,data_seed=None",c35q3,4117303028,4272787277
"partitionable=True,seed=0,data_seed=None",c35q4,1616821600,3277500561
"partitionable=True,seed=0,data_seed=None",c36q0,3520747584,2323129677
"partitionable=True,seed=0,data_seed=None",c36q1,1735108041,3327831935
"partitionable=True,seed=0,data_seed=None",c36q2,1827052347,4204797991
"partitionable=True,seed=0,data_seed=None",c36q3,306929471,3915994217
"partitionable=True,seed=0,data_seed=None",c36q4,1228785366,2355860895
"partitionable=True,seed=0,data_seed=None",c37q0,1423560737,238717359
"partitionable=True,seed=0,data_seed=None",c37q1,3229170185,3330359137
"partitionable=True,seed=0,data_seed=None",c37q2,3741973645,2546536680
"partitionable=True,seed=0,data_seed=None",c37q3,1125366295,4042717364
"partitionable=True,seed=0,data_seed=None",c37q4,2973460425,4054016723
"partitionable=True,seed=0,data_seed=None",c38q0,2265528801,148827365
"partitionable=True,seed=0,data_seed=None",c38q1,1410259700,1902514227
"partitionable=True,seed=0,data_seed=None",c38q2,2838629664,2058418742
"partitionable=True,seed=0,data_seed=None",c38q3,1828325651,2375760235
"partitionable=True,seed=0,data_seed=None",c38q4,4235111974,3826290350
"partitionable=True,seed=0,data_seed=None",c39q0,1273400777,754824190
"partitionable=True,seed=0,data_seed=None",c39q1,167344519,4260294603
"partitionable=True,seed=0,data_seed=None",c39q2,3823663897,3078657716
"partitionable=True,seed=0,data_seed=None",c39q3,3393525415,3110348234
"partitionable=True,seed=0,data_seed=None",c39q4,639461626,1267830617
"partitionable=True,seed=0,data_seed=0",c00q0,3968330031,3923691647
"partitionable=True,seed=0,data_seed=0",c00q1,282707546,681628770
"partitionable=True,seed=0,data_seed=0",c00q2,1535902165,975887616
"partitionable=True,seed=0,data_seed=0",c00q3,2398148991,1767808883
"partitionable=True,seed=0,data_seed=0",c00q4,3689863228,86612761
"partitionable=True,seed=0,data_seed=0",c01q0,3020540449,3544799739
"partitionable=True,seed=0,data_seed=0",c01q1,2286141929,1983008299
"partitionable=True,seed=0,data_seed=0",c01q2,884057995,1179476775
"partitionable=True,seed=0,data_seed=0",c01q3,1451930690,2310404163
"partitionable=True,seed=0,data_seed=0",c01q4,3514537007,1892904442
"partitionable=True,seed=0,data_seed=0",c02q0,2664968279,206097755
"partitionable=True,seed=0,data_seed=0",c02q1,3734242166,787038470
"partitionable=True,seed=0,data_seed=0",c02q2,3603918368,3556227159
"partitionable=True,seed=0,data_seed=0",c02q3,3470041406,352237795
"partitionable=True,seed=0,data_seed=0",c02q4,2906806529,590903550
"partitionable=True,seed=0,data_seed=0",c03q0,3294092642,895513627
"partitionable=True,seed=0,data_seed=0",c03q1,2488258016,3129706589
"partitionable=True,seed=0,data_seed=0",c03q2,3297513549,1600208335
"partitionable=True,seed=0,data_seed=0",c03q3,1333050871,3889592525
"partitionable=True,seed=0,data_seed=0",c03q4,3731608563,3106982207
"partitionable=True,seed=0,data_seed=0",c04q0,1122476905,98679967
"partitionable=True,seed=0,data_seed=0",c04q1,562364751,105546761
"partitionable=True,seed=0,data_seed=0",c04q2,2815561291,1657515063
"partitionable=True,seed=0,data_seed=0",c04q3,1445486195,1362964122
"partitionable=True,seed=0,data_seed=0",c04q4,198544296,602294932
"partitionable=True,seed=0,data_seed=0",c05q0,2423974896,1961580131
"partitionable=True,seed=0,data_seed=0",c05q1,986214912,1848087267
"partitionable=True,seed=0,data_seed=0",c05q2,64469153,473503832
"partitionable=True,seed=0,data_seed=0",c05q3,531843489,3131582720
"partitionable=True,seed=0,data_seed=0",c05q4,4257491170,3358547707
"partitionable=True,seed=0,data_seed=0",c06q0,3471168626,3844368913
"partitionable=True,seed=0,data_seed=0",c06q1,1519839467,2806993242
"partitionable=True,seed=0,data_seed=0",c06q2,1400910778,643952450
"partitionable=True,seed=0,data_seed=0",c06q3,2534442920,2272967728
"partitionable=True,seed=0,data_seed=0",c06q4,1579157704,241365867
"partitionable=True,seed=0,data_seed=0",c07q0,3910149440,294669354
"partitionable=True,seed=0,data_seed=0",c07q1,291695220,1229708460
"partitionable=True,seed=0,data_seed=0",c07q2,3424212482,2958833073
"partitionable=True,seed=0,data_seed=0",c07q3,906193820,142409116
"partitionable=True,seed=0,data_seed=0",c07q4,1266460431,2115453862
"partitionable=True,seed=0,data_seed=0",c08q0,3135507438,1193201716
"partitionable=True,seed=0,data_seed=0",c08q1,1934174218,1556917574
"partitionable=True,seed=0,data_seed=0",c08q2,1327564349,1145931720
"partitionable=True,seed=0,data_seed=0",c08q3,106176123,4004325986
"partitionable=True,seed=0,data_seed=0",c08q4,2087757328,4090060748
"partitionable=True,seed=0,data_seed=0",c09q0,50766239,3337719119
"partitionable=True,seed=0,data_seed=0",c09q1,3926799379,1744804411
"partitionable=True,seed=0,data_seed=0",c09q2,345236665,3818213762
"partitionable=True,seed=0,data_seed=0",c09q3,957692062,3089950125
"partitionable=True,seed=0,data_seed=0",c09q4,1725892526,3293678913
"partitionable=True,seed=0,data_seed=0",c10q0,2767944571,207669149
"partitionable=True,seed=0,data_seed=0",c10q1,738015623,2629946680
"partitionable=True,seed=0,data_seed=0",c10q2,1922773537,37664649
"partitionable=True,seed=0,data_seed=0",c10q3,1960896385,2861433185
"partitionable=True,seed=0,data_seed=0",c10q4,2211000228,414488584
"partitionable=True,seed=0,data_seed=0",c11q0,1743208219,35820934
"partitionable=True,seed=0,data_seed=0",c11q1,577064286,1210182777
"partitionable=True,seed=0,data_seed=0",c11q2,3628142054,2296898627
"partitionable=True,seed=0,data_seed=0",c11q3,4154390645,207859386
"partitionable=True,seed=0,data_seed=0",c11q4,612777972,2254770256
"partitionable=True,seed=0,data_seed=0",c12q0,1859503981,6214689
"partitionable=True,seed=0,data_seed=0",c12q1,1265809318,54323070
"partitionable=True,seed=0,data_seed=0",c12q2,2838035649,679098948
"partitionable=True,seed=0,data_seed=0",c12q3,976089380,437513788
"partitionable=True,seed=0,data_seed=0",c12q4,3469275800,3791660806
"partitionable=True,seed=0,data_seed=0",c13q0,2251155936,1809524702
"partitionable=True,seed=0,data_seed=0",c13q1,2914181472,3233955020
"partitionable=True,seed=0,data_seed=0",c13q2,2864938060,317019149
"partitionable=True,seed=0,data_seed=0",c13q3,630591308,546169298
"partitionable=True,seed=0,data_seed=0",c13q4,994231020,1584029471
"partitionable=True,seed=0,data_seed=0",c14q0,3981649793,88934902
"partitionable=True,seed=0,data_seed=0",c14q1,2315865812,1350056670
"partitionable=True,seed=0,data_seed=0",c14q2,3602318107,643434385
"partitionable=True,seed=0,data_seed=0",c14q3,510061450,4101544129
"partitionable=True,seed=0,data_seed=0",c14q4,3535012584,1595811940
"partitionable=True,seed=0,data_seed=0",c15q0,3410496515,1119759677
"partitionable=True,seed=0,data_seed=0",c15q1,3410709066,198159086
"partitionable=True,seed=0,data_seed=0",c15q2,2946310488,3618945544
"partitionable=True,seed=0,data_seed=0",c15q3,1847319910,1831389454
"partitionable=True,seed=0,data_seed=0",c15q4,2143797952,3015540623
"partitionable=True,seed=0,data_seed=0",c16q0,3380105523,2287602055
"partitionable=True,seed=0,data_seed=0",c16q1,3998229539,3862219165
"partitionable=True,seed=0,data_seed=0",c16q2,1044559195,1828260945
"partitionable=True,seed=0,data_seed=0",c16q3,4080612925,2722335905
"partitionable=True,seed=0,data_seed=0",c16q4,3984791844,322758152
"partitionable=True,seed=0,data_seed=0",c17q0,1104959949,2817516248
"partitionable=True,seed=0,data_seed=0",c17q1,3449446698,1229384684
"partitionable=True,seed=0,data_seed=0",c17q2,1577388163,423121653
"partitionable=True,seed=0,data_seed=0",c17q3,3549475436,429415944
"partitionable=True,seed=0,data_seed=0",c17q4,3706825087,1866606738
"partitionable=True,seed=0,data_seed=0",c18q0,3835922531,879942740
"partitionable=True,seed=0,data_seed=0",c18q1,84713776,2949992379
"partitionable=True,seed=0,data_seed=0",c18q2,2830944272,718616157
"partitionable=True,seed=0,data_seed=0",c18q3,949527455,358973042
"partitionable=True,seed=0,data_seed=0",c18q4,1872938301,3706792597
"partitionable=True,seed=0,data_seed=0",c19q0,3397926728,1890751524
"partitionable=True,seed=0,data_seed=0",c19q1,739499797,2507858219
"partitionable=True,seed=0,data_seed=0",c19q2,3402130393,3271361243
"partitionable=True,seed=0,data_seed=0",c19q3,3107631665,3309744945
"partitionable=True,seed=0,data_seed=0",c19q4,564620219,3668991186
"partitionable=True,seed=0,data_seed=0",c20q0,4062688338,897924416
"partitionable=True,seed=0,data_seed=0",c20q1,3060152656,3357832598
"partitionable=True,seed=0,data_seed=0",c20q2,2441319893,3783031091
"partitionable=True,seed=0,data_seed=0",c20q3,4218148167,3635888992
"partitionable=True,seed=0,data_seed=0",c20q4,2965699267,3849095626
"partitionable=True,seed=0,data_seed=0",c21q0,4078602871,153023643
"partitionable=True,seed=0,data_seed=0",c21q1,3099332058,322987677
"partitionable=True,seed=0,data_seed=0",c21q2,2006912281,2367459731
"partitionable=True,seed=0,data_seed=0",c21q3,3243428293,4141052685
"partitionable=True,seed=0,data_seed=0",c21q4,1739010805,8219701
"partitionable=True,seed=0,data_seed=0",c22q0,2585121993,1891381249
"partitionable=True,seed=0,data_seed=0",c22q1,2700129421,3898346985
"partitionable=True,seed=0,data_seed=0",c22q2,4270934785,1722509646
"partitionable=True,seed=0,data_seed=0",c22q3,584640701,3724328511
"partitionable=True,seed=0,data_seed=0",c22q4,125228722,3976075509
"partitionable=True,seed=0,data_seed=0",c23q0,1188215654,1960303679
"partitionable=True,seed=0,data_seed=0",c23q1,835188177,3024643120
"partitionable=True,seed=0,data_seed=0",c23q2,1145216600,3763656302
"partitionable=True,seed=0,data_seed=0",c23q3,436176719,1964048643
"partitionable=True,seed=0,data_seed=0",c23q4,3290106889,4071341575
"partitionable=True,seed=0,data_seed=0",c24q0,2641066206,3604269803
"partitionable=True,seed=0,data_seed=0",c24q1,2282942840,3508444107
"partitionable=True,seed=0,data_seed=0",c24q2,783669860,3607424645
"partitionable=True,seed=0,data_seed=0",c24q3,1058435494,4209781753
"partitionable=True,seed=0,data_seed=0",c24q4,1399219746,3076159050
"partitionable=True,seed=0,data_seed=0",c25q0,720503453,2069369702
"partitionable=True,seed=0,data_seed=0",c25q1,1188763169,2249422578
"partitionable=True,seed=0,data_seed=0",c25q2,259095092,1627552939
"partitionable=True,seed=0,data_seed=0",c25q3,675740622,2005864827
"partitionable=True,seed=0,data_seed=0",c25q4,2209809443,3863646058
"partitionable=True,seed=0,data_seed=0",c26q0,1334846919,1877956522
"partitionable=True,seed=0,data_seed=0",c26q1,238843399,761866208
"partitionable=True,seed=0,data_seed=0",c26q2,4107283862,776653771
"partitionable=True,seed=0,data_seed=0",c26q3,3857768373,464410775
"partitionable=True,seed=0,data_seed=0",c26q4,1063001523,3004713644
"partitionable=True,seed=0,data_seed=0",c27q0,1937563078,2316178694
"partitionable=True,seed=0,data_seed=0",c27q1,1729646945,1572527735
"partitionable=True,seed=0,data_seed=0",c27q2,390745235,2274984035
"partitionable=True,seed=0,data_seed=0",c27q3,1129856558,1612018494
"partitionable=True,seed=0,data_seed=0",c27q4,3482965764,4230932726
"partitionable=True,seed=0,data_seed=0",c28q0,1204077220,541350697
"partitionable=True,seed=0,data_seed=0",c28q1,976037993,2457485271
"partitionable=True,seed=0,data_seed=0",c28q2,578220638,618712669
"partitionable=True,seed=0,data_seed=0",c28q3,1687168976,4002505929
"partitionable=True,seed=0,data_seed=0",c28q4,1112923298,169364661
"partitionable=True,seed=0,data_seed=0",c29q0,2660337731,138975581
"partitionable=True,seed=0,data_seed=0",c29q1,2707019301,27931276
"partitionable=True,seed=0,data_seed=0",c29q2,3045278449,2014824809
"partitionable=True,seed=0,data_seed=0",c29q3,3525801971,2312058379
"partitionable=True,seed=0,data_seed=0",c29q4,3425997226,3788718746
"partitionable=True,seed=0,data_seed=0",c30q0,2340252655,519816582
"partitionable=True,seed=0,data_seed=0",c30q1,1190775198,1590321485
"partitionable=True,seed=0,data_seed=0",c30q2,2826471002,3154347135
"partitionable=True,seed=0,data_seed=0",c30q3,3796278815,1109045360
"partitionable=True,seed=0,data_seed=0",c30q4,352050649,3337836810
"partitionable=True,seed=0,data_seed=0",c31q0,1189532412,1777792752
"partitionable=True,seed=0,data_seed=0",c31q1,2905275288,2052248598
"partitionable=True,seed=0,data_seed=0",c31q2,3768276135,2037368267
"partitionable=True,seed=0,data_seed=0",c31q3,1713154967,427896668
"partitionable=True,seed=0,data_seed=0",c31q4,2058613743,4255329220
"partitionable=True,seed=0,data_seed=0",c32q0,2968781587,382577436
"partitionable=True,seed=0,data_seed=0",c32q1,4017746363,2745278339
"partitionable=True,seed=0,data_seed=0",c32q2,1503999640,252571227
"partitionable=True,seed=0,data_seed=0",c32q3,740855447,3131671535
"partitionable=True,seed=0,data_seed=0",c32q4,4064469133,3254092729
"partitionable=True,seed=0,data_seed=0",c33q0,333220144,2469016066
"partitionable=True,seed=0,data_seed=0",c33q1,1955190638,4255040399
"partitionable=True,seed=0,data_seed=0",c33q2,4126134590,3895004551
"partitionable=True,seed=0,data_seed=0",c33q3,4242410788,1315984746
"partitionable=True,seed=0,data_seed=0",c33q4,2412413505,2424160984
"partitionable=True,seed=0,data_seed=0",c34q0,1933182184,3852061899
"partitionable=True,seed=0,data_seed=0",c34q1,2566167083,3131295892
"partitionable=True,seed=0,data_seed=0",c34q2,2135909724,3642944519
"partitionable=True,seed=0,data_seed=0",c34q3,2069588983,2036258804
"partitionable=True,seed=0,data_seed=0",c34q4,1908328789,2216649630
"partitionable=True,seed=0,data_seed=0",c35q0,675806133,2901990377
"partitionable=True,seed=0,data_seed=0",c35q1,2249028970,841946084
"partitionable=True,seed=0,data_seed=0",c35q2,3624988892,2529796910
"partitionable=True,seed=0,data_seed=0",c35q3,2635148711,1649827618
"partitionable=True,seed=0,data_seed=0",c35q4,3995383414,2848496787
"partitionable=True,seed=0,data_seed=0",c36q0,3358930072,3631711739
"partitionable=True,seed=0,data_seed=0",c36q1,2912621602,581369504
"partitionable=True,seed=0,data_seed=0",c36q2,2392847915,2152446854
"partitionable=True,seed=0,data_seed=0",c36q3,916076495,2145478513
"partitionable=True,seed=0,data_seed=0",c36q4,11027066,1797558715
"partitionable=True,seed=0,data_seed=0",c37q0,503994923,2482846630
"partitionable=True,seed=0,data_seed=0",c37q1,2638335025,578599612
"partitionable=True,seed=0,data_seed=0",c37q2,1165210102,774754678
"partitionable=True,seed=0,data_seed=0",c37q3,1241063490,1633814285
"partitionable=True,seed=0,data_seed=0",c37q4,1313406451,2395906615
"partitionable=True,seed=0,data_seed=0",c38q0,3564868829,1394764967
"partitionable=True,seed=0,data_seed=0",c38q1,1729604300,3707090692
"partitionable=True,seed=0,data_seed=0",c38q2,2583223786,170530825
"partitionable=True,seed=0,data_seed=0",c38q3,3940174626,637632833
"partitionable=True,seed=0,data_seed=0",c38q4,3625088726,71723273
"partitionable=True,seed=0,data_seed=0",c39q0,3775024507,2333895356
"partitionable=True,seed=0,data_seed=0",c39q1,1296669303,3041190352
"partitionable=True,seed=0,data_seed=0",c39q2,134054067,1685343543
"partitionable=True,seed=0,data_seed=0",c39q3,4109096716,808448102
"partitionable=True,seed=0,data_seed=0",c39q4,2509750153,213899757
"partitionable=True,seed=1,data_seed=None",c00q0,1870286171,1130042604
"partitionable=True,seed=1,data_seed=None",c00q1,2734047747,2378257386
"partitionable=True,seed=1,data_seed=None",c00q2,741172776,3230683911
"partitionable=True,seed=1,data_seed=None",c00q3,292341540,4177793876
"partitionable=True,seed=1,data_seed=None",c00q4,1204055533,3867356873
"partitionable=True,seed=1,data_seed=None",c01q0,4286339254,155355440
"partitionable=True,seed=1,data_seed=None",c01q1,1532864461,2301402540
"partitionable=True,seed=1,data_seed=None",c01q2,2345034656,2282382925
"partitionable=True,seed=1,data_seed=None",c01q3,2776143599,594239079
"partitionable=True,seed=1,data_seed=None",c01q4,901732532,1685206962
"partitionable=True,seed=1,data_seed=None",c02q0,2256832083,1633084448
"partitionable=True,seed=1,data_seed=None",c02q1,3312691756,1411725966
"partitionable=True,seed=1,data_seed=None",c02q2,3181876171,339368864
"partitionable=True,seed=1,data_seed=None",c02q3,3226850907,3580273739
"partitionable=True,seed=1,data_seed=None",c02q4,4019570529,2909585265
"partitionable=True,seed=1,data_seed=None",c03q0,2526826628,1494858967
"partitionable=True,seed=1,data_seed=None",c03q1,4263910260,3027633430
"partitionable=True,seed=1,data_seed=None",c03q2,776513601,2886935227
"partitionable=True,seed=1,data_seed=None",c03q3,252868921,1979667633
"partitionable=True,seed=1,data_seed=None",c03q4,894904701,908881802
"partitionable=True,seed=1,data_seed=None",c04q0,769437165,2381438277
"partitionable=True,seed=1,data_seed=None",c04q1,3521787404,3078736040
"partitionable=True,seed=1,data_seed=None",c04q2,3918851397,1455015707
"partitionable=True,seed=1,data_seed=None",c04q3,4092045536,2059883883
"partitionable=True,seed=1,data_seed=None",c04q4,656389670,2555070327
"partitionable=True,seed=1,data_seed=None",c05q0,588971731,2085975648
"partitionable=True,seed=1,data_seed=None",c05q1,4207613045,991393790
"partitionable=True,seed=1,data_seed=None",c05q2,438055081,462798858
"partitionable=True,seed=1,data_seed=None",c05q3,3761325627,912356194
"partitionable=True,seed=1,data_seed=None",c05q4,3264036690,1427020062
"partitionable=True,seed=1,data_seed=None",c06q0,1133548710,2558378481
"partitionable=True,seed=1,data_seed=None",c06q1,3165165908,1834148566
"partitionable=True,seed=1,data_seed=None",c06q2,3558269144,410601427
"partitionable=True,seed=1,data_seed=None",c06q3,4124231020,3918421410
"partitionable=True,seed=1,data_seed=None",c06q4,442743807,2306350009
"partitionable=True,seed=1,data_seed=None",c07q0,1420515244,293012141
"partitionable=True,seed=1,data_seed=None",c07q1,818424007,101431456
"partitionable=True,seed=1,data_seed=None",c07q2,3683946127,968864954
"partitionable=True,seed=1,data_seed=None",c07q3,2970303345,1179445404
"partitionable=True,seed=1,data_seed=None",c07q4,243151063,4254327192
"partitionable=True,seed=1,data_seed=None",c08q0,1310617075,3316516132
"partitionable=True,seed=1,data_seed=None",c08q1,794065683,214652422
"partitionable=True,seed=1,data_seed=None",c08q2,2646100368,3465347035
"partitionable=True,seed=1,data_seed=None",c08q3,3097981263,3562752553
"partitionable=True,seed=1,data_seed=None",c08q4,835928697,2983852054
"partitionable=True,seed=1,data_seed=None",c09q0,1882098997,2300427842
"partitionable=True,seed=1,data_seed=None",c09q1,3234581097,4252215459
"partitionable=True,seed=1,data_seed=None",c09q2,811750810,874975979
"partitionable=True,seed=1,data_seed=None",c09q3,2858233639,3647986746
"partitionable=True,seed=1,data_seed=None",c09q4,1477625416,3713185100
"partitionable=True,seed=1,data_seed=None",c10q0,2470786969,1713251342
"partitionable=True,seed=1,data_seed=None",c10q1,2778229936,944511687
"partitionable=True,seed=1,data_seed=None",c10q2,177189501,2028592937
"partitionable=True,seed=1,data_seed=None",c10q3,3967476196,1423103
"partitionable=True,seed=1,data_seed=None",c10q4,4130627544,795390239
"partitionable=True,seed=1,data_seed=None",c11q0,3881712448,3046029325
"partitionable=True,seed=1,data_seed=None",c11q1,515612024,1224585929
"partitionable=True,seed=1,data_seed=None",c11q2,190259442,2896211120
"partitionable=True,seed=1,data_seed=None",c11q3,2800538319,1183492703
"partitionable=True,seed=1,data_seed=None",c11q4,2172492723,316098957
"partitionable=True,seed=1,data_seed=None",c12q0,1379526838,2078887599
"partitionable=True,seed=1,data_seed=None",c12q1,1659268405,1657976610
"partitionable=True,seed=1,data_seed=None",c12q2,3294458503,2447206835
"partitionable=True,seed=1,data_seed=None",c12q3,1997731285,2200478652
"partitionable=True,seed=1,data_seed=None",c12q4,4021520854,609124896
"partitionable=True,seed=1,data_seed=None",c13q0,3390320118,2786910393
"partitionable=True,seed=1,data_seed=None",c13q1,569772651,1099241116
"partitionable=True,seed=1,data_seed=None",c13q2,391779721,713229345
"partitionable=True,seed=1,data_seed=None",c13q3,1015495807,4139558844
"partitionable=True,seed=1,data_seed=None",c13q4,3541932067,854795946
"partitionable=True,seed=1,data_seed=None",c14q0,2232142112,547945212
"partitionable=True,seed=1,data_seed=None",c14q1,75597267,2236416918
"partitionable=True,seed=1,data_seed=None",c14q2,4082208954,1828734815
"partitionable=True,seed=1,data_seed=None",c14q3,1212819930,3000497442
"partitionable=True,seed=1,data_seed=None",c14q4,2149090570,790161063
"partitionable=True,seed=1,data_seed=None",c15q0,1166784905,23080506
"partitionable=True,seed=1,data_seed=None",c15q1,4247664001,2758644564
"partitionable=True,seed=1,data_seed=None",c15q2,3582990632,3505354288
"partitionable=True,seed=1,data_seed=None",c15q3,2630461316,2956014151
"partitionable=True,seed=1,data_seed=None",c15q4,35763670,2922798051
"partitionable=True,seed=1,data_seed=None",c16q0,913918953,106829366
"partitionable=True,seed=1,data_seed=None",c16q1,2444649578,3563369023
"partitionable=True,seed=1,data_seed=None",c16q2,2959869971,3756867483
"partitionable=True,seed=1,data_seed=None",c16q3,961100202,1004180455
"partitionable=True,seed=1,data_seed=None",c16q4,3152658625,407153209
"partitionable=True,seed=1,data_seed=None",c17q0,1337144661,4292228130
"partitionable=True,seed=1,data_seed=None",c17q1,363815208,4037247529
"partitionable=True,seed=1,data_seed=None",c17q2,3991517122,3521831932
"partitionable=True,seed=1,data_seed=None",c17q3,3577334142,2873636018
"partitionable=True,seed=1,data_seed=None",c17q4,2299271603,4229080141
"partitionable=True,seed=1,data_seed=None",c18q0,751691946,505836029
"partitionable=True,seed=1,data_seed=None",c18q1,2542828937,3609686678
"partitionable=True,seed=1,data_seed=None",c18q2,4000562488,942735089
"partitionable=True,seed=1,data_seed=None",c18q3,791372590,3269379803
"partitionable=True,seed=1,data_seed=None",c18q4,2253117895,413379317
"partitionable=True,seed=1,data_seed=None",c19q0,2566834308,1382045631
"partitionable=True,seed=1,data_seed=None",c19q1,2189305785,2069062333
"partitionable=True,seed=1,data_seed=None",c19q2,1917117881,3359367395
"partitionable=True,seed=1,data_seed=None",c19q3,2229518740,412495718
"partitionable=True,seed=1,data_seed=None",c19q4,3085965646,2963753948
"partitionable=True,seed=1,data_seed=None",c20q0,425679249,216057413
"partitionable=True,seed=1,data_seed=None",c20q1,3690425786,2823773700
"partitionable=True,seed=1,data_seed=None",c20q2,1761343130,123795708
"partitionable=True,seed=1,data_seed=None",c20q3,4250487123,792814323
"partitionable=True,seed=1,data_seed=None",c20q4,4178865749,777541431
"partitionable=True,seed=1,data_seed=None",c21q0,4263138554,2278303968
"partitionable=True,seed=1,data_seed=None",c21q1,3928266714,870676030
"partitionable=True,seed=1,data_seed=None",c21q2,3734247240,3561404329
"partitionable=True,seed=1,data_seed=None",c21q3,1228517481,634519696
"partitionable=True,seed=1,data_seed=None",c21q4,1792825526,834156286
"partitionable=True,seed=1,data_seed=None",c22q0,3067825677,3190916082
"partitionable=True,seed=1,data_seed=None",c22q1,632158261,889960937
"partitionable=True,seed=1,data_seed=None",c22q2,510706965,1636763478
"partitionable=True,seed=1,data_seed=None",c22q3,2686738324,2741740533
"partitionable=True,seed=1,data_seed=None",c22q4,3630080670,1683860235
"partitionable=True,seed=1,data_seed=None",c23q0,2149158667,906550286
"partitionable=True,seed=1,data_seed=None",c23q1,483166362,3434290211
"partitionable=True,seed=1,data_seed=None",c23q2,259880464,2446031891
"partitionable=True,seed=1,data_seed=None",c23q3,2782287237,3355918564
"partitionable=True,seed=1,data_seed=None",c23q4,103042680,1123722993
"partitionable=True,seed=1,data_seed=None",c24q0,2961592061,2049206068
"partitionable=True,seed=1,data_seed=None",c24q1,2021929723,829919387
"partitionable=True,seed=1,data_seed=None",c24q2,1565369066,1121900621
"partitionable=True,seed=1,data_seed=None",c24q3,1645544663,515072107
"partitionable=True,seed=1,data_seed=None",c24q4,2290460730,237194516
"partitionable=True,seed=1,data_seed=None",c25q0,426287395,1505864932
"partitionable=True,seed=1,data_seed=None",c25q1,1282830061,1187848078
"partitionable=True,seed=1,data_seed=None",c25q2,2308350976,2187727131
"partitionable=True,seed=1,data_seed=None",c25q3,1643868250,503643627
"partitionable=True,seed=1,data_seed=None",c25q4,482939053,3008396314
"partitionable=True,seed=1,data_seed=None",c26q0,3351443466,320600618
"partitionable=True,seed=1,data_seed=None",c26q1,3490514690,3357709094
"partitionable=True,seed=1,data_seed=None",c26q2,4051273999,3667064427
"partitionable=True,seed=1,data_seed=None",c26q3,2637280797,3677787338
"partitionable=True,seed=1,data_seed=None",c26q4,2976092777,1146374149
"partitionable=True,seed=1,data_seed=None",c27q0,2745493669,2941631121
"partitionable=True,seed=1,data_seed=None",c27q1,1813592846,2367906540
"partitionable=True,seed=1,data_seed=None",c27q2,2058542615,2909629101
"partitionable=True,seed=1,data_seed=None",c27q3,824567086,2869478030
"partitionable=True,seed=1,data_seed=None",c27q4,2620025704,2805732890
"partitionable=True,seed=1,data_seed=None",c28q0,2922061658,3764304660
"partitionable=True,seed=1,data_seed=None",c28q1,2358844537,2727206340
"partitionable=True,seed=1,data_seed=None",c28q2,1013226101,3235617120
"partitionable=True,seed=1,data_seed=None",c28q3,884898302,4011766301
"partitionable=True,seed=1,data_seed=None",c28q4,2413495801,901976000
"partitionable=True,seed=1,data_seed=None",c29q0,1727429579,247507728
"partitionable=True,seed=1,data_seed=None",c29q1,223197963,3195556598
"partitionable=True,seed=1,data_seed=None",c29q2,1086289757,911644413
"partitionable=True,seed=1,data_seed=None",c29q3,687796602,3666734081
"partitionable=True,seed=1,data_seed=None",c29q4,2831142983,3815788246
"partitionable=True,seed=1,data_seed=None",c30q0,3164791813,3568135477
"partitionable=True,seed=1,data_seed=None",c30q1,603362921,1249294718
"partitionable=True,seed=1,data_seed=None",c30q2,208125980,1679535534
"partitionable=True,seed=1,data_seed=None",c30q3,580280883,3996872399
"partitionable=True,seed=1,data_seed=None",c30q4,2554851917,3983179402
"partitionable=True,seed=1,data_seed=None",c31q0,970533333,3785403615
"partitionable=True,seed=1,data_seed=None",c31q1,478968537,3882520081
"partitionable=True,seed=1,data_seed=None",c31q2,341830433,1895681457
"partitionable=True,seed=1,data_seed=None",c31q3,268640061,2731581010
"partitionable=True,seed=1,data_seed=None",c31q4,743777163,4051812928
"partitionable=True,seed=1,data_seed=None",c32q0,2170034832,1218620620
"partitionable=True,seed=1,data_seed=None",c32q1,3670536703,595918879
"partitionable=True,seed=1,data_seed=None",c32q2,2183697812,2532444169
"partitionable=True,seed=1,data_seed=None",c32q3,1270957018,3115170605
"partitionable=True,seed=1,data_seed=None",c32q4,1992451331,3689580134
"partitionable=True,seed=1,data_seed=None",c33q0,147844123,1562934194
"partitionable=True,seed=1,data_seed=None",c33q1,1024604155,1032417378
"partitionable=True,seed=1,data_seed=None",c33q2,1345622093,2202931857
"partitionable=True,seed=1,data_seed=None",c33q3,3758211928,2779665080
"partitionable=True,seed=1,data_seed=None",c33q4,3634401357,3903260851
"partitionable=True,seed=1,data_seed=None",c34q0,725263489,3553878856
"partitionable=True,seed=1,data_seed=None",c34q1,4251912459,880886801
"partitionable=True,seed=1,data_seed=None",c34q2,4073284259,3815190501
"partitionable=True,seed=1,data_seed=None",c34q3,3029414566,866753320
"partitionable=True,seed=1,data_seed=None",c34q4,199666244,2284398694
"partitionable=True,seed=1,data_seed=None",c35q0,3741436280,1789231709
"partitionable=True,seed=1,data_seed=None",c35q1,1527110706,22078091
"partitionable=True,seed=1,data_seed=None",c35q2,717443752,3167972117
"partitionable=True,seed=1,data_seed=None",c35q3,3306369139,2592016652
"partitionable=True,seed=1,data_seed=None",c35q4,1168967406,1324178176
"partitionable=True,seed=1,data_seed=None",c36q0,680438834,2523679024
"partitionable=True,seed=1,data_seed=None",c36q1,858506657,2767317716
"partitionable=True,seed=1,data_seed=None",c36q2,2737194015,3063280229
"partitionable=True,seed=1,data_seed=None",c36q3,2994173311,312306702
"partitionable=True,seed=1,data_seed=None",c36q4,3416300634,2926828540
"partitionable=True,seed=1,data_seed=None",c37q0,1032425893,690550023
"partitionable=True,seed=1,data_seed=None",c37q1,3143035628,1481599166
"partitionable=True,seed=1,data_seed=None",c37q2,3442334591,2933311062
"partitionable=True,seed=1,data_seed=None",c37q3,3307344220,3957231982
"partitionable=True,seed=1,data_seed=None",c37q4,2407770127,3990596652
"partitionable=True,seed=1,data_seed=None",c38q0,2581193862,104883011
"partitionable=True,seed=1,data_seed=None",c38q1,1560713195,3938990903
"partitionable=True,seed=1,data_seed=None",c38q2,4103090282,2337416112
"partitionable=True,seed=1,data_seed=None",c38q3,933803876,3674155110
"partitionable=True,seed=1,data_seed=None",c38q4,3491860786,4179383390
"partitionable=True,seed=1,data_seed=None",c39q0,3999517813,1316861976
"partitionable=True,seed=1,data_seed=None",c39q1,257308641,3669600427
"partitionable=True,seed=1,data_seed=None",c39q2,3918957457,319542651
"partitionable=True,seed=1,data_seed=None",c39q3,2890366257,1441341327
"partitionable=True,seed=1,data_seed=None",c39q4,2653093230,1454562832
"partitionable=True,seed=1,data_seed=0",c00q0,3968330031,3923691647
"partitionable=True,seed=1,data_seed=0",c00q1,282707546,681628770
"partitionable=True,seed=1,data_seed=0",c00q2,1535902165,975887616
"partitionable=True,seed=1,data_seed=0",c00q3,2398148991,1767808883
"partitionable=True,seed=1,data_seed=0",c00q4,3689863228,86612761
"partitionable=True,seed=1,data_seed=0",c01q0,3020540449,3544799739
"partitionable=True,seed=1,data_seed=0",c01q1,2286141929,1983008299
"partitionable=True,seed=1,data_seed=0",c01q2,884057995,1179476775
"partitionable=True,seed=1,data_seed=0",c01q3,1451930690,2310404163
"partitionable=True,seed=1,data_seed=0",c01q4,3514537007,1892904442
"partitionable=True,seed=1,data_seed=0",c02q0,2664968279,206097755
"partitionable=True,seed=1,data_seed=0",c02q1,3734242166,787038470
"partitionable=True,seed=1,data_seed=0",c02q2,3603918368,3556227159
"partitionable=True,seed=1,data_seed=0",c02q3,3470041406,352237795
"partitionable=True,seed=1,data_seed=0",c02q4,2906806529,590903550
"partitionable=True,seed=1,data_seed=0",c03q0,3294092642,895513627
"partitionable=True,seed=1,data_seed=0",c03q1,2488258016,3129706589
"partitionable=True,seed=1,data_seed=0",c03q2,3297513549,1600208335
"partitionable=True,seed=1,data_seed=0",c03q3,1333050871,3889592525
"partitionable=True,seed=1,data_seed=0",c03q4,3731608563,3106982207
"partitionable=True,seed=1,data_seed=0",c04q0,1122476905,98679967
"partitionable=True,seed=1,data_seed=0",c04q1,562364751,105546761
"partitionable=True,seed=1,data_seed=0",c04q2,2815561291,1657515063
"partitionable=True,seed=1,data_seed=0",c04q3,1445486195,1362964122
"partitionable=True,seed=1,data_seed=0",c04q4,198544296,602294932
"partitionable=True,seed=1,data_seed=0",c05q0,2423974896,1961580131
"partitionable=True,seed=1,data_seed=0",c05q1,986214912,1848087267
"partitionable=True,seed=1,data_seed=0",c05q2,64469153,473503832
"partitionable=True,seed=1,data_seed=0",c05q3,531843489,3131582720
"partitionable=True,seed=1,data_seed=0",c05q4,4257491170,3358547707
"partitionable=True,seed=1,data_seed=0",c06q0,3471168626,3844368913
"partitionable=True,seed=1,data_seed=0",c06q1,1519839467,2806993242
"partitionable=True,seed=1,data_seed=0",c06q2,1400910778,643952450
"partitionable=True,seed=1,data_seed=0",c06q3,2534442920,2272967728
"partitionable=True,seed=1,data_seed=0",c06q4,1579157704,241365867
"partitionable=True,seed=1,data_seed=0",c07q0,3910149440,294669354
"partitionable=True,seed=1,data_seed=0",c07q1,291695220,1229708460
"partitionable=True,seed=1,data_seed=0",c07q2,3424212482,2958833073
"partitionable=True,seed=1,data_seed=0",c07q3,906193820,142409116
"partitionable=True,seed=1,data_seed=0",c07q4,1266460431,2115453862
"partitionable=True,seed=1,data_seed=0",c08q0,3135507438,1193201716
"partitionable=True,seed=1,data_seed=0",c08q1,1934174218,1556917574
"partitionable=True,seed=1,data_seed=0",c08q2,1327564349,1145931720
"partitionable=True,seed=1,data_seed=0",c08q3,106176123,4004325986
"partitionable=True,seed=1,data_seed=0",c08q4,2087757328,4090060748
"partitionable=True,seed=1,data_seed=0",c09q0,50766239,3337719119
"partitionable=True,seed=1,data_seed=0",c09q1,3926799379,1744804411
"partitionable=True,seed=1,data_seed=0",c09q2,345236665,3818213762
"partitionable=True,seed=1,data_seed=0",c09q3,957692062,3089950125
"partitionable=True,seed=1,data_seed=0",c09q4,1725892526,3293678913
"partitionable=True,seed=1,data_seed=0",c10q0,2767944571,207669149
"partitionable=True,seed=1,data_seed=0",c10q1,738015623,2629946680
"partitionable=True,seed=1,data_seed=0",c10q2,1922773537,37664649
"partitionable=True,seed=1,data_seed=0",c10q3,1960896385,2861433185
"partitionable=True,seed=1,data_seed=0",c10q4,2211000228,414488584
"partitionable=True,seed=1,data_seed=0",c11q0,1743208219,35820934
"partitionable=True,seed=1,data_seed=0",c11q1,577064286,1210182777
"partitionable=True,seed=1,data_seed=0",c11q2,3628142054,2296898627
"partitionable=True,seed=1,data_seed=0",c11q3,4154390645,207859386
"partitionable=True,seed=1,data_seed=0",c11q4,612777972,2254770256
"partitionable=True,seed=1,data_seed=0",c12q0,1859503981,6214689
"partitionable=True,seed=1,data_seed=0",c12q1,1265809318,54323070
"partitionable=True,seed=1,data_seed=0",c12q2,2838035649,679098948
"partitionable=True,seed=1,data_seed=0",c12q3,976089380,437513788
"partitionable=True,seed=1,data_seed=0",c12q4,3469275800,3791660806
"partitionable=True,seed=1,data_seed=0",c13q0,2251155936,1809524702
"partitionable=True,seed=1,data_seed=0",c13q1,2914181472,3233955020
"partitionable=True,seed=1,data_seed=0",c13q2,2864938060,317019149
"partitionable=True,seed=1,data_seed=0",c13q3,630591308,546169298
"partitionable=True,seed=1,data_seed=0",c13q4,994231020,1584029471
"partitionable=True,seed=1,data_seed=0",c14q0,3981649793,88934902
"partitionable=True,seed=1,data_seed=0",c14q1,2315865812,1350056670
"partitionable=True,seed=1,data_seed=0",c14q2,3602318107,643434385
"partitionable=True,seed=1,data_seed=0",c14q3,510061450,4101544129
"partitionable=True,seed=1,data_seed=0",c14q4,3535012584,1595811940
"partitionable=True,seed=1,data_seed=0",c15q0,3410496515,1119759677
"partitionable=True,seed=1,data_seed=0",c15q1,3410709066,198159086
"partitionable=True,seed=1,data_seed=0",c15q2,2946310488,3618945544
"partitionable=True,seed=1,data_seed=0",c15q3,1847319910,1831389454
"partitionable=True,seed=1,data_seed=0",c15q4,2143797952,3015540623
"partitionable=True,seed=1,data_seed=0",c16q0,3380105523,2287602055
"partitionable=True,seed=1,data_seed=0",c16q1,3998229539,3862219165
"partitionable=True,seed=1,data_seed=0",c16q2,1044559195,1828260945
"partitionable=True,seed=1,data_seed=0",c16q3,4080612925,2722335905
"partitionable=True,seed=1,data_seed=0",c16q4,3984791844,322758152
"partitionable=True,seed=1,data_seed=0",c17q0,1104959949,2817516248
"partitionable=True,seed=1,data_seed=0",c17q1,3449446698,1229384684
"partitionable=True,seed=1,data_seed=0",c17q2,1577388163,423121653
"partitionable=True,seed=1,data_seed=0",c17q3,3549475436,429415944
"partitionable=True,seed=1,data_seed=0",c17q4,3706825087,1866606738
"partitionable=True,seed=1,data_seed=0",c18q0,3835922531,879942740
"partitionable=True,seed=1,data_seed=0",c18q1,84713776,2949992379
"partitionable=True,seed=1,data_seed=0",c18q2,2830944272,718616157
"partitionable=True,seed=1,data_seed=0",c18q3,949527455,358973042
"partitionable=True,seed=1,data_seed=0",c18q4,1872938301,3706792597
"partitionable=True,seed=1,data_seed=0",c19q0,3397926728,1890751524
"partitionable=True,seed=1,data_seed=0",c19q1,739499797,2507858219
"partitionable=True,seed=1,data_seed=0",c19q2,3402130393,3271361243
"partitionable=True,seed=1,data_seed=0",c19q3,3107631665,3309744945
"partitionable=True,seed=1,data_seed=0",c19q4,564620219,3668991186
"partitionable=True,seed=1,data_seed=0",c20q0,4062688338,897924416
"partitionable=True,seed=1,data_seed=0",c20q1,3060152656,3357832598
"partitionable=True,seed=1,data_seed=0",c20q2,2441319893,3783031091
"partitionable=True,seed=1,data_seed=0",c20q3,4218148167,3635888992
"partitionable=True,seed=1,data_seed=0",c20q4,2965699267,3849095626
"partitionable=True,seed=1,data_seed=0",c21q0,4078602871,153023643
"partitionable=True,seed=1,data_seed=0",c21q1,3099332058,322987677
"partitionable=True,seed=1,data_seed=0",c21q2,2006912281,2367459731
"partitionable=True,seed=1,data_seed=0",c21q3,3243428293,4141052685
"partitionable=True,seed=1,data_seed=0",c21q4,1739010805,8219701
"partitionable=True,seed=1,data_seed=0",c22q0,2585121993,1891381249
"partitionable=True,seed=1,data_seed=0",c22q1,2700129421,3898346985
"partitionable=True,seed=1,data_seed=0",c22q2,4270934785,1722509646
"partitionable=True,seed=1,data_seed=0",c22q3,584640701,3724328511
"partitionable=True,seed=1,data_seed=0",c22q4,125228722,3976075509
"partitionable=True,seed=1,data_seed=0",c23q0,1188215654,1960303679
"partitionable=True,seed=1,data_seed=0",c23q1,835188177,3024643120
"partitionable=True,seed=1,data_seed=0",c23q2,1145216600,3763656302
"partitionable=True,seed=1,data_seed=0",c23q3,436176719,1964048643
"partitionable=True,seed=1,data_seed=0",c23q4,3290106889,4071341575
"partitionable=True,seed=1,data_seed=0",c24q0,2641066206,3604269803
"partitionable=True,seed=1,data_seed=0",c24q1,2282942840,3508444107
"partitionable=True,seed=1,data_seed=0",c24q2,783669860,3607424645
"partitionable=True,seed=1,data_seed=0",c24q3,1058435494,4209781753
"partitionable=True,seed=1,data_seed=0",c24q4,1399219746,3076159050
"partitionable=True,seed=1,data_seed=0",c25q0,720503453,2069369702
"partitionable=True,seed=1,data_seed=0",c25q1,1188763169,2249422578
"partitionable=True,seed=1,data_seed=0",c25q2,259095092,1627552939
"partitionable=True,seed=1,data_seed=0",c25q3,675740622,2005864827
"partitionable=True,seed=1,data_seed=0",c25q4,2209809443,3863646058
"partitionable=True,seed=1,data_seed=0",c26q0,1334846919,1877956522
"partitionable=True,seed=1,data_seed=0",c26q1,238843399,761866208
"partitionable=True,seed=1,data_seed=0",c26q2,4107283862,776653771
"partitionable=True,seed=1,data_seed=0",c26q3,3857768373,464410775
"partitionable=True,seed=1,data_seed=0",c26q4,1063001523,3004713644
"partitionable=True,seed=1,data_seed=0",c27q0,1937563078,2316178694
"partitionable=True,seed=1,data_seed=0",c27q1,1729646945,1572527735
"partitionable=True,seed=1,data_seed=0",c27q2,390745235,2274984035
"partitionable=True,seed=1,data_seed=0",c27q3,1129856558,1612018494
"partitionable=True,seed=1,data_seed=0",c27q4,3482965764,4230932726
"partitionable=True,seed=1,data_seed=0",c28q0,1204077220,541350697
"partitionable=True,seed=1,data_seed=0",c28q1,976037993,2457485271
"partitionable=True,seed=1,data_seed=0",c28q2,578220638,618712669
"partitionable=True,seed=1,data_seed=0",c28q3,1687168976,4002505929
"partitionable=True,seed=1,data_seed=0",c28q4,1112923298,169364661
"partitionable=True,seed=1,data_seed=0",c29q0,2660337731,138975581
"partitionable=True,seed=1,data_seed=0",c29q1,2707019301,27931276
"partitionable=True,seed=1,data_seed=0",c29q2,3045278449,2014824809
"partitionable=True,seed=1,data_seed=0",c29q3,3525801971,2312058379
"partitionable=True,seed=1,data_seed=0",c29q4,3425997226,3788718746
"partitionable=True,seed=1,data_seed=0",c30q0,2340252655,519816582
"partitionable=True,seed=1,data_seed=0",c30q1,1190775198,1590321485
"partitionable=True,seed=1,data_seed=0",c30q2,2826471002,3154347135
"partitionable=True,seed=1,data_seed=0",c30q3,3796278815,1109045360
"partitionable=True,seed=1,data_seed=0",c30q4,352050649,3337836810
"partitionable=True,seed=1,data_seed=0",c31q0,1189532412,1777792752
"partitionable=True,seed=1,data_seed=0",c31q1,2905275288,2052248598
"partitionable=True,seed=1,data_seed=0",c31q2,3768276135,2037368267
"partitionable=True,seed=1,data_seed=0",c31q3,1713154967,427896668
"partitionable=True,seed=1,data_seed=0",c31q4,2058613743,4255329220
"partitionable=True,seed=1,data_seed=0",c32q0,2968781587,382577436
"partitionable=True,seed=1,data_seed=0",c32q1,4017746363,2745278339
"partitionable=True,seed=1,data_seed=0",c32q2,1503999640,252571227
"partitionable=True,seed=1,data_seed=0",c32q3,740855447,3131671535
"partitionable=True,seed=1,data_seed=0",c32q4,4064469133,3254092729
"partitionable=True,seed=1,data_seed=0",c33q0,333220144,2469016066
"partitionable=True,seed=1,data_seed=0",c33q1,1955190638,4255040399
"partitionable=True,seed=1,data_seed=0",c33q2,4126134590,3895004551
"partitionable=True,seed=1,data_seed=0",c33q3,4242410788,1315984746
"partitionable=True,seed=1,data_seed=0",c33q4,2412413505,2424160984
"partitionable=True,seed=1,data_seed=0",c34q0,1933182184,3852061899
"partitionable=True,seed=1,data_seed=0",c34q1,2566167083,3131295892
"partitionable=True,seed=1,data_seed=0",c34q2,2135909724,3642944519
"partitionable=True,seed=1,data_seed=0",c34q3,2069588983,2036258804
"partitionable=True,seed=1,data_seed=0",c34q4,1908328789,2216649630
"partitionable=True,seed=1,data_seed=0",c35q0,675806133,2901990377
"partitionable=True,seed=1,data_seed=0",c35q1,2249028970,841946084
"partitionable=True,seed=1,data_seed=0",c35q2,3624988892,2529796910
"partitionable=True,seed=1,data_seed=0",c35q3,2635148711,1649827618
"partitionable=True,seed=1,data_seed=0",c35q4,3995383414,2848496787
"partitionable=True,seed=1,data_seed=0",c36q0,3358930072,3631711739
"partitionable=True,seed=1,data_seed=0",c36q1,2912621602,581369504
"partitionable=True,seed=1,data_seed=0",c36q2,2392847915,2152446854
"partitionable=True,seed=1,data_seed=0",c36q3,916076495,2145478513
"partitionable=True,seed=1,data_seed=0",c36q4,11027066,1797558715
"partitionable=True,seed=1,data_seed=0",c37q0,503994923,2482846630
"partitionable=True,seed=1,data_seed=0",c37q1,2638335025,578599612
"partitionable=True,seed=1,data_seed=0",c37q2,1165210102,774754678
"partitionable=True,seed=1,data_seed=0",c37q3,1241063490,1633814285
"partitionable=True,seed=1,data_seed=0",c37q4,1313406451,2395906615
"partitionable=True,seed=1,data_seed=0",c38q0,3564868829,1394764967
"partitionable=True,seed=1,data_seed=0",c38q1,1729604300,3707090692
"partitionable=True,seed=1,data_seed=0",c38q2,2583223786,170530825
"partitionable=True,seed=1,data_seed=0",c38q3,3940174626,637632833
"partitionable=True,seed=1,data_seed=0",c38q4,3625088726,71723273
"partitionable=True,seed=1,data_seed=0",c39q0,3775024507,2333895356
"partitionable=True,seed=1,data_seed=0",c39q1,1296669303,3041190352
"partitionable=True,seed=1,data_seed=0",c39q2,134054067,1685343543
"partitionable=True,seed=1,data_seed=0",c39q3,4109096716,808448102
"partitionable=True,seed=1,data_seed=0",c39q4,2509750153,213899757
"partitionable=False,seed=0,data_seed=None",c00q0,3782158343,1646429704
"partitionable=False,seed=0,data_seed=None",c00q1,1599303342,3693000804
"partitionable=False,seed=0,data_seed=None",c00q2,2933290028,288678999
"partitionable=False,seed=0,data_seed=None",c00q3,2980185626,3563076216
"partitionable=False,seed=0,data_seed=None",c00q4,764756794,1224607532
"partitionable=False,seed=0,data_seed=None",c01q0,3768195656,3102107202
"partitionable=False,seed=0,data_seed=None",c01q1,2590967428,3043031827
"partitionable=False,seed=0,data_seed=None",c01q2,945698391,1449888832
"partitionable=False,seed=0,data_seed=None",c01q3,2202561896,2356901175
"partitionable=False,seed=0,data_seed=None",c01q4,3812623306,2720167898
"partitionable=False,seed=0,data_seed=None",c02q0,1406528643,3556397713
"partitionable=False,seed=0,data_seed=None",c02q1,1629450176,2335476802
"partitionable=False,seed=0,data_seed=None",c02q2,463537054,222943100
"partitionable=False,seed=0,data_seed=None",c02q3,1731134250,1939314454
"partitionable=False,seed=0,data_seed=None",c02q4,4224274496,3604039406
"partitionable=False,seed=0,data_seed=None",c03q0,3485640761,944106768
"partitionable=False,seed=0,data_seed=None",c03q1,1257311359,2711839822
"partitionable=False,seed=0,data_seed=None",c03q2,2025260770,1300529100
"partitionable=False,seed=0,data_seed=None",c03q3,1293380181,1919416238
"partitionable=False,seed=0,data_seed=None",c03q4,3776512860,745877233
"partitionable=False,seed=0,data_seed=None",c04q0,3257516873,4165287646
"partitionable=False,seed=0,data_seed=None",c04q1,129142006,4163407309
"partitionable=False,seed=0,data_seed=None",c04q2,3531357945,3041590266
"partitionable=False,seed=0,data_seed=None",c04q3,278019501,1318431466
"partitionable=False,seed=0,data_seed=None",c04q4,716258446,2596927256
"partitionable=False,seed=0,data_seed=None",c05q0,2724466839,520405445
"partitionable=False,seed=0,data_seed=None",c05q1,3615855991,2491452123
"partitionable=False,seed=0,data_seed=None",c05q2,1811824939,3668968369
"partitionable=False,seed=0,data_seed=None",c05q3,2541312801,3628912227
"partitionable=False,seed=0,data_seed=None",c05q4,2800733063,3055988942
"partitionable=False,seed=0,data_seed=None",c06q0,2257544038,2806315037
"partitionable=False,seed=0,data_seed=None",c06q1,2023518295,3638127182
"partitionable=False,seed=0,data_seed=None",c06q2,2428854000,2595359776
"partitionable=False,seed=0,data_seed=None",c06q3,2811068473,792595143
"partitionable=False,seed=0,data_seed=None",c06q4,1259207304,431326319
"partitionable=False,seed=0,data_seed=None",c07q0,2891939252,1548875672
"partitionable=False,seed=0,data_seed=None",c07q1,2118735713,116739210
"partitionable=False,seed=0,data_seed=None",c07q2,1128098709,330233391
"partitionable=False,seed=0,data_seed=None",c07q3,2551091100,2811429572
"partitionable=False,seed=0,data_seed=None",c07q4,1779107584,434907503
"partitionable=False,seed=0,data_seed=None",c08q0,2380604016,927901828
"partitionable=False,seed=0,data_seed=None",c08q1,2633747920,492588220
"partitionable=False,seed=0,data_seed=None",c08q2,3947973778,1008343784
"partitionable=False,seed=0,data_seed=None",c08q3,3873524969,2246352881
"partitionable=False,seed=0,data_seed=None",c08q4,949818238,4057349944
"partitionable=False,seed=0,data_seed=None",c09q0,859221461,2399757715
"partitionable=False,seed=0,data_seed=None",c09q1,3688554456,240931883
"partitionable=False,seed=0,data_seed=None",c09q2,1276009217,1596507704
"partitionable=False,seed=0,data_seed=None",c09q3,3817081777,2397538665
"partitionable=False,seed=0,data_seed=None",c09q4,2822682482,1708312852
"partitionable=False,seed=0,data_seed=None",c10q0,1601817392,182105767
"partitionable=False,seed=0,data_seed=None",c10q1,2924706170,468490585
"partitionable=False,seed=0,data_seed=None",c10q2,537576797,1760737322
"partitionable=False,seed=0,data_seed=None",c10q3,3135304486,971764410
"partitionable=False,seed=0,data_seed=None",c10q4,818662410,3551703494
"partitionable=False,seed=0,data_seed=None",c11q0,4168205752,2661034886
"partitionable=False,seed=0,data_seed=None",c11q1,1603694200,105980785
"partitionable=False,seed=0,data_seed=None",c11q2,729359377,2065315221
"partitionable=False,seed=0,data_seed=None",c11q3,1521959585,1539567336
"partitionable=False,seed=0,data_seed=None",c11q4,3617711599,148043662
"partitionable=False,seed=0,data_seed=None",c12q0,554482133,4025453761
"partitionable=False,seed=0,data_seed=None",c12q1,1753564929,236013483
"partitionable=False,seed=0,data_seed=None",c12q2,2717321556,1110060915
"partitionable=False,seed=0,data_seed=None",c12q3,3624285933,3024794807
"partitionable=False,seed=0,data_seed=None",c12q4,1081500677,1040285537
"partitionable=False,seed=0,data_seed=None",c13q0,669185808,1237650339
"partitionable=False,seed=0,data_seed=None",c13q1,3101179054,2331282370
"partitionable=False,seed=0,data_seed=None",c13q2,1312688848,1449351940
"partitionable=False,seed=0,data_seed=None",c13q3,3943493389,3599222804
"partitionable=False,seed=0,data_seed=None",c13q4,3230956412,2052493936
"partitionable=False,seed=0,data_seed=None",c14q0,2541057779,2185599594
"partitionable=False,seed=0,data_seed=None",c14q1,3102804658,3526785373
"partitionable=False,seed=0,data_seed=None",c14q2,1648012650,1641554450
"partitionable=False,seed=0,data_seed=None",c14q3,1648385079,3874724965
"partitionable=False,seed=0,data_seed=None",c14q4,1031274666,2168938845
"partitionable=False,seed=0,data_seed=None",c15q0,182646540,1058799281
"partitionable=False,seed=0,data_seed=None",c15q1,3270117922,2699435013
"partitionable=False,seed=0,data_seed=None",c15q2,908098340,2226428876
"partitionable=False,seed=0,data_seed=None",c15q3,2621634252,1513268728
"partitionable=False,seed=0,data_seed=None",c15q4,2403525212,4037564358
"partitionable=False,seed=0,data_seed=None",c16q0,2058083053,2876507817
"partitionable=False,seed=0,data_seed=None",c16q1,1663998777,2191376472
"partitionable=False,seed=0,data_seed=None",c16q2,1659200404,4162286548
"partitionable=False,seed=0,data_seed=None",c16q3,1021028070,1797792633
"partitionable=False,seed=0,data_seed=None",c16q4,4248238299,1794370607
"partitionable=False,seed=0,data_seed=None",c17q0,2060252495,3692829993
"partitionable=False,seed=0,data_seed=None",c17q1,1342746087,1942096861
"partitionable=False,seed=0,data_seed=None",c17q2,66494823,589395755
"partitionable=False,seed=0,data_seed=None",c17q3,2646969768,3023622625
"partitionable=False,seed=0,data_seed=None",c17q4,1118709191,2639636414
"partitionable=False,seed=0,data_seed=None",c18q0,1632300726,1508039634
"partitionable=False,seed=0,data_seed=None",c18q1,2295111016,748618019
"partitionable=False,seed=0,data_seed=None",c18q2,1423203698,3945377448
"partitionable=False,seed=0,data_seed=None",c18q3,2618272805,3678401865
"partitionable=False,seed=0,data_seed=None",c18q4,3189890392,2060011641
"partitionable=False,seed=0,data_seed=None",c19q0,3636503707,2179014393
"partitionable=False,seed=0,data_seed=None",c19q1,1908663214,3449777506
"partitionable=False,seed=0,data_seed=None",c19q2,494540892,3028706922
"partitionable=False,seed=0,data_seed=None",c19q3,2567197314,467471501
"partitionable=False,seed=0,data_seed=None",c19q4,1985443610,1360383156
"partitionable=False,seed=0,data_seed=None",c20q0,2481115365,267330726
"partitionable=False,seed=0,data_seed=None",c20q1,466580084,1006133010
"partitionable=False,seed=0,data_seed=None",c20q2,3193985806,3559498751
"partitionable=False,seed=0,data_seed=None",c20q3,308047080,694841093
"partitionable=False,seed=0,data_seed=None",c20q4,3478189976,2309155716
"partitionable=False,seed=0,data_seed=None",c21q0,4159729000,662240996
"partitionable=False,seed=0,data_seed=None",c21q1,2400526825,2401916699
"partitionable=False,seed=0,data_seed=None",c21q2,17386148,1595906215
"partitionable=False,seed=0,data_seed=None",c21q3,2402361987,1357996801
"partitionable=False,seed=0,data_seed=None",c21q4,1462208654,1283464145
"partitionable=False,seed=0,data_seed=None",c22q0,2016673481,2315546795
"partitionable=False,seed=0,data_seed=None",c22q1,2867132422,216792158
"partitionable=False,seed=0,data_seed=None",c22q2,3018966933,2719289831
"partitionable=False,seed=0,data_seed=None",c22q3,3893751073,2811344585
"partitionable=False,seed=0,data_seed=None",c22q4,2542457438,2243274679
"partitionable=False,seed=0,data_seed=None",c23q0,1796903150,2695749766
"partitionable=False,seed=0,data_seed=None",c23q1,1790791973,781066748
"partitionable=False,seed=0,data_seed=None",c23q2,3867526945,1653527781
"partitionable=False,seed=0,data_seed=None",c23q3,2940179609,2387655012
"partitionable=False,seed=0,data_seed=None",c23q4,2976055154,1227694054
"partitionable=False,seed=0,data_seed=None",c24q0,1402550188,4035015335
"partitionable=False,seed=0,data_seed=None",c24q1,3043761898,3490644899
"partitionable=False,seed=0,data_seed=None",c24q2,2308485718,3824663304
"partitionable=False,seed=0,data_seed=None",c24q3,764694011,2167606125
"partitionable=False,seed=0,data_seed=None",c24q4,1724566643,2753357375
"partitionable=False,seed=0,data_seed=None",c25q0,1263271282,4257769350
"partitionable=False,seed=0,data_seed=None",c25q1,2994141769,3019752145
"partitionable=False,seed=0,data_seed=None",c25q2,2427616602,472182725
"partitionable=False,seed=0,data_seed=None",c25q3,3519927879,929807234
"partitionable=False,seed=0,data_seed=None",c25q4,18233788,2447548345
"partitionable=False,seed=0,data_seed=None",c26q0,1016989579,753719315
"partitionable=False,seed=0,data_seed=None",c26q1,2320676423,2759653807
"partitionable=False,seed=0,data_seed=None",c26q2,1549347731,816975546
"partitionable=False,seed=0,data_seed=None",c26q3,1201738377,3055246607
"partitionable=False,seed=0,data_seed=None",c26q4,3954781188,1427887601
"partitionable=False,seed=0,data_seed=None",c27q0,820355952,1827040464
"partitionable=False,seed=0,data_seed=None",c27q1,1052754682,3416831416
"partitionable=False,seed=0,data_seed=None",c27q2,2490650016,2100750070
"partitionable=False,seed=0,data_seed=None",c27q3,1142887692,3781053411
"partitionable=False,seed=0,data_seed=None",c27q4,1480947186,3888936597
"partitionable=False,seed=0,data_seed=None",c28q0,803197425,2789194900
"partitionable=False,seed=0,data_seed=None",c28q1,1472620693,3430694640
"partitionable=False,seed=0,data_seed=None",c28q2,3694018867,1298850408
"partitionable=False,seed=0,data_seed=None",c28q3,1731686061,4053458411
"partitionable=False,seed=0,data_seed=None",c28q4,633323606,1396070600
"partitionable=False,seed=0,data_seed=None",c29q0,7442851,2619265830
"partitionable=False,seed=0,data_seed=None",c29q1,1157112056,950932950
"partitionable=False,seed=0,data_seed=None",c29q2,3030276823,2898822687
"partitionable=False,seed=0,data_seed=None",c29q3,2674897533,3005209035
"partitionable=False,seed=0,data_seed=None",c29q4,2726695957,1140480334
"partitionable=False,seed=0,data_seed=None",c30q0,3387551720,1934522992
"partitionable=False,seed=0,data_seed=None",c30q1,3663961293,4017905752
"partitionable=False,seed=0,data_seed=None",c30q2,755187337,3534820875
"partitionable=False,seed=0,data_seed=None",c30q3,1882784176,201470151
"partitionable=False,seed=0,data_seed=None",c30q4,2158580190,728819383
"partitionable=False,seed=0,data_seed=None",c31q0,3849693530,2114270270
"partitionable=False,seed=0,data_seed=None",c31q1,4266726778,2410605270
"partitionable=False,seed=0,data_seed=None",c31q2,1150272594,3602043077
"partitionable=False,seed=0,data_seed=None",c31q3,3359316824,3988936672
"partitionable=False,seed=0,data_seed=None",c31q4,1028936792,362124541
"partitionable=False,seed=0,data_seed=None",c32q0,1683127665,1428770721
"partitionable=False,seed=0,data_seed=None",c32q1,3413266348,3622186958
"partitionable=False,seed=0,data_seed=None",c32q2,2850451750,1827554467
"partitionable=False,seed=0,data_seed=None",c32q3,1531549467,261834665
"partitionable=False,seed=0,data_seed=None",c32q4,3501226509,3870146642
"partitionable=False,seed=0,data_seed=None",c33q0,984465181,3596601240
"partitionable=False,seed=0,data_seed=None",c33q1,4124867576,1244524673
"partitionable=False,seed=0,data_seed=None",c33q2,1655583541,2246477344
"partitionable=False,seed=0,data_seed=None",c33q3,789957713,2732710965
"partitionable=False,seed=0,data_seed=None",c33q4,4250322662,2067175829
"partitionable=False,seed=0,data_seed=None",c34q0,176433852,1333803407
"partitionable=False,seed=0,data_seed=None",c34q1,1782417932,1559746079
"partitionable=False,seed=0,data_seed=None",c34q2,470131266,3121266702
"partitionable=False,seed=0,data_seed=None",c34q3,1216511627,1302228238
"partitionable=False,seed=0,data_seed=None",c34q4,477240337,1736707103
"partitionable=False,seed=0,data_seed=None",c35q0,3001673456,2271227945
"partitionable=False,seed=0,data_seed=None",c35q1,659925296,4278766909
"partitionable=False,seed=0,data_seed=None",c35q2,2504906505,480929749
"partitionable=False,seed=0,data_seed=None",c35q3,1291611531,3153977844
"partitionable=False,seed=0,data_seed=None",c35q4,1884701433,1562211507
"partitionable=False,seed=0,data_seed=None",c36q0,1182226591,4171014413
"partitionable=False,seed=0,data_seed=None",c36q1,4228658350,1001649778
"partitionable=False,seed=0,data_seed=None",c36q2,2532353496,1430564251
"partitionable=False,seed=0,data_seed=None",c36q3,2945782100,2021965440
"partitionable=False,seed=0,data_seed=None",c36q4,2709429634,661948100
"partitionable=False,seed=0,data_seed=None",c37q0,387750905,3017778584
"partitionable=False,seed=0,data_seed=None",c37q1,270675942,2726984877
"partitionable=False,seed=0,data_seed=None",c37q2,2907735614,406277045
"partitionable=False,seed=0,data_seed=None",c37q3,3008267846,1887399439
"partitionable=False,seed=0,data_seed=None",c37q4,2575447051,2126815262
"partitionable=False,seed=0,data_seed=None",c38q0,1043874251,1354517948
"partitionable=False,seed=0,data_seed=None",c38q1,3618706100,396387577
"partitionable=False,seed=0,data_seed=None",c38q2,1897544,2464906539
"partitionable=False,seed=0,data_seed=None",c38q3,3288127004,1834280607
"partitionable=False,seed=0,data_seed=None",c38q4,3926073508,3565450521
"partitionable=False,seed=0,data_seed=None",c39q0,4002359032,1842413540
"partitionable=False,seed=0,data_seed=None",c39q1,2628830256,1323696019
"partitionable=False,seed=0,data_seed=None",c39q2,3635326692,567168701
"partitionable=False,seed=0,data_seed=None",c39q3,3455740087,493147867
"partitionable=False,seed=0,data_seed=None",c39q4,3577626411,1862051406
"partitionable=False,seed=0,data_seed=0",c00q0,1190051861,3378399878
"partitionable=False,seed=0,data_seed=0",c00q1,3083177057,2995120768
"partitionable=False,seed=0,data_seed=0",c00q2,353805769,818124496
"partitionable=False,seed=0,data_seed=0",c00q3,2176886826,1009946107
"partitionable=False,seed=0,data_seed=0",c00q4,1021269120,2954750475
"partitionable=False,seed=0,data_seed=0",c01q0,527828757,72052043
"partitionable=False,seed=0,data_seed=0",c01q1,4177824387,668379422
"partitionable=False,seed=0,data_seed=0",c01q2,304163186,2637206982
"partitionable=False,seed=0,data_seed=0",c01q3,1923524190,4002126787
"partitionable=False,seed=0,data_seed=0",c01q4,3492023162,3412104786
"partitionable=False,seed=0,data_seed=0",c02q0,3071571173,4188939210
"partitionable=False,seed=0,data_seed=0",c02q1,1012140967,4012831679
"partitionable=False,seed=0,data_seed=0",c02q2,3094829577,2450169138
"partitionable=False,seed=0,data_seed=0",c02q3,2107209393,2140655942
"partitionable=False,seed=0,data_seed=0",c02q4,3235134413,1665075016
"partitionable=False,seed=0,data_seed=0",c03q0,3145501041,2310548290
"partitionable=False,seed=0,data_seed=0",c03q1,2050561787,2374081672
"partitionable=False,seed=0,data_seed=0",c03q2,1741830932,981905705
"partitionable=False,seed=0,data_seed=0",c03q3,1557082406,2846845285
"partitionable=False,seed=0,data_seed=0",c03q4,3170665506,33126154
"partitionable=False,seed=0,data_seed=0",c04q0,282883890,3136050465
"partitionable=False,seed=0,data_seed=0",c04q1,210684398,2054326450
"partitionable=False,seed=0,data_seed=0",c04q2,1862149597,3268865501
"partitionable=False,seed=0,data_seed=0",c04q3,2235676844,1040477908
"partitionable=False,seed=0,data_seed=0",c04q4,2952871034,52680198
"partitionable=False,seed=0,data_seed=0",c05q0,2656704395,2649855282
"partitionable=False,seed=0,data_seed=0",c05q1,2047631329,709931494
"partitionable=False,seed=0,data_seed=0",c05q2,1462173492,575106100
"partitionable=False,seed=0,data_seed=0",c05q3,1480278529,54051921
"partitionable=False,seed=0,data_seed=0",c05q4,3554827899,1621315884
"partitionable=False,seed=0,data_seed=0",c06q0,62130258,100781157
"partitionable=False,seed=0,data_seed=0",c06q1,1993001819,1827458279
"partitionable=False,seed=0,data_seed=0",c06q2,2868673964,391269706
"partitionable=False,seed=0,data_seed=0",c06q3,3541040445,40705181
"partitionable=False,seed=0,data_seed=0",c06q4,649042594,1511574762
"partitionable=False,seed=0,data_seed=0",c07q0,2812535395,3812956721
"partitionable=False,seed=0,data_seed=0",c07q1,2066223643,58131025
"partitionable=False,seed=0,data_seed=0",c07q2,2154213982,1981003211
"partitionable=False,seed=0,data_seed=0",c07q3,806375277,13190115
"partitionable=False,seed=0,data_seed=0",c07q4,524781558,1524088958
"partitionable=False,seed=0,data_seed=0",c08q0,4015594336,1372881000
"partitionable=False,seed=0,data_seed=0",c08q1,17656193,655851994
"partitionable=False,seed=0,data_seed=0",c08q2,2073028738,2881920484
"partitionable=False,seed=0,data_seed=0",c08q3,3717358954,2372523546
"partitionable=False,seed=0,data_seed=0",c08q4,2022177024,2465663459
"partitionable=False,seed=0,data_seed=0",c09q0,311820336,4139521515
"partitionable=False,seed=0,data_seed=0",c09q1,845796362,1325994119
"partitionable=False,seed=0,data_seed=0",c09q2,3170262363,199916998
"partitionable=False,seed=0,data_seed=0",c09q3,620327929,3086030268
"partitionable=False,seed=0,data_seed=0",c09q4,2784737817,3856223527
"partitionable=False,seed=0,data_seed=0",c10q0,4141967295,2160226514
"partitionable=False,seed=0,data_seed=0",c10q1,657137818,2079692016
"partitionable=False,seed=0,data_seed=0",c10q2,4180734956,389112065
"partitionable=False,seed=0,data_seed=0",c10q3,89922532,760234501
"partitionable=False,seed=0,data_seed=0",c10q4,2912030753,2297425678
"partitionable=False,seed=0,data_seed=0",c11q0,1297738785,2422650310
"partitionable=False,seed=0,data_seed=0",c11q1,1200348220,2186057779
"partitionable=False,seed=0,data_seed=0",c11q2,2607237329,1374046317
"partitionable=False,seed=0,data_seed=0",c11q3,708818949,3779624547
"partitionable=False,seed=0,data_seed=0",c11q4,1671745757,732863755
"partitionable=False,seed=0,data_seed=0",c12q0,3465309431,2268002033
"partitionable=False,seed=0,data_seed=0",c12q1,1751085651,1767007572
"partitionable=False,seed=0,data_seed=0",c12q2,1993161577,2095948155
"partitionable=False,seed=0,data_seed=0",c12q3,2991542006,3713215006
"partitionable=False,seed=0,data_seed=0",c12q4,1470159962,1310773565
"partitionable=False,seed=0,data_seed=0",c13q0,1322244286,4135020857
"partitionable=False,seed=0,data_seed=0",c13q1,4005357888,3018987104
"partitionable=False,seed=0,data_seed=0",c13q2,1322698532,3069504697
"partitionable=False,seed=0,data_seed=0",c13q3,3733390655,2717893831
"partitionable=False,seed=0,data_seed=0",c13q4,3389311751,902030008
"partitionable=False,seed=0,data_seed=0",c14q0,3873582201,2699785501
"partitionable=False,seed=0,data_seed=0",c14q1,2004008416,2661712237
"partitionable=False,seed=0,data_seed=0",c14q2,3490469263,3323079586
"partitionable=False,seed=0,data_seed=0",c14q3,2534718537,1322172193
"partitionable=False,seed=0,data_seed=0",c14q4,1198927036,1570327735
"partitionable=False,seed=0,data_seed=0",c15q0,4133677301,3384441477
"partitionable=False,seed=0,data_seed=0",c15q1,2480797372,3357582279
"partitionable=False,seed=0,data_seed=0",c15q2,3551382381,2758965935
"partitionable=False,seed=0,data_seed=0",c15q3,3318901696,1461202947
"partitionable=False,seed=0,data_seed=0",c15q4,4113764057,540932025
"partitionable=False,seed=0,data_seed=0",c16q0,120745171,2912784367
"partitionable=False,seed=0,data_seed=0",c16q1,100605228,2685376783
"partitionable=False,seed=0,data_seed=0",c16q2,3525377324,3802737815
"partitionable=False,seed=0,data_seed=0",c16q3,431674331,737317861
"partitionable=False,seed=0,data_seed=0",c16q4,2288823113,3888355890
"partitionable=False,seed=0,data_seed=0",c17q0,561812786,3878300872
"partitionable=False,seed=0,data_seed=0",c17q1,3231131280,2747270270
"partitionable=False,seed=0,data_seed=0",c17q2,2860667764,3547209971
"partitionable=False,seed=0,data_seed=0",c17q3,17430663,1430860621
"partitionable=False,seed=0,data_seed=0",c17q4,201710157,3409606253
"partitionable=False,seed=0,data_seed=0",c18q0,407482768,1135317108
"partitionable=False,seed=0,data_seed=0",c18q1,2226412856,2654918905
"partitionable=False,seed=0,data_seed=0",c18q2,1165046892,78524870
"partitionable=False,seed=0,data_seed=0",c18q3,3824393427,710408657
"partitionable=False,seed=0,data_seed=0",c18q4,4275422421,1059499539
"partitionable=False,seed=0,data_seed=0",c19q0,930528665,3776221623
"partitionable=False,seed=0,data_seed=0",c19q1,3099848793,3088284582
"partitionable=False,seed=0,data_seed=0",c19q2,2343783241,2894231268
"partitionable=False,seed=0,data_seed=0",c19q3,3217433864,3126842795
"partitionable=False,seed=0,data_seed=0",c19q4,3818512264,3182731205
"partitionable=False,seed=0,data_seed=0",c20q0,2774584839,913823728
"partitionable=False,seed=0,data_seed=0",c20q1,1145298360,506128707
"partitionable=False,seed=0,data_seed=0",c20q2,1416795018,2843852754
"partitionable=False,seed=0,data_seed=0",c20q3,369271120,1360166974
"partitionable=False,seed=0,data_seed=0",c20q4,1539807595,2821956766
"partitionable=False,seed=0,data_seed=0",c21q0,1925100388,392532180
"partitionable=False,seed=0,data_seed=0",c21q1,1590605992,3646765222
"partitionable=False,seed=0,data_seed=0",c21q2,747411717,2260197091
"partitionable=False,seed=0,data_seed=0",c21q3,929542704,4244486138
"partitionable=False,seed=0,data_seed=0",c21q4,235711969,3277183204
"partitionable=False,seed=0,data_seed=0",c22q0,2125132335,1915843415
"partitionable=False,seed=0,data_seed=0",c22q1,4246119938,2778544278
"partitionable=False,seed=0,data_seed=0",c22q2,173537479,1688397992
"partitionable=False,seed=0,data_seed=0",c22q3,2260325590,2618897763
"partitionable=False,seed=0,data_seed=0",c22q4,2399233620,404509607
"partitionable=False,seed=0,data_seed=0",c23q0,434076850,1252088000
"partitionable=False,seed=0,data_seed=0",c23q1,191363863,3481132505
"partitionable=False,seed=0,data_seed=0",c23q2,1459078749,3519798667
"partitionable=False,seed=0,data_seed=0",c23q3,2326896551,1568252098
"partitionable=False,seed=0,data_seed=0",c23q4,3082836327,1000703401
"partitionable=False,seed=0,data_seed=0",c24q0,2850531582,1208652348
"partitionable=False,seed=0,data_seed=0",c24q1,936279365,3051659249
"partitionable=False,seed=0,data_seed=0",c24q2,1391148920,2307468824
"partitionable=False,seed=0,data_seed=0",c24q3,3088527396,3668834709
"partitionable=False,seed=0,data_seed=0",c24q4,1700929188,393961025
"partitionable=False,seed=0,data_seed=0",c25q0,2231632232,3082587517
"partitionable=False,seed=0,data_seed=0",c25q1,2191678523,1476764492
"partitionable=False,seed=0,data_seed=0",c25q2,2182377357,906062295
"partitionable=False,seed=0,data_seed=0",c25q3,4095114944,4046687905
"partitionable=False,seed=0,data_seed=0",c25q4,1610043558,4154930680
"partitionable=False,seed=0,data_seed=0",c26q0,3622598101,713618940
"partitionable=False,seed=0,data_seed=0",c26q1,796478333,2825000193
"partitionable=False,seed=0,data_seed=0",c26q2,3844117143,2497501130
"partitionable=False,seed=0,data_seed=0",c26q3,1413687925,3868391155
"partitionable=False,seed=0,data_seed=0",c26q4,3250608230,1790533906
"partitionable=False,seed=0,data_seed=0",c27q0,2306057753,2432501315
"partitionable=False,seed=0,data_seed=0",c27q1,2541483651,4050599390
"partitionable=False,seed=0,data_seed=0",c27q2,3143682036,830818550
"partitionable=False,seed=0,data_seed=0",c27q3,4231177178,706855160
"partitionable=False,seed=0,data_seed=0",c27q4,753154404,419008608
"partitionable=False,seed=0,data_seed=0",c28q0,295834382,2023665105
"partitionable=False,seed=0,data_seed=0",c28q1,837059930,1892388369
"partitionable=False,seed=0,data_seed=0",c28q2,1199009903,4219583254
"partitionable=False,seed=0,data_seed=0",c28q3,716001895,844343329
"partitionable=False,seed=0,data_seed=0",c28q4,3327128781,392989312
"partitionable=False,seed=0,data_seed=0",c29q0,1003067036,903078171
"partitionable=False,seed=0,data_seed=0",c29q1,3147343763,2745520118
"partitionable=False,seed=0,data_seed=0",c29q2,2876622431,2991797698
"partitionable=False,seed=0,data_seed=0",c29q3,3662173432,2142283070
"partitionable=False,seed=0,data_seed=0",c29q4,2194458446,1674696553
"partitionable=False,seed=0,data_seed=0",c30q0,3827727061,662310612
"partitionable=False,seed=0,data_seed=0",c30q1,2810996135,2093373504
"partitionable=False,seed=0,data_seed=0",c30q2,396579681,3677310401
"partitionable=False,seed=0,data_seed=0",c30q3,495426337,1745535883
"partitionable=False,seed=0,data_seed=0",c30q4,3133201262,2730944134
"partitionable=False,seed=0,data_seed=0",c31q0,3187009499,2509335815
"partitionable=False,seed=0,data_seed=0",c31q1,3099248910,2714780496
"partitionable=False,seed=0,data_seed=0",c31q2,3303484813,2980473408
"partitionable=False,seed=0,data_seed=0",c31q3,421350359,2710926019
"partitionable=False,seed=0,data_seed=0",c31q4,3105454585,2580546964
"partitionable=False,seed=0,data_seed=0",c32q0,3451713413,3516407533
"partitionable=False,seed=0,data_seed=0",c32q1,3651025333,3839208911
"partitionable=False,seed=0,data_seed=0",c32q2,1618594808,2432085428
"partitionable=False,seed=0,data_seed=0",c32q3,1162916230,2706323167
"partitionable=False,seed=0,data_seed=0",c32q4,2841879041,2349347704
"partitionable=False,seed=0,data_seed=0",c33q0,3738303493,580766
"partitionable=False,seed=0,data_seed=0",c33q1,1786551994,716565827
"partitionable=False,seed=0,data_seed=0",c33q2,2478623436,932810507
"partitionable=False,seed=0,data_seed=0",c33q3,2867258715,3365834797
"partitionable=False,seed=0,data_seed=0",c33q4,3240704652,2883452952
"partitionable=False,seed=0,data_seed=0",c34q0,1305814268,2192007215
"partitionable=False,seed=0,data_seed=0",c34q1,3395757536,4023342024
"partitionable=False,seed=0,data_seed=0",c34q2,1432274313,753996396
"partitionable=False,seed=0,data_seed=0",c34q3,3160104805,3793083447
"partitionable=False,seed=0,data_seed=0",c34q4,1534505646,1813156310
"partitionable=False,seed=0,data_seed=0",c35q0,2028261590,1208879780
"partitionable=False,seed=0,data_seed=0",c35q1,1144831415,2315347119
"partitionable=False,seed=0,data_seed=0",c35q2,3928497353,3849635079
"partitionable=False,seed=0,data_seed=0",c35q3,3718989933,872125047
"partitionable=False,seed=0,data_seed=0",c35q4,795480188,1620304847
"partitionable=False,seed=0,data_seed=0",c36q0,611291956,1260874036
"partitionable=False,seed=0,data_seed=0",c36q1,1619612323,3078457675
"partitionable=False,seed=0,data_seed=0",c36q2,241317071,1296992055
"partitionable=False,seed=0,data_seed=0",c36q3,3184392419,2882575273
"partitionable=False,seed=0,data_seed=0",c36q4,1604842315,2864803619
"partitionable=False,seed=0,data_seed=0",c37q0,1985583157,1590608903
"partitionable=False,seed=0,data_seed=0",c37q1,2180149359,3461699521
"partitionable=False,seed=0,data_seed=0",c37q2,4267052573,737817558
"partitionable=False,seed=0,data_seed=0",c37q3,1167038089,1654036279
"partitionable=False,seed=0,data_seed=0",c37q4,1160317006,2982967075
"partitionable=False,seed=0,data_seed=0",c38q0,1273470680,353609796
"partitionable=False,seed=0,data_seed=0",c38q1,96842595,2345765290
"partitionable=False,seed=0,data_seed=0",c38q2,1049919092,757004447
"partitionable=False,seed=0,data_seed=0",c38q3,2361784478,1402200007
"partitionable=False,seed=0,data_seed=0",c38q4,3340536816,674995597
"partitionable=False,seed=0,data_seed=0",c39q0,766913578,3450467633
"partitionable=False,seed=0,data_seed=0",c39q1,1337554781,1566383843
"partitionable=False,seed=0,data_seed=0",c39q2,1483411563,4259231228
"partitionable=False,seed=0,data_seed=0",c39q3,1681924471,4181128000
"partitionable=False,seed=0,data_seed=0",c39q4,1858755990,2356961459
"partitionable=False,seed=1,data_seed=None",c00q0,159704087,2258731330
"partitionable=False,seed=1,data_seed=None",c00q1,4152452724,1532026624
"partitionable=False,seed=1,data_seed=None",c00q2,872071974,3397441260
"partitionable=False,seed=1,data_seed=None",c00q3,3629632700,1159339494
"partitionable=False,seed=1,data_seed=None",c00q4,1651679256,3031604634
"partitionable=False,seed=1,data_seed=None",c01q0,974126418,1252657222
"partitionable=False,seed=1,data_seed=None",c01q1,1918724087,4076595195
"partitionable=False,seed=1,data_seed=None",c01q2,1806299438,745462847
"partitionable=False,seed=1,data_seed=None",c01q3,2292276696,1534168561
"partitionable=False,seed=1,data_seed=None",c01q4,271198588,2997449132
"partitionable=False,seed=1,data_seed=None",c02q0,3302174339,511293323
"partitionable=False,seed=1,data_seed=None",c02q1,3000675925,4180430148
"partitionable=False,seed=1,data_seed=None",c02q2,1973810381,2721911084
"partitionable=False,seed=1,data_seed=None",c02q3,789577531,3097476623
"partitionable=False,seed=1,data_seed=None",c02q4,2531283992,3195812089
"partitionable=False,seed=1,data_seed=None",c03q0,2779039391,4024443305
"partitionable=False,seed=1,data_seed=None",c03q1,394367014,2257642708
"partitionable=False,seed=1,data_seed=None",c03q2,1193378751,99868349
"partitionable=False,seed=1,data_seed=None",c03q3,2875251495,1356297576
"partitionable=False,seed=1,data_seed=None",c03q4,1969459182,1006789190
"partitionable=False,seed=1,data_seed=None",c04q0,3256136475,3551306411
"partitionable=False,seed=1,data_seed=None",c04q1,37362009,1261847332
"partitionable=False,seed=1,data_seed=None",c04q2,1328992098,3426037660
"partitionable=False,seed=1,data_seed=None",c04q3,1490404620,3774922000
"partitionable=False,seed=1,data_seed=None",c04q4,1508308771,3880248683
"partitionable=False,seed=1,data_seed=None",c05q0,2517307961,577960232
"partitionable=False,seed=1,data_seed=None",c05q1,497562296,968923788
"partitionable=False,seed=1,data_seed=None",c05q2,1547214113,3100123821
"partitionable=False,seed=1,data_seed=None",c05q3,988430929,939226162
"partitionable=False,seed=1,data_seed=None",c05q4,447093685,2092893606
"partitionable=False,seed=1,data_seed=None",c06q0,254965552,2300604848
"partitionable=False,seed=1,data_seed=None",c06q1,1215316917,2076860394
"partitionable=False,seed=1,data_seed=None",c06q2,476181301,937508614
"partitionable=False,seed=1,data_seed=None",c06q3,1291737085,4068278187
"partitionable=False,seed=1,data_seed=None",c06q4,2829997914,3198495693
"partitionable=False,seed=1,data_seed=None",c07q0,27964111,321966343
"partitionable=False,seed=1,data_seed=None",c07q1,3214258325,1571878950
"partitionable=False,seed=1,data_seed=None",c07q2,1586820058,3585540006
"partitionable=False,seed=1,data_seed=None",c07q3,1080142791,4205389402
"partitionable=False,seed=1,data_seed=None",c07q4,1620551381,2994948040
"partitionable=False,seed=1,data_seed=None",c08q0,1927924840,1461278238
"partitionable=False,seed=1,data_seed=None",c08q1,1555755347,3907309309
"partitionable=False,seed=1,data_seed=None",c08q2,339921630,3068720229
"partitionable=False,seed=1,data_seed=None",c08q3,3412368819,2504959403
"partitionable=False,seed=1,data_seed=None",c08q4,3628179935,4016008135
"partitionable=False,seed=1,data_seed=None",c09q0,2962115098,1581429843
"partitionable=False,seed=1,data_seed=None",c09q1,722136376,2824388155
"partitionable=False,seed=1,data_seed=None",c09q2,1454543232,2133759252
"partitionable=False,seed=1,data_seed=None",c09q3,2089523782,824125292
"partitionable=False,seed=1,data_seed=None",c09q4,812022008,1754007466
"partitionable=False,seed=1,data_seed=None",c10q0,3190668566,1595855406
"partitionable=False,seed=1,data_seed=None",c10q1,821284247,384558195
"partitionable=False,seed=1,data_seed=None",c10q2,1670938099,2779084871
"partitionable=False,seed=1,data_seed=None",c10q3,472902531,2918392086
"partitionable=False,seed=1,data_seed=None",c10q4,1217400626,1302537960
"partitionable=False,seed=1,data_seed=None",c11q0,1474944553,1972511299
"partitionable=False,seed=1,data_seed=None",c11q1,2667104860,309887907
"partitionable=False,seed=1,data_seed=None",c11q2,444268235,401859707
"partitionable=False,seed=1,data_seed=None",c11q3,523529601,3804987483
"partitionable=False,seed=1,data_seed=None",c11q4,2517325287,3804504582
"partitionable=False,seed=1,data_seed=None",c12q0,3317548972,1143679333
"partitionable=False,seed=1,data_seed=None",c12q1,4202536173,4127353859
"partitionable=False,seed=1,data_seed=None",c12q2,802314211,2067507648
"partitionable=False,seed=1,data_seed=None",c12q3,2308277095,1356605399
"partitionable=False,seed=1,data_seed=None",c12q4,2342039005,73741613
"partitionable=False,seed=1,data_seed=None",c13q0,642237580,253839619
"partitionable=False,seed=1,data_seed=None",c13q1,1046972064,3524560555
"partitionable=False,seed=1,data_seed=None",c13q2,3676034031,1787619180
"partitionable=False,seed=1,data_seed=None",c13q3,3067012765,1266194347
"partitionable=False,seed=1,data_seed=None",c13q4,1218659768,3055364375
"partitionable=False,seed=1,data_seed=None",c14q0,1457612999,1874775253
"partitionable=False,seed=1,data_seed=None",c14q1,4040780079,1867911134
"partitionable=False,seed=1,data_seed=None",c14q2,4155382599,2845689934
"partitionable=False,seed=1,data_seed=None",c14q3,4151140768,1512020835
"partitionable=False,seed=1,data_seed=None",c14q4,3852920144,2029222199
"partitionable=False,seed=1,data_seed=None",c15q0,2112469633,3061133632
"partitionable=False,seed=1,data_seed=None",c15q1,740859665,814541806
"partitionable=False,seed=1,data_seed=None",c15q2,2747497155,2967707153
"partitionable=False,seed=1,data_seed=None",c15q3,3132852232,1814515585
"partitionable=False,seed=1,data_seed=None",c15q4,2672856355,1493123079
"partitionable=False,seed=1,data_seed=None",c16q0,1218792282,475475537
"partitionable=False,seed=1,data_seed=None",c16q1,2918692871,1539016280
"partitionable=False,seed=1,data_seed=None",c16q2,4285437569,4001627997
"partitionable=False,seed=1,data_seed=None",c16q3,3448025300,3789719830
"partitionable=False,seed=1,data_seed=None",c16q4,1588426589,1625051767
"partitionable=False,seed=1,data_seed=None",c17q0,4182856931,1880788938
"partitionable=False,seed=1,data_seed=None",c17q1,362790401,1853787613
"partitionable=False,seed=1,data_seed=None",c17q2,2484138397,2060741786
"partitionable=False,seed=1,data_seed=None",c17q3,2079148409,3597469262
"partitionable=False,seed=1,data_seed=None",c17q4,3284507896,2265511328
"partitionable=False,seed=1,data_seed=None",c18q0,3615609002,1616099867
"partitionable=False,seed=1,data_seed=None",c18q1,2871259869,402657599
"partitionable=False,seed=1,data_seed=None",c18q2,71370583,923112275
"partitionable=False,seed=1,data_seed=None",c18q3,3043444623,2965063435
"partitionable=False,seed=1,data_seed=None",c18q4,2620464747,1152549691
"partitionable=False,seed=1,data_seed=None",c19q0,1422016860,39920727
"partitionable=False,seed=1,data_seed=None",c19q1,2894566390,987446198
"partitionable=False,seed=1,data_seed=None",c19q2,1094422879,831114733
"partitionable=False,seed=1,data_seed=None",c19q3,505815969,580810185
"partitionable=False,seed=1,data_seed=None",c19q4,598984181,3453048727
"partitionable=False,seed=1,data_seed=None",c20q0,426289812,692565459
"partitionable=False,seed=1,data_seed=None",c20q1,908727103,2090251610
"partitionable=False,seed=1,data_seed=None",c20q2,3153167984,1088595062
"partitionable=False,seed=1,data_seed=None",c20q3,1550872982,4189573264
"partitionable=False,seed=1,data_seed=None",c20q4,1334452225,2513190382
"partitionable=False,seed=1,data_seed=None",c21q0,3756306529,1396668489
"partitionable=False,seed=1,data_seed=None",c21q1,3526867410,1890554074
"partitionable=False,seed=1,data_seed=None",c21q2,919715209,918628390
"partitionable=False,seed=1,data_seed=None",c21q3,2385284222,843284758
"partitionable=False,seed=1,data_seed=None",c21q4,2889092024,3555168349
"partitionable=False,seed=1,data_seed=None",c22q0,824104974,3496465113
"partitionable=False,seed=1,data_seed=None",c22q1,3375486146,3752387377
"partitionable=False,seed=1,data_seed=None",c22q2,2106289425,4267033984
"partitionable=False,seed=1,data_seed=None",c22q3,3543917099,2536862022
"partitionable=False,seed=1,data_seed=None",c22q4,3892256456,1848770893
"partitionable=False,seed=1,data_seed=None",c23q0,2279464043,787449878
"partitionable=False,seed=1,data_seed=None",c23q1,2393123352,2136511714
"partitionable=False,seed=1,data_seed=None",c23q2,3317955721,3789820276
"partitionable=False,seed=1,data_seed=None",c23q3,1992897836,3898271434
"partitionable=False,seed=1,data_seed=None",c23q4,3666715980,2110828387
"partitionable=False,seed=1,data_seed=None",c24q0,2508024304,224256617
"partitionable=False,seed=1,data_seed=None",c24q1,3743230757,1364854346
"partitionable=False,seed=1,data_seed=None",c24q2,1199015267,186667546
"partitionable=False,seed=1,data_seed=None",c24q3,2178761680,4254575111
"partitionable=False,seed=1,data_seed=None",c24q4,4007305271,932400048
"partitionable=False,seed=1,data_seed=None",c25q0,1486836043,1681777028
"partitionable=False,seed=1,data_seed=None",c25q1,3567834069,220233441
"partitionable=False,seed=1,data_seed=None",c25q2,2637241500,3108407042
"partitionable=False,seed=1,data_seed=None",c25q3,3485073548,4227557228
"partitionable=False,seed=1,data_seed=None",c25q4,1104755016,3157873650
"partitionable=False,seed=1,data_seed=None",c26q0,1816069214,43263551
"partitionable=False,seed=1,data_seed=None",c26q1,3610642753,456623084
"partitionable=False,seed=1,data_seed=None",c26q2,3490556149,1385369626
"partitionable=False,seed=1,data_seed=None",c26q3,1248196487,2540921794
"partitionable=False,seed=1,data_seed=None",c26q4,427625701,2261357865
"partitionable=False,seed=1,data_seed=None",c27q0,2099996386,3110988462
"partitionable=False,seed=1,data_seed=None",c27q1,1385440890,1344399098
"partitionable=False,seed=1,data_seed=None",c27q2,3069228827,1450351212
"partitionable=False,seed=1,data_seed=None",c27q3,68301520,1155968698
"partitionable=False,seed=1,data_seed=None",c27q4,1281342582,3941875057
"partitionable=False,seed=1,data_seed=None",c28q0,1619587505,1681768757
"partitionable=False,seed=1,data_seed=None",c28q1,2362567738,2818675497
"partitionable=False,seed=1,data_seed=None",c28q2,651643810,2511634750
"partitionable=False,seed=1,data_seed=None",c28q3,1031271470,232920097
"partitionable=False,seed=1,data_seed=None",c28q4,1167918664,770995171
"partitionable=False,seed=1,data_seed=None",c29q0,1703634845,3915777018
"partitionable=False,seed=1,data_seed=None",c29q1,4065995792,1838740208
"partitionable=False,seed=1,data_seed=None",c29q2,1177565884,513151849
"partitionable=False,seed=1,data_seed=None",c29q3,859111127,2767129955
"partitionable=False,seed=1,data_seed=None",c29q4,2122095863,299119577
"partitionable=False,seed=1,data_seed=None",c30q0,952076910,3381620666
"partitionable=False,seed=1,data_seed=None",c30q1,3328310244,3411095411
"partitionable=False,seed=1,data_seed=None",c30q2,2951817931,1889823875
"partitionable=False,seed=1,data_seed=None",c30q3,1780438419,1891045830
"partitionable=False,seed=1,data_seed=None",c30q4,1154936166,1910562854
"partitionable=False,seed=1,data_seed=None",c31q0,1776063042,92617693
"partitionable=False,seed=1,data_seed=None",c31q1,1890169364,2121681806
"partitionable=False,seed=1,data_seed=None",c31q2,2603150214,855457735
"partitionable=False,seed=1,data_seed=None",c31q3,2966927280,1727098356
"partitionable=False,seed=1,data_seed=None",c31q4,4100834755,2213761952
"partitionable=False,seed=1,data_seed=None",c32q0,3097368151,3818935500
"partitionable=False,seed=1,data_seed=None",c32q1,2454057814,265959368
"partitionable=False,seed=1,data_seed=None",c32q2,1568060509,1673561522
"partitionable=False,seed=1,data_seed=None",c32q3,2108851874,2591611293
"partitionable=False,seed=1,data_seed=None",c32q4,2414063416,4111982572
"partitionable=False,seed=1,data_seed=None",c33q0,3826751542,3776588928
"partitionable=False,seed=1,data_seed=None",c33q1,4096217755,434940624
"partitionable=False,seed=1,data_seed=None",c33q2,2142112643,221542935
"partitionable=False,seed=1,data_seed=None",c33q3,2199100841,1729993108
"partitionable=False,seed=1,data_seed=None",c33q4,3764712471,4060240514
"partitionable=False,seed=1,data_seed=None",c34q0,1504816920,644072494
"partitionable=False,seed=1,data_seed=None",c34q1,3006290338,1084978835
"partitionable=False,seed=1,data_seed=None",c34q2,920621283,4018000168
"partitionable=False,seed=1,data_seed=None",c34q3,3291273339,3130852742
"partitionable=False,seed=1,data_seed=None",c34q4,764673895,1616969630
"partitionable=False,seed=1,data_seed=None",c35q0,969757931,2876758139
"partitionable=False,seed=1,data_seed=None",c35q1,828811451,3436297769
"partitionable=False,seed=1,data_seed=None",c35q2,3225875182,3848908881
"partitionable=False,seed=1,data_seed=None",c35q3,250468234,1495492778
"partitionable=False,seed=1,data_seed=None",c35q4,1367374796,1406066038
"partitionable=False,seed=1,data_seed=None",c36q0,3176120810,28243511
"partitionable=False,seed=1,data_seed=None",c36q1,4180000659,1576572124
"partitionable=False,seed=1,data_seed=None",c36q2,3108769733,3352941749
"partitionable=False,seed=1,data_seed=None",c36q3,3244009796,3878424310
"partitionable=False,seed=1,data_seed=None",c36q4,3681903162,810591489
"partitionable=False,seed=1,data_seed=None",c37q0,869129917,3732487482
"partitionable=False,seed=1,data_seed=None",c37q1,917278952,2431768136
"partitionable=False,seed=1,data_seed=None",c37q2,1416302664,1555498763
"partitionable=False,seed=1,data_seed=None",c37q3,4603548,4109137829
"partitionable=False,seed=1,data_seed=None",c37q4,3393817949,3324179174
"partitionable=False,seed=1,data_seed=None",c38q0,203213712,1264163323
"partitionable=False,seed=1,data_seed=None",c38q1,3433308783,4115336443
"partitionable=False,seed=1,data_seed=None",c38q2,2813511347,1269182155
"partitionable=False,seed=1,data_seed=None",c38q3,3448963880,1332998819
"partitionable=False,seed=1,data_seed=None",c38q4,4107911410,4047853456
"partitionable=False,seed=1,data_seed=None",c39q0,692105100,1721308224
"partitionable=False,seed=1,data_seed=None",c39q1,3344095696,1171948696
"partitionable=False,seed=1,data_seed=None",c39q2,923580912,2611630384
"partitionable=False,seed=1,data_seed=None",c39q3,1874340619,2469263573
"partitionable=False,seed=1,data_seed=None",c39q4,2221830555,3556861270
"partitionable=False,seed=1,data_seed=0",c00q0,1190051861,3378399878
"partitionable=False,seed=1,data_seed=0",c00q1,3083177057,2995120768
"partitionable=False,seed=1,data_seed=0",c00q2,353805769,818124496
"partitionable=False,seed=1,data_seed=0",c00q3,2176886826,1009946107
"partitionable=False,seed=1,data_seed=0",c00q4,1021269120,2954750475
"partitionable=False,seed=1,data_seed=0",c01q0,527828757,72052043
"partitionable=False,seed=1,data_seed=0",c01q1,4177824387,668379422
"partitionable=False,seed=1,data_seed=0",c01q2,304163186,2637206982
"partitionable=False,seed=1,data_seed=0",c01q3,1923524190,4002126787
"partitionable=False,seed=1,data_seed=0",c01q4,3492023162,3412104786
"partitionable=False,seed=1,data_seed=0",c02q0,3071571173,4188939210
"partitionable=False,seed=1,data_seed=0",c02q1,1012140967,4012831679
"partitionable=False,seed=1,data_seed=0",c02q2,3094829577,2450169138
"partitionable=False,seed=1,data_seed=0",c02q3,2107209393,2140655942
"partitionable=False,seed=1,data_seed=0",c02q4,3235134413,1665075016
"partitionable=False,seed=1,data_seed=0",c03q0,3145501041,2310548290
"partitionable=False,seed=1,data_seed=0",c03q1,2050561787,2374081672
"partitionable=False,seed=1,data_seed=0",c03q2,1741830932,981905705
"partitionable=False,seed=1,data_seed=0",c03q3,1557082406,2846845285
"partitionable=False,seed=1,data_seed=0",c03q4,3170665506,33126154
"partitionable=False,seed=1,data_seed=0",c04q0,282883890,3136050465
"partitionable=False,seed=1,data_seed=0",c04q1,210684398,2054326450
"partitionable=False,seed=1,data_seed=0",c04q2,1862149597,3268865501
"partitionable=False,seed=1,data_seed=0",c04q3,2235676844,1040477908
"partitionable=False,seed=1,data_seed=0",c04q4,2952871034,52680198
"partitionable=False,seed=1,data_seed=0",c05q0,2656704395,2649855282
"partitionable=False,seed=1,data_seed=0",c05q1,2047631329,709931494
"partitionable=False,seed=1,data_seed=0",c05q2,1462173492,575106100
"partitionable=False,seed=1,data_seed=0",c05q3,1480278529,54051921
"partitionable=False,seed=1,data_seed=0",c05q4,3554827899,1621315884
"partitionable=False,seed=1,data_seed=0",c06q0,62130258,100781157
"partitionable=False,seed=1,data_seed=0",c06q1,1993001819,1827458279
"partitionable=False,seed=1,data_seed=0",c06q2,2868673964,391269706
"partitionable=False,seed=1,data_seed=0",c06q3,3541040445,40705181
"partitionable=False,seed=1,data_seed=0",c06q4,649042594,1511574762
"partitionable=False,seed=1,data_seed=0",c07q0,2812535395,3812956721
"partitionable=False,seed=1,data_seed=0",c07q1,2066223643,58131025
"partitionable=False,seed=1,data_seed=0",c07q2,2154213982,1981003211
"partitionable=False,seed=1,data_seed=0",c07q3,806375277,13190115
"partitionable=False,seed=1,data_seed=0",c07q4,524781558,1524088958
"partitionable=False,seed=1,data_seed=0",c08q0,4015594336,1372881000
"partitionable=False,seed=1,data_seed=0",c08q1,17656193,655851994
"partitionable=False,seed=1,data_seed=0",c08q2,2073028738,2881920484
"partitionable=False,seed=1,data_seed=0",c08q3,3717358954,2372523546
"partitionable=False,seed=1,data_seed=0",c08q4,2022177024,2465663459
"partitionable=False,seed=1,data_seed=0",c09q0,311820336,4139521515
"partitionable=False,seed=1,data_seed=0",c09q1,845796362,1325994119
"partitionable=False,seed=1,data_seed=0",c09q2,3170262363,199916998
"partitionable=False,seed=1,data_seed=0",c09q3,620327929,3086030268
"partitionable=False,seed=1,data_seed=0",c09q4,2784737817,3856223527
"partitionable=False,seed=1,data_seed=0",c10q0,4141967295,2160226514
"partitionable=False,seed=1,data_seed=0",c10q1,657137818,2079692016
"partitionable=False,seed=1,data_seed=0",c10q2,4180734956,389112065
"partitionable=False,seed=1,data_seed=0",c10q3,89922532,760234501
"partitionable=False,seed=1,data_seed=0",c10q4,2912030753,2297425678
"partitionable=False,seed=1,data_seed=0",c11q0,1297738785,2422650310
"partitionable=False,seed=1,data_seed=0",c11q1,1200348220,2186057779
"partitionable=False,seed=1,data_seed=0",c11q2,2607237329,1374046317
"partitionable=False,seed=1,data_seed=0",c11q3,708818949,3779624547
"partitionable=False,seed=1,data_seed=0",c11q4,1671745757,732863755
"partitionable=False,seed=1,data_seed=0",c12q0,3465309431,2268002033
"partitionable=False,seed=1,data_seed=0",c12q1,1751085651,1767007572
"partitionable=False,seed=1,data_seed=0",c12q2,1993161577,2095948155
"partitionable=False,seed=1,data_seed=0",c12q3,2991542006,3713215006
"partitionable=False,seed=1,data_seed=0",c12q4,1470159962,1310773565
"partitionable=False,seed=1,data_seed=0",c13q0,1322244286,4135020857
"partitionable=False,seed=1,data_seed=0",c13q1,4005357888,3018987104
"partitionable=False,seed=1,data_seed=0",c13q2,1322698532,3069504697
"partitionable=False,seed=1,data_seed=0",c13q3,3733390655,2717893831
"partitionable=False,seed=1,data_seed=0",c13q4,3389311751,902030008
"partitionable=False,seed=1,data_seed=0",c14q0,3873582201,2699785501
"partitionable=False,seed=1,data_seed=0",c14q1,2004008416,2661712237
"partitionable=False,seed=1,data_seed=0",c14q2,3490469263,3323079586
"partitionable=False,seed=1,data_seed=0",c14q3,2534718537,1322172193
"partitionable=False,seed=1,data_seed=0",c14q4,1198927036,1570327735
"partitionable=False,seed=1,data_seed=0",c15q0,4133677301,3384441477
"partitionable=False,seed=1,data_seed=0",c15q1,2480797372,3357582279
"partitionable=False,seed=1,data_seed=0",c15q2,3551382381,2758965935
"partitionable=False,seed=1,data_seed=0",c15q3,3318901696,1461202947
"partitionable=False,seed=1,data_seed=0",c15q4,4113764057,540932025
"partitionable=False,seed=1,data_seed=0",c16q0,120745171,2912784367
"partitionable=False,seed=1,data_seed=0",c16q1,100605228,2685376783
"partitionable=False,seed=1,data_seed=0",c16q2,3525377324,3802737815
"partitionable=False,seed=1,data_seed=0",c16q3,431674331,737317861
"partitionable=False,seed=1,data_seed=0",c16q4,2288823113,3888355890
"partitionable=False,seed=1,data_seed=0",c17q0,561812786,3878300872
"partitionable=False,seed=1,data_seed=0",c17q1,3231131280,2747270270
"partitionable=False,seed=1,data_seed=0",c17q2,2860667764,3547209971
"partitionable=False,seed=1,data_seed=0",c17q3,17430663,1430860621
"partitionable=False,seed=1,data_seed=0",c17q4,201710157,3409606253
"partitionable=False,seed=1,data_seed=0",c18q0,407482768,1135317108
"partitionable=False,seed=1,data_seed=0",c18q1,2226412856,2654918905
"partitionable=False,seed=1,data_seed=0",c18q2,1165046892,78524870
"partitionable=False,seed=1,data_seed=0",c18q3,3824393427,710408657
"partitionable=False,seed=1,data_seed=0",c18q4,4275422421,1059499539
"partitionable=False,seed=1,data_seed=0",c19q0,930528665,3776221623
"partitionable=False,seed=1,data_seed=0",c19q1,3099848793,3088284582
"partitionable=False,seed=1,data_seed=0",c19q2,2343783241,2894231268
"partitionable=False,seed=1,data_seed=0",c19q3,3217433864,3126842795
"partitionable=False,seed=1,data_seed=0",c19q4,3818512264,3182731205
"partitionable=False,seed=1,data_seed=0",c20q0,2774584839,913823728
"partitionable=False,seed=1,data_seed=0",c20q1,1145298360,506128707
"partitionable=False,seed=1,data_seed=0",c20q2,1416795018,2843852754
"partitionable=False,seed=1,data_seed=0",c20q3,369271120,1360166974
"partitionable=False,seed=1,data_seed=0",c20q4,1539807595,2821956766
"partitionable=False,seed=1,data_seed=0",c21q0,1925100388,392532180
"partitionable=False,seed=1,data_seed=0",c21q1,1590605992,3646765222
"partitionable=False,seed=1,data_seed=0",c21q2,747411717,2260197091
"partitionable=False,seed=1,data_seed=0",c21q3,929542704,4244486138
"partitionable=False,seed=1,data_seed=0",c21q4,235711969,3277183204
"partitionable=False,seed=1,data_seed=0",c22q0,2125132335,1915843415
"partitionable=False,seed=1,data_seed=0",c22q1,4246119938,2778544278
"partitionable=False,seed=1,data_seed=0",c22q2,173537479,1688397992
"partitionable=False,seed=1,data_seed=0",c22q3,2260325590,2618897763
"partitionable=False,seed=1,data_seed=0",c22q4,2399233620,404509607
"partitionable=False,seed=1,data_seed=0",c23q0,434076850,1252088000
"partitionable=False,seed=1,data_seed=0",c23q1,191363863,3481132505
"partitionable=False,seed=1,data_seed=0",c23q2,1459078749,3519798667
"partitionable=False,seed=1,data_seed=0",c23q3,2326896551,1568252098
"partitionable=False,seed=1,data_seed=0",c23q4,3082836327,1000703401
"partitionable=False,seed=1,data_seed=0",c24q0,2850531582,1208652348
"partitionable=False,seed=1,data_seed=0",c24q1,936279365,3051659249
"partitionable=False,seed=1,data_seed=0",c24q2,1391148920,2307468824
"partitionable=False,seed=1,data_seed=0",c24q3,3088527396,3668834709
"partitionable=False,seed=1,data_seed=0",c24q4,1700929188,393961025
"partitionable=False,seed=1,data_seed=0",c25q0,2231632232,3082587517
"partitionable=False,seed=1,data_seed=0",c25q1,2191678523,1476764492
"partitionable=False,seed=1,data_seed=0",c25q2,2182377357,906062295
"partitionable=False,seed=1,data_seed=0",c25q3,4095114944,4046687905
"partitionable=False,seed=1,data_seed=0",c25q4,1610043558,4154930680
"partitionable=False,seed=1,data_seed=0",c26q0,3622598101,713618940
"partitionable=False,seed=1,data_seed=0",c26q1,796478333,2825000193
"partitionable=False,seed=1,data_seed=0",c26q2,3844117143,2497501130
"partitionable=False,seed=1,data_seed=0",c26q3,1413687925,3868391155
"partitionable=False,seed=1,data_seed=0",c26q4,3250608230,1790533906
"partitionable=False,seed=1,data_seed=0",c27q0,2306057753,2432501315
"partitionable=False,seed=1,data_seed=0",c27q1,2541483651,4050599390
"partitionable=False,seed=1,data_seed=0",c27q2,3143682036,830818550
"partitionable=False,seed=1,data_seed=0",c27q3,4231177178,706855160
"partitionable=False,seed=1,data_seed=0",c27q4,753154404,419008608
"partitionable=False,seed=1,data_seed=0",c28q0,295834382,2023665105
"partitionable=False,seed=1,data_seed=0",c28q1,837059930,1892388369
"partitionable=False,seed=1,data_seed=0",c28q2,1199009903,4219583254
"partitionable=False,seed=1,data_seed=0",c28q3,716001895,844343329
"partitionable=False,seed=1,data_seed=0",c28q4,3327128781,392989312
"partitionable=False,seed=1,data_seed=0",c29q0,1003067036,903078171
"partitionable=False,seed=1,data_seed=0",c29q1,3147343763,2745520118
"partitionable=False,seed=1,data_seed=0",c29q2,2876622431,2991797698
"partitionable=False,seed=1,data_seed=0",c29q3,3662173432,2142283070
"partitionable=False,seed=1,data_seed=0",c29q4,2194458446,1674696553
"partitionable=False,seed=1,data_seed=0",c30q0,3827727061,662310612
"partitionable=False,seed=1,data_seed=0",c30q1,2810996135,2093373504
"partitionable=False,seed=1,data_seed=0",c30q2,396579681,3677310401
"partitionable=False,seed=1,data_seed=0",c30q3,495426337,1745535883
"partitionable=False,seed=1,data_seed=0",c30q4,3133201262,2730944134
"partitionable=False,seed=1,data_seed=0",c31q0,3187009499,2509335815
"partitionable=False,seed=1,data_seed=0",c31q1,3099248910,2714780496
"partitionable=False,seed=1,data_seed=0",c31q2,3303484813,2980473408
"partitionable=False,seed=1,data_seed=0",c31q3,421350359,2710926019
"partitionable=False,seed=1,data_seed=0",c31q4,3105454585,2580546964
"partitionable=False,seed=1,data_seed=0",c32q0,3451713413,3516407533
"partitionable=False,seed=1,data_seed=0",c32q1,3651025333,3839208911
"partitionable=False,seed=1,data_seed=0",c32q2,1618594808,2432085428
"partitionable=False,seed=1,data_seed=0",c32q3,1162916230,2706323167
"partitionable=False,seed=1,data_seed=0",c32q4,2841879041,2349347704
"partitionable=False,seed=1,data_seed=0",c33q0,3738303493,580766
"partitionable=False,seed=1,data_seed=0",c33q1,1786551994,716565827
"partitionable=False,seed=1,data_seed=0",c33q2,2478623436,932810507
"partitionable=False,seed=1,data_seed=0",c33q3,2867258715,3365834797
"partitionable=False,seed=1,data_seed=0",c33q4,3240704652,2883452952
"partitionable=False,seed=1,data_seed=0",c34q0,1305814268,2192007215
"partitionable=False,seed=1,data_seed=0",c34q1,3395757536,4023342024
"partitionable=False,seed=1,data_seed=0",c34q2,1432274313,753996396
"partitionable=False,seed=1,data_seed=0",c34q3,3160104805,3793083447
"partitionable=False,seed=1,data_seed=0",c34q4,1534505646,1813156310
"partitionable=False,seed=1,data_seed=0",c35q0,2028261590,1208879780
"partitionable=False,seed=1,data_seed=0",c35q1,1144831415,2315347119
"partitionable=False,seed=1,data_seed=0",c35q2,3928497353,3849635079
"partitionable=False,seed=1,data_seed=0",c35q3,3718989933,872125047
"partitionable=False,seed=1,data_seed=0",c35q4,795480188,1620304847
"partitionable=False,seed=1,data_seed=0",c36q0,611291956,1260874036
"partitionable=False,seed=1,data_seed=0",c36q1,1619612323,3078457675
"partitionable=False,seed=1,data_seed=0",c36q2,241317071,1296992055
"partitionable=False,seed=1,data_seed=0",c36q3,3184392419,2882575273
"partitionable=False,seed=1,data_seed=0",c36q4,1604842315,2864803619
"partitionable=False,seed=1,data_seed=0",c37q0,1985583157,1590608903
"partitionable=False,seed=1,data_seed=0",c37q1,2180149359,3461699521
"partitionable=False,seed=1,data_seed=0",c37q2,4267052573,737817558
"partitionable=False,seed=1,data_seed=0",c37q3,1167038089,1654036279
"partitionable=False,seed=1,data_seed=0",c37q4,1160317006,2982967075
"partitionable=False,seed=1,data_seed=0",c38q0,1273470680,353609796
"partitionable=False,seed=1,data_seed=0",c38q1,96842595,2345765290
"partitionable=False,seed=1,data_seed=0",c38q2,1049919092,757004447
"partitionable=False,seed=1,data_seed=0",c38q3,2361784478,1402200007
"partitionable=False,seed=1,data_seed=0",c38q4,3340536816,674995597
"partitionable=False,seed=1,data_seed=0",c39q0,766913578,3450467633
"partitionable=False,seed=1,data_seed=0",c39q1,1337554781,1566383843
"partitionable=False,seed=1,data_seed=0",c39q2,1483411563,4259231228
"partitionable=False,seed=1,data_seed=0",c39q3,1681924471,4181128000
"partitionable=False,seed=1,data_seed=0",c39q4,1858755990,2356961459
