cell,phase,block_size,sum_mode,configured_pct,count_per_block,effective_pct,delta_pp
c00q0,0,49152,accurate,0.0004657781023742571,0,0.0,-0.0004657781023742571
c00q1,0,49152,accurate,0.07184357297040815,35,0.07120768229166667,-0.0006358906787414941
c00q2,0,49152,accurate,0.26028039810688375,127,0.2583821614583333,-0.0018982366485504124
c00q3,0,49152,accurate,0.28107264827731065,138,0.28076171875,-0.0003109295273106584
c00q4,0,49152,accurate,0.16477762685675906,80,0.16276041666666666,-0.002017210190092384
c01q0,0,49152,accurate,0.22803736811443792,112,0.22786458333333334,-0.00017278478110457386
c01q1,0,49152,accurate,0.3680852756643468,180,0.3662109375,-0.0018743381643468015
c01q2,0,49152,accurate,0.8726981887680507,428,0.8707682291666666,-0.001929959601384111
c01q3,0,49152,accurate,1.3014961276890689,639,1.300048828125,-0.00144729956406877
c01q4,0,49152,accurate,1.4361600415145175,705,1.434326171875,-0.0018338696395175588
c02q0,0,49152,accurate,3.030303853678395e-05,0,0.0,-3.030303853678395e-05
c02q1,0,49152,accurate,0.08472156407459003,41,0.08341471354166667,-0.0013068505329233621
c02q2,0,49152,accurate,0.2872979764870241,141,0.286865234375,-0.00043274211202408257
c02q3,0,49152,accurate,0.4105917904873364,201,0.408935546875,-0.0016562436123364332
c02q4,0,49152,accurate,0.40887881671215703,200,0.4069010416666667,-0.0019777750454903417
c03q0,0,49152,accurate,0.1882619011987591,92,0.18717447916666666,-0.0010874220320924392
c03q1,0,49152,accurate,1.191503370524041,585,1.190185546875,-0.0013178236490409695
c03q2,0,49152,accurate,1.2080141374429672,593,1.2064615885416667,-0.0015525489013006044
c03q3,0,49152,accurate,1.8515230580953022,910,1.8513997395833333,-0.00012331851196902
c03q4,0,49152,accurate,1.202283660000979,590,1.2003580729166667,-0.001925587084312258
c04q0,0,49152,accurate,0.0002920471002886735,0,0.0,-0.0002920471002886735
c04q1,0,49152,accurate,0.004328652277267756,2,0.004069010416666667,-0.0002596418606010898
c04q2,0,49152,accurate,0.177147690098777,87,0.177001953125,-0.00014573697377701957
c04q3,0,49152,accurate,0.10718321044844814,52,0.10579427083333333,-0.0013889396151148129
c04q4,0,49152,accurate,0.023738168450423223,11,0.022379557291666668,-0.0013586111587565578
c05q0,0,49152,accurate,0.013129447644051509,6,0.01220703125,-0.0009224163940515086
c05q1,0,49152,accurate,0.05892177967031255,28,0.056966145833333336,-0.0019556338369792147
c05q2,0,49152,accurate,0.2517540491797273,123,0.250244140625,-0.0015099085547273447
c05q3,0,49152,accurate,0.5957641824990623,292,0.5940755208333334,-0.0016886616657290146
c05q4,0,49152,accurate,0.3850643030382899,189,0.384521484375,-0.0005428186632899269
c06q0,0,49152,accurate,9.253188519587419e-05,0,0.0,-9.253188519587419e-05
c06q1,0,49152,accurate,0.013420909477312594,6,0.01220703125,-0.001213878227312594
c06q2,0,49152,accurate,0.06037080648207911,29,0.059000651041666664,-0.0013701554404124466
c06q3,0,49152,accurate,0.27755583931169486,136,0.2766927083333333,-0.0008631309783615256
c06q4,0,49152,accurate,0.22840650352161182,112,0.22786458333333334,-0.0005419201882784792
c07q0,0,49152,accurate,0.015083635699640689,7,0.014241536458333334,-0.0008420992413073544
c07q1,0,49152,accurate,0.2244789048673092,110,0.22379557291666666,-0.0006833319506425583
c07q2,0,49152,accurate,0.5499162797225033,270,0.54931640625,-0.0005998734725033532
c07q3,0,49152,accurate,0.48346574351497557,237,0.482177734375,-0.0012880091399755655
c07q4,0,49152,accurate,0.11097049070322043,54,0.10986328125,-0.0011072094532204322
c08q0,0,49152,accurate,6.724907572512987e-05,0,0.0,-6.724907572512987e-05
c08q1,0,49152,accurate,0.006833558483947341,3,0.006103515625,-0.0007300428589473415
c08q2,0,49152,accurate,0.04965447205005338,24,0.048828125,-0.0008263470500533823
c08q3,0,49152,accurate,0.07522864854578538,36,0.0732421875,-0.0019864610457853834
c08q4,0,49152,accurate,0.10596117808349677,52,0.10579427083333333,-0.0001669072501634403
c09q0,0,49152,accurate,4.5947496454384817e-05,0,0.0,-4.5947496454384817e-05
c09q1,0,49152,accurate,0.015434786947842895,7,0.014241536458333334,-0.0011932504895095601
c09q2,0,49152,accurate,0.036636235205553196,18,0.03662109375,-1.5141455553198445e-05
c09q3,0,49152,accurate,0.05418294733299484,26,0.052897135416666664,-0.0012858119163281813
c09q4,0,49152,accurate,0.013404397290920408,6,0.01220703125,-0.0011973660409204077
c10q0,0,49152,accurate,0.0054299042170018914,2,0.004069010416666667,-0.0013608938003352253
c10q1,0,49152,accurate,0.05389917575464028,26,0.052897135416666664,-0.0010020403379736205
c10q2,0,49152,accurate,0.08703460758917976,42,0.08544921875,-0.0015853888391797544
c10q3,0,49152,accurate,0.06971937371526944,34,0.06917317708333333,-0.0005461966319361016
c10q4,0,49152,accurate,0.02816435018346033,13,0.026448567708333332,-0.0017157824751270004
c11q0,0,49152,accurate,0.011783691780257071,5,0.010172526041666666,-0.0016111657385904049
c11q1,0,49152,accurate,0.12055160092796825,59,0.12003580729166667,-0.0005157936363015762
c11q2,0,49152,accurate,0.2975656258713034,146,0.2970377604166667,-0.0005278654546367681
c11q3,0,49152,accurate,0.25446805789360444,125,0.2543131510416667,-0.00015490685193776665
c11q4,0,49152,accurate,0.07693020496087474,37,0.07527669270833333,-0.0016535122525414107
c12q0,0,49152,accurate,0.023009917245425095,11,0.022379557291666668,-0.0006303599537584275
c12q1,0,49152,accurate,0.3658848041079447,179,0.3641764322916667,-0.0017083718162780748
c12q2,0,49152,accurate,0.8273018712948179,406,0.8260091145833334,-0.0012927567114845787
c12q3,0,49152,accurate,0.8576739164400229,421,0.8565266927083334,-0.001147223731689552
c12q4,0,49152,accurate,0.23488541985803957,115,0.23396809895833334,-0.0009173208997062185
c13q0,0,49152,accurate,2.5594310856716273e-05,0,0.0,-2.5594310856716273e-05
c13q1,0,49152,accurate,0.09849041034822835,48,0.09765625,-0.0008341603482283494
c13q2,0,49152,accurate,0.269384445343457,132,0.2685546875,-0.0008297578434570199
c13q3,0,49152,accurate,0.6452087705521959,317,0.6449381510416666,-0.0002706195105292922
c13q4,0,49152,accurate,0.3001305223936239,147,0.299072265625,-0.0010582567686239028
c14q0,0,49152,accurate,0.08356887575139126,41,0.08341471354166667,-0.0001541622097245873
c14q1,0,49152,accurate,1.1194759197376443,550,1.1189778645833333,-0.000498055154310971
c14q2,0,49152,accurate,3.064964356000136,1506,3.06396484375,-0.0009995122501358505
c14q3,0,49152,accurate,2.971666186173095,1460,2.9703776041666665,-0.0012885820064281045
c14q4,0,49152,accurate,0.6109815788109701,300,0.6103515625,-0.0006300163109701842
c15q0,0,49152,accurate,0.00015960793971957205,0,0.0,-0.00015960793971957205
c15q1,0,49152,accurate,0.006936092003753895,3,0.006103515625,-0.0008325763787538952
c15q2,0,49152,accurate,0.01787478943861243,8,0.016276041666666668,-0.0015987477719457627
c15q3,0,49152,accurate,0.01672578222239926,8,0.016276041666666668,-0.000449740555732593
c15q4,0,49152,accurate,0.04945550657652986,24,0.048828125,-0.0006273815765298627
c16q0,0,49152,accurate,0.03525051691219294,17,0.034586588541666664,-0.0006639283705262749
c16q1,0,49152,accurate,0.14568298755704548,71,0.14444986979166666,-0.0012331177653788139
c16q2,0,49152,accurate,0.3324435175883359,163,0.3316243489583333,-0.0008191686300025765
c16q3,0,49152,accurate,0.3843600750931313,188,0.3824869791666667,-0.0018730959264646237
c16q4,0,49152,accurate,0.15399700793277088,75,0.152587890625,-0.0014091173077708779
c17q0,0,49152,accurate,0.3949499122566094,194,0.3946940104166667,-0.00025590183994270155
c17q1,0,49152,accurate,0.9674116740342273,475,0.9663899739583334,-0.0010217000758939651
c17q2,0,49152,accurate,1.626316200484193,799,1.6255696614583333,-0.0007465390258597909
c17q3,0,49152,accurate,1.2607687793318676,619,1.2593587239583333,-0.001410055373534183
c17q4,0,49152,accurate,0.3382439119436189,166,0.3377278645833333,-0.0005160473602855431
c18q0,0,49152,accurate,0.023339948218918896,11,0.022379557291666668,-0.0009603909272522303
c18q1,0,49152,accurate,0.18057058156785344,88,0.17903645833333334,-0.0015341232345201117
c18q2,0,49152,accurate,0.3120611926420375,153,0.311279296875,-0.0007818957670375007
c18q3,0,49152,accurate,0.15584047146373184,76,0.15462239583333334,-0.001218075630398524
c18q4,0,49152,accurate,0.0906481207014994,44,0.08951822916666667,-0.001129891534832738
c19q0,0,49152,accurate,0.00010128149355567994,0,0.0,-0.00010128149355567994
c19q1,0,49152,accurate,0.006683363617887666,3,0.006103515625,-0.0005798479928876656
c19q2,0,49152,accurate,0.15610636311792764,76,0.15462239583333334,-0.001483967284594324
c19q3,0,49152,accurate,0.11551812403651875,56,0.11393229166666667,-0.0015858323698520783
c19q4,0,49152,accurate,0.03903050334939667,19,0.038655598958333336,-0.0003749043910633424
c20q0,0,49152,accurate,0.012115835131426236,5,0.010172526041666666,-0.0019433090897595685
c20q1,0,49152,accurate,0.24714795053417854,121,0.24617513020833334,-0.0009728203258451817
c20q2,0,49152,accurate,0.6209068324291418,305,0.6205240885416666,-0.00038274388747512947
c20q3,0,49152,accurate,0.38155585287796506,187,0.3804524739583333,-0.0011033789196317374
c20q4,0,49152,accurate,0.4711992480262857,231,0.469970703125,-0.0012285449012857177
c21q0,0,49152,accurate,0.05482167048254553,26,0.052897135416666664,-0.0019245350658788664
c21q1,0,49152,accurate,0.42449534478931894,208,0.4231770833333333,-0.00131826145598566
c21q2,0,49152,accurate,1.239765832611957,609,1.239013671875,-0.0007521607369569486
c21q3,0,49152,accurate,1.4576385618088434,716,1.4567057291666667,-0.0009328326421769242
c21q4,0,49152,accurate,0.5948693902249812,292,0.5940755208333334,-0.0007938693916478834
c22q0,0,49152,accurate,9.168930566858914e-08,0,0.0,-9.168930566858914e-08
c22q1,0,49152,accurate,0.02725686469381709,13,0.026448567708333332,-0.0008082969854837575
c22q2,0,49152,accurate,0.21030508326685535,103,0.20955403645833334,-0.0007510468085219959
c22q3,0,49152,accurate,0.3719016916824825,182,0.3702799479166667,-0.001621743765815864
c22q4,0,49152,accurate,0.12912554412801933,63,0.128173828125,-0.0009517160030193209
c23q0,0,49152,accurate,0.06416204947429,31,0.06306966145833333,-0.0010923880159566571
c23q1,0,49152,accurate,0.459769081678622,225,0.457763671875,-0.002005409803622002
c23q2,0,49152,accurate,0.9056798720245105,445,0.9053548177083334,-0.000325054316177055
c23q3,0,49152,accurate,1.138233072499129,559,1.1372884114583333,-0.0009446610407956579
c23q4,0,49152,accurate,0.8409825271521487,413,0.8402506510416666,-0.0007318761104820742
c24q0,0,49152,accurate,0.16322547970521223,80,0.16276041666666666,-0.00046506303854555644
c24q1,0,49152,accurate,0.7136736498207779,350,0.7120768229166666,-0.0015968269041111323
c24q2,0,49152,accurate,1.2841664604841725,631,1.2837727864583333,-0.0003936740258390567
c24q3,0,49152,accurate,0.8879790704922844,436,0.8870442708333334,-0.0009347996589510396
c24q4,0,49152,accurate,0.44454637771753097,218,0.4435221354166667,-0.0010242423008642587
c25q0,0,49152,accurate,0.46355155247985835,227,0.4618326822916667,-0.0017188701881916749
c25q1,0,49152,accurate,1.3258033534158735,651,1.324462890625,-0.001340462790873527
c25q2,0,49152,accurate,2.016348779052255,991,2.0161946614583335,-0.00015411759392187918
c25q3,0,49152,accurate,1.3669133249077121,671,1.3651529947916667,-0.0017603301160455664
c25q4,0,49152,accurate,0.5611736389858157,275,0.5594889322916666,-0.0016847066941490067
c26q0,0,49152,accurate,0.0009516944941247179,0,0.0,-0.0009516944941247179
c26q1,0,49152,accurate,0.006016356364400207,2,0.004069010416666667,-0.0019473459477335406
c26q2,0,49152,accurate,0.14103913313235136,69,0.140380859375,-0.0006582737573513535
c26q3,0,49152,accurate,0.23610943997650102,116,0.23600260416666666,-0.00010683580983438488
c26q4,0,49152,accurate,0.31616493632429016,155,0.3153483072916667,-0.0008166290326235264
c27q0,0,49152,accurate,0.0002517785922069289,0,0.0,-0.0002517785922069289
c27q1,0,49152,accurate,0.016058230061304146,7,0.014241536458333334,-0.0018166936029708103
c27q2,0,49152,accurate,0.07498998638154221,36,0.0732421875,-0.001747798881542213
c27q3,0,49152,accurate,0.11046021687124719,54,0.10986328125,-0.0005969356212471829
c27q4,0,49152,accurate,0.043273076789694054,21,0.042724609375,-0.0005484674146940573
c28q0,0,49152,accurate,0.0007812509326906935,0,0.0,-0.0007812509326906935
c28q1,0,49152,accurate,0.8888886367012994,436,0.8870442708333334,-0.0018443658679659358
c28q2,0,49152,accurate,2.405333611979344,1182,2.40478515625,-0.0005484557293437137
c28q3,0,49152,accurate,3.8022878584025186,1868,3.8004557291666665,-0.0018321292358521035
c28q4,0,49152,accurate,1.8711821899663719,919,1.8697102864583333,-0.0014719035080386356
c29q0,0,49152,accurate,0.21497527422109566,105,0.213623046875,-0.0013522273460956757
c29q1,0,49152,accurate,0.31295368593774725,153,0.311279296875,-0.0016743890627472433
c29q2,0,49152,accurate,0.8358904858940949,410,0.8341471354166666,-0.0017433504774282127
c29q3,0,49152,accurate,1.0500478151405048,516,1.0498046875,-0.000243127640504881
c29q4,0,49152,accurate,0.9319331522742228,458,0.9318033854166666,-0.00012976685755620304
c30q0,0,49152,accurate,0.0018652534227587738,0,0.0,-0.0018652534227587738
c30q1,0,49152,accurate,0.22837170501009332,112,0.22786458333333334,-0.0005071216767599685
c30q2,0,49152,accurate,0.9328032302343862,458,0.9318033854166666,-0.0009998448177195654
c30q3,0,49152,accurate,2.8221153020210847,1387,2.8218587239583335,-0.00025657806275170003
c30q4,0,49152,accurate,4.80314596077799,2458,5.000813802083333,0.19766784130534343
c31q0,0,49152,accurate,0.00043340579539990755,0,0.0,-0.00043340579539990755
c31q1,0,49152,accurate,0.005960125835004563,2,0.004069010416666667,-0.0018911154183378965
c31q2,0,49152,accurate,0.017586944648875058,8,0.016276041666666668,-0.0013109029822083928
c31q3,0,49152,accurate,0.027461119990097926,13,0.026448567708333332,-0.0010125522817645935
c31q4,0,49152,accurate,0.01457778732523242,7,0.014241536458333334,-0.00033625086689908525
c32q0,0,49152,accurate,0.07136505256735388,35,0.07120768229166667,-0.00015737027568721654
c32q1,0,49152,accurate,0.45099746514738165,221,0.4496256510416667,-0.0013718141057149705
c32q2,0,49152,accurate,2.614165024172776,1284,2.6123046875,-0.0018603366727761722
c32q3,0,49152,accurate,4.4502003217316455,2187,4.449462890625,-0.0007374311066454808
c32q4,0,49152,accurate,1.687522064884455,829,1.6866048177083333,-0.0009172471761218631
c33q0,0,49152,accurate,0.0003411070480690687,0,0.0,-0.0003411070480690687
c33q1,0,49152,accurate,0.027724897911293105,13,0.026448567708333332,-0.001276330202959773
c33q2,0,49152,accurate,0.07385664006372912,36,0.0732421875,-0.0006144525637291208
c33q3,0,49152,accurate,0.11629232791306955,57,0.115966796875,-0.00032553103806955055
c33q4,0,49152,accurate,0.20235385672405123,99,0.201416015625,-0.0009378410990512447
c34q0,0,49152,accurate,0.0012456962413833848,0,0.0,-0.0012456962413833848
c34q1,0,49152,accurate,0.07382218474434697,36,0.0732421875,-0.0005799972443469733
c34q2,0,49152,accurate,0.21875463463870096,107,0.21769205729166666,-0.0010625773470343113
c34q3,0,49152,accurate,0.2502104723328764,122,0.24820963541666666,-0.0020008369162097337
c34q4,0,49152,accurate,0.1318283040225521,64,0.13020833333333334,-0.0016199706892187742
c35q0,0,49152,accurate,0.016649323585395653,8,0.016276041666666668,-0.00037328191872898584
c35q1,0,49152,accurate,0.24826462859704407,122,0.24820963541666666,-5.499318037741931e-05
c35q2,0,49152,accurate,0.39295825151647523,193,0.3926595052083333,-0.0002987463081418999
c35q3,0,49152,accurate,0.2715676742681261,133,0.2705891927083333,-0.0009784815597927397
c35q4,0,49152,accurate,0.1075147565329539,52,0.10579427083333333,-0.0017204856996205819
c36q0,0,49152,accurate,0.015343917115901507,7,0.014241536458333334,-0.001102380657568174
c36q1,0,49152,accurate,0.07236854341080763,35,0.07120768229166667,-0.0011608611191409632
c36q2,0,49152,accurate,0.12842009507608337,63,0.128173828125,-0.0002462669510833659
c36q3,0,49152,accurate,0.06846358870045222,33,0.067138671875,-0.0013249168254522194
c36q4,0,49152,accurate,0.026312092217819577,12,0.0244140625,-0.0018980297178195773
c37q0,0,49152,accurate,0.007969174439870715,3,0.006103515625,-0.0018656588148707152
c37q1,0,49152,accurate,0.06535472325841922,32,0.06510416666666667,-0.00025055659175256
c37q2,0,49152,accurate,0.25720590578034025,126,0.25634765625,-0.0008582495303402493
c37q3,0,49152,accurate,0.41189548315943103,202,0.4109700520833333,-0.0009254310760977054
c37q4,0,49152,accurate,0.3473013771131674,170,0.3458658854166667,-0.001435491696500724
c38q0,0,49152,accurate,0.2057907933149082,101,0.20548502604166666,-0.0003057672732415667
c38q1,0,49152,accurate,0.5553239423110692,272,0.5533854166666666,-0.0019385256444025105
c38q2,0,49152,accurate,1.7723803080536626,871,1.7720540364583333,-0.00032627159532935823
c38q3,0,49152,accurate,2.159307734908163,1061,2.1586100260416665,-0.000697708866496255
c38q4,0,49152,accurate,2.1799164609110324,1071,2.178955078125,-0.0009613827860324026
c39q0,0,49152,accurate,0.03211580828005192,15,0.030517578125,-0.0015982301550519198
c39q1,0,49152,accurate,0.3877821466899308,190,0.3865559895833333,-0.0012261571065974412
c39q2,0,49152,accurate,1.9672854719764103,966,1.96533203125,-0.001953440726410252
c39q3,0,49152,accurate,0.9670879620160996,475,0.9663899739583334,-0.0006979880577661843
c39q4,0,49152,accurate,0.926282363840342,455,0.9256998697916666,-0.0005824940486754207
c00q0,0,49152,legacy_sequential,0.0004657781023742571,0,0.0,-0.0004657781023742571
c00q1,0,49152,legacy_sequential,0.07184357297040815,35,0.07120768229166667,-0.0006358906787414941
c00q2,0,49152,legacy_sequential,0.26028039810688375,127,0.2583821614583333,-0.0018982366485504124
c00q3,0,49152,legacy_sequential,0.28107264827731065,138,0.28076171875,-0.0003109295273106584
c00q4,0,49152,legacy_sequential,0.16477762685675906,80,0.16276041666666666,-0.002017210190092384
c01q0,0,49152,legacy_sequential,0.22803736811443792,112,0.22786458333333334,-0.00017278478110457386
c01q1,0,49152,legacy_sequential,0.3680852756643468,180,0.3662109375,-0.0018743381643468015
c01q2,0,49152,legacy_sequential,0.8726981887680507,428,0.8707682291666666,-0.001929959601384111
c01q3,0,49152,legacy_sequential,1.3014961276890689,639,1.300048828125,-0.00144729956406877
c01q4,0,49152,legacy_sequential,1.4361600415145175,705,1.434326171875,-0.0018338696395175588
c02q0,0,49152,legacy_sequential,3.030303853678395e-05,0,0.0,-3.030303853678395e-05
c02q1,0,49152,legacy_sequential,0.08472156407459003,41,0.08341471354166667,-0.0013068505329233621
c02q2,0,49152,legacy_sequential,0.2872979764870241,141,0.286865234375,-0.00043274211202408257
c02q3,0,49152,legacy_sequential,0.4105917904873364,201,0.408935546875,-0.0016562436123364332
c02q4,0,49152,legacy_sequential,0.40887881671215703,200,0.4069010416666667,-0.0019777750454903417
c03q0,0,49152,legacy_sequential,0.1882619011987591,92,0.18717447916666666,-0.0010874220320924392
c03q1,0,49152,legacy_sequential,1.191503370524041,585,1.190185546875,-0.0013178236490409695
c03q2,0,49152,legacy_sequential,1.2080141374429672,593,1.2064615885416667,-0.0015525489013006044
c03q3,0,49152,legacy_sequential,1.8515230580953022,910,1.8513997395833333,-0.00012331851196902
c03q4,0,49152,legacy_sequential,1.202283660000979,590,1.2003580729166667,-0.001925587084312258
c04q0,0,49152,legacy_sequential,0.0002920471002886735,0,0.0,-0.0002920471002886735
c04q1,0,49152,legacy_sequential,0.004328652277267756,2,0.004069010416666667,-0.0002596418606010898
c04q2,0,49152,legacy_sequential,0.177147690098777,87,0.177001953125,-0.00014573697377701957
c04q3,0,49152,legacy_sequential,0.10718321044844814,52,0.10579427083333333,-0.0013889396151148129
c04q4,0,49152,legacy_sequential,0.023738168450423223,11,0.022379557291666668,-0.0013586111587565578
c05q0,0,49152,legacy_sequential,0.013129447644051509,6,0.01220703125,-0.0009224163940515086
c05q1,0,49152,legacy_sequential,0.05892177967031255,28,0.056966145833333336,-0.0019556338369792147
c05q2,0,49152,legacy_sequential,0.2517540491797273,123,0.250244140625,-0.0015099085547273447
c05q3,0,49152,legacy_sequential,0.5957641824990623,292,0.5940755208333334,-0.0016886616657290146
c05q4,0,49152,legacy_sequential,0.3850643030382899,189,0.384521484375,-0.0005428186632899269
c06q0,0,49152,legacy_sequential,9.253188519587419e-05,0,0.0,-9.253188519587419e-05
c06q1,0,49152,legacy_sequential,0.013420909477312594,6,0.01220703125,-0.001213878227312594
c06q2,0,49152,legacy_sequential,0.06037080648207911,29,0.059000651041666664,-0.0013701554404124466
c06q3,0,49152,legacy_sequential,0.27755583931169486,136,0.2766927083333333,-0.0008631309783615256
c06q4,0,49152,legacy_sequential,0.22840650352161182,112,0.22786458333333334,-0.0005419201882784792
c07q0,0,49152,legacy_sequential,0.015083635699640689,7,0.014241536458333334,-0.0008420992413073544
c07q1,0,49152,legacy_sequential,0.2244789048673092,110,0.22379557291666666,-0.0006833319506425583
c07q2,0,49152,legacy_sequential,0.5499162797225033,270,0.54931640625,-0.0005998734725033532
c07q3,0,49152,legacy_sequential,0.48346574351497557,237,0.482177734375,-0.0012880091399755655
c07q4,0,49152,legacy_sequential,0.11097049070322043,54,0.10986328125,-0.0011072094532204322
c08q0,0,49152,legacy_sequential,6.724907572512987e-05,0,0.0,-6.724907572512987e-05
c08q1,0,49152,legacy_sequential,0.006833558483947341,3,0.006103515625,-0.0007300428589473415
c08q2,0,49152,legacy_sequential,0.04965447205005338,24,0.048828125,-0.0008263470500533823
c08q3,0,49152,legacy_sequential,0.07522864854578538,36,0.0732421875,-0.0019864610457853834
c08q4,0,49152,legacy_sequential,0.10596117808349677,52,0.10579427083333333,-0.0001669072501634403
c09q0,0,49152,legacy_sequential,4.5947496454384817e-05,0,0.0,-4.5947496454384817e-05
c09q1,0,49152,legacy_sequential,0.015434786947842895,7,0.014241536458333334,-0.0011932504895095601
c09q2,0,49152,legacy_sequential,0.036636235205553196,18,0.03662109375,-1.5141455553198445e-05
c09q3,0,49152,legacy_sequential,0.05418294733299484,26,0.052897135416666664,-0.0012858119163281813
c09q4,0,49152,legacy_sequential,0.013404397290920408,6,0.01220703125,-0.0011973660409204077
c10q0,0,49152,legacy_sequential,0.0054299042170018914,2,0.004069010416666667,-0.0013608938003352253
c10q1,0,49152,legacy_sequential,0.05389917575464028,26,0.052897135416666664,-0.0010020403379736205
c10q2,0,49152,legacy_sequential,0.08703460758917976,42,0.08544921875,-0.0015853888391797544
c10q3,0,49152,legacy_sequential,0.06971937371526944,34,0.06917317708333333,-0.0005461966319361016
c10q4,0,49152,legacy_sequential,0.02816435018346033,13,0.026448567708333332,-0.0017157824751270004
c11q0,0,49152,legacy_sequential,0.011783691780257071,5,0.010172526041666666,-0.0016111657385904049
c11q1,0,49152,legacy_sequential,0.12055160092796825,59,0.12003580729166667,-0.0005157936363015762
c11q2,0,49152,legacy_sequential,0.2975656258713034,146,0.2970377604166667,-0.0005278654546367681
c11q3,0,49152,legacy_sequential,0.25446805789360444,125,0.2543131510416667,-0.00015490685193776665
c11q4,0,49152,legacy_sequential,0.07693020496087474,37,0.07527669270833333,-0.0016535122525414107
c12q0,0,49152,legacy_sequential,0.023009917245425095,11,0.022379557291666668,-0.0006303599537584275
c12q1,0,49152,legacy_sequential,0.3658848041079447,179,0.3641764322916667,-0.0017083718162780748
c12q2,0,49152,legacy_sequential,0.8273018712948179,406,0.8260091145833334,-0.0012927567114845787
c12q3,0,49152,legacy_sequential,0.8576739164400229,421,0.8565266927083334,-0.001147223731689552
c12q4,0,49152,legacy_sequential,0.23488541985803957,115,0.23396809895833334,-0.0009173208997062185
c13q0,0,49152,legacy_sequential,2.5594310856716273e-05,0,0.0,-2.5594310856716273e-05
c13q1,0,49152,legacy_sequential,0.09849041034822835,48,0.09765625,-0.0008341603482283494
c13q2,0,49152,legacy_sequential,0.269384445343457,132,0.2685546875,-0.0008297578434570199
c13q3,0,49152,legacy_sequential,0.6452087705521959,317,0.6449381510416666,-0.0002706195105292922
c13q4,0,49152,legacy_sequential,0.3001305223936239,147,0.299072265625,-0.0010582567686239028
c14q0,0,49152,legacy_sequential,0.08356887575139126,41,0.08341471354166667,-0.0001541622097245873
c14q1,0,49152,legacy_sequential,1.1194759197376443,550,1.1189778645833333,-0.000498055154310971
c14q2,0,49152,legacy_sequential,3.064964356000136,1506,3.06396484375,-0.0009995122501358505
c14q3,0,49152,legacy_sequential,2.971666186173095,1460,2.9703776041666665,-0.0012885820064281045
c14q4,0,49152,legacy_sequential,0.6109815788109701,300,0.6103515625,-0.0006300163109701842
c15q0,0,49152,legacy_sequential,0.00015960793971957205,0,0.0,-0.00015960793971957205
c15q1,0,49152,legacy_sequential,0.006936092003753895,3,0.006103515625,-0.0008325763787538952
c15q2,0,49152,legacy_sequential,0.01787478943861243,8,0.016276041666666668,-0.0015987477719457627
c15q3,0,49152,legacy_sequential,0.01672578222239926,8,0.016276041666666668,-0.000449740555732593
c15q4,0,49152,legacy_sequential,0.04945550657652986,24,0.048828125,-0.0006273815765298627
c16q0,0,49152,legacy_sequential,0.03525051691219294,17,0.034586588541666664,-0.0006639283705262749
c16q1,0,49152,legacy_sequential,0.14568298755704548,71,0.14444986979166666,-0.0012331177653788139
c16q2,0,49152,legacy_sequential,0.3324435175883359,163,0.3316243489583333,-0.0008191686300025765
c16q3,0,49152,legacy_sequential,0.3843600750931313,188,0.3824869791666667,-0.0018730959264646237
c16q4,0,49152,legacy_sequential,0.15399700793277088,75,0.152587890625,-0.0014091173077708779
c17q0,0,49152,legacy_sequential,0.3949499122566094,194,0.3946940104166667,-0.00025590183994270155
c17q1,0,49152,legacy_sequential,0.9674116740342273,475,0.9663899739583334,-0.0010217000758939651
c17q2,0,49152,legacy_sequential,1.626316200484193,799,1.6255696614583333,-0.0007465390258597909
c17q3,0,49152,legacy_sequential,1.2607687793318676,619,1.2593587239583333,-0.001410055373534183
c17q4,0,49152,legacy_sequential,0.3382439119436189,166,0.3377278645833333,-0.0005160473602855431
c18q0,0,49152,legacy_sequential,0.023339948218918896,11,0.022379557291666668,-0.0009603909272522303
c18q1,0,49152,legacy_sequential,0.18057058156785344,88,0.17903645833333334,-0.0015341232345201117
c18q2,0,49152,legacy_sequential,0.3120611926420375,153,0.311279296875,-0.0007818957670375007
c18q3,0,49152,legacy_sequential,0.15584047146373184,76,0.15462239583333334,-0.001218075630398524
c18q4,0,49152,legacy_sequential,0.0906481207014994,44,0.08951822916666667,-0.001129891534832738
c19q0,0,49152,legacy_sequential,0.00010128149355567994,0,0.0,-0.00010128149355567994
c19q1,0,49152,legacy_sequential,0.006683363617887666,3,0.006103515625,-0.0005798479928876656
c19q2,0,49152,legacy_sequential,0.15610636311792764,76,0.15462239583333334,-0.001483967284594324
c19q3,0,49152,legacy_sequential,0.11551812403651875,56,0.11393229166666667,-0.0015858323698520783
c19q4,0,49152,legacy_sequential,0.03903050334939667,19,0.038655598958333336,-0.0003749043910633424
c20q0,0,49152,legacy_sequential,0.012115835131426236,5,0.010172526041666666,-0.0019433090897595685
c20q1,0,49152,legacy_sequential,0.24714795053417854,121,0.24617513020833334,-0.0009728203258451817
c20q2,0,49152,legacy_sequential,0.6209068324291418,305,0.6205240885416666,-0.00038274388747512947
c20q3,0,49152,legacy_sequential,0.38155585287796506,187,0.3804524739583333,-0.0011033789196317374
c20q4,0,49152,legacy_sequential,0.4711992480262857,231,0.469970703125,-0.0012285449012857177
c21q0,0,49152,legacy_sequential,0.05482167048254553,26,0.052897135416666664,-0.0019245350658788664
c21q1,0,49152,legacy_sequential,0.42449534478931894,208,0.4231770833333333,-0.00131826145598566
c21q2,0,49152,legacy_sequential,1.239765832611957,609,1.239013671875,-0.0007521607369569486
c21q3,0,49152,legacy_sequential,1.4576385618088434,716,1.4567057291666667,-0.0009328326421769242
c21q4,0,49152,legacy_sequential,0.5948693902249812,292,0.5940755208333334,-0.0007938693916478834
c22q0,0,49152,legacy_sequential,9.168930566858914e-08,0,0.0,-9.168930566858914e-08
c22q1,0,49152,legacy_sequential,0.02725686469381709,13,0.026448567708333332,-0.0008082969854837575
c22q2,0,49152,legacy_sequential,0.21030508326685535,103,0.20955403645833334,-0.0007510468085219959
c22q3,0,49152,legacy_sequential,0.3719016916824825,182,0.3702799479166667,-0.001621743765815864
c22q4,0,49152,legacy_sequential,0.12912554412801933,63,0.128173828125,-0.0009517160030193209
c23q0,0,49152,legacy_sequential,0.06416204947429,31,0.06306966145833333,-0.0010923880159566571
c23q1,0,49152,legacy_sequential,0.459769081678622,225,0.457763671875,-0.002005409803622002
c23q2,0,49152,legacy_sequential,0.9056798720245105,445,0.9053548177083334,-0.000325054316177055
c23q3,0,49152,legacy_sequential,1.138233072499129,559,1.1372884114583333,-0.0009446610407956579
c23q4,0,49152,legacy_sequential,0.8409825271521487,413,0.8402506510416666,-0.0007318761104820742
c24q0,0,49152,legacy_sequential,0.16322547970521223,80,0.16276041666666666,-0.00046506303854555644
c24q1,0,49152,legacy_sequential,0.7136736498207779,350,0.7120768229166666,-0.0015968269041111323
c24q2,0,49152,legacy_sequential,1.2841664604841725,631,1.2837727864583333,-0.0003936740258390567
c24q3,0,49152,legacy_sequential,0.8879790704922844,436,0.8870442708333334,-0.0009347996589510396
c24q4,0,49152,legacy_sequential,0.44454637771753097,218,0.4435221354166667,-0.0010242423008642587
c25q0,0,49152,legacy_sequential,0.46355155247985835,227,0.4618326822916667,-0.0017188701881916749
c25q1,0,49152,legacy_sequential,1.3258033534158735,651,1.324462890625,-0.001340462790873527
c25q2,0,49152,legacy_sequential,2.016348779052255,991,2.0161946614583335,-0.00015411759392187918
c25q3,0,49152,legacy_sequential,1.3669133249077121,671,1.3651529947916667,-0.0017603301160455664
c25q4,0,49152,legacy_sequential,0.5611736389858157,275,0.5594889322916666,-0.0016847066941490067
c26q0,0,49152,legacy_sequential,0.0009516944941247179,0,0.0,-0.0009516944941247179
c26q1,0,49152,legacy_sequential,0.006016356364400207,2,0.004069010416666667,-0.0019473459477335406
c26q2,0,49152,legacy_sequential,0.14103913313235136,69,0.140380859375,-0.0006582737573513535
c26q3,0,49152,legacy_sequential,0.23610943997650102,116,0.23600260416666666,-0.00010683580983438488
c26q4,0,49152,legacy_sequential,0.31616493632429016,155,0.3153483072916667,-0.0008166290326235264
c27q0,0,49152,legacy_sequential,0.0002517785922069289,0,0.0,-0.0002517785922069289
c27q1,0,49152,legacy_sequential,0.016058230061304146,7,0.014241536458333334,-0.0018166936029708103
c27q2,0,49152,legacy_sequential,0.07498998638154221,36,0.0732421875,-0.001747798881542213
c27q3,0,49152,legacy_sequential,0.11046021687124719,54,0.10986328125,-0.0005969356212471829
c27q4,0,49152,legacy_sequential,0.043273076789694054,21,0.042724609375,-0.0005484674146940573
c28q0,0,49152,legacy_sequential,0.0007812509326906935,0,0.0,-0.0007812509326906935
c28q1,0,49152,legacy_sequential,0.8888886367012994,436,0.8870442708333334,-0.0018443658679659358
c28q2,0,49152,legacy_sequential,2.405333611979344,1182,2.40478515625,-0.0005484557293437137
c28q3,0,49152,legacy_sequential,3.8022878584025186,1868,3.8004557291666665,-0.0018321292358521035
c28q4,0,49152,legacy_sequential,1.8711821899663719,919,1.8697102864583333,-0.0014719035080386356
c29q0,0,49152,legacy_sequential,0.21497527422109566,105,0.213623046875,-0.0013522273460956757
c29q1,0,49152,legacy_sequential,0.31295368593774725,153,0.311279296875,-0.0016743890627472433
c29q2,0,49152,legacy_sequential,0.8358904858940949,410,0.8341471354166666,-0.0017433504774282127
c29q3,0,49152,legacy_sequential,1.0500478151405048,516,1.0498046875,-0.000243127640504881
c29q4,0,49152,legacy_sequential,0.9319331522742228,458,0.9318033854166666,-0.00012976685755620304
c30q0,0,49152,legacy_sequential,0.0018652534227587738,0,0.0,-0.0018652534227587738
c30q1,0,49152,legacy_sequential,0.22837170501009332,112,0.22786458333333334,-0.0005071216767599685
c30q2,0,49152,legacy_sequential,0.9328032302343862,458,0.9318033854166666,-0.0009998448177195654
c30q3,0,49152,legacy_sequential,2.8221153020210847,1387,2.8218587239583335,-0.00025657806275170003
c30q4,0,49152,legacy_sequential,4.80314596077799,2458,5.000813802083333,0.19766784130534343
c31q0,0,49152,legacy_sequential,0.00043340579539990755,0,0.0,-0.00043340579539990755
c31q1,0,49152,legacy_sequential,0.005960125835004563,2,0.004069010416666667,-0.0018911154183378965
c31q2,0,49152,legacy_sequential,0.017586944648875058,8,0.016276041666666668,-0.0013109029822083928
c31q3,0,49152,legacy_sequential,0.027461119990097926,13,0.026448567708333332,-0.0010125522817645935
c31q4,0,49152,legacy_sequential,0.01457778732523242,7,0.014241536458333334,-0.00033625086689908525
c32q0,0,49152,legacy_sequential,0.07136505256735388,35,0.07120768229166667,-0.00015737027568721654
c32q1,0,49152,legacy_sequential,0.45099746514738165,221,0.4496256510416667,-0.0013718141057149705
c32q2,0,49152,legacy_sequential,2.614165024172776,1284,2.6123046875,-0.0018603366727761722
c32q3,0,49152,legacy_sequential,4.4502003217316455,2187,4.449462890625,-0.0007374311066454808
c32q4,0,49152,legacy_sequential,1.687522064884455,829,1.6866048177083333,-0.0009172471761218631
c33q0,0,49152,legacy_sequential,0.0003411070480690687,0,0.0,-0.0003411070480690687
c33q1,0,49152,legacy_sequential,0.027724897911293105,13,0.026448567708333332,-0.001276330202959773
c33q2,0,49152,legacy_sequential,0.07385664006372912,36,0.0732421875,-0.0006144525637291208
c33q3,0,49152,legacy_sequential,0.11629232791306955,57,0.115966796875,-0.00032553103806955055
c33q4,0,49152,legacy_sequential,0.20235385672405123,99,0.201416015625,-0.0009378410990512447
c34q0,0,49152,legacy_sequential,0.0012456962413833848,0,0.0,-0.0012456962413833848
c34q1,0,49152,legacy_sequential,0.07382218474434697,36,0.0732421875,-0.0005799972443469733
c34q2,0,49152,legacy_sequential,0.21875463463870096,107,0.21769205729166666,-0.0010625773470343113
c34q3,0,49152,legacy_sequential,0.2502104723328764,122,0.24820963541666666,-0.0020008369162097337
c34q4,0,49152,legacy_sequential,0.1318283040225521,64,0.13020833333333334,-0.0016199706892187742
c35q0,0,49152,legacy_sequential,0.016649323585395653,8,0.016276041666666668,-0.00037328191872898584
c35q1,0,49152,legacy_sequential,0.24826462859704407,122,0.24820963541666666,-5.499318037741931e-05
c35q2,0,49152,legacy_sequential,0.39295825151647523,193,0.3926595052083333,-0.0002987463081418999
c35q3,0,49152,legacy_sequential,0.2715676742681261,133,0.2705891927083333,-0.0009784815597927397
c35q4,0,49152,legacy_sequential,0.1075147565329539,52,0.10579427083333333,-0.0017204856996205819
c36q0,0,49152,legacy_sequential,0.015343917115901507,7,0.014241536458333334,-0.001102380657568174
c36q1,0,49152,legacy_sequential,0.07236854341080763,35,0.07120768229166667,-0.0011608611191409632
c36q2,0,49152,legacy_sequential,0.12842009507608337,63,0.128173828125,-0.0002462669510833659
c36q3,0,49152,legacy_sequential,0.06846358870045222,33,0.067138671875,-0.0013249168254522194
c36q4,0,49152,legacy_sequential,0.026312092217819577,12,0.0244140625,-0.0018980297178195773
c37q0,0,49152,legacy_sequential,0.007969174439870715,3,0.006103515625,-0.0018656588148707152
c37q1,0,49152,legacy_sequential,0.06535472325841922,32,0.06510416666666667,-0.00025055659175256
c37q2,0,49152,legacy_sequential,0.25720590578034025,126,0.25634765625,-0.0008582495303402493
c37q3,0,49152,legacy_sequential,0.41189548315943103,202,0.4109700520833333,-0.0009254310760977054
c37q4,0,49152,legacy_sequential,0.3473013771131674,170,0.3458658854166667,-0.001435491696500724
c38q0,0,49152,legacy_sequential,0.2057907933149082,101,0.20548502604166666,-0.0003057672732415667
c38q1,0,49152,legacy_sequential,0.5553239423110692,272,0.5533854166666666,-0.0019385256444025105
c38q2,0,49152,legacy_sequential,1.7723803080536626,871,1.7720540364583333,-0.00032627159532935823
c38q3,0,49152,legacy_sequential,2.159307734908163,1061,2.1586100260416665,-0.000697708866496255
c38q4,0,49152,legacy_sequential,2.1799164609110324,1071,2.178955078125,-0.0009613827860324026
c39q0,0,49152,legacy_sequential,0.03211580828005192,15,0.030517578125,-0.0015982301550519198
c39q1,0,49152,legacy_sequential,0.3877821466899308,190,0.3865559895833333,-0.0012261571065974412
c39q2,0,49152,legacy_sequential,1.9672854719764103,966,1.96533203125,-0.001953440726410252
c39q3,0,49152,legacy_sequential,0.9670879620160996,475,0.9663899739583334,-0.0006979880577661843
c39q4,0,49152,legacy_sequential,0.926282363840342,455,0.9256998697916666,-0.0005824940486754207
c00q0,1,49152,accurate,0.004069010416666666,2,0.004069010416666667,0.0
c00q1,1,49152,accurate,0.4191080729166667,206,0.4191080729166667,0.0
c00q2,1,49152,accurate,1.89208984375,930,1.89208984375,0.0
c00q3,1,49152,accurate,0.11800130208333333,58,0.11800130208333333,0.0
c00q4,1,49152,accurate,0.21769205729166666,107,0.21769205729166666,0.0
c01q0,1,49152,accurate,0.4557291666666667,224,0.4557291666666667,0.0
c01q1,1,49152,accurate,0.433349609375,213,0.433349609375,0.0
c01q2,1,49152,accurate,0.6368001302083333,313,0.6368001302083334,0.0
c01q3,1,49152,accurate,1.0457356770833335,514,1.0457356770833333,0.0
c01q4,1,49152,accurate,1.141357421875,561,1.141357421875,0.0
c02q0,1,49152,accurate,0.004069010416666666,2,0.004069010416666667,0.0
c02q1,1,49152,accurate,0.028483072916666668,14,0.028483072916666668,0.0
c02q2,1,49152,accurate,0.15869140625,78,0.15869140625,0.0
c02q3,1,49152,accurate,0.1953125,96,0.1953125,0.0
c02q4,1,49152,accurate,0.20751953125,102,0.20751953125,0.0
c03q0,1,49152,accurate,0.06917317708333334,34,0.06917317708333333,0.0
c03q1,1,49152,accurate,0.4923502604166667,242,0.4923502604166667,0.0
c03q2,1,49152,accurate,0.4313151041666667,212,0.4313151041666667,0.0
c03q3,1,49152,accurate,1.116943359375,549,1.116943359375,0.0
c03q4,1,49152,accurate,0.31534830729166663,155,0.3153483072916667,0.0
c04q0,1,49152,accurate,0.004069010416666666,2,0.004069010416666667,0.0
c04q1,1,49152,accurate,0.4191080729166667,206,0.4191080729166667,0.0
c04q2,1,49152,accurate,0.24210611979166666,119,0.24210611979166666,0.0
c04q3,1,49152,accurate,0.311279296875,153,0.311279296875,0.0
c04q4,1,49152,accurate,0.067138671875,33,0.067138671875,0.0
c05q0,1,49152,accurate,0.010172526041666668,5,0.010172526041666666,-1.3552527156068805e-18
c05q1,1,49152,accurate,0.03458658854166667,17,0.034586588541666664,0.0
c05q2,1,49152,accurate,0.5696614583333333,280,0.5696614583333334,0.0
c05q3,1,49152,accurate,0.469970703125,231,0.469970703125,0.0
c05q4,1,49152,accurate,1.7049153645833333,838,1.7049153645833333,0.0
c06q0,1,49152,accurate,0.004069010416666666,2,0.004069010416666667,0.0
c06q1,1,49152,accurate,0.026448567708333332,13,0.026448567708333332,0.0
c06q2,1,49152,accurate,0.30721028645833337,151,0.3072102864583333,0.0
c06q3,1,49152,accurate,0.9745279947916666,479,0.9745279947916666,0.0
c06q4,1,49152,accurate,0.335693359375,165,0.335693359375,0.0
c07q0,1,49152,accurate,0.04679361979166667,23,0.046793619791666664,0.0
c07q1,1,49152,accurate,0.115966796875,57,0.115966796875,0.0
c07q2,1,49152,accurate,0.286865234375,141,0.286865234375,0.0
c07q3,1,49152,accurate,0.7731119791666667,380,0.7731119791666666,0.0
c07q4,1,49152,accurate,0.103759765625,51,0.103759765625,0.0
c08q0,1,49152,accurate,0.008138020833333332,4,0.008138020833333334,0.0
c08q1,1,49152,accurate,0.010172526041666668,5,0.010172526041666666,-1.3552527156068805e-18
c08q2,1,49152,accurate,0.28076171875,138,0.28076171875,0.0
c08q3,1,49152,accurate,0.52490234375,258,0.52490234375,0.0
c08q4,1,49152,accurate,0.020345052083333336,10,0.020345052083333332,-2.710505431213761e-18
c09q0,1,49152,accurate,0.016276041666666664,8,0.016276041666666668,0.0
c09q1,1,49152,accurate,0.11189778645833333,55,0.11189778645833333,0.0
c09q2,1,49152,accurate,0.11800130208333333,58,0.11800130208333333,0.0
c09q3,1,49152,accurate,0.653076171875,321,0.653076171875,0.0
c09q4,1,49152,accurate,0.01220703125,6,0.01220703125,0.0
c10q0,1,49152,accurate,0.026448567708333332,13,0.026448567708333332,0.0
c10q1,1,49152,accurate,0.33772786458333337,166,0.3377278645833333,0.0
c10q2,1,49152,accurate,0.7303873697916667,359,0.7303873697916666,0.0
c10q3,1,49152,accurate,0.15055338541666669,74,0.15055338541666666,0.0
c10q4,1,49152,accurate,0.018310546875,9,0.018310546875,0.0
c11q0,1,49152,accurate,0.004069010416666666,2,0.004069010416666667,0.0
c11q1,1,49152,accurate,0.11189778645833333,55,0.11189778645833333,0.0
c11q2,1,49152,accurate,1.0355631510416665,509,1.0355631510416667,0.0
c11q3,1,49152,accurate,0.14444986979166669,71,0.14444986979166666,0.0
c11q4,1,49152,accurate,0.028483072916666668,14,0.028483072916666668,0.0
c12q0,1,49152,accurate,0.03865559895833333,19,0.038655598958333336,0.0
c12q1,1,49152,accurate,1.0579427083333335,520,1.0579427083333333,0.0
c12q2,1,49152,accurate,0.19938151041666666,98,0.19938151041666666,0.0
c12q3,1,49152,accurate,1.2898763020833335,634,1.2898763020833333,0.0
c12q4,1,49152,accurate,0.056966145833333336,28,0.056966145833333336,0.0
c13q0,1,49152,accurate,0.008138020833333332,4,0.008138020833333334,0.0
c13q1,1,49152,accurate,0.5452473958333333,268,0.5452473958333334,0.0
c13q2,1,49152,accurate,0.37027994791666663,182,0.3702799479166667,0.0
c13q3,1,49152,accurate,4.121907552083334,2026,4.121907552083333,0.0
c13q4,1,49152,accurate,0.9989420572916666,491,0.9989420572916666,0.0
c14q0,1,49152,accurate,0.32145182291666663,158,0.3214518229166667,0.0
c14q1,1,49152,accurate,1.47705078125,726,1.47705078125,0.0
c14q2,1,49152,accurate,0.360107421875,177,0.360107421875,0.0
c14q3,1,49152,accurate,2.201334635416667,1082,2.2013346354166665,0.0
c14q4,1,49152,accurate,0.103759765625,51,0.103759765625,0.0
c15q0,1,49152,accurate,0.018310546875,9,0.018310546875,0.0
c15q1,1,49152,accurate,0.38045247395833337,187,0.3804524739583333,0.0
c15q2,1,49152,accurate,0.665283203125,327,0.665283203125,0.0
c15q3,1,49152,accurate,0.17293294270833331,85,0.17293294270833334,0.0
c15q4,1,49152,accurate,0.4048665364583333,199,0.4048665364583333,0.0
c16q0,1,49152,accurate,0.018310546875,9,0.018310546875,0.0
c16q1,1,49152,accurate,0.1220703125,60,0.1220703125,0.0
c16q2,1,49152,accurate,0.5086263020833333,250,0.5086263020833334,0.0
c16q3,1,49152,accurate,1.5401204427083335,757,1.5401204427083333,0.0
c16q4,1,49152,accurate,0.1220703125,60,0.1220703125,0.0
c17q0,1,49152,accurate,0.20751953125,102,0.20751953125,0.0
c17q1,1,49152,accurate,0.4597981770833333,226,0.4597981770833333,0.0
c17q2,1,49152,accurate,1.4912923177083335,733,1.4912923177083333,0.0
c17q3,1,49152,accurate,0.653076171875,321,0.653076171875,0.0
c17q4,1,49152,accurate,0.13631184895833331,67,0.13631184895833334,0.0
c18q0,1,49152,accurate,0.0244140625,12,0.0244140625,0.0
c18q1,1,49152,accurate,0.13427734375,66,0.13427734375,0.0
c18q2,1,49152,accurate,0.6388346354166667,314,0.6388346354166666,0.0
c18q3,1,49152,accurate,0.37434895833333337,184,0.3743489583333333,0.0
c18q4,1,49152,accurate,0.03865559895833333,19,0.038655598958333336,0.0
c19q0,1,49152,accurate,0.01220703125,6,0.01220703125,0.0
c19q1,1,49152,accurate,0.1220703125,60,0.1220703125,0.0
c19q2,1,49152,accurate,0.20751953125,102,0.20751953125,0.0
c19q3,1,49152,accurate,0.19124348958333331,94,0.19124348958333334,0.0
c19q4,1,49152,accurate,0.03255208333333333,16,0.032552083333333336,0.0
c20q0,1,49152,accurate,0.020345052083333336,10,0.020345052083333332,-2.710505431213761e-18
c20q1,1,49152,accurate,0.25634765625,126,0.25634765625,0.0
c20q2,1,49152,accurate,0.24007161458333334,118,0.24007161458333334,0.0
c20q3,1,49152,accurate,0.28076171875,138,0.28076171875,0.0
c20q4,1,49152,accurate,0.152587890625,75,0.152587890625,0.0
c21q0,1,49152,accurate,0.050862630208333336,25,0.050862630208333336,0.0
c21q1,1,49152,accurate,0.09358723958333334,46,0.09358723958333333,0.0
c21q2,1,49152,accurate,1.5279134114583335,751,1.5279134114583333,0.0
c21q3,1,49152,accurate,0.3662109375,180,0.3662109375,0.0
c21q4,1,49152,accurate,0.213623046875,105,0.213623046875,0.0
c22q0,1,49152,accurate,0,0,0.0,0.0
c22q1,1,49152,accurate,0.016276041666666664,8,0.016276041666666668,0.0
c22q2,1,49152,accurate,0.08138020833333334,40,0.08138020833333333,0.0
c22q3,1,49152,accurate,0.08951822916666666,44,0.08951822916666667,0.0
c22q4,1,49152,accurate,0.067138671875,33,0.067138671875,0.0
c23q0,1,49152,accurate,0.07731119791666666,38,0.07731119791666667,0.0
c23q1,1,49152,accurate,0.811767578125,399,0.811767578125,0.0
c23q2,1,49152,accurate,1.0030110677083335,493,1.0030110677083333,0.0
c23q3,1,49152,accurate,0.3926595052083333,193,0.3926595052083333,0.0
c23q4,1,49152,accurate,0.164794921875,81,0.164794921875,0.0
c24q0,1,49152,accurate,0.30721028645833337,151,0.3072102864583333,0.0
c24q1,1,49152,accurate,0.1953125,96,0.1953125,0.0
c24q2,1,49152,accurate,0.8036295572916666,395,0.8036295572916666,0.0
c24q3,1,49152,accurate,0.36824544270833337,181,0.3682454427083333,0.0
c24q4,1,49152,accurate,0.4557291666666667,224,0.4557291666666667,0.0
c25q0,1,49152,accurate,0.5900065104166667,290,0.5900065104166666,0.0
c25q1,1,49152,accurate,0.8870442708333334,436,0.8870442708333334,0.0
c25q2,1,49152,accurate,1.4892578125,732,1.4892578125,0.0
c25q3,1,49152,accurate,0.9806315104166666,482,0.9806315104166666,0.0
c25q4,1,49152,accurate,0.4191080729166667,206,0.4191080729166667,0.0
c26q0,1,49152,accurate,0.12003580729166667,59,0.12003580729166667,0.0
c26q1,1,49152,accurate,0.5350748697916667,263,0.5350748697916666,0.0
c26q2,1,49152,accurate,0.640869140625,315,0.640869140625,0.0
c26q3,1,49152,accurate,0.4048665364583333,199,0.4048665364583333,0.0
c26q4,1,49152,accurate,0.6083170572916667,299,0.6083170572916666,0.0
c27q0,1,49152,accurate,0.006103515625,3,0.006103515625,0.0
c27q1,1,49152,accurate,0.020345052083333336,10,0.020345052083333332,-2.710505431213761e-18
c27q2,1,49152,accurate,0.08748372395833334,43,0.08748372395833333,0.0
c27q3,1,49152,accurate,0.056966145833333336,28,0.056966145833333336,0.0
c27q4,1,49152,accurate,0.052897135416666664,26,0.052897135416666664,0.0
c28q0,1,49152,accurate,0.04069010416666667,20,0.040690104166666664,0.0
c28q1,1,49152,accurate,1.0782877604166665,530,1.0782877604166667,0.0
c28q2,1,49152,accurate,1.3895670572916665,683,1.3895670572916667,0.0
c28q3,1,49152,accurate,2.699788411458333,1327,2.6997884114583335,0.0
c28q4,1,49152,accurate,5.417887369791666,2663,5.417887369791667,0.0
c29q0,1,49152,accurate,0.21158854166666666,104,0.21158854166666666,0.0
c29q1,1,49152,accurate,0.21565755208333334,106,0.21565755208333334,0.0
c29q2,1,49152,accurate,1.46484375,720,1.46484375,0.0
c29q3,1,49152,accurate,1.1800130208333335,580,1.1800130208333333,0.0
c29q4,1,49152,accurate,0.20751953125,102,0.20751953125,0.0
c30q0,1,49152,accurate,0.004069010416666666,2,0.004069010416666667,0.0
c30q1,1,49152,accurate,0.06103515625,30,0.06103515625,0.0
c30q2,1,49152,accurate,0.4536946614583333,223,0.4536946614583333,0.0
c30q3,1,49152,accurate,1.4302571614583335,703,1.4302571614583333,0.0
c30q4,1,49152,accurate,4.901123046875,2409,4.901123046875,0.0
c31q0,1,49152,accurate,0.010172526041666668,5,0.010172526041666666,-1.3552527156068805e-18
c31q1,1,49152,accurate,0.11189778645833333,55,0.11189778645833333,0.0
c31q2,1,49152,accurate,0.25431315104166663,125,0.2543131510416667,0.0
c31q3,1,49152,accurate,0.189208984375,93,0.189208984375,0.0
c31q4,1,49152,accurate,0.20751953125,102,0.20751953125,0.0
c32q0,1,49152,accurate,0.29703776041666663,146,0.2970377604166667,0.0
c32q1,1,49152,accurate,1.1942545572916665,587,1.1942545572916667,0.0
c32q2,1,49152,accurate,2.012125651041667,989,2.0121256510416665,0.0
c32q3,1,49152,accurate,2.74658203125,1350,2.74658203125,0.0
c32q4,1,49152,accurate,2.028401692708333,997,2.0284016927083335,0.0
c33q0,1,49152,accurate,0.01220703125,6,0.01220703125,0.0
c33q1,1,49152,accurate,0.16072591145833331,79,0.16072591145833334,0.0
c33q2,1,49152,accurate,0.11800130208333333,58,0.11800130208333333,0.0
c33q3,1,49152,accurate,0.4618326822916667,227,0.4618326822916667,0.0
c33q4,1,49152,accurate,0.299072265625,147,0.299072265625,0.0
c34q0,1,49152,accurate,0.008138020833333332,4,0.008138020833333334,0.0
c34q1,1,49152,accurate,0.28889973958333337,142,0.2888997395833333,0.0
c34q2,1,49152,accurate,0.050862630208333336,25,0.050862630208333336,0.0
c34q3,1,49152,accurate,0.22989908854166666,113,0.22989908854166666,0.0
c34q4,1,49152,accurate,0.03255208333333333,16,0.032552083333333336,0.0
c35q0,1,49152,accurate,0.026448567708333332,13,0.026448567708333332,0.0
c35q1,1,49152,accurate,0.6306966145833333,310,0.6306966145833334,0.0
c35q2,1,49152,accurate,0.433349609375,213,0.433349609375,0.0
c35q3,1,49152,accurate,0.15462239583333331,76,0.15462239583333334,0.0
c35q4,1,49152,accurate,0.27058919270833337,133,0.2705891927083333,0.0
c36q0,1,49152,accurate,0.03865559895833333,19,0.038655598958333336,0.0
c36q1,1,49152,accurate,0.18107096354166669,89,0.18107096354166666,0.0
c36q2,1,49152,accurate,0.13834635416666669,68,0.13834635416666666,0.0
c36q3,1,49152,accurate,0.25227864583333337,124,0.2522786458333333,0.0
c36q4,1,49152,accurate,0.030517578125,15,0.030517578125,0.0
c37q0,1,49152,accurate,0.07527669270833334,37,0.07527669270833333,0.0
c37q1,1,49152,accurate,0.08748372395833334,43,0.08748372395833333,0.0
c37q2,1,49152,accurate,0.8443196614583334,415,0.8443196614583334,0.0
c37q3,1,49152,accurate,2.242024739583333,1102,2.2420247395833335,0.0
c37q4,1,49152,accurate,0.38045247395833337,187,0.3804524739583333,0.0
c38q0,1,49152,accurate,0.12003580729166667,59,0.12003580729166667,0.0
c38q1,1,49152,accurate,0.5147298177083333,253,0.5147298177083334,0.0
c38q2,1,49152,accurate,1.9287109375,948,1.9287109375,0.0
c38q3,1,49152,accurate,0.4048665364583333,199,0.4048665364583333,0.0
c38q4,1,49152,accurate,0.69580078125,342,0.69580078125,0.0
c39q0,1,49152,accurate,0.016276041666666664,8,0.016276041666666668,0.0
c39q1,1,49152,accurate,0.08138020833333334,40,0.08138020833333333,0.0
c39q2,1,49152,accurate,0.7792154947916667,383,0.7792154947916666,0.0
c39q3,1,49152,accurate,0.726318359375,357,0.726318359375,0.0
c39q4,1,49152,accurate,0.17903645833333331,88,0.17903645833333334,0.0
c00q0,1,49152,legacy_sequential,0.004069010416666666,2,0.004069010416666667,0.0
c00q1,1,49152,legacy_sequential,0.4191080729166667,206,0.4191080729166667,0.0
c00q2,1,49152,legacy_sequential,1.89208984375,930,1.89208984375,0.0
c00q3,1,49152,legacy_sequential,0.11800130208333333,58,0.11800130208333333,0.0
c00q4,1,49152,legacy_sequential,0.21769205729166666,107,0.21769205729166666,0.0
c01q0,1,49152,legacy_sequential,0.4557291666666667,224,0.4557291666666667,0.0
c01q1,1,49152,legacy_sequential,0.433349609375,213,0.433349609375,0.0
c01q2,1,49152,legacy_sequential,0.6368001302083333,313,0.6368001302083334,0.0
c01q3,1,49152,legacy_sequential,1.0457356770833335,514,1.0457356770833333,0.0
c01q4,1,49152,legacy_sequential,1.141357421875,561,1.141357421875,0.0
c02q0,1,49152,legacy_sequential,0.004069010416666666,2,0.004069010416666667,0.0
c02q1,1,49152,legacy_sequential,0.028483072916666668,14,0.028483072916666668,0.0
c02q2,1,49152,legacy_sequential,0.15869140625,78,0.15869140625,0.0
c02q3,1,49152,legacy_sequential,0.1953125,96,0.1953125,0.0
c02q4,1,49152,legacy_sequential,0.20751953125,102,0.20751953125,0.0
c03q0,1,49152,legacy_sequential,0.06917317708333334,34,0.06917317708333333,0.0
c03q1,1,49152,legacy_sequential,0.4923502604166667,242,0.4923502604166667,0.0
c03q2,1,49152,legacy_sequential,0.4313151041666667,212,0.4313151041666667,0.0
c03q3,1,49152,legacy_sequential,1.116943359375,549,1.116943359375,0.0
c03q4,1,49152,legacy_sequential,0.31534830729166663,155,0.3153483072916667,0.0
c04q0,1,49152,legacy_sequential,0.004069010416666666,2,0.004069010416666667,0.0
c04q1,1,49152,legacy_sequential,0.4191080729166667,206,0.4191080729166667,0.0
c04q2,1,49152,legacy_sequential,0.24210611979166666,119,0.24210611979166666,0.0
c04q3,1,49152,legacy_sequential,0.311279296875,153,0.311279296875,0.0
c04q4,1,49152,legacy_sequential,0.067138671875,33,0.067138671875,0.0
c05q0,1,49152,legacy_sequential,0.010172526041666668,5,0.010172526041666666,-1.3552527156068805e-18
c05q1,1,49152,legacy_sequential,0.03458658854166667,17,0.034586588541666664,0.0
c05q2,1,49152,legacy_sequential,0.5696614583333333,280,0.5696614583333334,0.0
c05q3,1,49152,legacy_sequential,0.469970703125,231,0.469970703125,0.0
c05q4,1,49152,legacy_sequential,1.7049153645833333,838,1.7049153645833333,0.0
c06q0,1,49152,legacy_sequential,0.004069010416666666,2,0.004069010416666667,0.0
c06q1,1,49152,legacy_sequential,0.026448567708333332,13,0.026448567708333332,0.0
c06q2,1,49152,legacy_sequential,0.30721028645833337,151,0.3072102864583333,0.0
c06q3,1,49152,legacy_sequential,0.9745279947916666,479,0.9745279947916666,0.0
c06q4,1,49152,legacy_sequential,0.335693359375,165,0.335693359375,0.0
c07q0,1,49152,legacy_sequential,0.04679361979166667,23,0.046793619791666664,0.0
c07q1,1,49152,legacy_sequential,0.115966796875,57,0.115966796875,0.0
c07q2,1,49152,legacy_sequential,0.286865234375,141,0.286865234375,0.0
c07q3,1,49152,legacy_sequential,0.7731119791666667,380,0.7731119791666666,0.0
c07q4,1,49152,legacy_sequential,0.103759765625,51,0.103759765625,0.0
c08q0,1,49152,legacy_sequential,0.008138020833333332,4,0.008138020833333334,0.0
c08q1,1,49152,legacy_sequential,0.010172526041666668,5,0.010172526041666666,-1.3552527156068805e-18
c08q2,1,49152,legacy_sequential,0.28076171875,138,0.28076171875,0.0
c08q3,1,49152,legacy_sequential,0.52490234375,258,0.52490234375,0.0
c08q4,1,49152,legacy_sequential,0.020345052083333336,10,0.020345052083333332,-2.710505431213761e-18
c09q0,1,49152,legacy_sequential,0.016276041666666664,8,0.016276041666666668,0.0
c09q1,1,49152,legacy_sequential,0.11189778645833333,55,0.11189778645833333,0.0
c09q2,1,49152,legacy_sequential,0.11800130208333333,58,0.11800130208333333,0.0
c09q3,1,49152,legacy_sequential,0.653076171875,321,0.653076171875,0.0
c09q4,1,49152,legacy_sequential,0.01220703125,6,0.01220703125,0.0
c10q0,1,49152,legacy_sequential,0.026448567708333332,13,0.026448567708333332,0.0
c10q1,1,49152,legacy_sequential,0.33772786458333337,166,0.3377278645833333,0.0
c10q2,1,49152,legacy_sequential,0.7303873697916667,359,0.7303873697916666,0.0
c10q3,1,49152,legacy_sequential,0.15055338541666669,74,0.15055338541666666,0.0
c10q4,1,49152,legacy_sequential,0.018310546875,9,0.018310546875,0.0
c11q0,1,49152,legacy_sequential,0.004069010416666666,2,0.004069010416666667,0.0
c11q1,1,49152,legacy_sequential,0.11189778645833333,55,0.11189778645833333,0.0
c11q2,1,49152,legacy_sequential,1.0355631510416665,509,1.0355631510416667,0.0
c11q3,1,49152,legacy_sequential,0.14444986979166669,71,0.14444986979166666,0.0
c11q4,1,49152,legacy_sequential,0.028483072916666668,14,0.028483072916666668,0.0
c12q0,1,49152,legacy_sequential,0.03865559895833333,19,0.038655598958333336,0.0
c12q1,1,49152,legacy_sequential,1.0579427083333335,520,1.0579427083333333,0.0
c12q2,1,49152,legacy_sequential,0.19938151041666666,98,0.19938151041666666,0.0
c12q3,1,49152,legacy_sequential,1.2898763020833335,634,1.2898763020833333,0.0
c12q4,1,49152,legacy_sequential,0.056966145833333336,28,0.056966145833333336,0.0
c13q0,1,49152,legacy_sequential,0.008138020833333332,4,0.008138020833333334,0.0
c13q1,1,49152,legacy_sequential,0.5452473958333333,268,0.5452473958333334,0.0
c13q2,1,49152,legacy_sequential,0.37027994791666663,182,0.3702799479166667,0.0
c13q3,1,49152,legacy_sequential,4.121907552083334,2026,4.121907552083333,0.0
c13q4,1,49152,legacy_sequential,0.9989420572916666,491,0.9989420572916666,0.0
c14q0,1,49152,legacy_sequential,0.32145182291666663,158,0.3214518229166667,0.0
c14q1,1,49152,legacy_sequential,1.47705078125,726,1.47705078125,0.0
c14q2,1,49152,legacy_sequential,0.360107421875,177,0.360107421875,0.0
c14q3,1,49152,legacy_sequential,2.201334635416667,1082,2.2013346354166665,0.0
c14q4,1,49152,legacy_sequential,0.103759765625,51,0.103759765625,0.0
c15q0,1,49152,legacy_sequential,0.018310546875,9,0.018310546875,0.0
c15q1,1,49152,legacy_sequential,0.38045247395833337,187,0.3804524739583333,0.0
c15q2,1,49152,legacy_sequential,0.665283203125,327,0.665283203125,0.0
c15q3,1,49152,legacy_sequential,0.17293294270833331,85,0.17293294270833334,0.0
c15q4,1,49152,legacy_sequential,0.4048665364583333,199,0.4048665364583333,0.0
c16q0,1,49152,legacy_sequential,0.018310546875,9,0.018310546875,0.0
c16q1,1,49152,legacy_sequential,0.1220703125,60,0.1220703125,0.0
c16q2,1,49152,legacy_sequential,0.5086263020833333,250,0.5086263020833334,0.0
c16q3,1,49152,legacy_sequential,1.5401204427083335,757,1.5401204427083333,0.0
c16q4,1,49152,legacy_sequential,0.1220703125,60,0.1220703125,0.0
c17q0,1,49152,legacy_sequential,0.20751953125,102,0.20751953125,0.0
c17q1,1,49152,legacy_sequential,0.4597981770833333,226,0.4597981770833333,0.0
c17q2,1,49152,legacy_sequential,1.4912923177083335,733,1.4912923177083333,0.0
c17q3,1,49152,legacy_sequential,0.653076171875,321,0.653076171875,0.0
c17q4,1,49152,legacy_sequential,0.13631184895833331,67,0.13631184895833334,0.0
c18q0,1,49152,legacy_sequential,0.0244140625,12,0.0244140625,0.0
c18q1,1,49152,legacy_sequential,0.13427734375,66,0.13427734375,0.0
c18q2,1,49152,legacy_sequential,0.6388346354166667,314,0.6388346354166666,0.0
c18q3,1,49152,legacy_sequential,0.37434895833333337,184,0.3743489583333333,0.0
c18q4,1,49152,legacy_sequential,0.03865559895833333,19,0.038655598958333336,0.0
c19q0,1,49152,legacy_sequential,0.01220703125,6,0.01220703125,0.0
c19q1,1,49152,legacy_sequential,0.1220703125,60,0.1220703125,0.0
c19q2,1,49152,legacy_sequential,0.20751953125,102,0.20751953125,0.0
c19q3,1,49152,legacy_sequential,0.19124348958333331,94,0.19124348958333334,0.0
c19q4,1,49152,legacy_sequential,0.03255208333333333,16,0.032552083333333336,0.0
c20q0,1,49152,legacy_sequential,0.020345052083333336,10,0.020345052083333332,-2.710505431213761e-18
c20q1,1,49152,legacy_sequential,0.25634765625,126,0.25634765625,0.0
c20q2,1,49152,legacy_sequential,0.24007161458333334,118,0.24007161458333334,0.0
c20q3,1,49152,legacy_sequential,0.28076171875,138,0.28076171875,0.0
c20q4,1,49152,legacy_sequential,0.152587890625,75,0.152587890625,0.0
c21q0,1,49152,legacy_sequential,0.050862630208333336,25,0.050862630208333336,0.0
c21q1,1,49152,legacy_sequential,0.09358723958333334,46,0.09358723958333333,0.0
c21q2,1,49152,legacy_sequential,1.5279134114583335,751,1.5279134114583333,0.0
c21q3,1,49152,legacy_sequential,0.3662109375,180,0.3662109375,0.0
c21q4,1,49152,legacy_sequential,0.213623046875,105,0.213623046875,0.0
c22q0,1,49152,legacy_sequential,0,0,0.0,0.0
c22q1,1,49152,legacy_sequential,0.016276041666666664,8,0.016276041666666668,0.0
c22q2,1,49152,legacy_sequential,0.08138020833333334,40,0.08138020833333333,0.0
c22q3,1,49152,legacy_sequential,0.08951822916666666,44,0.08951822916666667,0.0
c22q4,1,49152,legacy_sequential,0.067138671875,33,0.067138671875,0.0
c23q0,1,49152,legacy_sequential,0.07731119791666666,38,0.07731119791666667,0.0
c23q1,1,49152,legacy_sequential,0.811767578125,399,0.811767578125,0.0
c23q2,1,49152,legacy_sequential,1.0030110677083335,493,1.0030110677083333,0.0
c23q3,1,49152,legacy_sequential,0.3926595052083333,193,0.3926595052083333,0.0
c23q4,1,49152,legacy_sequential,0.164794921875,81,0.164794921875,0.0
c24q0,1,49152,legacy_sequential,0.30721028645833337,151,0.3072102864583333,0.0
c24q1,1,49152,legacy_sequential,0.1953125,96,0.1953125,0.0
c24q2,1,49152,legacy_sequential,0.8036295572916666,395,0.8036295572916666,0.0
c24q3,1,49152,legacy_sequential,0.36824544270833337,181,0.3682454427083333,0.0
c24q4,1,49152,legacy_sequential,0.4557291666666667,224,0.4557291666666667,0.0
c25q0,1,49152,legacy_sequential,0.5900065104166667,290,0.5900065104166666,0.0
c25q1,1,49152,legacy_sequential,0.8870442708333334,436,0.8870442708333334,0.0
c25q2,1,49152,legacy_sequential,1.4892578125,732,1.4892578125,0.0
c25q3,1,49152,legacy_sequential,0.9806315104166666,482,0.9806315104166666,0.0
c25q4,1,49152,legacy_sequential,0.4191080729166667,206,0.4191080729166667,0.0
c26q0,1,49152,legacy_sequential,0.12003580729166667,59,0.12003580729166667,0.0
c26q1,1,49152,legacy_sequential,0.5350748697916667,263,0.5350748697916666,0.0
c26q2,1,49152,legacy_sequential,0.640869140625,315,0.640869140625,0.0
c26q3,1,49152,legacy_sequential,0.4048665364583333,199,0.4048665364583333,0.0
c26q4,1,49152,legacy_sequential,0.6083170572916667,299,0.6083170572916666,0.0
c27q0,1,49152,legacy_sequential,0.006103515625,3,0.006103515625,0.0
c27q1,1,49152,legacy_sequential,0.020345052083333336,10,0.020345052083333332,-2.710505431213761e-18
c27q2,1,49152,legacy_sequential,0.08748372395833334,43,0.08748372395833333,0.0
c27q3,1,49152,legacy_sequential,0.056966145833333336,28,0.056966145833333336,0.0
c27q4,1,49152,legacy_sequential,0.052897135416666664,26,0.052897135416666664,0.0
c28q0,1,49152,legacy_sequential,0.04069010416666667,20,0.040690104166666664,0.0
c28q1,1,49152,legacy_sequential,1.0782877604166665,530,1.0782877604166667,0.0
c28q2,1,49152,legacy_sequential,1.3895670572916665,683,1.3895670572916667,0.0
c28q3,1,49152,legacy_sequential,2.699788411458333,1327,2.6997884114583335,0.0
c28q4,1,49152,legacy_sequential,5.417887369791666,2663,5.417887369791667,0.0
c29q0,1,49152,legacy_sequential,0.21158854166666666,104,0.21158854166666666,0.0
c29q1,1,49152,legacy_sequential,0.21565755208333334,106,0.21565755208333334,0.0
c29q2,1,49152,legacy_sequential,1.46484375,720,1.46484375,0.0
c29q3,1,49152,legacy_sequential,1.1800130208333335,580,1.1800130208333333,0.0
c29q4,1,49152,legacy_sequential,0.20751953125,102,0.20751953125,0.0
c30q0,1,49152,legacy_sequential,0.004069010416666666,2,0.004069010416666667,0.0
c30q1,1,49152,legacy_sequential,0.06103515625,30,0.06103515625,0.0
c30q2,1,49152,legacy_sequential,0.4536946614583333,223,0.4536946614583333,0.0
c30q3,1,49152,legacy_sequential,1.4302571614583335,703,1.4302571614583333,0.0
c30q4,1,49152,legacy_sequential,4.901123046875,2409,4.901123046875,0.0
c31q0,1,49152,legacy_sequential,0.010172526041666668,5,0.010172526041666666,-1.3552527156068805e-18
c31q1,1,49152,legacy_sequential,0.11189778645833333,55,0.11189778645833333,0.0
c31q2,1,49152,legacy_sequential,0.25431315104166663,125,0.2543131510416667,0.0
c31q3,1,49152,legacy_sequential,0.189208984375,93,0.189208984375,0.0
c31q4,1,49152,legacy_sequential,0.20751953125,102,0.20751953125,0.0
c32q0,1,49152,legacy_sequential,0.29703776041666663,146,0.2970377604166667,0.0
c32q1,1,49152,legacy_sequential,1.1942545572916665,587,1.1942545572916667,0.0
c32q2,1,49152,legacy_sequential,2.012125651041667,989,2.0121256510416665,0.0
c32q3,1,49152,legacy_sequential,2.74658203125,1350,2.74658203125,0.0
c32q4,1,49152,legacy_sequential,2.028401692708333,997,2.0284016927083335,0.0
c33q0,1,49152,legacy_sequential,0.01220703125,6,0.01220703125,0.0
c33q1,1,49152,legacy_sequential,0.16072591145833331,79,0.16072591145833334,0.0
c33q2,1,49152,legacy_sequential,0.11800130208333333,58,0.11800130208333333,0.0
c33q3,1,49152,legacy_sequential,0.4618326822916667,227,0.4618326822916667,0.0
c33q4,1,49152,legacy_sequential,0.299072265625,147,0.299072265625,0.0
c34q0,1,49152,legacy_sequential,0.008138020833333332,4,0.008138020833333334,0.0
c34q1,1,49152,legacy_sequential,0.28889973958333337,142,0.2888997395833333,0.0
c34q2,1,49152,legacy_sequential,0.050862630208333336,25,0.050862630208333336,0.0
c34q3,1,49152,legacy_sequential,0.22989908854166666,113,0.22989908854166666,0.0
c34q4,1,49152,legacy_sequential,0.03255208333333333,16,0.032552083333333336,0.0
c35q0,1,49152,legacy_sequential,0.026448567708333332,13,0.026448567708333332,0.0
c35q1,1,49152,legacy_sequential,0.6306966145833333,310,0.6306966145833334,0.0
c35q2,1,49152,legacy_sequential,0.433349609375,213,0.433349609375,0.0
c35q3,1,49152,legacy_sequential,0.15462239583333331,76,0.15462239583333334,0.0
c35q4,1,49152,legacy_sequential,0.27058919270833337,133,0.2705891927083333,0.0
c36q0,1,49152,legacy_sequential,0.03865559895833333,19,0.038655598958333336,0.0
c36q1,1,49152,legacy_sequential,0.18107096354166669,89,0.18107096354166666,0.0
c36q2,1,49152,legacy_sequential,0.13834635416666669,68,0.13834635416666666,0.0
c36q3,1,49152,legacy_sequential,0.25227864583333337,124,0.2522786458333333,0.0
c36q4,1,49152,legacy_sequential,0.030517578125,15,0.030517578125,0.0
c37q0,1,49152,legacy_sequential,0.07527669270833334,37,0.07527669270833333,0.0
c37q1,1,49152,legacy_sequential,0.08748372395833334,43,0.08748372395833333,0.0
c37q2,1,49152,legacy_sequential,0.8443196614583334,415,0.8443196614583334,0.0
c37q3,1,49152,legacy_sequential,2.242024739583333,1102,2.2420247395833335,0.0
c37q4,1,49152,legacy_sequential,0.38045247395833337,187,0.3804524739583333,0.0
c38q0,1,49152,legacy_sequential,0.12003580729166667,59,0.12003580729166667,0.0
c38q1,1,49152,legacy_sequential,0.5147298177083333,253,0.5147298177083334,0.0
c38q2,1,49152,legacy_sequential,1.9287109375,948,1.9287109375,0.0
c38q3,1,49152,legacy_sequential,0.4048665364583333,199,0.4048665364583333,0.0
c38q4,1,49152,legacy_sequential,0.69580078125,342,0.69580078125,0.0
c39q0,1,49152,legacy_sequential,0.016276041666666664,8,0.016276041666666668,0.0
c39q1,1,49152,legacy_sequential,0.08138020833333334,40,0.08138020833333333,0.0
c39q2,1,49152,legacy_sequential,0.7792154947916667,383,0.7792154947916666,0.0
c39q3,1,49152,legacy_sequential,0.726318359375,357,0.726318359375,0.0
c39q4,1,49152,legacy_sequential,0.17903645833333331,88,0.17903645833333334,0.0
c00q0,2,49152,accurate,0.002034505208333333,1,0.0020345052083333335,0.0
c00q1,2,49152,accurate,0.16072591145833331,79,0.16072591145833334,0.0
c00q2,2,49152,accurate,1.3285319010416665,653,1.3285319010416667,0.0
c00q3,2,49152,accurate,0.091552734375,45,0.091552734375,0.0
c00q4,2,49152,accurate,0.22176106770833334,109,0.22176106770833334,0.0
c01q0,2,49152,accurate,0.11393229166666667,56,0.11393229166666667,0.0
c01q1,2,49152,accurate,0.19938151041666666,98,0.19938151041666666,0.0
c01q2,2,49152,accurate,0.26448567708333337,130,0.2644856770833333,0.0
c01q3,2,49152,accurate,0.6449381510416667,317,0.6449381510416666,0.0
c01q4,2,49152,accurate,1.0965983072916665,539,1.0965983072916667,0.0
c02q0,2,49152,accurate,0.004069010416666666,2,0.004069010416666667,0.0
c02q1,2,49152,accurate,0.07731119791666666,38,0.07731119791666667,0.0
c02q2,2,49152,accurate,0.262451171875,129,0.262451171875,0.0
c02q3,2,49152,accurate,0.07120768229166666,35,0.07120768229166667,0.0
c02q4,2,49152,accurate,0.13427734375,66,0.13427734375,0.0
c03q0,2,49152,accurate,0.04069010416666667,20,0.040690104166666664,0.0
c03q1,2,49152,accurate,0.6144205729166667,302,0.6144205729166666,0.0
c03q2,2,49152,accurate,0.7222493489583333,355,0.7222493489583334,0.0
c03q3,2,49152,accurate,1.15966796875,570,1.15966796875,0.0
c03q4,2,49152,accurate,0.244140625,120,0.244140625,0.0
c04q0,2,49152,accurate,0.004069010416666666,2,0.004069010416666667,0.0
c04q1,2,49152,accurate,0.20955403645833334,103,0.20955403645833334,0.0
c04q2,2,49152,accurate,0.103759765625,51,0.103759765625,0.0
c04q3,2,49152,accurate,0.11189778645833333,55,0.11189778645833333,0.0
c04q4,2,49152,accurate,0.016276041666666664,8,0.016276041666666668,0.0
c05q0,2,49152,accurate,0.010172526041666668,5,0.010172526041666666,-1.3552527156068805e-18
c05q1,2,49152,accurate,0.079345703125,39,0.079345703125,0.0
c05q2,2,49152,accurate,0.7771809895833333,382,0.7771809895833334,0.0
c05q3,2,49152,accurate,0.48828125,240,0.48828125,0.0
c05q4,2,49152,accurate,2.567545572916667,1262,2.5675455729166665,0.0
c06q0,2,49152,accurate,0.004069010416666666,2,0.004069010416666667,0.0
c06q1,2,49152,accurate,0.006103515625,3,0.006103515625,0.0
c06q2,2,49152,accurate,0.4374186197916667,215,0.4374186197916667,0.0
c06q3,2,49152,accurate,0.4536946614583333,223,0.4536946614583333,0.0
c06q4,2,49152,accurate,0.1953125,96,0.1953125,0.0
c07q0,2,49152,accurate,0.016276041666666664,8,0.016276041666666668,0.0
c07q1,2,49152,accurate,0.08341471354166666,41,0.08341471354166667,0.0
c07q2,2,49152,accurate,0.4903157552083333,241,0.4903157552083333,0.0
c07q3,2,49152,accurate,0.8992513020833334,442,0.8992513020833334,0.0
c07q4,2,49152,accurate,0.048828125,24,0.048828125,0.0
c08q0,2,49152,accurate,0.006103515625,3,0.006103515625,0.0
c08q1,2,49152,accurate,0.010172526041666668,5,0.010172526041666666,-1.3552527156068805e-18
c08q2,2,49152,accurate,0.22379557291666666,110,0.22379557291666666,0.0
c08q3,2,49152,accurate,0.5940755208333333,292,0.5940755208333334,0.0
c08q4,2,49152,accurate,0.03865559895833333,19,0.038655598958333336,0.0
c09q0,2,49152,accurate,0.128173828125,63,0.128173828125,0.0
c09q1,2,49152,accurate,0.08341471354166666,41,0.08341471354166667,0.0
c09q2,2,49152,accurate,0.30110677083333337,148,0.3011067708333333,0.0
c09q3,2,49152,accurate,0.213623046875,105,0.213623046875,0.0
c09q4,2,49152,accurate,0.020345052083333336,10,0.020345052083333332,-2.710505431213761e-18
c10q0,2,49152,accurate,0.008138020833333332,4,0.008138020833333334,0.0
c10q1,2,49152,accurate,0.30924479166666663,152,0.3092447916666667,0.0
c10q2,2,49152,accurate,0.7954915364583334,391,0.7954915364583334,0.0
c10q3,2,49152,accurate,0.07731119791666666,38,0.07731119791666667,0.0
c10q4,2,49152,accurate,0.07731119791666666,38,0.07731119791666667,0.0
c11q0,2,49152,accurate,0.004069010416666666,2,0.004069010416666667,0.0
c11q1,2,49152,accurate,0.067138671875,33,0.067138671875,0.0
c11q2,2,49152,accurate,0.5167643229166667,254,0.5167643229166666,0.0
c11q3,2,49152,accurate,0.27262369791666663,134,0.2726236979166667,0.0
c11q4,2,49152,accurate,0.008138020833333332,4,0.008138020833333334,0.0
c12q0,2,49152,accurate,0.004069010416666666,2,0.004069010416666667,0.0
c12q1,2,49152,accurate,1.617431640625,795,1.617431640625,0.0
c12q2,2,49152,accurate,0.2197265625,108,0.2197265625,0.0
c12q3,2,49152,accurate,1.5177408854166665,746,1.5177408854166667,0.0
c12q4,2,49152,accurate,0.052897135416666664,26,0.052897135416666664,0.0
c13q0,2,49152,accurate,0.004069010416666666,2,0.004069010416666667,0.0
c13q1,2,49152,accurate,0.8931477864583334,439,0.8931477864583334,0.0
c13q2,2,49152,accurate,0.5900065104166667,290,0.5900065104166666,0.0
c13q3,2,49152,accurate,3.9143880208333335,1924,3.9143880208333335,0.0
c13q4,2,49152,accurate,1.153564453125,567,1.153564453125,0.0
c14q0,2,49152,accurate,0.056966145833333336,28,0.056966145833333336,0.0
c14q1,2,49152,accurate,1.1149088541666665,548,1.1149088541666667,0.0
c14q2,2,49152,accurate,0.457763671875,225,0.457763671875,0.0
c14q3,2,49152,accurate,1.3346354166666665,656,1.3346354166666667,0.0
c14q4,2,49152,accurate,0.10782877604166667,53,0.10782877604166667,0.0
c15q0,2,49152,accurate,0.03458658854166667,17,0.034586588541666664,0.0
c15q1,2,49152,accurate,0.31534830729166663,155,0.3153483072916667,0.0
c15q2,2,49152,accurate,0.5716959635416667,281,0.5716959635416666,0.0
c15q3,2,49152,accurate,0.10579427083333333,52,0.10579427083333333,0.0
c15q4,2,49152,accurate,0.18513997395833331,91,0.18513997395833334,0.0
c16q0,2,49152,accurate,0.09765625,48,0.09765625,0.0
c16q1,2,49152,accurate,0.18107096354166669,89,0.18107096354166666,0.0
c16q2,2,49152,accurate,0.3946940104166667,194,0.3946940104166667,0.0
c16q3,2,49152,accurate,1.3773600260416665,677,1.3773600260416667,0.0
c16q4,2,49152,accurate,0.1708984375,84,0.1708984375,0.0
c17q0,2,49152,accurate,0.311279296875,153,0.311279296875,0.0
c17q1,2,49152,accurate,0.25431315104166663,125,0.2543131510416667,0.0
c17q2,2,49152,accurate,0.8015950520833334,394,0.8015950520833334,0.0
c17q3,2,49152,accurate,1.1332194010416665,557,1.1332194010416667,0.0
c17q4,2,49152,accurate,0.11393229166666667,56,0.11393229166666667,0.0
c18q0,2,49152,accurate,0.03662109375,18,0.03662109375,0.0
c18q1,2,49152,accurate,0.238037109375,117,0.238037109375,0.0
c18q2,2,49152,accurate,0.48828125,240,0.48828125,0.0
c18q3,2,49152,accurate,0.15665690104166669,77,0.15665690104166666,0.0
c18q4,2,49152,accurate,0.22786458333333334,112,0.22786458333333334,0.0
c19q0,2,49152,accurate,0.09765625,48,0.09765625,0.0
c19q1,2,49152,accurate,0.091552734375,45,0.091552734375,0.0
c19q2,2,49152,accurate,0.16072591145833331,79,0.16072591145833334,0.0
c19q3,2,49152,accurate,0.4374186197916667,215,0.4374186197916667,0.0
c19q4,2,49152,accurate,0.10579427083333333,52,0.10579427083333333,0.0
c20q0,2,49152,accurate,0.020345052083333336,10,0.020345052083333332,-2.710505431213761e-18
c20q1,2,49152,accurate,0.390625,192,0.390625,0.0
c20q2,2,49152,accurate,0.15665690104166669,77,0.15665690104166666,0.0
c20q3,2,49152,accurate,0.16072591145833331,79,0.16072591145833334,0.0
c20q4,2,49152,accurate,0.08341471354166666,41,0.08341471354166667,0.0
c21q0,2,49152,accurate,0.01220703125,6,0.01220703125,0.0
c21q1,2,49152,accurate,0.08748372395833334,43,0.08748372395833333,0.0
c21q2,2,49152,accurate,1.2776692708333335,628,1.2776692708333333,0.0
c21q3,2,49152,accurate,0.3987630208333333,196,0.3987630208333333,0.0
c21q4,2,49152,accurate,0.23193359375,114,0.23193359375,0.0
c22q0,2,49152,accurate,0,0,0.0,0.0
c22q1,2,49152,accurate,0.010172526041666668,5,0.010172526041666666,-1.3552527156068805e-18
c22q2,2,49152,accurate,0.04069010416666667,20,0.040690104166666664,0.0
c22q3,2,49152,accurate,0.03865559895833333,19,0.038655598958333336,0.0
c22q4,2,49152,accurate,0.04069010416666667,20,0.040690104166666664,0.0
c23q0,2,49152,accurate,0.050862630208333336,25,0.050862630208333336,0.0
c23q1,2,49152,accurate,0.5635579427083333,277,0.5635579427083334,0.0
c23q2,2,49152,accurate,0.714111328125,351,0.714111328125,0.0
c23q3,2,49152,accurate,0.24210611979166666,119,0.24210611979166666,0.0
c23q4,2,49152,accurate,0.29093424479166663,143,0.2909342447916667,0.0
c24q0,2,49152,accurate,0.10782877604166667,53,0.10782877604166667,0.0
c24q1,2,49152,accurate,0.18310546875,90,0.18310546875,0.0
c24q2,2,49152,accurate,0.5533854166666667,272,0.5533854166666666,0.0
c24q3,2,49152,accurate,0.34383138020833337,169,0.3438313802083333,0.0
c24q4,2,49152,accurate,0.18107096354166669,89,0.18107096354166666,0.0
c25q0,2,49152,accurate,0.4679361979166667,230,0.4679361979166667,0.0
c25q1,2,49152,accurate,0.9053548177083334,445,0.9053548177083334,0.0
c25q2,2,49152,accurate,1.74560546875,858,1.74560546875,0.0
c25q3,2,49152,accurate,0.7527669270833333,370,0.7527669270833334,0.0
c25q4,2,49152,accurate,0.9053548177083334,445,0.9053548177083334,0.0
c26q0,2,49152,accurate,0.06917317708333334,34,0.06917317708333333,0.0
c26q1,2,49152,accurate,0.8280436197916666,407,0.8280436197916666,0.0
c26q2,2,49152,accurate,0.311279296875,153,0.311279296875,0.0
c26q3,2,49152,accurate,0.4292805989583333,211,0.4292805989583333,0.0
c26q4,2,49152,accurate,0.848388671875,417,0.848388671875,0.0
c27q0,2,49152,accurate,0.004069010416666666,2,0.004069010416666667,0.0
c27q1,2,49152,accurate,0.01220703125,6,0.01220703125,0.0
c27q2,2,49152,accurate,0.04679361979166667,23,0.046793619791666664,0.0
c27q3,2,49152,accurate,0.03662109375,18,0.03662109375,0.0
c27q4,2,49152,accurate,0.020345052083333336,10,0.020345052083333332,-2.710505431213761e-18
c28q0,2,49152,accurate,0.01220703125,6,0.01220703125,0.0
c28q1,2,49152,accurate,0.8321126302083334,409,0.8321126302083334,0.0
c28q2,2,49152,accurate,0.9663899739583334,475,0.9663899739583334,0.0
c28q3,2,49152,accurate,4.225667317708334,2077,4.225667317708333,0.0
c28q4,2,49152,accurate,5.320231119791666,2615,5.320231119791667,0.0
c29q0,2,49152,accurate,0.7222493489583333,355,0.7222493489583334,0.0
c29q1,2,49152,accurate,0.31941731770833337,157,0.3194173177083333,0.0
c29q2,2,49152,accurate,1.3285319010416665,653,1.3285319010416667,0.0
c29q3,2,49152,accurate,1.4933268229166665,734,1.4933268229166667,0.0
c29q4,2,49152,accurate,0.091552734375,45,0.091552734375,0.0
c30q0,2,49152,accurate,0.030517578125,15,0.030517578125,0.0
c30q1,2,49152,accurate,0.050862630208333336,25,0.050862630208333336,0.0
c30q2,2,49152,accurate,0.6876627604166667,338,0.6876627604166666,0.0
c30q3,2,49152,accurate,1.397705078125,687,1.397705078125,0.0
c30q4,2,49152,accurate,9.116617838541668,4481,9.116617838541666,-1.3877787807814457e-15
c31q0,2,49152,accurate,0.008138020833333332,4,0.008138020833333334,0.0
c31q1,2,49152,accurate,0.09562174479166666,47,0.09562174479166667,0.0
c31q2,2,49152,accurate,0.24007161458333334,118,0.24007161458333334,0.0
c31q3,2,49152,accurate,0.22176106770833334,109,0.22176106770833334,0.0
c31q4,2,49152,accurate,0.06917317708333334,34,0.06917317708333333,0.0
c32q0,2,49152,accurate,0.13631184895833331,67,0.13631184895833334,0.0
c32q1,2,49152,accurate,1.5177408854166665,746,1.5177408854166667,0.0
c32q2,2,49152,accurate,1.3936360677083335,685,1.3936360677083333,0.0
c32q3,2,49152,accurate,3.4403483072916665,1691,3.4403483072916665,0.0
c32q4,2,49152,accurate,1.5523274739583335,763,1.5523274739583333,0.0
c33q0,2,49152,accurate,0.006103515625,3,0.006103515625,0.0
c33q1,2,49152,accurate,0.20751953125,102,0.20751953125,0.0
c33q2,2,49152,accurate,0.27872721354166663,137,0.2787272135416667,0.0
c33q3,2,49152,accurate,0.396728515625,195,0.396728515625,0.0
c33q4,2,49152,accurate,0.3173828125,156,0.3173828125,0.0
c34q0,2,49152,accurate,0.006103515625,3,0.006103515625,0.0
c34q1,2,49152,accurate,0.026448567708333332,13,0.026448567708333332,0.0
c34q2,2,49152,accurate,0.030517578125,15,0.030517578125,0.0
c34q3,2,49152,accurate,0.10172526041666667,50,0.10172526041666667,0.0
c34q4,2,49152,accurate,0.03662109375,18,0.03662109375,0.0
c35q0,2,49152,accurate,0.10986328125,54,0.10986328125,0.0
c35q1,2,49152,accurate,0.7161458333333333,352,0.7161458333333334,0.0
c35q2,2,49152,accurate,0.32145182291666663,158,0.3214518229166667,0.0
c35q3,2,49152,accurate,0.238037109375,117,0.238037109375,0.0
c35q4,2,49152,accurate,0.146484375,72,0.146484375,0.0
c36q0,2,49152,accurate,0.014241536458333334,7,0.014241536458333334,0.0
c36q1,2,49152,accurate,0.4292805989583333,211,0.4292805989583333,0.0
c36q2,2,49152,accurate,0.18717447916666669,92,0.18717447916666666,0.0
c36q3,2,49152,accurate,0.28279622395833337,139,0.2827962239583333,0.0
c36q4,2,49152,accurate,0.018310546875,9,0.018310546875,0.0
c37q0,2,49152,accurate,0.04069010416666667,20,0.040690104166666664,0.0
c37q1,2,49152,accurate,0.10986328125,54,0.10986328125,0.0
c37q2,2,49152,accurate,0.6673177083333333,328,0.6673177083333334,0.0
c37q3,2,49152,accurate,1.3529459635416665,665,1.3529459635416667,0.0
c37q4,2,49152,accurate,0.7059733072916667,347,0.7059733072916666,0.0
c38q0,2,49152,accurate,0.12003580729166667,59,0.12003580729166667,0.0
c38q1,2,49152,accurate,0.68359375,336,0.68359375,0.0
c38q2,2,49152,accurate,1.5482584635416665,761,1.5482584635416667,0.0
c38q3,2,49152,accurate,0.34993489583333337,172,0.3499348958333333,0.0
c38q4,2,49152,accurate,0.970458984375,477,0.970458984375,0.0
c39q0,2,49152,accurate,0.018310546875,9,0.018310546875,0.0
c39q1,2,49152,accurate,0.103759765625,51,0.103759765625,0.0
c39q2,2,49152,accurate,0.494384765625,243,0.494384765625,0.0
c39q3,2,49152,accurate,0.5533854166666667,272,0.5533854166666666,0.0
c39q4,2,49152,accurate,0.23396809895833334,115,0.23396809895833334,0.0
c00q0,2,49152,legacy_sequential,0.002034505208333333,0,0.0,-0.002034505208333333
c00q1,2,49152,legacy_sequential,0.16072591145833331,78,0.15869140625,-0.002034505208333326
c00q2,2,49152,legacy_sequential,1.3285319010416665,652,1.3264973958333333,-0.0020345052083332177
c00q3,2,49152,legacy_sequential,0.091552734375,44,0.08951822916666667,-0.002034505208333337
c00q4,2,49152,legacy_sequential,0.22176106770833334,108,0.2197265625,-0.002034505208333348
c01q0,2,49152,legacy_sequential,0.11393229166666667,55,0.11189778645833333,-0.002034505208333348
c01q1,2,49152,legacy_sequential,0.19938151041666666,97,0.19734700520833334,-0.0020345052083333044
c01q2,2,49152,legacy_sequential,0.26448567708333337,130,0.2644856770833333,0.0
c01q3,2,49152,legacy_sequential,0.6449381510416667,316,0.6429036458333334,-0.002034505208333391
c01q4,2,49152,legacy_sequential,1.0965983072916665,538,1.0945638020833333,-0.0020345052083332177
c02q0,2,49152,legacy_sequential,0.004069010416666666,1,0.0020345052083333335,-0.002034505208333333
c02q1,2,49152,legacy_sequential,0.07731119791666666,37,0.07527669270833333,-0.002034505208333326
c02q2,2,49152,legacy_sequential,0.262451171875,128,0.2604166666666667,-0.002034505208333348
c02q3,2,49152,legacy_sequential,0.07120768229166666,34,0.06917317708333333,-0.002034505208333326
c02q4,2,49152,legacy_sequential,0.13427734375,65,0.13224283854166666,-0.002034505208333326
c03q0,2,49152,legacy_sequential,0.04069010416666667,19,0.038655598958333336,-0.002034505208333337
c03q1,2,49152,legacy_sequential,0.6144205729166667,301,0.6123860677083334,-0.002034505208333391
c03q2,2,49152,legacy_sequential,0.7222493489583333,354,0.72021484375,-0.0020345052083333044
c03q3,2,49152,legacy_sequential,1.15966796875,569,1.1576334635416667,-0.002034505208333391
c03q4,2,49152,legacy_sequential,0.244140625,119,0.24210611979166666,-0.002034505208333348
c04q0,2,49152,legacy_sequential,0.004069010416666666,1,0.0020345052083333335,-0.002034505208333333
c04q1,2,49152,legacy_sequential,0.20955403645833334,102,0.20751953125,-0.002034505208333348
c04q2,2,49152,legacy_sequential,0.103759765625,50,0.10172526041666667,-0.002034505208333326
c04q3,2,49152,legacy_sequential,0.11189778645833333,54,0.10986328125,-0.002034505208333326
c04q4,2,49152,legacy_sequential,0.016276041666666664,7,0.014241536458333334,-0.0020345052083333313
c05q0,2,49152,legacy_sequential,0.010172526041666668,5,0.010172526041666666,-1.3552527156068805e-18
c05q1,2,49152,legacy_sequential,0.079345703125,38,0.07731119791666667,-0.002034505208333337
c05q2,2,49152,legacy_sequential,0.7771809895833333,381,0.775146484375,-0.0020345052083333044
c05q3,2,49152,legacy_sequential,0.48828125,239,0.4862467447916667,-0.0020345052083333044
c05q4,2,49152,legacy_sequential,2.567545572916667,1261,2.5655110677083335,-0.0020345052083335646
c06q0,2,49152,legacy_sequential,0.004069010416666666,1,0.0020345052083333335,-0.002034505208333333
c06q1,2,49152,legacy_sequential,0.006103515625,2,0.004069010416666667,-0.0020345052083333335
c06q2,2,49152,legacy_sequential,0.4374186197916667,214,0.4353841145833333,-0.002034505208333391
c06q3,2,49152,legacy_sequential,0.4536946614583333,222,0.45166015625,-0.0020345052083333044
c06q4,2,49152,legacy_sequential,0.1953125,95,0.19327799479166666,-0.002034505208333326
c07q0,2,49152,legacy_sequential,0.016276041666666664,7,0.014241536458333334,-0.0020345052083333313
c07q1,2,49152,legacy_sequential,0.08341471354166666,40,0.08138020833333333,-0.002034505208333326
c07q2,2,49152,legacy_sequential,0.4903157552083333,240,0.48828125,-0.0020345052083333044
c07q3,2,49152,legacy_sequential,0.8992513020833334,441,0.897216796875,-0.002034505208333391
c07q4,2,49152,legacy_sequential,0.048828125,23,0.046793619791666664,-0.0020345052083333313
c08q0,2,49152,legacy_sequential,0.006103515625,2,0.004069010416666667,-0.0020345052083333335
c08q1,2,49152,legacy_sequential,0.010172526041666668,5,0.010172526041666666,-1.3552527156068805e-18
c08q2,2,49152,legacy_sequential,0.22379557291666666,109,0.22176106770833334,-0.0020345052083333044
c08q3,2,49152,legacy_sequential,0.5940755208333333,291,0.592041015625,-0.0020345052083333044
c08q4,2,49152,legacy_sequential,0.03865559895833333,18,0.03662109375,-0.0020345052083333313
c09q0,2,49152,legacy_sequential,0.128173828125,62,0.12613932291666666,-0.002034505208333326
c09q1,2,49152,legacy_sequential,0.08341471354166666,40,0.08138020833333333,-0.002034505208333326
c09q2,2,49152,legacy_sequential,0.30110677083333337,147,0.299072265625,-0.002034505208333348
c09q3,2,49152,legacy_sequential,0.213623046875,104,0.21158854166666666,-0.002034505208333348
c09q4,2,49152,legacy_sequential,0.020345052083333336,10,0.020345052083333332,-2.710505431213761e-18
c10q0,2,49152,legacy_sequential,0.008138020833333332,3,0.006103515625,-0.002034505208333333
c10q1,2,49152,legacy_sequential,0.30924479166666663,151,0.3072102864583333,-0.0020345052083333044
c10q2,2,49152,legacy_sequential,0.7954915364583334,390,0.79345703125,-0.002034505208333391
c10q3,2,49152,legacy_sequential,0.07731119791666666,37,0.07527669270833333,-0.002034505208333326
c10q4,2,49152,legacy_sequential,0.07731119791666666,37,0.07527669270833333,-0.002034505208333326
c11q0,2,49152,legacy_sequential,0.004069010416666666,1,0.0020345052083333335,-0.002034505208333333
c11q1,2,49152,legacy_sequential,0.067138671875,32,0.06510416666666667,-0.002034505208333337
c11q2,2,49152,legacy_sequential,0.5167643229166667,253,0.5147298177083334,-0.002034505208333391
c11q3,2,49152,legacy_sequential,0.27262369791666663,133,0.2705891927083333,-0.0020345052083333044
c11q4,2,49152,legacy_sequential,0.008138020833333332,3,0.006103515625,-0.002034505208333333
c12q0,2,49152,legacy_sequential,0.004069010416666666,1,0.0020345052083333335,-0.002034505208333333
c12q1,2,49152,legacy_sequential,1.617431640625,794,1.6153971354166667,-0.0020345052083332177
c12q2,2,49152,legacy_sequential,0.2197265625,107,0.21769205729166666,-0.002034505208333348
c12q3,2,49152,legacy_sequential,1.5177408854166665,745,1.5157063802083333,-0.0020345052083332177
c12q4,2,49152,legacy_sequential,0.052897135416666664,25,0.050862630208333336,-0.002034505208333326
c13q0,2,49152,legacy_sequential,0.004069010416666666,1,0.0020345052083333335,-0.002034505208333333
c13q1,2,49152,legacy_sequential,0.8931477864583334,438,0.89111328125,-0.002034505208333391
c13q2,2,49152,legacy_sequential,0.5900065104166667,289,0.5879720052083334,-0.002034505208333391
c13q3,2,49152,legacy_sequential,3.9143880208333335,1923,3.912353515625,-0.0020345052083335646
c13q4,2,49152,legacy_sequential,1.153564453125,566,1.1515299479166667,-0.002034505208333391
c14q0,2,49152,legacy_sequential,0.056966145833333336,27,0.054931640625,-0.002034505208333337
c14q1,2,49152,legacy_sequential,1.1149088541666665,547,1.1128743489583333,-0.0020345052083332177
c14q2,2,49152,legacy_sequential,0.457763671875,224,0.4557291666666667,-0.0020345052083333044
c14q3,2,49152,legacy_sequential,1.3346354166666665,655,1.3326009114583333,-0.0020345052083332177
c14q4,2,49152,legacy_sequential,0.10782877604166667,52,0.10579427083333333,-0.002034505208333348
c15q0,2,49152,legacy_sequential,0.03458658854166667,17,0.034586588541666664,0.0
c15q1,2,49152,legacy_sequential,0.31534830729166663,154,0.3133138020833333,-0.0020345052083333044
c15q2,2,49152,legacy_sequential,0.5716959635416667,281,0.5716959635416666,0.0
c15q3,2,49152,legacy_sequential,0.10579427083333333,51,0.103759765625,-0.002034505208333326
c15q4,2,49152,legacy_sequential,0.18513997395833331,90,0.18310546875,-0.002034505208333326
c16q0,2,49152,legacy_sequential,0.09765625,47,0.09562174479166667,-0.002034505208333337
c16q1,2,49152,legacy_sequential,0.18107096354166669,88,0.17903645833333334,-0.002034505208333348
c16q2,2,49152,legacy_sequential,0.3946940104166667,193,0.3926595052083333,-0.002034505208333391
c16q3,2,49152,legacy_sequential,1.3773600260416665,676,1.3753255208333333,-0.0020345052083332177
c16q4,2,49152,legacy_sequential,0.1708984375,83,0.16886393229166666,-0.002034505208333326
c17q0,2,49152,legacy_sequential,0.311279296875,152,0.3092447916666667,-0.002034505208333348
c17q1,2,49152,legacy_sequential,0.25431315104166663,124,0.2522786458333333,-0.0020345052083333044
c17q2,2,49152,legacy_sequential,0.8015950520833334,393,0.799560546875,-0.002034505208333391
c17q3,2,49152,legacy_sequential,1.1332194010416665,556,1.1311848958333333,-0.0020345052083332177
c17q4,2,49152,legacy_sequential,0.11393229166666667,55,0.11189778645833333,-0.002034505208333348
c18q0,2,49152,legacy_sequential,0.03662109375,17,0.034586588541666664,-0.0020345052083333313
c18q1,2,49152,legacy_sequential,0.238037109375,116,0.23600260416666666,-0.002034505208333348
c18q2,2,49152,legacy_sequential,0.48828125,239,0.4862467447916667,-0.0020345052083333044
c18q3,2,49152,legacy_sequential,0.15665690104166669,76,0.15462239583333334,-0.002034505208333348
c18q4,2,49152,legacy_sequential,0.22786458333333334,111,0.225830078125,-0.002034505208333348
c19q0,2,49152,legacy_sequential,0.09765625,47,0.09562174479166667,-0.002034505208333337
c19q1,2,49152,legacy_sequential,0.091552734375,44,0.08951822916666667,-0.002034505208333337
c19q2,2,49152,legacy_sequential,0.16072591145833331,78,0.15869140625,-0.002034505208333326
c19q3,2,49152,legacy_sequential,0.4374186197916667,214,0.4353841145833333,-0.002034505208333391
c19q4,2,49152,legacy_sequential,0.10579427083333333,51,0.103759765625,-0.002034505208333326
c20q0,2,49152,legacy_sequential,0.020345052083333336,10,0.020345052083333332,-2.710505431213761e-18
c20q1,2,49152,legacy_sequential,0.390625,191,0.3885904947916667,-0.002034505208333348
c20q2,2,49152,legacy_sequential,0.15665690104166669,76,0.15462239583333334,-0.002034505208333348
c20q3,2,49152,legacy_sequential,0.16072591145833331,78,0.15869140625,-0.002034505208333326
c20q4,2,49152,legacy_sequential,0.08341471354166666,40,0.08138020833333333,-0.002034505208333326
c21q0,2,49152,legacy_sequential,0.01220703125,5,0.010172526041666666,-0.002034505208333333
c21q1,2,49152,legacy_sequential,0.08748372395833334,42,0.08544921875,-0.002034505208333337
c21q2,2,49152,legacy_sequential,1.2776692708333335,627,1.275634765625,-0.002034505208333391
c21q3,2,49152,legacy_sequential,0.3987630208333333,195,0.396728515625,-0.0020345052083333044
c21q4,2,49152,legacy_sequential,0.23193359375,113,0.22989908854166666,-0.002034505208333348
c22q0,2,49152,legacy_sequential,0,0,0.0,0.0
c22q1,2,49152,legacy_sequential,0.010172526041666668,5,0.010172526041666666,-1.3552527156068805e-18
c22q2,2,49152,legacy_sequential,0.04069010416666667,19,0.038655598958333336,-0.002034505208333337
c22q3,2,49152,legacy_sequential,0.03865559895833333,18,0.03662109375,-0.0020345052083333313
c22q4,2,49152,legacy_sequential,0.04069010416666667,19,0.038655598958333336,-0.002034505208333337
c23q0,2,49152,legacy_sequential,0.050862630208333336,24,0.048828125,-0.002034505208333337
c23q1,2,49152,legacy_sequential,0.5635579427083333,276,0.5615234375,-0.0020345052083333044
c23q2,2,49152,legacy_sequential,0.714111328125,350,0.7120768229166666,-0.0020345052083333044
c23q3,2,49152,legacy_sequential,0.24210611979166666,118,0.24007161458333334,-0.0020345052083333044
c23q4,2,49152,legacy_sequential,0.29093424479166663,142,0.2888997395833333,-0.0020345052083333044
c24q0,2,49152,legacy_sequential,0.10782877604166667,52,0.10579427083333333,-0.002034505208333348
c24q1,2,49152,legacy_sequential,0.18310546875,89,0.18107096354166666,-0.002034505208333326
c24q2,2,49152,legacy_sequential,0.5533854166666667,272,0.5533854166666666,0.0
c24q3,2,49152,legacy_sequential,0.34383138020833337,168,0.341796875,-0.002034505208333348
c24q4,2,49152,legacy_sequential,0.18107096354166669,88,0.17903645833333334,-0.002034505208333348
c25q0,2,49152,legacy_sequential,0.4679361979166667,229,0.4659016927083333,-0.002034505208333391
c25q1,2,49152,legacy_sequential,0.9053548177083334,444,0.9033203125,-0.002034505208333391
c25q2,2,49152,legacy_sequential,1.74560546875,857,1.7435709635416667,-0.0020345052083332177
c25q3,2,49152,legacy_sequential,0.7527669270833333,369,0.750732421875,-0.0020345052083333044
c25q4,2,49152,legacy_sequential,0.9053548177083334,444,0.9033203125,-0.002034505208333391
c26q0,2,49152,legacy_sequential,0.06917317708333334,34,0.06917317708333333,0.0
c26q1,2,49152,legacy_sequential,0.8280436197916666,406,0.8260091145833334,-0.0020345052083332177
c26q2,2,49152,legacy_sequential,0.311279296875,152,0.3092447916666667,-0.002034505208333348
c26q3,2,49152,legacy_sequential,0.4292805989583333,210,0.42724609375,-0.0020345052083333044
c26q4,2,49152,legacy_sequential,0.848388671875,416,0.8463541666666666,-0.002034505208333391
c27q0,2,49152,legacy_sequential,0.004069010416666666,1,0.0020345052083333335,-0.002034505208333333
c27q1,2,49152,legacy_sequential,0.01220703125,5,0.010172526041666666,-0.002034505208333333
c27q2,2,49152,legacy_sequential,0.04679361979166667,22,0.044759114583333336,-0.002034505208333337
c27q3,2,49152,legacy_sequential,0.03662109375,17,0.034586588541666664,-0.0020345052083333313
c27q4,2,49152,legacy_sequential,0.020345052083333336,10,0.020345052083333332,-2.710505431213761e-18
c28q0,2,49152,legacy_sequential,0.01220703125,5,0.010172526041666666,-0.002034505208333333
c28q1,2,49152,legacy_sequential,0.8321126302083334,408,0.830078125,-0.002034505208333391
c28q2,2,49152,legacy_sequential,0.9663899739583334,474,0.96435546875,-0.002034505208333391
c28q3,2,49152,legacy_sequential,4.225667317708334,2077,4.225667317708333,0.0
c28q4,2,49152,legacy_sequential,5.320231119791666,2614,5.318196614583333,-0.0020345052083328707
c29q0,2,49152,legacy_sequential,0.7222493489583333,354,0.72021484375,-0.0020345052083333044
c29q1,2,49152,legacy_sequential,0.31941731770833337,156,0.3173828125,-0.002034505208333348
c29q2,2,49152,legacy_sequential,1.3285319010416665,652,1.3264973958333333,-0.0020345052083332177
c29q3,2,49152,legacy_sequential,1.4933268229166665,733,1.4912923177083333,-0.0020345052083332177
c29q4,2,49152,legacy_sequential,0.091552734375,44,0.08951822916666667,-0.002034505208333337
c30q0,2,49152,legacy_sequential,0.030517578125,14,0.028483072916666668,-0.0020345052083333313
c30q1,2,49152,legacy_sequential,0.050862630208333336,24,0.048828125,-0.002034505208333337
c30q2,2,49152,legacy_sequential,0.6876627604166667,337,0.6856282552083334,-0.002034505208333391
c30q3,2,49152,legacy_sequential,1.397705078125,686,1.3956705729166667,-0.002034505208333391
c30q4,2,49152,legacy_sequential,9.116617838541668,4664,9.488932291666666,0.3723144531249986
c31q0,2,49152,legacy_sequential,0.008138020833333332,3,0.006103515625,-0.002034505208333333
c31q1,2,49152,legacy_sequential,0.09562174479166666,46,0.09358723958333333,-0.002034505208333326
c31q2,2,49152,legacy_sequential,0.24007161458333334,117,0.238037109375,-0.002034505208333348
c31q3,2,49152,legacy_sequential,0.22176106770833334,108,0.2197265625,-0.002034505208333348
c31q4,2,49152,legacy_sequential,0.06917317708333334,34,0.06917317708333333,0.0
c32q0,2,49152,legacy_sequential,0.13631184895833331,66,0.13427734375,-0.002034505208333326
c32q1,2,49152,legacy_sequential,1.5177408854166665,745,1.5157063802083333,-0.0020345052083332177
c32q2,2,49152,legacy_sequential,1.3936360677083335,684,1.3916015625,-0.002034505208333391
c32q3,2,49152,legacy_sequential,3.4403483072916665,1690,3.4383138020833335,-0.0020345052083328707
c32q4,2,49152,legacy_sequential,1.5523274739583335,762,1.55029296875,-0.002034505208333391
c33q0,2,49152,legacy_sequential,0.006103515625,2,0.004069010416666667,-0.0020345052083333335
c33q1,2,49152,legacy_sequential,0.20751953125,101,0.20548502604166666,-0.002034505208333348
c33q2,2,49152,legacy_sequential,0.27872721354166663,136,0.2766927083333333,-0.0020345052083333044
c33q3,2,49152,legacy_sequential,0.396728515625,194,0.3946940104166667,-0.0020345052083333044
c33q4,2,49152,legacy_sequential,0.3173828125,155,0.3153483072916667,-0.002034505208333348
c34q0,2,49152,legacy_sequential,0.006103515625,2,0.004069010416666667,-0.0020345052083333335
c34q1,2,49152,legacy_sequential,0.026448567708333332,12,0.0244140625,-0.0020345052083333313
c34q2,2,49152,legacy_sequential,0.030517578125,14,0.028483072916666668,-0.0020345052083333313
c34q3,2,49152,legacy_sequential,0.10172526041666667,49,0.09969075520833333,-0.002034505208333348
c34q4,2,49152,legacy_sequential,0.03662109375,17,0.034586588541666664,-0.0020345052083333313
c35q0,2,49152,legacy_sequential,0.10986328125,53,0.10782877604166667,-0.002034505208333326
c35q1,2,49152,legacy_sequential,0.7161458333333333,351,0.714111328125,-0.0020345052083333044
c35q2,2,49152,legacy_sequential,0.32145182291666663,157,0.3194173177083333,-0.0020345052083333044
c35q3,2,49152,legacy_sequential,0.238037109375,116,0.23600260416666666,-0.002034505208333348
c35q4,2,49152,legacy_sequential,0.146484375,71,0.14444986979166666,-0.002034505208333326
c36q0,2,49152,legacy_sequential,0.014241536458333334,6,0.01220703125,-0.0020345052083333343
c36q1,2,49152,legacy_sequential,0.4292805989583333,210,0.42724609375,-0.0020345052083333044
c36q2,2,49152,legacy_sequential,0.18717447916666669,91,0.18513997395833334,-0.002034505208333348
c36q3,2,49152,legacy_sequential,0.28279622395833337,139,0.2827962239583333,0.0
c36q4,2,49152,legacy_sequential,0.018310546875,8,0.016276041666666668,-0.0020345052083333343
c37q0,2,49152,legacy_sequential,0.04069010416666667,19,0.038655598958333336,-0.002034505208333337
c37q1,2,49152,legacy_sequential,0.10986328125,53,0.10782877604166667,-0.002034505208333326
c37q2,2,49152,legacy_sequential,0.6673177083333333,327,0.665283203125,-0.0020345052083333044
c37q3,2,49152,legacy_sequential,1.3529459635416665,664,1.3509114583333333,-0.0020345052083332177
c37q4,2,49152,legacy_sequential,0.7059733072916667,346,0.7039388020833334,-0.002034505208333391
c38q0,2,49152,legacy_sequential,0.12003580729166667,58,0.11800130208333333,-0.002034505208333348
c38q1,2,49152,legacy_sequential,0.68359375,335,0.6815592447916666,-0.0020345052083333044
c38q2,2,49152,legacy_sequential,1.5482584635416665,760,1.5462239583333333,-0.0020345052083332177
c38q3,2,49152,legacy_sequential,0.34993489583333337,171,0.347900390625,-0.002034505208333348
c38q4,2,49152,legacy_sequential,0.970458984375,476,0.9684244791666666,-0.002034505208333391
c39q0,2,49152,legacy_sequential,0.018310546875,8,0.016276041666666668,-0.0020345052083333343
c39q1,2,49152,legacy_sequential,0.103759765625,50,0.10172526041666667,-0.002034505208333326
c39q2,2,49152,legacy_sequential,0.494384765625,242,0.4923502604166667,-0.0020345052083333044
c39q3,2,49152,legacy_sequential,0.5533854166666667,272,0.5533854166666666,0.0
c39q4,2,49152,legacy_sequential,0.23396809895833334,114,0.23193359375,-0.002034505208333348
c00q0,0,12288,accurate,0.0004657781023742571,0,0.0,-0.0004657781023742571
c00q1,0,12288,accurate,0.07184357297040815,8,0.06510416666666667,-0.006739406303741494
c00q2,0,12288,accurate,0.26028039810688375,31,0.2522786458333333,-0.008001752273550412
c00q3,0,12288,accurate,0.28107264827731065,34,0.2766927083333333,-0.004379939943977311
c00q4,0,12288,accurate,0.16477762685675906,20,0.16276041666666666,-0.002017210190092384
c01q0,0,12288,accurate,0.22803736811443792,28,0.22786458333333334,-0.00017278478110457386
c01q1,0,12288,accurate,0.3680852756643468,45,0.3662109375,-0.0018743381643468015
c01q2,0,12288,accurate,0.8726981887680507,107,0.8707682291666666,-0.001929959601384111
c01q3,0,12288,accurate,1.3014961276890689,159,1.2939453125,-0.00755081518906877
c01q4,0,12288,accurate,1.4361600415145175,176,1.4322916666666667,-0.00386837484785095
c02q0,0,12288,accurate,3.030303853678395e-05,0,0.0,-3.030303853678395e-05
c02q1,0,12288,accurate,0.08472156407459003,10,0.08138020833333333,-0.0033413557412566883
c02q2,0,12288,accurate,0.2872979764870241,35,0.2848307291666667,-0.0024672473203574304
c02q3,0,12288,accurate,0.4105917904873364,50,0.4069010416666667,-0.0036907488206697377
c02q4,0,12288,accurate,0.40887881671215703,50,0.4069010416666667,-0.0019777750454903417
c03q0,0,12288,accurate,0.1882619011987591,23,0.18717447916666666,-0.0010874220320924392
c03q1,0,12288,accurate,1.191503370524041,146,1.1881510416666667,-0.0033523288573743606
c03q2,0,12288,accurate,1.2080141374429672,148,1.2044270833333333,-0.003587054109633822
c03q3,0,12288,accurate,1.8515230580953022,227,1.8473307291666667,-0.004192328928635455
c03q4,0,12288,accurate,1.202283660000979,147,1.1962890625,-0.005994597500978867
c04q0,0,12288,accurate,0.0002920471002886735,0,0.0,-0.0002920471002886735
c04q1,0,12288,accurate,0.004328652277267756,0,0.0,-0.004328652277267756
c04q2,0,12288,accurate,0.177147690098777,21,0.1708984375,-0.0062492525987770196
c04q3,0,12288,accurate,0.10718321044844814,13,0.10579427083333333,-0.0013889396151148129
c04q4,0,12288,accurate,0.023738168450423223,2,0.016276041666666668,-0.007462126783756557
c05q0,0,12288,accurate,0.013129447644051509,1,0.008138020833333334,-0.004991426810718176
c05q1,0,12288,accurate,0.05892177967031255,7,0.056966145833333336,-0.0019556338369792147
c05q2,0,12288,accurate,0.2517540491797273,30,0.244140625,-0.007613424179727345
c05q3,0,12288,accurate,0.5957641824990623,73,0.5940755208333334,-0.0016886616657290146
c05q4,0,12288,accurate,0.3850643030382899,47,0.3824869791666667,-0.0025773238716232747
c06q0,0,12288,accurate,9.253188519587419e-05,0,0.0,-9.253188519587419e-05
c06q1,0,12288,accurate,0.013420909477312594,1,0.008138020833333334,-0.005282888643979261
c06q2,0,12288,accurate,0.06037080648207911,7,0.056966145833333336,-0.0034046606487457727
c06q3,0,12288,accurate,0.27755583931169486,34,0.2766927083333333,-0.0008631309783615256
c06q4,0,12288,accurate,0.22840650352161182,28,0.22786458333333334,-0.0005419201882784792
c07q0,0,12288,accurate,0.015083635699640689,1,0.008138020833333334,-0.006945614866307356
c07q1,0,12288,accurate,0.2244789048673092,27,0.2197265625,-0.0047523423673092105
c07q2,0,12288,accurate,0.5499162797225033,67,0.5452473958333334,-0.004668883889170049
c07q3,0,12288,accurate,0.48346574351497557,59,0.4801432291666667,-0.00332251434830887
c07q4,0,12288,accurate,0.11097049070322043,13,0.10579427083333333,-0.005176219869887106
c08q0,0,12288,accurate,6.724907572512987e-05,0,0.0,-6.724907572512987e-05
c08q1,0,12288,accurate,0.006833558483947341,0,0.0,-0.006833558483947341
c08q2,0,12288,accurate,0.04965447205005338,6,0.048828125,-0.0008263470500533823
c08q3,0,12288,accurate,0.07522864854578538,9,0.0732421875,-0.0019864610457853834
c08q4,0,12288,accurate,0.10596117808349677,13,0.10579427083333333,-0.0001669072501634403
c09q0,0,12288,accurate,4.5947496454384817e-05,0,0.0,-4.5947496454384817e-05
c09q1,0,12288,accurate,0.015434786947842895,1,0.008138020833333334,-0.007296766114509561
c09q2,0,12288,accurate,0.036636235205553196,4,0.032552083333333336,-0.004084151872219867
c09q3,0,12288,accurate,0.05418294733299484,6,0.048828125,-0.005354822332994844
c09q4,0,12288,accurate,0.013404397290920408,1,0.008138020833333334,-0.005266376457587075
c10q0,0,12288,accurate,0.0054299042170018914,0,0.0,-0.0054299042170018914
c10q1,0,12288,accurate,0.05389917575464028,6,0.048828125,-0.005071050754640283
c10q2,0,12288,accurate,0.08703460758917976,10,0.08138020833333333,-0.005654399255846418
c10q3,0,12288,accurate,0.06971937371526944,8,0.06510416666666667,-0.004615207048602776
c10q4,0,12288,accurate,0.02816435018346033,3,0.0244140625,-0.003750287683460332
c11q0,0,12288,accurate,0.011783691780257071,1,0.008138020833333334,-0.0036456709469237392
c11q1,0,12288,accurate,0.12055160092796825,14,0.11393229166666667,-0.006619309261301576
c11q2,0,12288,accurate,0.2975656258713034,36,0.29296875,-0.00459687587130342
c11q3,0,12288,accurate,0.25446805789360444,31,0.2522786458333333,-0.002189412060271071
c11q4,0,12288,accurate,0.07693020496087474,9,0.0732421875,-0.0036880174608747477
c12q0,0,12288,accurate,0.023009917245425095,2,0.016276041666666668,-0.006733875578758428
c12q1,0,12288,accurate,0.3658848041079447,44,0.3580729166666667,-0.007811887441278075
c12q2,0,12288,accurate,0.8273018712948179,101,0.8219401041666666,-0.005361767128151361
c12q3,0,12288,accurate,0.8576739164400229,105,0.8544921875,-0.003181728940022943
c12q4,0,12288,accurate,0.23488541985803957,28,0.22786458333333334,-0.0070208365247062185
c13q0,0,12288,accurate,2.5594310856716273e-05,0,0.0,-2.5594310856716273e-05
c13q1,0,12288,accurate,0.09849041034822835,12,0.09765625,-0.0008341603482283494
c13q2,0,12288,accurate,0.269384445343457,33,0.2685546875,-0.0008297578434570199
c13q3,0,12288,accurate,0.6452087705521959,79,0.6429036458333334,-0.0023051247188626833
c13q4,0,12288,accurate,0.3001305223936239,36,0.29296875,-0.007161772393623903
c14q0,0,12288,accurate,0.08356887575139126,10,0.08138020833333333,-0.0021886674180579134
c14q1,0,12288,accurate,1.1194759197376443,137,1.1149088541666667,-0.004567065570977753
c14q2,0,12288,accurate,3.064964356000136,376,3.0598958333333335,-0.005068522666802633
c14q3,0,12288,accurate,2.971666186173095,365,2.9703776041666665,-0.0012885820064281045
c14q4,0,12288,accurate,0.6109815788109701,75,0.6103515625,-0.0006300163109701842
c15q0,0,12288,accurate,0.00015960793971957205,0,0.0,-0.00015960793971957205
c15q1,0,12288,accurate,0.006936092003753895,0,0.0,-0.006936092003753895
c15q2,0,12288,accurate,0.01787478943861243,2,0.016276041666666668,-0.0015987477719457627
c15q3,0,12288,accurate,0.01672578222239926,2,0.016276041666666668,-0.000449740555732593
c15q4,0,12288,accurate,0.04945550657652986,6,0.048828125,-0.0006273815765298627
c16q0,0,12288,accurate,0.03525051691219294,4,0.032552083333333336,-0.002698433578859612
c16q1,0,12288,accurate,0.14568298755704548,17,0.13834635416666666,-0.007336633390378814
c16q2,0,12288,accurate,0.3324435175883359,40,0.3255208333333333,-0.0069226842550025765
c16q3,0,12288,accurate,0.3843600750931313,47,0.3824869791666667,-0.0018730959264646237
c16q4,0,12288,accurate,0.15399700793277088,18,0.146484375,-0.007512632932770878
c17q0,0,12288,accurate,0.3949499122566094,48,0.390625,-0.004324912256609397
c17q1,0,12288,accurate,0.9674116740342273,118,0.9602864583333334,-0.007125215700893965
c17q2,0,12288,accurate,1.626316200484193,199,1.6194661458333333,-0.006850054650859791
c17q3,0,12288,accurate,1.2607687793318676,154,1.2532552083333333,-0.007513570998534183
c17q4,0,12288,accurate,0.3382439119436189,41,0.3336588541666667,-0.004585057776952239
c18q0,0,12288,accurate,0.023339948218918896,2,0.016276041666666668,-0.00706390655225223
c18q1,0,12288,accurate,0.18057058156785344,22,0.17903645833333334,-0.0015341232345201117
c18q2,0,12288,accurate,0.3120611926420375,38,0.3092447916666667,-0.0028164009753708485
c18q3,0,12288,accurate,0.15584047146373184,19,0.15462239583333334,-0.001218075630398524
c18q4,0,12288,accurate,0.0906481207014994,11,0.08951822916666667,-0.001129891534832738
c19q0,0,12288,accurate,0.00010128149355567994,0,0.0,-0.00010128149355567994
c19q1,0,12288,accurate,0.006683363617887666,0,0.0,-0.006683363617887666
c19q2,0,12288,accurate,0.15610636311792764,19,0.15462239583333334,-0.001483967284594324
c19q3,0,12288,accurate,0.11551812403651875,14,0.11393229166666667,-0.0015858323698520783
c19q4,0,12288,accurate,0.03903050334939667,4,0.032552083333333336,-0.006478420016063342
c20q0,0,12288,accurate,0.012115835131426236,1,0.008138020833333334,-0.0039778142980929024
c20q1,0,12288,accurate,0.24714795053417854,30,0.244140625,-0.0030073255341785295
c20q2,0,12288,accurate,0.6209068324291418,76,0.6184895833333334,-0.0024172490958085206
c20q3,0,12288,accurate,0.38155585287796506,46,0.3743489583333333,-0.007206894544631737
c20q4,0,12288,accurate,0.4711992480262857,57,0.4638671875,-0.007332060526285718
c21q0,0,12288,accurate,0.05482167048254553,6,0.048828125,-0.005993545482545529
c21q1,0,12288,accurate,0.42449534478931894,52,0.4231770833333333,-0.00131826145598566
c21q2,0,12288,accurate,1.239765832611957,152,1.2369791666666667,-0.0027866659452903397
c21q3,0,12288,accurate,1.4576385618088434,179,1.4567057291666667,-0.0009328326421769242
c21q4,0,12288,accurate,0.5948693902249812,73,0.5940755208333334,-0.0007938693916478834
c22q0,0,12288,accurate,9.168930566858914e-08,0,0.0,-9.168930566858914e-08
c22q1,0,12288,accurate,0.02725686469381709,3,0.0244140625,-0.0028428021938170893
c22q2,0,12288,accurate,0.21030508326685535,25,0.20345052083333334,-0.006854562433521996
c22q3,0,12288,accurate,0.3719016916824825,45,0.3662109375,-0.005690754182482516
c22q4,0,12288,accurate,0.12912554412801933,15,0.1220703125,-0.007055231628019321
c23q0,0,12288,accurate,0.06416204947429,7,0.056966145833333336,-0.0071959036409566576
c23q1,0,12288,accurate,0.459769081678622,56,0.4557291666666667,-0.004039915011955306
c23q2,0,12288,accurate,0.9056798720245105,111,0.9033203125,-0.002359559524510446
c23q3,0,12288,accurate,1.138233072499129,139,1.1311848958333333,-0.007048176665795658
c23q4,0,12288,accurate,0.8409825271521487,103,0.8382161458333334,-0.002766381318815292
c24q0,0,12288,accurate,0.16322547970521223,20,0.16276041666666666,-0.00046506303854555644
c24q1,0,12288,accurate,0.7136736498207779,87,0.7080078125,-0.005665837320777828
c24q2,0,12288,accurate,1.2841664604841725,157,1.2776692708333333,-0.006497189650839057
c24q3,0,12288,accurate,0.8879790704922844,109,0.8870442708333334,-0.0009347996589510396
c24q4,0,12288,accurate,0.44454637771753097,54,0.439453125,-0.005093252717530954
c25q0,0,12288,accurate,0.46355155247985835,56,0.4557291666666667,-0.007822385813191675
c25q1,0,12288,accurate,1.3258033534158735,162,1.318359375,-0.007443978415873527
c25q2,0,12288,accurate,2.016348779052255,247,2.0100911458333335,-0.006257633218921879
c25q3,0,12288,accurate,1.3669133249077121,167,1.3590494791666667,-0.007863845741045566
c25q4,0,12288,accurate,0.5611736389858157,68,0.5533854166666666,-0.007788222319149007
c26q0,0,12288,accurate,0.0009516944941247179,0,0.0,-0.0009516944941247179
c26q1,0,12288,accurate,0.006016356364400207,0,0.0,-0.006016356364400207
c26q2,0,12288,accurate,0.14103913313235136,17,0.13834635416666666,-0.0026927789656846796
c26q3,0,12288,accurate,0.23610943997650102,29,0.23600260416666666,-0.00010683580983438488
c26q4,0,12288,accurate,0.31616493632429016,38,0.3092447916666667,-0.006920144657623526
c27q0,0,12288,accurate,0.0002517785922069289,0,0.0,-0.0002517785922069289
c27q1,0,12288,accurate,0.016058230061304146,1,0.008138020833333334,-0.007920209227970812
c27q2,0,12288,accurate,0.07498998638154221,9,0.0732421875,-0.001747798881542213
c27q3,0,12288,accurate,0.11046021687124719,13,0.10579427083333333,-0.004665946037913857
c27q4,0,12288,accurate,0.043273076789694054,5,0.040690104166666664,-0.0025829726230273886
c28q0,0,12288,accurate,0.0007812509326906935,0,0.0,-0.0007812509326906935
c28q1,0,12288,accurate,0.8888886367012994,109,0.8870442708333334,-0.0018443658679659358
c28q2,0,12288,accurate,2.405333611979344,295,2.4007161458333335,-0.004617466146010496
c28q3,0,12288,accurate,3.8022878584025186,467,3.8004557291666665,-0.0018321292358521035
c28q4,0,12288,accurate,1.8711821899663719,229,1.8636067708333333,-0.0075754191330386356
c29q0,0,12288,accurate,0.21497527422109566,26,0.21158854166666666,-0.0033867325544290235
c29q1,0,12288,accurate,0.31295368593774725,38,0.3092447916666667,-0.003708894271080591
c29q2,0,12288,accurate,0.8358904858940949,102,0.830078125,-0.0058123608940948215
c29q3,0,12288,accurate,1.0500478151405048,129,1.0498046875,-0.000243127640504881
c29q4,0,12288,accurate,0.9319331522742228,114,0.927734375,-0.004198777274222812
c30q0,0,12288,accurate,0.0018652534227587738,0,0.0,-0.0018652534227587738
c30q1,0,12288,accurate,0.22837170501009332,28,0.22786458333333334,-0.0005071216767599685
c30q2,0,12288,accurate,0.9328032302343862,114,0.927734375,-0.005068855234386174
c30q3,0,12288,accurate,2.8221153020210847,346,2.8157552083333335,-0.0063600936877517
c30q4,0,12288,accurate,4.80314596077799,685,5.574544270833333,0.7713983100553434
c31q0,0,12288,accurate,0.00043340579539990755,0,0.0,-0.00043340579539990755
c31q1,0,12288,accurate,0.005960125835004563,0,0.0,-0.005960125835004563
c31q2,0,12288,accurate,0.017586944648875058,2,0.016276041666666668,-0.0013109029822083928
c31q3,0,12288,accurate,0.027461119990097926,3,0.0244140625,-0.003047057490097925
c31q4,0,12288,accurate,0.01457778732523242,1,0.008138020833333334,-0.006439766491899087
c32q0,0,12288,accurate,0.07136505256735388,8,0.06510416666666667,-0.0062608859006872165
c32q1,0,12288,accurate,0.45099746514738165,55,0.4475911458333333,-0.0034063193140483616
c32q2,0,12288,accurate,2.614165024172776,321,2.6123046875,-0.0018603366727761722
c32q3,0,12288,accurate,4.4502003217316455,546,4.443359375,-0.006840946731645481
c32q4,0,12288,accurate,1.687522064884455,207,1.6845703125,-0.002951752384455081
c33q0,0,12288,accurate,0.0003411070480690687,0,0.0,-0.0003411070480690687
c33q1,0,12288,accurate,0.027724897911293105,3,0.0244140625,-0.0033108354112931044
c33q2,0,12288,accurate,0.07385664006372912,9,0.0732421875,-0.0006144525637291208
c33q3,0,12288,accurate,0.11629232791306955,14,0.11393229166666667,-0.0023600362464028767
c33q4,0,12288,accurate,0.20235385672405123,24,0.1953125,-0.007041356724051245
c34q0,0,12288,accurate,0.0012456962413833848,0,0.0,-0.0012456962413833848
c34q1,0,12288,accurate,0.07382218474434697,9,0.0732421875,-0.0005799972443469733
c34q2,0,12288,accurate,0.21875463463870096,26,0.21158854166666666,-0.007166092972034311
c34q3,0,12288,accurate,0.2502104723328764,30,0.244140625,-0.006069847332876386
c34q4,0,12288,accurate,0.1318283040225521,16,0.13020833333333334,-0.0016199706892187742
c35q0,0,12288,accurate,0.016649323585395653,2,0.016276041666666668,-0.00037328191872898584
c35q1,0,12288,accurate,0.24826462859704407,30,0.244140625,-0.0041240035970440715
c35q2,0,12288,accurate,0.39295825151647523,48,0.390625,-0.0023332515164752043
c35q3,0,12288,accurate,0.2715676742681261,33,0.2685546875,-0.0030129867681260875
c35q4,0,12288,accurate,0.1075147565329539,13,0.10579427083333333,-0.0017204856996205819
c36q0,0,12288,accurate,0.015343917115901507,1,0.008138020833333334,-0.007205896282568175
c36q1,0,12288,accurate,0.07236854341080763,8,0.06510416666666667,-0.007264376744140964
c36q2,0,12288,accurate,0.12842009507608337,15,0.1220703125,-0.006349782576083366
c36q3,0,12288,accurate,0.06846358870045222,8,0.06510416666666667,-0.0033594220337855563
c36q4,0,12288,accurate,0.026312092217819577,3,0.0244140625,-0.0018980297178195773
c37q0,0,12288,accurate,0.007969174439870715,0,0.0,-0.007969174439870715
c37q1,0,12288,accurate,0.06535472325841922,8,0.06510416666666667,-0.00025055659175256
c37q2,0,12288,accurate,0.25720590578034025,31,0.2522786458333333,-0.0049272599470069015
c37q3,0,12288,accurate,0.41189548315943103,50,0.4069010416666667,-0.004994441492764314
c37q4,0,12288,accurate,0.3473013771131674,42,0.341796875,-0.005504502113167376
c38q0,0,12288,accurate,0.2057907933149082,25,0.20345052083333334,-0.002340272481574871
c38q1,0,12288,accurate,0.5553239423110692,68,0.5533854166666666,-0.0019385256444025105
c38q2,0,12288,accurate,1.7723803080536626,217,1.7659505208333333,-0.006429787220329358
c38q3,0,12288,accurate,2.159307734908163,265,2.1565755208333335,-0.0027322140748298196
c38q4,0,12288,accurate,2.1799164609110324,267,2.1728515625,-0.007064898411032403
c39q0,0,12288,accurate,0.03211580828005192,3,0.0244140625,-0.00770174578005192
c39q1,0,12288,accurate,0.3877821466899308,47,0.3824869791666667,-0.005295167523264137
c39q2,0,12288,accurate,1.9672854719764103,241,1.9612630208333333,-0.0060224511430770344
c39q3,0,12288,accurate,0.9670879620160996,118,0.9602864583333334,-0.006801503682766184
c39q4,0,12288,accurate,0.926282363840342,113,0.9195963541666666,-0.006686009673675421
c00q0,0,12288,legacy_sequential,0.0004657781023742571,0,0.0,-0.0004657781023742571
c00q1,0,12288,legacy_sequential,0.07184357297040815,8,0.06510416666666667,-0.006739406303741494
c00q2,0,12288,legacy_sequential,0.26028039810688375,31,0.2522786458333333,-0.008001752273550412
c00q3,0,12288,legacy_sequential,0.28107264827731065,34,0.2766927083333333,-0.004379939943977311
c00q4,0,12288,legacy_sequential,0.16477762685675906,20,0.16276041666666666,-0.002017210190092384
c01q0,0,12288,legacy_sequential,0.22803736811443792,28,0.22786458333333334,-0.00017278478110457386
c01q1,0,12288,legacy_sequential,0.3680852756643468,45,0.3662109375,-0.0018743381643468015
c01q2,0,12288,legacy_sequential,0.8726981887680507,107,0.8707682291666666,-0.001929959601384111
c01q3,0,12288,legacy_sequential,1.3014961276890689,159,1.2939453125,-0.00755081518906877
c01q4,0,12288,legacy_sequential,1.4361600415145175,176,1.4322916666666667,-0.00386837484785095
c02q0,0,12288,legacy_sequential,3.030303853678395e-05,0,0.0,-3.030303853678395e-05
c02q1,0,12288,legacy_sequential,0.08472156407459003,10,0.08138020833333333,-0.0033413557412566883
c02q2,0,12288,legacy_sequential,0.2872979764870241,35,0.2848307291666667,-0.0024672473203574304
c02q3,0,12288,legacy_sequential,0.4105917904873364,50,0.4069010416666667,-0.0036907488206697377
c02q4,0,12288,legacy_sequential,0.40887881671215703,50,0.4069010416666667,-0.0019777750454903417
c03q0,0,12288,legacy_sequential,0.1882619011987591,23,0.18717447916666666,-0.0010874220320924392
c03q1,0,12288,legacy_sequential,1.191503370524041,146,1.1881510416666667,-0.0033523288573743606
c03q2,0,12288,legacy_sequential,1.2080141374429672,148,1.2044270833333333,-0.003587054109633822
c03q3,0,12288,legacy_sequential,1.8515230580953022,227,1.8473307291666667,-0.004192328928635455
c03q4,0,12288,legacy_sequential,1.202283660000979,147,1.1962890625,-0.005994597500978867
c04q0,0,12288,legacy_sequential,0.0002920471002886735,0,0.0,-0.0002920471002886735
c04q1,0,12288,legacy_sequential,0.004328652277267756,0,0.0,-0.004328652277267756
c04q2,0,12288,legacy_sequential,0.177147690098777,21,0.1708984375,-0.0062492525987770196
c04q3,0,12288,legacy_sequential,0.10718321044844814,13,0.10579427083333333,-0.0013889396151148129
c04q4,0,12288,legacy_sequential,0.023738168450423223,2,0.016276041666666668,-0.007462126783756557
c05q0,0,12288,legacy_sequential,0.013129447644051509,1,0.008138020833333334,-0.004991426810718176
c05q1,0,12288,legacy_sequential,0.05892177967031255,7,0.056966145833333336,-0.0019556338369792147
c05q2,0,12288,legacy_sequential,0.2517540491797273,30,0.244140625,-0.007613424179727345
c05q3,0,12288,legacy_sequential,0.5957641824990623,73,0.5940755208333334,-0.0016886616657290146
c05q4,0,12288,legacy_sequential,0.3850643030382899,47,0.3824869791666667,-0.0025773238716232747
c06q0,0,12288,legacy_sequential,9.253188519587419e-05,0,0.0,-9.253188519587419e-05
c06q1,0,12288,legacy_sequential,0.013420909477312594,1,0.008138020833333334,-0.005282888643979261
c06q2,0,12288,legacy_sequential,0.06037080648207911,7,0.056966145833333336,-0.0034046606487457727
c06q3,0,12288,legacy_sequential,0.27755583931169486,34,0.2766927083333333,-0.0008631309783615256
c06q4,0,12288,legacy_sequential,0.22840650352161182,28,0.22786458333333334,-0.0005419201882784792
c07q0,0,12288,legacy_sequential,0.015083635699640689,1,0.008138020833333334,-0.006945614866307356
c07q1,0,12288,legacy_sequential,0.2244789048673092,27,0.2197265625,-0.0047523423673092105
c07q2,0,12288,legacy_sequential,0.5499162797225033,67,0.5452473958333334,-0.004668883889170049
c07q3,0,12288,legacy_sequential,0.48346574351497557,59,0.4801432291666667,-0.00332251434830887
c07q4,0,12288,legacy_sequential,0.11097049070322043,13,0.10579427083333333,-0.005176219869887106
c08q0,0,12288,legacy_sequential,6.724907572512987e-05,0,0.0,-6.724907572512987e-05
c08q1,0,12288,legacy_sequential,0.006833558483947341,0,0.0,-0.006833558483947341
c08q2,0,12288,legacy_sequential,0.04965447205005338,6,0.048828125,-0.0008263470500533823
c08q3,0,12288,legacy_sequential,0.07522864854578538,9,0.0732421875,-0.0019864610457853834
c08q4,0,12288,legacy_sequential,0.10596117808349677,13,0.10579427083333333,-0.0001669072501634403
c09q0,0,12288,legacy_sequential,4.5947496454384817e-05,0,0.0,-4.5947496454384817e-05
c09q1,0,12288,legacy_sequential,0.015434786947842895,1,0.008138020833333334,-0.007296766114509561
c09q2,0,12288,legacy_sequential,0.036636235205553196,4,0.032552083333333336,-0.004084151872219867
c09q3,0,12288,legacy_sequential,0.05418294733299484,6,0.048828125,-0.005354822332994844
c09q4,0,12288,legacy_sequential,0.013404397290920408,1,0.008138020833333334,-0.005266376457587075
c10q0,0,12288,legacy_sequential,0.0054299042170018914,0,0.0,-0.0054299042170018914
c10q1,0,12288,legacy_sequential,0.05389917575464028,6,0.048828125,-0.005071050754640283
c10q2,0,12288,legacy_sequential,0.08703460758917976,10,0.08138020833333333,-0.005654399255846418
c10q3,0,12288,legacy_sequential,0.06971937371526944,8,0.06510416666666667,-0.004615207048602776
c10q4,0,12288,legacy_sequential,0.02816435018346033,3,0.0244140625,-0.003750287683460332
c11q0,0,12288,legacy_sequential,0.011783691780257071,1,0.008138020833333334,-0.0036456709469237392
c11q1,0,12288,legacy_sequential,0.12055160092796825,14,0.11393229166666667,-0.006619309261301576
c11q2,0,12288,legacy_sequential,0.2975656258713034,36,0.29296875,-0.00459687587130342
c11q3,0,12288,legacy_sequential,0.25446805789360444,31,0.2522786458333333,-0.002189412060271071
c11q4,0,12288,legacy_sequential,0.07693020496087474,9,0.0732421875,-0.0036880174608747477
c12q0,0,12288,legacy_sequential,0.023009917245425095,2,0.016276041666666668,-0.006733875578758428
c12q1,0,12288,legacy_sequential,0.3658848041079447,44,0.3580729166666667,-0.007811887441278075
c12q2,0,12288,legacy_sequential,0.8273018712948179,101,0.8219401041666666,-0.005361767128151361
c12q3,0,12288,legacy_sequential,0.8576739164400229,105,0.8544921875,-0.003181728940022943
c12q4,0,12288,legacy_sequential,0.23488541985803957,28,0.22786458333333334,-0.0070208365247062185
c13q0,0,12288,legacy_sequential,2.5594310856716273e-05,0,0.0,-2.5594310856716273e-05
c13q1,0,12288,legacy_sequential,0.09849041034822835,12,0.09765625,-0.0008341603482283494
c13q2,0,12288,legacy_sequential,0.269384445343457,33,0.2685546875,-0.0008297578434570199
c13q3,0,12288,legacy_sequential,0.6452087705521959,79,0.6429036458333334,-0.0023051247188626833
c13q4,0,12288,legacy_sequential,0.3001305223936239,36,0.29296875,-0.007161772393623903
c14q0,0,12288,legacy_sequential,0.08356887575139126,10,0.08138020833333333,-0.0021886674180579134
c14q1,0,12288,legacy_sequential,1.1194759197376443,137,1.1149088541666667,-0.004567065570977753
c14q2,0,12288,legacy_sequential,3.064964356000136,376,3.0598958333333335,-0.005068522666802633
c14q3,0,12288,legacy_sequential,2.971666186173095,365,2.9703776041666665,-0.0012885820064281045
c14q4,0,12288,legacy_sequential,0.6109815788109701,75,0.6103515625,-0.0006300163109701842
c15q0,0,12288,legacy_sequential,0.00015960793971957205,0,0.0,-0.00015960793971957205
c15q1,0,12288,legacy_sequential,0.006936092003753895,0,0.0,-0.006936092003753895
c15q2,0,12288,legacy_sequential,0.01787478943861243,2,0.016276041666666668,-0.0015987477719457627
c15q3,0,12288,legacy_sequential,0.01672578222239926,2,0.016276041666666668,-0.000449740555732593
c15q4,0,12288,legacy_sequential,0.04945550657652986,6,0.048828125,-0.0006273815765298627
c16q0,0,12288,legacy_sequential,0.03525051691219294,4,0.032552083333333336,-0.002698433578859612
c16q1,0,12288,legacy_sequential,0.14568298755704548,17,0.13834635416666666,-0.007336633390378814
c16q2,0,12288,legacy_sequential,0.3324435175883359,40,0.3255208333333333,-0.0069226842550025765
c16q3,0,12288,legacy_sequential,0.3843600750931313,47,0.3824869791666667,-0.0018730959264646237
c16q4,0,12288,legacy_sequential,0.15399700793277088,18,0.146484375,-0.007512632932770878
c17q0,0,12288,legacy_sequential,0.3949499122566094,48,0.390625,-0.004324912256609397
c17q1,0,12288,legacy_sequential,0.9674116740342273,118,0.9602864583333334,-0.007125215700893965
c17q2,0,12288,legacy_sequential,1.626316200484193,199,1.6194661458333333,-0.006850054650859791
c17q3,0,12288,legacy_sequential,1.2607687793318676,154,1.2532552083333333,-0.007513570998534183
c17q4,0,12288,legacy_sequential,0.3382439119436189,41,0.3336588541666667,-0.004585057776952239
c18q0,0,12288,legacy_sequential,0.023339948218918896,2,0.016276041666666668,-0.00706390655225223
c18q1,0,12288,legacy_sequential,0.18057058156785344,22,0.17903645833333334,-0.0015341232345201117
c18q2,0,12288,legacy_sequential,0.3120611926420375,38,0.3092447916666667,-0.0028164009753708485
c18q3,0,12288,legacy_sequential,0.15584047146373184,19,0.15462239583333334,-0.001218075630398524
c18q4,0,12288,legacy_sequential,0.0906481207014994,11,0.08951822916666667,-0.001129891534832738
c19q0,0,12288,legacy_sequential,0.00010128149355567994,0,0.0,-0.00010128149355567994
c19q1,0,12288,legacy_sequential,0.006683363617887666,0,0.0,-0.006683363617887666
c19q2,0,12288,legacy_sequential,0.15610636311792764,19,0.15462239583333334,-0.001483967284594324
c19q3,0,12288,legacy_sequential,0.11551812403651875,14,0.11393229166666667,-0.0015858323698520783
c19q4,0,12288,legacy_sequential,0.03903050334939667,4,0.032552083333333336,-0.006478420016063342
c20q0,0,12288,legacy_sequential,0.012115835131426236,1,0.008138020833333334,-0.0039778142980929024
c20q1,0,12288,legacy_sequential,0.24714795053417854,30,0.244140625,-0.0030073255341785295
c20q2,0,12288,legacy_sequential,0.6209068324291418,76,0.6184895833333334,-0.0024172490958085206
c20q3,0,12288,legacy_sequential,0.38155585287796506,46,0.3743489583333333,-0.007206894544631737
c20q4,0,12288,legacy_sequential,0.4711992480262857,57,0.4638671875,-0.007332060526285718
c21q0,0,12288,legacy_sequential,0.05482167048254553,6,0.048828125,-0.005993545482545529
c21q1,0,12288,legacy_sequential,0.42449534478931894,52,0.4231770833333333,-0.00131826145598566
c21q2,0,12288,legacy_sequential,1.239765832611957,152,1.2369791666666667,-0.0027866659452903397
c21q3,0,12288,legacy_sequential,1.4576385618088434,179,1.4567057291666667,-0.0009328326421769242
c21q4,0,12288,legacy_sequential,0.5948693902249812,73,0.5940755208333334,-0.0007938693916478834
c22q0,0,12288,legacy_sequential,9.168930566858914e-08,0,0.0,-9.168930566858914e-08
c22q1,0,12288,legacy_sequential,0.02725686469381709,3,0.0244140625,-0.0028428021938170893
c22q2,0,12288,legacy_sequential,0.21030508326685535,25,0.20345052083333334,-0.006854562433521996
c22q3,0,12288,legacy_sequential,0.3719016916824825,45,0.3662109375,-0.005690754182482516
c22q4,0,12288,legacy_sequential,0.12912554412801933,15,0.1220703125,-0.007055231628019321
c23q0,0,12288,legacy_sequential,0.06416204947429,7,0.056966145833333336,-0.0071959036409566576
c23q1,0,12288,legacy_sequential,0.459769081678622,56,0.4557291666666667,-0.004039915011955306
c23q2,0,12288,legacy_sequential,0.9056798720245105,111,0.9033203125,-0.002359559524510446
c23q3,0,12288,legacy_sequential,1.138233072499129,139,1.1311848958333333,-0.007048176665795658
c23q4,0,12288,legacy_sequential,0.8409825271521487,103,0.8382161458333334,-0.002766381318815292
c24q0,0,12288,legacy_sequential,0.16322547970521223,20,0.16276041666666666,-0.00046506303854555644
c24q1,0,12288,legacy_sequential,0.7136736498207779,87,0.7080078125,-0.005665837320777828
c24q2,0,12288,legacy_sequential,1.2841664604841725,157,1.2776692708333333,-0.006497189650839057
c24q3,0,12288,legacy_sequential,0.8879790704922844,109,0.8870442708333334,-0.0009347996589510396
c24q4,0,12288,legacy_sequential,0.44454637771753097,54,0.439453125,-0.005093252717530954
c25q0,0,12288,legacy_sequential,0.46355155247985835,56,0.4557291666666667,-0.007822385813191675
c25q1,0,12288,legacy_sequential,1.3258033534158735,162,1.318359375,-0.007443978415873527
c25q2,0,12288,legacy_sequential,2.016348779052255,247,2.0100911458333335,-0.006257633218921879
c25q3,0,12288,legacy_sequential,1.3669133249077121,167,1.3590494791666667,-0.007863845741045566
c25q4,0,12288,legacy_sequential,0.5611736389858157,68,0.5533854166666666,-0.007788222319149007
c26q0,0,12288,legacy_sequential,0.0009516944941247179,0,0.0,-0.0009516944941247179
c26q1,0,12288,legacy_sequential,0.006016356364400207,0,0.0,-0.006016356364400207
c26q2,0,12288,legacy_sequential,0.14103913313235136,17,0.13834635416666666,-0.0026927789656846796
c26q3,0,12288,legacy_sequential,0.23610943997650102,29,0.23600260416666666,-0.00010683580983438488
c26q4,0,12288,legacy_sequential,0.31616493632429016,38,0.3092447916666667,-0.006920144657623526
c27q0,0,12288,legacy_sequential,0.0002517785922069289,0,0.0,-0.0002517785922069289
c27q1,0,12288,legacy_sequential,0.016058230061304146,1,0.008138020833333334,-0.007920209227970812
c27q2,0,12288,legacy_sequential,0.07498998638154221,9,0.0732421875,-0.001747798881542213
c27q3,0,12288,legacy_sequential,0.11046021687124719,13,0.10579427083333333,-0.004665946037913857
c27q4,0,12288,legacy_sequential,0.043273076789694054,5,0.040690104166666664,-0.0025829726230273886
c28q0,0,12288,legacy_sequential,0.0007812509326906935,0,0.0,-0.0007812509326906935
c28q1,0,12288,legacy_sequential,0.8888886367012994,109,0.8870442708333334,-0.0018443658679659358
c28q2,0,12288,legacy_sequential,2.405333611979344,295,2.4007161458333335,-0.004617466146010496
c28q3,0,12288,legacy_sequential,3.8022878584025186,467,3.8004557291666665,-0.0018321292358521035
c28q4,0,12288,legacy_sequential,1.8711821899663719,229,1.8636067708333333,-0.0075754191330386356
c29q0,0,12288,legacy_sequential,0.21497527422109566,26,0.21158854166666666,-0.0033867325544290235
c29q1,0,12288,legacy_sequential,0.31295368593774725,38,0.3092447916666667,-0.003708894271080591
c29q2,0,12288,legacy_sequential,0.8358904858940949,102,0.830078125,-0.0058123608940948215
c29q3,0,12288,legacy_sequential,1.0500478151405048,129,1.0498046875,-0.000243127640504881
c29q4,0,12288,legacy_sequential,0.9319331522742228,114,0.927734375,-0.004198777274222812
c30q0,0,12288,legacy_sequential,0.0018652534227587738,0,0.0,-0.0018652534227587738
c30q1,0,12288,legacy_sequential,0.22837170501009332,28,0.22786458333333334,-0.0005071216767599685
c30q2,0,12288,legacy_sequential,0.9328032302343862,114,0.927734375,-0.005068855234386174
c30q3,0,12288,legacy_sequential,2.8221153020210847,346,2.8157552083333335,-0.0063600936877517
c30q4,0,12288,legacy_sequential,4.80314596077799,685,5.574544270833333,0.7713983100553434
c31q0,0,12288,legacy_sequential,0.00043340579539990755,0,0.0,-0.00043340579539990755
c31q1,0,12288,legacy_sequential,0.005960125835004563,0,0.0,-0.005960125835004563
c31q2,0,12288,legacy_sequential,0.017586944648875058,2,0.016276041666666668,-0.0013109029822083928
c31q3,0,12288,legacy_sequential,0.027461119990097926,3,0.0244140625,-0.003047057490097925
c31q4,0,12288,legacy_sequential,0.01457778732523242,1,0.008138020833333334,-0.006439766491899087
c32q0,0,12288,legacy_sequential,0.07136505256735388,8,0.06510416666666667,-0.0062608859006872165
c32q1,0,12288,legacy_sequential,0.45099746514738165,55,0.4475911458333333,-0.0034063193140483616
c32q2,0,12288,legacy_sequential,2.614165024172776,321,2.6123046875,-0.0018603366727761722
c32q3,0,12288,legacy_sequential,4.4502003217316455,546,4.443359375,-0.006840946731645481
c32q4,0,12288,legacy_sequential,1.687522064884455,207,1.6845703125,-0.002951752384455081
c33q0,0,12288,legacy_sequential,0.0003411070480690687,0,0.0,-0.0003411070480690687
c33q1,0,12288,legacy_sequential,0.027724897911293105,3,0.0244140625,-0.0033108354112931044
c33q2,0,12288,legacy_sequential,0.07385664006372912,9,0.0732421875,-0.0006144525637291208
c33q3,0,12288,legacy_sequential,0.11629232791306955,14,0.11393229166666667,-0.0023600362464028767
c33q4,0,12288,legacy_sequential,0.20235385672405123,24,0.1953125,-0.007041356724051245
c34q0,0,12288,legacy_sequential,0.0012456962413833848,0,0.0,-0.0012456962413833848
c34q1,0,12288,legacy_sequential,0.07382218474434697,9,0.0732421875,-0.0005799972443469733
c34q2,0,12288,legacy_sequential,0.21875463463870096,26,0.21158854166666666,-0.007166092972034311
c34q3,0,12288,legacy_sequential,0.2502104723328764,30,0.244140625,-0.006069847332876386
c34q4,0,12288,legacy_sequential,0.1318283040225521,16,0.13020833333333334,-0.0016199706892187742
c35q0,0,12288,legacy_sequential,0.016649323585395653,2,0.016276041666666668,-0.00037328191872898584
c35q1,0,12288,legacy_sequential,0.24826462859704407,30,0.244140625,-0.0041240035970440715
c35q2,0,12288,legacy_sequential,0.39295825151647523,48,0.390625,-0.0023332515164752043
c35q3,0,12288,legacy_sequential,0.2715676742681261,33,0.2685546875,-0.0030129867681260875
c35q4,0,12288,legacy_sequential,0.1075147565329539,13,0.10579427083333333,-0.0017204856996205819
c36q0,0,12288,legacy_sequential,0.015343917115901507,1,0.008138020833333334,-0.007205896282568175
c36q1,0,12288,legacy_sequential,0.07236854341080763,8,0.06510416666666667,-0.007264376744140964
c36q2,0,12288,legacy_sequential,0.12842009507608337,15,0.1220703125,-0.006349782576083366
c36q3,0,12288,legacy_sequential,0.06846358870045222,8,0.06510416666666667,-0.0033594220337855563
c36q4,0,12288,legacy_sequential,0.026312092217819577,3,0.0244140625,-0.0018980297178195773
c37q0,0,12288,legacy_sequential,0.007969174439870715,0,0.0,-0.007969174439870715
c37q1,0,12288,legacy_sequential,0.06535472325841922,8,0.06510416666666667,-0.00025055659175256
c37q2,0,12288,legacy_sequential,0.25720590578034025,31,0.2522786458333333,-0.0049272599470069015
c37q3,0,12288,legacy_sequential,0.41189548315943103,50,0.4069010416666667,-0.004994441492764314
c37q4,0,12288,legacy_sequential,0.3473013771131674,42,0.341796875,-0.005504502113167376
c38q0,0,12288,legacy_sequential,0.2057907933149082,25,0.20345052083333334,-0.002340272481574871
c38q1,0,12288,legacy_sequential,0.5553239423110692,68,0.5533854166666666,-0.0019385256444025105
c38q2,0,12288,legacy_sequential,1.7723803080536626,217,1.7659505208333333,-0.006429787220329358
c38q3,0,12288,legacy_sequential,2.159307734908163,265,2.1565755208333335,-0.0027322140748298196
c38q4,0,12288,legacy_sequential,2.1799164609110324,267,2.1728515625,-0.007064898411032403
c39q0,0,12288,legacy_sequential,0.03211580828005192,3,0.0244140625,-0.00770174578005192
c39q1,0,12288,legacy_sequential,0.3877821466899308,47,0.3824869791666667,-0.005295167523264137
c39q2,0,12288,legacy_sequential,1.9672854719764103,241,1.9612630208333333,-0.0060224511430770344
c39q3,0,12288,legacy_sequential,0.9670879620160996,118,0.9602864583333334,-0.006801503682766184
c39q4,0,12288,legacy_sequential,0.926282363840342,113,0.9195963541666666,-0.006686009673675421
c00q0,1,12288,accurate,0.004069010416666666,0,0.0,-0.004069010416666666
c00q1,1,12288,accurate,0.4191080729166667,51,0.4150390625,-0.004069010416666696
c00q2,1,12288,accurate,1.89208984375,232,1.8880208333333333,-0.004069010416666782
c00q3,1,12288,accurate,0.11800130208333333,14,0.11393229166666667,-0.004069010416666652
c00q4,1,12288,accurate,0.21769205729166666,26,0.21158854166666666,-0.006103515625
c01q0,1,12288,accurate,0.4557291666666667,56,0.4557291666666667,0.0
c01q1,1,12288,accurate,0.433349609375,53,0.4313151041666667,-0.0020345052083333044
c01q2,1,12288,accurate,0.6368001302083333,78,0.634765625,-0.0020345052083333044
c01q3,1,12288,accurate,1.0457356770833335,128,1.0416666666666667,-0.004069010416666782
c01q4,1,12288,accurate,1.141357421875,140,1.1393229166666667,-0.002034505208333391
c02q0,1,12288,accurate,0.004069010416666666,0,0.0,-0.004069010416666666
c02q1,1,12288,accurate,0.028483072916666668,3,0.0244140625,-0.004069010416666669
c02q2,1,12288,accurate,0.15869140625,19,0.15462239583333334,-0.004069010416666674
c02q3,1,12288,accurate,0.1953125,24,0.1953125,0.0
c02q4,1,12288,accurate,0.20751953125,25,0.20345052083333334,-0.004069010416666652
c03q0,1,12288,accurate,0.06917317708333334,8,0.06510416666666667,-0.004069010416666674
c03q1,1,12288,accurate,0.4923502604166667,60,0.48828125,-0.004069010416666696
c03q2,1,12288,accurate,0.4313151041666667,53,0.4313151041666667,0.0
c03q3,1,12288,accurate,1.116943359375,137,1.1149088541666667,-0.002034505208333391
c03q4,1,12288,accurate,0.31534830729166663,38,0.3092447916666667,-0.006103515625
c04q0,1,12288,accurate,0.004069010416666666,0,0.0,-0.004069010416666666
c04q1,1,12288,accurate,0.4191080729166667,51,0.4150390625,-0.004069010416666696
c04q2,1,12288,accurate,0.24210611979166666,29,0.23600260416666666,-0.006103515625
c04q3,1,12288,accurate,0.311279296875,38,0.3092447916666667,-0.002034505208333348
c04q4,1,12288,accurate,0.067138671875,8,0.06510416666666667,-0.002034505208333337
c05q0,1,12288,accurate,0.010172526041666668,1,0.008138020833333334,-0.0020345052083333356
c05q1,1,12288,accurate,0.03458658854166667,4,0.032552083333333336,-0.002034505208333337
c05q2,1,12288,accurate,0.5696614583333333,70,0.5696614583333334,0.0
c05q3,1,12288,accurate,0.469970703125,57,0.4638671875,-0.006103515625
c05q4,1,12288,accurate,1.7049153645833333,209,1.7008463541666667,-0.004069010416666435
c06q0,1,12288,accurate,0.004069010416666666,0,0.0,-0.004069010416666666
c06q1,1,12288,accurate,0.026448567708333332,3,0.0244140625,-0.0020345052083333313
c06q2,1,12288,accurate,0.30721028645833337,37,0.3011067708333333,-0.006103515625
c06q3,1,12288,accurate,0.9745279947916666,119,0.9684244791666666,-0.006103515625
c06q4,1,12288,accurate,0.335693359375,41,0.3336588541666667,-0.002034505208333348
c07q0,1,12288,accurate,0.04679361979166667,5,0.040690104166666664,-0.006103515625
c07q1,1,12288,accurate,0.115966796875,14,0.11393229166666667,-0.002034505208333326
c07q2,1,12288,accurate,0.286865234375,35,0.2848307291666667,-0.002034505208333348
c07q3,1,12288,accurate,0.7731119791666667,95,0.7731119791666666,0.0
c07q4,1,12288,accurate,0.103759765625,12,0.09765625,-0.006103515625
c08q0,1,12288,accurate,0.008138020833333332,1,0.008138020833333334,0.0
c08q1,1,12288,accurate,0.010172526041666668,1,0.008138020833333334,-0.0020345052083333356
c08q2,1,12288,accurate,0.28076171875,34,0.2766927083333333,-0.004069010416666652
c08q3,1,12288,accurate,0.52490234375,64,0.5208333333333334,-0.004069010416666696
c08q4,1,12288,accurate,0.020345052083333336,2,0.016276041666666668,-0.004069010416666671
c09q0,1,12288,accurate,0.016276041666666664,2,0.016276041666666668,0.0
c09q1,1,12288,accurate,0.11189778645833333,13,0.10579427083333333,-0.006103515625
c09q2,1,12288,accurate,0.11800130208333333,14,0.11393229166666667,-0.004069010416666652
c09q3,1,12288,accurate,0.653076171875,80,0.6510416666666666,-0.0020345052083333044
c09q4,1,12288,accurate,0.01220703125,1,0.008138020833333334,-0.004069010416666667
c10q0,1,12288,accurate,0.026448567708333332,3,0.0244140625,-0.0020345052083333313
c10q1,1,12288,accurate,0.33772786458333337,41,0.3336588541666667,-0.004069010416666696
c10q2,1,12288,accurate,0.7303873697916667,89,0.7242838541666666,-0.006103515625
c10q3,1,12288,accurate,0.15055338541666669,18,0.146484375,-0.004069010416666674
c10q4,1,12288,accurate,0.018310546875,2,0.016276041666666668,-0.0020345052083333343
c11q0,1,12288,accurate,0.004069010416666666,0,0.0,-0.004069010416666666
c11q1,1,12288,accurate,0.11189778645833333,13,0.10579427083333333,-0.006103515625
c11q2,1,12288,accurate,1.0355631510416665,127,1.0335286458333333,-0.0020345052083332177
c11q3,1,12288,accurate,0.14444986979166669,17,0.13834635416666666,-0.006103515625
c11q4,1,12288,accurate,0.028483072916666668,3,0.0244140625,-0.004069010416666669
c12q0,1,12288,accurate,0.03865559895833333,4,0.032552083333333336,-0.006103515625
c12q1,1,12288,accurate,1.0579427083333335,130,1.0579427083333333,0.0
c12q2,1,12288,accurate,0.19938151041666666,24,0.1953125,-0.004069010416666652
c12q3,1,12288,accurate,1.2898763020833335,158,1.2858072916666667,-0.004069010416666782
c12q4,1,12288,accurate,0.056966145833333336,7,0.056966145833333336,0.0
c13q0,1,12288,accurate,0.008138020833333332,1,0.008138020833333334,0.0
c13q1,1,12288,accurate,0.5452473958333333,67,0.5452473958333334,0.0
c13q2,1,12288,accurate,0.37027994791666663,45,0.3662109375,-0.004069010416666652
c13q3,1,12288,accurate,4.121907552083334,506,4.117838541666667,-0.004069010416667129
c13q4,1,12288,accurate,0.9989420572916666,122,0.9928385416666666,-0.006103515625
c14q0,1,12288,accurate,0.32145182291666663,39,0.3173828125,-0.004069010416666652
c14q1,1,12288,accurate,1.47705078125,181,1.4729817708333333,-0.004069010416666609
c14q2,1,12288,accurate,0.360107421875,44,0.3580729166666667,-0.002034505208333348
c14q3,1,12288,accurate,2.201334635416667,270,2.197265625,-0.004069010416666782
c14q4,1,12288,accurate,0.103759765625,12,0.09765625,-0.006103515625
c15q0,1,12288,accurate,0.018310546875,2,0.016276041666666668,-0.0020345052083333343
c15q1,1,12288,accurate,0.38045247395833337,46,0.3743489583333333,-0.006103515625
c15q2,1,12288,accurate,0.665283203125,81,0.6591796875,-0.006103515625
c15q3,1,12288,accurate,0.17293294270833331,21,0.1708984375,-0.002034505208333326
c15q4,1,12288,accurate,0.4048665364583333,49,0.3987630208333333,-0.006103515625
c16q0,1,12288,accurate,0.018310546875,2,0.016276041666666668,-0.0020345052083333343
c16q1,1,12288,accurate,0.1220703125,15,0.1220703125,0.0
c16q2,1,12288,accurate,0.5086263020833333,62,0.5045572916666666,-0.004069010416666609
c16q3,1,12288,accurate,1.5401204427083335,189,1.5380859375,-0.002034505208333391
c16q4,1,12288,accurate,0.1220703125,15,0.1220703125,0.0
c17q0,1,12288,accurate,0.20751953125,25,0.20345052083333334,-0.004069010416666652
c17q1,1,12288,accurate,0.4597981770833333,56,0.4557291666666667,-0.004069010416666609
c17q2,1,12288,accurate,1.4912923177083335,183,1.4892578125,-0.002034505208333391
c17q3,1,12288,accurate,0.653076171875,80,0.6510416666666666,-0.0020345052083333044
c17q4,1,12288,accurate,0.13631184895833331,16,0.13020833333333334,-0.006103515625
c18q0,1,12288,accurate,0.0244140625,3,0.0244140625,0.0
c18q1,1,12288,accurate,0.13427734375,16,0.13020833333333334,-0.004069010416666674
c18q2,1,12288,accurate,0.6388346354166667,78,0.634765625,-0.004069010416666696
c18q3,1,12288,accurate,0.37434895833333337,46,0.3743489583333333,0.0
c18q4,1,12288,accurate,0.03865559895833333,4,0.032552083333333336,-0.006103515625
c19q0,1,12288,accurate,0.01220703125,1,0.008138020833333334,-0.004069010416666667
c19q1,1,12288,accurate,0.1220703125,15,0.1220703125,0.0
c19q2,1,12288,accurate,0.20751953125,25,0.20345052083333334,-0.004069010416666652
c19q3,1,12288,accurate,0.19124348958333331,23,0.18717447916666666,-0.004069010416666652
c19q4,1,12288,accurate,0.03255208333333333,4,0.032552083333333336,0.0
c20q0,1,12288,accurate,0.020345052083333336,2,0.016276041666666668,-0.004069010416666671
c20q1,1,12288,accurate,0.25634765625,31,0.2522786458333333,-0.004069010416666652
c20q2,1,12288,accurate,0.24007161458333334,29,0.23600260416666666,-0.004069010416666696
c20q3,1,12288,accurate,0.28076171875,34,0.2766927083333333,-0.004069010416666652
c20q4,1,12288,accurate,0.152587890625,18,0.146484375,-0.006103515625
c21q0,1,12288,accurate,0.050862630208333336,6,0.048828125,-0.002034505208333337
c21q1,1,12288,accurate,0.09358723958333334,11,0.08951822916666667,-0.004069010416666674
c21q2,1,12288,accurate,1.5279134114583335,187,1.5218098958333333,-0.006103515625
c21q3,1,12288,accurate,0.3662109375,45,0.3662109375,0.0
c21q4,1,12288,accurate,0.213623046875,26,0.21158854166666666,-0.002034505208333348
c22q0,1,12288,accurate,0,0,0.0,0.0
c22q1,1,12288,accurate,0.016276041666666664,2,0.016276041666666668,0.0
c22q2,1,12288,accurate,0.08138020833333334,10,0.08138020833333333,0.0
c22q3,1,12288,accurate,0.08951822916666666,11,0.08951822916666667,0.0
c22q4,1,12288,accurate,0.067138671875,8,0.06510416666666667,-0.002034505208333337
c23q0,1,12288,accurate,0.07731119791666666,9,0.0732421875,-0.004069010416666663
c23q1,1,12288,accurate,0.811767578125,99,0.8056640625,-0.006103515625
c23q2,1,12288,accurate,1.0030110677083335,123,1.0009765625,-0.002034505208333391
c23q3,1,12288,accurate,0.3926595052083333,48,0.390625,-0.0020345052083333044
c23q4,1,12288,accurate,0.164794921875,20,0.16276041666666666,-0.002034505208333326
c24q0,1,12288,accurate,0.30721028645833337,37,0.3011067708333333,-0.006103515625
c24q1,1,12288,accurate,0.1953125,24,0.1953125,0.0
c24q2,1,12288,accurate,0.8036295572916666,98,0.7975260416666666,-0.006103515625
c24q3,1,12288,accurate,0.36824544270833337,45,0.3662109375,-0.002034505208333348
c24q4,1,12288,accurate,0.4557291666666667,56,0.4557291666666667,0.0
c25q0,1,12288,accurate,0.5900065104166667,72,0.5859375,-0.004069010416666696
c25q1,1,12288,accurate,0.8870442708333334,109,0.8870442708333334,0.0
c25q2,1,12288,accurate,1.4892578125,183,1.4892578125,0.0
c25q3,1,12288,accurate,0.9806315104166666,120,0.9765625,-0.004069010416666609
c25q4,1,12288,accurate,0.4191080729166667,51,0.4150390625,-0.004069010416666696
c26q0,1,12288,accurate,0.12003580729166667,14,0.11393229166666667,-0.006103515625
c26q1,1,12288,accurate,0.5350748697916667,65,0.5289713541666666,-0.006103515625
c26q2,1,12288,accurate,0.640869140625,78,0.634765625,-0.006103515625
c26q3,1,12288,accurate,0.4048665364583333,49,0.3987630208333333,-0.006103515625
c26q4,1,12288,accurate,0.6083170572916667,74,0.6022135416666666,-0.006103515625
c27q0,1,12288,accurate,0.006103515625,0,0.0,-0.006103515625
c27q1,1,12288,accurate,0.020345052083333336,2,0.016276041666666668,-0.004069010416666671
c27q2,1,12288,accurate,0.08748372395833334,10,0.08138020833333333,-0.006103515625
c27q3,1,12288,accurate,0.056966145833333336,7,0.056966145833333336,0.0
c27q4,1,12288,accurate,0.052897135416666664,6,0.048828125,-0.004069010416666663
c28q0,1,12288,accurate,0.04069010416666667,5,0.040690104166666664,0.0
c28q1,1,12288,accurate,1.0782877604166665,132,1.07421875,-0.004069010416666609
c28q2,1,12288,accurate,1.3895670572916665,170,1.3834635416666667,-0.006103515625
c28q3,1,12288,accurate,2.699788411458333,331,2.6936848958333335,-0.006103515625
c28q4,1,12288,accurate,5.417887369791666,746,6.070963541666667,0.653076171875
c29q0,1,12288,accurate,0.21158854166666666,26,0.21158854166666666,0.0
c29q1,1,12288,accurate,0.21565755208333334,26,0.21158854166666666,-0.004069010416666696
c29q2,1,12288,accurate,1.46484375,180,1.46484375,0.0
c29q3,1,12288,accurate,1.1800130208333335,145,1.1800130208333333,0.0
c29q4,1,12288,accurate,0.20751953125,25,0.20345052083333334,-0.004069010416666652
c30q0,1,12288,accurate,0.004069010416666666,0,0.0,-0.004069010416666666
c30q1,1,12288,accurate,0.06103515625,7,0.056966145833333336,-0.004069010416666663
c30q2,1,12288,accurate,0.4536946614583333,55,0.4475911458333333,-0.006103515625
c30q3,1,12288,accurate,1.4302571614583335,175,1.4241536458333333,-0.006103515625
c30q4,1,12288,accurate,4.901123046875,602,4.899088541666667,-0.0020345052083335646
c31q0,1,12288,accurate,0.010172526041666668,1,0.008138020833333334,-0.0020345052083333356
c31q1,1,12288,accurate,0.11189778645833333,13,0.10579427083333333,-0.006103515625
c31q2,1,12288,accurate,0.25431315104166663,31,0.2522786458333333,-0.0020345052083333044
c31q3,1,12288,accurate,0.189208984375,23,0.18717447916666666,-0.002034505208333326
c31q4,1,12288,accurate,0.20751953125,25,0.20345052083333334,-0.004069010416666652
c32q0,1,12288,accurate,0.29703776041666663,36,0.29296875,-0.004069010416666652
c32q1,1,12288,accurate,1.1942545572916665,146,1.1881510416666667,-0.006103515625
c32q2,1,12288,accurate,2.012125651041667,247,2.0100911458333335,-0.0020345052083335646
c32q3,1,12288,accurate,2.74658203125,337,2.7425130208333335,-0.004069010416666782
c32q4,1,12288,accurate,2.028401692708333,249,2.0263671875,-0.0020345052083332177
c33q0,1,12288,accurate,0.01220703125,1,0.008138020833333334,-0.004069010416666667
c33q1,1,12288,accurate,0.16072591145833331,19,0.15462239583333334,-0.006103515625
c33q2,1,12288,accurate,0.11800130208333333,14,0.11393229166666667,-0.004069010416666652
c33q3,1,12288,accurate,0.4618326822916667,56,0.4557291666666667,-0.006103515625
c33q4,1,12288,accurate,0.299072265625,36,0.29296875,-0.006103515625
c34q0,1,12288,accurate,0.008138020833333332,1,0.008138020833333334,0.0
c34q1,1,12288,accurate,0.28889973958333337,35,0.2848307291666667,-0.004069010416666696
c34q2,1,12288,accurate,0.050862630208333336,6,0.048828125,-0.002034505208333337
c34q3,1,12288,accurate,0.22989908854166666,28,0.22786458333333334,-0.0020345052083333044
c34q4,1,12288,accurate,0.03255208333333333,4,0.032552083333333336,0.0
c35q0,1,12288,accurate,0.026448567708333332,3,0.0244140625,-0.0020345052083333313
c35q1,1,12288,accurate,0.6306966145833333,77,0.6266276041666666,-0.004069010416666609
c35q2,1,12288,accurate,0.433349609375,53,0.4313151041666667,-0.0020345052083333044
c35q3,1,12288,accurate,0.15462239583333331,19,0.15462239583333334,0.0
c35q4,1,12288,accurate,0.27058919270833337,33,0.2685546875,-0.002034505208333348
c36q0,1,12288,accurate,0.03865559895833333,4,0.032552083333333336,-0.006103515625
c36q1,1,12288,accurate,0.18107096354166669,22,0.17903645833333334,-0.002034505208333348
c36q2,1,12288,accurate,0.13834635416666669,17,0.13834635416666666,0.0
c36q3,1,12288,accurate,0.25227864583333337,31,0.2522786458333333,0.0
c36q4,1,12288,accurate,0.030517578125,3,0.0244140625,-0.006103515625
c37q0,1,12288,accurate,0.07527669270833334,9,0.0732421875,-0.002034505208333337
c37q1,1,12288,accurate,0.08748372395833334,10,0.08138020833333333,-0.006103515625
c37q2,1,12288,accurate,0.8443196614583334,103,0.8382161458333334,-0.006103515625
c37q3,1,12288,accurate,2.242024739583333,275,2.2379557291666665,-0.004069010416666435
c37q4,1,12288,accurate,0.38045247395833337,46,0.3743489583333333,-0.006103515625
c38q0,1,12288,accurate,0.12003580729166667,14,0.11393229166666667,-0.006103515625
c38q1,1,12288,accurate,0.5147298177083333,63,0.5126953125,-0.0020345052083333044
c38q2,1,12288,accurate,1.9287109375,237,1.9287109375,0.0
c38q3,1,12288,accurate,0.4048665364583333,49,0.3987630208333333,-0.006103515625
c38q4,1,12288,accurate,0.69580078125,85,0.6917317708333334,-0.004069010416666696
c39q0,1,12288,accurate,0.016276041666666664,2,0.016276041666666668,0.0
c39q1,1,12288,accurate,0.08138020833333334,10,0.08138020833333333,0.0
c39q2,1,12288,accurate,0.7792154947916667,95,0.7731119791666666,-0.006103515625
c39q3,1,12288,accurate,0.726318359375,89,0.7242838541666666,-0.0020345052083333044
c39q4,1,12288,accurate,0.17903645833333331,22,0.17903645833333334,0.0
c00q0,1,12288,legacy_sequential,0.004069010416666666,0,0.0,-0.004069010416666666
c00q1,1,12288,legacy_sequential,0.4191080729166667,51,0.4150390625,-0.004069010416666696
c00q2,1,12288,legacy_sequential,1.89208984375,232,1.8880208333333333,-0.004069010416666782
c00q3,1,12288,legacy_sequential,0.11800130208333333,14,0.11393229166666667,-0.004069010416666652
c00q4,1,12288,legacy_sequential,0.21769205729166666,26,0.21158854166666666,-0.006103515625
c01q0,1,12288,legacy_sequential,0.4557291666666667,56,0.4557291666666667,0.0
c01q1,1,12288,legacy_sequential,0.433349609375,53,0.4313151041666667,-0.0020345052083333044
c01q2,1,12288,legacy_sequential,0.6368001302083333,78,0.634765625,-0.0020345052083333044
c01q3,1,12288,legacy_sequential,1.0457356770833335,128,1.0416666666666667,-0.004069010416666782
c01q4,1,12288,legacy_sequential,1.141357421875,140,1.1393229166666667,-0.002034505208333391
c02q0,1,12288,legacy_sequential,0.004069010416666666,0,0.0,-0.004069010416666666
c02q1,1,12288,legacy_sequential,0.028483072916666668,3,0.0244140625,-0.004069010416666669
c02q2,1,12288,legacy_sequential,0.15869140625,19,0.15462239583333334,-0.004069010416666674
c02q3,1,12288,legacy_sequential,0.1953125,24,0.1953125,0.0
c02q4,1,12288,legacy_sequential,0.20751953125,25,0.20345052083333334,-0.004069010416666652
c03q0,1,12288,legacy_sequential,0.06917317708333334,8,0.06510416666666667,-0.004069010416666674
c03q1,1,12288,legacy_sequential,0.4923502604166667,60,0.48828125,-0.004069010416666696
c03q2,1,12288,legacy_sequential,0.4313151041666667,53,0.4313151041666667,0.0
c03q3,1,12288,legacy_sequential,1.116943359375,137,1.1149088541666667,-0.002034505208333391
c03q4,1,12288,legacy_sequential,0.31534830729166663,38,0.3092447916666667,-0.006103515625
c04q0,1,12288,legacy_sequential,0.004069010416666666,0,0.0,-0.004069010416666666
c04q1,1,12288,legacy_sequential,0.4191080729166667,51,0.4150390625,-0.004069010416666696
c04q2,1,12288,legacy_sequential,0.24210611979166666,29,0.23600260416666666,-0.006103515625
c04q3,1,12288,legacy_sequential,0.311279296875,38,0.3092447916666667,-0.002034505208333348
c04q4,1,12288,legacy_sequential,0.067138671875,8,0.06510416666666667,-0.002034505208333337
c05q0,1,12288,legacy_sequential,0.010172526041666668,1,0.008138020833333334,-0.0020345052083333356
c05q1,1,12288,legacy_sequential,0.03458658854166667,4,0.032552083333333336,-0.002034505208333337
c05q2,1,12288,legacy_sequential,0.5696614583333333,70,0.5696614583333334,0.0
c05q3,1,12288,legacy_sequential,0.469970703125,57,0.4638671875,-0.006103515625
c05q4,1,12288,legacy_sequential,1.7049153645833333,209,1.7008463541666667,-0.004069010416666435
c06q0,1,12288,legacy_sequential,0.004069010416666666,0,0.0,-0.004069010416666666
c06q1,1,12288,legacy_sequential,0.026448567708333332,3,0.0244140625,-0.0020345052083333313
c06q2,1,12288,legacy_sequential,0.30721028645833337,37,0.3011067708333333,-0.006103515625
c06q3,1,12288,legacy_sequential,0.9745279947916666,119,0.9684244791666666,-0.006103515625
c06q4,1,12288,legacy_sequential,0.335693359375,41,0.3336588541666667,-0.002034505208333348
c07q0,1,12288,legacy_sequential,0.04679361979166667,5,0.040690104166666664,-0.006103515625
c07q1,1,12288,legacy_sequential,0.115966796875,14,0.11393229166666667,-0.002034505208333326
c07q2,1,12288,legacy_sequential,0.286865234375,35,0.2848307291666667,-0.002034505208333348
c07q3,1,12288,legacy_sequential,0.7731119791666667,95,0.7731119791666666,0.0
c07q4,1,12288,legacy_sequential,0.103759765625,12,0.09765625,-0.006103515625
c08q0,1,12288,legacy_sequential,0.008138020833333332,1,0.008138020833333334,0.0
c08q1,1,12288,legacy_sequential,0.010172526041666668,1,0.008138020833333334,-0.0020345052083333356
c08q2,1,12288,legacy_sequential,0.28076171875,34,0.2766927083333333,-0.004069010416666652
c08q3,1,12288,legacy_sequential,0.52490234375,64,0.5208333333333334,-0.004069010416666696
c08q4,1,12288,legacy_sequential,0.020345052083333336,2,0.016276041666666668,-0.004069010416666671
c09q0,1,12288,legacy_sequential,0.016276041666666664,2,0.016276041666666668,0.0
c09q1,1,12288,legacy_sequential,0.11189778645833333,13,0.10579427083333333,-0.006103515625
c09q2,1,12288,legacy_sequential,0.11800130208333333,14,0.11393229166666667,-0.004069010416666652
c09q3,1,12288,legacy_sequential,0.653076171875,80,0.6510416666666666,-0.0020345052083333044
c09q4,1,12288,legacy_sequential,0.01220703125,1,0.008138020833333334,-0.004069010416666667
c10q0,1,12288,legacy_sequential,0.026448567708333332,3,0.0244140625,-0.0020345052083333313
c10q1,1,12288,legacy_sequential,0.33772786458333337,41,0.3336588541666667,-0.004069010416666696
c10q2,1,12288,legacy_sequential,0.7303873697916667,89,0.7242838541666666,-0.006103515625
c10q3,1,12288,legacy_sequential,0.15055338541666669,18,0.146484375,-0.004069010416666674
c10q4,1,12288,legacy_sequential,0.018310546875,2,0.016276041666666668,-0.0020345052083333343
c11q0,1,12288,legacy_sequential,0.004069010416666666,0,0.0,-0.004069010416666666
c11q1,1,12288,legacy_sequential,0.11189778645833333,13,0.10579427083333333,-0.006103515625
c11q2,1,12288,legacy_sequential,1.0355631510416665,127,1.0335286458333333,-0.0020345052083332177
c11q3,1,12288,legacy_sequential,0.14444986979166669,17,0.13834635416666666,-0.006103515625
c11q4,1,12288,legacy_sequential,0.028483072916666668,3,0.0244140625,-0.004069010416666669
c12q0,1,12288,legacy_sequential,0.03865559895833333,4,0.032552083333333336,-0.006103515625
c12q1,1,12288,legacy_sequential,1.0579427083333335,130,1.0579427083333333,0.0
c12q2,1,12288,legacy_sequential,0.19938151041666666,24,0.1953125,-0.004069010416666652
c12q3,1,12288,legacy_sequential,1.2898763020833335,158,1.2858072916666667,-0.004069010416666782
c12q4,1,12288,legacy_sequential,0.056966145833333336,7,0.056966145833333336,0.0
c13q0,1,12288,legacy_sequential,0.008138020833333332,1,0.008138020833333334,0.0
c13q1,1,12288,legacy_sequential,0.5452473958333333,67,0.5452473958333334,0.0
c13q2,1,12288,legacy_sequential,0.37027994791666663,45,0.3662109375,-0.004069010416666652
c13q3,1,12288,legacy_sequential,4.121907552083334,506,4.117838541666667,-0.004069010416667129
c13q4,1,12288,legacy_sequential,0.9989420572916666,122,0.9928385416666666,-0.006103515625
c14q0,1,12288,legacy_sequential,0.32145182291666663,39,0.3173828125,-0.004069010416666652
c14q1,1,12288,legacy_sequential,1.47705078125,181,1.4729817708333333,-0.004069010416666609
c14q2,1,12288,legacy_sequential,0.360107421875,44,0.3580729166666667,-0.002034505208333348
c14q3,1,12288,legacy_sequential,2.201334635416667,270,2.197265625,-0.004069010416666782
c14q4,1,12288,legacy_sequential,0.103759765625,12,0.09765625,-0.006103515625
c15q0,1,12288,legacy_sequential,0.018310546875,2,0.016276041666666668,-0.0020345052083333343
c15q1,1,12288,legacy_sequential,0.38045247395833337,46,0.3743489583333333,-0.006103515625
c15q2,1,12288,legacy_sequential,0.665283203125,81,0.6591796875,-0.006103515625
c15q3,1,12288,legacy_sequential,0.17293294270833331,21,0.1708984375,-0.002034505208333326
c15q4,1,12288,legacy_sequential,0.4048665364583333,49,0.3987630208333333,-0.006103515625
c16q0,1,12288,legacy_sequential,0.018310546875,2,0.016276041666666668,-0.0020345052083333343
c16q1,1,12288,legacy_sequential,0.1220703125,15,0.1220703125,0.0
c16q2,1,12288,legacy_sequential,0.5086263020833333,62,0.5045572916666666,-0.004069010416666609
c16q3,1,12288,legacy_sequential,1.5401204427083335,189,1.5380859375,-0.002034505208333391
c16q4,1,12288,legacy_sequential,0.1220703125,15,0.1220703125,0.0
c17q0,1,12288,legacy_sequential,0.20751953125,25,0.20345052083333334,-0.004069010416666652
c17q1,1,12288,legacy_sequential,0.4597981770833333,56,0.4557291666666667,-0.004069010416666609
c17q2,1,12288,legacy_sequential,1.4912923177083335,183,1.4892578125,-0.002034505208333391
c17q3,1,12288,legacy_sequential,0.653076171875,80,0.6510416666666666,-0.0020345052083333044
c17q4,1,12288,legacy_sequential,0.13631184895833331,16,0.13020833333333334,-0.006103515625
c18q0,1,12288,legacy_sequential,0.0244140625,3,0.0244140625,0.0
c18q1,1,12288,legacy_sequential,0.13427734375,16,0.13020833333333334,-0.004069010416666674
c18q2,1,12288,legacy_sequential,0.6388346354166667,78,0.634765625,-0.004069010416666696
c18q3,1,12288,legacy_sequential,0.37434895833333337,46,0.3743489583333333,0.0
c18q4,1,12288,legacy_sequential,0.03865559895833333,4,0.032552083333333336,-0.006103515625
c19q0,1,12288,legacy_sequential,0.01220703125,1,0.008138020833333334,-0.004069010416666667
c19q1,1,12288,legacy_sequential,0.1220703125,15,0.1220703125,0.0
c19q2,1,12288,legacy_sequential,0.20751953125,25,0.20345052083333334,-0.004069010416666652
c19q3,1,12288,legacy_sequential,0.19124348958333331,23,0.18717447916666666,-0.004069010416666652
c19q4,1,12288,legacy_sequential,0.03255208333333333,4,0.032552083333333336,0.0
c20q0,1,12288,legacy_sequential,0.020345052083333336,2,0.016276041666666668,-0.004069010416666671
c20q1,1,12288,legacy_sequential,0.25634765625,31,0.2522786458333333,-0.004069010416666652
c20q2,1,12288,legacy_sequential,0.24007161458333334,29,0.23600260416666666,-0.004069010416666696
c20q3,1,12288,legacy_sequential,0.28076171875,34,0.2766927083333333,-0.004069010416666652
c20q4,1,12288,legacy_sequential,0.152587890625,18,0.146484375,-0.006103515625
c21q0,1,12288,legacy_sequential,0.050862630208333336,6,0.048828125,-0.002034505208333337
c21q1,1,12288,legacy_sequential,0.09358723958333334,11,0.08951822916666667,-0.004069010416666674
c21q2,1,12288,legacy_sequential,1.5279134114583335,187,1.5218098958333333,-0.006103515625
c21q3,1,12288,legacy_sequential,0.3662109375,45,0.3662109375,0.0
c21q4,1,12288,legacy_sequential,0.213623046875,26,0.21158854166666666,-0.002034505208333348
c22q0,1,12288,legacy_sequential,0,0,0.0,0.0
c22q1,1,12288,legacy_sequential,0.016276041666666664,2,0.016276041666666668,0.0
c22q2,1,12288,legacy_sequential,0.08138020833333334,10,0.08138020833333333,0.0
c22q3,1,12288,legacy_sequential,0.08951822916666666,11,0.08951822916666667,0.0
c22q4,1,12288,legacy_sequential,0.067138671875,8,0.06510416666666667,-0.002034505208333337
c23q0,1,12288,legacy_sequential,0.07731119791666666,9,0.0732421875,-0.004069010416666663
c23q1,1,12288,legacy_sequential,0.811767578125,99,0.8056640625,-0.006103515625
c23q2,1,12288,legacy_sequential,1.0030110677083335,123,1.0009765625,-0.002034505208333391
c23q3,1,12288,legacy_sequential,0.3926595052083333,48,0.390625,-0.0020345052083333044
c23q4,1,12288,legacy_sequential,0.164794921875,20,0.16276041666666666,-0.002034505208333326
c24q0,1,12288,legacy_sequential,0.30721028645833337,37,0.3011067708333333,-0.006103515625
c24q1,1,12288,legacy_sequential,0.1953125,24,0.1953125,0.0
c24q2,1,12288,legacy_sequential,0.8036295572916666,98,0.7975260416666666,-0.006103515625
c24q3,1,12288,legacy_sequential,0.36824544270833337,45,0.3662109375,-0.002034505208333348
c24q4,1,12288,legacy_sequential,0.4557291666666667,56,0.4557291666666667,0.0
c25q0,1,12288,legacy_sequential,0.5900065104166667,72,0.5859375,-0.004069010416666696
c25q1,1,12288,legacy_sequential,0.8870442708333334,109,0.8870442708333334,0.0
c25q2,1,12288,legacy_sequential,1.4892578125,183,1.4892578125,0.0
c25q3,1,12288,legacy_sequential,0.9806315104166666,120,0.9765625,-0.004069010416666609
c25q4,1,12288,legacy_sequential,0.4191080729166667,51,0.4150390625,-0.004069010416666696
c26q0,1,12288,legacy_sequential,0.12003580729166667,14,0.11393229166666667,-0.006103515625
c26q1,1,12288,legacy_sequential,0.5350748697916667,65,0.5289713541666666,-0.006103515625
c26q2,1,12288,legacy_sequential,0.640869140625,78,0.634765625,-0.006103515625
c26q3,1,12288,legacy_sequential,0.4048665364583333,49,0.3987630208333333,-0.006103515625
c26q4,1,12288,legacy_sequential,0.6083170572916667,74,0.6022135416666666,-0.006103515625
c27q0,1,12288,legacy_sequential,0.006103515625,0,0.0,-0.006103515625
c27q1,1,12288,legacy_sequential,0.020345052083333336,2,0.016276041666666668,-0.004069010416666671
c27q2,1,12288,legacy_sequential,0.08748372395833334,10,0.08138020833333333,-0.006103515625
c27q3,1,12288,legacy_sequential,0.056966145833333336,7,0.056966145833333336,0.0
c27q4,1,12288,legacy_sequential,0.052897135416666664,6,0.048828125,-0.004069010416666663
c28q0,1,12288,legacy_sequential,0.04069010416666667,5,0.040690104166666664,0.0
c28q1,1,12288,legacy_sequential,1.0782877604166665,132,1.07421875,-0.004069010416666609
c28q2,1,12288,legacy_sequential,1.3895670572916665,170,1.3834635416666667,-0.006103515625
c28q3,1,12288,legacy_sequential,2.699788411458333,331,2.6936848958333335,-0.006103515625
c28q4,1,12288,legacy_sequential,5.417887369791666,746,6.070963541666667,0.653076171875
c29q0,1,12288,legacy_sequential,0.21158854166666666,26,0.21158854166666666,0.0
c29q1,1,12288,legacy_sequential,0.21565755208333334,26,0.21158854166666666,-0.004069010416666696
c29q2,1,12288,legacy_sequential,1.46484375,180,1.46484375,0.0
c29q3,1,12288,legacy_sequential,1.1800130208333335,145,1.1800130208333333,0.0
c29q4,1,12288,legacy_sequential,0.20751953125,25,0.20345052083333334,-0.004069010416666652
c30q0,1,12288,legacy_sequential,0.004069010416666666,0,0.0,-0.004069010416666666
c30q1,1,12288,legacy_sequential,0.06103515625,7,0.056966145833333336,-0.004069010416666663
c30q2,1,12288,legacy_sequential,0.4536946614583333,55,0.4475911458333333,-0.006103515625
c30q3,1,12288,legacy_sequential,1.4302571614583335,175,1.4241536458333333,-0.006103515625
c30q4,1,12288,legacy_sequential,4.901123046875,602,4.899088541666667,-0.0020345052083335646
c31q0,1,12288,legacy_sequential,0.010172526041666668,1,0.008138020833333334,-0.0020345052083333356
c31q1,1,12288,legacy_sequential,0.11189778645833333,13,0.10579427083333333,-0.006103515625
c31q2,1,12288,legacy_sequential,0.25431315104166663,31,0.2522786458333333,-0.0020345052083333044
c31q3,1,12288,legacy_sequential,0.189208984375,23,0.18717447916666666,-0.002034505208333326
c31q4,1,12288,legacy_sequential,0.20751953125,25,0.20345052083333334,-0.004069010416666652
c32q0,1,12288,legacy_sequential,0.29703776041666663,36,0.29296875,-0.004069010416666652
c32q1,1,12288,legacy_sequential,1.1942545572916665,146,1.1881510416666667,-0.006103515625
c32q2,1,12288,legacy_sequential,2.012125651041667,247,2.0100911458333335,-0.0020345052083335646
c32q3,1,12288,legacy_sequential,2.74658203125,337,2.7425130208333335,-0.004069010416666782
c32q4,1,12288,legacy_sequential,2.028401692708333,249,2.0263671875,-0.0020345052083332177
c33q0,1,12288,legacy_sequential,0.01220703125,1,0.008138020833333334,-0.004069010416666667
c33q1,1,12288,legacy_sequential,0.16072591145833331,19,0.15462239583333334,-0.006103515625
c33q2,1,12288,legacy_sequential,0.11800130208333333,14,0.11393229166666667,-0.004069010416666652
c33q3,1,12288,legacy_sequential,0.4618326822916667,56,0.4557291666666667,-0.006103515625
c33q4,1,12288,legacy_sequential,0.299072265625,36,0.29296875,-0.006103515625
c34q0,1,12288,legacy_sequential,0.008138020833333332,1,0.008138020833333334,0.0
c34q1,1,12288,legacy_sequential,0.28889973958333337,35,0.2848307291666667,-0.004069010416666696
c34q2,1,12288,legacy_sequential,0.050862630208333336,6,0.048828125,-0.002034505208333337
c34q3,1,12288,legacy_sequential,0.22989908854166666,28,0.22786458333333334,-0.0020345052083333044
c34q4,1,12288,legacy_sequential,0.03255208333333333,4,0.032552083333333336,0.0
c35q0,1,12288,legacy_sequential,0.026448567708333332,3,0.0244140625,-0.0020345052083333313
c35q1,1,12288,legacy_sequential,0.6306966145833333,77,0.6266276041666666,-0.004069010416666609
c35q2,1,12288,legacy_sequential,0.433349609375,53,0.4313151041666667,-0.0020345052083333044
c35q3,1,12288,legacy_sequential,0.15462239583333331,19,0.15462239583333334,0.0
c35q4,1,12288,legacy_sequential,0.27058919270833337,33,0.2685546875,-0.002034505208333348
c36q0,1,12288,legacy_sequential,0.03865559895833333,4,0.032552083333333336,-0.006103515625
c36q1,1,12288,legacy_sequential,0.18107096354166669,22,0.17903645833333334,-0.002034505208333348
c36q2,1,12288,legacy_sequential,0.13834635416666669,17,0.13834635416666666,0.0
c36q3,1,12288,legacy_sequential,0.25227864583333337,31,0.2522786458333333,0.0
c36q4,1,12288,legacy_sequential,0.030517578125,3,0.0244140625,-0.006103515625
c37q0,1,12288,legacy_sequential,0.07527669270833334,9,0.0732421875,-0.002034505208333337
c37q1,1,12288,legacy_sequential,0.08748372395833334,10,0.08138020833333333,-0.006103515625
c37q2,1,12288,legacy_sequential,0.8443196614583334,103,0.8382161458333334,-0.006103515625
c37q3,1,12288,legacy_sequential,2.242024739583333,275,2.2379557291666665,-0.004069010416666435
c37q4,1,12288,legacy_sequential,0.38045247395833337,46,0.3743489583333333,-0.006103515625
c38q0,1,12288,legacy_sequential,0.12003580729166667,14,0.11393229166666667,-0.006103515625
c38q1,1,12288,legacy_sequential,0.5147298177083333,63,0.5126953125,-0.0020345052083333044
c38q2,1,12288,legacy_sequential,1.9287109375,237,1.9287109375,0.0
c38q3,1,12288,legacy_sequential,0.4048665364583333,49,0.3987630208333333,-0.006103515625
c38q4,1,12288,legacy_sequential,0.69580078125,85,0.6917317708333334,-0.004069010416666696
c39q0,1,12288,legacy_sequential,0.016276041666666664,2,0.016276041666666668,0.0
c39q1,1,12288,legacy_sequential,0.08138020833333334,10,0.08138020833333333,0.0
c39q2,1,12288,legacy_sequential,0.7792154947916667,95,0.7731119791666666,-0.006103515625
c39q3,1,12288,legacy_sequential,0.726318359375,89,0.7242838541666666,-0.0020345052083333044
c39q4,1,12288,legacy_sequential,0.17903645833333331,22,0.17903645833333334,0.0
c00q0,2,12288,accurate,0.002034505208333333,0,0.0,-0.002034505208333333
c00q1,2,12288,accurate,0.16072591145833331,19,0.15462239583333334,-0.006103515625
c00q2,2,12288,accurate,1.3285319010416665,163,1.3264973958333333,-0.0020345052083332177
c00q3,2,12288,accurate,0.091552734375,11,0.08951822916666667,-0.002034505208333337
c00q4,2,12288,accurate,0.22176106770833334,27,0.2197265625,-0.002034505208333348
c01q0,2,12288,accurate,0.11393229166666667,14,0.11393229166666667,0.0
c01q1,2,12288,accurate,0.19938151041666666,24,0.1953125,-0.004069010416666652
c01q2,2,12288,accurate,0.26448567708333337,32,0.2604166666666667,-0.004069010416666696
c01q3,2,12288,accurate,0.6449381510416667,79,0.6429036458333334,-0.002034505208333391
c01q4,2,12288,accurate,1.0965983072916665,134,1.0904947916666667,-0.006103515625
c02q0,2,12288,accurate,0.004069010416666666,0,0.0,-0.004069010416666666
c02q1,2,12288,accurate,0.07731119791666666,9,0.0732421875,-0.004069010416666663
c02q2,2,12288,accurate,0.262451171875,32,0.2604166666666667,-0.002034505208333348
c02q3,2,12288,accurate,0.07120768229166666,8,0.06510416666666667,-0.006103515625
c02q4,2,12288,accurate,0.13427734375,16,0.13020833333333334,-0.004069010416666674
c03q0,2,12288,accurate,0.04069010416666667,5,0.040690104166666664,0.0
c03q1,2,12288,accurate,0.6144205729166667,75,0.6103515625,-0.004069010416666696
c03q2,2,12288,accurate,0.7222493489583333,88,0.7161458333333334,-0.006103515625
c03q3,2,12288,accurate,1.15966796875,142,1.1555989583333333,-0.004069010416666609
c03q4,2,12288,accurate,0.244140625,30,0.244140625,0.0
c04q0,2,12288,accurate,0.004069010416666666,0,0.0,-0.004069010416666666
c04q1,2,12288,accurate,0.20955403645833334,25,0.20345052083333334,-0.006103515625
c04q2,2,12288,accurate,0.103759765625,12,0.09765625,-0.006103515625
c04q3,2,12288,accurate,0.11189778645833333,13,0.10579427083333333,-0.006103515625
c04q4,2,12288,accurate,0.016276041666666664,2,0.016276041666666668,0.0
c05q0,2,12288,accurate,0.010172526041666668,1,0.008138020833333334,-0.0020345052083333356
c05q1,2,12288,accurate,0.079345703125,9,0.0732421875,-0.006103515625
c05q2,2,12288,accurate,0.7771809895833333,95,0.7731119791666666,-0.004069010416666609
c05q3,2,12288,accurate,0.48828125,60,0.48828125,0.0
c05q4,2,12288,accurate,2.567545572916667,315,2.5634765625,-0.004069010416666782
c06q0,2,12288,accurate,0.004069010416666666,0,0.0,-0.004069010416666666
c06q1,2,12288,accurate,0.006103515625,0,0.0,-0.006103515625
c06q2,2,12288,accurate,0.4374186197916667,53,0.4313151041666667,-0.006103515625
c06q3,2,12288,accurate,0.4536946614583333,55,0.4475911458333333,-0.006103515625
c06q4,2,12288,accurate,0.1953125,24,0.1953125,0.0
c07q0,2,12288,accurate,0.016276041666666664,2,0.016276041666666668,0.0
c07q1,2,12288,accurate,0.08341471354166666,10,0.08138020833333333,-0.002034505208333326
c07q2,2,12288,accurate,0.4903157552083333,60,0.48828125,-0.0020345052083333044
c07q3,2,12288,accurate,0.8992513020833334,110,0.8951822916666666,-0.004069010416666782
c07q4,2,12288,accurate,0.048828125,6,0.048828125,0.0
c08q0,2,12288,accurate,0.006103515625,0,0.0,-0.006103515625
c08q1,2,12288,accurate,0.010172526041666668,1,0.008138020833333334,-0.0020345052083333356
c08q2,2,12288,accurate,0.22379557291666666,27,0.2197265625,-0.004069010416666652
c08q3,2,12288,accurate,0.5940755208333333,73,0.5940755208333334,0.0
c08q4,2,12288,accurate,0.03865559895833333,4,0.032552083333333336,-0.006103515625
c09q0,2,12288,accurate,0.128173828125,15,0.1220703125,-0.006103515625
c09q1,2,12288,accurate,0.08341471354166666,10,0.08138020833333333,-0.002034505208333326
c09q2,2,12288,accurate,0.30110677083333337,37,0.3011067708333333,0.0
c09q3,2,12288,accurate,0.213623046875,26,0.21158854166666666,-0.002034505208333348
c09q4,2,12288,accurate,0.020345052083333336,2,0.016276041666666668,-0.004069010416666671
c10q0,2,12288,accurate,0.008138020833333332,1,0.008138020833333334,0.0
c10q1,2,12288,accurate,0.30924479166666663,38,0.3092447916666667,0.0
c10q2,2,12288,accurate,0.7954915364583334,97,0.7893880208333334,-0.006103515625
c10q3,2,12288,accurate,0.07731119791666666,9,0.0732421875,-0.004069010416666663
c10q4,2,12288,accurate,0.07731119791666666,9,0.0732421875,-0.004069010416666663
c11q0,2,12288,accurate,0.004069010416666666,0,0.0,-0.004069010416666666
c11q1,2,12288,accurate,0.067138671875,8,0.06510416666666667,-0.002034505208333337
c11q2,2,12288,accurate,0.5167643229166667,63,0.5126953125,-0.004069010416666696
c11q3,2,12288,accurate,0.27262369791666663,33,0.2685546875,-0.004069010416666652
c11q4,2,12288,accurate,0.008138020833333332,1,0.008138020833333334,0.0
c12q0,2,12288,accurate,0.004069010416666666,0,0.0,-0.004069010416666666
c12q1,2,12288,accurate,1.617431640625,198,1.611328125,-0.006103515625
c12q2,2,12288,accurate,0.2197265625,27,0.2197265625,0.0
c12q3,2,12288,accurate,1.5177408854166665,186,1.513671875,-0.004069010416666609
c12q4,2,12288,accurate,0.052897135416666664,6,0.048828125,-0.004069010416666663
c13q0,2,12288,accurate,0.004069010416666666,0,0.0,-0.004069010416666666
c13q1,2,12288,accurate,0.8931477864583334,109,0.8870442708333334,-0.006103515625
c13q2,2,12288,accurate,0.5900065104166667,72,0.5859375,-0.004069010416666696
c13q3,2,12288,accurate,3.9143880208333335,481,3.9143880208333335,0.0
c13q4,2,12288,accurate,1.153564453125,141,1.1474609375,-0.006103515625
c14q0,2,12288,accurate,0.056966145833333336,7,0.056966145833333336,0.0
c14q1,2,12288,accurate,1.1149088541666665,137,1.1149088541666667,0.0
c14q2,2,12288,accurate,0.457763671875,56,0.4557291666666667,-0.0020345052083333044
c14q3,2,12288,accurate,1.3346354166666665,164,1.3346354166666667,0.0
c14q4,2,12288,accurate,0.10782877604166667,13,0.10579427083333333,-0.002034505208333348
c15q0,2,12288,accurate,0.03458658854166667,4,0.032552083333333336,-0.002034505208333337
c15q1,2,12288,accurate,0.31534830729166663,38,0.3092447916666667,-0.006103515625
c15q2,2,12288,accurate,0.5716959635416667,70,0.5696614583333334,-0.002034505208333391
c15q3,2,12288,accurate,0.10579427083333333,13,0.10579427083333333,0.0
c15q4,2,12288,accurate,0.18513997395833331,22,0.17903645833333334,-0.006103515625
c16q0,2,12288,accurate,0.09765625,12,0.09765625,0.0
c16q1,2,12288,accurate,0.18107096354166669,22,0.17903645833333334,-0.002034505208333348
c16q2,2,12288,accurate,0.3946940104166667,48,0.390625,-0.004069010416666696
c16q3,2,12288,accurate,1.3773600260416665,169,1.3753255208333333,-0.0020345052083332177
c16q4,2,12288,accurate,0.1708984375,21,0.1708984375,0.0
c17q0,2,12288,accurate,0.311279296875,38,0.3092447916666667,-0.002034505208333348
c17q1,2,12288,accurate,0.25431315104166663,31,0.2522786458333333,-0.0020345052083333044
c17q2,2,12288,accurate,0.8015950520833334,98,0.7975260416666666,-0.004069010416666782
c17q3,2,12288,accurate,1.1332194010416665,139,1.1311848958333333,-0.0020345052083332177
c17q4,2,12288,accurate,0.11393229166666667,14,0.11393229166666667,0.0
c18q0,2,12288,accurate,0.03662109375,4,0.032552083333333336,-0.004069010416666669
c18q1,2,12288,accurate,0.238037109375,29,0.23600260416666666,-0.002034505208333348
c18q2,2,12288,accurate,0.48828125,60,0.48828125,0.0
c18q3,2,12288,accurate,0.15665690104166669,19,0.15462239583333334,-0.002034505208333348
c18q4,2,12288,accurate,0.22786458333333334,28,0.22786458333333334,0.0
c19q0,2,12288,accurate,0.09765625,12,0.09765625,0.0
c19q1,2,12288,accurate,0.091552734375,11,0.08951822916666667,-0.002034505208333337
c19q2,2,12288,accurate,0.16072591145833331,19,0.15462239583333334,-0.006103515625
c19q3,2,12288,accurate,0.4374186197916667,53,0.4313151041666667,-0.006103515625
c19q4,2,12288,accurate,0.10579427083333333,13,0.10579427083333333,0.0
c20q0,2,12288,accurate,0.020345052083333336,2,0.016276041666666668,-0.004069010416666671
c20q1,2,12288,accurate,0.390625,48,0.390625,0.0
c20q2,2,12288,accurate,0.15665690104166669,19,0.15462239583333334,-0.002034505208333348
c20q3,2,12288,accurate,0.16072591145833331,19,0.15462239583333334,-0.006103515625
c20q4,2,12288,accurate,0.08341471354166666,10,0.08138020833333333,-0.002034505208333326
c21q0,2,12288,accurate,0.01220703125,1,0.008138020833333334,-0.004069010416666667
c21q1,2,12288,accurate,0.08748372395833334,10,0.08138020833333333,-0.006103515625
c21q2,2,12288,accurate,1.2776692708333335,157,1.2776692708333333,0.0
c21q3,2,12288,accurate,0.3987630208333333,49,0.3987630208333333,0.0
c21q4,2,12288,accurate,0.23193359375,28,0.22786458333333334,-0.004069010416666652
c22q0,2,12288,accurate,0,0,0.0,0.0
c22q1,2,12288,accurate,0.010172526041666668,1,0.008138020833333334,-0.0020345052083333356
c22q2,2,12288,accurate,0.04069010416666667,5,0.040690104166666664,0.0
c22q3,2,12288,accurate,0.03865559895833333,4,0.032552083333333336,-0.006103515625
c22q4,2,12288,accurate,0.04069010416666667,5,0.040690104166666664,0.0
c23q0,2,12288,accurate,0.050862630208333336,6,0.048828125,-0.002034505208333337
c23q1,2,12288,accurate,0.5635579427083333,69,0.5615234375,-0.0020345052083333044
c23q2,2,12288,accurate,0.714111328125,87,0.7080078125,-0.006103515625
c23q3,2,12288,accurate,0.24210611979166666,29,0.23600260416666666,-0.006103515625
c23q4,2,12288,accurate,0.29093424479166663,35,0.2848307291666667,-0.006103515625
c24q0,2,12288,accurate,0.10782877604166667,13,0.10579427083333333,-0.002034505208333348
c24q1,2,12288,accurate,0.18310546875,22,0.17903645833333334,-0.004069010416666674
c24q2,2,12288,accurate,0.5533854166666667,68,0.5533854166666666,0.0
c24q3,2,12288,accurate,0.34383138020833337,42,0.341796875,-0.002034505208333348
c24q4,2,12288,accurate,0.18107096354166669,22,0.17903645833333334,-0.002034505208333348
c25q0,2,12288,accurate,0.4679361979166667,57,0.4638671875,-0.004069010416666696
c25q1,2,12288,accurate,0.9053548177083334,111,0.9033203125,-0.002034505208333391
c25q2,2,12288,accurate,1.74560546875,214,1.7415364583333333,-0.004069010416666782
c25q3,2,12288,accurate,0.7527669270833333,92,0.7486979166666666,-0.004069010416666609
c25q4,2,12288,accurate,0.9053548177083334,111,0.9033203125,-0.002034505208333391
c26q0,2,12288,accurate,0.06917317708333334,8,0.06510416666666667,-0.004069010416666674
c26q1,2,12288,accurate,0.8280436197916666,101,0.8219401041666666,-0.006103515625
c26q2,2,12288,accurate,0.311279296875,38,0.3092447916666667,-0.002034505208333348
c26q3,2,12288,accurate,0.4292805989583333,52,0.4231770833333333,-0.006103515625
c26q4,2,12288,accurate,0.848388671875,104,0.8463541666666666,-0.002034505208333391
c27q0,2,12288,accurate,0.004069010416666666,0,0.0,-0.004069010416666666
c27q1,2,12288,accurate,0.01220703125,1,0.008138020833333334,-0.004069010416666667
c27q2,2,12288,accurate,0.04679361979166667,5,0.040690104166666664,-0.006103515625
c27q3,2,12288,accurate,0.03662109375,4,0.032552083333333336,-0.004069010416666669
c27q4,2,12288,accurate,0.020345052083333336,2,0.016276041666666668,-0.004069010416666671
c28q0,2,12288,accurate,0.01220703125,1,0.008138020833333334,-0.004069010416666667
c28q1,2,12288,accurate,0.8321126302083334,102,0.830078125,-0.002034505208333391
c28q2,2,12288,accurate,0.9663899739583334,118,0.9602864583333334,-0.006103515625
c28q3,2,12288,accurate,4.225667317708334,519,4.2236328125,-0.0020345052083335646
c28q4,2,12288,accurate,5.320231119791666,653,5.314127604166667,-0.006103515625
c29q0,2,12288,accurate,0.7222493489583333,88,0.7161458333333334,-0.006103515625
c29q1,2,12288,accurate,0.31941731770833337,39,0.3173828125,-0.002034505208333348
c29q2,2,12288,accurate,1.3285319010416665,163,1.3264973958333333,-0.0020345052083332177
c29q3,2,12288,accurate,1.4933268229166665,183,1.4892578125,-0.004069010416666609
c29q4,2,12288,accurate,0.091552734375,11,0.08951822916666667,-0.002034505208333337
c30q0,2,12288,accurate,0.030517578125,3,0.0244140625,-0.006103515625
c30q1,2,12288,accurate,0.050862630208333336,6,0.048828125,-0.002034505208333337
c30q2,2,12288,accurate,0.6876627604166667,84,0.68359375,-0.004069010416666696
c30q3,2,12288,accurate,1.397705078125,171,1.3916015625,-0.006103515625
c30q4,2,12288,accurate,9.116617838541668,1198,9.749348958333334,0.6327311197916643
c31q0,2,12288,accurate,0.008138020833333332,1,0.008138020833333334,0.0
c31q1,2,12288,accurate,0.09562174479166666,11,0.08951822916666667,-0.006103515625
c31q2,2,12288,accurate,0.24007161458333334,29,0.23600260416666666,-0.004069010416666696
c31q3,2,12288,accurate,0.22176106770833334,27,0.2197265625,-0.002034505208333348
c31q4,2,12288,accurate,0.06917317708333334,8,0.06510416666666667,-0.004069010416666674
c32q0,2,12288,accurate,0.13631184895833331,16,0.13020833333333334,-0.006103515625
c32q1,2,12288,accurate,1.5177408854166665,186,1.513671875,-0.004069010416666609
c32q2,2,12288,accurate,1.3936360677083335,171,1.3916015625,-0.002034505208333391
c32q3,2,12288,accurate,3.4403483072916665,422,3.4342447916666665,-0.006103515625
c32q4,2,12288,accurate,1.5523274739583335,190,1.5462239583333333,-0.006103515625
c33q0,2,12288,accurate,0.006103515625,0,0.0,-0.006103515625
c33q1,2,12288,accurate,0.20751953125,25,0.20345052083333334,-0.004069010416666652
c33q2,2,12288,accurate,0.27872721354166663,34,0.2766927083333333,-0.0020345052083333044
c33q3,2,12288,accurate,0.396728515625,48,0.390625,-0.006103515625
c33q4,2,12288,accurate,0.3173828125,39,0.3173828125,0.0
c34q0,2,12288,accurate,0.006103515625,0,0.0,-0.006103515625
c34q1,2,12288,accurate,0.026448567708333332,3,0.0244140625,-0.0020345052083333313
c34q2,2,12288,accurate,0.030517578125,3,0.0244140625,-0.006103515625
c34q3,2,12288,accurate,0.10172526041666667,12,0.09765625,-0.004069010416666674
c34q4,2,12288,accurate,0.03662109375,4,0.032552083333333336,-0.004069010416666669
c35q0,2,12288,accurate,0.10986328125,13,0.10579427083333333,-0.004069010416666674
c35q1,2,12288,accurate,0.7161458333333333,88,0.7161458333333334,0.0
c35q2,2,12288,accurate,0.32145182291666663,39,0.3173828125,-0.004069010416666652
c35q3,2,12288,accurate,0.238037109375,29,0.23600260416666666,-0.002034505208333348
c35q4,2,12288,accurate,0.146484375,18,0.146484375,0.0
c36q0,2,12288,accurate,0.014241536458333334,1,0.008138020833333334,-0.006103515625000002
c36q1,2,12288,accurate,0.4292805989583333,52,0.4231770833333333,-0.006103515625
c36q2,2,12288,accurate,0.18717447916666669,23,0.18717447916666666,0.0
c36q3,2,12288,accurate,0.28279622395833337,34,0.2766927083333333,-0.006103515625
c36q4,2,12288,accurate,0.018310546875,2,0.016276041666666668,-0.0020345052083333343
c37q0,2,12288,accurate,0.04069010416666667,5,0.040690104166666664,0.0
c37q1,2,12288,accurate,0.10986328125,13,0.10579427083333333,-0.004069010416666674
c37q2,2,12288,accurate,0.6673177083333333,82,0.6673177083333334,0.0
c37q3,2,12288,accurate,1.3529459635416665,166,1.3509114583333333,-0.0020345052083332177
c37q4,2,12288,accurate,0.7059733072916667,86,0.6998697916666666,-0.006103515625
c38q0,2,12288,accurate,0.12003580729166667,14,0.11393229166666667,-0.006103515625
c38q1,2,12288,accurate,0.68359375,84,0.68359375,0.0
c38q2,2,12288,accurate,1.5482584635416665,190,1.5462239583333333,-0.0020345052083332177
c38q3,2,12288,accurate,0.34993489583333337,43,0.3499348958333333,0.0
c38q4,2,12288,accurate,0.970458984375,119,0.9684244791666666,-0.002034505208333391
c39q0,2,12288,accurate,0.018310546875,2,0.016276041666666668,-0.0020345052083333343
c39q1,2,12288,accurate,0.103759765625,12,0.09765625,-0.006103515625
c39q2,2,12288,accurate,0.494384765625,60,0.48828125,-0.006103515625
c39q3,2,12288,accurate,0.5533854166666667,68,0.5533854166666666,0.0
c39q4,2,12288,accurate,0.23396809895833334,28,0.22786458333333334,-0.006103515625
c00q0,2,12288,legacy_sequential,0.002034505208333333,0,0.0,-0.002034505208333333
c00q1,2,12288,legacy_sequential,0.16072591145833331,19,0.15462239583333334,-0.006103515625
c00q2,2,12288,legacy_sequential,1.3285319010416665,163,1.3264973958333333,-0.0020345052083332177
c00q3,2,12288,legacy_sequential,0.091552734375,11,0.08951822916666667,-0.002034505208333337
c00q4,2,12288,legacy_sequential,0.22176106770833334,27,0.2197265625,-0.002034505208333348
c01q0,2,12288,legacy_sequential,0.11393229166666667,13,0.10579427083333333,-0.008138020833333348
c01q1,2,12288,legacy_sequential,0.19938151041666666,24,0.1953125,-0.004069010416666652
c01q2,2,12288,legacy_sequential,0.26448567708333337,32,0.2604166666666667,-0.004069010416666696
c01q3,2,12288,legacy_sequential,0.6449381510416667,79,0.6429036458333334,-0.002034505208333391
c01q4,2,12288,legacy_sequential,1.0965983072916665,134,1.0904947916666667,-0.006103515625
c02q0,2,12288,legacy_sequential,0.004069010416666666,0,0.0,-0.004069010416666666
c02q1,2,12288,legacy_sequential,0.07731119791666666,9,0.0732421875,-0.004069010416666663
c02q2,2,12288,legacy_sequential,0.262451171875,32,0.2604166666666667,-0.002034505208333348
c02q3,2,12288,legacy_sequential,0.07120768229166666,8,0.06510416666666667,-0.006103515625
c02q4,2,12288,legacy_sequential,0.13427734375,16,0.13020833333333334,-0.004069010416666674
c03q0,2,12288,legacy_sequential,0.04069010416666667,4,0.032552083333333336,-0.008138020833333337
c03q1,2,12288,legacy_sequential,0.6144205729166667,75,0.6103515625,-0.004069010416666696
c03q2,2,12288,legacy_sequential,0.7222493489583333,88,0.7161458333333334,-0.006103515625
c03q3,2,12288,legacy_sequential,1.15966796875,142,1.1555989583333333,-0.004069010416666609
c03q4,2,12288,legacy_sequential,0.244140625,29,0.23600260416666666,-0.008138020833333348
c04q0,2,12288,legacy_sequential,0.004069010416666666,0,0.0,-0.004069010416666666
c04q1,2,12288,legacy_sequential,0.20955403645833334,25,0.20345052083333334,-0.006103515625
c04q2,2,12288,legacy_sequential,0.103759765625,12,0.09765625,-0.006103515625
c04q3,2,12288,legacy_sequential,0.11189778645833333,13,0.10579427083333333,-0.006103515625
c04q4,2,12288,legacy_sequential,0.016276041666666664,1,0.008138020833333334,-0.008138020833333332
c05q0,2,12288,legacy_sequential,0.010172526041666668,1,0.008138020833333334,-0.0020345052083333356
c05q1,2,12288,legacy_sequential,0.079345703125,9,0.0732421875,-0.006103515625
c05q2,2,12288,legacy_sequential,0.7771809895833333,95,0.7731119791666666,-0.004069010416666609
c05q3,2,12288,legacy_sequential,0.48828125,59,0.4801432291666667,-0.008138020833333304
c05q4,2,12288,legacy_sequential,2.567545572916667,315,2.5634765625,-0.004069010416666782
c06q0,2,12288,legacy_sequential,0.004069010416666666,0,0.0,-0.004069010416666666
c06q1,2,12288,legacy_sequential,0.006103515625,0,0.0,-0.006103515625
c06q2,2,12288,legacy_sequential,0.4374186197916667,53,0.4313151041666667,-0.006103515625
c06q3,2,12288,legacy_sequential,0.4536946614583333,55,0.4475911458333333,-0.006103515625
c06q4,2,12288,legacy_sequential,0.1953125,23,0.18717447916666666,-0.008138020833333325
c07q0,2,12288,legacy_sequential,0.016276041666666664,1,0.008138020833333334,-0.008138020833333332
c07q1,2,12288,legacy_sequential,0.08341471354166666,10,0.08138020833333333,-0.002034505208333326
c07q2,2,12288,legacy_sequential,0.4903157552083333,60,0.48828125,-0.0020345052083333044
c07q3,2,12288,legacy_sequential,0.8992513020833334,110,0.8951822916666666,-0.004069010416666782
c07q4,2,12288,legacy_sequential,0.048828125,5,0.040690104166666664,-0.008138020833333332
c08q0,2,12288,legacy_sequential,0.006103515625,0,0.0,-0.006103515625
c08q1,2,12288,legacy_sequential,0.010172526041666668,1,0.008138020833333334,-0.0020345052083333356
c08q2,2,12288,legacy_sequential,0.22379557291666666,27,0.2197265625,-0.004069010416666652
c08q3,2,12288,legacy_sequential,0.5940755208333333,72,0.5859375,-0.008138020833333304
c08q4,2,12288,legacy_sequential,0.03865559895833333,4,0.032552083333333336,-0.006103515625
c09q0,2,12288,legacy_sequential,0.128173828125,15,0.1220703125,-0.006103515625
c09q1,2,12288,legacy_sequential,0.08341471354166666,10,0.08138020833333333,-0.002034505208333326
c09q2,2,12288,legacy_sequential,0.30110677083333337,36,0.29296875,-0.008138020833333348
c09q3,2,12288,legacy_sequential,0.213623046875,26,0.21158854166666666,-0.002034505208333348
c09q4,2,12288,legacy_sequential,0.020345052083333336,2,0.016276041666666668,-0.004069010416666671
c10q0,2,12288,legacy_sequential,0.008138020833333332,0,0.0,-0.008138020833333332
c10q1,2,12288,legacy_sequential,0.30924479166666663,37,0.3011067708333333,-0.008138020833333304
c10q2,2,12288,legacy_sequential,0.7954915364583334,97,0.7893880208333334,-0.006103515625
c10q3,2,12288,legacy_sequential,0.07731119791666666,9,0.0732421875,-0.004069010416666663
c10q4,2,12288,legacy_sequential,0.07731119791666666,9,0.0732421875,-0.004069010416666663
c11q0,2,12288,legacy_sequential,0.004069010416666666,0,0.0,-0.004069010416666666
c11q1,2,12288,legacy_sequential,0.067138671875,8,0.06510416666666667,-0.002034505208333337
c11q2,2,12288,legacy_sequential,0.5167643229166667,63,0.5126953125,-0.004069010416666696
c11q3,2,12288,legacy_sequential,0.27262369791666663,33,0.2685546875,-0.004069010416666652
c11q4,2,12288,legacy_sequential,0.008138020833333332,0,0.0,-0.008138020833333332
c12q0,2,12288,legacy_sequential,0.004069010416666666,0,0.0,-0.004069010416666666
c12q1,2,12288,legacy_sequential,1.617431640625,198,1.611328125,-0.006103515625
c12q2,2,12288,legacy_sequential,0.2197265625,26,0.21158854166666666,-0.008138020833333348
c12q3,2,12288,legacy_sequential,1.5177408854166665,186,1.513671875,-0.004069010416666609
c12q4,2,12288,legacy_sequential,0.052897135416666664,6,0.048828125,-0.004069010416666663
c13q0,2,12288,legacy_sequential,0.004069010416666666,0,0.0,-0.004069010416666666
c13q1,2,12288,legacy_sequential,0.8931477864583334,109,0.8870442708333334,-0.006103515625
c13q2,2,12288,legacy_sequential,0.5900065104166667,72,0.5859375,-0.004069010416666696
c13q3,2,12288,legacy_sequential,3.9143880208333335,480,3.90625,-0.008138020833333565
c13q4,2,12288,legacy_sequential,1.153564453125,141,1.1474609375,-0.006103515625
c14q0,2,12288,legacy_sequential,0.056966145833333336,6,0.048828125,-0.008138020833333337
c14q1,2,12288,legacy_sequential,1.1149088541666665,136,1.1067708333333333,-0.008138020833333218
c14q2,2,12288,legacy_sequential,0.457763671875,56,0.4557291666666667,-0.0020345052083333044
c14q3,2,12288,legacy_sequential,1.3346354166666665,163,1.3264973958333333,-0.008138020833333218
c14q4,2,12288,legacy_sequential,0.10782877604166667,13,0.10579427083333333,-0.002034505208333348
c15q0,2,12288,legacy_sequential,0.03458658854166667,4,0.032552083333333336,-0.002034505208333337
c15q1,2,12288,legacy_sequential,0.31534830729166663,38,0.3092447916666667,-0.006103515625
c15q2,2,12288,legacy_sequential,0.5716959635416667,70,0.5696614583333334,-0.002034505208333391
c15q3,2,12288,legacy_sequential,0.10579427083333333,12,0.09765625,-0.008138020833333325
c15q4,2,12288,legacy_sequential,0.18513997395833331,22,0.17903645833333334,-0.006103515625
c16q0,2,12288,legacy_sequential,0.09765625,11,0.08951822916666667,-0.008138020833333337
c16q1,2,12288,legacy_sequential,0.18107096354166669,22,0.17903645833333334,-0.002034505208333348
c16q2,2,12288,legacy_sequential,0.3946940104166667,48,0.390625,-0.004069010416666696
c16q3,2,12288,legacy_sequential,1.3773600260416665,169,1.3753255208333333,-0.0020345052083332177
c16q4,2,12288,legacy_sequential,0.1708984375,20,0.16276041666666666,-0.008138020833333325
c17q0,2,12288,legacy_sequential,0.311279296875,38,0.3092447916666667,-0.002034505208333348
c17q1,2,12288,legacy_sequential,0.25431315104166663,31,0.2522786458333333,-0.0020345052083333044
c17q2,2,12288,legacy_sequential,0.8015950520833334,98,0.7975260416666666,-0.004069010416666782
c17q3,2,12288,legacy_sequential,1.1332194010416665,139,1.1311848958333333,-0.0020345052083332177
c17q4,2,12288,legacy_sequential,0.11393229166666667,13,0.10579427083333333,-0.008138020833333348
c18q0,2,12288,legacy_sequential,0.03662109375,4,0.032552083333333336,-0.004069010416666669
c18q1,2,12288,legacy_sequential,0.238037109375,29,0.23600260416666666,-0.002034505208333348
c18q2,2,12288,legacy_sequential,0.48828125,59,0.4801432291666667,-0.008138020833333304
c18q3,2,12288,legacy_sequential,0.15665690104166669,19,0.15462239583333334,-0.002034505208333348
c18q4,2,12288,legacy_sequential,0.22786458333333334,27,0.2197265625,-0.008138020833333348
c19q0,2,12288,legacy_sequential,0.09765625,11,0.08951822916666667,-0.008138020833333337
c19q1,2,12288,legacy_sequential,0.091552734375,11,0.08951822916666667,-0.002034505208333337
c19q2,2,12288,legacy_sequential,0.16072591145833331,19,0.15462239583333334,-0.006103515625
c19q3,2,12288,legacy_sequential,0.4374186197916667,53,0.4313151041666667,-0.006103515625
c19q4,2,12288,legacy_sequential,0.10579427083333333,12,0.09765625,-0.008138020833333325
c20q0,2,12288,legacy_sequential,0.020345052083333336,2,0.016276041666666668,-0.004069010416666671
c20q1,2,12288,legacy_sequential,0.390625,47,0.3824869791666667,-0.008138020833333348
c20q2,2,12288,legacy_sequential,0.15665690104166669,19,0.15462239583333334,-0.002034505208333348
c20q3,2,12288,legacy_sequential,0.16072591145833331,19,0.15462239583333334,-0.006103515625
c20q4,2,12288,legacy_sequential,0.08341471354166666,10,0.08138020833333333,-0.002034505208333326
c21q0,2,12288,legacy_sequential,0.01220703125,1,0.008138020833333334,-0.004069010416666667
c21q1,2,12288,legacy_sequential,0.08748372395833334,10,0.08138020833333333,-0.006103515625
c21q2,2,12288,legacy_sequential,1.2776692708333335,156,1.26953125,-0.008138020833333391
c21q3,2,12288,legacy_sequential,0.3987630208333333,48,0.390625,-0.008138020833333304
c21q4,2,12288,legacy_sequential,0.23193359375,28,0.22786458333333334,-0.004069010416666652
c22q0,2,12288,legacy_sequential,0,0,0.0,0.0
c22q1,2,12288,legacy_sequential,0.010172526041666668,1,0.008138020833333334,-0.0020345052083333356
c22q2,2,12288,legacy_sequential,0.04069010416666667,4,0.032552083333333336,-0.008138020833333337
c22q3,2,12288,legacy_sequential,0.03865559895833333,4,0.032552083333333336,-0.006103515625
c22q4,2,12288,legacy_sequential,0.04069010416666667,4,0.032552083333333336,-0.008138020833333337
c23q0,2,12288,legacy_sequential,0.050862630208333336,6,0.048828125,-0.002034505208333337
c23q1,2,12288,legacy_sequential,0.5635579427083333,69,0.5615234375,-0.0020345052083333044
c23q2,2,12288,legacy_sequential,0.714111328125,87,0.7080078125,-0.006103515625
c23q3,2,12288,legacy_sequential,0.24210611979166666,29,0.23600260416666666,-0.006103515625
c23q4,2,12288,legacy_sequential,0.29093424479166663,35,0.2848307291666667,-0.006103515625
c24q0,2,12288,legacy_sequential,0.10782877604166667,13,0.10579427083333333,-0.002034505208333348
c24q1,2,12288,legacy_sequential,0.18310546875,22,0.17903645833333334,-0.004069010416666674
c24q2,2,12288,legacy_sequential,0.5533854166666667,68,0.5533854166666666,0.0
c24q3,2,12288,legacy_sequential,0.34383138020833337,42,0.341796875,-0.002034505208333348
c24q4,2,12288,legacy_sequential,0.18107096354166669,22,0.17903645833333334,-0.002034505208333348
c25q0,2,12288,legacy_sequential,0.4679361979166667,57,0.4638671875,-0.004069010416666696
c25q1,2,12288,legacy_sequential,0.9053548177083334,111,0.9033203125,-0.002034505208333391
c25q2,2,12288,legacy_sequential,1.74560546875,214,1.7415364583333333,-0.004069010416666782
c25q3,2,12288,legacy_sequential,0.7527669270833333,92,0.7486979166666666,-0.004069010416666609
c25q4,2,12288,legacy_sequential,0.9053548177083334,111,0.9033203125,-0.002034505208333391
c26q0,2,12288,legacy_sequential,0.06917317708333334,8,0.06510416666666667,-0.004069010416666674
c26q1,2,12288,legacy_sequential,0.8280436197916666,101,0.8219401041666666,-0.006103515625
c26q2,2,12288,legacy_sequential,0.311279296875,38,0.3092447916666667,-0.002034505208333348
c26q3,2,12288,legacy_sequential,0.4292805989583333,52,0.4231770833333333,-0.006103515625
c26q4,2,12288,legacy_sequential,0.848388671875,104,0.8463541666666666,-0.002034505208333391
c27q0,2,12288,legacy_sequential,0.004069010416666666,0,0.0,-0.004069010416666666
c27q1,2,12288,legacy_sequential,0.01220703125,1,0.008138020833333334,-0.004069010416666667
c27q2,2,12288,legacy_sequential,0.04679361979166667,5,0.040690104166666664,-0.006103515625
c27q3,2,12288,legacy_sequential,0.03662109375,4,0.032552083333333336,-0.004069010416666669
c27q4,2,12288,legacy_sequential,0.020345052083333336,2,0.016276041666666668,-0.004069010416666671
c28q0,2,12288,legacy_sequential,0.01220703125,1,0.008138020833333334,-0.004069010416666667
c28q1,2,12288,legacy_sequential,0.8321126302083334,102,0.830078125,-0.002034505208333391
c28q2,2,12288,legacy_sequential,0.9663899739583334,118,0.9602864583333334,-0.006103515625
c28q3,2,12288,legacy_sequential,4.225667317708334,519,4.2236328125,-0.0020345052083335646
c28q4,2,12288,legacy_sequential,5.320231119791666,653,5.314127604166667,-0.006103515625
c29q0,2,12288,legacy_sequential,0.7222493489583333,88,0.7161458333333334,-0.006103515625
c29q1,2,12288,legacy_sequential,0.31941731770833337,39,0.3173828125,-0.002034505208333348
c29q2,2,12288,legacy_sequential,1.3285319010416665,163,1.3264973958333333,-0.0020345052083332177
c29q3,2,12288,legacy_sequential,1.4933268229166665,183,1.4892578125,-0.004069010416666609
c29q4,2,12288,legacy_sequential,0.091552734375,11,0.08951822916666667,-0.002034505208333337
c30q0,2,12288,legacy_sequential,0.030517578125,3,0.0244140625,-0.006103515625
c30q1,2,12288,legacy_sequential,0.050862630208333336,6,0.048828125,-0.002034505208333337
c30q2,2,12288,legacy_sequential,0.6876627604166667,84,0.68359375,-0.004069010416666696
c30q3,2,12288,legacy_sequential,1.397705078125,171,1.3916015625,-0.006103515625
c30q4,2,12288,legacy_sequential,9.116617838541668,1238,10.074869791666666,0.9582519531249987
c31q0,2,12288,legacy_sequential,0.008138020833333332,0,0.0,-0.008138020833333332
c31q1,2,12288,legacy_sequential,0.09562174479166666,11,0.08951822916666667,-0.006103515625
c31q2,2,12288,legacy_sequential,0.24007161458333334,29,0.23600260416666666,-0.004069010416666696
c31q3,2,12288,legacy_sequential,0.22176106770833334,27,0.2197265625,-0.002034505208333348
c31q4,2,12288,legacy_sequential,0.06917317708333334,8,0.06510416666666667,-0.004069010416666674
c32q0,2,12288,legacy_sequential,0.13631184895833331,16,0.13020833333333334,-0.006103515625
c32q1,2,12288,legacy_sequential,1.5177408854166665,186,1.513671875,-0.004069010416666609
c32q2,2,12288,legacy_sequential,1.3936360677083335,171,1.3916015625,-0.002034505208333391
c32q3,2,12288,legacy_sequential,3.4403483072916665,422,3.4342447916666665,-0.006103515625
c32q4,2,12288,legacy_sequential,1.5523274739583335,190,1.5462239583333333,-0.006103515625
c33q0,2,12288,legacy_sequential,0.006103515625,0,0.0,-0.006103515625
c33q1,2,12288,legacy_sequential,0.20751953125,25,0.20345052083333334,-0.004069010416666652
c33q2,2,12288,legacy_sequential,0.27872721354166663,34,0.2766927083333333,-0.0020345052083333044
c33q3,2,12288,legacy_sequential,0.396728515625,48,0.390625,-0.006103515625
c33q4,2,12288,legacy_sequential,0.3173828125,38,0.3092447916666667,-0.008138020833333348
c34q0,2,12288,legacy_sequential,0.006103515625,0,0.0,-0.006103515625
c34q1,2,12288,legacy_sequential,0.026448567708333332,3,0.0244140625,-0.0020345052083333313
c34q2,2,12288,legacy_sequential,0.030517578125,3,0.0244140625,-0.006103515625
c34q3,2,12288,legacy_sequential,0.10172526041666667,12,0.09765625,-0.004069010416666674
c34q4,2,12288,legacy_sequential,0.03662109375,4,0.032552083333333336,-0.004069010416666669
c35q0,2,12288,legacy_sequential,0.10986328125,13,0.10579427083333333,-0.004069010416666674
c35q1,2,12288,legacy_sequential,0.7161458333333333,87,0.7080078125,-0.008138020833333304
c35q2,2,12288,legacy_sequential,0.32145182291666663,39,0.3173828125,-0.004069010416666652
c35q3,2,12288,legacy_sequential,0.238037109375,29,0.23600260416666666,-0.002034505208333348
c35q4,2,12288,legacy_sequential,0.146484375,17,0.13834635416666666,-0.008138020833333325
c36q0,2,12288,legacy_sequential,0.014241536458333334,1,0.008138020833333334,-0.006103515625000002
c36q1,2,12288,legacy_sequential,0.4292805989583333,52,0.4231770833333333,-0.006103515625
c36q2,2,12288,legacy_sequential,0.18717447916666669,22,0.17903645833333334,-0.008138020833333348
c36q3,2,12288,legacy_sequential,0.28279622395833337,34,0.2766927083333333,-0.006103515625
c36q4,2,12288,legacy_sequential,0.018310546875,2,0.016276041666666668,-0.0020345052083333343
c37q0,2,12288,legacy_sequential,0.04069010416666667,4,0.032552083333333336,-0.008138020833333337
c37q1,2,12288,legacy_sequential,0.10986328125,13,0.10579427083333333,-0.004069010416666674
c37q2,2,12288,legacy_sequential,0.6673177083333333,81,0.6591796875,-0.008138020833333304
c37q3,2,12288,legacy_sequential,1.3529459635416665,166,1.3509114583333333,-0.0020345052083332177
c37q4,2,12288,legacy_sequential,0.7059733072916667,86,0.6998697916666666,-0.006103515625
c38q0,2,12288,legacy_sequential,0.12003580729166667,14,0.11393229166666667,-0.006103515625
c38q1,2,12288,legacy_sequential,0.68359375,83,0.6754557291666666,-0.008138020833333304
c38q2,2,12288,legacy_sequential,1.5482584635416665,190,1.5462239583333333,-0.0020345052083332177
c38q3,2,12288,legacy_sequential,0.34993489583333337,42,0.341796875,-0.008138020833333348
c38q4,2,12288,legacy_sequential,0.970458984375,119,0.9684244791666666,-0.002034505208333391
c39q0,2,12288,legacy_sequential,0.018310546875,2,0.016276041666666668,-0.0020345052083333343
c39q1,2,12288,legacy_sequential,0.103759765625,12,0.09765625,-0.006103515625
c39q2,2,12288,legacy_sequential,0.494384765625,60,0.48828125,-0.006103515625
c39q3,2,12288,legacy_sequential,0.5533854166666667,68,0.5533854166666666,0.0
c39q4,2,12288,legacy_sequential,0.23396809895833334,28,0.22786458333333334,-0.006103515625
