step,run,subset,metric,value
0,hero-12d8b6f0-dee637,4chan-llama3,bpb,5.0696210861206055
2999,hero-12d8b6f0-dee637,4chan-llama3,bpb,1.003164291381836
5999,hero-12d8b6f0-dee637,4chan-llama3,bpb,0.9255963563919067
8999,hero-12d8b6f0-dee637,4chan-llama3,bpb,0.8974399566650391
11999,hero-12d8b6f0-dee637,4chan-llama3,bpb,0.8830425143241882
14999,hero-12d8b6f0-dee637,4chan-llama3,bpb,0.8798150420188904
17999,hero-12d8b6f0-dee637,4chan-llama3,bpb,0.8714144229888916
20999,hero-12d8b6f0-dee637,4chan-llama3,bpb,0.8679015040397644
23999,hero-12d8b6f0-dee637,4chan-llama3,bpb,0.8626857995986938
26999,hero-12d8b6f0-dee637,4chan-llama3,bpb,0.8628160953521729
29999,hero-12d8b6f0-dee637,4chan-llama3,bpb,0.8584994077682495
32999,hero-12d8b6f0-dee637,4chan-llama3,bpb,0.855507493019104
35999,hero-12d8b6f0-dee637,4chan-llama3,bpb,0.8543930649757385
38999,hero-12d8b6f0-dee637,4chan-llama3,bpb,0.8519482612609863
41999,hero-12d8b6f0-dee637,4chan-llama3,bpb,0.850584864616394
44999,hero-12d8b6f0-dee637,4chan-llama3,bpb,0.8472199440002441
47999,hero-12d8b6f0-dee637,4chan-llama3,bpb,0.8495506048202515
50999,hero-12d8b6f0-dee637,4chan-llama3,bpb,0.8476102352142334
53999,hero-12d8b6f0-dee637,4chan-llama3,bpb,0.8483346104621887
56999,hero-12d8b6f0-dee637,4chan-llama3,bpb,0.847255289554596
0,hero-12d8b6f0-dee637,4chan-llama3,loss,11.804258346557617
2999,hero-12d8b6f0-dee637,4chan-llama3,loss,2.3357977867126465
5999,hero-12d8b6f0-dee637,4chan-llama3,loss,2.155186176300049
8999,hero-12d8b6f0-dee637,4chan-llama3,loss,2.089625835418701
11999,hero-12d8b6f0-dee637,4chan-llama3,loss,2.0561025142669678
14999,hero-12d8b6f0-dee637,4chan-llama3,loss,2.0485873222351074
17999,hero-12d8b6f0-dee637,4chan-llama3,loss,2.0290274620056152
20999,hero-12d8b6f0-dee637,4chan-llama3,loss,2.020847797393799
23999,hero-12d8b6f0-dee637,4chan-llama3,loss,2.0087032318115234
26999,hero-12d8b6f0-dee637,4chan-llama3,loss,2.0090067386627197
29999,hero-12d8b6f0-dee637,4chan-llama3,loss,1.9989557266235352
32999,hero-12d8b6f0-dee637,4chan-llama3,loss,1.991989254951477
35999,hero-12d8b6f0-dee637,4chan-llama3,loss,1.9893943071365356
38999,hero-12d8b6f0-dee637,4chan-llama3,loss,1.9837018251419067
41999,hero-12d8b6f0-dee637,4chan-llama3,loss,1.9805272817611694
44999,hero-12d8b6f0-dee637,4chan-llama3,loss,1.9726921319961548
47999,hero-12d8b6f0-dee637,4chan-llama3,loss,1.9781190156936646
50999,hero-12d8b6f0-dee637,4chan-llama3,loss,1.97360098361969
53999,hero-12d8b6f0-dee637,4chan-llama3,loss,1.9752877950668335
56999,hero-12d8b6f0-dee637,4chan-llama3,loss,1.9727745056152344
0,hero-12d8b6f0-dee637,__parent__,bpb,4.075375080108643
2999,hero-12d8b6f0-dee637,__parent__,bpb,0.8268494009971619
5999,hero-12d8b6f0-dee637,__parent__,bpb,0.747778058052063
8999,hero-12d8b6f0-dee637,__parent__,bpb,0.7223684787750244
11999,hero-12d8b6f0-dee637,__parent__,bpb,0.7103093266487122
14999,hero-12d8b6f0-dee637,__parent__,bpb,0.7027642130851746
17999,hero-12d8b6f0-dee637,__parent__,bpb,0.698142409324646
20999,hero-12d8b6f0-dee637,__parent__,bpb,0.6933279633522034
23999,hero-12d8b6f0-dee637,__parent__,bpb,0.6910560727119446
26999,hero-12d8b6f0-dee637,__parent__,bpb,0.6885243058204651
29999,hero-12d8b6f0-dee637,__parent__,bpb,0.6863322257995605
32999,hero-12d8b6f0-dee637,__parent__,bpb,0.6846318244934082
35999,hero-12d8b6f0-dee637,__parent__,bpb,0.6835968494415283
38999,hero-12d8b6f0-dee637,__parent__,bpb,0.6813312768936157
41999,hero-12d8b6f0-dee637,__parent__,bpb,0.6801785826683044
44999,hero-12d8b6f0-dee637,__parent__,bpb,0.6789051294326782
47999,hero-12d8b6f0-dee637,__parent__,bpb,0.678848385810852
50999,hero-12d8b6f0-dee637,__parent__,bpb,0.6776803135871887
53999,hero-12d8b6f0-dee637,__parent__,bpb,0.6770805716514587
56999,hero-12d8b6f0-dee637,__parent__,bpb,0.6759408116340637
0,hero-12d8b6f0-dee637,c4_100_domains-llama3,bpb,3.6678802967071533
2999,hero-12d8b6f0-dee637,c4_100_domains-llama3,bpb,0.8235540390014648
5999,hero-12d8b6f0-dee637,c4_100_domains-llama3,bpb,0.7430433034896851
8999,hero-12d8b6f0-dee637,c4_100_domains-llama3,bpb,0.7183023691177368
11999,hero-12d8b6f0-dee637,c4_100_domains-llama3,bpb,0.7060675621032715
14999,hero-12d8b6f0-dee637,c4_100_domains-llama3,bpb,0.6984387636184692
17999,hero-12d8b6f0-dee637,c4_100_domains-llama3,bpb,0.6935882568359375
20999,hero-12d8b6f0-dee637,c4_100_domains-llama3,bpb,0.6897068619728088
23999,hero-12d8b6f0-dee637,c4_100_domains-llama3,bpb,0.6865498423576355
26999,hero-12d8b6f0-dee637,c4_100_domains-llama3,bpb,0.6837179064750671
29999,hero-12d8b6f0-dee637,c4_100_domains-llama3,bpb,0.681776762008667
32999,hero-12d8b6f0-dee637,c4_100_domains-llama3,bpb,0.6796562671661377
35999,hero-12d8b6f0-dee637,c4_100_domains-llama3,bpb,0.6784631609916687
38999,hero-12d8b6f0-dee637,c4_100_domains-llama3,bpb,0.676849365234375
41999,hero-12d8b6f0-dee637,c4_100_domains-llama3,bpb,0.6755725741386414
44999,hero-12d8b6f0-dee637,c4_100_domains-llama3,bpb,0.6743637919425964
47999,hero-12d8b6f0-dee637,c4_100_domains-llama3,bpb,0.6734996438026428
50999,hero-12d8b6f0-dee637,c4_100_domains-llama3,bpb,0.6722104549407959
53999,hero-12d8b6f0-dee637,c4_100_domains-llama3,bpb,0.6714973449707031
56999,hero-12d8b6f0-dee637,c4_100_domains-llama3,bpb,0.6704237461090088
0,hero-12d8b6f0-dee637,c4_100_domains-llama3,loss,11.782490730285645
2999,hero-12d8b6f0-dee637,c4_100_domains-llama3,loss,2.6455001831054688
5999,hero-12d8b6f0-dee637,c4_100_domains-llama3,loss,2.3868815898895264
8999,hero-12d8b6f0-dee637,c4_100_domains-llama3,loss,2.307415008544922
11999,hero-12d8b6f0-dee637,c4_100_domains-llama3,loss,2.268120765686035
14999,hero-12d8b6f0-dee637,c4_100_domains-llama3,loss,2.243610382080078
17999,hero-12d8b6f0-dee637,c4_100_domains-llama3,loss,2.228034019470215
20999,hero-12d8b6f0-dee637,c4_100_domains-llama3,loss,2.215564489364624
23999,hero-12d8b6f0-dee637,c4_100_domains-llama3,loss,2.2054333686828613
26999,hero-12d8b6f0-dee637,c4_100_domains-llama3,loss,2.1963374614715576
29999,hero-12d8b6f0-dee637,c4_100_domains-llama3,loss,2.1901028156280518
32999,hero-12d8b6f0-dee637,c4_100_domains-llama3,loss,2.1832892894744873
35999,hero-12d8b6f0-dee637,c4_100_domains-llama3,loss,2.1794593334198
38999,hero-12d8b6f0-dee637,c4_100_domains-llama3,loss,2.174278497695923
41999,hero-12d8b6f0-dee637,c4_100_domains-llama3,loss,2.170179605484009
44999,hero-12d8b6f0-dee637,c4_100_domains-llama3,loss,2.1662890911102295
47999,hero-12d8b6f0-dee637,c4_100_domains-llama3,loss,2.163522481918335
50999,hero-12d8b6f0-dee637,c4_100_domains-llama3,loss,2.159376859664917
53999,hero-12d8b6f0-dee637,c4_100_domains-llama3,loss,2.1570911407470703
56999,hero-12d8b6f0-dee637,c4_100_domains-llama3,loss,2.153639793395996
0,hero-12d8b6f0-dee637,c4_en-llama3,bpb,3.625487804412842
2999,hero-12d8b6f0-dee637,c4_en-llama3,bpb,0.8593916296958923
5999,hero-12d8b6f0-dee637,c4_en-llama3,bpb,0.7833493947982788
8999,hero-12d8b6f0-dee637,c4_en-llama3,bpb,0.7597958445549011
11999,hero-12d8b6f0-dee637,c4_en-llama3,bpb,0.7480148673057556
14999,hero-12d8b6f0-dee637,c4_en-llama3,bpb,0.7410112619400024
17999,hero-12d8b6f0-dee637,c4_en-llama3,bpb,0.736025869846344
20999,hero-12d8b6f0-dee637,c4_en-llama3,bpb,0.7321144938468933
23999,hero-12d8b6f0-dee637,c4_en-llama3,bpb,0.7297097444534302
26999,hero-12d8b6f0-dee637,c4_en-llama3,bpb,0.7267569899559021
29999,hero-12d8b6f0-dee637,c4_en-llama3,bpb,0.724507749080658
32999,hero-12d8b6f0-dee637,c4_en-llama3,bpb,0.722882091999054
35999,hero-12d8b6f0-dee637,c4_en-llama3,bpb,0.7223069071769714
38999,hero-12d8b6f0-dee637,c4_en-llama3,bpb,0.7205020785331726
41999,hero-12d8b6f0-dee637,c4_en-llama3,bpb,0.7183315753936768
44999,hero-12d8b6f0-dee637,c4_en-llama3,bpb,0.7177862524986267
47999,hero-12d8b6f0-dee637,c4_en-llama3,bpb,0.7173805832862854
50999,hero-12d8b6f0-dee637,c4_en-llama3,bpb,0.7155317068099976
53999,hero-12d8b6f0-dee637,c4_en-llama3,bpb,0.7152682542800903
56999,hero-12d8b6f0-dee637,c4_en-llama3,bpb,0.7142370343208313
0,hero-12d8b6f0-dee637,c4_en-llama3,loss,11.781115531921387
2999,hero-12d8b6f0-dee637,c4_en-llama3,loss,2.7926151752471924
5999,hero-12d8b6f0-dee637,c4_en-llama3,loss,2.5455141067504883
8999,hero-12d8b6f0-dee637,c4_en-llama3,loss,2.4689762592315674
11999,hero-12d8b6f0-dee637,c4_en-llama3,loss,2.4306936264038086
14999,hero-12d8b6f0-dee637,c4_en-llama3,loss,2.4079349040985107
17999,hero-12d8b6f0-dee637,c4_en-llama3,loss,2.3917348384857178
20999,hero-12d8b6f0-dee637,c4_en-llama3,loss,2.3790249824523926
23999,hero-12d8b6f0-dee637,c4_en-llama3,loss,2.3712105751037598
26999,hero-12d8b6f0-dee637,c4_en-llama3,loss,2.3616154193878174
29999,hero-12d8b6f0-dee637,c4_en-llama3,loss,2.354306697845459
32999,hero-12d8b6f0-dee637,c4_en-llama3,loss,2.3490240573883057
35999,hero-12d8b6f0-dee637,c4_en-llama3,loss,2.3471548557281494
38999,hero-12d8b6f0-dee637,c4_en-llama3,loss,2.34128999710083
41999,hero-12d8b6f0-dee637,c4_en-llama3,loss,2.3342368602752686
44999,hero-12d8b6f0-dee637,c4_en-llama3,loss,2.3324649333953857
47999,hero-12d8b6f0-dee637,c4_en-llama3,loss,2.331146717071533
50999,hero-12d8b6f0-dee637,c4_en-llama3,loss,2.325138568878174
53999,hero-12d8b6f0-dee637,c4_en-llama3,loss,2.324282646179199
56999,hero-12d8b6f0-dee637,c4_en-llama3,loss,2.3209316730499268
0,hero-12d8b6f0-dee637,dolma-v1_5-llama3,bpb,3.9452621936798096
2999,hero-12d8b6f0-dee637,dolma-v1_5-llama3,bpb,0.8010985255241394
5999,hero-12d8b6f0-dee637,dolma-v1_5-llama3,bpb,0.7213814854621887
8999,hero-12d8b6f0-dee637,dolma-v1_5-llama3,bpb,0.695993185043335
11999,hero-12d8b6f0-dee637,dolma-v1_5-llama3,bpb,0.6838218569755554
14999,hero-12d8b6f0-dee637,dolma-v1_5-llama3,bpb,0.6766287684440613
17999,hero-12d8b6f0-dee637,dolma-v1_5-llama3,bpb,0.6710900068283081
20999,hero-12d8b6f0-dee637,dolma-v1_5-llama3,bpb,0.6663894057273865
23999,hero-12d8b6f0-dee637,dolma-v1_5-llama3,bpb,0.6644169688224792
26999,hero-12d8b6f0-dee637,dolma-v1_5-llama3,bpb,0.6595093607902527
29999,hero-12d8b6f0-dee637,dolma-v1_5-llama3,bpb,0.658798336982727
32999,hero-12d8b6f0-dee637,dolma-v1_5-llama3,bpb,0.6563912034034729
35999,hero-12d8b6f0-dee637,dolma-v1_5-llama3,bpb,0.6554824709892273
38999,hero-12d8b6f0-dee637,dolma-v1_5-llama3,bpb,0.6542111039161682
41999,hero-12d8b6f0-dee637,dolma-v1_5-llama3,bpb,0.6523343324661255
44999,hero-12d8b6f0-dee637,dolma-v1_5-llama3,bpb,0.650954008102417
47999,hero-12d8b6f0-dee637,dolma-v1_5-llama3,bpb,0.6503920555114746
50999,hero-12d8b6f0-dee637,dolma-v1_5-llama3,bpb,0.6501338481903076
53999,hero-12d8b6f0-dee637,dolma-v1_5-llama3,bpb,0.6493767499923706
56999,hero-12d8b6f0-dee637,dolma-v1_5-llama3,bpb,0.646919846534729
0,hero-12d8b6f0-dee637,dolma-v1_5-llama3,loss,11.783912658691406
2999,hero-12d8b6f0-dee637,dolma-v1_5-llama3,loss,2.392347812652588
5999,hero-12d8b6f0-dee637,dolma-v1_5-llama3,loss,2.154477834701538
8999,hero-12d8b6f0-dee637,dolma-v1_5-llama3,loss,2.0786919593811035
11999,hero-12d8b6f0-dee637,dolma-v1_5-llama3,loss,2.042410373687744
14999,hero-12d8b6f0-dee637,dolma-v1_5-llama3,loss,2.020923376083374
17999,hero-12d8b6f0-dee637,dolma-v1_5-llama3,loss,2.0043911933898926
20999,hero-12d8b6f0-dee637,dolma-v1_5-llama3,loss,1.9903725385665894
23999,hero-12d8b6f0-dee637,dolma-v1_5-llama3,loss,1.9844831228256226
26999,hero-12d8b6f0-dee637,dolma-v1_5-llama3,loss,1.9698219299316406
29999,hero-12d8b6f0-dee637,dolma-v1_5-llama3,loss,1.9677115678787231
32999,hero-12d8b6f0-dee637,dolma-v1_5-llama3,loss,1.9605499505996704
35999,hero-12d8b6f0-dee637,dolma-v1_5-llama3,loss,1.9578335285186768
38999,hero-12d8b6f0-dee637,dolma-v1_5-llama3,loss,1.9539991617202759
41999,hero-12d8b6f0-dee637,dolma-v1_5-llama3,loss,1.9483981132507324
44999,hero-12d8b6f0-dee637,dolma-v1_5-llama3,loss,1.944305419921875
47999,hero-12d8b6f0-dee637,dolma-v1_5-llama3,loss,1.9426566362380981
50999,hero-12d8b6f0-dee637,dolma-v1_5-llama3,loss,1.941856861114502
53999,hero-12d8b6f0-dee637,dolma-v1_5-llama3,loss,1.939596176147461
56999,hero-12d8b6f0-dee637,dolma-v1_5-llama3,loss,1.932294487953186
0,hero-12d8b6f0-dee637,dolma_100_programing_languages-llama3,bpb,5.032750129699707
2999,hero-12d8b6f0-dee637,dolma_100_programing_languages-llama3,bpb,0.48595020174980164
5999,hero-12d8b6f0-dee637,dolma_100_programing_languages-llama3,bpb,0.41727831959724426
8999,hero-12d8b6f0-dee637,dolma_100_programing_languages-llama3,bpb,0.3954222798347473
11999,hero-12d8b6f0-dee637,dolma_100_programing_languages-llama3,bpb,0.38362786173820496
14999,hero-12d8b6f0-dee637,dolma_100_programing_languages-llama3,bpb,0.37705937027931213
17999,hero-12d8b6f0-dee637,dolma_100_programing_languages-llama3,bpb,0.3724549114704132
20999,hero-12d8b6f0-dee637,dolma_100_programing_languages-llama3,bpb,0.36757707595825195
23999,hero-12d8b6f0-dee637,dolma_100_programing_languages-llama3,bpb,0.36757978796958923
26999,hero-12d8b6f0-dee637,dolma_100_programing_languages-llama3,bpb,0.365331768989563
29999,hero-12d8b6f0-dee637,dolma_100_programing_languages-llama3,bpb,0.362007200717926
32999,hero-12d8b6f0-dee637,dolma_100_programing_languages-llama3,bpb,0.36148738861083984
35999,hero-12d8b6f0-dee637,dolma_100_programing_languages-llama3,bpb,0.3605198860168457
38999,hero-12d8b6f0-dee637,dolma_100_programing_languages-llama3,bpb,0.35822972655296326
41999,hero-12d8b6f0-dee637,dolma_100_programing_languages-llama3,bpb,0.3565991520881653
44999,hero-12d8b6f0-dee637,dolma_100_programing_languages-llama3,bpb,0.3567442297935486
47999,hero-12d8b6f0-dee637,dolma_100_programing_languages-llama3,bpb,0.357632040977478
50999,hero-12d8b6f0-dee637,dolma_100_programing_languages-llama3,bpb,0.35607701539993286
53999,hero-12d8b6f0-dee637,dolma_100_programing_languages-llama3,bpb,0.35569998621940613
56999,hero-12d8b6f0-dee637,dolma_100_programing_languages-llama3,bpb,0.35316866636276245
0,hero-12d8b6f0-dee637,dolma_100_programing_languages-llama3,loss,11.79310131072998
2999,hero-12d8b6f0-dee637,dolma_100_programing_languages-llama3,loss,1.134389877319336
5999,hero-12d8b6f0-dee637,dolma_100_programing_languages-llama3,loss,0.9737217426300049
8999,hero-12d8b6f0-dee637,dolma_100_programing_languages-llama3,loss,0.9225213527679443
11999,hero-12d8b6f0-dee637,dolma_100_programing_languages-llama3,loss,0.8948357701301575
14999,hero-12d8b6f0-dee637,dolma_100_programing_languages-llama3,loss,0.879463255405426
17999,hero-12d8b6f0-dee637,dolma_100_programing_languages-llama3,loss,0.8684449195861816
20999,hero-12d8b6f0-dee637,dolma_100_programing_languages-llama3,loss,0.857268750667572
23999,hero-12d8b6f0-dee637,dolma_100_programing_languages-llama3,loss,0.8572472333908081
26999,hero-12d8b6f0-dee637,dolma_100_programing_languages-llama3,loss,0.8518714308738708
29999,hero-12d8b6f0-dee637,dolma_100_programing_languages-llama3,loss,0.8438764214515686
32999,hero-12d8b6f0-dee637,dolma_100_programing_languages-llama3,loss,0.842835009098053
35999,hero-12d8b6f0-dee637,dolma_100_programing_languages-llama3,loss,0.8405600190162659
38999,hero-12d8b6f0-dee637,dolma_100_programing_languages-llama3,loss,0.8350109457969666
41999,hero-12d8b6f0-dee637,dolma_100_programing_languages-llama3,loss,0.8312078714370728
44999,hero-12d8b6f0-dee637,dolma_100_programing_languages-llama3,loss,0.8316418528556824
47999,hero-12d8b6f0-dee637,dolma_100_programing_languages-llama3,loss,0.8338809609413147
50999,hero-12d8b6f0-dee637,dolma_100_programing_languages-llama3,loss,0.8300662636756897
53999,hero-12d8b6f0-dee637,dolma_100_programing_languages-llama3,loss,0.829241156578064
56999,hero-12d8b6f0-dee637,dolma_100_programing_languages-llama3,loss,0.823295533657074
0,hero-12d8b6f0-dee637,dolma_100_subreddits-llama3,bpb,3.8653037548065186
2999,hero-12d8b6f0-dee637,dolma_100_subreddits-llama3,bpb,1.0322766304016113
5999,hero-12d8b6f0-dee637,dolma_100_subreddits-llama3,bpb,0.9544802904129028
8999,hero-12d8b6f0-dee637,dolma_100_subreddits-llama3,bpb,0.927797794342041
11999,hero-12d8b6f0-dee637,dolma_100_subreddits-llama3,bpb,0.9171472191810608
14999,hero-12d8b6f0-dee637,dolma_100_subreddits-llama3,bpb,0.9095045924186707
17999,hero-12d8b6f0-dee637,dolma_100_subreddits-llama3,bpb,0.9049702286720276
20999,hero-12d8b6f0-dee637,dolma_100_subreddits-llama3,bpb,0.8996924161911011
23999,hero-12d8b6f0-dee637,dolma_100_subreddits-llama3,bpb,0.896809995174408
26999,hero-12d8b6f0-dee637,dolma_100_subreddits-llama3,bpb,0.8945766687393188
29999,hero-12d8b6f0-dee637,dolma_100_subreddits-llama3,bpb,0.8926112651824951
32999,hero-12d8b6f0-dee637,dolma_100_subreddits-llama3,bpb,0.8911595940589905
35999,hero-12d8b6f0-dee637,dolma_100_subreddits-llama3,bpb,0.8899829387664795
38999,hero-12d8b6f0-dee637,dolma_100_subreddits-llama3,bpb,0.8874456882476807
41999,hero-12d8b6f0-dee637,dolma_100_subreddits-llama3,bpb,0.8867778778076172
44999,hero-12d8b6f0-dee637,dolma_100_subreddits-llama3,bpb,0.8852283954620361
47999,hero-12d8b6f0-dee637,dolma_100_subreddits-llama3,bpb,0.8860927820205688
50999,hero-12d8b6f0-dee637,dolma_100_subreddits-llama3,bpb,0.8841519951820374
53999,hero-12d8b6f0-dee637,dolma_100_subreddits-llama3,bpb,0.8832579851150513
56999,hero-12d8b6f0-dee637,dolma_100_subreddits-llama3,bpb,0.8820256590843201
0,hero-12d8b6f0-dee637,dolma_100_subreddits-llama3,loss,11.7801513671875
2999,hero-12d8b6f0-dee637,dolma_100_subreddits-llama3,loss,3.145970344543457
5999,hero-12d8b6f0-dee637,dolma_100_subreddits-llama3,loss,2.908872604370117
8999,hero-12d8b6f0-dee637,dolma_100_subreddits-llama3,loss,2.8275580406188965
11999,hero-12d8b6f0-dee637,dolma_100_subreddits-llama3,loss,2.7951014041900635
14999,hero-12d8b6f0-dee637,dolma_100_subreddits-llama3,loss,2.7718091011047363
17999,hero-12d8b6f0-dee637,dolma_100_subreddits-llama3,loss,2.7579879760742188
20999,hero-12d8b6f0-dee637,dolma_100_subreddits-llama3,loss,2.741905450820923
23999,hero-12d8b6f0-dee637,dolma_100_subreddits-llama3,loss,2.7331199645996094
26999,hero-12d8b6f0-dee637,dolma_100_subreddits-llama3,loss,2.726311683654785
29999,hero-12d8b6f0-dee637,dolma_100_subreddits-llama3,loss,2.720322847366333
32999,hero-12d8b6f0-dee637,dolma_100_subreddits-llama3,loss,2.715898275375366
35999,hero-12d8b6f0-dee637,dolma_100_subreddits-llama3,loss,2.7123115062713623
38999,hero-12d8b6f0-dee637,dolma_100_subreddits-llama3,loss,2.704578161239624
41999,hero-12d8b6f0-dee637,dolma_100_subreddits-llama3,loss,2.702544927597046
44999,hero-12d8b6f0-dee637,dolma_100_subreddits-llama3,loss,2.697822093963623
47999,hero-12d8b6f0-dee637,dolma_100_subreddits-llama3,loss,2.7004573345184326
50999,hero-12d8b6f0-dee637,dolma_100_subreddits-llama3,loss,2.694540500640869
53999,hero-12d8b6f0-dee637,dolma_100_subreddits-llama3,loss,2.6918132305145264
56999,hero-12d8b6f0-dee637,dolma_100_subreddits-llama3,loss,2.688060998916626
0,hero-12d8b6f0-dee637,falcon-refinedweb-llama3,bpb,3.7584903240203857
2999,hero-12d8b6f0-dee637,falcon-refinedweb-llama3,bpb,0.9098969101905823
5999,hero-12d8b6f0-dee637,falcon-refinedweb-llama3,bpb,0.8285032510757446
8999,hero-12d8b6f0-dee637,falcon-refinedweb-llama3,bpb,0.8020921349525452
11999,hero-12d8b6f0-dee637,falcon-refinedweb-llama3,bpb,0.7882423996925354
14999,hero-12d8b6f0-dee637,falcon-refinedweb-llama3,bpb,0.7789446711540222
17999,hero-12d8b6f0-dee637,falcon-refinedweb-llama3,bpb,0.773550808429718
20999,hero-12d8b6f0-dee637,falcon-refinedweb-llama3,bpb,0.7704289555549622
23999,hero-12d8b6f0-dee637,falcon-refinedweb-llama3,bpb,0.7676743268966675
26999,hero-12d8b6f0-dee637,falcon-refinedweb-llama3,bpb,0.7643564343452454
29999,hero-12d8b6f0-dee637,falcon-refinedweb-llama3,bpb,0.7622653841972351
32999,hero-12d8b6f0-dee637,falcon-refinedweb-llama3,bpb,0.7605108618736267
35999,hero-12d8b6f0-dee637,falcon-refinedweb-llama3,bpb,0.7589377760887146
38999,hero-12d8b6f0-dee637,falcon-refinedweb-llama3,bpb,0.7571412920951843
41999,hero-12d8b6f0-dee637,falcon-refinedweb-llama3,bpb,0.7553149461746216
44999,hero-12d8b6f0-dee637,falcon-refinedweb-llama3,bpb,0.7534131407737732
47999,hero-12d8b6f0-dee637,falcon-refinedweb-llama3,bpb,0.7540826201438904
50999,hero-12d8b6f0-dee637,falcon-refinedweb-llama3,bpb,0.7513560056686401
53999,hero-12d8b6f0-dee637,falcon-refinedweb-llama3,bpb,0.7509005069732666
56999,hero-12d8b6f0-dee637,falcon-refinedweb-llama3,bpb,0.7494430541992188
0,hero-12d8b6f0-dee637,falcon-refinedweb-llama3,loss,11.78331470489502
2999,hero-12d8b6f0-dee637,falcon-refinedweb-llama3,loss,2.852635145187378
5999,hero-12d8b6f0-dee637,falcon-refinedweb-llama3,loss,2.597456455230713
8999,hero-12d8b6f0-dee637,falcon-refinedweb-llama3,loss,2.5146546363830566
11999,hero-12d8b6f0-dee637,falcon-refinedweb-llama3,loss,2.47123384475708
14999,hero-12d8b6f0-dee637,falcon-refinedweb-llama3,loss,2.442084312438965
17999,hero-12d8b6f0-dee637,falcon-refinedweb-llama3,loss,2.425173759460449
20999,hero-12d8b6f0-dee637,falcon-refinedweb-llama3,loss,2.41538667678833
23999,hero-12d8b6f0-dee637,falcon-refinedweb-llama3,loss,2.406750440597534
26999,hero-12d8b6f0-dee637,falcon-refinedweb-llama3,loss,2.396348237991333
29999,hero-12d8b6f0-dee637,falcon-refinedweb-llama3,loss,2.3897926807403564
32999,hero-12d8b6f0-dee637,falcon-refinedweb-llama3,loss,2.3842923641204834
35999,hero-12d8b6f0-dee637,falcon-refinedweb-llama3,loss,2.3793604373931885
38999,hero-12d8b6f0-dee637,falcon-refinedweb-llama3,loss,2.3737282752990723
41999,hero-12d8b6f0-dee637,falcon-refinedweb-llama3,loss,2.36800217628479
44999,hero-12d8b6f0-dee637,falcon-refinedweb-llama3,loss,2.3620400428771973
47999,hero-12d8b6f0-dee637,falcon-refinedweb-llama3,loss,2.3641388416290283
50999,hero-12d8b6f0-dee637,falcon-refinedweb-llama3,loss,2.355590343475342
53999,hero-12d8b6f0-dee637,falcon-refinedweb-llama3,loss,2.3541624546051025
56999,hero-12d8b6f0-dee637,falcon-refinedweb-llama3,loss,2.349593162536621
0,hero-12d8b6f0-dee637,gab-llama3,bpb,4.859683990478516
2999,hero-12d8b6f0-dee637,gab-llama3,bpb,1.5950480699539185
5999,hero-12d8b6f0-dee637,gab-llama3,bpb,1.4912718534469604
8999,hero-12d8b6f0-dee637,gab-llama3,bpb,1.4567421674728394
11999,hero-12d8b6f0-dee637,gab-llama3,bpb,1.4419187307357788
14999,hero-12d8b6f0-dee637,gab-llama3,bpb,1.4301344156265259
17999,hero-12d8b6f0-dee637,gab-llama3,bpb,1.4305390119552612
20999,hero-12d8b6f0-dee637,gab-llama3,bpb,1.4221640825271606
23999,hero-12d8b6f0-dee637,gab-llama3,bpb,1.422536849975586
26999,hero-12d8b6f0-dee637,gab-llama3,bpb,1.4200735092163086
29999,hero-12d8b6f0-dee637,gab-llama3,bpb,1.4151406288146973
32999,hero-12d8b6f0-dee637,gab-llama3,bpb,1.4159910678863525
35999,hero-12d8b6f0-dee637,gab-llama3,bpb,1.4130314588546753
38999,hero-12d8b6f0-dee637,gab-llama3,bpb,1.4030351638793945
41999,hero-12d8b6f0-dee637,gab-llama3,bpb,1.4011385440826416
44999,hero-12d8b6f0-dee637,gab-llama3,bpb,1.4026343822479248
47999,hero-12d8b6f0-dee637,gab-llama3,bpb,1.4069346189498901
50999,hero-12d8b6f0-dee637,gab-llama3,bpb,1.4005727767944336
53999,hero-12d8b6f0-dee637,gab-llama3,bpb,1.4006158113479614
56999,hero-12d8b6f0-dee637,gab-llama3,bpb,1.3990494012832642
0,hero-12d8b6f0-dee637,gab-llama3,loss,11.793394088745117
2999,hero-12d8b6f0-dee637,gab-llama3,loss,3.8708341121673584
5999,hero-12d8b6f0-dee637,gab-llama3,loss,3.6189918518066406
8999,hero-12d8b6f0-dee637,gab-llama3,loss,3.53519606590271
11999,hero-12d8b6f0-dee637,gab-llama3,loss,3.49922251701355
14999,hero-12d8b6f0-dee637,gab-llama3,loss,3.4706246852874756
17999,hero-12d8b6f0-dee637,gab-llama3,loss,3.471606492996216
20999,hero-12d8b6f0-dee637,gab-llama3,loss,3.451282262802124
23999,hero-12d8b6f0-dee637,gab-llama3,loss,3.4521870613098145
26999,hero-12d8b6f0-dee637,gab-llama3,loss,3.4462087154388428
29999,hero-12d8b6f0-dee637,gab-llama3,loss,3.4342379570007324
32999,hero-12d8b6f0-dee637,gab-llama3,loss,3.4363017082214355
35999,hero-12d8b6f0-dee637,gab-llama3,loss,3.429119348526001
38999,hero-12d8b6f0-dee637,gab-llama3,loss,3.404860734939575
41999,hero-12d8b6f0-dee637,gab-llama3,loss,3.4002578258514404
44999,hero-12d8b6f0-dee637,gab-llama3,loss,3.403887987136841
47999,hero-12d8b6f0-dee637,gab-llama3,loss,3.414323568344116
50999,hero-12d8b6f0-dee637,gab-llama3,loss,3.3988847732543945
53999,hero-12d8b6f0-dee637,gab-llama3,loss,3.398989200592041
56999,hero-12d8b6f0-dee637,gab-llama3,loss,3.395188093185425
0,hero-12d8b6f0-dee637,m2d2_s2orc_unsplit-llama3,bpb,3.909111738204956
2999,hero-12d8b6f0-dee637,m2d2_s2orc_unsplit-llama3,bpb,0.7596085667610168
5999,hero-12d8b6f0-dee637,m2d2_s2orc_unsplit-llama3,bpb,0.6794207692146301
8999,hero-12d8b6f0-dee637,m2d2_s2orc_unsplit-llama3,bpb,0.6544594168663025
11999,hero-12d8b6f0-dee637,m2d2_s2orc_unsplit-llama3,bpb,0.642752468585968
14999,hero-12d8b6f0-dee637,m2d2_s2orc_unsplit-llama3,bpb,0.6350038647651672
17999,hero-12d8b6f0-dee637,m2d2_s2orc_unsplit-llama3,bpb,0.6309067010879517
20999,hero-12d8b6f0-dee637,m2d2_s2orc_unsplit-llama3,bpb,0.6264081001281738
23999,hero-12d8b6f0-dee637,m2d2_s2orc_unsplit-llama3,bpb,0.6239592432975769
26999,hero-12d8b6f0-dee637,m2d2_s2orc_unsplit-llama3,bpb,0.6214004755020142
29999,hero-12d8b6f0-dee637,m2d2_s2orc_unsplit-llama3,bpb,0.6198963522911072
32999,hero-12d8b6f0-dee637,m2d2_s2orc_unsplit-llama3,bpb,0.6179331541061401
35999,hero-12d8b6f0-dee637,m2d2_s2orc_unsplit-llama3,bpb,0.6169162392616272
38999,hero-12d8b6f0-dee637,m2d2_s2orc_unsplit-llama3,bpb,0.6153423190116882
41999,hero-12d8b6f0-dee637,m2d2_s2orc_unsplit-llama3,bpb,0.6146509051322937
44999,hero-12d8b6f0-dee637,m2d2_s2orc_unsplit-llama3,bpb,0.6130969524383545
47999,hero-12d8b6f0-dee637,m2d2_s2orc_unsplit-llama3,bpb,0.6120695471763611
50999,hero-12d8b6f0-dee637,m2d2_s2orc_unsplit-llama3,bpb,0.6122961640357971
53999,hero-12d8b6f0-dee637,m2d2_s2orc_unsplit-llama3,bpb,0.6119754910469055
56999,hero-12d8b6f0-dee637,m2d2_s2orc_unsplit-llama3,bpb,0.6111433506011963
0,hero-12d8b6f0-dee637,m2d2_s2orc_unsplit-llama3,loss,11.779953002929688
2999,hero-12d8b6f0-dee637,m2d2_s2orc_unsplit-llama3,loss,2.2956960201263428
5999,hero-12d8b6f0-dee637,m2d2_s2orc_unsplit-llama3,loss,2.0537221431732178
8999,hero-12d8b6f0-dee637,m2d2_s2orc_unsplit-llama3,loss,1.9785783290863037
11999,hero-12d8b6f0-dee637,m2d2_s2orc_unsplit-llama3,loss,1.9432690143585205
14999,hero-12d8b6f0-dee637,m2d2_s2orc_unsplit-llama3,loss,1.9199347496032715
17999,hero-12d8b6f0-dee637,m2d2_s2orc_unsplit-llama3,loss,1.9075654745101929
20999,hero-12d8b6f0-dee637,m2d2_s2orc_unsplit-llama3,loss,1.8939915895462036
23999,hero-12d8b6f0-dee637,m2d2_s2orc_unsplit-llama3,loss,1.8866374492645264
26999,hero-12d8b6f0-dee637,m2d2_s2orc_unsplit-llama3,loss,1.8788866996765137
29999,hero-12d8b6f0-dee637,m2d2_s2orc_unsplit-llama3,loss,1.874374508857727
32999,hero-12d8b6f0-dee637,m2d2_s2orc_unsplit-llama3,loss,1.8684258460998535
35999,hero-12d8b6f0-dee637,m2d2_s2orc_unsplit-llama3,loss,1.8654223680496216
38999,hero-12d8b6f0-dee637,m2d2_s2orc_unsplit-llama3,loss,1.8606830835342407
41999,hero-12d8b6f0-dee637,m2d2_s2orc_unsplit-llama3,loss,1.8585532903671265
44999,hero-12d8b6f0-dee637,m2d2_s2orc_unsplit-llama3,loss,1.8538672924041748
47999,hero-12d8b6f0-dee637,m2d2_s2orc_unsplit-llama3,loss,1.850839614868164
50999,hero-12d8b6f0-dee637,m2d2_s2orc_unsplit-llama3,loss,1.8514782190322876
53999,hero-12d8b6f0-dee637,m2d2_s2orc_unsplit-llama3,loss,1.8504949808120728
56999,hero-12d8b6f0-dee637,m2d2_s2orc_unsplit-llama3,loss,1.8480207920074463
0,hero-12d8b6f0-dee637,m2d2_wikipedia_unsplit-llama3,bpb,3.808901309967041
2999,hero-12d8b6f0-dee637,m2d2_wikipedia_unsplit-llama3,bpb,0.7782896161079407
5999,hero-12d8b6f0-dee637,m2d2_wikipedia_unsplit-llama3,bpb,0.692009449005127
8999,hero-12d8b6f0-dee637,m2d2_wikipedia_unsplit-llama3,bpb,0.6652752757072449
11999,hero-12d8b6f0-dee637,m2d2_wikipedia_unsplit-llama3,bpb,0.6497964859008789
14999,hero-12d8b6f0-dee637,m2d2_wikipedia_unsplit-llama3,bpb,0.6416541337966919
17999,hero-12d8b6f0-dee637,m2d2_wikipedia_unsplit-llama3,bpb,0.6346268653869629
20999,hero-12d8b6f0-dee637,m2d2_wikipedia_unsplit-llama3,bpb,0.6309242248535156
23999,hero-12d8b6f0-dee637,m2d2_wikipedia_unsplit-llama3,bpb,0.6268444657325745
26999,hero-12d8b6f0-dee637,m2d2_wikipedia_unsplit-llama3,bpb,0.6234738230705261
29999,hero-12d8b6f0-dee637,m2d2_wikipedia_unsplit-llama3,bpb,0.6198931336402893
32999,hero-12d8b6f0-dee637,m2d2_wikipedia_unsplit-llama3,bpb,0.6176859140396118
35999,hero-12d8b6f0-dee637,m2d2_wikipedia_unsplit-llama3,bpb,0.6167212128639221
38999,hero-12d8b6f0-dee637,m2d2_wikipedia_unsplit-llama3,bpb,0.6152787804603577
41999,hero-12d8b6f0-dee637,m2d2_wikipedia_unsplit-llama3,bpb,0.6131806373596191
44999,hero-12d8b6f0-dee637,m2d2_wikipedia_unsplit-llama3,bpb,0.6118083000183105
47999,hero-12d8b6f0-dee637,m2d2_wikipedia_unsplit-llama3,bpb,0.6102538704872131
50999,hero-12d8b6f0-dee637,m2d2_wikipedia_unsplit-llama3,bpb,0.6083942651748657
53999,hero-12d8b6f0-dee637,m2d2_wikipedia_unsplit-llama3,bpb,0.6071686148643494
56999,hero-12d8b6f0-dee637,m2d2_wikipedia_unsplit-llama3,bpb,0.6063797473907471
0,hero-12d8b6f0-dee637,m2d2_wikipedia_unsplit-llama3,loss,11.783014297485352
2999,hero-12d8b6f0-dee637,m2d2_wikipedia_unsplit-llama3,loss,2.4072458744049072
5999,hero-12d8b6f0-dee637,m2d2_wikipedia_unsplit-llama3,loss,2.1403753757476807
8999,hero-12d8b6f0-dee637,m2d2_wikipedia_unsplit-llama3,loss,2.0576722621917725
11999,hero-12d8b6f0-dee637,m2d2_wikipedia_unsplit-llama3,loss,2.0097856521606445
14999,hero-12d8b6f0-dee637,m2d2_wikipedia_unsplit-llama3,loss,1.984642505645752
17999,hero-12d8b6f0-dee637,m2d2_wikipedia_unsplit-llama3,loss,1.962875247001648
20999,hero-12d8b6f0-dee637,m2d2_wikipedia_unsplit-llama3,loss,1.9514213800430298
23999,hero-12d8b6f0-dee637,m2d2_wikipedia_unsplit-llama3,loss,1.9388136863708496
26999,hero-12d8b6f0-dee637,m2d2_wikipedia_unsplit-llama3,loss,1.9283357858657837
29999,hero-12d8b6f0-dee637,m2d2_wikipedia_unsplit-llama3,loss,1.9172618389129639
32999,hero-12d8b6f0-dee637,m2d2_wikipedia_unsplit-llama3,loss,1.9104516506195068
35999,hero-12d8b6f0-dee637,m2d2_wikipedia_unsplit-llama3,loss,1.9074915647506714
38999,hero-12d8b6f0-dee637,m2d2_wikipedia_unsplit-llama3,loss,1.9030067920684814
41999,hero-12d8b6f0-dee637,m2d2_wikipedia_unsplit-llama3,loss,1.8965338468551636
44999,hero-12d8b6f0-dee637,m2d2_wikipedia_unsplit-llama3,loss,1.8922605514526367
47999,hero-12d8b6f0-dee637,m2d2_wikipedia_unsplit-llama3,loss,1.8874568939208984
50999,hero-12d8b6f0-dee637,m2d2_wikipedia_unsplit-llama3,loss,1.881700038909912
53999,hero-12d8b6f0-dee637,m2d2_wikipedia_unsplit-llama3,loss,1.8779207468032837
56999,hero-12d8b6f0-dee637,m2d2_wikipedia_unsplit-llama3,loss,1.8754701614379883
0,hero-12d8b6f0-dee637,__parent__,macro_bpb,4.181262969970703
2999,hero-12d8b6f0-dee637,__parent__,macro_bpb,0.980428159236908
5999,hero-12d8b6f0-dee637,__parent__,macro_bpb,0.8951019644737244
8999,hero-12d8b6f0-dee637,__parent__,macro_bpb,0.8659117221832275
11999,hero-12d8b6f0-dee637,__parent__,macro_bpb,0.8541865348815918
14999,hero-12d8b6f0-dee637,__parent__,macro_bpb,0.8467321395874023
17999,hero-12d8b6f0-dee637,__parent__,macro_bpb,0.841086745262146
20999,hero-12d8b6f0-dee637,__parent__,macro_bpb,0.834793210029602
23999,hero-12d8b6f0-dee637,__parent__,macro_bpb,0.8336666822433472
26999,hero-12d8b6f0-dee637,__parent__,macro_bpb,0.8314017057418823
29999,hero-12d8b6f0-dee637,__parent__,macro_bpb,0.8283740282058716
32999,hero-12d8b6f0-dee637,__parent__,macro_bpb,0.8260650634765625
35999,hero-12d8b6f0-dee637,__parent__,macro_bpb,0.8260858058929443
38999,hero-12d8b6f0-dee637,__parent__,macro_bpb,0.822748064994812
41999,hero-12d8b6f0-dee637,__parent__,macro_bpb,0.8215298652648926
44999,hero-12d8b6f0-dee637,__parent__,macro_bpb,0.8187980651855469
47999,hero-12d8b6f0-dee637,__parent__,macro_bpb,0.820145845413208
50999,hero-12d8b6f0-dee637,__parent__,macro_bpb,0.818138599395752
53999,hero-12d8b6f0-dee637,__parent__,macro_bpb,0.8165733814239502
56999,hero-12d8b6f0-dee637,__parent__,macro_bpb,0.8169410228729248
0,hero-12d8b6f0-dee637,__parent__,macro_loss,11.786223411560059
2999,hero-12d8b6f0-dee637,__parent__,macro_loss,2.7256054878234863
5999,hero-12d8b6f0-dee637,__parent__,macro_loss,2.478672504425049
8999,hero-12d8b6f0-dee637,__parent__,macro_loss,2.3948450088500977
11999,hero-12d8b6f0-dee637,__parent__,macro_loss,2.3611860275268555
14999,hero-12d8b6f0-dee637,__parent__,macro_loss,2.339600086212158
17999,hero-12d8b6f0-dee637,__parent__,macro_loss,2.322331428527832
20999,hero-12d8b6f0-dee637,__parent__,macro_loss,2.3051211833953857
23999,hero-12d8b6f0-dee637,__parent__,macro_loss,2.301569938659668
26999,hero-12d8b6f0-dee637,__parent__,macro_loss,2.294292449951172
29999,hero-12d8b6f0-dee637,__parent__,macro_loss,2.2855653762817383
32999,hero-12d8b6f0-dee637,__parent__,macro_loss,2.2781243324279785
35999,hero-12d8b6f0-dee637,__parent__,macro_loss,2.2787857055664062
38999,hero-12d8b6f0-dee637,__parent__,macro_loss,2.2706663608551025
41999,hero-12d8b6f0-dee637,__parent__,macro_loss,2.2669310569763184
44999,hero-12d8b6f0-dee637,__parent__,macro_loss,2.25874662399292
47999,hero-12d8b6f0-dee637,__parent__,macro_loss,2.2619452476501465
50999,hero-12d8b6f0-dee637,__parent__,macro_loss,2.2565436363220215
53999,hero-12d8b6f0-dee637,__parent__,macro_loss,2.251771926879883
56999,hero-12d8b6f0-dee637,__parent__,macro_loss,2.252458333969116
0,hero-12d8b6f0-dee637,manosphere_meta_sep-llama3,bpb,4.0231194496154785
2999,hero-12d8b6f0-dee637,manosphere_meta_sep-llama3,bpb,1.0680997371673584
5999,hero-12d8b6f0-dee637,manosphere_meta_sep-llama3,bpb,0.9851647019386292
8999,hero-12d8b6f0-dee637,manosphere_meta_sep-llama3,bpb,0.9586918950080872
11999,hero-12d8b6f0-dee637,manosphere_meta_sep-llama3,bpb,0.9452922940254211
14999,hero-12d8b6f0-dee637,manosphere_meta_sep-llama3,bpb,0.9376185536384583
17999,hero-12d8b6f0-dee637,manosphere_meta_sep-llama3,bpb,0.9333748817443848
20999,hero-12d8b6f0-dee637,manosphere_meta_sep-llama3,bpb,0.928368330001831
23999,hero-12d8b6f0-dee637,manosphere_meta_sep-llama3,bpb,0.9246125221252441
26999,hero-12d8b6f0-dee637,manosphere_meta_sep-llama3,bpb,0.9242787957191467
29999,hero-12d8b6f0-dee637,manosphere_meta_sep-llama3,bpb,0.9218444228172302
32999,hero-12d8b6f0-dee637,manosphere_meta_sep-llama3,bpb,0.9187020063400269
35999,hero-12d8b6f0-dee637,manosphere_meta_sep-llama3,bpb,0.9188975095748901
38999,hero-12d8b6f0-dee637,manosphere_meta_sep-llama3,bpb,0.9169532656669617
41999,hero-12d8b6f0-dee637,manosphere_meta_sep-llama3,bpb,0.9151433110237122
44999,hero-12d8b6f0-dee637,manosphere_meta_sep-llama3,bpb,0.913962721824646
47999,hero-12d8b6f0-dee637,manosphere_meta_sep-llama3,bpb,0.9140735268592834
50999,hero-12d8b6f0-dee637,manosphere_meta_sep-llama3,bpb,0.912466824054718
53999,hero-12d8b6f0-dee637,manosphere_meta_sep-llama3,bpb,0.9132076501846313
56999,hero-12d8b6f0-dee637,manosphere_meta_sep-llama3,bpb,0.9105708003044128
0,hero-12d8b6f0-dee637,manosphere_meta_sep-llama3,loss,11.782386779785156
2999,hero-12d8b6f0-dee637,manosphere_meta_sep-llama3,loss,3.1281111240386963
5999,hero-12d8b6f0-dee637,manosphere_meta_sep-llama3,loss,2.885221481323242
8999,hero-12d8b6f0-dee637,manosphere_meta_sep-llama3,loss,2.8076915740966797
11999,hero-12d8b6f0-dee637,manosphere_meta_sep-llama3,loss,2.7684485912323
14999,hero-12d8b6f0-dee637,manosphere_meta_sep-llama3,loss,2.745974540710449
17999,hero-12d8b6f0-dee637,manosphere_meta_sep-llama3,loss,2.733546495437622
20999,hero-12d8b6f0-dee637,manosphere_meta_sep-llama3,loss,2.718883991241455
23999,hero-12d8b6f0-dee637,manosphere_meta_sep-llama3,loss,2.7078843116760254
26999,hero-12d8b6f0-dee637,manosphere_meta_sep-llama3,loss,2.706907033920288
29999,hero-12d8b6f0-dee637,manosphere_meta_sep-llama3,loss,2.699777603149414
32999,hero-12d8b6f0-dee637,manosphere_meta_sep-llama3,loss,2.6905744075775146
35999,hero-12d8b6f0-dee637,manosphere_meta_sep-llama3,loss,2.6911470890045166
38999,hero-12d8b6f0-dee637,manosphere_meta_sep-llama3,loss,2.685452938079834
41999,hero-12d8b6f0-dee637,manosphere_meta_sep-llama3,loss,2.680152177810669
44999,hero-12d8b6f0-dee637,manosphere_meta_sep-llama3,loss,2.676694869995117
47999,hero-12d8b6f0-dee637,manosphere_meta_sep-llama3,loss,2.677018880844116
50999,hero-12d8b6f0-dee637,manosphere_meta_sep-llama3,loss,2.672313690185547
53999,hero-12d8b6f0-dee637,manosphere_meta_sep-llama3,loss,2.674483299255371
56999,hero-12d8b6f0-dee637,manosphere_meta_sep-llama3,loss,2.6667606830596924
0,hero-12d8b6f0-dee637,mc4-llama3,bpb,4.063166618347168
2999,hero-12d8b6f0-dee637,mc4-llama3,bpb,0.8211678266525269
5999,hero-12d8b6f0-dee637,mc4-llama3,bpb,0.7391089797019958
8999,hero-12d8b6f0-dee637,mc4-llama3,bpb,0.7123517394065857
11999,hero-12d8b6f0-dee637,mc4-llama3,bpb,0.699301540851593
14999,hero-12d8b6f0-dee637,mc4-llama3,bpb,0.6899018287658691
17999,hero-12d8b6f0-dee637,mc4-llama3,bpb,0.6855806708335876
20999,hero-12d8b6f0-dee637,mc4-llama3,bpb,0.681538462638855
23999,hero-12d8b6f0-dee637,mc4-llama3,bpb,0.6781924366950989
26999,hero-12d8b6f0-dee637,mc4-llama3,bpb,0.6735931038856506
29999,hero-12d8b6f0-dee637,mc4-llama3,bpb,0.6728056073188782
32999,hero-12d8b6f0-dee637,mc4-llama3,bpb,0.670276939868927
35999,hero-12d8b6f0-dee637,mc4-llama3,bpb,0.6689232587814331
38999,hero-12d8b6f0-dee637,mc4-llama3,bpb,0.6670677661895752
41999,hero-12d8b6f0-dee637,mc4-llama3,bpb,0.6648222804069519
44999,hero-12d8b6f0-dee637,mc4-llama3,bpb,0.6633339524269104
47999,hero-12d8b6f0-dee637,mc4-llama3,bpb,0.6635485887527466
50999,hero-12d8b6f0-dee637,mc4-llama3,bpb,0.6625699996948242
53999,hero-12d8b6f0-dee637,mc4-llama3,bpb,0.66214519739151
56999,hero-12d8b6f0-dee637,mc4-llama3,bpb,0.6602064371109009
0,hero-12d8b6f0-dee637,mc4-llama3,loss,11.786087036132812
2999,hero-12d8b6f0-dee637,mc4-llama3,loss,2.382331609725952
5999,hero-12d8b6f0-dee637,mc4-llama3,loss,2.1442925930023193
8999,hero-12d8b6f0-dee637,mc4-llama3,loss,2.066676378250122
11999,hero-12d8b6f0-dee637,mc4-llama3,loss,2.028820753097534
14999,hero-12d8b6f0-dee637,mc4-llama3,loss,2.001551866531372
17999,hero-12d8b6f0-dee637,mc4-llama3,loss,1.9890116453170776
20999,hero-12d8b6f0-dee637,mc4-llama3,loss,1.9772896766662598
23999,hero-12d8b6f0-dee637,mc4-llama3,loss,1.9675897359848022
26999,hero-12d8b6f0-dee637,mc4-llama3,loss,1.9542570114135742
29999,hero-12d8b6f0-dee637,mc4-llama3,loss,1.9519604444503784
32999,hero-12d8b6f0-dee637,mc4-llama3,loss,1.9446511268615723
35999,hero-12d8b6f0-dee637,mc4-llama3,loss,1.9407202005386353
38999,hero-12d8b6f0-dee637,mc4-llama3,loss,1.9353286027908325
41999,hero-12d8b6f0-dee637,mc4-llama3,loss,1.928804874420166
44999,hero-12d8b6f0-dee637,mc4-llama3,loss,1.9245085716247559
47999,hero-12d8b6f0-dee637,mc4-llama3,loss,1.9251199960708618
50999,hero-12d8b6f0-dee637,mc4-llama3,loss,1.922258734703064
53999,hero-12d8b6f0-dee637,mc4-llama3,loss,1.921042561531067
56999,hero-12d8b6f0-dee637,mc4-llama3,loss,1.9154300689697266
0,hero-12d8b6f0-dee637,__parent__,micro_loss,11.783814430236816
2999,hero-12d8b6f0-dee637,__parent__,micro_loss,2.4262537956237793
5999,hero-12d8b6f0-dee637,__parent__,micro_loss,2.1936278343200684
8999,hero-12d8b6f0-dee637,__parent__,micro_loss,2.119152069091797
11999,hero-12d8b6f0-dee637,__parent__,micro_loss,2.083763360977173
14999,hero-12d8b6f0-dee637,__parent__,micro_loss,2.061537981033325
17999,hero-12d8b6f0-dee637,__parent__,micro_loss,2.0477867126464844
20999,hero-12d8b6f0-dee637,__parent__,micro_loss,2.034014940261841
23999,hero-12d8b6f0-dee637,__parent__,micro_loss,2.026996612548828
26999,hero-12d8b6f0-dee637,__parent__,micro_loss,2.0193402767181396
29999,hero-12d8b6f0-dee637,__parent__,micro_loss,2.0130441188812256
32999,hero-12d8b6f0-dee637,__parent__,micro_loss,2.0078139305114746
35999,hero-12d8b6f0-dee637,__parent__,micro_loss,2.0048654079437256
38999,hero-12d8b6f0-dee637,__parent__,micro_loss,1.9985928535461426
41999,hero-12d8b6f0-dee637,__parent__,micro_loss,1.9951940774917603
44999,hero-12d8b6f0-dee637,__parent__,micro_loss,1.991361379623413
47999,hero-12d8b6f0-dee637,__parent__,micro_loss,1.9909083843231201
50999,hero-12d8b6f0-dee637,__parent__,micro_loss,1.9875952005386353
53999,hero-12d8b6f0-dee637,__parent__,micro_loss,1.9858183860778809
56999,hero-12d8b6f0-dee637,__parent__,micro_loss,1.9824434518814087
0,hero-12d8b6f0-dee637,ptb-llama3,bpb,3.7022547721862793
2999,hero-12d8b6f0-dee637,ptb-llama3,bpb,0.9288636445999146
5999,hero-12d8b6f0-dee637,ptb-llama3,bpb,0.7961682081222534
8999,hero-12d8b6f0-dee637,ptb-llama3,bpb,0.7417061924934387
11999,hero-12d8b6f0-dee637,ptb-llama3,bpb,0.7384318113327026
14999,hero-12d8b6f0-dee637,ptb-llama3,bpb,0.7333922982215881
17999,hero-12d8b6f0-dee637,ptb-llama3,bpb,0.708519458770752
20999,hero-12d8b6f0-dee637,ptb-llama3,bpb,0.696688175201416
23999,hero-12d8b6f0-dee637,ptb-llama3,bpb,0.7075948119163513
26999,hero-12d8b6f0-dee637,ptb-llama3,bpb,0.7053587436676025
29999,hero-12d8b6f0-dee637,ptb-llama3,bpb,0.6928859353065491
32999,hero-12d8b6f0-dee637,ptb-llama3,bpb,0.7008153200149536
35999,hero-12d8b6f0-dee637,ptb-llama3,bpb,0.7014462351799011
38999,hero-12d8b6f0-dee637,ptb-llama3,bpb,0.6990846991539001
41999,hero-12d8b6f0-dee637,ptb-llama3,bpb,0.6986851096153259
44999,hero-12d8b6f0-dee637,ptb-llama3,bpb,0.6807579398155212
47999,hero-12d8b6f0-dee637,ptb-llama3,bpb,0.6918308734893799
50999,hero-12d8b6f0-dee637,ptb-llama3,bpb,0.6849877834320068
53999,hero-12d8b6f0-dee637,ptb-llama3,bpb,0.6644705533981323
56999,hero-12d8b6f0-dee637,ptb-llama3,bpb,0.6863209009170532
0,hero-12d8b6f0-dee637,ptb-llama3,loss,11.776294708251953
2999,hero-12d8b6f0-dee637,ptb-llama3,loss,2.9545705318450928
5999,hero-12d8b6f0-dee637,ptb-llama3,loss,2.532486915588379
8999,hero-12d8b6f0-dee637,ptb-llama3,loss,2.3592517375946045
11999,hero-12d8b6f0-dee637,ptb-llama3,loss,2.3488364219665527
14999,hero-12d8b6f0-dee637,ptb-llama3,loss,2.3328065872192383
17999,hero-12d8b6f0-dee637,ptb-llama3,loss,2.253689765930176
20999,hero-12d8b6f0-dee637,ptb-llama3,loss,2.2160563468933105
23999,hero-12d8b6f0-dee637,ptb-llama3,loss,2.250748634338379
26999,hero-12d8b6f0-dee637,ptb-llama3,loss,2.243636131286621
29999,hero-12d8b6f0-dee637,ptb-llama3,loss,2.2039620876312256
32999,hero-12d8b6f0-dee637,ptb-llama3,loss,2.229184150695801
35999,hero-12d8b6f0-dee637,ptb-llama3,loss,2.2311911582946777
38999,hero-12d8b6f0-dee637,ptb-llama3,loss,2.223679304122925
41999,hero-12d8b6f0-dee637,ptb-llama3,loss,2.2224082946777344
44999,hero-12d8b6f0-dee637,ptb-llama3,loss,2.1653847694396973
47999,hero-12d8b6f0-dee637,ptb-llama3,loss,2.200606107711792
50999,hero-12d8b6f0-dee637,ptb-llama3,loss,2.1788394451141357
53999,hero-12d8b6f0-dee637,ptb-llama3,loss,2.113577127456665
56999,hero-12d8b6f0-dee637,ptb-llama3,loss,2.183079719543457
0,hero-12d8b6f0-dee637,redpajama-llama3,bpb,4.044363021850586
2999,hero-12d8b6f0-dee637,redpajama-llama3,bpb,0.7257725596427917
5999,hero-12d8b6f0-dee637,redpajama-llama3,bpb,0.6457504630088806
8999,hero-12d8b6f0-dee637,redpajama-llama3,bpb,0.6209387183189392
11999,hero-12d8b6f0-dee637,redpajama-llama3,bpb,0.608606219291687
14999,hero-12d8b6f0-dee637,redpajama-llama3,bpb,0.6001981496810913
17999,hero-12d8b6f0-dee637,redpajama-llama3,bpb,0.5961587429046631
20999,hero-12d8b6f0-dee637,redpajama-llama3,bpb,0.5903045535087585
23999,hero-12d8b6f0-dee637,redpajama-llama3,bpb,0.5884662866592407
26999,hero-12d8b6f0-dee637,redpajama-llama3,bpb,0.5862924456596375
29999,hero-12d8b6f0-dee637,redpajama-llama3,bpb,0.5840122103691101
32999,hero-12d8b6f0-dee637,redpajama-llama3,bpb,0.5813002586364746
35999,hero-12d8b6f0-dee637,redpajama-llama3,bpb,0.5808656215667725
38999,hero-12d8b6f0-dee637,redpajama-llama3,bpb,0.5779991745948792
41999,hero-12d8b6f0-dee637,redpajama-llama3,bpb,0.5771657824516296
44999,hero-12d8b6f0-dee637,redpajama-llama3,bpb,0.5743716359138489
47999,hero-12d8b6f0-dee637,redpajama-llama3,bpb,0.5747961401939392
50999,hero-12d8b6f0-dee637,redpajama-llama3,bpb,0.5752046704292297
53999,hero-12d8b6f0-dee637,redpajama-llama3,bpb,0.5734586119651794
56999,hero-12d8b6f0-dee637,redpajama-llama3,bpb,0.5721524953842163
0,hero-12d8b6f0-dee637,redpajama-llama3,loss,11.785710334777832
2999,hero-12d8b6f0-dee637,redpajama-llama3,loss,2.1149795055389404
5999,hero-12d8b6f0-dee637,redpajama-llama3,loss,1.881786584854126
8999,hero-12d8b6f0-dee637,redpajama-llama3,loss,1.809482455253601
11999,hero-12d8b6f0-dee637,redpajama-llama3,loss,1.7735443115234375
14999,hero-12d8b6f0-dee637,redpajama-llama3,loss,1.749042272567749
17999,hero-12d8b6f0-dee637,redpajama-llama3,loss,1.7372709512710571
20999,hero-12d8b6f0-dee637,redpajama-llama3,loss,1.720211148262024
23999,hero-12d8b6f0-dee637,redpajama-llama3,loss,1.7148542404174805
26999,hero-12d8b6f0-dee637,redpajama-llama3,loss,1.708519458770752
29999,hero-12d8b6f0-dee637,redpajama-llama3,loss,1.7018746137619019
32999,hero-12d8b6f0-dee637,redpajama-llama3,loss,1.6939715147018433
35999,hero-12d8b6f0-dee637,redpajama-llama3,loss,1.6927051544189453
38999,hero-12d8b6f0-dee637,redpajama-llama3,loss,1.684351921081543
41999,hero-12d8b6f0-dee637,redpajama-llama3,loss,1.6819233894348145
44999,hero-12d8b6f0-dee637,redpajama-llama3,loss,1.6737810373306274
47999,hero-12d8b6f0-dee637,redpajama-llama3,loss,1.675018072128296
50999,hero-12d8b6f0-dee637,redpajama-llama3,loss,1.67620849609375
53999,hero-12d8b6f0-dee637,redpajama-llama3,loss,1.671120285987854
56999,hero-12d8b6f0-dee637,redpajama-llama3,loss,1.6673141717910767
0,hero-12d8b6f0-dee637,twitterAAE_HELM_fixed-llama3,bpb,5.775504112243652
2999,hero-12d8b6f0-dee637,twitterAAE_HELM_fixed-llama3,bpb,2.335500717163086
5999,hero-12d8b6f0-dee637,twitterAAE_HELM_fixed-llama3,bpb,2.267300844192505
8999,hero-12d8b6f0-dee637,twitterAAE_HELM_fixed-llama3,bpb,2.2322239875793457
11999,hero-12d8b6f0-dee637,twitterAAE_HELM_fixed-llama3,bpb,2.22550630569458
14999,hero-12d8b6f0-dee637,twitterAAE_HELM_fixed-llama3,bpb,2.2206032276153564
17999,hero-12d8b6f0-dee637,twitterAAE_HELM_fixed-llama3,bpb,2.2257285118103027
20999,hero-12d8b6f0-dee637,twitterAAE_HELM_fixed-llama3,bpb,2.2040863037109375
23999,hero-12d8b6f0-dee637,twitterAAE_HELM_fixed-llama3,bpb,2.2106916904449463
26999,hero-12d8b6f0-dee637,twitterAAE_HELM_fixed-llama3,bpb,2.218303680419922
29999,hero-12d8b6f0-dee637,twitterAAE_HELM_fixed-llama3,bpb,2.2164692878723145
32999,hero-12d8b6f0-dee637,twitterAAE_HELM_fixed-llama3,bpb,2.2238566875457764
35999,hero-12d8b6f0-dee637,twitterAAE_HELM_fixed-llama3,bpb,2.219385862350464
38999,hero-12d8b6f0-dee637,twitterAAE_HELM_fixed-llama3,bpb,2.1963722705841064
41999,hero-12d8b6f0-dee637,twitterAAE_HELM_fixed-llama3,bpb,2.199655771255493
44999,hero-12d8b6f0-dee637,twitterAAE_HELM_fixed-llama3,bpb,2.196295976638794
47999,hero-12d8b6f0-dee637,twitterAAE_HELM_fixed-llama3,bpb,2.206760883331299
50999,hero-12d8b6f0-dee637,twitterAAE_HELM_fixed-llama3,bpb,2.200258731842041
53999,hero-12d8b6f0-dee637,twitterAAE_HELM_fixed-llama3,bpb,2.197709321975708
56999,hero-12d8b6f0-dee637,twitterAAE_HELM_fixed-llama3,bpb,2.210620880126953
0,hero-12d8b6f0-dee637,twitterAAE_HELM_fixed-llama3,loss,11.794301986694336
2999,hero-12d8b6f0-dee637,twitterAAE_HELM_fixed-llama3,loss,4.769384860992432
5999,hero-12d8b6f0-dee637,twitterAAE_HELM_fixed-llama3,loss,4.630112171173096
8999,hero-12d8b6f0-dee637,twitterAAE_HELM_fixed-llama3,loss,4.558481216430664
11999,hero-12d8b6f0-dee637,twitterAAE_HELM_fixed-llama3,loss,4.54476261138916
14999,hero-12d8b6f0-dee637,twitterAAE_HELM_fixed-llama3,loss,4.534750461578369
17999,hero-12d8b6f0-dee637,twitterAAE_HELM_fixed-llama3,loss,4.545216083526611
20999,hero-12d8b6f0-dee637,twitterAAE_HELM_fixed-llama3,loss,4.501020431518555
23999,hero-12d8b6f0-dee637,twitterAAE_HELM_fixed-llama3,loss,4.514509677886963
26999,hero-12d8b6f0-dee637,twitterAAE_HELM_fixed-llama3,loss,4.530053615570068
29999,hero-12d8b6f0-dee637,twitterAAE_HELM_fixed-llama3,loss,4.526308059692383
32999,hero-12d8b6f0-dee637,twitterAAE_HELM_fixed-llama3,loss,4.541393756866455
35999,hero-12d8b6f0-dee637,twitterAAE_HELM_fixed-llama3,loss,4.53226375579834
38999,hero-12d8b6f0-dee637,twitterAAE_HELM_fixed-llama3,loss,4.485267162322998
41999,hero-12d8b6f0-dee637,twitterAAE_HELM_fixed-llama3,loss,4.49197244644165
44999,hero-12d8b6f0-dee637,twitterAAE_HELM_fixed-llama3,loss,4.485111713409424
47999,hero-12d8b6f0-dee637,twitterAAE_HELM_fixed-llama3,loss,4.506482124328613
50999,hero-12d8b6f0-dee637,twitterAAE_HELM_fixed-llama3,loss,4.493203639984131
53999,hero-12d8b6f0-dee637,twitterAAE_HELM_fixed-llama3,loss,4.487998008728027
56999,hero-12d8b6f0-dee637,twitterAAE_HELM_fixed-llama3,loss,4.514364719390869
0,hero-12d8b6f0-dee637,wikitext_103-llama3,bpb,3.7493093013763428
2999,hero-12d8b6f0-dee637,wikitext_103-llama3,bpb,0.7591670155525208
5999,hero-12d8b6f0-dee637,wikitext_103-llama3,bpb,0.6518033146858215
8999,hero-12d8b6f0-dee637,wikitext_103-llama3,bpb,0.6153544187545776
11999,hero-12d8b6f0-dee637,wikitext_103-llama3,bpb,0.6054134964942932
14999,hero-12d8b6f0-dee637,wikitext_103-llama3,bpb,0.5978047847747803
17999,hero-12d8b6f0-dee637,wikitext_103-llama3,bpb,0.5888591408729553
20999,hero-12d8b6f0-dee637,wikitext_103-llama3,bpb,0.5823984742164612
23999,hero-12d8b6f0-dee637,wikitext_103-llama3,bpb,0.5803422927856445
26999,hero-12d8b6f0-dee637,wikitext_103-llama3,bpb,0.5725880265235901
29999,hero-12d8b6f0-dee637,wikitext_103-llama3,bpb,0.5705704092979431
32999,hero-12d8b6f0-dee637,wikitext_103-llama3,bpb,0.5428847670555115
35999,hero-12d8b6f0-dee637,wikitext_103-llama3,bpb,0.5610992312431335
38999,hero-12d8b6f0-dee637,wikitext_103-llama3,bpb,0.5665080547332764
41999,hero-12d8b6f0-dee637,wikitext_103-llama3,bpb,0.5645202398300171
44999,hero-12d8b6f0-dee637,wikitext_103-llama3,bpb,0.5587969422340393
47999,hero-12d8b6f0-dee637,wikitext_103-llama3,bpb,0.5534360408782959
50999,hero-12d8b6f0-dee637,wikitext_103-llama3,bpb,0.5563953518867493
53999,hero-12d8b6f0-dee637,wikitext_103-llama3,bpb,0.5600870847702026
56999,hero-12d8b6f0-dee637,wikitext_103-llama3,bpb,0.5511389970779419
0,hero-12d8b6f0-dee637,wikitext_103-llama3,loss,11.790088653564453
2999,hero-12d8b6f0-dee637,wikitext_103-llama3,loss,2.3872790336608887
5999,hero-12d8b6f0-dee637,wikitext_103-llama3,loss,2.0496625900268555
8999,hero-12d8b6f0-dee637,wikitext_103-llama3,loss,1.9350453615188599
11999,hero-12d8b6f0-dee637,wikitext_103-llama3,loss,1.903785228729248
14999,hero-12d8b6f0-dee637,wikitext_103-llama3,loss,1.8798588514328003
17999,hero-12d8b6f0-dee637,wikitext_103-llama3,loss,1.8517282009124756
20999,hero-12d8b6f0-dee637,wikitext_103-llama3,loss,1.8314120769500732
23999,hero-12d8b6f0-dee637,wikitext_103-llama3,loss,1.8249461650848389
26999,hero-12d8b6f0-dee637,wikitext_103-llama3,loss,1.8005621433258057
29999,hero-12d8b6f0-dee637,wikitext_103-llama3,loss,1.794217586517334
32999,hero-12d8b6f0-dee637,wikitext_103-llama3,loss,1.7071571350097656
35999,hero-12d8b6f0-dee637,wikitext_103-llama3,loss,1.7644344568252563
38999,hero-12d8b6f0-dee637,wikitext_103-llama3,loss,1.7814429998397827
41999,hero-12d8b6f0-dee637,wikitext_103-llama3,loss,1.7751920223236084
44999,hero-12d8b6f0-dee637,wikitext_103-llama3,loss,1.7571946382522583
47999,hero-12d8b6f0-dee637,wikitext_103-llama3,loss,1.7403366565704346
50999,hero-12d8b6f0-dee637,wikitext_103-llama3,loss,1.7496424913406372
53999,hero-12d8b6f0-dee637,wikitext_103-llama3,loss,1.7612515687942505
56999,hero-12d8b6f0-dee637,wikitext_103-llama3,loss,1.7331132888793945
59999,hero-wd-gate-router-p02-step58k,4chan-llama3,bpb,0.8478545546531677
62999,hero-wd-gate-router-p02-step58k,4chan-llama3,bpb,0.8451324105262756
65999,hero-wd-gate-router-p02-step58k,4chan-llama3,bpb,0.8451827168464661
68999,hero-wd-gate-router-p02-step58k,4chan-llama3,bpb,0.8446946740150452
71999,hero-wd-gate-router-p02-step58k,4chan-llama3,bpb,0.8434330224990845
74999,hero-wd-gate-router-p02-step58k,4chan-llama3,bpb,0.8428768515586853
77999,hero-wd-gate-router-p02-step58k,4chan-llama3,bpb,0.8412119746208191
80999,hero-wd-gate-router-p02-step58k,4chan-llama3,bpb,0.8411723971366882
59999,hero-wd-gate-router-p02-step58k,4chan-llama3,loss,1.9741699695587158
62999,hero-wd-gate-router-p02-step58k,4chan-llama3,loss,1.9678314924240112
65999,hero-wd-gate-router-p02-step58k,4chan-llama3,loss,1.9679487943649292
68999,hero-wd-gate-router-p02-step58k,4chan-llama3,loss,1.9668124914169312
71999,hero-wd-gate-router-p02-step58k,4chan-llama3,loss,1.9638748168945312
74999,hero-wd-gate-router-p02-step58k,4chan-llama3,loss,1.962579607963562
77999,hero-wd-gate-router-p02-step58k,4chan-llama3,loss,1.9587031602859497
80999,hero-wd-gate-router-p02-step58k,4chan-llama3,loss,1.9586111307144165
59999,hero-wd-gate-router-p02-step58k,__parent__,bpb,0.6746934056282043
62999,hero-wd-gate-router-p02-step58k,__parent__,bpb,0.6746968030929565
65999,hero-wd-gate-router-p02-step58k,__parent__,bpb,0.6735192537307739
68999,hero-wd-gate-router-p02-step58k,__parent__,bpb,0.6733446717262268
71999,hero-wd-gate-router-p02-step58k,__parent__,bpb,0.6726585626602173
74999,hero-wd-gate-router-p02-step58k,__parent__,bpb,0.6721055507659912
77999,hero-wd-gate-router-p02-step58k,__parent__,bpb,0.6712192296981812
80999,hero-wd-gate-router-p02-step58k,__parent__,bpb,0.6697720885276794
59999,hero-wd-gate-router-p02-step58k,c4_100_domains-llama3,bpb,0.66971355676651
62999,hero-wd-gate-router-p02-step58k,c4_100_domains-llama3,bpb,0.6689111590385437
65999,hero-wd-gate-router-p02-step58k,c4_100_domains-llama3,bpb,0.667888879776001
68999,hero-wd-gate-router-p02-step58k,c4_100_domains-llama3,bpb,0.6677266359329224
71999,hero-wd-gate-router-p02-step58k,c4_100_domains-llama3,bpb,0.6669511198997498
74999,hero-wd-gate-router-p02-step58k,c4_100_domains-llama3,bpb,0.6662192940711975
77999,hero-wd-gate-router-p02-step58k,c4_100_domains-llama3,bpb,0.6654136776924133
80999,hero-wd-gate-router-p02-step58k,c4_100_domains-llama3,bpb,0.6641899347305298
59999,hero-wd-gate-router-p02-step58k,c4_100_domains-llama3,loss,2.1513614654541016
62999,hero-wd-gate-router-p02-step58k,c4_100_domains-llama3,loss,2.148787021636963
65999,hero-wd-gate-router-p02-step58k,c4_100_domains-llama3,loss,2.1454968452453613
68999,hero-wd-gate-router-p02-step58k,c4_100_domains-llama3,loss,2.144972085952759
71999,hero-wd-gate-router-p02-step58k,c4_100_domains-llama3,loss,2.142484664916992
74999,hero-wd-gate-router-p02-step58k,c4_100_domains-llama3,loss,2.140137195587158
77999,hero-wd-gate-router-p02-step58k,c4_100_domains-llama3,loss,2.1375479698181152
80999,hero-wd-gate-router-p02-step58k,c4_100_domains-llama3,loss,2.133626937866211
59999,hero-wd-gate-router-p02-step58k,c4_en-llama3,bpb,0.7138080596923828
62999,hero-wd-gate-router-p02-step58k,c4_en-llama3,bpb,0.712653398513794
65999,hero-wd-gate-router-p02-step58k,c4_en-llama3,bpb,0.7120766639709473
68999,hero-wd-gate-router-p02-step58k,c4_en-llama3,bpb,0.7121103405952454
71999,hero-wd-gate-router-p02-step58k,c4_en-llama3,bpb,0.7106614708900452
74999,hero-wd-gate-router-p02-step58k,c4_en-llama3,bpb,0.7094988822937012
77999,hero-wd-gate-router-p02-step58k,c4_en-llama3,bpb,0.7094177603721619
80999,hero-wd-gate-router-p02-step58k,c4_en-llama3,bpb,0.7078613042831421
59999,hero-wd-gate-router-p02-step58k,c4_en-llama3,loss,2.31953763961792
62999,hero-wd-gate-router-p02-step58k,c4_en-llama3,loss,2.3157856464385986
65999,hero-wd-gate-router-p02-step58k,c4_en-llama3,loss,2.3139114379882812
68999,hero-wd-gate-router-p02-step58k,c4_en-llama3,loss,2.314020872116089
71999,hero-wd-gate-router-p02-step58k,c4_en-llama3,loss,2.309312582015991
74999,hero-wd-gate-router-p02-step58k,c4_en-llama3,loss,2.305534839630127
77999,hero-wd-gate-router-p02-step58k,c4_en-llama3,loss,2.3052711486816406
80999,hero-wd-gate-router-p02-step58k,c4_en-llama3,loss,2.30021333694458
59999,hero-wd-gate-router-p02-step58k,dolma-v1_5-llama3,bpb,0.6462418437004089
62999,hero-wd-gate-router-p02-step58k,dolma-v1_5-llama3,bpb,0.6463227272033691
65999,hero-wd-gate-router-p02-step58k,dolma-v1_5-llama3,bpb,0.6448547840118408
68999,hero-wd-gate-router-p02-step58k,dolma-v1_5-llama3,bpb,0.6442232131958008
71999,hero-wd-gate-router-p02-step58k,dolma-v1_5-llama3,bpb,0.6430505514144897
74999,hero-wd-gate-router-p02-step58k,dolma-v1_5-llama3,bpb,0.6421619057655334
77999,hero-wd-gate-router-p02-step58k,dolma-v1_5-llama3,bpb,0.6418365240097046
80999,hero-wd-gate-router-p02-step58k,dolma-v1_5-llama3,bpb,0.633389949798584
59999,hero-wd-gate-router-p02-step58k,dolma-v1_5-llama3,loss,1.9302585124969482
62999,hero-wd-gate-router-p02-step58k,dolma-v1_5-llama3,loss,1.9304741621017456
65999,hero-wd-gate-router-p02-step58k,dolma-v1_5-llama3,loss,1.9262019395828247
68999,hero-wd-gate-router-p02-step58k,dolma-v1_5-llama3,loss,1.9242243766784668
71999,hero-wd-gate-router-p02-step58k,dolma-v1_5-llama3,loss,1.920768141746521
74999,hero-wd-gate-router-p02-step58k,dolma-v1_5-llama3,loss,1.9180712699890137
77999,hero-wd-gate-router-p02-step58k,dolma-v1_5-llama3,loss,1.9171161651611328
80999,hero-wd-gate-router-p02-step58k,dolma-v1_5-llama3,loss,1.892441749572754
59999,hero-wd-gate-router-p02-step58k,dolma_100_programing_languages-llama3,bpb,0.3532172739505768
62999,hero-wd-gate-router-p02-step58k,dolma_100_programing_languages-llama3,bpb,0.3532027006149292
65999,hero-wd-gate-router-p02-step58k,dolma_100_programing_languages-llama3,bpb,0.35139718651771545
68999,hero-wd-gate-router-p02-step58k,dolma_100_programing_languages-llama3,bpb,0.3515339493751526
71999,hero-wd-gate-router-p02-step58k,dolma_100_programing_languages-llama3,bpb,0.3511214852333069
74999,hero-wd-gate-router-p02-step58k,dolma_100_programing_languages-llama3,bpb,0.3503890335559845
77999,hero-wd-gate-router-p02-step58k,dolma_100_programing_languages-llama3,bpb,0.34991946816444397
80999,hero-wd-gate-router-p02-step58k,dolma_100_programing_languages-llama3,bpb,0.34893226623535156
59999,hero-wd-gate-router-p02-step58k,dolma_100_programing_languages-llama3,loss,0.8234423398971558
62999,hero-wd-gate-router-p02-step58k,dolma_100_programing_languages-llama3,loss,0.8234379887580872
65999,hero-wd-gate-router-p02-step58k,dolma_100_programing_languages-llama3,loss,0.8192512392997742
68999,hero-wd-gate-router-p02-step58k,dolma_100_programing_languages-llama3,loss,0.8193561434745789
71999,hero-wd-gate-router-p02-step58k,dolma_100_programing_languages-llama3,loss,0.8182799816131592
74999,hero-wd-gate-router-p02-step58k,dolma_100_programing_languages-llama3,loss,0.8166782259941101
77999,hero-wd-gate-router-p02-step58k,dolma_100_programing_languages-llama3,loss,0.8156930208206177
80999,hero-wd-gate-router-p02-step58k,dolma_100_programing_languages-llama3,loss,0.8132477402687073
59999,hero-wd-gate-router-p02-step58k,dolma_100_subreddits-llama3,bpb,0.8818560838699341
62999,hero-wd-gate-router-p02-step58k,dolma_100_subreddits-llama3,bpb,0.8822775483131409
65999,hero-wd-gate-router-p02-step58k,dolma_100_subreddits-llama3,bpb,0.8805232048034668
68999,hero-wd-gate-router-p02-step58k,dolma_100_subreddits-llama3,bpb,0.8800162076950073
71999,hero-wd-gate-router-p02-step58k,dolma_100_subreddits-llama3,bpb,0.8791909217834473
74999,hero-wd-gate-router-p02-step58k,dolma_100_subreddits-llama3,bpb,0.8793363571166992
77999,hero-wd-gate-router-p02-step58k,dolma_100_subreddits-llama3,bpb,0.8783478736877441
80999,hero-wd-gate-router-p02-step58k,dolma_100_subreddits-llama3,bpb,0.8772972226142883
59999,hero-wd-gate-router-p02-step58k,dolma_100_subreddits-llama3,loss,2.687544822692871
62999,hero-wd-gate-router-p02-step58k,dolma_100_subreddits-llama3,loss,2.688829183578491
65999,hero-wd-gate-router-p02-step58k,dolma_100_subreddits-llama3,loss,2.6834795475006104
68999,hero-wd-gate-router-p02-step58k,dolma_100_subreddits-llama3,loss,2.6819348335266113
71999,hero-wd-gate-router-p02-step58k,dolma_100_subreddits-llama3,loss,2.679417610168457
74999,hero-wd-gate-router-p02-step58k,dolma_100_subreddits-llama3,loss,2.6798629760742188
77999,hero-wd-gate-router-p02-step58k,dolma_100_subreddits-llama3,loss,2.6768476963043213
80999,hero-wd-gate-router-p02-step58k,dolma_100_subreddits-llama3,loss,2.673651933670044
59999,hero-wd-gate-router-p02-step58k,falcon-refinedweb-llama3,bpb,0.7495077848434448
62999,hero-wd-gate-router-p02-step58k,falcon-refinedweb-llama3,bpb,0.7479076385498047
65999,hero-wd-gate-router-p02-step58k,falcon-refinedweb-llama3,bpb,0.7478817701339722
68999,hero-wd-gate-router-p02-step58k,falcon-refinedweb-llama3,bpb,0.7468819618225098
71999,hero-wd-gate-router-p02-step58k,falcon-refinedweb-llama3,bpb,0.7464965581893921
74999,hero-wd-gate-router-p02-step58k,falcon-refinedweb-llama3,bpb,0.7446111440658569
77999,hero-wd-gate-router-p02-step58k,falcon-refinedweb-llama3,bpb,0.7439748644828796
80999,hero-wd-gate-router-p02-step58k,falcon-refinedweb-llama3,bpb,0.7434308528900146
59999,hero-wd-gate-router-p02-step58k,falcon-refinedweb-llama3,loss,2.3497960567474365
62999,hero-wd-gate-router-p02-step58k,falcon-refinedweb-llama3,loss,2.3447797298431396
65999,hero-wd-gate-router-p02-step58k,falcon-refinedweb-llama3,loss,2.344698429107666
68999,hero-wd-gate-router-p02-step58k,falcon-refinedweb-llama3,loss,2.3415639400482178
71999,hero-wd-gate-router-p02-step58k,falcon-refinedweb-llama3,loss,2.340355634689331
74999,hero-wd-gate-router-p02-step58k,falcon-refinedweb-llama3,loss,2.334444522857666
77999,hero-wd-gate-router-p02-step58k,falcon-refinedweb-llama3,loss,2.3324496746063232
80999,hero-wd-gate-router-p02-step58k,falcon-refinedweb-llama3,loss,2.3307442665100098
59999,hero-wd-gate-router-p02-step58k,gab-llama3,bpb,1.3924360275268555
62999,hero-wd-gate-router-p02-step58k,gab-llama3,bpb,1.4019628763198853
65999,hero-wd-gate-router-p02-step58k,gab-llama3,bpb,1.39601469039917
68999,hero-wd-gate-router-p02-step58k,gab-llama3,bpb,1.3966978788375854
71999,hero-wd-gate-router-p02-step58k,gab-llama3,bpb,1.3963950872421265
74999,hero-wd-gate-router-p02-step58k,gab-llama3,bpb,1.3980486392974854
77999,hero-wd-gate-router-p02-step58k,gab-llama3,bpb,1.3929985761642456
80999,hero-wd-gate-router-p02-step58k,gab-llama3,bpb,1.3875007629394531
59999,hero-wd-gate-router-p02-step58k,gab-llama3,loss,3.379138708114624
62999,hero-wd-gate-router-p02-step58k,gab-llama3,loss,3.4022583961486816
65999,hero-wd-gate-router-p02-step58k,gab-llama3,loss,3.3878235816955566
68999,hero-wd-gate-router-p02-step58k,gab-llama3,loss,3.38948130607605
71999,hero-wd-gate-router-p02-step58k,gab-llama3,loss,3.388746500015259
74999,hero-wd-gate-router-p02-step58k,gab-llama3,loss,3.392759084701538
77999,hero-wd-gate-router-p02-step58k,gab-llama3,loss,3.3805041313171387
80999,hero-wd-gate-router-p02-step58k,gab-llama3,loss,3.367161989212036
59999,hero-wd-gate-router-p02-step58k,m2d2_s2orc_unsplit-llama3,bpb,0.6100473403930664
62999,hero-wd-gate-router-p02-step58k,m2d2_s2orc_unsplit-llama3,bpb,0.6092353463172913
65999,hero-wd-gate-router-p02-step58k,m2d2_s2orc_unsplit-llama3,bpb,0.6089130640029907
68999,hero-wd-gate-router-p02-step58k,m2d2_s2orc_unsplit-llama3,bpb,0.6083358526229858
71999,hero-wd-gate-router-p02-step58k,m2d2_s2orc_unsplit-llama3,bpb,0.6076698899269104
74999,hero-wd-gate-router-p02-step58k,m2d2_s2orc_unsplit-llama3,bpb,0.607631504535675
77999,hero-wd-gate-router-p02-step58k,m2d2_s2orc_unsplit-llama3,bpb,0.6072108745574951
80999,hero-wd-gate-router-p02-step58k,m2d2_s2orc_unsplit-llama3,bpb,0.6062110066413879
59999,hero-wd-gate-router-p02-step58k,m2d2_s2orc_unsplit-llama3,loss,1.8446707725524902
62999,hero-wd-gate-router-p02-step58k,m2d2_s2orc_unsplit-llama3,loss,1.8422646522521973
65999,hero-wd-gate-router-p02-step58k,m2d2_s2orc_unsplit-llama3,loss,1.8412693738937378
68999,hero-wd-gate-router-p02-step58k,m2d2_s2orc_unsplit-llama3,loss,1.8395568132400513
71999,hero-wd-gate-router-p02-step58k,m2d2_s2orc_unsplit-llama3,loss,1.8375316858291626
74999,hero-wd-gate-router-p02-step58k,m2d2_s2orc_unsplit-llama3,loss,1.837315320968628
77999,hero-wd-gate-router-p02-step58k,m2d2_s2orc_unsplit-llama3,loss,1.8360755443572998
80999,hero-wd-gate-router-p02-step58k,m2d2_s2orc_unsplit-llama3,loss,1.8330647945404053
59999,hero-wd-gate-router-p02-step58k,m2d2_wikipedia_unsplit-llama3,bpb,0.6055238842964172
62999,hero-wd-gate-router-p02-step58k,m2d2_wikipedia_unsplit-llama3,bpb,0.604810357093811
65999,hero-wd-gate-router-p02-step58k,m2d2_wikipedia_unsplit-llama3,bpb,0.6036587953567505
68999,hero-wd-gate-router-p02-step58k,m2d2_wikipedia_unsplit-llama3,bpb,0.6014790534973145
71999,hero-wd-gate-router-p02-step58k,m2d2_wikipedia_unsplit-llama3,bpb,0.6005067229270935
74999,hero-wd-gate-router-p02-step58k,m2d2_wikipedia_unsplit-llama3,bpb,0.5985730290412903
77999,hero-wd-gate-router-p02-step58k,m2d2_wikipedia_unsplit-llama3,bpb,0.5981884598731995
80999,hero-wd-gate-router-p02-step58k,m2d2_wikipedia_unsplit-llama3,bpb,0.5975521206855774
59999,hero-wd-gate-router-p02-step58k,m2d2_wikipedia_unsplit-llama3,loss,1.8728224039077759
62999,hero-wd-gate-router-p02-step58k,m2d2_wikipedia_unsplit-llama3,loss,1.8706114292144775
65999,hero-wd-gate-router-p02-step58k,m2d2_wikipedia_unsplit-llama3,loss,1.8670623302459717
68999,hero-wd-gate-router-p02-step58k,m2d2_wikipedia_unsplit-llama3,loss,1.8603001832962036
71999,hero-wd-gate-router-p02-step58k,m2d2_wikipedia_unsplit-llama3,loss,1.857288122177124
74999,hero-wd-gate-router-p02-step58k,m2d2_wikipedia_unsplit-llama3,loss,1.8513262271881104
77999,hero-wd-gate-router-p02-step58k,m2d2_wikipedia_unsplit-llama3,loss,1.8501369953155518
80999,hero-wd-gate-router-p02-step58k,m2d2_wikipedia_unsplit-llama3,loss,1.8481606245040894
59999,hero-wd-gate-router-p02-step58k,__parent__,macro_bpb,0.8133566975593567
62999,hero-wd-gate-router-p02-step58k,__parent__,macro_bpb,0.8147405385971069
65999,hero-wd-gate-router-p02-step58k,__parent__,macro_bpb,0.8137536644935608
68999,hero-wd-gate-router-p02-step58k,__parent__,macro_bpb,0.8148927688598633
71999,hero-wd-gate-router-p02-step58k,__parent__,macro_bpb,0.8145711421966553
74999,hero-wd-gate-router-p02-step58k,__parent__,macro_bpb,0.8136700391769409
77999,hero-wd-gate-router-p02-step58k,__parent__,macro_bpb,0.8107144236564636
80999,hero-wd-gate-router-p02-step58k,__parent__,macro_bpb,0.8094013929367065
59999,hero-wd-gate-router-p02-step58k,__parent__,macro_loss,2.2442374229431152
62999,hero-wd-gate-router-p02-step58k,__parent__,macro_loss,2.24666428565979
65999,hero-wd-gate-router-p02-step58k,__parent__,macro_loss,2.2446577548980713
68999,hero-wd-gate-router-p02-step58k,__parent__,macro_loss,2.2467639446258545
71999,hero-wd-gate-router-p02-step58k,__parent__,macro_loss,2.2457966804504395
74999,hero-wd-gate-router-p02-step58k,__parent__,macro_loss,2.2432382106781006
77999,hero-wd-gate-router-p02-step58k,__parent__,macro_loss,2.235020637512207
80999,hero-wd-gate-router-p02-step58k,__parent__,macro_loss,2.2316203117370605
59999,hero-wd-gate-router-p02-step58k,manosphere_meta_sep-llama3,bpb,0.9109559655189514
62999,hero-wd-gate-router-p02-step58k,manosphere_meta_sep-llama3,bpb,0.9096471667289734
65999,hero-wd-gate-router-p02-step58k,manosphere_meta_sep-llama3,bpb,0.9090155959129333
68999,hero-wd-gate-router-p02-step58k,manosphere_meta_sep-llama3,bpb,0.9081860184669495
71999,hero-wd-gate-router-p02-step58k,manosphere_meta_sep-llama3,bpb,0.9091556668281555
74999,hero-wd-gate-router-p02-step58k,manosphere_meta_sep-llama3,bpb,0.9078845977783203
77999,hero-wd-gate-router-p02-step58k,manosphere_meta_sep-llama3,bpb,0.9061495065689087
80999,hero-wd-gate-router-p02-step58k,manosphere_meta_sep-llama3,bpb,0.9049535989761353
59999,hero-wd-gate-router-p02-step58k,manosphere_meta_sep-llama3,loss,2.667888641357422
62999,hero-wd-gate-router-p02-step58k,manosphere_meta_sep-llama3,loss,2.664055824279785
65999,hero-wd-gate-router-p02-step58k,manosphere_meta_sep-llama3,loss,2.6622061729431152
68999,hero-wd-gate-router-p02-step58k,manosphere_meta_sep-llama3,loss,2.6597766876220703
71999,hero-wd-gate-router-p02-step58k,manosphere_meta_sep-llama3,loss,2.66261625289917
74999,hero-wd-gate-router-p02-step58k,manosphere_meta_sep-llama3,loss,2.6588938236236572
77999,hero-wd-gate-router-p02-step58k,manosphere_meta_sep-llama3,loss,2.6538121700286865
80999,hero-wd-gate-router-p02-step58k,manosphere_meta_sep-llama3,loss,2.6503100395202637
59999,hero-wd-gate-router-p02-step58k,mc4-llama3,bpb,0.6595107913017273
62999,hero-wd-gate-router-p02-step58k,mc4-llama3,bpb,0.657950758934021
65999,hero-wd-gate-router-p02-step58k,mc4-llama3,bpb,0.6592797636985779
68999,hero-wd-gate-router-p02-step58k,mc4-llama3,bpb,0.6582982540130615
71999,hero-wd-gate-router-p02-step58k,mc4-llama3,bpb,0.6565266847610474
74999,hero-wd-gate-router-p02-step58k,mc4-llama3,bpb,0.6549598574638367
77999,hero-wd-gate-router-p02-step58k,mc4-llama3,bpb,0.6549791097640991
80999,hero-wd-gate-router-p02-step58k,mc4-llama3,bpb,0.6540839076042175
59999,hero-wd-gate-router-p02-step58k,mc4-llama3,loss,1.9133727550506592
62999,hero-wd-gate-router-p02-step58k,mc4-llama3,loss,1.9088846445083618
65999,hero-wd-gate-router-p02-step58k,mc4-llama3,loss,1.912734866142273
68999,hero-wd-gate-router-p02-step58k,mc4-llama3,loss,1.9098916053771973
71999,hero-wd-gate-router-p02-step58k,mc4-llama3,loss,1.9047468900680542
74999,hero-wd-gate-router-p02-step58k,mc4-llama3,loss,1.9002195596694946
77999,hero-wd-gate-router-p02-step58k,mc4-llama3,loss,1.9002741575241089
80999,hero-wd-gate-router-p02-step58k,mc4-llama3,loss,1.897672414779663
59999,hero-wd-gate-router-p02-step58k,__parent__,micro_loss,1.9792461395263672
62999,hero-wd-gate-router-p02-step58k,__parent__,micro_loss,1.978844404220581
65999,hero-wd-gate-router-p02-step58k,__parent__,micro_loss,1.9756211042404175
68999,hero-wd-gate-router-p02-step58k,__parent__,micro_loss,1.9747376441955566
71999,hero-wd-gate-router-p02-step58k,__parent__,micro_loss,1.9726529121398926
74999,hero-wd-gate-router-p02-step58k,__parent__,micro_loss,1.9710413217544556
77999,hero-wd-gate-router-p02-step58k,__parent__,micro_loss,1.9686064720153809
80999,hero-wd-gate-router-p02-step58k,__parent__,micro_loss,1.9644182920455933
59999,hero-wd-gate-router-p02-step58k,ptb-llama3,bpb,0.6866279244422913
62999,hero-wd-gate-router-p02-step58k,ptb-llama3,bpb,0.6869867444038391
65999,hero-wd-gate-router-p02-step58k,ptb-llama3,bpb,0.6910966038703918
68999,hero-wd-gate-router-p02-step58k,ptb-llama3,bpb,0.6888042092323303
71999,hero-wd-gate-router-p02-step58k,ptb-llama3,bpb,0.6903048753738403
74999,hero-wd-gate-router-p02-step58k,ptb-llama3,bpb,0.6916322708129883
77999,hero-wd-gate-router-p02-step58k,ptb-llama3,bpb,0.6799894571304321
80999,hero-wd-gate-router-p02-step58k,ptb-llama3,bpb,0.6854804754257202
59999,hero-wd-gate-router-p02-step58k,ptb-llama3,loss,2.184056282043457
62999,hero-wd-gate-router-p02-step58k,ptb-llama3,loss,2.185197591781616
65999,hero-wd-gate-router-p02-step58k,ptb-llama3,loss,2.198270320892334
68999,hero-wd-gate-router-p02-step58k,ptb-llama3,loss,2.190978765487671
71999,hero-wd-gate-router-p02-step58k,ptb-llama3,loss,2.1957521438598633
74999,hero-wd-gate-router-p02-step58k,ptb-llama3,loss,2.199974298477173
77999,hero-wd-gate-router-p02-step58k,ptb-llama3,loss,2.162940502166748
80999,hero-wd-gate-router-p02-step58k,ptb-llama3,loss,2.1804065704345703
59999,hero-wd-gate-router-p02-step58k,redpajama-llama3,bpb,0.5728920102119446
62999,hero-wd-gate-router-p02-step58k,redpajama-llama3,bpb,0.5715287327766418
65999,hero-wd-gate-router-p02-step58k,redpajama-llama3,bpb,0.5703609585762024
68999,hero-wd-gate-router-p02-step58k,redpajama-llama3,bpb,0.5706113576889038
71999,hero-wd-gate-router-p02-step58k,redpajama-llama3,bpb,0.5695461630821228
74999,hero-wd-gate-router-p02-step58k,redpajama-llama3,bpb,0.5681056380271912
77999,hero-wd-gate-router-p02-step58k,redpajama-llama3,bpb,0.5671067833900452
80999,hero-wd-gate-router-p02-step58k,redpajama-llama3,bpb,0.5674871206283569
59999,hero-wd-gate-router-p02-step58k,redpajama-llama3,loss,1.6694691181182861
62999,hero-wd-gate-router-p02-step58k,redpajama-llama3,loss,1.6654964685440063
65999,hero-wd-gate-router-p02-step58k,redpajama-llama3,loss,1.6620934009552002
68999,hero-wd-gate-router-p02-step58k,redpajama-llama3,loss,1.6628230810165405
71999,hero-wd-gate-router-p02-step58k,redpajama-llama3,loss,1.6597189903259277
74999,hero-wd-gate-router-p02-step58k,redpajama-llama3,loss,1.6555211544036865
77999,hero-wd-gate-router-p02-step58k,redpajama-llama3,loss,1.6526103019714355
80999,hero-wd-gate-router-p02-step58k,redpajama-llama3,loss,1.6537188291549683
59999,hero-wd-gate-router-p02-step58k,twitterAAE_HELM_fixed-llama3,bpb,2.170250654220581
62999,hero-wd-gate-router-p02-step58k,twitterAAE_HELM_fixed-llama3,bpb,2.1949169635772705
65999,hero-wd-gate-router-p02-step58k,twitterAAE_HELM_fixed-llama3,bpb,2.1848130226135254
68999,hero-wd-gate-router-p02-step58k,twitterAAE_HELM_fixed-llama3,bpb,2.2063395977020264
71999,hero-wd-gate-router-p02-step58k,twitterAAE_HELM_fixed-llama3,bpb,2.20770263671875
74999,hero-wd-gate-router-p02-step58k,twitterAAE_HELM_fixed-llama3,bpb,2.2046010494232178
77999,hero-wd-gate-router-p02-step58k,twitterAAE_HELM_fixed-llama3,bpb,2.1942880153656006
80999,hero-wd-gate-router-p02-step58k,twitterAAE_HELM_fixed-llama3,bpb,2.1901910305023193
59999,hero-wd-gate-router-p02-step58k,twitterAAE_HELM_fixed-llama3,loss,4.4319233894348145
62999,hero-wd-gate-router-p02-step58k,twitterAAE_HELM_fixed-llama3,loss,4.482295513153076
65999,hero-wd-gate-router-p02-step58k,twitterAAE_HELM_fixed-llama3,loss,4.4616618156433105
68999,hero-wd-gate-router-p02-step58k,twitterAAE_HELM_fixed-llama3,loss,4.505621910095215
71999,hero-wd-gate-router-p02-step58k,twitterAAE_HELM_fixed-llama3,loss,4.5084052085876465
74999,hero-wd-gate-router-p02-step58k,twitterAAE_HELM_fixed-llama3,loss,4.502071380615234
77999,hero-wd-gate-router-p02-step58k,twitterAAE_HELM_fixed-llama3,loss,4.481010913848877
80999,hero-wd-gate-router-p02-step58k,twitterAAE_HELM_fixed-llama3,loss,4.472644329071045
59999,hero-wd-gate-router-p02-step58k,wikitext_103-llama3,bpb,0.5432629585266113
62999,hero-wd-gate-router-p02-step58k,wikitext_103-llama3,bpb,0.5424020290374756
65999,hero-wd-gate-router-p02-step58k,wikitext_103-llama3,bpb,0.5471005439758301
68999,hero-wd-gate-router-p02-step58k,wikitext_103-llama3,bpb,0.5523449778556824
71999,hero-wd-gate-router-p02-step58k,wikitext_103-llama3,bpb,0.554425835609436
74999,hero-wd-gate-router-p02-step58k,wikitext_103-llama3,bpb,0.5521907210350037
77999,hero-wd-gate-router-p02-step58k,wikitext_103-llama3,bpb,0.5403982996940613
80999,hero-wd-gate-router-p02-step58k,wikitext_103-llama3,bpb,0.5406883955001831
59999,hero-wd-gate-router-p02-step58k,wikitext_103-llama3,loss,1.7083464860916138
62999,hero-wd-gate-router-p02-step58k,wikitext_103-llama3,loss,1.705639123916626
65999,hero-wd-gate-router-p02-step58k,wikitext_103-llama3,loss,1.7204140424728394
68999,hero-wd-gate-router-p02-step58k,wikitext_103-llama3,loss,1.7369059324264526
71999,hero-wd-gate-router-p02-step58k,wikitext_103-llama3,loss,1.7434492111206055
74999,hero-wd-gate-router-p02-step58k,wikitext_103-llama3,loss,1.7364206314086914
77999,hero-wd-gate-router-p02-step58k,wikitext_103-llama3,loss,1.6993380784988403
80999,hero-wd-gate-router-p02-step58k,wikitext_103-llama3,loss,1.700250506401062
83999,hero-ragged_a2a-nccl2307-ep-step81k,4chan-llama3,bpb,0.8418045043945312
86999,hero-ragged_a2a-nccl2307-ep-step81k,4chan-llama3,bpb,0.8401333689689636
89999,hero-ragged_a2a-nccl2307-ep-step81k,4chan-llama3,bpb,0.8414266109466553
92999,hero-ragged_a2a-nccl2307-ep-step81k,4chan-llama3,bpb,0.8397619128227234
95999,hero-ragged_a2a-nccl2307-ep-step81k,4chan-llama3,bpb,0.8403280377388
98999,hero-ragged_a2a-nccl2307-ep-step81k,4chan-llama3,bpb,0.8391318321228027
101999,hero-ragged_a2a-nccl2307-ep-step81k,4chan-llama3,bpb,0.8394701480865479
104999,hero-ragged_a2a-nccl2307-ep-step81k,4chan-llama3,bpb,0.8376245498657227
107999,hero-ragged_a2a-nccl2307-ep-step81k,4chan-llama3,bpb,0.8385023474693298
83999,hero-ragged_a2a-nccl2307-ep-step81k,4chan-llama3,loss,1.960082769393921
86999,hero-ragged_a2a-nccl2307-ep-step81k,4chan-llama3,loss,1.9561916589736938
89999,hero-ragged_a2a-nccl2307-ep-step81k,4chan-llama3,loss,1.9592030048370361
92999,hero-ragged_a2a-nccl2307-ep-step81k,4chan-llama3,loss,1.955326795578003
95999,hero-ragged_a2a-nccl2307-ep-step81k,4chan-llama3,loss,1.9566450119018555
98999,hero-ragged_a2a-nccl2307-ep-step81k,4chan-llama3,loss,1.9538596868515015
101999,hero-ragged_a2a-nccl2307-ep-step81k,4chan-llama3,loss,1.9546473026275635
104999,hero-ragged_a2a-nccl2307-ep-step81k,4chan-llama3,loss,1.9503501653671265
107999,hero-ragged_a2a-nccl2307-ep-step81k,4chan-llama3,loss,1.9523940086364746
83999,hero-ragged_a2a-nccl2307-ep-step81k,__parent__,bpb,0.6698206663131714
86999,hero-ragged_a2a-nccl2307-ep-step81k,__parent__,bpb,0.6688531637191772
89999,hero-ragged_a2a-nccl2307-ep-step81k,__parent__,bpb,0.6688289642333984
92999,hero-ragged_a2a-nccl2307-ep-step81k,__parent__,bpb,0.6688059568405151
95999,hero-ragged_a2a-nccl2307-ep-step81k,__parent__,bpb,0.6675437688827515
98999,hero-ragged_a2a-nccl2307-ep-step81k,__parent__,bpb,0.666990339756012
101999,hero-ragged_a2a-nccl2307-ep-step81k,__parent__,bpb,0.6666942238807678
104999,hero-ragged_a2a-nccl2307-ep-step81k,__parent__,bpb,0.665940523147583
107999,hero-ragged_a2a-nccl2307-ep-step81k,__parent__,bpb,0.6658206582069397
83999,hero-ragged_a2a-nccl2307-ep-step81k,c4_100_domains-llama3,bpb,0.6637539863586426
86999,hero-ragged_a2a-nccl2307-ep-step81k,c4_100_domains-llama3,bpb,0.6623005867004395
89999,hero-ragged_a2a-nccl2307-ep-step81k,c4_100_domains-llama3,bpb,0.6624975204467773
92999,hero-ragged_a2a-nccl2307-ep-step81k,c4_100_domains-llama3,bpb,0.6619927883148193
95999,hero-ragged_a2a-nccl2307-ep-step81k,c4_100_domains-llama3,bpb,0.6614347100257874
98999,hero-ragged_a2a-nccl2307-ep-step81k,c4_100_domains-llama3,bpb,0.6606497168540955
101999,hero-ragged_a2a-nccl2307-ep-step81k,c4_100_domains-llama3,bpb,0.659752607345581
104999,hero-ragged_a2a-nccl2307-ep-step81k,c4_100_domains-llama3,bpb,0.6594285368919373
107999,hero-ragged_a2a-nccl2307-ep-step81k,c4_100_domains-llama3,bpb,0.659303605556488
83999,hero-ragged_a2a-nccl2307-ep-step81k,c4_100_domains-llama3,loss,2.132218837738037
86999,hero-ragged_a2a-nccl2307-ep-step81k,c4_100_domains-llama3,loss,2.127554178237915
89999,hero-ragged_a2a-nccl2307-ep-step81k,c4_100_domains-llama3,loss,2.128178596496582
92999,hero-ragged_a2a-nccl2307-ep-step81k,c4_100_domains-llama3,loss,2.126560688018799
95999,hero-ragged_a2a-nccl2307-ep-step81k,c4_100_domains-llama3,loss,2.1247658729553223
98999,hero-ragged_a2a-nccl2307-ep-step81k,c4_100_domains-llama3,loss,2.122243881225586
101999,hero-ragged_a2a-nccl2307-ep-step81k,c4_100_domains-llama3,loss,2.119370698928833
104999,hero-ragged_a2a-nccl2307-ep-step81k,c4_100_domains-llama3,loss,2.1183230876922607
107999,hero-ragged_a2a-nccl2307-ep-step81k,c4_100_domains-llama3,loss,2.117924451828003
83999,hero-ragged_a2a-nccl2307-ep-step81k,c4_en-llama3,bpb,0.7074757218360901
86999,hero-ragged_a2a-nccl2307-ep-step81k,c4_en-llama3,bpb,0.7071399092674255
89999,hero-ragged_a2a-nccl2307-ep-step81k,c4_en-llama3,bpb,0.7064387798309326
92999,hero-ragged_a2a-nccl2307-ep-step81k,c4_en-llama3,bpb,0.7055450081825256
95999,hero-ragged_a2a-nccl2307-ep-step81k,c4_en-llama3,bpb,0.7059482336044312
98999,hero-ragged_a2a-nccl2307-ep-step81k,c4_en-llama3,bpb,0.7050169110298157
101999,hero-ragged_a2a-nccl2307-ep-step81k,c4_en-llama3,bpb,0.7038136124610901
104999,hero-ragged_a2a-nccl2307-ep-step81k,c4_en-llama3,bpb,0.7033445835113525
107999,hero-ragged_a2a-nccl2307-ep-step81k,c4_en-llama3,bpb,0.7039392590522766
83999,hero-ragged_a2a-nccl2307-ep-step81k,c4_en-llama3,loss,2.2989606857299805
86999,hero-ragged_a2a-nccl2307-ep-step81k,c4_en-llama3,loss,2.2978694438934326
89999,hero-ragged_a2a-nccl2307-ep-step81k,c4_en-llama3,loss,2.295590877532959
92999,hero-ragged_a2a-nccl2307-ep-step81k,c4_en-llama3,loss,2.292686700820923
95999,hero-ragged_a2a-nccl2307-ep-step81k,c4_en-llama3,loss,2.293996810913086
98999,hero-ragged_a2a-nccl2307-ep-step81k,c4_en-llama3,loss,2.29097056388855
101999,hero-ragged_a2a-nccl2307-ep-step81k,c4_en-llama3,loss,2.287060499191284
104999,hero-ragged_a2a-nccl2307-ep-step81k,c4_en-llama3,loss,2.285536289215088
107999,hero-ragged_a2a-nccl2307-ep-step81k,c4_en-llama3,loss,2.287468671798706
83999,hero-ragged_a2a-nccl2307-ep-step81k,dolma-v1_5-llama3,bpb,0.6385712027549744
86999,hero-ragged_a2a-nccl2307-ep-step81k,dolma-v1_5-llama3,bpb,0.6397892832756042
89999,hero-ragged_a2a-nccl2307-ep-step81k,dolma-v1_5-llama3,bpb,0.6386650800704956
92999,hero-ragged_a2a-nccl2307-ep-step81k,dolma-v1_5-llama3,bpb,0.6386218667030334
95999,hero-ragged_a2a-nccl2307-ep-step81k,dolma-v1_5-llama3,bpb,0.6317078471183777
98999,hero-ragged_a2a-nccl2307-ep-step81k,dolma-v1_5-llama3,bpb,0.6359050869941711
101999,hero-ragged_a2a-nccl2307-ep-step81k,dolma-v1_5-llama3,bpb,0.6359001994132996
104999,hero-ragged_a2a-nccl2307-ep-step81k,dolma-v1_5-llama3,bpb,0.634563148021698
107999,hero-ragged_a2a-nccl2307-ep-step81k,dolma-v1_5-llama3,bpb,0.6340405941009521
83999,hero-ragged_a2a-nccl2307-ep-step81k,dolma-v1_5-llama3,loss,1.907483696937561
86999,hero-ragged_a2a-nccl2307-ep-step81k,dolma-v1_5-llama3,loss,1.9110369682312012
89999,hero-ragged_a2a-nccl2307-ep-step81k,dolma-v1_5-llama3,loss,1.907658576965332
92999,hero-ragged_a2a-nccl2307-ep-step81k,dolma-v1_5-llama3,loss,1.9075034856796265
95999,hero-ragged_a2a-nccl2307-ep-step81k,dolma-v1_5-llama3,loss,1.8873209953308105
98999,hero-ragged_a2a-nccl2307-ep-step81k,dolma-v1_5-llama3,loss,1.8995048999786377
101999,hero-ragged_a2a-nccl2307-ep-step81k,dolma-v1_5-llama3,loss,1.8994413614273071
104999,hero-ragged_a2a-nccl2307-ep-step81k,dolma-v1_5-llama3,loss,1.8954540491104126
107999,hero-ragged_a2a-nccl2307-ep-step81k,dolma-v1_5-llama3,loss,1.8938573598861694
83999,hero-ragged_a2a-nccl2307-ep-step81k,dolma_100_programing_languages-llama3,bpb,0.34837478399276733
86999,hero-ragged_a2a-nccl2307-ep-step81k,dolma_100_programing_languages-llama3,bpb,0.3480702042579651
89999,hero-ragged_a2a-nccl2307-ep-step81k,dolma_100_programing_languages-llama3,bpb,0.3469448983669281
92999,hero-ragged_a2a-nccl2307-ep-step81k,dolma_100_programing_languages-llama3,bpb,0.348755806684494
95999,hero-ragged_a2a-nccl2307-ep-step81k,dolma_100_programing_languages-llama3,bpb,0.3469110131263733
98999,hero-ragged_a2a-nccl2307-ep-step81k,dolma_100_programing_languages-llama3,bpb,0.3465941548347473
101999,hero-ragged_a2a-nccl2307-ep-step81k,dolma_100_programing_languages-llama3,bpb,0.34598901867866516
104999,hero-ragged_a2a-nccl2307-ep-step81k,dolma_100_programing_languages-llama3,bpb,0.3459693193435669
107999,hero-ragged_a2a-nccl2307-ep-step81k,dolma_100_programing_languages-llama3,bpb,0.3460017740726471
83999,hero-ragged_a2a-nccl2307-ep-step81k,dolma_100_programing_languages-llama3,loss,0.8120998740196228
86999,hero-ragged_a2a-nccl2307-ep-step81k,dolma_100_programing_languages-llama3,loss,0.8113689422607422
89999,hero-ragged_a2a-nccl2307-ep-step81k,dolma_100_programing_languages-llama3,loss,0.8086817264556885
92999,hero-ragged_a2a-nccl2307-ep-step81k,dolma_100_programing_languages-llama3,loss,0.8130724430084229
95999,hero-ragged_a2a-nccl2307-ep-step81k,dolma_100_programing_languages-llama3,loss,0.8086780309677124
98999,hero-ragged_a2a-nccl2307-ep-step81k,dolma_100_programing_languages-llama3,loss,0.8077389597892761
101999,hero-ragged_a2a-nccl2307-ep-step81k,dolma_100_programing_languages-llama3,loss,0.8066301345825195
104999,hero-ragged_a2a-nccl2307-ep-step81k,dolma_100_programing_languages-llama3,loss,0.8064082264900208
107999,hero-ragged_a2a-nccl2307-ep-step81k,dolma_100_programing_languages-llama3,loss,0.8064321279525757
83999,hero-ragged_a2a-nccl2307-ep-step81k,dolma_100_subreddits-llama3,bpb,0.8764918446540833
86999,hero-ragged_a2a-nccl2307-ep-step81k,dolma_100_subreddits-llama3,bpb,0.8764364123344421
89999,hero-ragged_a2a-nccl2307-ep-step81k,dolma_100_subreddits-llama3,bpb,0.8760944604873657
92999,hero-ragged_a2a-nccl2307-ep-step81k,dolma_100_subreddits-llama3,bpb,0.8759781718254089
95999,hero-ragged_a2a-nccl2307-ep-step81k,dolma_100_subreddits-llama3,bpb,0.8764588832855225
98999,hero-ragged_a2a-nccl2307-ep-step81k,dolma_100_subreddits-llama3,bpb,0.8746575713157654
101999,hero-ragged_a2a-nccl2307-ep-step81k,dolma_100_subreddits-llama3,bpb,0.8743117451667786
104999,hero-ragged_a2a-nccl2307-ep-step81k,dolma_100_subreddits-llama3,bpb,0.8735712766647339
107999,hero-ragged_a2a-nccl2307-ep-step81k,dolma_100_subreddits-llama3,bpb,0.8745696544647217
83999,hero-ragged_a2a-nccl2307-ep-step81k,dolma_100_subreddits-llama3,loss,2.671194553375244
86999,hero-ragged_a2a-nccl2307-ep-step81k,dolma_100_subreddits-llama3,loss,2.6710259914398193
89999,hero-ragged_a2a-nccl2307-ep-step81k,dolma_100_subreddits-llama3,loss,2.669982671737671
92999,hero-ragged_a2a-nccl2307-ep-step81k,dolma_100_subreddits-llama3,loss,2.669630527496338
95999,hero-ragged_a2a-nccl2307-ep-step81k,dolma_100_subreddits-llama3,loss,2.671095848083496
98999,hero-ragged_a2a-nccl2307-ep-step81k,dolma_100_subreddits-llama3,loss,2.6656033992767334
101999,hero-ragged_a2a-nccl2307-ep-step81k,dolma_100_subreddits-llama3,loss,2.664550542831421
104999,hero-ragged_a2a-nccl2307-ep-step81k,dolma_100_subreddits-llama3,loss,2.66229510307312
107999,hero-ragged_a2a-nccl2307-ep-step81k,dolma_100_subreddits-llama3,loss,2.6653354167938232
83999,hero-ragged_a2a-nccl2307-ep-step81k,falcon-refinedweb-llama3,bpb,0.7435623407363892
86999,hero-ragged_a2a-nccl2307-ep-step81k,falcon-refinedweb-llama3,bpb,0.741480827331543
89999,hero-ragged_a2a-nccl2307-ep-step81k,falcon-refinedweb-llama3,bpb,0.7412875294685364
92999,hero-ragged_a2a-nccl2307-ep-step81k,falcon-refinedweb-llama3,bpb,0.7406634092330933
95999,hero-ragged_a2a-nccl2307-ep-step81k,falcon-refinedweb-llama3,bpb,0.7401718497276306
98999,hero-ragged_a2a-nccl2307-ep-step81k,falcon-refinedweb-llama3,bpb,0.7400708198547363
101999,hero-ragged_a2a-nccl2307-ep-step81k,falcon-refinedweb-llama3,bpb,0.7397209405899048
104999,hero-ragged_a2a-nccl2307-ep-step81k,falcon-refinedweb-llama3,bpb,0.7388207912445068
107999,hero-ragged_a2a-nccl2307-ep-step81k,falcon-refinedweb-llama3,bpb,0.7378496527671814
83999,hero-ragged_a2a-nccl2307-ep-step81k,falcon-refinedweb-llama3,loss,2.3311564922332764
86999,hero-ragged_a2a-nccl2307-ep-step81k,falcon-refinedweb-llama3,loss,2.3246307373046875
89999,hero-ragged_a2a-nccl2307-ep-step81k,falcon-refinedweb-llama3,loss,2.3240246772766113
92999,hero-ragged_a2a-nccl2307-ep-step81k,falcon-refinedweb-llama3,loss,2.322067975997925
95999,hero-ragged_a2a-nccl2307-ep-step81k,falcon-refinedweb-llama3,loss,2.3205270767211914
98999,hero-ragged_a2a-nccl2307-ep-step81k,falcon-refinedweb-llama3,loss,2.3202102184295654
101999,hero-ragged_a2a-nccl2307-ep-step81k,falcon-refinedweb-llama3,loss,2.319113254547119
104999,hero-ragged_a2a-nccl2307-ep-step81k,falcon-refinedweb-llama3,loss,2.316291332244873
107999,hero-ragged_a2a-nccl2307-ep-step81k,falcon-refinedweb-llama3,loss,2.313246488571167
83999,hero-ragged_a2a-nccl2307-ep-step81k,gab-llama3,bpb,1.3920443058013916
86999,hero-ragged_a2a-nccl2307-ep-step81k,gab-llama3,bpb,1.3921805620193481
89999,hero-ragged_a2a-nccl2307-ep-step81k,gab-llama3,bpb,1.3918710947036743
92999,hero-ragged_a2a-nccl2307-ep-step81k,gab-llama3,bpb,1.3946117162704468
95999,hero-ragged_a2a-nccl2307-ep-step81k,gab-llama3,bpb,1.388147234916687
98999,hero-ragged_a2a-nccl2307-ep-step81k,gab-llama3,bpb,1.39288330078125
101999,hero-ragged_a2a-nccl2307-ep-step81k,gab-llama3,bpb,1.3902347087860107
104999,hero-ragged_a2a-nccl2307-ep-step81k,gab-llama3,bpb,1.3924033641815186
107999,hero-ragged_a2a-nccl2307-ep-step81k,gab-llama3,bpb,1.3868002891540527
83999,hero-ragged_a2a-nccl2307-ep-step81k,gab-llama3,loss,3.378188371658325
86999,hero-ragged_a2a-nccl2307-ep-step81k,gab-llama3,loss,3.37851881980896
89999,hero-ragged_a2a-nccl2307-ep-step81k,gab-llama3,loss,3.377768039703369
92999,hero-ragged_a2a-nccl2307-ep-step81k,gab-llama3,loss,3.384418487548828
95999,hero-ragged_a2a-nccl2307-ep-step81k,gab-llama3,loss,3.3687310218811035
98999,hero-ragged_a2a-nccl2307-ep-step81k,gab-llama3,loss,3.3802239894866943
101999,hero-ragged_a2a-nccl2307-ep-step81k,gab-llama3,loss,3.3737967014312744
104999,hero-ragged_a2a-nccl2307-ep-step81k,gab-llama3,loss,3.3790595531463623
107999,hero-ragged_a2a-nccl2307-ep-step81k,gab-llama3,loss,3.365462303161621
83999,hero-ragged_a2a-nccl2307-ep-step81k,m2d2_s2orc_unsplit-llama3,bpb,0.6061200499534607
86999,hero-ragged_a2a-nccl2307-ep-step81k,m2d2_s2orc_unsplit-llama3,bpb,0.6050791144371033
89999,hero-ragged_a2a-nccl2307-ep-step81k,m2d2_s2orc_unsplit-llama3,bpb,0.6057689189910889
92999,hero-ragged_a2a-nccl2307-ep-step81k,m2d2_s2orc_unsplit-llama3,bpb,0.6052598357200623
95999,hero-ragged_a2a-nccl2307-ep-step81k,m2d2_s2orc_unsplit-llama3,bpb,0.6043387055397034
98999,hero-ragged_a2a-nccl2307-ep-step81k,m2d2_s2orc_unsplit-llama3,bpb,0.6031863689422607
101999,hero-ragged_a2a-nccl2307-ep-step81k,m2d2_s2orc_unsplit-llama3,bpb,0.6039189696311951
104999,hero-ragged_a2a-nccl2307-ep-step81k,m2d2_s2orc_unsplit-llama3,bpb,0.6031486392021179
107999,hero-ragged_a2a-nccl2307-ep-step81k,m2d2_s2orc_unsplit-llama3,bpb,0.60288006067276
83999,hero-ragged_a2a-nccl2307-ep-step81k,m2d2_s2orc_unsplit-llama3,loss,1.8327982425689697
86999,hero-ragged_a2a-nccl2307-ep-step81k,m2d2_s2orc_unsplit-llama3,loss,1.8296988010406494
89999,hero-ragged_a2a-nccl2307-ep-step81k,m2d2_s2orc_unsplit-llama3,loss,1.8317562341690063
92999,hero-ragged_a2a-nccl2307-ep-step81k,m2d2_s2orc_unsplit-llama3,loss,1.8301937580108643
95999,hero-ragged_a2a-nccl2307-ep-step81k,m2d2_s2orc_unsplit-llama3,loss,1.827473521232605
98999,hero-ragged_a2a-nccl2307-ep-step81k,m2d2_s2orc_unsplit-llama3,loss,1.824035406112671
101999,hero-ragged_a2a-nccl2307-ep-step81k,m2d2_s2orc_unsplit-llama3,loss,1.826210856437683
104999,hero-ragged_a2a-nccl2307-ep-step81k,m2d2_s2orc_unsplit-llama3,loss,1.8238661289215088
107999,hero-ragged_a2a-nccl2307-ep-step81k,m2d2_s2orc_unsplit-llama3,loss,1.8231092691421509
83999,hero-ragged_a2a-nccl2307-ep-step81k,m2d2_wikipedia_unsplit-llama3,bpb,0.5965164303779602
86999,hero-ragged_a2a-nccl2307-ep-step81k,m2d2_wikipedia_unsplit-llama3,bpb,0.5948314070701599
89999,hero-ragged_a2a-nccl2307-ep-step81k,m2d2_wikipedia_unsplit-llama3,bpb,0.595238983631134
92999,hero-ragged_a2a-nccl2307-ep-step81k,m2d2_wikipedia_unsplit-llama3,bpb,0.5924264788627625
95999,hero-ragged_a2a-nccl2307-ep-step81k,m2d2_wikipedia_unsplit-llama3,bpb,0.5919246077537537
98999,hero-ragged_a2a-nccl2307-ep-step81k,m2d2_wikipedia_unsplit-llama3,bpb,0.5901181101799011
101999,hero-ragged_a2a-nccl2307-ep-step81k,m2d2_wikipedia_unsplit-llama3,bpb,0.590158998966217
104999,hero-ragged_a2a-nccl2307-ep-step81k,m2d2_wikipedia_unsplit-llama3,bpb,0.5885416269302368
107999,hero-ragged_a2a-nccl2307-ep-step81k,m2d2_wikipedia_unsplit-llama3,bpb,0.5878841280937195
83999,hero-ragged_a2a-nccl2307-ep-step81k,m2d2_wikipedia_unsplit-llama3,loss,1.844994306564331
86999,hero-ragged_a2a-nccl2307-ep-step81k,m2d2_wikipedia_unsplit-llama3,loss,1.8397668600082397
89999,hero-ragged_a2a-nccl2307-ep-step81k,m2d2_wikipedia_unsplit-llama3,loss,1.8410207033157349
92999,hero-ragged_a2a-nccl2307-ep-step81k,m2d2_wikipedia_unsplit-llama3,loss,1.832335114479065
95999,hero-ragged_a2a-nccl2307-ep-step81k,m2d2_wikipedia_unsplit-llama3,loss,1.8307825326919556
98999,hero-ragged_a2a-nccl2307-ep-step81k,m2d2_wikipedia_unsplit-llama3,loss,1.8251968622207642
101999,hero-ragged_a2a-nccl2307-ep-step81k,m2d2_wikipedia_unsplit-llama3,loss,1.8252718448638916
104999,hero-ragged_a2a-nccl2307-ep-step81k,m2d2_wikipedia_unsplit-llama3,loss,1.8203762769699097
107999,hero-ragged_a2a-nccl2307-ep-step81k,m2d2_wikipedia_unsplit-llama3,loss,1.8183165788650513
83999,hero-ragged_a2a-nccl2307-ep-step81k,__parent__,macro_bpb,0.8106036186218262
86999,hero-ragged_a2a-nccl2307-ep-step81k,__parent__,macro_bpb,0.8083701133728027
89999,hero-ragged_a2a-nccl2307-ep-step81k,__parent__,macro_bpb,0.8086041212081909
92999,hero-ragged_a2a-nccl2307-ep-step81k,__parent__,macro_bpb,0.8092206716537476
95999,hero-ragged_a2a-nccl2307-ep-step81k,__parent__,macro_bpb,0.8052699565887451
98999,hero-ragged_a2a-nccl2307-ep-step81k,__parent__,macro_bpb,0.8062578439712524
101999,hero-ragged_a2a-nccl2307-ep-step81k,__parent__,macro_bpb,0.8059515357017517
104999,hero-ragged_a2a-nccl2307-ep-step81k,__parent__,macro_bpb,0.8011748790740967
107999,hero-ragged_a2a-nccl2307-ep-step81k,__parent__,macro_bpb,0.8037455081939697
83999,hero-ragged_a2a-nccl2307-ep-step81k,__parent__,macro_loss,2.234602928161621
86999,hero-ragged_a2a-nccl2307-ep-step81k,__parent__,macro_loss,2.228475332260132
89999,hero-ragged_a2a-nccl2307-ep-step81k,__parent__,macro_loss,2.2293710708618164
92999,hero-ragged_a2a-nccl2307-ep-step81k,__parent__,macro_loss,2.2302093505859375
95999,hero-ragged_a2a-nccl2307-ep-step81k,__parent__,macro_loss,2.219054937362671
98999,hero-ragged_a2a-nccl2307-ep-step81k,__parent__,macro_loss,2.2212061882019043
101999,hero-ragged_a2a-nccl2307-ep-step81k,__parent__,macro_loss,2.2212491035461426
104999,hero-ragged_a2a-nccl2307-ep-step81k,__parent__,macro_loss,2.2060282230377197
107999,hero-ragged_a2a-nccl2307-ep-step81k,__parent__,macro_loss,2.2150697708129883
83999,hero-ragged_a2a-nccl2307-ep-step81k,manosphere_meta_sep-llama3,bpb,0.9048751592636108
86999,hero-ragged_a2a-nccl2307-ep-step81k,manosphere_meta_sep-llama3,bpb,0.9040771722793579
89999,hero-ragged_a2a-nccl2307-ep-step81k,manosphere_meta_sep-llama3,bpb,0.90494704246521
92999,hero-ragged_a2a-nccl2307-ep-step81k,manosphere_meta_sep-llama3,bpb,0.9047788977622986
95999,hero-ragged_a2a-nccl2307-ep-step81k,manosphere_meta_sep-llama3,bpb,0.9038712382316589
98999,hero-ragged_a2a-nccl2307-ep-step81k,manosphere_meta_sep-llama3,bpb,0.9030462503433228
101999,hero-ragged_a2a-nccl2307-ep-step81k,manosphere_meta_sep-llama3,bpb,0.9027279019355774
104999,hero-ragged_a2a-nccl2307-ep-step81k,manosphere_meta_sep-llama3,bpb,0.9020653963088989
107999,hero-ragged_a2a-nccl2307-ep-step81k,manosphere_meta_sep-llama3,bpb,0.9022069573402405
83999,hero-ragged_a2a-nccl2307-ep-step81k,manosphere_meta_sep-llama3,loss,2.6500802040100098
86999,hero-ragged_a2a-nccl2307-ep-step81k,manosphere_meta_sep-llama3,loss,2.6477432250976562
89999,hero-ragged_a2a-nccl2307-ep-step81k,manosphere_meta_sep-llama3,loss,2.6502907276153564
92999,hero-ragged_a2a-nccl2307-ep-step81k,manosphere_meta_sep-llama3,loss,2.6497981548309326
95999,hero-ragged_a2a-nccl2307-ep-step81k,manosphere_meta_sep-llama3,loss,2.6471400260925293
98999,hero-ragged_a2a-nccl2307-ep-step81k,manosphere_meta_sep-llama3,loss,2.644723653793335
101999,hero-ragged_a2a-nccl2307-ep-step81k,manosphere_meta_sep-llama3,loss,2.643791675567627
104999,hero-ragged_a2a-nccl2307-ep-step81k,manosphere_meta_sep-llama3,loss,2.6418511867523193
107999,hero-ragged_a2a-nccl2307-ep-step81k,manosphere_meta_sep-llama3,loss,2.642265796661377
83999,hero-ragged_a2a-nccl2307-ep-step81k,mc4-llama3,bpb,0.6525784134864807
86999,hero-ragged_a2a-nccl2307-ep-step81k,mc4-llama3,bpb,0.6519365906715393
89999,hero-ragged_a2a-nccl2307-ep-step81k,mc4-llama3,bpb,0.6515904664993286
92999,hero-ragged_a2a-nccl2307-ep-step81k,mc4-llama3,bpb,0.6510093808174133
95999,hero-ragged_a2a-nccl2307-ep-step81k,mc4-llama3,bpb,0.6511190533638
98999,hero-ragged_a2a-nccl2307-ep-step81k,mc4-llama3,bpb,0.6503323316574097
101999,hero-ragged_a2a-nccl2307-ep-step81k,mc4-llama3,bpb,0.6491719484329224
104999,hero-ragged_a2a-nccl2307-ep-step81k,mc4-llama3,bpb,0.6482083201408386
107999,hero-ragged_a2a-nccl2307-ep-step81k,mc4-llama3,bpb,0.6484970450401306
83999,hero-ragged_a2a-nccl2307-ep-step81k,mc4-llama3,loss,1.8933132886886597
86999,hero-ragged_a2a-nccl2307-ep-step81k,mc4-llama3,loss,1.891442894935608
89999,hero-ragged_a2a-nccl2307-ep-step81k,mc4-llama3,loss,1.890438199043274
92999,hero-ragged_a2a-nccl2307-ep-step81k,mc4-llama3,loss,1.8887592554092407
95999,hero-ragged_a2a-nccl2307-ep-step81k,mc4-llama3,loss,1.8890714645385742
98999,hero-ragged_a2a-nccl2307-ep-step81k,mc4-llama3,loss,1.8867793083190918
101999,hero-ragged_a2a-nccl2307-ep-step81k,mc4-llama3,loss,1.8834228515625
104999,hero-ragged_a2a-nccl2307-ep-step81k,mc4-llama3,loss,1.8806272745132446
107999,hero-ragged_a2a-nccl2307-ep-step81k,mc4-llama3,loss,1.8814725875854492
83999,hero-ragged_a2a-nccl2307-ep-step81k,__parent__,micro_loss,1.9644355773925781
86999,hero-ragged_a2a-nccl2307-ep-step81k,__parent__,micro_loss,1.9616563320159912
89999,hero-ragged_a2a-nccl2307-ep-step81k,__parent__,micro_loss,1.9616999626159668
92999,hero-ragged_a2a-nccl2307-ep-step81k,__parent__,micro_loss,1.961229681968689
95999,hero-ragged_a2a-nccl2307-ep-step81k,__parent__,micro_loss,1.957840085029602
98999,hero-ragged_a2a-nccl2307-ep-step81k,__parent__,micro_loss,1.9559204578399658
101999,hero-ragged_a2a-nccl2307-ep-step81k,__parent__,micro_loss,1.9552769660949707
104999,hero-ragged_a2a-nccl2307-ep-step81k,__parent__,micro_loss,1.9529128074645996
107999,hero-ragged_a2a-nccl2307-ep-step81k,__parent__,micro_loss,1.9527372121810913
83999,hero-ragged_a2a-nccl2307-ep-step81k,ptb-llama3,bpb,0.6869766712188721
86999,hero-ragged_a2a-nccl2307-ep-step81k,ptb-llama3,bpb,0.684463381767273
89999,hero-ragged_a2a-nccl2307-ep-step81k,ptb-llama3,bpb,0.690173864364624
92999,hero-ragged_a2a-nccl2307-ep-step81k,ptb-llama3,bpb,0.6842964887619019
95999,hero-ragged_a2a-nccl2307-ep-step81k,ptb-llama3,bpb,0.6575228571891785
98999,hero-ragged_a2a-nccl2307-ep-step81k,ptb-llama3,bpb,0.6669876575469971
101999,hero-ragged_a2a-nccl2307-ep-step81k,ptb-llama3,bpb,0.673712432384491
104999,hero-ragged_a2a-nccl2307-ep-step81k,ptb-llama3,bpb,0.6164612770080566
107999,hero-ragged_a2a-nccl2307-ep-step81k,ptb-llama3,bpb,0.6631584167480469
83999,hero-ragged_a2a-nccl2307-ep-step81k,ptb-llama3,loss,2.1851654052734375
86999,hero-ragged_a2a-nccl2307-ep-step81k,ptb-llama3,loss,2.177171230316162
89999,hero-ragged_a2a-nccl2307-ep-step81k,ptb-llama3,loss,2.1953353881835938
92999,hero-ragged_a2a-nccl2307-ep-step81k,ptb-llama3,loss,2.176640510559082
95999,hero-ragged_a2a-nccl2307-ep-step81k,ptb-llama3,loss,2.091477632522583
98999,hero-ragged_a2a-nccl2307-ep-step81k,ptb-llama3,loss,2.1215837001800537
101999,hero-ragged_a2a-nccl2307-ep-step81k,ptb-llama3,loss,2.1429741382598877
104999,hero-ragged_a2a-nccl2307-ep-step81k,ptb-llama3,loss,1.9608670473098755
107999,hero-ragged_a2a-nccl2307-ep-step81k,ptb-llama3,loss,2.109403371810913
83999,hero-ragged_a2a-nccl2307-ep-step81k,redpajama-llama3,bpb,0.5671497583389282
86999,hero-ragged_a2a-nccl2307-ep-step81k,redpajama-llama3,bpb,0.566063642501831
89999,hero-ragged_a2a-nccl2307-ep-step81k,redpajama-llama3,bpb,0.5650959610939026
92999,hero-ragged_a2a-nccl2307-ep-step81k,redpajama-llama3,bpb,0.5645533800125122
95999,hero-ragged_a2a-nccl2307-ep-step81k,redpajama-llama3,bpb,0.5652642846107483
98999,hero-ragged_a2a-nccl2307-ep-step81k,redpajama-llama3,bpb,0.5646855235099792
101999,hero-ragged_a2a-nccl2307-ep-step81k,redpajama-llama3,bpb,0.5641235113143921
104999,hero-ragged_a2a-nccl2307-ep-step81k,redpajama-llama3,bpb,0.5617970824241638
107999,hero-ragged_a2a-nccl2307-ep-step81k,redpajama-llama3,bpb,0.5608128309249878
83999,hero-ragged_a2a-nccl2307-ep-step81k,redpajama-llama3,loss,1.6527355909347534
86999,hero-ragged_a2a-nccl2307-ep-step81k,redpajama-llama3,loss,1.6495705842971802
89999,hero-ragged_a2a-nccl2307-ep-step81k,redpajama-llama3,loss,1.6467506885528564
92999,hero-ragged_a2a-nccl2307-ep-step81k,redpajama-llama3,loss,1.6451694965362549
95999,hero-ragged_a2a-nccl2307-ep-step81k,redpajama-llama3,loss,1.647241234779358
98999,hero-ragged_a2a-nccl2307-ep-step81k,redpajama-llama3,loss,1.645554542541504
101999,hero-ragged_a2a-nccl2307-ep-step81k,redpajama-llama3,loss,1.6439167261123657
104999,hero-ragged_a2a-nccl2307-ep-step81k,redpajama-llama3,loss,1.6371372938156128
107999,hero-ragged_a2a-nccl2307-ep-step81k,redpajama-llama3,loss,1.6342689990997314
83999,hero-ragged_a2a-nccl2307-ep-step81k,twitterAAE_HELM_fixed-llama3,bpb,2.1983325481414795
86999,hero-ragged_a2a-nccl2307-ep-step81k,twitterAAE_HELM_fixed-llama3,bpb,2.1869959831237793
89999,hero-ragged_a2a-nccl2307-ep-step81k,twitterAAE_HELM_fixed-llama3,bpb,2.1849725246429443
92999,hero-ragged_a2a-nccl2307-ep-step81k,twitterAAE_HELM_fixed-llama3,bpb,2.1993603706359863
95999,hero-ragged_a2a-nccl2307-ep-step81k,twitterAAE_HELM_fixed-llama3,bpb,2.1866910457611084
98999,hero-ragged_a2a-nccl2307-ep-step81k,twitterAAE_HELM_fixed-llama3,bpb,2.1985232830047607
101999,hero-ragged_a2a-nccl2307-ep-step81k,twitterAAE_HELM_fixed-llama3,bpb,2.186443567276001
104999,hero-ragged_a2a-nccl2307-ep-step81k,twitterAAE_HELM_fixed-llama3,bpb,2.1885502338409424
107999,hero-ragged_a2a-nccl2307-ep-step81k,twitterAAE_HELM_fixed-llama3,bpb,2.179330348968506
83999,hero-ragged_a2a-nccl2307-ep-step81k,twitterAAE_HELM_fixed-llama3,loss,4.489270210266113
86999,hero-ragged_a2a-nccl2307-ep-step81k,twitterAAE_HELM_fixed-llama3,loss,4.466119766235352
89999,hero-ragged_a2a-nccl2307-ep-step81k,twitterAAE_HELM_fixed-llama3,loss,4.461987495422363
92999,hero-ragged_a2a-nccl2307-ep-step81k,twitterAAE_HELM_fixed-llama3,loss,4.491369247436523
95999,hero-ragged_a2a-nccl2307-ep-step81k,twitterAAE_HELM_fixed-llama3,loss,4.465497016906738
98999,hero-ragged_a2a-nccl2307-ep-step81k,twitterAAE_HELM_fixed-llama3,loss,4.489660263061523
101999,hero-ragged_a2a-nccl2307-ep-step81k,twitterAAE_HELM_fixed-llama3,loss,4.464991569519043
104999,hero-ragged_a2a-nccl2307-ep-step81k,twitterAAE_HELM_fixed-llama3,loss,4.46929407119751
107999,hero-ragged_a2a-nccl2307-ep-step81k,twitterAAE_HELM_fixed-llama3,loss,4.450465202331543
83999,hero-ragged_a2a-nccl2307-ep-step81k,wikitext_103-llama3,bpb,0.5450302958488464
86999,hero-ragged_a2a-nccl2307-ep-step81k,wikitext_103-llama3,bpb,0.532943069934845
89999,hero-ragged_a2a-nccl2307-ep-step81k,wikitext_103-llama3,bpb,0.53465336561203
92999,hero-ragged_a2a-nccl2307-ep-step81k,wikitext_103-llama3,bpb,0.5399153232574463
95999,hero-ragged_a2a-nccl2307-ep-step81k,wikitext_103-llama3,bpb,0.5324789881706238
98999,hero-ragged_a2a-nccl2307-ep-step81k,wikitext_103-llama3,bpb,0.5283365249633789
101999,hero-ragged_a2a-nccl2307-ep-step81k,wikitext_103-llama3,bpb,0.5357744097709656
104999,hero-ragged_a2a-nccl2307-ep-step81k,wikitext_103-llama3,bpb,0.5243000388145447
107999,hero-ragged_a2a-nccl2307-ep-step81k,wikitext_103-llama3,bpb,0.5341504216194153
83999,hero-ragged_a2a-nccl2307-ep-step81k,wikitext_103-llama3,loss,1.7139040231704712
86999,hero-ragged_a2a-nccl2307-ep-step81k,wikitext_103-llama3,loss,1.6758944988250732
89999,hero-ragged_a2a-nccl2307-ep-step81k,wikitext_103-llama3,loss,1.6812726259231567
92999,hero-ragged_a2a-nccl2307-ep-step81k,wikitext_103-llama3,loss,1.697819471359253
95999,hero-ragged_a2a-nccl2307-ep-step81k,wikitext_103-llama3,loss,1.6744351387023926
98999,hero-ragged_a2a-nccl2307-ep-step81k,wikitext_103-llama3,loss,1.66140878200531
101999,hero-ragged_a2a-nccl2307-ep-step81k,wikitext_103-llama3,loss,1.684798002243042
104999,hero-ragged_a2a-nccl2307-ep-step81k,wikitext_103-llama3,loss,1.6487157344818115
107999,hero-ragged_a2a-nccl2307-ep-step81k,wikitext_103-llama3,loss,1.679691195487976
110999,hero-nopdl-step108k,4chan-llama3,bpb,0.8343605399131775
113999,hero-nopdl-step108k,4chan-llama3,bpb,0.8330792188644409
116999,hero-nopdl-step108k,4chan-llama3,bpb,0.8313616514205933
119999,hero-nopdl-step108k,4chan-llama3,bpb,0.8317143321037292
110999,hero-nopdl-step108k,4chan-llama3,loss,1.942750096321106
113999,hero-nopdl-step108k,4chan-llama3,loss,1.9397666454315186
116999,hero-nopdl-step108k,4chan-llama3,loss,1.9357672929763794
119999,hero-nopdl-step108k,4chan-llama3,loss,1.9365885257720947
110999,hero-nopdl-step108k,__parent__,bpb,0.6658844351768494
113999,hero-nopdl-step108k,__parent__,bpb,0.6662222743034363
116999,hero-nopdl-step108k,__parent__,bpb,0.6655961275100708
119999,hero-nopdl-step108k,__parent__,bpb,0.6656379699707031
110999,hero-nopdl-step108k,c4_100_domains-llama3,bpb,0.6569132208824158
113999,hero-nopdl-step108k,c4_100_domains-llama3,bpb,0.655929684638977
116999,hero-nopdl-step108k,c4_100_domains-llama3,bpb,0.6551072597503662
119999,hero-nopdl-step108k,c4_100_domains-llama3,bpb,0.6545665264129639
110999,hero-nopdl-step108k,c4_100_domains-llama3,loss,2.1102492809295654
113999,hero-nopdl-step108k,c4_100_domains-llama3,loss,2.107090950012207
116999,hero-nopdl-step108k,c4_100_domains-llama3,loss,2.1044483184814453
119999,hero-nopdl-step108k,c4_100_domains-llama3,loss,2.1027040481567383
110999,hero-nopdl-step108k,c4_en-llama3,bpb,0.7006462216377258
113999,hero-nopdl-step108k,c4_en-llama3,bpb,0.6998592019081116
116999,hero-nopdl-step108k,c4_en-llama3,bpb,0.699110746383667
119999,hero-nopdl-step108k,c4_en-llama3,bpb,0.6988469958305359
110999,hero-nopdl-step108k,c4_en-llama3,loss,2.2767677307128906
113999,hero-nopdl-step108k,c4_en-llama3,loss,2.2742104530334473
116999,hero-nopdl-step108k,c4_en-llama3,loss,2.2717783451080322
119999,hero-nopdl-step108k,c4_en-llama3,loss,2.270921230316162
110999,hero-nopdl-step108k,dolma-v1_5-llama3,bpb,0.6372770071029663
113999,hero-nopdl-step108k,dolma-v1_5-llama3,bpb,0.6377304792404175
116999,hero-nopdl-step108k,dolma-v1_5-llama3,bpb,0.6382282972335815
119999,hero-nopdl-step108k,dolma-v1_5-llama3,bpb,0.6379053592681885
110999,hero-nopdl-step108k,dolma-v1_5-llama3,loss,1.9034379720687866
113999,hero-nopdl-step108k,dolma-v1_5-llama3,loss,1.9047447443008423
116999,hero-nopdl-step108k,dolma-v1_5-llama3,loss,1.9062250852584839
119999,hero-nopdl-step108k,dolma-v1_5-llama3,loss,1.9052683115005493
110999,hero-nopdl-step108k,dolma_100_programing_languages-llama3,bpb,0.3461143374443054
113999,hero-nopdl-step108k,dolma_100_programing_languages-llama3,bpb,0.34617647528648376
116999,hero-nopdl-step108k,dolma_100_programing_languages-llama3,bpb,0.345373272895813
119999,hero-nopdl-step108k,dolma_100_programing_languages-llama3,bpb,0.3450395166873932
110999,hero-nopdl-step108k,dolma_100_programing_languages-llama3,loss,0.806865930557251
113999,hero-nopdl-step108k,dolma_100_programing_languages-llama3,loss,0.8069327473640442
116999,hero-nopdl-step108k,dolma_100_programing_languages-llama3,loss,0.8050206899642944
119999,hero-nopdl-step108k,dolma_100_programing_languages-llama3,loss,0.8041207790374756
110999,hero-nopdl-step108k,dolma_100_subreddits-llama3,bpb,0.8722308874130249
113999,hero-nopdl-step108k,dolma_100_subreddits-llama3,bpb,0.8726498484611511
116999,hero-nopdl-step108k,dolma_100_subreddits-llama3,bpb,0.8714568614959717
119999,hero-nopdl-step108k,dolma_100_subreddits-llama3,bpb,0.8707971572875977
110999,hero-nopdl-step108k,dolma_100_subreddits-llama3,loss,2.658200979232788
113999,hero-nopdl-step108k,dolma_100_subreddits-llama3,loss,2.6594786643981934
116999,hero-nopdl-step108k,dolma_100_subreddits-llama3,loss,2.6558432579040527
119999,hero-nopdl-step108k,dolma_100_subreddits-llama3,loss,2.653829574584961
110999,hero-nopdl-step108k,falcon-refinedweb-llama3,bpb,0.7369181513786316
113999,hero-nopdl-step108k,falcon-refinedweb-llama3,bpb,0.7352902293205261
116999,hero-nopdl-step108k,falcon-refinedweb-llama3,bpb,0.7338026762008667
119999,hero-nopdl-step108k,falcon-refinedweb-llama3,bpb,0.7336500287055969
110999,hero-nopdl-step108k,falcon-refinedweb-llama3,loss,2.310326337814331
113999,hero-nopdl-step108k,falcon-refinedweb-llama3,loss,2.305222511291504
116999,hero-nopdl-step108k,falcon-refinedweb-llama3,loss,2.3005588054656982
119999,hero-nopdl-step108k,falcon-refinedweb-llama3,loss,2.3000800609588623
110999,hero-nopdl-step108k,gab-llama3,bpb,1.3663541078567505
113999,hero-nopdl-step108k,gab-llama3,bpb,1.3669759035110474
116999,hero-nopdl-step108k,gab-llama3,bpb,1.3658586740493774
119999,hero-nopdl-step108k,gab-llama3,bpb,1.3654817342758179
110999,hero-nopdl-step108k,gab-llama3,loss,3.3158435821533203
113999,hero-nopdl-step108k,gab-llama3,loss,3.317352771759033
116999,hero-nopdl-step108k,gab-llama3,loss,3.3146414756774902
119999,hero-nopdl-step108k,gab-llama3,loss,3.3137264251708984
110999,hero-nopdl-step108k,m2d2_s2orc_unsplit-llama3,bpb,0.6057239770889282
113999,hero-nopdl-step108k,m2d2_s2orc_unsplit-llama3,bpb,0.6070438027381897
116999,hero-nopdl-step108k,m2d2_s2orc_unsplit-llama3,bpb,0.606320321559906
119999,hero-nopdl-step108k,m2d2_s2orc_unsplit-llama3,bpb,0.607232391834259
110999,hero-nopdl-step108k,m2d2_s2orc_unsplit-llama3,loss,1.831377625465393
113999,hero-nopdl-step108k,m2d2_s2orc_unsplit-llama3,loss,1.8352347612380981
116999,hero-nopdl-step108k,m2d2_s2orc_unsplit-llama3,loss,1.8330830335617065
119999,hero-nopdl-step108k,m2d2_s2orc_unsplit-llama3,loss,1.8356983661651611
110999,hero-nopdl-step108k,m2d2_wikipedia_unsplit-llama3,bpb,0.5918023586273193
113999,hero-nopdl-step108k,m2d2_wikipedia_unsplit-llama3,bpb,0.5927054286003113
116999,hero-nopdl-step108k,m2d2_wikipedia_unsplit-llama3,bpb,0.5928958654403687
119999,hero-nopdl-step108k,m2d2_wikipedia_unsplit-llama3,bpb,0.593343198299408
110999,hero-nopdl-step108k,m2d2_wikipedia_unsplit-llama3,loss,1.8304306268692017
113999,hero-nopdl-step108k,m2d2_wikipedia_unsplit-llama3,loss,1.8332322835922241
116999,hero-nopdl-step108k,m2d2_wikipedia_unsplit-llama3,loss,1.833819031715393
119999,hero-nopdl-step108k,m2d2_wikipedia_unsplit-llama3,loss,1.8351908922195435
110999,hero-nopdl-step108k,__parent__,macro_bpb,0.8028090000152588
113999,hero-nopdl-step108k,__parent__,macro_bpb,0.8022366762161255
116999,hero-nopdl-step108k,__parent__,macro_bpb,0.8027592897415161
119999,hero-nopdl-step108k,__parent__,macro_bpb,0.8015051484107971
110999,hero-nopdl-step108k,__parent__,macro_loss,2.213198661804199
113999,hero-nopdl-step108k,__parent__,macro_loss,2.2113609313964844
116999,hero-nopdl-step108k,__parent__,macro_loss,2.212935447692871
119999,hero-nopdl-step108k,__parent__,macro_loss,2.2088027000427246
110999,hero-nopdl-step108k,manosphere_meta_sep-llama3,bpb,0.9022523760795593
113999,hero-nopdl-step108k,manosphere_meta_sep-llama3,bpb,0.9024913311004639
116999,hero-nopdl-step108k,manosphere_meta_sep-llama3,bpb,0.9014858603477478
119999,hero-nopdl-step108k,manosphere_meta_sep-llama3,bpb,0.9020830392837524
110999,hero-nopdl-step108k,manosphere_meta_sep-llama3,loss,2.6423988342285156
113999,hero-nopdl-step108k,manosphere_meta_sep-llama3,loss,2.643098831176758
116999,hero-nopdl-step108k,manosphere_meta_sep-llama3,loss,2.6401538848876953
119999,hero-nopdl-step108k,manosphere_meta_sep-llama3,loss,2.6419029235839844
110999,hero-nopdl-step108k,mc4-llama3,bpb,0.6465473175048828
113999,hero-nopdl-step108k,mc4-llama3,bpb,0.6456452012062073
116999,hero-nopdl-step108k,mc4-llama3,bpb,0.6446921229362488
119999,hero-nopdl-step108k,mc4-llama3,bpb,0.6448655724525452
110999,hero-nopdl-step108k,mc4-llama3,loss,1.8758060932159424
113999,hero-nopdl-step108k,mc4-llama3,loss,1.8731826543807983
116999,hero-nopdl-step108k,mc4-llama3,loss,1.8704118728637695
119999,hero-nopdl-step108k,mc4-llama3,loss,1.8709044456481934
110999,hero-nopdl-step108k,__parent__,micro_loss,1.9530125856399536
113999,hero-nopdl-step108k,__parent__,micro_loss,1.9539568424224854
116999,hero-nopdl-step108k,__parent__,micro_loss,1.9520883560180664
119999,hero-nopdl-step108k,__parent__,micro_loss,1.9521404504776
110999,hero-nopdl-step108k,ptb-llama3,bpb,0.6741279363632202
113999,hero-nopdl-step108k,ptb-llama3,bpb,0.6601731181144714
116999,hero-nopdl-step108k,ptb-llama3,bpb,0.6720456480979919
119999,hero-nopdl-step108k,ptb-llama3,bpb,0.6494696736335754
110999,hero-nopdl-step108k,ptb-llama3,loss,2.1442956924438477
113999,hero-nopdl-step108k,ptb-llama3,loss,2.099907636642456
116999,hero-nopdl-step108k,ptb-llama3,loss,2.1376724243164062
119999,hero-nopdl-step108k,ptb-llama3,loss,2.065861701965332
110999,hero-nopdl-step108k,redpajama-llama3,bpb,0.5603794455528259
113999,hero-nopdl-step108k,redpajama-llama3,bpb,0.5610061883926392
116999,hero-nopdl-step108k,redpajama-llama3,bpb,0.5608744621276855
119999,hero-nopdl-step108k,redpajama-llama3,bpb,0.5609095692634583
110999,hero-nopdl-step108k,redpajama-llama3,loss,1.63300621509552
113999,hero-nopdl-step108k,redpajama-llama3,loss,1.6348326206207275
116999,hero-nopdl-step108k,redpajama-llama3,loss,1.634448766708374
119999,hero-nopdl-step108k,redpajama-llama3,loss,1.634550929069519
110999,hero-nopdl-step108k,twitterAAE_HELM_fixed-llama3,bpb,2.179468870162964
113999,hero-nopdl-step108k,twitterAAE_HELM_fixed-llama3,bpb,2.1794400215148926
116999,hero-nopdl-step108k,twitterAAE_HELM_fixed-llama3,bpb,2.1838345527648926
119999,hero-nopdl-step108k,twitterAAE_HELM_fixed-llama3,bpb,2.1855695247650146
110999,hero-nopdl-step108k,twitterAAE_HELM_fixed-llama3,loss,4.450748443603516
113999,hero-nopdl-step108k,twitterAAE_HELM_fixed-llama3,loss,4.450689792633057
116999,hero-nopdl-step108k,twitterAAE_HELM_fixed-llama3,loss,4.4596638679504395
119999,hero-nopdl-step108k,twitterAAE_HELM_fixed-llama3,loss,4.463206768035889
110999,hero-nopdl-step108k,wikitext_103-llama3,bpb,0.5338267087936401
113999,hero-nopdl-step108k,wikitext_103-llama3,bpb,0.53959059715271
116999,hero-nopdl-step108k,wikitext_103-llama3,bpb,0.5416996479034424
119999,hero-nopdl-step108k,wikitext_103-llama3,bpb,0.5426073670387268
110999,hero-nopdl-step108k,wikitext_103-llama3,loss,1.6786731481552124
113999,hero-nopdl-step108k,wikitext_103-llama3,loss,1.696798324584961
116999,hero-nopdl-step108k,wikitext_103-llama3,loss,1.703430414199829
119999,hero-nopdl-step108k,wikitext_103-llama3,loss,1.706284761428833
122999,hero-main-step121638,4chan-llama3,bpb,0.8342419266700745
125999,hero-main-step121638,4chan-llama3,bpb,0.828803300857544
128999,hero-main-step121638,4chan-llama3,bpb,0.8319903612136841
131999,hero-main-step121638,4chan-llama3,bpb,0.83006751537323
134999,hero-main-step121638,4chan-llama3,bpb,0.8304131627082825
137999,hero-main-step121638,4chan-llama3,bpb,0.8290431499481201
140999,hero-main-step121638,4chan-llama3,bpb,0.8297681212425232
143999,hero-main-step121638,4chan-llama3,bpb,0.8284594416618347
122999,hero-main-step121638,4chan-llama3,loss,1.9424738883972168
125999,hero-main-step121638,4chan-llama3,loss,1.9298104047775269
128999,hero-main-step121638,4chan-llama3,loss,1.937231183052063
131999,hero-main-step121638,4chan-llama3,loss,1.9327539205551147
134999,hero-main-step121638,4chan-llama3,loss,1.9335588216781616
137999,hero-main-step121638,4chan-llama3,loss,1.9303689002990723
140999,hero-main-step121638,4chan-llama3,loss,1.9320570230484009
143999,hero-main-step121638,4chan-llama3,loss,1.9290097951889038
122999,hero-main-step121638,__parent__,bpb,0.6654992699623108
125999,hero-main-step121638,__parent__,bpb,0.6642530560493469
128999,hero-main-step121638,__parent__,bpb,0.6641815900802612
131999,hero-main-step121638,__parent__,bpb,0.6633287668228149
134999,hero-main-step121638,__parent__,bpb,0.6633478403091431
137999,hero-main-step121638,__parent__,bpb,0.6630370020866394
140999,hero-main-step121638,__parent__,bpb,0.6627615690231323
143999,hero-main-step121638,__parent__,bpb,0.6611769199371338
122999,hero-main-step121638,c4_100_domains-llama3,bpb,0.6540831327438354
125999,hero-main-step121638,c4_100_domains-llama3,bpb,0.6534501910209656
128999,hero-main-step121638,c4_100_domains-llama3,bpb,0.6529182195663452
131999,hero-main-step121638,c4_100_domains-llama3,bpb,0.6523576974868774
134999,hero-main-step121638,c4_100_domains-llama3,bpb,0.6516416668891907
137999,hero-main-step121638,c4_100_domains-llama3,bpb,0.6511761546134949
140999,hero-main-step121638,c4_100_domains-llama3,bpb,0.6502605676651001
143999,hero-main-step121638,c4_100_domains-llama3,bpb,0.6496620774269104
122999,hero-main-step121638,c4_100_domains-llama3,loss,2.10115385055542
125999,hero-main-step121638,c4_100_domains-llama3,loss,2.099119186401367
128999,hero-main-step121638,c4_100_domains-llama3,loss,2.0974128246307373
131999,hero-main-step121638,c4_100_domains-llama3,loss,2.095609426498413
134999,hero-main-step121638,c4_100_domains-llama3,loss,2.093317985534668
137999,hero-main-step121638,c4_100_domains-llama3,loss,2.091826915740967
140999,hero-main-step121638,c4_100_domains-llama3,loss,2.0888893604278564
143999,hero-main-step121638,c4_100_domains-llama3,loss,2.0869574546813965
122999,hero-main-step121638,c4_en-llama3,bpb,0.6984390616416931
125999,hero-main-step121638,c4_en-llama3,bpb,0.6979411244392395
128999,hero-main-step121638,c4_en-llama3,bpb,0.697404682636261
131999,hero-main-step121638,c4_en-llama3,bpb,0.696698009967804
134999,hero-main-step121638,c4_en-llama3,bpb,0.6954043507575989
137999,hero-main-step121638,c4_en-llama3,bpb,0.6952458620071411
140999,hero-main-step121638,c4_en-llama3,bpb,0.6943085789680481
143999,hero-main-step121638,c4_en-llama3,bpb,0.6932073831558228
122999,hero-main-step121638,c4_en-llama3,loss,2.2695953845977783
125999,hero-main-step121638,c4_en-llama3,loss,2.267977714538574
128999,hero-main-step121638,c4_en-llama3,loss,2.2662343978881836
131999,hero-main-step121638,c4_en-llama3,loss,2.2639379501342773
134999,hero-main-step121638,c4_en-llama3,loss,2.2597343921661377
137999,hero-main-step121638,c4_en-llama3,loss,2.2592194080352783
140999,hero-main-step121638,c4_en-llama3,loss,2.256173610687256
143999,hero-main-step121638,c4_en-llama3,loss,2.2525951862335205
122999,hero-main-step121638,dolma-v1_5-llama3,bpb,0.6376072764396667
125999,hero-main-step121638,dolma-v1_5-llama3,bpb,0.6366154551506042
128999,hero-main-step121638,dolma-v1_5-llama3,bpb,0.6354389190673828
131999,hero-main-step121638,dolma-v1_5-llama3,bpb,0.6359714865684509
134999,hero-main-step121638,dolma-v1_5-llama3,bpb,0.6362082958221436
137999,hero-main-step121638,dolma-v1_5-llama3,bpb,0.6350545883178711
140999,hero-main-step121638,dolma-v1_5-llama3,bpb,0.6334002614021301
143999,hero-main-step121638,dolma-v1_5-llama3,bpb,0.6313836574554443
122999,hero-main-step121638,dolma-v1_5-llama3,loss,1.9043865203857422
125999,hero-main-step121638,dolma-v1_5-llama3,loss,1.9014124870300293
128999,hero-main-step121638,dolma-v1_5-llama3,loss,1.8979610204696655
131999,hero-main-step121638,dolma-v1_5-llama3,loss,1.899491310119629
134999,hero-main-step121638,dolma-v1_5-llama3,loss,1.9001851081848145
137999,hero-main-step121638,dolma-v1_5-llama3,loss,1.896726369857788
140999,hero-main-step121638,dolma-v1_5-llama3,loss,1.891904354095459
143999,hero-main-step121638,dolma-v1_5-llama3,loss,1.886082649230957
122999,hero-main-step121638,dolma_100_programing_languages-llama3,bpb,0.345383882522583
125999,hero-main-step121638,dolma_100_programing_languages-llama3,bpb,0.3430244028568268
128999,hero-main-step121638,dolma_100_programing_languages-llama3,bpb,0.3443129062652588
131999,hero-main-step121638,dolma_100_programing_languages-llama3,bpb,0.3426518142223358
134999,hero-main-step121638,dolma_100_programing_languages-llama3,bpb,0.3424015939235687
137999,hero-main-step121638,dolma_100_programing_languages-llama3,bpb,0.34299585223197937
140999,hero-main-step121638,dolma_100_programing_languages-llama3,bpb,0.34296584129333496
143999,hero-main-step121638,dolma_100_programing_languages-llama3,bpb,0.34134405851364136
122999,hero-main-step121638,dolma_100_programing_languages-llama3,loss,0.80516117811203
125999,hero-main-step121638,dolma_100_programing_languages-llama3,loss,0.7993519306182861
128999,hero-main-step121638,dolma_100_programing_languages-llama3,loss,0.8025006651878357
131999,hero-main-step121638,dolma_100_programing_languages-llama3,loss,0.798477053642273
134999,hero-main-step121638,dolma_100_programing_languages-llama3,loss,0.7979641556739807
137999,hero-main-step121638,dolma_100_programing_languages-llama3,loss,0.7994406819343567
140999,hero-main-step121638,dolma_100_programing_languages-llama3,loss,0.7993641495704651
143999,hero-main-step121638,dolma_100_programing_languages-llama3,loss,0.7956365346908569
122999,hero-main-step121638,dolma_100_subreddits-llama3,bpb,0.8713172674179077
125999,hero-main-step121638,dolma_100_subreddits-llama3,bpb,0.8705900311470032
128999,hero-main-step121638,dolma_100_subreddits-llama3,bpb,0.8706359267234802
131999,hero-main-step121638,dolma_100_subreddits-llama3,bpb,0.8696597814559937
134999,hero-main-step121638,dolma_100_subreddits-llama3,bpb,0.8701188564300537
137999,hero-main-step121638,dolma_100_subreddits-llama3,bpb,0.8693112730979919
140999,hero-main-step121638,dolma_100_subreddits-llama3,bpb,0.8687524795532227
143999,hero-main-step121638,dolma_100_subreddits-llama3,bpb,0.8673433661460876
122999,hero-main-step121638,dolma_100_subreddits-llama3,loss,2.6554150581359863
125999,hero-main-step121638,dolma_100_subreddits-llama3,loss,2.6531982421875
128999,hero-main-step121638,dolma_100_subreddits-llama3,loss,2.6533379554748535
131999,hero-main-step121638,dolma_100_subreddits-llama3,loss,2.6503584384918213
134999,hero-main-step121638,dolma_100_subreddits-llama3,loss,2.651761770248413
137999,hero-main-step121638,dolma_100_subreddits-llama3,loss,2.6492984294891357
140999,hero-main-step121638,dolma_100_subreddits-llama3,loss,2.6475958824157715
143999,hero-main-step121638,dolma_100_subreddits-llama3,loss,2.6433048248291016
122999,hero-main-step121638,falcon-refinedweb-llama3,bpb,0.7341026663780212
125999,hero-main-step121638,falcon-refinedweb-llama3,bpb,0.7329663038253784
128999,hero-main-step121638,falcon-refinedweb-llama3,bpb,0.732498288154602
131999,hero-main-step121638,falcon-refinedweb-llama3,bpb,0.732187032699585
134999,hero-main-step121638,falcon-refinedweb-llama3,bpb,0.7315618395805359
137999,hero-main-step121638,falcon-refinedweb-llama3,bpb,0.731203556060791
140999,hero-main-step121638,falcon-refinedweb-llama3,bpb,0.7308312654495239
143999,hero-main-step121638,falcon-refinedweb-llama3,bpb,0.729016125202179
122999,hero-main-step121638,falcon-refinedweb-llama3,loss,2.301499366760254
125999,hero-main-step121638,falcon-refinedweb-llama3,loss,2.2979366779327393
128999,hero-main-step121638,falcon-refinedweb-llama3,loss,2.2964694499969482
131999,hero-main-step121638,falcon-refinedweb-llama3,loss,2.2954936027526855
134999,hero-main-step121638,falcon-refinedweb-llama3,loss,2.2935335636138916
137999,hero-main-step121638,falcon-refinedweb-llama3,loss,2.292410373687744
140999,hero-main-step121638,falcon-refinedweb-llama3,loss,2.291242837905884
143999,hero-main-step121638,falcon-refinedweb-llama3,loss,2.2855522632598877
122999,hero-main-step121638,gab-llama3,bpb,1.365617275238037
125999,hero-main-step121638,gab-llama3,bpb,1.3614635467529297
128999,hero-main-step121638,gab-llama3,bpb,1.3608479499816895
131999,hero-main-step121638,gab-llama3,bpb,1.359944224357605
134999,hero-main-step121638,gab-llama3,bpb,1.3602540493011475
137999,hero-main-step121638,gab-llama3,bpb,1.3647503852844238
140999,hero-main-step121638,gab-llama3,bpb,1.361053466796875
143999,hero-main-step121638,gab-llama3,bpb,1.3541475534439087
122999,hero-main-step121638,gab-llama3,loss,3.3140554428100586
125999,hero-main-step121638,gab-llama3,loss,3.3039753437042236
128999,hero-main-step121638,gab-llama3,loss,3.3024814128875732
131999,hero-main-step121638,gab-llama3,loss,3.300288438796997
134999,hero-main-step121638,gab-llama3,loss,3.3010404109954834
137999,hero-main-step121638,gab-llama3,loss,3.3119518756866455
140999,hero-main-step121638,gab-llama3,loss,3.3029801845550537
143999,hero-main-step121638,gab-llama3,loss,3.2862210273742676
122999,hero-main-step121638,m2d2_s2orc_unsplit-llama3,bpb,0.6060702204704285
125999,hero-main-step121638,m2d2_s2orc_unsplit-llama3,bpb,0.6057422161102295
128999,hero-main-step121638,m2d2_s2orc_unsplit-llama3,bpb,0.6059759259223938
131999,hero-main-step121638,m2d2_s2orc_unsplit-llama3,bpb,0.6055143475532532
134999,hero-main-step121638,m2d2_s2orc_unsplit-llama3,bpb,0.6044300198554993
137999,hero-main-step121638,m2d2_s2orc_unsplit-llama3,bpb,0.6047490239143372
140999,hero-main-step121638,m2d2_s2orc_unsplit-llama3,bpb,0.6047868728637695
143999,hero-main-step121638,m2d2_s2orc_unsplit-llama3,bpb,0.6035876274108887
122999,hero-main-step121638,m2d2_s2orc_unsplit-llama3,loss,1.8322302103042603
125999,hero-main-step121638,m2d2_s2orc_unsplit-llama3,loss,1.8312129974365234
128999,hero-main-step121638,m2d2_s2orc_unsplit-llama3,loss,1.831919550895691
131999,hero-main-step121638,m2d2_s2orc_unsplit-llama3,loss,1.8305346965789795
134999,hero-main-step121638,m2d2_s2orc_unsplit-llama3,loss,1.8273160457611084
137999,hero-main-step121638,m2d2_s2orc_unsplit-llama3,loss,1.8282361030578613
140999,hero-main-step121638,m2d2_s2orc_unsplit-llama3,loss,1.8283394575119019
143999,hero-main-step121638,m2d2_s2orc_unsplit-llama3,loss,1.8247056007385254
122999,hero-main-step121638,m2d2_wikipedia_unsplit-llama3,bpb,0.592705488204956
125999,hero-main-step121638,m2d2_wikipedia_unsplit-llama3,bpb,0.5910415649414062
128999,hero-main-step121638,m2d2_wikipedia_unsplit-llama3,bpb,0.5905415415763855
131999,hero-main-step121638,m2d2_wikipedia_unsplit-llama3,bpb,0.5895395874977112
134999,hero-main-step121638,m2d2_wikipedia_unsplit-llama3,bpb,0.5898174047470093
137999,hero-main-step121638,m2d2_wikipedia_unsplit-llama3,bpb,0.588685154914856
140999,hero-main-step121638,m2d2_wikipedia_unsplit-llama3,bpb,0.5872370004653931
143999,hero-main-step121638,m2d2_wikipedia_unsplit-llama3,bpb,0.5875852108001709
122999,hero-main-step121638,m2d2_wikipedia_unsplit-llama3,loss,1.8332023620605469
125999,hero-main-step121638,m2d2_wikipedia_unsplit-llama3,loss,1.8280308246612549
128999,hero-main-step121638,m2d2_wikipedia_unsplit-llama3,loss,1.8265224695205688
131999,hero-main-step121638,m2d2_wikipedia_unsplit-llama3,loss,1.823419451713562
134999,hero-main-step121638,m2d2_wikipedia_unsplit-llama3,loss,1.8242679834365845
137999,hero-main-step121638,m2d2_wikipedia_unsplit-llama3,loss,1.820774793624878
140999,hero-main-step121638,m2d2_wikipedia_unsplit-llama3,loss,1.816312551498413
143999,hero-main-step121638,m2d2_wikipedia_unsplit-llama3,loss,1.8173553943634033
122999,hero-main-step121638,__parent__,macro_bpb,0.8034502267837524
125999,hero-main-step121638,__parent__,macro_bpb,0.8000919222831726
128999,hero-main-step121638,__parent__,macro_bpb,0.7983362078666687
131999,hero-main-step121638,__parent__,macro_bpb,0.7988355159759521
134999,hero-main-step121638,__parent__,macro_bpb,0.8006804585456848
137999,hero-main-step121638,__parent__,macro_bpb,0.7977093458175659
140999,hero-main-step121638,__parent__,macro_bpb,0.7986156940460205
143999,hero-main-step121638,__parent__,macro_bpb,0.7965694665908813
122999,hero-main-step121638,__parent__,macro_loss,2.214191198348999
125999,hero-main-step121638,__parent__,macro_loss,2.2050559520721436
128999,hero-main-step121638,__parent__,macro_loss,2.199331521987915
131999,hero-main-step121638,__parent__,macro_loss,2.2021915912628174
134999,hero-main-step121638,__parent__,macro_loss,2.2063300609588623
137999,hero-main-step121638,__parent__,macro_loss,2.1967811584472656
140999,hero-main-step121638,__parent__,macro_loss,2.1989684104919434
143999,hero-main-step121638,__parent__,macro_loss,2.1951937675476074
122999,hero-main-step121638,manosphere_meta_sep-llama3,bpb,0.9025231599807739
125999,hero-main-step121638,manosphere_meta_sep-llama3,bpb,0.9017578959465027
128999,hero-main-step121638,manosphere_meta_sep-llama3,bpb,0.9012532234191895
131999,hero-main-step121638,manosphere_meta_sep-llama3,bpb,0.8992892503738403
134999,hero-main-step121638,manosphere_meta_sep-llama3,bpb,0.9005690813064575
137999,hero-main-step121638,manosphere_meta_sep-llama3,bpb,0.8984197974205017
140999,hero-main-step121638,manosphere_meta_sep-llama3,bpb,0.8986882567405701
143999,hero-main-step121638,manosphere_meta_sep-llama3,bpb,0.8978436589241028
122999,hero-main-step121638,manosphere_meta_sep-llama3,loss,2.6431918144226074
125999,hero-main-step121638,manosphere_meta_sep-llama3,loss,2.640950918197632
128999,hero-main-step121638,manosphere_meta_sep-llama3,loss,2.639472723007202
131999,hero-main-step121638,manosphere_meta_sep-llama3,loss,2.633720874786377
134999,hero-main-step121638,manosphere_meta_sep-llama3,loss,2.6374692916870117
137999,hero-main-step121638,manosphere_meta_sep-llama3,loss,2.6311745643615723
140999,hero-main-step121638,manosphere_meta_sep-llama3,loss,2.631960868835449
143999,hero-main-step121638,manosphere_meta_sep-llama3,loss,2.6294872760772705
122999,hero-main-step121638,mc4-llama3,bpb,0.6442540287971497
125999,hero-main-step121638,mc4-llama3,bpb,0.643248438835144
128999,hero-main-step121638,mc4-llama3,bpb,0.6421486139297485
131999,hero-main-step121638,mc4-llama3,bpb,0.6432398557662964
134999,hero-main-step121638,mc4-llama3,bpb,0.642143726348877
137999,hero-main-step121638,mc4-llama3,bpb,0.641170859336853
140999,hero-main-step121638,mc4-llama3,bpb,0.6404975056648254
143999,hero-main-step121638,mc4-llama3,bpb,0.6393613815307617
122999,hero-main-step121638,mc4-llama3,loss,1.8691208362579346
125999,hero-main-step121638,mc4-llama3,loss,1.8662350177764893
128999,hero-main-step121638,mc4-llama3,loss,1.8630391359329224
131999,hero-main-step121638,mc4-llama3,loss,1.8661831617355347
134999,hero-main-step121638,mc4-llama3,loss,1.8630379438400269
137999,hero-main-step121638,mc4-llama3,loss,1.860191822052002
140999,hero-main-step121638,mc4-llama3,loss,1.85823655128479
143999,hero-main-step121638,mc4-llama3,loss,1.854956865310669
122999,hero-main-step121638,__parent__,micro_loss,1.9515633583068848
125999,hero-main-step121638,__parent__,micro_loss,1.9482128620147705
128999,hero-main-step121638,__parent__,micro_loss,1.9478161334991455
131999,hero-main-step121638,__parent__,micro_loss,1.9456018209457397
134999,hero-main-step121638,__parent__,micro_loss,1.945360779762268
137999,hero-main-step121638,__parent__,micro_loss,1.94428551197052
140999,hero-main-step121638,__parent__,micro_loss,1.9432928562164307
143999,hero-main-step121638,__parent__,micro_loss,1.9391533136367798
122999,hero-main-step121638,ptb-llama3,bpb,0.6707638502120972
125999,hero-main-step121638,ptb-llama3,bpb,0.6490014791488647
128999,hero-main-step121638,ptb-llama3,bpb,0.666877031326294
131999,hero-main-step121638,ptb-llama3,bpb,0.6747404932975769
134999,hero-main-step121638,ptb-llama3,bpb,0.6679521203041077
137999,hero-main-step121638,ptb-llama3,bpb,0.6487191319465637
140999,hero-main-step121638,ptb-llama3,bpb,0.6446917057037354
143999,hero-main-step121638,ptb-llama3,bpb,0.6650397181510925
122999,hero-main-step121638,ptb-llama3,loss,2.1335952281951904
125999,hero-main-step121638,ptb-llama3,loss,2.0643725395202637
128999,hero-main-step121638,ptb-llama3,loss,2.1212317943573
131999,hero-main-step121638,ptb-llama3,loss,2.1462440490722656
134999,hero-main-step121638,ptb-llama3,loss,2.1246514320373535
137999,hero-main-step121638,ptb-llama3,loss,2.063474178314209
140999,hero-main-step121638,ptb-llama3,loss,2.050663709640503
143999,hero-main-step121638,ptb-llama3,loss,2.115387439727783
122999,hero-main-step121638,redpajama-llama3,bpb,0.56097811460495
125999,hero-main-step121638,redpajama-llama3,bpb,0.5604369044303894
128999,hero-main-step121638,redpajama-llama3,bpb,0.5614160299301147
131999,hero-main-step121638,redpajama-llama3,bpb,0.5600210428237915
134999,hero-main-step121638,redpajama-llama3,bpb,0.5604022145271301
137999,hero-main-step121638,redpajama-llama3,bpb,0.5592113137245178
140999,hero-main-step121638,redpajama-llama3,bpb,0.5591220259666443
143999,hero-main-step121638,redpajama-llama3,bpb,0.5582343339920044
122999,hero-main-step121638,redpajama-llama3,loss,1.6347507238388062
125999,hero-main-step121638,redpajama-llama3,loss,1.6331735849380493
128999,hero-main-step121638,redpajama-llama3,loss,1.6360268592834473
131999,hero-main-step121638,redpajama-llama3,loss,1.631961703300476
134999,hero-main-step121638,redpajama-llama3,loss,1.6330726146697998
137999,hero-main-step121638,redpajama-llama3,loss,1.629602074623108
140999,hero-main-step121638,redpajama-llama3,loss,1.6293418407440186
143999,hero-main-step121638,redpajama-llama3,loss,1.6267551183700562
122999,hero-main-step121638,twitterAAE_HELM_fixed-llama3,bpb,2.194979190826416
125999,hero-main-step121638,twitterAAE_HELM_fixed-llama3,bpb,2.18247127532959
128999,hero-main-step121638,twitterAAE_HELM_fixed-llama3,bpb,2.1835410594940186
131999,hero-main-step121638,twitterAAE_HELM_fixed-llama3,bpb,2.1685478687286377
134999,hero-main-step121638,twitterAAE_HELM_fixed-llama3,bpb,2.192111015319824
137999,hero-main-step121638,twitterAAE_HELM_fixed-llama3,bpb,2.1932311058044434
140999,hero-main-step121638,twitterAAE_HELM_fixed-llama3,bpb,2.205043077468872
143999,hero-main-step121638,twitterAAE_HELM_fixed-llama3,bpb,2.174978733062744
122999,hero-main-step121638,twitterAAE_HELM_fixed-llama3,loss,4.482422351837158
125999,hero-main-step121638,twitterAAE_HELM_fixed-llama3,loss,4.456879615783691
128999,hero-main-step121638,twitterAAE_HELM_fixed-llama3,loss,4.459064483642578
131999,hero-main-step121638,twitterAAE_HELM_fixed-llama3,loss,4.4284467697143555
134999,hero-main-step121638,twitterAAE_HELM_fixed-llama3,loss,4.476565837860107
137999,hero-main-step121638,twitterAAE_HELM_fixed-llama3,loss,4.478852272033691
140999,hero-main-step121638,twitterAAE_HELM_fixed-llama3,loss,4.502974033355713
143999,hero-main-step121638,twitterAAE_HELM_fixed-llama3,loss,4.4415788650512695
122999,hero-main-step121638,wikitext_103-llama3,bpb,0.5421367883682251
125999,hero-main-step121638,wikitext_103-llama3,bpb,0.5429163575172424
128999,hero-main-step121638,wikitext_103-llama3,bpb,0.49557846784591675
131999,hero-main-step121638,wikitext_103-llama3,bpb,0.5209382176399231
134999,hero-main-step121638,wikitext_103-llama3,bpb,0.535457968711853
137999,hero-main-step121638,wikitext_103-llama3,bpb,0.5103822946548462
140999,hero-main-step121638,wikitext_103-llama3,bpb,0.5264437198638916
143999,hero-main-step121638,wikitext_103-llama3,bpb,0.523917019367218
122999,hero-main-step121638,wikitext_103-llama3,loss,1.7048048973083496
125999,hero-main-step121638,wikitext_103-llama3,loss,1.7072564363479614
128999,hero-main-step121638,wikitext_103-llama3,loss,1.558397650718689
131999,hero-main-step121638,wikitext_103-llama3,loss,1.6381440162658691
134999,hero-main-step121638,wikitext_103-llama3,loss,1.683802843093872
137999,hero-main-step121638,wikitext_103-llama3,loss,1.6049498319625854
140999,hero-main-step121638,wikitext_103-llama3,loss,1.6554566621780396
143999,hero-main-step121638,wikitext_103-llama3,loss,1.6475111246109009
146999,hero-fa4sm100-nomask-step146k,4chan-llama3,bpb,0.8293974995613098
149999,hero-fa4sm100-nomask-step146k,4chan-llama3,bpb,0.8276250958442688
152999,hero-fa4sm100-nomask-step146k,4chan-llama3,bpb,0.8267826437950134
155999,hero-fa4sm100-nomask-step146k,4chan-llama3,bpb,0.8264840841293335
158999,hero-fa4sm100-nomask-step146k,4chan-llama3,bpb,0.8248066306114197
161999,hero-fa4sm100-nomask-step146k,4chan-llama3,bpb,0.8236570954322815
164999,hero-fa4sm100-nomask-step146k,4chan-llama3,bpb,0.8250577449798584
167999,hero-fa4sm100-nomask-step146k,4chan-llama3,bpb,0.8258524537086487
170999,hero-fa4sm100-nomask-step146k,4chan-llama3,bpb,0.8250543475151062
173999,hero-fa4sm100-nomask-step146k,4chan-llama3,bpb,0.8244413137435913
176999,hero-fa4sm100-nomask-step146k,4chan-llama3,bpb,0.825756847858429
179999,hero-fa4sm100-nomask-step146k,4chan-llama3,bpb,0.8233941197395325
182999,hero-fa4sm100-nomask-step146k,4chan-llama3,bpb,0.8217881321907043
185999,hero-fa4sm100-nomask-step146k,4chan-llama3,bpb,0.820724606513977
188999,hero-fa4sm100-nomask-step146k,4chan-llama3,bpb,0.8201039433479309
191999,hero-fa4sm100-nomask-step146k,4chan-llama3,bpb,0.8220452070236206
194999,hero-fa4sm100-nomask-step146k,4chan-llama3,bpb,0.8188377022743225
197999,hero-fa4sm100-nomask-step146k,4chan-llama3,bpb,0.8195977210998535
146999,hero-fa4sm100-nomask-step146k,4chan-llama3,loss,1.9311939477920532
149999,hero-fa4sm100-nomask-step146k,4chan-llama3,loss,1.9270669221878052
152999,hero-fa4sm100-nomask-step146k,4chan-llama3,loss,1.9251054525375366
155999,hero-fa4sm100-nomask-step146k,4chan-llama3,loss,1.9244102239608765
158999,hero-fa4sm100-nomask-step146k,4chan-llama3,loss,1.9205044507980347
161999,hero-fa4sm100-nomask-step146k,4chan-llama3,loss,1.9178277254104614
164999,hero-fa4sm100-nomask-step146k,4chan-llama3,loss,1.9210890531539917
167999,hero-fa4sm100-nomask-step146k,4chan-llama3,loss,1.9229395389556885
170999,hero-fa4sm100-nomask-step146k,4chan-llama3,loss,1.9210811853408813
173999,hero-fa4sm100-nomask-step146k,4chan-llama3,loss,1.9196538925170898
176999,hero-fa4sm100-nomask-step146k,4chan-llama3,loss,1.9227168560028076
179999,hero-fa4sm100-nomask-step146k,4chan-llama3,loss,1.9172154664993286
182999,hero-fa4sm100-nomask-step146k,4chan-llama3,loss,1.9134762287139893
185999,hero-fa4sm100-nomask-step146k,4chan-llama3,loss,1.9109997749328613
188999,hero-fa4sm100-nomask-step146k,4chan-llama3,loss,1.9095544815063477
191999,hero-fa4sm100-nomask-step146k,4chan-llama3,loss,1.9140745401382446
194999,hero-fa4sm100-nomask-step146k,4chan-llama3,loss,1.9066063165664673
197999,hero-fa4sm100-nomask-step146k,4chan-llama3,loss,1.908375859260559
146999,hero-fa4sm100-nomask-step146k,__parent__,bpb,0.6607746481895447
149999,hero-fa4sm100-nomask-step146k,__parent__,bpb,0.6601905226707458
152999,hero-fa4sm100-nomask-step146k,__parent__,bpb,0.6600461602210999
155999,hero-fa4sm100-nomask-step146k,__parent__,bpb,0.6588665843009949
158999,hero-fa4sm100-nomask-step146k,__parent__,bpb,0.6587321162223816
161999,hero-fa4sm100-nomask-step146k,__parent__,bpb,0.6578632593154907
164999,hero-fa4sm100-nomask-step146k,__parent__,bpb,0.657171368598938
167999,hero-fa4sm100-nomask-step146k,__parent__,bpb,0.6562450528144836
170999,hero-fa4sm100-nomask-step146k,__parent__,bpb,0.6563870310783386
173999,hero-fa4sm100-nomask-step146k,__parent__,bpb,0.6559832096099854
176999,hero-fa4sm100-nomask-step146k,__parent__,bpb,0.6559223532676697
179999,hero-fa4sm100-nomask-step146k,__parent__,bpb,0.6545020937919617
182999,hero-fa4sm100-nomask-step146k,__parent__,bpb,0.6535601615905762
185999,hero-fa4sm100-nomask-step146k,__parent__,bpb,0.6526728868484497
188999,hero-fa4sm100-nomask-step146k,__parent__,bpb,0.6527615785598755
191999,hero-fa4sm100-nomask-step146k,__parent__,bpb,0.6531538367271423
194999,hero-fa4sm100-nomask-step146k,__parent__,bpb,0.6516211628913879
197999,hero-fa4sm100-nomask-step146k,__parent__,bpb,0.6515381932258606
146999,hero-fa4sm100-nomask-step146k,c4_100_domains-llama3,bpb,0.6487398743629456
149999,hero-fa4sm100-nomask-step146k,c4_100_domains-llama3,bpb,0.6478285789489746
152999,hero-fa4sm100-nomask-step146k,c4_100_domains-llama3,bpb,0.6478269696235657
155999,hero-fa4sm100-nomask-step146k,c4_100_domains-llama3,bpb,0.6468514800071716
158999,hero-fa4sm100-nomask-step146k,c4_100_domains-llama3,bpb,0.6467393040657043
161999,hero-fa4sm100-nomask-step146k,c4_100_domains-llama3,bpb,0.6456601023674011
164999,hero-fa4sm100-nomask-step146k,c4_100_domains-llama3,bpb,0.6447227597236633
167999,hero-fa4sm100-nomask-step146k,c4_100_domains-llama3,bpb,0.6442731618881226
170999,hero-fa4sm100-nomask-step146k,c4_100_domains-llama3,bpb,0.6439130902290344
173999,hero-fa4sm100-nomask-step146k,c4_100_domains-llama3,bpb,0.6439538598060608
176999,hero-fa4sm100-nomask-step146k,c4_100_domains-llama3,bpb,0.6431945562362671
179999,hero-fa4sm100-nomask-step146k,c4_100_domains-llama3,bpb,0.6419221758842468
182999,hero-fa4sm100-nomask-step146k,c4_100_domains-llama3,bpb,0.6411452293395996
185999,hero-fa4sm100-nomask-step146k,c4_100_domains-llama3,bpb,0.6404201984405518
188999,hero-fa4sm100-nomask-step146k,c4_100_domains-llama3,bpb,0.6401761770248413
191999,hero-fa4sm100-nomask-step146k,c4_100_domains-llama3,bpb,0.6396482586860657
194999,hero-fa4sm100-nomask-step146k,c4_100_domains-llama3,bpb,0.6388566493988037
197999,hero-fa4sm100-nomask-step146k,c4_100_domains-llama3,bpb,0.6384979486465454
146999,hero-fa4sm100-nomask-step146k,c4_100_domains-llama3,loss,2.083996295928955
149999,hero-fa4sm100-nomask-step146k,c4_100_domains-llama3,loss,2.0810694694519043
152999,hero-fa4sm100-nomask-step146k,c4_100_domains-llama3,loss,2.0810599327087402
155999,hero-fa4sm100-nomask-step146k,c4_100_domains-llama3,loss,2.077929973602295
158999,hero-fa4sm100-nomask-step146k,c4_100_domains-llama3,loss,2.077572822570801
161999,hero-fa4sm100-nomask-step146k,c4_100_domains-llama3,loss,2.0740997791290283
164999,hero-fa4sm100-nomask-step146k,c4_100_domains-llama3,loss,2.071087121963501
167999,hero-fa4sm100-nomask-step146k,c4_100_domains-llama3,loss,2.069645643234253
170999,hero-fa4sm100-nomask-step146k,c4_100_domains-llama3,loss,2.0684893131256104
173999,hero-fa4sm100-nomask-step146k,c4_100_domains-llama3,loss,2.068619966506958
176999,hero-fa4sm100-nomask-step146k,c4_100_domains-llama3,loss,2.0661821365356445
179999,hero-fa4sm100-nomask-step146k,c4_100_domains-llama3,loss,2.0620996952056885
182999,hero-fa4sm100-nomask-step146k,c4_100_domains-llama3,loss,2.0596108436584473
185999,hero-fa4sm100-nomask-step146k,c4_100_domains-llama3,loss,2.057278633117676
188999,hero-fa4sm100-nomask-step146k,c4_100_domains-llama3,loss,2.056495428085327
191999,hero-fa4sm100-nomask-step146k,c4_100_domains-llama3,loss,2.054795742034912
194999,hero-fa4sm100-nomask-step146k,c4_100_domains-llama3,loss,2.0522477626800537
197999,hero-fa4sm100-nomask-step146k,c4_100_domains-llama3,loss,2.0510997772216797
146999,hero-fa4sm100-nomask-step146k,c4_en-llama3,bpb,0.6934412717819214
149999,hero-fa4sm100-nomask-step146k,c4_en-llama3,bpb,0.6925124526023865
152999,hero-fa4sm100-nomask-step146k,c4_en-llama3,bpb,0.6928905248641968
155999,hero-fa4sm100-nomask-step146k,c4_en-llama3,bpb,0.6919164061546326
158999,hero-fa4sm100-nomask-step146k,c4_en-llama3,bpb,0.6913961172103882
161999,hero-fa4sm100-nomask-step146k,c4_en-llama3,bpb,0.6908903121948242
164999,hero-fa4sm100-nomask-step146k,c4_en-llama3,bpb,0.6902623772621155
167999,hero-fa4sm100-nomask-step146k,c4_en-llama3,bpb,0.6896221041679382
170999,hero-fa4sm100-nomask-step146k,c4_en-llama3,bpb,0.6887025237083435
173999,hero-fa4sm100-nomask-step146k,c4_en-llama3,bpb,0.6886559128761292
176999,hero-fa4sm100-nomask-step146k,c4_en-llama3,bpb,0.6881834864616394
179999,hero-fa4sm100-nomask-step146k,c4_en-llama3,bpb,0.6865353584289551
182999,hero-fa4sm100-nomask-step146k,c4_en-llama3,bpb,0.6864099502563477
185999,hero-fa4sm100-nomask-step146k,c4_en-llama3,bpb,0.6846213936805725
188999,hero-fa4sm100-nomask-step146k,c4_en-llama3,bpb,0.6844611167907715
191999,hero-fa4sm100-nomask-step146k,c4_en-llama3,bpb,0.6846837997436523
194999,hero-fa4sm100-nomask-step146k,c4_en-llama3,bpb,0.683750569820404
197999,hero-fa4sm100-nomask-step146k,c4_en-llama3,bpb,0.6837071776390076
146999,hero-fa4sm100-nomask-step146k,c4_en-llama3,loss,2.2533552646636963
149999,hero-fa4sm100-nomask-step146k,c4_en-llama3,loss,2.2503371238708496
152999,hero-fa4sm100-nomask-step146k,c4_en-llama3,loss,2.251565456390381
155999,hero-fa4sm100-nomask-step146k,c4_en-llama3,loss,2.2483999729156494
158999,hero-fa4sm100-nomask-step146k,c4_en-llama3,loss,2.2467095851898193
161999,hero-fa4sm100-nomask-step146k,c4_en-llama3,loss,2.245065689086914
164999,hero-fa4sm100-nomask-step146k,c4_en-llama3,loss,2.243025302886963
167999,hero-fa4sm100-nomask-step146k,c4_en-llama3,loss,2.2409446239471436
170999,hero-fa4sm100-nomask-step146k,c4_en-llama3,loss,2.2379565238952637
173999,hero-fa4sm100-nomask-step146k,c4_en-llama3,loss,2.237804889678955
176999,hero-fa4sm100-nomask-step146k,c4_en-llama3,loss,2.236269950866699
179999,hero-fa4sm100-nomask-step146k,c4_en-llama3,loss,2.230914354324341
182999,hero-fa4sm100-nomask-step146k,c4_en-llama3,loss,2.230506658554077
185999,hero-fa4sm100-nomask-step146k,c4_en-llama3,loss,2.2246947288513184
188999,hero-fa4sm100-nomask-step146k,c4_en-llama3,loss,2.2241740226745605
191999,hero-fa4sm100-nomask-step146k,c4_en-llama3,loss,2.224897623062134
194999,hero-fa4sm100-nomask-step146k,c4_en-llama3,loss,2.221864938735962
197999,hero-fa4sm100-nomask-step146k,c4_en-llama3,loss,2.221724033355713
146999,hero-fa4sm100-nomask-step146k,dolma-v1_5-llama3,bpb,0.6318110227584839
149999,hero-fa4sm100-nomask-step146k,dolma-v1_5-llama3,bpb,0.6314210295677185
152999,hero-fa4sm100-nomask-step146k,dolma-v1_5-llama3,bpb,0.631904661655426
155999,hero-fa4sm100-nomask-step146k,dolma-v1_5-llama3,bpb,0.6308957934379578
158999,hero-fa4sm100-nomask-step146k,dolma-v1_5-llama3,bpb,0.631024181842804
161999,hero-fa4sm100-nomask-step146k,dolma-v1_5-llama3,bpb,0.6299798488616943
164999,hero-fa4sm100-nomask-step146k,dolma-v1_5-llama3,bpb,0.6286622285842896
167999,hero-fa4sm100-nomask-step146k,dolma-v1_5-llama3,bpb,0.6277517080307007
170999,hero-fa4sm100-nomask-step146k,dolma-v1_5-llama3,bpb,0.6277776956558228
173999,hero-fa4sm100-nomask-step146k,dolma-v1_5-llama3,bpb,0.6279682517051697
176999,hero-fa4sm100-nomask-step146k,dolma-v1_5-llama3,bpb,0.6275913119316101
179999,hero-fa4sm100-nomask-step146k,dolma-v1_5-llama3,bpb,0.6262418627738953
182999,hero-fa4sm100-nomask-step146k,dolma-v1_5-llama3,bpb,0.6252538561820984
185999,hero-fa4sm100-nomask-step146k,dolma-v1_5-llama3,bpb,0.6244111657142639
188999,hero-fa4sm100-nomask-step146k,dolma-v1_5-llama3,bpb,0.6239688992500305
191999,hero-fa4sm100-nomask-step146k,dolma-v1_5-llama3,bpb,0.6249026656150818
194999,hero-fa4sm100-nomask-step146k,dolma-v1_5-llama3,bpb,0.6232656240463257
197999,hero-fa4sm100-nomask-step146k,dolma-v1_5-llama3,bpb,0.6229240894317627
146999,hero-fa4sm100-nomask-step146k,dolma-v1_5-llama3,loss,1.8871928453445435
149999,hero-fa4sm100-nomask-step146k,dolma-v1_5-llama3,loss,1.8860584497451782
152999,hero-fa4sm100-nomask-step146k,dolma-v1_5-llama3,loss,1.887410283088684
155999,hero-fa4sm100-nomask-step146k,dolma-v1_5-llama3,loss,1.8843766450881958
158999,hero-fa4sm100-nomask-step146k,dolma-v1_5-llama3,loss,1.884739875793457
161999,hero-fa4sm100-nomask-step146k,dolma-v1_5-llama3,loss,1.8816395998001099
164999,hero-fa4sm100-nomask-step146k,dolma-v1_5-llama3,loss,1.877653956413269
167999,hero-fa4sm100-nomask-step146k,dolma-v1_5-llama3,loss,1.8749501705169678
170999,hero-fa4sm100-nomask-step146k,dolma-v1_5-llama3,loss,1.8750147819519043
173999,hero-fa4sm100-nomask-step146k,dolma-v1_5-llama3,loss,1.875579595565796
176999,hero-fa4sm100-nomask-step146k,dolma-v1_5-llama3,loss,1.8744779825210571
179999,hero-fa4sm100-nomask-step146k,dolma-v1_5-llama3,loss,1.87044095993042
182999,hero-fa4sm100-nomask-step146k,dolma-v1_5-llama3,loss,1.8674774169921875
185999,hero-fa4sm100-nomask-step146k,dolma-v1_5-llama3,loss,1.864966869354248
188999,hero-fa4sm100-nomask-step146k,dolma-v1_5-llama3,loss,1.8636531829833984
191999,hero-fa4sm100-nomask-step146k,dolma-v1_5-llama3,loss,1.866417407989502
194999,hero-fa4sm100-nomask-step146k,dolma-v1_5-llama3,loss,1.8615450859069824
197999,hero-fa4sm100-nomask-step146k,dolma-v1_5-llama3,loss,1.8605271577835083
146999,hero-fa4sm100-nomask-step146k,dolma_100_programing_languages-llama3,bpb,0.3402535915374756
149999,hero-fa4sm100-nomask-step146k,dolma_100_programing_languages-llama3,bpb,0.3400019109249115
152999,hero-fa4sm100-nomask-step146k,dolma_100_programing_languages-llama3,bpb,0.33990123867988586
155999,hero-fa4sm100-nomask-step146k,dolma_100_programing_languages-llama3,bpb,0.3389735221862793
158999,hero-fa4sm100-nomask-step146k,dolma_100_programing_languages-llama3,bpb,0.33864694833755493
161999,hero-fa4sm100-nomask-step146k,dolma_100_programing_languages-llama3,bpb,0.337395578622818
164999,hero-fa4sm100-nomask-step146k,dolma_100_programing_languages-llama3,bpb,0.33759984374046326
167999,hero-fa4sm100-nomask-step146k,dolma_100_programing_languages-llama3,bpb,0.3353131413459778
170999,hero-fa4sm100-nomask-step146k,dolma_100_programing_languages-llama3,bpb,0.3363865315914154
173999,hero-fa4sm100-nomask-step146k,dolma_100_programing_languages-llama3,bpb,0.3356606662273407
176999,hero-fa4sm100-nomask-step146k,dolma_100_programing_languages-llama3,bpb,0.3359154164791107
179999,hero-fa4sm100-nomask-step146k,dolma_100_programing_languages-llama3,bpb,0.3339056968688965
182999,hero-fa4sm100-nomask-step146k,dolma_100_programing_languages-llama3,bpb,0.33332276344299316
185999,hero-fa4sm100-nomask-step146k,dolma_100_programing_languages-llama3,bpb,0.33276984095573425
188999,hero-fa4sm100-nomask-step146k,dolma_100_programing_languages-llama3,bpb,0.3341985046863556
191999,hero-fa4sm100-nomask-step146k,dolma_100_programing_languages-llama3,bpb,0.33392536640167236
194999,hero-fa4sm100-nomask-step146k,dolma_100_programing_languages-llama3,bpb,0.33167025446891785
197999,hero-fa4sm100-nomask-step146k,dolma_100_programing_languages-llama3,bpb,0.33150357007980347
146999,hero-fa4sm100-nomask-step146k,dolma_100_programing_languages-llama3,loss,0.7930029034614563
149999,hero-fa4sm100-nomask-step146k,dolma_100_programing_languages-llama3,loss,0.7925037741661072
152999,hero-fa4sm100-nomask-step146k,dolma_100_programing_languages-llama3,loss,0.7921566963195801
155999,hero-fa4sm100-nomask-step146k,dolma_100_programing_languages-llama3,loss,0.7899761199951172
158999,hero-fa4sm100-nomask-step146k,dolma_100_programing_languages-llama3,loss,0.7891970872879028
161999,hero-fa4sm100-nomask-step146k,dolma_100_programing_languages-llama3,loss,0.7861932516098022
164999,hero-fa4sm100-nomask-step146k,dolma_100_programing_languages-llama3,loss,0.7867070436477661
167999,hero-fa4sm100-nomask-step146k,dolma_100_programing_languages-llama3,loss,0.7813982367515564
170999,hero-fa4sm100-nomask-step146k,dolma_100_programing_languages-llama3,loss,0.7840259671211243
173999,hero-fa4sm100-nomask-step146k,dolma_100_programing_languages-llama3,loss,0.7821411490440369
176999,hero-fa4sm100-nomask-step146k,dolma_100_programing_languages-llama3,loss,0.7827921509742737
179999,hero-fa4sm100-nomask-step146k,dolma_100_programing_languages-llama3,loss,0.7780964374542236
182999,hero-fa4sm100-nomask-step146k,dolma_100_programing_languages-llama3,loss,0.776731550693512
185999,hero-fa4sm100-nomask-step146k,dolma_100_programing_languages-llama3,loss,0.7754284143447876
188999,hero-fa4sm100-nomask-step146k,dolma_100_programing_languages-llama3,loss,0.7787930369377136
191999,hero-fa4sm100-nomask-step146k,dolma_100_programing_languages-llama3,loss,0.7779956459999084
194999,hero-fa4sm100-nomask-step146k,dolma_100_programing_languages-llama3,loss,0.772901713848114
197999,hero-fa4sm100-nomask-step146k,dolma_100_programing_languages-llama3,loss,0.7724280953407288
146999,hero-fa4sm100-nomask-step146k,dolma_100_subreddits-llama3,bpb,0.8675715923309326
149999,hero-fa4sm100-nomask-step146k,dolma_100_subreddits-llama3,bpb,0.8672311305999756
152999,hero-fa4sm100-nomask-step146k,dolma_100_subreddits-llama3,bpb,0.8661671876907349
155999,hero-fa4sm100-nomask-step146k,dolma_100_subreddits-llama3,bpb,0.8653980493545532
158999,hero-fa4sm100-nomask-step146k,dolma_100_subreddits-llama3,bpb,0.8649368286132812
161999,hero-fa4sm100-nomask-step146k,dolma_100_subreddits-llama3,bpb,0.8642412424087524
164999,hero-fa4sm100-nomask-step146k,dolma_100_subreddits-llama3,bpb,0.8636015057563782
167999,hero-fa4sm100-nomask-step146k,dolma_100_subreddits-llama3,bpb,0.86430424451828
170999,hero-fa4sm100-nomask-step146k,dolma_100_subreddits-llama3,bpb,0.8635593056678772
173999,hero-fa4sm100-nomask-step146k,dolma_100_subreddits-llama3,bpb,0.8626571893692017
176999,hero-fa4sm100-nomask-step146k,dolma_100_subreddits-llama3,bpb,0.8627232313156128
179999,hero-fa4sm100-nomask-step146k,dolma_100_subreddits-llama3,bpb,0.8622108101844788
182999,hero-fa4sm100-nomask-step146k,dolma_100_subreddits-llama3,bpb,0.8609088063240051
185999,hero-fa4sm100-nomask-step146k,dolma_100_subreddits-llama3,bpb,0.8593927621841431
188999,hero-fa4sm100-nomask-step146k,dolma_100_subreddits-llama3,bpb,0.8598915338516235
191999,hero-fa4sm100-nomask-step146k,dolma_100_subreddits-llama3,bpb,0.8608888983726501
194999,hero-fa4sm100-nomask-step146k,dolma_100_subreddits-llama3,bpb,0.85911625623703
197999,hero-fa4sm100-nomask-step146k,dolma_100_subreddits-llama3,bpb,0.8591886162757874
146999,hero-fa4sm100-nomask-step146k,dolma_100_subreddits-llama3,loss,2.64399790763855
149999,hero-fa4sm100-nomask-step146k,dolma_100_subreddits-llama3,loss,2.642962694168091
152999,hero-fa4sm100-nomask-step146k,dolma_100_subreddits-llama3,loss,2.6397178173065186
155999,hero-fa4sm100-nomask-step146k,dolma_100_subreddits-llama3,loss,2.6373744010925293
158999,hero-fa4sm100-nomask-step146k,dolma_100_subreddits-llama3,loss,2.63596773147583
161999,hero-fa4sm100-nomask-step146k,dolma_100_subreddits-llama3,loss,2.6338484287261963
164999,hero-fa4sm100-nomask-step146k,dolma_100_subreddits-llama3,loss,2.6318981647491455
167999,hero-fa4sm100-nomask-step146k,dolma_100_subreddits-llama3,loss,2.634040355682373
170999,hero-fa4sm100-nomask-step146k,dolma_100_subreddits-llama3,loss,2.631772756576538
173999,hero-fa4sm100-nomask-step146k,dolma_100_subreddits-llama3,loss,2.6290218830108643
176999,hero-fa4sm100-nomask-step146k,dolma_100_subreddits-llama3,loss,2.629220962524414
179999,hero-fa4sm100-nomask-step146k,dolma_100_subreddits-llama3,loss,2.6276612281799316
182999,hero-fa4sm100-nomask-step146k,dolma_100_subreddits-llama3,loss,2.6236937046051025
185999,hero-fa4sm100-nomask-step146k,dolma_100_subreddits-llama3,loss,2.6190719604492188
188999,hero-fa4sm100-nomask-step146k,dolma_100_subreddits-llama3,loss,2.6205925941467285
191999,hero-fa4sm100-nomask-step146k,dolma_100_subreddits-llama3,loss,2.6236300468444824
194999,hero-fa4sm100-nomask-step146k,dolma_100_subreddits-llama3,loss,2.618229866027832
197999,hero-fa4sm100-nomask-step146k,dolma_100_subreddits-llama3,loss,2.6184487342834473
146999,hero-fa4sm100-nomask-step146k,falcon-refinedweb-llama3,bpb,0.7289434671401978
149999,hero-fa4sm100-nomask-step146k,falcon-refinedweb-llama3,bpb,0.7280245423316956
152999,hero-fa4sm100-nomask-step146k,falcon-refinedweb-llama3,bpb,0.7278525233268738
155999,hero-fa4sm100-nomask-step146k,falcon-refinedweb-llama3,bpb,0.7264142632484436
158999,hero-fa4sm100-nomask-step146k,falcon-refinedweb-llama3,bpb,0.7264188528060913
161999,hero-fa4sm100-nomask-step146k,falcon-refinedweb-llama3,bpb,0.7246398329734802
164999,hero-fa4sm100-nomask-step146k,falcon-refinedweb-llama3,bpb,0.7240927219390869
167999,hero-fa4sm100-nomask-step146k,falcon-refinedweb-llama3,bpb,0.7233504056930542
170999,hero-fa4sm100-nomask-step146k,falcon-refinedweb-llama3,bpb,0.72365802526474
173999,hero-fa4sm100-nomask-step146k,falcon-refinedweb-llama3,bpb,0.7229834198951721
176999,hero-fa4sm100-nomask-step146k,falcon-refinedweb-llama3,bpb,0.7209203243255615
179999,hero-fa4sm100-nomask-step146k,falcon-refinedweb-llama3,bpb,0.7209045886993408
182999,hero-fa4sm100-nomask-step146k,falcon-refinedweb-llama3,bpb,0.720373809337616
185999,hero-fa4sm100-nomask-step146k,falcon-refinedweb-llama3,bpb,0.7200329899787903
188999,hero-fa4sm100-nomask-step146k,falcon-refinedweb-llama3,bpb,0.718907356262207
191999,hero-fa4sm100-nomask-step146k,falcon-refinedweb-llama3,bpb,0.7192244529724121
194999,hero-fa4sm100-nomask-step146k,falcon-refinedweb-llama3,bpb,0.7175517082214355
197999,hero-fa4sm100-nomask-step146k,falcon-refinedweb-llama3,bpb,0.717444121837616
146999,hero-fa4sm100-nomask-step146k,falcon-refinedweb-llama3,loss,2.2853245735168457
149999,hero-fa4sm100-nomask-step146k,falcon-refinedweb-llama3,loss,2.2824437618255615
152999,hero-fa4sm100-nomask-step146k,falcon-refinedweb-llama3,loss,2.2819042205810547
155999,hero-fa4sm100-nomask-step146k,falcon-refinedweb-llama3,loss,2.277395486831665
158999,hero-fa4sm100-nomask-step146k,falcon-refinedweb-llama3,loss,2.277409553527832
161999,hero-fa4sm100-nomask-step146k,falcon-refinedweb-llama3,loss,2.2718324661254883
164999,hero-fa4sm100-nomask-step146k,falcon-refinedweb-llama3,loss,2.2701170444488525
167999,hero-fa4sm100-nomask-step146k,falcon-refinedweb-llama3,loss,2.267789840698242
170999,hero-fa4sm100-nomask-step146k,falcon-refinedweb-llama3,loss,2.268754005432129
173999,hero-fa4sm100-nomask-step146k,falcon-refinedweb-llama3,loss,2.266639232635498
176999,hero-fa4sm100-nomask-step146k,falcon-refinedweb-llama3,loss,2.2601709365844727
179999,hero-fa4sm100-nomask-step146k,falcon-refinedweb-llama3,loss,2.2601218223571777
182999,hero-fa4sm100-nomask-step146k,falcon-refinedweb-llama3,loss,2.258457660675049
185999,hero-fa4sm100-nomask-step146k,falcon-refinedweb-llama3,loss,2.2573890686035156
188999,hero-fa4sm100-nomask-step146k,falcon-refinedweb-llama3,loss,2.2538599967956543
191999,hero-fa4sm100-nomask-step146k,falcon-refinedweb-llama3,loss,2.254854202270508
194999,hero-fa4sm100-nomask-step146k,falcon-refinedweb-llama3,loss,2.249610185623169
197999,hero-fa4sm100-nomask-step146k,falcon-refinedweb-llama3,loss,2.2492728233337402
146999,hero-fa4sm100-nomask-step146k,gab-llama3,bpb,1.3561394214630127
149999,hero-fa4sm100-nomask-step146k,gab-llama3,bpb,1.3584610223770142
152999,hero-fa4sm100-nomask-step146k,gab-llama3,bpb,1.3544923067092896
155999,hero-fa4sm100-nomask-step146k,gab-llama3,bpb,1.354990839958191
158999,hero-fa4sm100-nomask-step146k,gab-llama3,bpb,1.3527086973190308
161999,hero-fa4sm100-nomask-step146k,gab-llama3,bpb,1.3539152145385742
164999,hero-fa4sm100-nomask-step146k,gab-llama3,bpb,1.3498271703720093
167999,hero-fa4sm100-nomask-step146k,gab-llama3,bpb,1.3482712507247925
170999,hero-fa4sm100-nomask-step146k,gab-llama3,bpb,1.3495192527770996
173999,hero-fa4sm100-nomask-step146k,gab-llama3,bpb,1.3471571207046509
176999,hero-fa4sm100-nomask-step146k,gab-llama3,bpb,1.3534594774246216
179999,hero-fa4sm100-nomask-step146k,gab-llama3,bpb,1.349023699760437
182999,hero-fa4sm100-nomask-step146k,gab-llama3,bpb,1.3452433347702026
185999,hero-fa4sm100-nomask-step146k,gab-llama3,bpb,1.3436691761016846
188999,hero-fa4sm100-nomask-step146k,gab-llama3,bpb,1.3439016342163086
191999,hero-fa4sm100-nomask-step146k,gab-llama3,bpb,1.3455475568771362
194999,hero-fa4sm100-nomask-step146k,gab-llama3,bpb,1.3432066440582275
197999,hero-fa4sm100-nomask-step146k,gab-llama3,bpb,1.3464175462722778
146999,hero-fa4sm100-nomask-step146k,gab-llama3,loss,3.2910547256469727
149999,hero-fa4sm100-nomask-step146k,gab-llama3,loss,3.2966887950897217
152999,hero-fa4sm100-nomask-step146k,gab-llama3,loss,3.287057876586914
155999,hero-fa4sm100-nomask-step146k,gab-llama3,loss,3.2882676124572754
158999,hero-fa4sm100-nomask-step146k,gab-llama3,loss,3.282729148864746
161999,hero-fa4sm100-nomask-step146k,gab-llama3,loss,3.2856571674346924
164999,hero-fa4sm100-nomask-step146k,gab-llama3,loss,3.2757363319396973
167999,hero-fa4sm100-nomask-step146k,gab-llama3,loss,3.271960496902466
170999,hero-fa4sm100-nomask-step146k,gab-llama3,loss,3.274989128112793
173999,hero-fa4sm100-nomask-step146k,gab-llama3,loss,3.269256830215454
176999,hero-fa4sm100-nomask-step146k,gab-llama3,loss,3.2845513820648193
179999,hero-fa4sm100-nomask-step146k,gab-llama3,loss,3.2737865447998047
182999,hero-fa4sm100-nomask-step146k,gab-llama3,loss,3.2646121978759766
185999,hero-fa4sm100-nomask-step146k,gab-llama3,loss,3.2607922554016113
188999,hero-fa4sm100-nomask-step146k,gab-llama3,loss,3.2613565921783447
191999,hero-fa4sm100-nomask-step146k,gab-llama3,loss,3.265350818634033
194999,hero-fa4sm100-nomask-step146k,gab-llama3,loss,3.259669780731201
197999,hero-fa4sm100-nomask-step146k,gab-llama3,loss,3.2674617767333984
146999,hero-fa4sm100-nomask-step146k,m2d2_s2orc_unsplit-llama3,bpb,0.6029526591300964
149999,hero-fa4sm100-nomask-step146k,m2d2_s2orc_unsplit-llama3,bpb,0.6023491621017456
152999,hero-fa4sm100-nomask-step146k,m2d2_s2orc_unsplit-llama3,bpb,0.6025477647781372
155999,hero-fa4sm100-nomask-step146k,m2d2_s2orc_unsplit-llama3,bpb,0.6015813946723938
158999,hero-fa4sm100-nomask-step146k,m2d2_s2orc_unsplit-llama3,bpb,0.6014351844787598
161999,hero-fa4sm100-nomask-step146k,m2d2_s2orc_unsplit-llama3,bpb,0.5998327732086182
164999,hero-fa4sm100-nomask-step146k,m2d2_s2orc_unsplit-llama3,bpb,0.600357711315155
167999,hero-fa4sm100-nomask-step146k,m2d2_s2orc_unsplit-llama3,bpb,0.5989677309989929
170999,hero-fa4sm100-nomask-step146k,m2d2_s2orc_unsplit-llama3,bpb,0.5988744497299194
173999,hero-fa4sm100-nomask-step146k,m2d2_s2orc_unsplit-llama3,bpb,0.5994499921798706
176999,hero-fa4sm100-nomask-step146k,m2d2_s2orc_unsplit-llama3,bpb,0.5989806652069092
179999,hero-fa4sm100-nomask-step146k,m2d2_s2orc_unsplit-llama3,bpb,0.5970935225486755
182999,hero-fa4sm100-nomask-step146k,m2d2_s2orc_unsplit-llama3,bpb,0.5971365571022034
185999,hero-fa4sm100-nomask-step146k,m2d2_s2orc_unsplit-llama3,bpb,0.5964018106460571
188999,hero-fa4sm100-nomask-step146k,m2d2_s2orc_unsplit-llama3,bpb,0.5961939096450806
191999,hero-fa4sm100-nomask-step146k,m2d2_s2orc_unsplit-llama3,bpb,0.5971040725708008
194999,hero-fa4sm100-nomask-step146k,m2d2_s2orc_unsplit-llama3,bpb,0.5954180359840393
197999,hero-fa4sm100-nomask-step146k,m2d2_s2orc_unsplit-llama3,bpb,0.5955150127410889
146999,hero-fa4sm100-nomask-step146k,m2d2_s2orc_unsplit-llama3,loss,1.8227900266647339
149999,hero-fa4sm100-nomask-step146k,m2d2_s2orc_unsplit-llama3,loss,1.8210233449935913
152999,hero-fa4sm100-nomask-step146k,m2d2_s2orc_unsplit-llama3,loss,1.8215550184249878
155999,hero-fa4sm100-nomask-step146k,m2d2_s2orc_unsplit-llama3,loss,1.8186497688293457
158999,hero-fa4sm100-nomask-step146k,m2d2_s2orc_unsplit-llama3,loss,1.8182461261749268
161999,hero-fa4sm100-nomask-step146k,m2d2_s2orc_unsplit-llama3,loss,1.8134626150131226
164999,hero-fa4sm100-nomask-step146k,m2d2_s2orc_unsplit-llama3,loss,1.8150280714035034
167999,hero-fa4sm100-nomask-step146k,m2d2_s2orc_unsplit-llama3,loss,1.8108454942703247
170999,hero-fa4sm100-nomask-step146k,m2d2_s2orc_unsplit-llama3,loss,1.8105738162994385
173999,hero-fa4sm100-nomask-step146k,m2d2_s2orc_unsplit-llama3,loss,1.8122361898422241
176999,hero-fa4sm100-nomask-step146k,m2d2_s2orc_unsplit-llama3,loss,1.810842752456665
179999,hero-fa4sm100-nomask-step146k,m2d2_s2orc_unsplit-llama3,loss,1.8051366806030273
182999,hero-fa4sm100-nomask-step146k,m2d2_s2orc_unsplit-llama3,loss,1.805277705192566
185999,hero-fa4sm100-nomask-step146k,m2d2_s2orc_unsplit-llama3,loss,1.8030509948730469
188999,hero-fa4sm100-nomask-step146k,m2d2_s2orc_unsplit-llama3,loss,1.8024771213531494
191999,hero-fa4sm100-nomask-step146k,m2d2_s2orc_unsplit-llama3,loss,1.8051974773406982
194999,hero-fa4sm100-nomask-step146k,m2d2_s2orc_unsplit-llama3,loss,1.8001322746276855
197999,hero-fa4sm100-nomask-step146k,m2d2_s2orc_unsplit-llama3,loss,1.8004151582717896
146999,hero-fa4sm100-nomask-step146k,m2d2_wikipedia_unsplit-llama3,bpb,0.5867154598236084
149999,hero-fa4sm100-nomask-step146k,m2d2_wikipedia_unsplit-llama3,bpb,0.5862576365470886
152999,hero-fa4sm100-nomask-step146k,m2d2_wikipedia_unsplit-llama3,bpb,0.5846927165985107
155999,hero-fa4sm100-nomask-step146k,m2d2_wikipedia_unsplit-llama3,bpb,0.5827160477638245
158999,hero-fa4sm100-nomask-step146k,m2d2_wikipedia_unsplit-llama3,bpb,0.5825517773628235
161999,hero-fa4sm100-nomask-step146k,m2d2_wikipedia_unsplit-llama3,bpb,0.5821626782417297
164999,hero-fa4sm100-nomask-step146k,m2d2_wikipedia_unsplit-llama3,bpb,0.5817852020263672
167999,hero-fa4sm100-nomask-step146k,m2d2_wikipedia_unsplit-llama3,bpb,0.5792056322097778
170999,hero-fa4sm100-nomask-step146k,m2d2_wikipedia_unsplit-llama3,bpb,0.5793498158454895
173999,hero-fa4sm100-nomask-step146k,m2d2_wikipedia_unsplit-llama3,bpb,0.578590989112854
176999,hero-fa4sm100-nomask-step146k,m2d2_wikipedia_unsplit-llama3,bpb,0.5775684118270874
179999,hero-fa4sm100-nomask-step146k,m2d2_wikipedia_unsplit-llama3,bpb,0.5763972401618958
182999,hero-fa4sm100-nomask-step146k,m2d2_wikipedia_unsplit-llama3,bpb,0.5754063725471497
185999,hero-fa4sm100-nomask-step146k,m2d2_wikipedia_unsplit-llama3,bpb,0.5736207962036133
188999,hero-fa4sm100-nomask-step146k,m2d2_wikipedia_unsplit-llama3,bpb,0.5728264451026917
191999,hero-fa4sm100-nomask-step146k,m2d2_wikipedia_unsplit-llama3,bpb,0.5724890828132629
194999,hero-fa4sm100-nomask-step146k,m2d2_wikipedia_unsplit-llama3,bpb,0.5719753503799438
197999,hero-fa4sm100-nomask-step146k,m2d2_wikipedia_unsplit-llama3,bpb,0.5712189674377441
146999,hero-fa4sm100-nomask-step146k,m2d2_wikipedia_unsplit-llama3,loss,1.8146802186965942
149999,hero-fa4sm100-nomask-step146k,m2d2_wikipedia_unsplit-llama3,loss,1.8132495880126953
152999,hero-fa4sm100-nomask-step146k,m2d2_wikipedia_unsplit-llama3,loss,1.8083797693252563
155999,hero-fa4sm100-nomask-step146k,m2d2_wikipedia_unsplit-llama3,loss,1.802262783050537
158999,hero-fa4sm100-nomask-step146k,m2d2_wikipedia_unsplit-llama3,loss,1.8017866611480713
161999,hero-fa4sm100-nomask-step146k,m2d2_wikipedia_unsplit-llama3,loss,1.8005872964859009
164999,hero-fa4sm100-nomask-step146k,m2d2_wikipedia_unsplit-llama3,loss,1.7994298934936523
167999,hero-fa4sm100-nomask-step146k,m2d2_wikipedia_unsplit-llama3,loss,1.7914239168167114
170999,hero-fa4sm100-nomask-step146k,m2d2_wikipedia_unsplit-llama3,loss,1.7918614149093628
173999,hero-fa4sm100-nomask-step146k,m2d2_wikipedia_unsplit-llama3,loss,1.7895395755767822
176999,hero-fa4sm100-nomask-step146k,m2d2_wikipedia_unsplit-llama3,loss,1.786373257637024
179999,hero-fa4sm100-nomask-step146k,m2d2_wikipedia_unsplit-llama3,loss,1.7827264070510864
182999,hero-fa4sm100-nomask-step146k,m2d2_wikipedia_unsplit-llama3,loss,1.7796765565872192
185999,hero-fa4sm100-nomask-step146k,m2d2_wikipedia_unsplit-llama3,loss,1.774138331413269
188999,hero-fa4sm100-nomask-step146k,m2d2_wikipedia_unsplit-llama3,loss,1.771667718887329
191999,hero-fa4sm100-nomask-step146k,m2d2_wikipedia_unsplit-llama3,loss,1.770676851272583
194999,hero-fa4sm100-nomask-step146k,m2d2_wikipedia_unsplit-llama3,loss,1.7690691947937012
197999,hero-fa4sm100-nomask-step146k,m2d2_wikipedia_unsplit-llama3,loss,1.7667462825775146
146999,hero-fa4sm100-nomask-step146k,__parent__,macro_bpb,0.7978096008300781
149999,hero-fa4sm100-nomask-step146k,__parent__,macro_bpb,0.7968181371688843
152999,hero-fa4sm100-nomask-step146k,__parent__,macro_bpb,0.7958360910415649
155999,hero-fa4sm100-nomask-step146k,__parent__,macro_bpb,0.7952389717102051
158999,hero-fa4sm100-nomask-step146k,__parent__,macro_bpb,0.795619010925293
161999,hero-fa4sm100-nomask-step146k,__parent__,macro_bpb,0.7957942485809326
164999,hero-fa4sm100-nomask-step146k,__parent__,macro_bpb,0.7932844758033752
167999,hero-fa4sm100-nomask-step146k,__parent__,macro_bpb,0.7929630279541016
170999,hero-fa4sm100-nomask-step146k,__parent__,macro_bpb,0.7938337326049805
173999,hero-fa4sm100-nomask-step146k,__parent__,macro_bpb,0.792608916759491
176999,hero-fa4sm100-nomask-step146k,__parent__,macro_bpb,0.7928037047386169
179999,hero-fa4sm100-nomask-step146k,__parent__,macro_bpb,0.7915565371513367
182999,hero-fa4sm100-nomask-step146k,__parent__,macro_bpb,0.7890691757202148
185999,hero-fa4sm100-nomask-step146k,__parent__,macro_bpb,0.7886508703231812
188999,hero-fa4sm100-nomask-step146k,__parent__,macro_bpb,0.7886934280395508
191999,hero-fa4sm100-nomask-step146k,__parent__,macro_bpb,0.7873322367668152
194999,hero-fa4sm100-nomask-step146k,__parent__,macro_bpb,0.7860899567604065
197999,hero-fa4sm100-nomask-step146k,__parent__,macro_bpb,0.7851399183273315
146999,hero-fa4sm100-nomask-step146k,__parent__,macro_loss,2.198871612548828
149999,hero-fa4sm100-nomask-step146k,__parent__,macro_loss,2.19614839553833
152999,hero-fa4sm100-nomask-step146k,__parent__,macro_loss,2.1919360160827637
155999,hero-fa4sm100-nomask-step146k,__parent__,macro_loss,2.191666603088379
158999,hero-fa4sm100-nomask-step146k,__parent__,macro_loss,2.19248366355896
161999,hero-fa4sm100-nomask-step146k,__parent__,macro_loss,2.192143440246582
164999,hero-fa4sm100-nomask-step146k,__parent__,macro_loss,2.1863787174224854
167999,hero-fa4sm100-nomask-step146k,__parent__,macro_loss,2.185253620147705
170999,hero-fa4sm100-nomask-step146k,__parent__,macro_loss,2.1870176792144775
173999,hero-fa4sm100-nomask-step146k,__parent__,macro_loss,2.184417963027954
176999,hero-fa4sm100-nomask-step146k,__parent__,macro_loss,2.183699607849121
179999,hero-fa4sm100-nomask-step146k,__parent__,macro_loss,2.1800153255462646
182999,hero-fa4sm100-nomask-step146k,__parent__,macro_loss,2.173752784729004
185999,hero-fa4sm100-nomask-step146k,__parent__,macro_loss,2.1723947525024414
188999,hero-fa4sm100-nomask-step146k,__parent__,macro_loss,2.1724042892456055
191999,hero-fa4sm100-nomask-step146k,__parent__,macro_loss,2.1675004959106445
194999,hero-fa4sm100-nomask-step146k,__parent__,macro_loss,2.1642274856567383
197999,hero-fa4sm100-nomask-step146k,__parent__,macro_loss,2.160857677459717
146999,hero-fa4sm100-nomask-step146k,manosphere_meta_sep-llama3,bpb,0.8968828916549683
149999,hero-fa4sm100-nomask-step146k,manosphere_meta_sep-llama3,bpb,0.8963704705238342
152999,hero-fa4sm100-nomask-step146k,manosphere_meta_sep-llama3,bpb,0.8975058197975159
155999,hero-fa4sm100-nomask-step146k,manosphere_meta_sep-llama3,bpb,0.8964510560035706
158999,hero-fa4sm100-nomask-step146k,manosphere_meta_sep-llama3,bpb,0.8959192037582397
161999,hero-fa4sm100-nomask-step146k,manosphere_meta_sep-llama3,bpb,0.8951589465141296
164999,hero-fa4sm100-nomask-step146k,manosphere_meta_sep-llama3,bpb,0.8942136168479919
167999,hero-fa4sm100-nomask-step146k,manosphere_meta_sep-llama3,bpb,0.89312344789505
170999,hero-fa4sm100-nomask-step146k,manosphere_meta_sep-llama3,bpb,0.8936973214149475
173999,hero-fa4sm100-nomask-step146k,manosphere_meta_sep-llama3,bpb,0.8938359022140503
176999,hero-fa4sm100-nomask-step146k,manosphere_meta_sep-llama3,bpb,0.8935790061950684
179999,hero-fa4sm100-nomask-step146k,manosphere_meta_sep-llama3,bpb,0.8928834199905396
182999,hero-fa4sm100-nomask-step146k,manosphere_meta_sep-llama3,bpb,0.8920143842697144
185999,hero-fa4sm100-nomask-step146k,manosphere_meta_sep-llama3,bpb,0.8903287053108215
188999,hero-fa4sm100-nomask-step146k,manosphere_meta_sep-llama3,bpb,0.8913358449935913
191999,hero-fa4sm100-nomask-step146k,manosphere_meta_sep-llama3,bpb,0.8907723426818848
194999,hero-fa4sm100-nomask-step146k,manosphere_meta_sep-llama3,bpb,0.8900679349899292
197999,hero-fa4sm100-nomask-step146k,manosphere_meta_sep-llama3,bpb,0.8902735114097595
146999,hero-fa4sm100-nomask-step146k,manosphere_meta_sep-llama3,loss,2.626673460006714
149999,hero-fa4sm100-nomask-step146k,manosphere_meta_sep-llama3,loss,2.6251726150512695
152999,hero-fa4sm100-nomask-step146k,manosphere_meta_sep-llama3,loss,2.62849760055542
155999,hero-fa4sm100-nomask-step146k,manosphere_meta_sep-llama3,loss,2.625408887863159
158999,hero-fa4sm100-nomask-step146k,manosphere_meta_sep-llama3,loss,2.6238510608673096
161999,hero-fa4sm100-nomask-step146k,manosphere_meta_sep-llama3,loss,2.62162446975708
164999,hero-fa4sm100-nomask-step146k,manosphere_meta_sep-llama3,loss,2.618856191635132
167999,hero-fa4sm100-nomask-step146k,manosphere_meta_sep-llama3,loss,2.6156630516052246
170999,hero-fa4sm100-nomask-step146k,manosphere_meta_sep-llama3,loss,2.6173439025878906
173999,hero-fa4sm100-nomask-step146k,manosphere_meta_sep-llama3,loss,2.6177496910095215
176999,hero-fa4sm100-nomask-step146k,manosphere_meta_sep-llama3,loss,2.616997480392456
179999,hero-fa4sm100-nomask-step146k,manosphere_meta_sep-llama3,loss,2.6149604320526123
182999,hero-fa4sm100-nomask-step146k,manosphere_meta_sep-llama3,loss,2.612415313720703
185999,hero-fa4sm100-nomask-step146k,manosphere_meta_sep-llama3,loss,2.607478618621826
188999,hero-fa4sm100-nomask-step146k,manosphere_meta_sep-llama3,loss,2.6104278564453125
191999,hero-fa4sm100-nomask-step146k,manosphere_meta_sep-llama3,loss,2.6087777614593506
194999,hero-fa4sm100-nomask-step146k,manosphere_meta_sep-llama3,loss,2.6067144870758057
197999,hero-fa4sm100-nomask-step146k,manosphere_meta_sep-llama3,loss,2.607316732406616
146999,hero-fa4sm100-nomask-step146k,mc4-llama3,bpb,0.6389274597167969
149999,hero-fa4sm100-nomask-step146k,mc4-llama3,bpb,0.6378324627876282
152999,hero-fa4sm100-nomask-step146k,mc4-llama3,bpb,0.6370789408683777
155999,hero-fa4sm100-nomask-step146k,mc4-llama3,bpb,0.6367660164833069
158999,hero-fa4sm100-nomask-step146k,mc4-llama3,bpb,0.635809063911438
161999,hero-fa4sm100-nomask-step146k,mc4-llama3,bpb,0.6343457102775574
164999,hero-fa4sm100-nomask-step146k,mc4-llama3,bpb,0.6330917477607727
167999,hero-fa4sm100-nomask-step146k,mc4-llama3,bpb,0.6327977180480957
170999,hero-fa4sm100-nomask-step146k,mc4-llama3,bpb,0.6315797567367554
173999,hero-fa4sm100-nomask-step146k,mc4-llama3,bpb,0.6315689086914062
176999,hero-fa4sm100-nomask-step146k,mc4-llama3,bpb,0.6313035488128662
179999,hero-fa4sm100-nomask-step146k,mc4-llama3,bpb,0.630133330821991
182999,hero-fa4sm100-nomask-step146k,mc4-llama3,bpb,0.6298853754997253
185999,hero-fa4sm100-nomask-step146k,mc4-llama3,bpb,0.6298009157180786
188999,hero-fa4sm100-nomask-step146k,mc4-llama3,bpb,0.6281284689903259
191999,hero-fa4sm100-nomask-step146k,mc4-llama3,bpb,0.6278193593025208
194999,hero-fa4sm100-nomask-step146k,mc4-llama3,bpb,0.6272891163825989
197999,hero-fa4sm100-nomask-step146k,mc4-llama3,bpb,0.6261802911758423
146999,hero-fa4sm100-nomask-step146k,mc4-llama3,loss,1.853697419166565
149999,hero-fa4sm100-nomask-step146k,mc4-llama3,loss,1.8504981994628906
152999,hero-fa4sm100-nomask-step146k,mc4-llama3,loss,1.8483359813690186
155999,hero-fa4sm100-nomask-step146k,mc4-llama3,loss,1.8474233150482178
158999,hero-fa4sm100-nomask-step146k,mc4-llama3,loss,1.8446528911590576
161999,hero-fa4sm100-nomask-step146k,mc4-llama3,loss,1.8403931856155396
164999,hero-fa4sm100-nomask-step146k,mc4-llama3,loss,1.836772084236145
167999,hero-fa4sm100-nomask-step146k,mc4-llama3,loss,1.835919976234436
170999,hero-fa4sm100-nomask-step146k,mc4-llama3,loss,1.8323794603347778
173999,hero-fa4sm100-nomask-step146k,mc4-llama3,loss,1.832334041595459
176999,hero-fa4sm100-nomask-step146k,mc4-llama3,loss,1.8315743207931519
179999,hero-fa4sm100-nomask-step146k,mc4-llama3,loss,1.8281710147857666
182999,hero-fa4sm100-nomask-step146k,mc4-llama3,loss,1.8274558782577515
185999,hero-fa4sm100-nomask-step146k,mc4-llama3,loss,1.8272088766098022
188999,hero-fa4sm100-nomask-step146k,mc4-llama3,loss,1.8223650455474854
191999,hero-fa4sm100-nomask-step146k,mc4-llama3,loss,1.8214428424835205
194999,hero-fa4sm100-nomask-step146k,mc4-llama3,loss,1.8199199438095093
197999,hero-fa4sm100-nomask-step146k,mc4-llama3,loss,1.816723108291626
146999,hero-fa4sm100-nomask-step146k,__parent__,micro_loss,1.9379348754882812
149999,hero-fa4sm100-nomask-step146k,__parent__,micro_loss,1.936262845993042
152999,hero-fa4sm100-nomask-step146k,__parent__,micro_loss,1.9355440139770508
155999,hero-fa4sm100-nomask-step146k,__parent__,micro_loss,1.932340383529663
158999,hero-fa4sm100-nomask-step146k,__parent__,micro_loss,1.931892991065979
161999,hero-fa4sm100-nomask-step146k,__parent__,micro_loss,1.929154634475708
164999,hero-fa4sm100-nomask-step146k,__parent__,micro_loss,1.9274306297302246
167999,hero-fa4sm100-nomask-step146k,__parent__,micro_loss,1.9247848987579346
170999,hero-fa4sm100-nomask-step146k,__parent__,micro_loss,1.924925684928894
173999,hero-fa4sm100-nomask-step146k,__parent__,micro_loss,1.9239697456359863
176999,hero-fa4sm100-nomask-step146k,__parent__,micro_loss,1.9234740734100342
179999,hero-fa4sm100-nomask-step146k,__parent__,micro_loss,1.9193432331085205
182999,hero-fa4sm100-nomask-step146k,__parent__,micro_loss,1.9168239831924438
185999,hero-fa4sm100-nomask-step146k,__parent__,micro_loss,1.9141279458999634
188999,hero-fa4sm100-nomask-step146k,__parent__,micro_loss,1.914251685142517
191999,hero-fa4sm100-nomask-step146k,__parent__,micro_loss,1.9153034687042236
194999,hero-fa4sm100-nomask-step146k,__parent__,micro_loss,1.910977840423584
197999,hero-fa4sm100-nomask-step146k,__parent__,micro_loss,1.9106332063674927
146999,hero-fa4sm100-nomask-step146k,ptb-llama3,bpb,0.6784535050392151
149999,hero-fa4sm100-nomask-step146k,ptb-llama3,bpb,0.6704578995704651
152999,hero-fa4sm100-nomask-step146k,ptb-llama3,bpb,0.6702466607093811
155999,hero-fa4sm100-nomask-step146k,ptb-llama3,bpb,0.6732438206672668
158999,hero-fa4sm100-nomask-step146k,ptb-llama3,bpb,0.6722384095191956
161999,hero-fa4sm100-nomask-step146k,ptb-llama3,bpb,0.6715825200080872
164999,hero-fa4sm100-nomask-step146k,ptb-llama3,bpb,0.6701979637145996
167999,hero-fa4sm100-nomask-step146k,ptb-llama3,bpb,0.6704950332641602
170999,hero-fa4sm100-nomask-step146k,ptb-llama3,bpb,0.672204315662384
173999,hero-fa4sm100-nomask-step146k,ptb-llama3,bpb,0.6731387972831726
176999,hero-fa4sm100-nomask-step146k,ptb-llama3,bpb,0.6598299741744995
179999,hero-fa4sm100-nomask-step146k,ptb-llama3,bpb,0.6644452214241028
182999,hero-fa4sm100-nomask-step146k,ptb-llama3,bpb,0.6651092767715454
185999,hero-fa4sm100-nomask-step146k,ptb-llama3,bpb,0.6681942343711853
188999,hero-fa4sm100-nomask-step146k,ptb-llama3,bpb,0.6650004982948303
191999,hero-fa4sm100-nomask-step146k,ptb-llama3,bpb,0.6334677934646606
194999,hero-fa4sm100-nomask-step146k,ptb-llama3,bpb,0.6396011710166931
197999,hero-fa4sm100-nomask-step146k,ptb-llama3,bpb,0.625905454158783
146999,hero-fa4sm100-nomask-step146k,ptb-llama3,loss,2.158054828643799
149999,hero-fa4sm100-nomask-step146k,ptb-llama3,loss,2.132622003555298
152999,hero-fa4sm100-nomask-step146k,ptb-llama3,loss,2.1319501399993896
155999,hero-fa4sm100-nomask-step146k,ptb-llama3,loss,2.1414835453033447
158999,hero-fa4sm100-nomask-step146k,ptb-llama3,loss,2.1382853984832764
161999,hero-fa4sm100-nomask-step146k,ptb-llama3,loss,2.1361992359161377
164999,hero-fa4sm100-nomask-step146k,ptb-llama3,loss,2.1317949295043945
167999,hero-fa4sm100-nomask-step146k,ptb-llama3,loss,2.132740020751953
170999,hero-fa4sm100-nomask-step146k,ptb-llama3,loss,2.138176918029785
173999,hero-fa4sm100-nomask-step146k,ptb-llama3,loss,2.1411495208740234
176999,hero-fa4sm100-nomask-step146k,ptb-llama3,loss,2.098816156387329
179999,hero-fa4sm100-nomask-step146k,ptb-llama3,loss,2.1134965419769287
182999,hero-fa4sm100-nomask-step146k,ptb-llama3,loss,2.1156086921691895
185999,hero-fa4sm100-nomask-step146k,ptb-llama3,loss,2.1254217624664307
188999,hero-fa4sm100-nomask-step146k,ptb-llama3,loss,2.115262746810913
191999,hero-fa4sm100-nomask-step146k,ptb-llama3,loss,2.0149621963500977
194999,hero-fa4sm100-nomask-step146k,ptb-llama3,loss,2.0344715118408203
197999,hero-fa4sm100-nomask-step146k,ptb-llama3,loss,1.9909075498580933
146999,hero-fa4sm100-nomask-step146k,redpajama-llama3,bpb,0.5562136769294739
149999,hero-fa4sm100-nomask-step146k,redpajama-llama3,bpb,0.5558867454528809
152999,hero-fa4sm100-nomask-step146k,redpajama-llama3,bpb,0.5556473135948181
155999,hero-fa4sm100-nomask-step146k,redpajama-llama3,bpb,0.5550385117530823
158999,hero-fa4sm100-nomask-step146k,redpajama-llama3,bpb,0.5556237101554871
161999,hero-fa4sm100-nomask-step146k,redpajama-llama3,bpb,0.5547422170639038
164999,hero-fa4sm100-nomask-step146k,redpajama-llama3,bpb,0.5523205995559692
167999,hero-fa4sm100-nomask-step146k,redpajama-llama3,bpb,0.5524222254753113
170999,hero-fa4sm100-nomask-step146k,redpajama-llama3,bpb,0.5525391697883606
173999,hero-fa4sm100-nomask-step146k,redpajama-llama3,bpb,0.5533106327056885
176999,hero-fa4sm100-nomask-step146k,redpajama-llama3,bpb,0.5526408553123474
179999,hero-fa4sm100-nomask-step146k,redpajama-llama3,bpb,0.5513485670089722
182999,hero-fa4sm100-nomask-step146k,redpajama-llama3,bpb,0.5512917637825012
185999,hero-fa4sm100-nomask-step146k,redpajama-llama3,bpb,0.5502291917800903
188999,hero-fa4sm100-nomask-step146k,redpajama-llama3,bpb,0.5489314794540405
191999,hero-fa4sm100-nomask-step146k,redpajama-llama3,bpb,0.5494723320007324
194999,hero-fa4sm100-nomask-step146k,redpajama-llama3,bpb,0.548010528087616
197999,hero-fa4sm100-nomask-step146k,redpajama-llama3,bpb,0.546907365322113
146999,hero-fa4sm100-nomask-step146k,redpajama-llama3,loss,1.6208666563034058
149999,hero-fa4sm100-nomask-step146k,redpajama-llama3,loss,1.619913935661316
152999,hero-fa4sm100-nomask-step146k,redpajama-llama3,loss,1.6192162036895752
155999,hero-fa4sm100-nomask-step146k,redpajama-llama3,loss,1.6174421310424805
158999,hero-fa4sm100-nomask-step146k,redpajama-llama3,loss,1.6191474199295044
161999,hero-fa4sm100-nomask-step146k,redpajama-llama3,loss,1.6165788173675537
164999,hero-fa4sm100-nomask-step146k,redpajama-llama3,loss,1.6095218658447266
167999,hero-fa4sm100-nomask-step146k,redpajama-llama3,loss,1.6098179817199707
170999,hero-fa4sm100-nomask-step146k,redpajama-llama3,loss,1.6101588010787964
173999,hero-fa4sm100-nomask-step146k,redpajama-llama3,loss,1.6124069690704346
176999,hero-fa4sm100-nomask-step146k,redpajama-llama3,loss,1.61045503616333
179999,hero-fa4sm100-nomask-step146k,redpajama-llama3,loss,1.6066890954971313
182999,hero-fa4sm100-nomask-step146k,redpajama-llama3,loss,1.6065236330032349
185999,hero-fa4sm100-nomask-step146k,redpajama-llama3,loss,1.6034272909164429
188999,hero-fa4sm100-nomask-step146k,redpajama-llama3,loss,1.599645733833313
191999,hero-fa4sm100-nomask-step146k,redpajama-llama3,loss,1.6012216806411743
194999,hero-fa4sm100-nomask-step146k,redpajama-llama3,loss,1.5969617366790771
197999,hero-fa4sm100-nomask-step146k,redpajama-llama3,loss,1.5937471389770508
146999,hero-fa4sm100-nomask-step146k,twitterAAE_HELM_fixed-llama3,bpb,2.1779348850250244
149999,hero-fa4sm100-nomask-step146k,twitterAAE_HELM_fixed-llama3,bpb,2.1725094318389893
152999,hero-fa4sm100-nomask-step146k,twitterAAE_HELM_fixed-llama3,bpb,2.1919479370117188
155999,hero-fa4sm100-nomask-step146k,twitterAAE_HELM_fixed-llama3,bpb,2.169935941696167
158999,hero-fa4sm100-nomask-step146k,twitterAAE_HELM_fixed-llama3,bpb,2.178577423095703
161999,hero-fa4sm100-nomask-step146k,twitterAAE_HELM_fixed-llama3,bpb,2.193423271179199
164999,hero-fa4sm100-nomask-step146k,twitterAAE_HELM_fixed-llama3,bpb,2.1650242805480957
167999,hero-fa4sm100-nomask-step146k,twitterAAE_HELM_fixed-llama3,bpb,2.16935396194458
170999,hero-fa4sm100-nomask-step146k,twitterAAE_HELM_fixed-llama3,bpb,2.182720422744751
173999,hero-fa4sm100-nomask-step146k,twitterAAE_HELM_fixed-llama3,bpb,2.166707992553711
176999,hero-fa4sm100-nomask-step146k,twitterAAE_HELM_fixed-llama3,bpb,2.18074369430542
179999,hero-fa4sm100-nomask-step146k,twitterAAE_HELM_fixed-llama3,bpb,2.1844615936279297
182999,hero-fa4sm100-nomask-step146k,twitterAAE_HELM_fixed-llama3,bpb,2.1664280891418457
185999,hero-fa4sm100-nomask-step146k,twitterAAE_HELM_fixed-llama3,bpb,2.170116901397705
188999,hero-fa4sm100-nomask-step146k,twitterAAE_HELM_fixed-llama3,bpb,2.17165470123291
191999,hero-fa4sm100-nomask-step146k,twitterAAE_HELM_fixed-llama3,bpb,2.176927328109741
194999,hero-fa4sm100-nomask-step146k,twitterAAE_HELM_fixed-llama3,bpb,2.17471981048584
197999,hero-fa4sm100-nomask-step146k,twitterAAE_HELM_fixed-llama3,bpb,2.177720069885254
146999,hero-fa4sm100-nomask-step146k,twitterAAE_HELM_fixed-llama3,loss,4.447616100311279
149999,hero-fa4sm100-nomask-step146k,twitterAAE_HELM_fixed-llama3,loss,4.4365363121032715
152999,hero-fa4sm100-nomask-step146k,twitterAAE_HELM_fixed-llama3,loss,4.476232051849365
155999,hero-fa4sm100-nomask-step146k,twitterAAE_HELM_fixed-llama3,loss,4.431280612945557
158999,hero-fa4sm100-nomask-step146k,twitterAAE_HELM_fixed-llama3,loss,4.448928356170654
161999,hero-fa4sm100-nomask-step146k,twitterAAE_HELM_fixed-llama3,loss,4.479244709014893
164999,hero-fa4sm100-nomask-step146k,twitterAAE_HELM_fixed-llama3,loss,4.421250820159912
167999,hero-fa4sm100-nomask-step146k,twitterAAE_HELM_fixed-llama3,loss,4.4300923347473145
170999,hero-fa4sm100-nomask-step146k,twitterAAE_HELM_fixed-llama3,loss,4.457388877868652
173999,hero-fa4sm100-nomask-step146k,twitterAAE_HELM_fixed-llama3,loss,4.424689292907715
176999,hero-fa4sm100-nomask-step146k,twitterAAE_HELM_fixed-llama3,loss,4.4533514976501465
179999,hero-fa4sm100-nomask-step146k,twitterAAE_HELM_fixed-llama3,loss,4.460944175720215
182999,hero-fa4sm100-nomask-step146k,twitterAAE_HELM_fixed-llama3,loss,4.424117565155029
185999,hero-fa4sm100-nomask-step146k,twitterAAE_HELM_fixed-llama3,loss,4.431650638580322
188999,hero-fa4sm100-nomask-step146k,twitterAAE_HELM_fixed-llama3,loss,4.43479061126709
191999,hero-fa4sm100-nomask-step146k,twitterAAE_HELM_fixed-llama3,loss,4.445558071136475
194999,hero-fa4sm100-nomask-step146k,twitterAAE_HELM_fixed-llama3,loss,4.441050052642822
197999,hero-fa4sm100-nomask-step146k,twitterAAE_HELM_fixed-llama3,loss,4.447176933288574
146999,hero-fa4sm100-nomask-step146k,wikitext_103-llama3,bpb,0.5305752158164978
149999,hero-fa4sm100-nomask-step146k,wikitext_103-llama3,bpb,0.5343210101127625
152999,hero-fa4sm100-nomask-step146k,wikitext_103-llama3,bpb,0.5058931112289429
155999,hero-fa4sm100-nomask-step146k,wikitext_103-llama3,bpb,0.5261662006378174
158999,hero-fa4sm100-nomask-step146k,wikitext_103-llama3,bpb,0.5310717225074768
161999,hero-fa4sm100-nomask-step146k,wikitext_103-llama3,bpb,0.5310811996459961
164999,hero-fa4sm100-nomask-step146k,wikitext_103-llama3,bpb,0.5317339301109314
167999,hero-fa4sm100-nomask-step146k,wikitext_103-llama3,bpb,0.5323038697242737
170999,hero-fa4sm100-nomask-step146k,wikitext_103-llama3,bpb,0.5318044424057007
173999,hero-fa4sm100-nomask-step146k,wikitext_103-llama3,bpb,0.5316615700721741
176999,hero-fa4sm100-nomask-step146k,wikitext_103-llama3,bpb,0.5324682593345642
179999,hero-fa4sm100-nomask-step146k,wikitext_103-llama3,bpb,0.5240037441253662
182999,hero-fa4sm100-nomask-step146k,wikitext_103-llama3,bpb,0.5133894681930542
185999,hero-fa4sm100-nomask-step146k,wikitext_103-llama3,bpb,0.5136792063713074
188999,hero-fa4sm100-nomask-step146k,wikitext_103-llama3,bpb,0.5194150805473328
191999,hero-fa4sm100-nomask-step146k,wikitext_103-llama3,bpb,0.5183970332145691
194999,hero-fa4sm100-nomask-step146k,wikitext_103-llama3,bpb,0.5141016840934753
197999,hero-fa4sm100-nomask-step146k,wikitext_103-llama3,bpb,0.5092375874519348
146999,hero-fa4sm100-nomask-step146k,wikitext_103-llama3,loss,1.668448567390442
149999,hero-fa4sm100-nomask-step146k,wikitext_103-llama3,loss,1.680227518081665
152999,hero-fa4sm100-nomask-step146k,wikitext_103-llama3,loss,1.5908331871032715
155999,hero-fa4sm100-nomask-step146k,wikitext_103-llama3,loss,1.6545838117599487
158999,hero-fa4sm100-nomask-step146k,wikitext_103-llama3,loss,1.670009970664978
161999,hero-fa4sm100-nomask-step146k,wikitext_103-llama3,loss,1.6700395345687866
164999,hero-fa4sm100-nomask-step146k,wikitext_103-llama3,loss,1.672092080116272
167999,hero-fa4sm100-nomask-step146k,wikitext_103-llama3,loss,1.6738845109939575
170999,hero-fa4sm100-nomask-step146k,wikitext_103-llama3,loss,1.6723140478134155
173999,hero-fa4sm100-nomask-step146k,wikitext_103-llama3,loss,1.6718647480010986
176999,hero-fa4sm100-nomask-step146k,wikitext_103-llama3,loss,1.6744015216827393
179999,hero-fa4sm100-nomask-step146k,wikitext_103-llama3,loss,1.6477837562561035
182999,hero-fa4sm100-nomask-step146k,wikitext_103-llama3,loss,1.6144062280654907
185999,hero-fa4sm100-nomask-step146k,wikitext_103-llama3,loss,1.6153173446655273
188999,hero-fa4sm100-nomask-step146k,wikitext_103-llama3,loss,1.6333541870117188
191999,hero-fa4sm100-nomask-step146k,wikitext_103-llama3,loss,1.630152940750122
194999,hero-fa4sm100-nomask-step146k,wikitext_103-llama3,loss,1.6166458129882812
197999,hero-fa4sm100-nomask-step146k,wikitext_103-llama3,loss,1.6013500690460205
