objective,run_name,paloma_bpb,humaneval_bpb,gsm8k_bpb,dominator_count,on_observed_frontier
paloma_humaneval,h100-d512-mixprior-07e4a9dd18ba90fd-seed0-from10pct-20260829,1.25059175491333,0.5632542570966469,0.9821797146789851,498,False
paloma_humaneval,h100-d512-mixprior-0c9b4263d0d81a50-seed0-from10pct-20260829,1.1873501539230347,0.5420434715935539,0.7891564471370399,122,False
paloma_humaneval,h100-d512-mixprior-0cf507df51077784-seed0-from10pct-20260829,1.2120270729064941,0.5273144441568641,0.8412668310799231,242,False
paloma_humaneval,h100-d512-mixprior-1cc91e15d5c7e2b4-seed0-from10pct-20260829,1.188361644744873,0.5560249139396127,0.7709841483169009,217,False
paloma_humaneval,h100-d512-mixprior-2139fb1bbb28a736-seed0-from10pct-20260829,1.2221529483795166,0.6003580684633306,0.8267847656748413,545,False
paloma_humaneval,h100-d512-mixprior-24e1e8a3940391e4-seed0-from10pct-20260829,1.215193510055542,0.5719870031844475,0.8734461112119736,512,False
paloma_humaneval,h100-d512-mixprior-287d02f276c7764b-seed0-from10pct-20260829,1.1957859992980957,0.5291337632118399,0.7428254208696669,218,False
paloma_humaneval,h100-d512-mixprior-3c677350cb19e8de-seed0-from10pct-20260829,1.1876803636550903,0.540979817110917,0.8178698689859059,128,False
paloma_humaneval,h100-d512-mixprior-4876fec103d84439-seed0-from10pct-20260829,1.1862741708755493,0.5648787501677012,0.819520959870083,95,False
paloma_humaneval,h100-d512-mixprior-54bb9b7961f34f10-seed0-from10pct-20260829,1.1868669986724854,0.5404974132809808,0.7791648288414748,84,False
paloma_humaneval,h100-d512-mixprior-644ecf6538f09c28-seed0-from10pct-20260829,1.1995383501052856,0.5649764214065343,0.8173699378094679,450,False
paloma_humaneval,h100-d512-mixprior-69fc416e254e2a6e-seed0-from10pct-20260829,1.1874794960021973,0.5560269057371168,0.805199859063281,175,False
paloma_humaneval,h100-d512-mixprior-6c40cafa822eefc2-seed0-from10pct-20260829,1.1829646825790405,0.5550774514430561,0.8624002040940447,0,True
paloma_humaneval,h100-d512-mixprior-76caf97062d1705b-seed0-from10pct-20260829,1.2424393892288208,0.6456114580978312,1.0085325477944653,572,False
paloma_humaneval,h100-d512-mixprior-7b1ad7e4ae77a16b-seed0-from10pct-20260829,1.1876338720321655,0.5469013327114545,0.8100525519859133,156,False
paloma_humaneval,h100-d512-mixprior-8545b0cf2a88fc82-seed0-from10pct-20260829,1.1897478103637695,0.5423230480565652,0.8708344772628135,196,False
paloma_humaneval,h100-d512-mixprior-9570b9a1addc7609-seed0-from10pct-20260829,1.2015691995620728,0.5555609347960717,0.7871323840362336,419,False
paloma_humaneval,h100-d512-mixprior-9a67f8bf4c811bdf-seed0-from10pct-20260829,1.1970709562301636,0.5334904532265147,0.7599277941999377,255,False
paloma_humaneval,h100-d512-mixprior-a61e63b32c974bff-seed0-from10pct-20260829,1.1862356662750244,0.5503959075781834,0.8056817388572836,78,False
paloma_humaneval,h100-d512-mixprior-a8abfdc64b07f0ca-seed0-from10pct-20260829,1.1877391338348389,0.5442099558903857,0.7959983878200925,152,False
paloma_humaneval,h100-d512-mixprior-addb78a07c22a234-seed0-from10pct-20260829,1.1891677379608154,0.562232463424901,0.8129111904683913,258,False
paloma_humaneval,h100-d512-mixprior-afc4d729688170f9-seed0-from10pct-20260829,1.2927780151367188,0.700874765765191,1.0199511450000958,591,False
paloma_humaneval,h100-d512-mixprior-b21cb7d90123bd74-seed0-from10pct-20260829,1.1885640621185303,0.5642735371089554,0.7852121370612251,249,False
paloma_humaneval,h100-d512-mixprior-d247d16b43f071dc-seed0-from10pct-20260829,1.2004568576812744,0.5448617364115104,0.8628993517193684,361,False
paloma_humaneval,h100-d512-mixprior-d2e720778d1e30c4-seed0-from10pct-20260829,1.1873478889465332,0.5462858666263978,0.7941137557633485,136,False
paloma_humaneval,h100-d512-mixprior-d33fb4b5d3c5d890-seed0-from10pct-20260829,1.1888446807861328,0.5594107786506743,0.8144360005782799,245,False
paloma_humaneval,h100-d512-mixprior-e4edeb1593bf4231-seed0-from10pct-20260829,1.1851445436477661,0.5578260140830013,0.8062725681194811,29,False
paloma_humaneval,h100-d512-mixprior-f52ef26a56fb325f-seed0-from10pct-20260829,1.2066798210144043,0.4912263976896933,0.7420733125857826,3,False
paloma_humaneval,h100-d512-mixprior-fc227dd366b4aecf-seed0-from10pct-20260829,1.2364833354949951,0.5198821058893296,0.8917075543673593,165,False
paloma_humaneval,h100-d512-mixprior-fd01b8ff1c477518-seed0-from10pct-20260829,1.1877367496490479,0.5383901655453249,0.8096068358281961,120,False
paloma_humaneval,h100-d512-mixprior-fd3b8a5fab2b223a-seed0-from10pct-20260829,1.2022209167480469,0.5595617432261688,0.8328629785371664,439,False
paloma_humaneval,h100-d512-mixprior-4f9aa64918e3ebbc-seed0-from10pct-20260829,1.1851121187210083,0.5695667057097925,0.8259376293077442,35,False
paloma_humaneval,h100-d512-mixprior-581bdbeffb597d70-seed0-from10pct-20260829,1.1858487129211426,0.5469112419917033,0.8612551457932052,44,False
paloma_humaneval,h100-d512-mixprior-72e92d64ff271cca-seed0-from10pct-20260829,1.1940944194793701,0.589505813741476,0.8709118640767237,426,False
paloma_humaneval,h100-d512-mixprior-8477a804615faec6-seed0-from10pct-20260829,1.1859691143035889,0.5739357662509793,0.7753899309693629,75,False
paloma_humaneval,h100-d512-mixprior-a9ea53cee6ddb556-seed0-from10pct-20260829,1.1880574226379395,0.5364371762498149,0.8279687119284542,121,False
paloma_humaneval,h100-d512-mixprior-aaa77e23b9d43a45-seed0-from10pct-20260829,1.2183811664581299,0.5616052530323659,0.8410061198775349,479,False
paloma_humaneval,h100-d512-mixprior-afa5813dd8364235-seed0-from10pct-20260829,1.208211064338684,0.5729224226259813,0.8595368580624788,505,False
paloma_humaneval,h100-d512-mixprior-c0f2c0402e2df7c1-seed0-from10pct-20260829,1.196399450302124,0.532950091484593,0.8019059512421146,245,False
paloma_humaneval,h100-d512-mixprior-d327cbd5e7737f19-seed0-from10pct-20260829,1.1961572170257568,0.542278921067132,0.823544906968971,319,False
paloma_humaneval,h100-d512-mixprior-33627e1885f02699-seed0-from10pct-20260829,1.219862699508667,0.5457731782942898,0.8608987022984075,399,False
paloma_humaneval,h100-d512-mixprior-36f2c725675aa23c-seed0-from10pct-20260829,1.1866397857666016,0.5841696483512943,0.781489676264298,125,False
paloma_humaneval,h100-d512-mixprior-41c1d397c6c0a764-seed0-from10pct-20260829,1.2284494638442993,0.5880627653280637,0.7573290383050996,542,False
paloma_humaneval,h100-d512-mixprior-6e12571a6c4cb720-seed0-from10pct-20260829,1.2127485275268555,0.5554957519111158,0.8375761770203675,448,False
paloma_humaneval,h100-d512-mixprior-9b463c08d3fb93ab-seed0-from10pct-20260829,1.2088733911514282,0.5696244114208652,0.8642270814928723,500,False
paloma_humaneval,h100-d512-mixprior-a9785eb1e7d34697-seed0-from10pct-20260829,1.1836764812469482,0.5597969233948591,0.7909104051169412,5,False
paloma_humaneval,h100-d512-mixprior-e6d0e879647f8f4f-seed0-from10pct-20260829,1.4566624164581299,0.6609140396267851,1.0446285065715692,590,False
paloma_humaneval,h100-d512-mixprior-0a9d2b0bbf3daf66-seed0-from10pct-20260829,1.2249373197555542,0.5418071127780425,0.8584334368845261,363,False
paloma_humaneval,h100-d512-mixprior-0ee84179b53369e3-seed0-from10pct-20260829,1.1899937391281128,0.6123810022991673,0.8772065246567093,313,False
paloma_humaneval,h100-d512-mixprior-13019d3f55320745-seed0-from10pct-20260829,1.2105056047439575,0.5801473499669304,0.8665018293183409,519,False
paloma_humaneval,h100-d512-mixprior-13e60514b5b53b6f-seed0-from10pct-20260829,1.2022373676300049,0.5681050734612058,0.7962605187253957,470,False
paloma_humaneval,h100-d512-mixprior-141c450cf0507271-seed0-from10pct-20260829,1.1974384784698486,0.5650430670866096,0.8620227417184265,442,False
paloma_humaneval,h100-d512-mixprior-1a5051b64465b554-seed0-from10pct-20260829,1.2433104515075684,0.5372858926207814,0.8903910984490373,330,False
paloma_humaneval,h100-d512-mixprior-1a518eba7f8e2ce1-seed0-from10pct-20260829,1.1951191425323486,0.5800809727195126,0.798391867109006,436,False
paloma_humaneval,h100-d512-mixprior-1a80fc799b1601dd-seed0-from10pct-20260829,1.2107887268066406,0.6459015085210419,0.8490942466328546,543,False
paloma_humaneval,h100-d512-mixprior-1b63a0784aab669b-seed0-from10pct-20260829,1.2567706108093262,0.6578133847157516,0.9311434189720981,584,False
paloma_humaneval,h100-d512-mixprior-21483711c74c1dcf-seed0-from10pct-20260829,1.1874938011169434,0.5365372644208996,0.8181519500469991,107,False
paloma_humaneval,h100-d512-mixprior-23486f7450468dd4-seed0-from10pct-20260829,1.187528371810913,0.5497827516940624,0.810342343244672,164,False
paloma_humaneval,h100-d512-mixprior-2a0cf2e4a2940c0e-seed0-from10pct-20260829,1.1936044692993164,0.551281870828941,0.8312953310574761,355,False
paloma_humaneval,h100-d512-mixprior-335f8138ede56816-seed0-from10pct-20260829,1.2445836067199707,0.5382207349637174,0.9635495911444409,340,False
paloma_humaneval,h100-d512-mixprior-37f35acba24bc712-seed0-from10pct-20260829,1.2599941492080688,0.585037574938684,0.8629327914420466,552,False
paloma_humaneval,h100-d512-mixprior-3c277c03d5ff1641-seed0-from10pct-20260829,1.1870962381362915,0.5587865476256211,0.8012451243815087,145,False
paloma_humaneval,h100-d512-mixprior-3f369589d7c9e61d-seed0-from10pct-20260829,1.1937614679336548,0.5960231301007758,0.9450550768752783,422,False
paloma_humaneval,h100-d512-mixprior-45589c05695d24b0-seed0-from10pct-20260829,1.2016019821166992,0.5634459607755864,0.7126212637602248,452,False
paloma_humaneval,h100-d512-mixprior-47ea8a75dd61e300-seed0-from10pct-20260829,1.2304339408874512,0.5169355311371431,0.7673934612481752,119,False
paloma_humaneval,h100-d512-mixprior-4929d2cd9729ae19-seed0-from10pct-20260829,1.2202959060668945,0.5785492884623171,0.9100613116861598,525,False
paloma_humaneval,h100-d512-mixprior-4c4d15f30dfd25c6-seed0-from10pct-20260829,1.2131121158599854,0.6098250789265977,0.8081573145772019,540,False
paloma_humaneval,h100-d512-mixprior-4c837661dc3215e0-seed0-from10pct-20260829,1.2007935047149658,0.5316567214873937,0.89572969081272,250,False
paloma_humaneval,h100-d512-mixprior-5724863c1bffb78f-seed0-from10pct-20260829,1.2002522945404053,0.5413901496110737,0.9136910285629808,330,False
paloma_humaneval,h100-d512-mixprior-594bc8263f59d85a-seed0-from10pct-20260829,1.2522025108337402,0.6025707471689754,0.9529475143868724,564,False
paloma_humaneval,h100-d512-mixprior-5b8551bc416666b0-seed0-from10pct-20260829,1.1862388849258423,0.5435669508997646,0.8142519101585162,59,False
paloma_humaneval,h100-d512-mixprior-5be83cabcb42b9cc-seed0-from10pct-20260829,1.1913816928863525,0.5840482430277985,0.7732243419285482,379,False
paloma_humaneval,h100-d512-mixprior-677ede520a446348-seed0-from10pct-20260829,1.2045812606811523,0.6105501002619315,0.7396293716426554,511,False
paloma_humaneval,h100-d512-mixprior-69bd43f3a2239659-seed0-from10pct-20260829,1.2051141262054443,0.5912788065064006,0.9017359685386798,511,False
paloma_humaneval,h100-d512-mixprior-6a3a310e5b81ff13-seed0-from10pct-20260829,1.199774980545044,0.5188945789575962,0.8883729157443446,130,False
paloma_humaneval,h100-d512-mixprior-6b361a4dac398960-seed0-from10pct-20260829,1.1886616945266724,0.5481694816007772,0.8182358508204197,209,False
paloma_humaneval,h100-d512-mixprior-6ba35130af6fc176-seed0-from10pct-20260829,1.1960258483886719,0.605060331703886,0.7981722508508634,455,False
paloma_humaneval,h100-d512-mixprior-6d449b840a4ebddf-seed0-from10pct-20260829,1.1882622241973877,0.5478457903870675,0.7322895172343002,187,False
paloma_humaneval,h100-d512-mixprior-6d9ada21dd91bc53-seed0-from10pct-20260829,1.1921147108078003,0.5564512514250115,0.7303197832797387,351,False
paloma_humaneval,h100-d512-mixprior-746316ea93988941-seed0-from10pct-20260829,1.2091387510299683,0.5801459124660752,0.8513335681196305,518,False
paloma_humaneval,h100-d512-mixprior-75c70f4afa83464f-seed0-from10pct-20260829,1.1967849731445312,0.5713097130039786,0.8842477065464437,445,False
paloma_humaneval,h100-d512-mixprior-79d5e1f2dc9b0e9e-seed0-from10pct-20260829,1.2035624980926514,0.5624079204486194,0.898670229267889,456,False
paloma_humaneval,h100-d512-mixprior-7b1b543996ec2dd0-seed0-from10pct-20260829,1.2003403902053833,0.5421243592743659,0.8956466926257948,338,False
paloma_humaneval,h100-d512-mixprior-7edc0b6652e997af-seed0-from10pct-20260829,1.2061206102371216,0.5721884995434111,0.7167329155210467,500,False
paloma_humaneval,h100-d512-mixprior-802909d3ba5a7a05-seed0-from10pct-20260829,1.1901342868804932,0.5400782929612058,0.824710030264557,192,False
paloma_humaneval,h100-d512-mixprior-820ba7e0b2aae1da-seed0-from10pct-20260829,1.1861741542816162,0.5361723765145938,0.7926372988881311,41,False
paloma_humaneval,h100-d512-mixprior-85cd6a9b15f543f5-seed0-from10pct-20260829,1.2537429332733154,0.5380034456706945,0.9051316410718803,339,False
paloma_humaneval,h100-d512-mixprior-8c8563930c7330da-seed0-from10pct-20260829,1.208486795425415,0.5713397201060721,0.7899741475929406,503,False
paloma_humaneval,h100-d512-mixprior-93ecc93549747763-seed0-from10pct-20260829,1.210953712463379,0.6369756218387801,0.888240633334501,544,False
paloma_humaneval,h100-d512-mixprior-999ca81314d9aad4-seed0-from10pct-20260829,1.1874028444290161,0.5534439817726017,0.8078923588684893,164,False
paloma_humaneval,h100-d512-mixprior-a019f8428001fd06-seed0-from10pct-20260829,1.214504361152649,0.5495097721418405,0.9578658273059683,424,False
paloma_humaneval,h100-d512-mixprior-a123fb2e07edd770-seed0-from10pct-20260829,1.2520771026611328,0.5222835973180564,0.7741026515234976,192,False
paloma_humaneval,h100-d512-mixprior-a347a21f183f77ec-seed0-from10pct-20260829,1.2864489555358887,0.6393923332436033,0.9442492161708068,585,False
paloma_humaneval,h100-d512-mixprior-a711b399e2644b43-seed0-from10pct-20260829,1.214045524597168,0.6284701126802699,0.8929816718759368,549,False
paloma_humaneval,h100-d512-mixprior-aa7f5099237ab215-seed0-from10pct-20260829,1.2225589752197266,0.6061881638705015,0.8841449263897302,549,False
paloma_humaneval,h100-d512-mixprior-aea5507b2faf6cc0-seed0-from10pct-20260829,1.2565276622772217,0.5383480752482988,0.886520884138742,345,False
paloma_humaneval,h100-d512-mixprior-b6c09da7647228fd-seed0-from10pct-20260829,1.198580265045166,0.6107262176920474,0.8903991417137234,478,False
paloma_humaneval,h100-d512-mixprior-b95075f40a26326c-seed0-from10pct-20260829,1.1983760595321655,0.6226117087554126,0.9011253617106167,481,False
paloma_humaneval,h100-d512-mixprior-bc55739f36618d49-seed0-from10pct-20260829,1.2111220359802246,0.5522448814820076,0.8627506628764378,436,False
paloma_humaneval,h100-d512-mixprior-be7861749b7148ab-seed0-from10pct-20260829,1.1896377801895142,0.6021069462714502,0.8007527760927383,300,False
paloma_humaneval,h100-d512-mixprior-c18a69630b160de2-seed0-from10pct-20260829,1.2053642272949219,0.5174008705690976,0.8731538928891827,123,False
paloma_humaneval,h100-d512-mixprior-c750928622501c61-seed0-from10pct-20260829,1.2433054447174072,0.5360850339728319,0.9061351054495419,323,False
paloma_humaneval,h100-d512-mixprior-c85e2545e398782b-seed0-from10pct-20260829,1.2149617671966553,0.5623876807073669,0.9002171543887708,481,False
paloma_humaneval,h100-d512-mixprior-ce01aea8f221620d-seed0-from10pct-20260829,1.1974740028381348,0.5948646000960358,0.8453222113399963,467,False
paloma_humaneval,h100-d512-mixprior-cf4932c50025f78f-seed0-from10pct-20260829,1.19926118850708,0.5924764631290889,0.8487314636878034,476,False
paloma_humaneval,h100-d512-mixprior-d028e4309583a786-seed0-from10pct-20260829,1.1882312297821045,0.534073642459046,0.7909038931437509,110,False
paloma_humaneval,h100-d512-mixprior-d4e205c4928423fb-seed0-from10pct-20260829,1.1887798309326172,0.5648713036020317,0.82778291451528,258,False
paloma_humaneval,h100-d512-mixprior-d964ba6acc589feb-seed0-from10pct-20260829,1.2245213985443115,0.681068953576884,0.9545559470032586,563,False
paloma_humaneval,h100-d512-mixprior-da4e765d63fe2fdc-seed0-from10pct-20260829,1.1927590370178223,0.634659223266447,0.8735565134065223,410,False
paloma_humaneval,h100-d512-mixprior-db6b914b3853f093-seed0-from10pct-20260829,1.2923007011413574,0.6249836728318928,1.0126464500816987,582,False
paloma_humaneval,h100-d512-mixprior-e67649e32bf5ebe5-seed0-from10pct-20260829,1.1958107948303223,0.6162706864145044,0.8776724673419739,455,False
paloma_humaneval,h100-d512-mixprior-e7810a258aacd4e5-seed0-from10pct-20260829,1.2050564289093018,0.5407748870168249,0.8343273158248627,345,False
paloma_humaneval,h100-d512-mixprior-ea6a0d2f2aaea13c-seed0-from10pct-20260829,1.2003555297851562,0.5454912984735452,0.9178402331863345,365,False
paloma_humaneval,h100-d512-mixprior-f1c1ed44640b7b92-seed0-from10pct-20260829,1.268191933631897,0.5537734814862045,0.8519620456663732,458,False
paloma_humaneval,h100-d512-mixprior-fac35357f8815bab-seed0-from10pct-20260829,1.1901781558990479,0.5792957314115552,0.8804451483510102,317,False
paloma_humaneval,h100-d512-mixprior-02d7e4261304488f-seed0-from10pct-20260829,1.2019743919372559,0.5699926408774492,0.8956483418045184,471,False
paloma_humaneval,h100-d512-mixprior-069e3529f9da5eae-seed0-from10pct-20260829,1.2386378049850464,0.5795802546680371,0.8885891458090016,534,False
paloma_humaneval,h100-d512-mixprior-09b08408bc10bac1-seed0-from10pct-20260829,1.189981460571289,0.5490642878207361,0.8232337638328345,243,False
paloma_humaneval,h100-d512-mixprior-0a1eb11215ebf1d9-seed0-from10pct-20260829,1.1944286823272705,0.5824459899227575,0.8865191125174556,432,False
paloma_humaneval,h100-d512-mixprior-0d5bf72ba9c34aca-seed0-from10pct-20260829,1.238869071006775,0.5612484779421496,0.8192182619878892,485,False
paloma_humaneval,h100-d512-mixprior-0efa8adf369bd3f6-seed0-from10pct-20260829,1.199636697769165,0.6202346122126605,0.8517185124130511,486,False
paloma_humaneval,h100-d512-mixprior-0f6f49441a783695-seed0-from10pct-20260829,1.1850097179412842,0.5416304764176936,0.7955495231655707,13,False
paloma_humaneval,h100-d512-mixprior-1166a91e4999b611-seed0-from10pct-20260829,1.2464179992675781,0.5972124725936182,0.9192117824001941,559,False
paloma_humaneval,h100-d512-mixprior-1f5080a873321eed-seed0-from10pct-20260829,1.1870238780975342,0.5319562148946111,0.8250446570854528,69,False
paloma_humaneval,h100-d512-mixprior-2452ca7449eabe33-seed0-from10pct-20260829,1.226304054260254,0.5307520514543113,0.8677459097594875,273,False
paloma_humaneval,h100-d512-mixprior-2b67a00f1a8c02e8-seed0-from10pct-20260829,1.202327847480774,0.568087453471281,0.8558802063187817,470,False
paloma_humaneval,h100-d512-mixprior-2c9276d95ce66c4a-seed0-from10pct-20260829,1.1875395774841309,0.5420930669351436,0.8305332164540071,131,False
paloma_humaneval,h100-d512-mixprior-2d352a161240dd1a-seed0-from10pct-20260829,1.2026433944702148,0.5250320645664553,0.9082400707794094,200,False
paloma_humaneval,h100-d512-mixprior-345b89e2db132d33-seed0-from10pct-20260829,1.2003955841064453,0.5670905418365084,0.9165144317959723,461,False
paloma_humaneval,h100-d512-mixprior-36aa314d90852d37-seed0-from10pct-20260829,1.211148977279663,0.5822438563948045,0.888949478109612,523,False
paloma_humaneval,h100-d512-mixprior-4235c0156b1031dc-seed0-from10pct-20260829,1.1901159286499023,0.5293307441752763,0.7918126084168843,133,False
paloma_humaneval,h100-d512-mixprior-4477041d9b53957f-seed0-from10pct-20260829,1.4038548469543457,0.857669297811122,1.1083208753934426,592,False
paloma_humaneval,h100-d512-mixprior-5393f377902b6a03-seed0-from10pct-20260829,1.2076117992401123,0.5447417856393008,0.8800017322204838,387,False
paloma_humaneval,h100-d512-mixprior-56da79c0296d6caf-seed0-from10pct-20260829,1.19102144241333,0.5349201010495128,0.8825103385136102,197,False
paloma_humaneval,h100-d512-mixprior-57dbf5f0d4b905de-seed0-from10pct-20260829,1.1932287216186523,0.5718181742922303,0.7850310358023372,407,False
paloma_humaneval,h100-d512-mixprior-640bc9ec8f8b1fbf-seed0-from10pct-20260829,1.1883516311645508,0.5373005347202162,0.734494127046837,131,False
paloma_humaneval,h100-d512-mixprior-6863c557d2d04298-seed0-from10pct-20260829,1.2056336402893066,0.5608734052905958,0.8453744079579627,465,False
paloma_humaneval,h100-d512-mixprior-6e74ed85dd3be4bd-seed0-from10pct-20260829,1.1875202655792236,0.542987006206159,0.793072539491824,133,False
paloma_humaneval,h100-d512-mixprior-844026b35cf13b21-seed0-from10pct-20260829,1.187009572982788,0.5584732740175407,0.7718794096111232,137,False
paloma_humaneval,h100-d512-mixprior-875913f308c37210-seed0-from10pct-20260829,1.246004343032837,0.5908095289591749,0.8925835479233728,553,False
paloma_humaneval,h100-d512-mixprior-8787ef6e5831db5e-seed0-from10pct-20260829,1.2221801280975342,0.5669608450353074,0.7883067730707878,500,False
paloma_humaneval,h100-d512-mixprior-87a539c488350371-seed0-from10pct-20260829,1.1895220279693604,0.5574862854561149,0.7947814959961976,254,False
paloma_humaneval,h100-d512-mixprior-8c18711b506ae3fd-seed0-from10pct-20260829,1.1915538311004639,0.5597626077983412,0.8146601006062497,350,False
paloma_humaneval,h100-d512-mixprior-91f99dd358ceaecc-seed0-from10pct-20260829,1.188392162322998,0.5307138511247491,0.7877906578414174,108,False
paloma_humaneval,h100-d512-mixprior-99e0332bee9e15d6-seed0-from10pct-20260829,1.1942527294158936,0.5341108862813319,0.8117376006528323,237,False
paloma_humaneval,h100-d512-mixprior-a3832a83d0c085d7-seed0-from10pct-20260829,1.184715986251831,0.5745082460397365,0.8233903104032559,21,False
paloma_humaneval,h100-d512-mixprior-aa404c214196bbdc-seed0-from10pct-20260829,1.4650200605392456,0.6316478514279464,0.8809910186063548,584,False
paloma_humaneval,h100-d512-mixprior-b0eadc88573196e1-seed0-from10pct-20260829,1.1897287368774414,0.5347632881210034,0.8514895572274569,147,False
paloma_humaneval,h100-d512-mixprior-bb15ba3b039c811f-seed0-from10pct-20260829,1.1952106952667236,0.5906540268962126,0.8322215797909452,443,False
paloma_humaneval,h100-d512-mixprior-c7adaa0855a19abc-seed0-from10pct-20260829,1.1877564191818237,0.5623097507672158,0.8225428179112364,209,False
paloma_humaneval,h100-d512-mixprior-c8ae98a4795d8070-seed0-from10pct-20260829,1.1888532638549805,0.5600290357386897,0.8119569403663061,248,False
paloma_humaneval,h100-d512-mixprior-ccfce9549b754fe9-seed0-from10pct-20260829,1.7896251678466797,1.2680075116795424,2.2882799831173664,596,False
paloma_humaneval,h100-d512-mixprior-d7e7df52a91f7859-seed0-from10pct-20260829,1.194580316543579,0.616292102711394,0.7863752330771072,442,False
paloma_humaneval,h100-d512-mixprior-d9feb7e36aa5485a-seed0-from10pct-20260829,1.2377097606658936,0.5355233448177232,0.875337982956494,316,False
paloma_humaneval,h100-d512-mixprior-dd7d0d63baae9fed-seed0-from10pct-20260829,1.228040337562561,0.5283567229738875,0.8941199614673747,250,False
paloma_humaneval,h100-d512-mixprior-e22b9471932a44ff-seed0-from10pct-20260829,1.1954567432403564,0.5872974603174662,0.8528089640800377,444,False
paloma_humaneval,h100-d512-mixprior-e39cb6b882e121cd-seed0-from10pct-20260829,1.1833481788635254,0.5735868930093432,0.7852256219011912,5,False
paloma_humaneval,h100-d512-mixprior-e3f194f5882e2619-seed0-from10pct-20260829,1.1934796571731567,0.5754558369521916,0.7547873417678216,415,False
paloma_humaneval,h100-d512-mixprior-e45191f5acf9bcb9-seed0-from10pct-20260829,1.1857001781463623,0.5730305583242126,0.8036856798798618,61,False
paloma_humaneval,h100-d512-mixprior-f5931b21e4213e2c-seed0-from10pct-20260829,1.4346612691879272,0.6685121647793262,1.357579124257479,590,False
paloma_humaneval,h100-d512-mixprior-f6fe3fcdcc2c4662-seed0-from10pct-20260829,1.1874910593032837,0.5459624802236296,0.8084540072538347,144,False
paloma_humaneval,h100-d512-mixprior-fbf572f839d16bf8-seed0-from10pct-20260829,1.2200963497161865,0.585893786825281,0.8748288001542653,535,False
paloma_humaneval,h100-d512-mixprior-fcc1684c46a09c74-seed0-from10pct-20260829,1.1904420852661133,0.5611518592950457,0.8284987011092949,304,False
paloma_humaneval,h100-d512-mixprior-0553844b2f315524-seed0-from10pct-20260829,1.1928954124450684,0.5269599289330286,0.7103841210231341,184,False
paloma_humaneval,h100-d512-mixprior-05afaff63f3039cf-seed0-from10pct-20260829,1.1938145160675049,0.5171497936304008,0.7445257648354195,102,False
paloma_humaneval,h100-d512-mixprior-082e965cea6c0f4f-seed0-from10pct-20260829,1.194471001625061,0.5438919059259334,0.7504111518850679,319,False
paloma_humaneval,h100-d512-mixprior-0ac5153108adeda0-seed0-from10pct-20260829,1.1880706548690796,0.5439987937112366,0.8268004782519668,162,False
paloma_humaneval,h100-d512-mixprior-0d2a6d6eff335c86-seed0-from10pct-20260829,1.191042184829712,0.5209422850906474,0.7802952792104215,123,False
paloma_humaneval,h100-d512-mixprior-10795ba658da50f4-seed0-from10pct-20260829,1.1945030689239502,0.5227380866256142,0.7374946726228097,161,False
paloma_humaneval,h100-d512-mixprior-14fc700aaf496db5-seed0-from10pct-20260829,1.1911556720733643,0.5319454182005541,0.7244834595554427,183,False
paloma_humaneval,h100-d512-mixprior-1c28ccf162fc48e0-seed0-from10pct-20260829,1.1916441917419434,0.5517799214089505,0.7167048814256036,328,False
paloma_humaneval,h100-d512-mixprior-210a3fb337ffcf71-seed0-from10pct-20260829,1.197699785232544,0.5838585393164243,0.8905356662480316,464,False
paloma_humaneval,h100-d512-mixprior-229f654442189f5b-seed0-from10pct-20260829,1.2628495693206787,0.5839964937631626,0.9489653433519257,550,False
paloma_humaneval,h100-d512-mixprior-2720d2d0a3450e73-seed0-from10pct-20260829,1.1956210136413574,0.5222550675615252,0.7030293625439171,163,False
paloma_humaneval,h100-d512-mixprior-2e640867c4db6a14-seed0-from10pct-20260829,1.1976478099822998,0.5486372325745185,0.7313892984893904,378,False
paloma_humaneval,h100-d512-mixprior-2e685ad54efbcdb8-seed0-from10pct-20260829,1.1942636966705322,0.5403911608933962,0.7971209633987483,288,False
paloma_humaneval,h100-d512-mixprior-338fd3e16a53916c-seed0-from10pct-20260829,1.1940975189208984,0.5196854107396022,0.7872620478033328,131,False
paloma_humaneval,h100-d512-mixprior-35162aa6e772c8b2-seed0-from10pct-20260829,1.1897212266921997,0.5291519095201769,0.7747668069305735,123,False
paloma_humaneval,h100-d512-mixprior-3fb3c4f577d43fe8-seed0-from10pct-20260829,1.1879632472991943,0.5354320336715553,0.7943090383869678,112,False
paloma_humaneval,h100-d512-mixprior-435043dab334ff11-seed0-from10pct-20260829,1.1870453357696533,0.5349973199605463,0.8014238351310586,76,False
paloma_humaneval,h100-d512-mixprior-59113e7d55221188-seed0-from10pct-20260829,1.192969560623169,0.5271780730286147,0.7758488099352456,187,False
paloma_humaneval,h100-d512-mixprior-62d207415f290c1a-seed0-from10pct-20260829,1.2398371696472168,0.6130159203673053,0.9121986511469276,564,False
paloma_humaneval,h100-d512-mixprior-6c72edc7eb3e9ae9-seed0-from10pct-20260829,1.2020832300186157,0.6090353654008552,0.9147452619680072,495,False
paloma_humaneval,h100-d512-mixprior-78ec150499bfd59e-seed0-from10pct-20260829,1.1911039352416992,0.5338466553796084,0.757782209642488,192,False
paloma_humaneval,h100-d512-mixprior-79d8462c1071710e-seed0-from10pct-20260829,1.1939464807510376,0.5360073658348358,0.7290478509175268,252,False
paloma_humaneval,h100-d512-mixprior-79dcb036268b818a-seed0-from10pct-20260829,1.1929683685302734,0.5531369338496935,0.7882858533240757,351,False
paloma_humaneval,h100-d512-mixprior-7c5491522eb5a546-seed0-from10pct-20260829,1.1966623067855835,0.5189952275635763,0.7259821615271125,129,False
paloma_humaneval,h100-d512-mixprior-8c57c44ad6977a50-seed0-from10pct-20260829,1.2068098783493042,0.5712868390645764,0.8024995718716854,500,False
paloma_humaneval,h100-d512-mixprior-9773fd06b1c5f006-seed0-from10pct-20260829,1.1954822540283203,0.5127601909938879,0.7145972813500514,71,False
paloma_humaneval,h100-d512-mixprior-9a572e81a5ee3b2c-seed0-from10pct-20260829,1.1872795820236206,0.5413436162129983,0.8522370949972454,112,False
paloma_humaneval,h100-d512-mixprior-9b979784016e69f4-seed0-from10pct-20260829,1.1923859119415283,0.5657645559783075,0.7422822304033907,389,False
paloma_humaneval,h100-d512-mixprior-a0e487d31afaad89-seed0-from10pct-20260829,1.195712685585022,0.5319407594943919,0.7256887458551033,232,False
paloma_humaneval,h100-d512-mixprior-a6e8bed89f313323-seed0-from10pct-20260829,1.1978046894073486,0.5461453112197868,0.7339809429298809,362,False
paloma_humaneval,h100-d512-mixprior-a9e8a563c81f2c00-seed0-from10pct-20260829,1.208351969718933,0.5752141479224995,0.7983821204426786,510,False
paloma_humaneval,h100-d512-mixprior-aca7156440e23631-seed0-from10pct-20260829,1.1872169971466064,0.5481178085808375,0.7954288894610959,131,False
paloma_humaneval,h100-d512-mixprior-b75429a62e62e0a9-seed0-from10pct-20260829,1.1859827041625977,0.5344424899074207,0.8012010618356836,28,False
paloma_humaneval,h100-d512-mixprior-bc051d3b5158e13b-seed0-from10pct-20260829,1.1861778497695923,0.5352357179655053,0.8176109672293937,40,False
paloma_humaneval,h100-d512-mixprior-bcb87404d37f1ed4-seed0-from10pct-20260829,1.190359115600586,0.5375166029963765,0.787185928162917,185,False
paloma_humaneval,h100-d512-mixprior-d3313d35561e0104-seed0-from10pct-20260829,1.206225037574768,0.5779975104712075,0.7681571746249406,507,False
paloma_humaneval,h100-d512-mixprior-da3869e92cfed3e2-seed0-from10pct-20260829,1.1929306983947754,0.5403929297330701,0.755505096725558,274,False
paloma_humaneval,h100-d512-mixprior-dd99167fb9dfc0fb-seed0-from10pct-20260829,1.1942888498306274,0.5235289740599788,0.7281786015341025,167,False
paloma_humaneval,h100-d512-mixprior-df861bf630231bd2-seed0-from10pct-20260829,1.1963627338409424,0.48512468585016116,0.7753421124143289,0,True
paloma_humaneval,h100-d512-mixprior-e4903bf744cfaf0f-seed0-from10pct-20260829,1.1954292058944702,0.5163808138956747,0.7203729288115747,96,False
paloma_humaneval,h100-d512-mixprior-eaa80514ede0d82a-seed0-from10pct-20260829,1.1942095756530762,0.5282844955943925,0.7672655342260898,201,False
paloma_humaneval,h100-d512-mixprior-eba9ad8f4ce1a5c4-seed0-from10pct-20260829,1.1901501417160034,0.5154185083061283,0.7280430378118959,64,False
paloma_humaneval,h100-d512-mixprior-ebd6f40d955c87e1-seed0-from10pct-20260829,1.1931333541870117,0.5219807437165737,0.707932244684317,147,False
paloma_humaneval,h100-d512-mixprior-f3cd248ecb1913f3-seed0-from10pct-20260829,1.1930943727493286,0.5227187509476413,0.7272702522127449,152,False
paloma_humaneval,h100-d512-mixprior-f74bee0193e92cdc-seed0-from10pct-20260829,1.2137329578399658,0.5938490789414236,0.8110289159378175,535,False
paloma_humaneval,h100-d512-mixprior-fbb520da8e55242a-seed0-from10pct-20260829,1.186112880706787,0.5441775621610413,0.8060474448156701,53,False
paloma_humaneval,h100-d512-mixprior-fd1e0006e6c035c4-seed0-from10pct-20260829,1.1912695169448853,0.5501636632086342,0.7248557913722733,313,False
paloma_humaneval,h100-d512-mixprior-09975a72097cc7fa-seed0-from10pct-20260829,1.1932737827301025,0.533309692196198,0.7203084709163062,224,False
paloma_humaneval,h100-d512-mixprior-0bf0278d285e79e4-seed0-from10pct-20260829,1.1903328895568848,0.5190067447410112,0.7140943769032191,89,False
paloma_humaneval,h100-d512-mixprior-0c15d06e8063d3dd-seed0-from10pct-20260829,1.2039716243743896,0.5198407839873078,0.8205371136919284,155,False
paloma_humaneval,h100-d512-mixprior-0d833543e7e6c72a-seed0-from10pct-20260829,1.1920082569122314,0.5195161464324403,0.7463163244972904,121,False
paloma_humaneval,h100-d512-mixprior-0dbee2f7fb65d440-seed0-from10pct-20260829,1.1891875267028809,0.5296960312288816,0.712281385166832,119,False
paloma_humaneval,h100-d512-mixprior-133392ebbce1cb5e-seed0-from10pct-20260829,1.1909282207489014,0.5112718894134788,0.7359982993892473,53,False
paloma_humaneval,h100-d512-mixprior-17d6f84b966dfd9e-seed0-from10pct-20260829,1.2034685611724854,0.5136001181215836,0.8186910499173227,86,False
paloma_humaneval,h100-d512-mixprior-28ee5719a759aa6a-seed0-from10pct-20260829,1.2054708003997803,0.5241544158273261,0.8101762113846884,205,False
paloma_humaneval,h100-d512-mixprior-34c3ab956c91a9fe-seed0-from10pct-20260829,1.2029719352722168,0.521554148385972,0.7971252255171031,165,False
paloma_humaneval,h100-d512-mixprior-4796bf1a8edaa048-seed0-from10pct-20260829,1.201684594154358,0.5179412423714681,0.7816782930307365,123,False
paloma_humaneval,h100-d512-mixprior-56db3c816d2dcfaa-seed0-from10pct-20260829,1.2049633264541626,0.5251252633512202,0.8112435169281902,212,False
paloma_humaneval,h100-d512-mixprior-64dc46d0bcb64c99-seed0-from10pct-20260829,1.206604242324829,0.5305868925980933,0.7920815264541352,266,False
paloma_humaneval,h100-d512-mixprior-70a032f42e062281-seed0-from10pct-20260829,1.1906720399856567,0.5214556279268682,0.7387724664261216,115,False
paloma_humaneval,h100-d512-mixprior-74c234cb3fd3874e-seed0-from10pct-20260829,1.1907607316970825,0.5075666480483392,0.7489743312285537,37,False
paloma_humaneval,h100-d512-mixprior-74e1717ff57bbd5b-seed0-from10pct-20260829,1.205207347869873,0.5279672106578666,0.8192909935782864,242,False
paloma_humaneval,h100-d512-mixprior-9180fb50c1677454-seed0-from10pct-20260829,1.2033230066299438,0.5254366028788119,0.8035244062456858,207,False
paloma_humaneval,h100-d512-mixprior-91ed0f670e0373d5-seed0-from10pct-20260829,1.205106258392334,0.519351135572616,0.814636540345957,151,False
paloma_humaneval,h100-d512-mixprior-9bd2696821360007-seed0-from10pct-20260829,1.204582691192627,0.5263249901970509,0.7990923656410667,219,False
paloma_humaneval,h100-d512-mixprior-b67964eae7551dd7-seed0-from10pct-20260829,1.2039248943328857,0.5240529795727299,0.7867208531724378,197,False
paloma_humaneval,h100-d512-mixprior-b8c634fa591db7ca-seed0-from10pct-20260829,1.204474925994873,0.5200037427261993,0.798463933060901,158,False
paloma_humaneval,h100-d512-mixprior-c43a76ee7499fc4d-seed0-from10pct-20260829,1.2058762311935425,0.5249637708240219,0.7869663771504207,212,False
paloma_humaneval,h100-d512-mixprior-cbb5a07c918bb6db-seed0-from10pct-20260829,1.204896330833435,0.5050708406878335,0.7985159082129544,41,False
paloma_humaneval,h100-d512-mixprior-d2e05e718308cb4a-seed0-from10pct-20260829,1.2038832902908325,0.5190410578679363,0.8138833684674176,139,False
paloma_humaneval,h100-d512-mixprior-d672e3933a6613a2-seed0-from10pct-20260829,1.19174063205719,0.5271272220121319,0.7193496375835994,176,False
paloma_humaneval,h100-d512-mixprior-f0d6463d4cebcf13-seed0-from10pct-20260829,1.2046756744384766,0.5128362145918174,0.8068661038638839,81,False
paloma_humaneval,h100-d512-mixprior-f4ae860fc310b301-seed0-from10pct-20260829,1.1897783279418945,0.5169535105154847,0.7326150915226174,68,False
paloma_humaneval,h100-d512-mixprior-0f8ab1ad6f5720d8-seed0-from10pct-20260829,1.1903047561645508,0.5156505960727956,0.7375222637341003,66,False
paloma_humaneval,h100-d512-mixprior-1a4e947ecf6d16c0-seed0-from10pct-20260829,1.191338300704956,0.5249053642040091,0.7099622518036225,152,False
paloma_humaneval,h100-d512-mixprior-1bf78e5c97ec351f-seed0-from10pct-20260829,1.1909735202789307,0.521118942701202,0.7263904253284453,122,False
paloma_humaneval,h100-d512-mixprior-2458b832ddc1a897-seed0-from10pct-20260829,1.1905158758163452,0.5252327830088428,0.7210840352373621,126,False
paloma_humaneval,h100-d512-mixprior-251339b3ff104c74-seed0-from10pct-20260829,1.1896693706512451,0.5098614253052305,0.7151264134842864,42,False
paloma_humaneval,h100-d512-mixprior-2b21399fe748ca4a-seed0-from10pct-20260829,1.1906349658966064,0.5241989392831652,0.7209688658914336,128,False
paloma_humaneval,h100-d512-mixprior-3b0f08ccb72e2327-seed0-from10pct-20260829,1.191236972808838,0.5276530894271886,0.7268210255535534,169,False
paloma_humaneval,h100-d512-mixprior-3d214c809d68084c-seed0-from10pct-20260829,1.203291416168213,0.5308092776156508,0.8008327948265932,252,False
paloma_humaneval,h100-d512-mixprior-456a60ec0914df1b-seed0-from10pct-20260829,1.1898233890533447,0.5434637630688636,0.7170237457830665,204,False
paloma_humaneval,h100-d512-mixprior-61beca394d4923b9-seed0-from10pct-20260829,1.2040461301803589,0.5138481561138926,0.7926240154809723,89,False
paloma_humaneval,h100-d512-mixprior-627e9d2454efe8b0-seed0-from10pct-20260829,1.190345287322998,0.5339217438734797,0.7235856051557226,160,False
paloma_humaneval,h100-d512-mixprior-6869d1034f3e3798-seed0-from10pct-20260829,1.1905534267425537,0.5221592976682848,0.7239430797822222,119,False
paloma_humaneval,h100-d512-mixprior-68c203ef6e628303-seed0-from10pct-20260829,1.1905931234359741,0.5160777530106027,0.7180117667508248,76,False
paloma_humaneval,h100-d512-mixprior-69f49cea9f4ce5c3-seed0-from10pct-20260829,1.1912404298782349,0.5231340175328772,0.717741748156268,142,False
paloma_humaneval,h100-d512-mixprior-6e38c829805f0565-seed0-from10pct-20260829,1.1909706592559814,0.5234884134493287,0.7136595384021531,138,False
paloma_humaneval,h100-d512-mixprior-76913c74622da36b-seed0-from10pct-20260829,1.1908671855926514,0.5171714488309203,0.7023648905898374,88,False
paloma_humaneval,h100-d512-mixprior-76d150d73e9ddd97-seed0-from10pct-20260829,1.190415620803833,0.5155235303120193,0.709732519558477,69,False
paloma_humaneval,h100-d512-mixprior-79ffb24e136b86e0-seed0-from10pct-20260829,1.1905386447906494,0.5189611582833513,0.7272241368908654,96,False
paloma_humaneval,h100-d512-mixprior-7b4244b3ffa89286-seed0-from10pct-20260829,1.190048336982727,0.5274494509737176,0.7317802430228318,121,False
paloma_humaneval,h100-d512-mixprior-8165d589b06b36cc-seed0-from10pct-20260829,1.189375400543213,0.5175090961790577,0.7149765273922776,70,False
paloma_humaneval,h100-d512-mixprior-88051d55e6072420-seed0-from10pct-20260829,1.1904454231262207,0.5163418104234354,0.7081012841316897,73,False
paloma_humaneval,h100-d512-mixprior-97f431ef779ca9ff-seed0-from10pct-20260829,1.1911922693252563,0.5208099831052164,0.7245629413106153,123,False
paloma_humaneval,h100-d512-mixprior-a300d4c4b5ffb114-seed0-from10pct-20260829,1.190310001373291,0.503651761604767,0.7204623681716604,20,False
paloma_humaneval,h100-d512-mixprior-afbe0619750ff7ea-seed0-from10pct-20260829,1.1910390853881836,0.5257707202546049,0.7109892720603238,152,False
paloma_humaneval,h100-d512-mixprior-b552ca938de4c985-seed0-from10pct-20260829,1.1900862455368042,0.5222031735506854,0.7239269149901181,103,False
paloma_humaneval,h100-d512-mixprior-bdbe23ef1374113c-seed0-from10pct-20260829,1.1905186176300049,0.5205436823138582,0.7172159222299468,109,False
paloma_humaneval,h100-d512-mixprior-c1ee385a1f396714-seed0-from10pct-20260829,1.1893680095672607,0.5190139502137093,0.7133605180536539,76,False
paloma_humaneval,h100-d512-mixprior-c504e775dff267e8-seed0-from10pct-20260829,1.2037568092346191,0.5213752596855499,0.8315067131903516,165,False
paloma_humaneval,h100-d512-mixprior-c65b096589c54574-seed0-from10pct-20260829,1.1909149885177612,0.5217658642842875,0.714328596562952,125,False
paloma_humaneval,h100-d512-mixprior-d1b02a57809c41d1-seed0-from10pct-20260829,1.1892321109771729,0.5118289493388101,0.7120510359528561,45,False
paloma_humaneval,h100-d512-mixprior-d2560cd833f16b67-seed0-from10pct-20260829,1.191150426864624,0.5253715429716375,0.7277017062479242,152,False
paloma_humaneval,h100-d512-mixprior-d44625acc6e4054c-seed0-from10pct-20260829,1.1904990673065186,0.5157145290027684,0.7121938494434534,73,False
paloma_humaneval,h100-d512-mixprior-e24a4e73a2c92c3b-seed0-from10pct-20260829,1.191365361213684,0.5369327457142102,0.7102857611596327,227,False
paloma_humaneval,h100-d512-mixprior-e4b373f9f3e38f83-seed0-from10pct-20260829,1.1907811164855957,0.5149958121763683,0.7207501178009863,70,False
paloma_humaneval,h100-d512-mixprior-1d28fbf0c12e9932-seed0-from10pct-20260829,1.1911985874176025,0.5017146802076493,0.7110909971033952,16,False
paloma_humaneval,h100-d512-mixprior-a919317585f5b904-seed0-from10pct-20260829,1.1900134086608887,0.5180211456032371,0.7140266383197299,78,False
paloma_humaneval,h100-d512-mixprior-07dc1a9209e1ef25-seed0-from10pct-20260829,1.1892808675765991,0.530739962306333,0.7193480431689678,124,False
paloma_humaneval,h100-d512-mixprior-2e74ba8298c85f96-seed0-from10pct-20260829,1.189568281173706,0.518404549283965,0.7230893917759469,75,False
paloma_humaneval,h100-d512-mixprior-517b0641fbcca443-seed0-from10pct-20260829,1.1905457973480225,0.5225031080056421,0.7285202189950631,120,False
paloma_humaneval,h100-d512-mixprior-556d6a2b3df762ab-seed0-from10pct-20260829,1.1898829936981201,0.5166758815333369,0.7037184274579965,66,False
paloma_humaneval,h100-d512-mixprior-9d9c0cca770584a6-seed0-from10pct-20260829,1.190890908241272,0.5190648872396192,0.7054766354374453,108,False
paloma_humaneval,h100-d512-mixprior-dc9b4233818a4473-seed0-from10pct-20260829,1.1905293464660645,0.5169186988112208,0.7297496832882405,81,False
paloma_humaneval,h100-d512-mixprior-e6b706b35fcbb79c-seed0-from10pct-20260829,1.190089225769043,0.524755587918446,0.7158253754037823,108,False
paloma_humaneval,h100-d512-mixprior-0113e750ada1e50a-seed0-from10pct-20260829,1.185333490371704,0.5419501117163007,0.8460771274993902,18,False
paloma_humaneval,h100-d512-mixprior-03590486b7eca14d-seed0-from10pct-20260829,1.187455177307129,0.5440990350307665,0.8062257579722901,136,False
paloma_humaneval,h100-d512-mixprior-03fc648318802486-seed0-from10pct-20260829,1.1859745979309082,0.5404115414145506,0.8252746466174633,34,False
paloma_humaneval,h100-d512-mixprior-11f07b2a6f6260ee-seed0-from10pct-20260829,1.186991810798645,0.5593595033731137,0.8171947529532285,139,False
paloma_humaneval,h100-d512-mixprior-1d687b849a887005-seed0-from10pct-20260829,1.1855487823486328,0.5337426708084845,0.8032567866366831,18,False
paloma_humaneval,h100-d512-mixprior-20de59ca6c8c0c12-seed0-from10pct-20260829,1.1854634284973145,0.5392067943670512,0.8395715926097432,18,False
paloma_humaneval,h100-d512-mixprior-23fd78fc21fb8fe6-seed0-from10pct-20260829,1.1869332790374756,0.5454454437038383,0.7858198863598729,101,False
paloma_humaneval,h100-d512-mixprior-2601f6d0aa07a769-seed0-from10pct-20260829,1.1832990646362305,0.5191450335803256,0.8277010820064272,0,True
paloma_humaneval,h100-d512-mixprior-2bcf4203095401eb-seed0-from10pct-20260829,1.1844170093536377,0.5468155538008866,0.7958633324645656,10,False
paloma_humaneval,h100-d512-mixprior-2dcc54c5621c4d05-seed0-from10pct-20260829,1.186469316482544,0.519208011281231,0.7852236771685787,31,False
paloma_humaneval,h100-d512-mixprior-36b332854e352ace-seed0-from10pct-20260829,1.1854523420333862,0.5629871144599592,0.8484638466132791,45,False
paloma_humaneval,h100-d512-mixprior-39df24a1b1712398-seed0-from10pct-20260829,1.1875429153442383,0.5549522766174537,0.7971772006386827,177,False
paloma_humaneval,h100-d512-mixprior-3a28bd8105cdf925-seed0-from10pct-20260829,1.1840002536773682,0.5475531806334245,0.8307634074678953,5,False
paloma_humaneval,h100-d512-mixprior-3dd208617edeaad0-seed0-from10pct-20260829,1.187259554862976,0.548074894258382,0.798855169234371,138,False
paloma_humaneval,h100-d512-mixprior-42c06ea0c85ae453-seed0-from10pct-20260829,1.1859958171844482,0.5460933461907967,0.7969191143773577,48,False
paloma_humaneval,h100-d512-mixprior-45beb675eebd1798-seed0-from10pct-20260829,1.186863660812378,0.5537478384973189,0.8053548628037981,120,False
paloma_humaneval,h100-d512-mixprior-4602cace15312bd4-seed0-from10pct-20260829,1.1815509796142578,0.5632423876537244,0.8126898214746365,0,True
paloma_humaneval,h100-d512-mixprior-47e4ca8a4f5ab79f-seed0-from10pct-20260829,1.1874126195907593,0.5260469312098331,0.8041304822221386,78,False
paloma_humaneval,h100-d512-mixprior-546f0dd1bf3bca74-seed0-from10pct-20260829,1.1873582601547241,0.5382301866129863,0.8187175829147392,106,False
paloma_humaneval,h100-d512-mixprior-5b6b4b3fea8ef1f3-seed0-from10pct-20260829,1.1867454051971436,0.5609511301699855,0.7894754319243507,117,False
paloma_humaneval,h100-d512-mixprior-5d1abdd2eff4974f-seed0-from10pct-20260829,1.1886066198349,0.5357554443273825,0.833614293021334,135,False
paloma_humaneval,h100-d512-mixprior-5d5910bbd8b96a73-seed0-from10pct-20260829,1.1873447895050049,0.5586137411690474,0.792470821874514,168,False
paloma_humaneval,h100-d512-mixprior-6008f9351fb382c9-seed0-from10pct-20260829,1.185903787612915,0.5512153476736495,0.8046315260485323,55,False
paloma_humaneval,h100-d512-mixprior-6ca9873dc2ef0b25-seed0-from10pct-20260829,1.1843023300170898,0.5439372479900302,0.7915694439395332,7,False
paloma_humaneval,h100-d512-mixprior-710a09071584754a-seed0-from10pct-20260829,1.1865005493164062,0.5400068404325915,0.7813347191329275,61,False
paloma_humaneval,h100-d512-mixprior-72f4d0cf1bf300be-seed0-from10pct-20260829,1.1860913038253784,0.5495113794588137,0.8076725405409424,61,False
paloma_humaneval,h100-d512-mixprior-78dc0f0ebb2ea3c2-seed0-from10pct-20260829,1.1861963272094727,0.5372904050155127,0.7946984104940039,43,False
paloma_humaneval,h100-d512-mixprior-8d2bb165618c15cb-seed0-from10pct-20260829,1.1863267421722412,0.5354552969645763,0.8064513938710531,45,False
paloma_humaneval,h100-d512-mixprior-a5e3ed7ed8564c57-seed0-from10pct-20260829,1.1867733001708984,0.5217324506207964,0.8207997479095154,42,False
paloma_humaneval,h100-d512-mixprior-b66b22307886d151-seed0-from10pct-20260829,1.1865136623382568,0.5277855178654579,0.8560613020144333,44,False
paloma_humaneval,h100-d512-mixprior-c29bb575f3cb12cc-seed0-from10pct-20260829,1.188258409500122,0.558979827608701,0.8076339767136859,221,False
paloma_humaneval,h100-d512-mixprior-c792b1ae19e42572-seed0-from10pct-20260829,1.1848857402801514,0.5497907729279113,0.8041452618001635,19,False
paloma_humaneval,h100-d512-mixprior-cc31fbdedabfb74d-seed0-from10pct-20260829,1.1885979175567627,0.5351982990168254,0.8067102350061566,128,False
paloma_humaneval,h100-d512-mixprior-d11d9fc0f6865db3-seed0-from10pct-20260829,1.1879936456680298,0.5430642686512154,0.7908614050777618,154,False
paloma_humaneval,h100-d512-mixprior-d4bad85275e7122f-seed0-from10pct-20260829,1.1839994192123413,0.5374256764276911,0.7813182546263987,2,False
paloma_humaneval,h100-d512-mixprior-d5fd60e236dc9576-seed0-from10pct-20260829,1.1835310459136963,0.5601353453999222,0.7878053985889732,4,False
paloma_humaneval,h100-d512-mixprior-ed2e80d65d0d6d08-seed0-from10pct-20260829,1.1838631629943848,0.5819384927969151,0.791040202577034,11,False
paloma_humaneval,h100-d512-mixprior-88573650eb0eca3c-seed0-from10pct-20260829,1.1853742599487305,0.541490851294903,0.8330966789591481,18,False
paloma_humaneval,h100-d512-mixprior-b19bb39756c5bf1e-seed0-from10pct-20260829,1.1855549812316895,0.5261620589174765,0.7995177443336859,12,False
paloma_humaneval,h100-d512-mixprior-feaa8bc74ca55f38-seed0-from10pct-20260829,1.18536376953125,0.5416969987773693,0.8121259246522036,19,False
paloma_humaneval,h100-d512-mixprior-37ec07c629628d08-seed0-from10pct-20260829,1.1848435401916504,0.5479558054292257,0.7960302128215334,16,False
paloma_humaneval,h100-d512-mixprior-5a9b69a5b5cf2154-seed0-from10pct-20260829,1.187712550163269,0.566969400738956,0.8060199019755444,212,False
paloma_humaneval,h100-d512-mixprior-6069c2ed2a1aa6b0-seed0-from10pct-20260829,1.189164161682129,0.5386647935417721,0.7780881712624195,160,False
paloma_humaneval,h100-d512-mixprior-77a1d67f3e29712f-seed0-from10pct-20260829,1.185415506362915,0.5291306307389418,0.8045112829454008,12,False
paloma_humaneval,h100-d512-mixprior-7a096096b0b65260-seed0-from10pct-20260829,1.186481237411499,0.5213081795734937,0.7891157473557239,33,False
paloma_humaneval,h100-d512-mixprior-8bfac23637d69039-seed0-from10pct-20260829,1.1848981380462646,0.5253113745447451,0.8799289615103836,3,False
paloma_humaneval,h100-d512-mixprior-8e759513f4e10a3d-seed0-from10pct-20260829,1.1867423057556152,0.5400819998062242,0.8235875882495575,71,False
paloma_humaneval,h100-d512-mixprior-92f4441139dff853-seed0-from10pct-20260829,1.1850922107696533,0.5502972862077049,0.8152673429129009,26,False
paloma_humaneval,h100-d512-mixprior-a5e17044ce3967a5-seed0-from10pct-20260829,1.1860337257385254,0.567018440755749,0.8392338169379654,77,False
paloma_humaneval,h100-d512-mixprior-b0e324ea911cc855-seed0-from10pct-20260829,1.1867954730987549,0.5457416492833345,0.8190451306299807,96,False
paloma_humaneval,h100-d512-mixprior-c5ab9e73a3491601-seed0-from10pct-20260829,1.1869235038757324,0.5482417178026574,0.778880891122678,111,False
paloma_humaneval,h100-d512-mixprior-fc208d30db3fac23-seed0-from10pct-20260829,1.184718132019043,0.5646473702677164,0.855334200068269,20,False
paloma_humaneval,h100-d512-mixprior-700103606fa5897f-seed0-from10pct-20260829,1.1867756843566895,0.5591172474105074,0.8163043323541698,119,False
paloma_humaneval,h100-d512-mixprior-b70b4d81af9d0175-seed0-from10pct-20260829,1.1851489543914795,0.5634319636740625,0.8180845300941765,34,False
paloma_humaneval,h100-d512-mixprior-efcd10df0877e5b9-seed0-from10pct-20260829,1.184360384941101,0.5381804198858036,0.7913428479208079,4,False
paloma_humaneval,h100-d512-mixprior-dde7e6c9b887a890-seed0-from10pct-20260829,1.1858892440795898,0.545502921315592,0.8020795933388195,44,False
paloma_humaneval,h100-d512-mixprior-55a6944b494d4d28-seed0-from10pct-20260829,1.1867400407791138,0.5611722320180493,0.8000911515347964,115,False
paloma_humaneval,h100-d512-mixprior-7c4dfaaac84af74e-seed0-from10pct-20260829,1.1909098625183105,0.5453784780121054,0.842662038737325,261,False
paloma_humaneval,h100-d512-mixprior-b04abe4c7ad0e100-seed0-from10pct-20260829,1.182968258857727,0.5497173549977626,0.7740051136117829,0,True
paloma_humaneval,h100-d512-mixprior-02d79e0765f2842f-seed0-from10pct-20260829,1.1865627765655518,0.550457317275927,0.7893638848055163,96,False
paloma_humaneval,h100-d512-mixprior-161c6e2899600f32-seed0-from10pct-20260829,1.1875436305999756,0.5404513126102983,0.8066828945145184,123,False
paloma_humaneval,h100-d512-mixprior-19b7588ccf240f62-seed0-from10pct-20260829,1.1862971782684326,0.5583532355989108,0.8263990179010239,88,False
paloma_humaneval,h100-d512-mixprior-1eaebd6ea8c74105-seed0-from10pct-20260829,1.1872289180755615,0.5314745546536321,0.8194097641949768,77,False
paloma_humaneval,h100-d512-mixprior-26f67dbc5ddc182c-seed0-from10pct-20260829,1.1868776082992554,0.5355336336671251,0.7988687738221482,69,False
paloma_humaneval,h100-d512-mixprior-2f8d37e7f9bf7325-seed0-from10pct-20260829,1.1854997873306274,0.5756468477935162,0.7824993977094593,55,False
paloma_humaneval,h100-d512-mixprior-31ef6faf92f52ba3-seed0-from10pct-20260829,1.1855697631835938,0.5441571580338633,0.9013684437952243,34,False
paloma_humaneval,h100-d512-mixprior-35982e7a2228788c-seed0-from10pct-20260829,1.185745120048523,0.561360544551635,0.8046281343955952,57,False
paloma_humaneval,h100-d512-mixprior-3f389bcd9a8dee55-seed0-from10pct-20260829,1.1858935356140137,0.5583185411255467,0.8137148404306674,58,False
paloma_humaneval,h100-d512-mixprior-4532270316b96ff2-seed0-from10pct-20260829,1.1838150024414062,0.5438105169025429,0.826859842790484,2,False
paloma_humaneval,h100-d512-mixprior-52828100edc3b810-seed0-from10pct-20260829,1.186387538909912,0.5680745907321664,0.8164932008000473,103,False
paloma_humaneval,h100-d512-mixprior-5ef2bac853a957fc-seed0-from10pct-20260829,1.1832990646362305,0.5503232455969838,0.8123002259689425,2,False
paloma_humaneval,h100-d512-mixprior-60e7844f8b67a733-seed0-from10pct-20260829,1.1861381530761719,0.5550885975009172,0.8277289713868733,74,False
paloma_humaneval,h100-d512-mixprior-623128d8a4d14959-seed0-from10pct-20260829,1.1891934871673584,0.5527367020194677,0.7901349895470817,234,False
paloma_humaneval,h100-d512-mixprior-632e1abfa60c7e20-seed0-from10pct-20260829,1.1850743293762207,0.5683586138599989,0.8041198509849505,33,False
paloma_humaneval,h100-d512-mixprior-677450f4e08059aa-seed0-from10pct-20260829,1.1845921277999878,0.5397943597013055,0.8306265107856858,6,False
paloma_humaneval,h100-d512-mixprior-6d4d89e570eb64de-seed0-from10pct-20260829,1.1870790719985962,0.5559509620830407,0.7926283456908737,139,False
paloma_humaneval,h100-d512-mixprior-6f8e042da99a3cc4-seed0-from10pct-20260829,1.1867417097091675,0.5466170177999506,0.8441220611315593,87,False
paloma_humaneval,h100-d512-mixprior-72b251ddbfd1c16a-seed0-from10pct-20260829,1.1853618621826172,0.5474439068048018,0.7843068816784421,25,False
paloma_humaneval,h100-d512-mixprior-780ae4a66ec08c0b-seed0-from10pct-20260829,1.183651328086853,0.5425430412478662,0.7777096762800699,1,False
paloma_humaneval,h100-d512-mixprior-7b450c3bcd8b3198-seed0-from10pct-20260829,1.189173936843872,0.5265320043652104,0.810862419914663,103,False
paloma_humaneval,h100-d512-mixprior-880a1644f63db8bc-seed0-from10pct-20260829,1.184448003768921,0.543495251789341,0.8216869052298805,8,False
paloma_humaneval,h100-d512-mixprior-8862c95728d7d4bd-seed0-from10pct-20260829,1.1848759651184082,0.5597988764933967,0.7937492865115824,22,False
paloma_humaneval,h100-d512-mixprior-896fb6df5ecab978-seed0-from10pct-20260829,1.1895976066589355,0.5448820711006355,0.7978365501828012,207,False
paloma_humaneval,h100-d512-mixprior-8bc67a341c1d938f-seed0-from10pct-20260829,1.1854336261749268,0.5532953554177237,0.8041978211481983,38,False
paloma_humaneval,h100-d512-mixprior-932ecf88a5885062-seed0-from10pct-20260829,1.1868189573287964,0.5355377240435839,0.8159665114011249,68,False
paloma_humaneval,h100-d512-mixprior-9d641efab45cf010-seed0-from10pct-20260829,1.1874666213989258,0.5624991027358968,0.7743696801851199,189,False
paloma_humaneval,h100-d512-mixprior-a85294b2fc795fa0-seed0-from10pct-20260829,1.1872633695602417,0.5453870954084904,0.7941496508431463,126,False
paloma_humaneval,h100-d512-mixprior-adb894e2fba11b98-seed0-from10pct-20260829,1.1854172945022583,0.55881589519612,0.8039277149826978,40,False
paloma_humaneval,h100-d512-mixprior-b755da9a2cc03d2b-seed0-from10pct-20260829,1.184801459312439,0.5331127933293518,0.7962541365292412,5,False
paloma_humaneval,h100-d512-mixprior-c5291b3eb557db8f-seed0-from10pct-20260829,1.1879310607910156,0.528813676249744,0.8188883820549662,94,False
paloma_humaneval,h100-d512-mixprior-cd55b40ac4d3a00c-seed0-from10pct-20260829,1.1867256164550781,0.5504363563750068,0.8073945813749842,101,False
paloma_humaneval,h100-d512-mixprior-cf834382a5928b75-seed0-from10pct-20260829,1.185913324356079,0.5472791000408052,0.801725174401518,48,False
paloma_humaneval,h100-d512-mixprior-dcaf76ed5a36a4b0-seed0-from10pct-20260829,1.1871414184570312,0.5283889923396656,0.8113772199138857,72,False
paloma_humaneval,h100-d512-mixprior-e3c16fbeef6e8681-seed0-from10pct-20260829,1.1850261688232422,0.549228581708567,0.8121527089482228,23,False
paloma_humaneval,h100-d512-mixprior-e8b41e5d09781037-seed0-from10pct-20260829,1.1860257387161255,0.5470960371671361,0.7819418174319255,52,False
paloma_humaneval,h100-d512-mixprior-ea4bfe2afc061f24-seed0-from10pct-20260829,1.1880615949630737,0.5481094585282656,0.773336351904207,183,False
paloma_humaneval,h100-d512-mixprior-ea9f4ee8552e5169-seed0-from10pct-20260829,1.1857173442840576,0.5353198994951696,0.8197724086442013,23,False
paloma_humaneval,h100-d512-mixprior-efe3413f960a1478-seed0-from10pct-20260829,1.1869715452194214,0.5542139310294818,0.7949731389457165,128,False
paloma_humaneval,h100-d512-mixprior-f166afb48f0a74b3-seed0-from10pct-20260829,1.1851983070373535,0.5327858356963308,0.8022159902060848,9,False
paloma_humaneval,h100-d512-mixprior-f59b4b36dacfd93d-seed0-from10pct-20260829,1.1867098808288574,0.5360138895419968,0.8579825448055053,59,False
paloma_humaneval,h100-d512-mixprior-00c50859e721432f-seed0-from10pct-20260829,1.189012885093689,0.5187824140430971,0.7769287195884303,72,False
paloma_humaneval,h100-d512-mixprior-023bbf8a7dd029ee-seed0-from10pct-20260829,1.1910018920898438,0.5093853203056288,0.7730855281648027,49,False
paloma_humaneval,h100-d512-mixprior-02d7015c48e44255-seed0-from10pct-20260829,1.1891897916793823,0.5326986003131435,0.7835458548020046,128,False
paloma_humaneval,h100-d512-mixprior-0c586af92e358394-seed0-from10pct-20260829,1.1884524822235107,0.5232298671986683,0.7368740265937819,84,False
paloma_humaneval,h100-d512-mixprior-11793816caab5139-seed0-from10pct-20260829,1.1942527294158936,0.5648276591644307,0.7283180980381063,409,False
paloma_humaneval,h100-d512-mixprior-18472f0c9700a5f8-seed0-from10pct-20260829,1.1871376037597656,0.5267903819707833,0.7835808124099594,70,False
paloma_humaneval,h100-d512-mixprior-1c21e14e6d03b497-seed0-from10pct-20260829,1.1916285753250122,0.5190103274588748,0.7761166605532382,111,False
paloma_humaneval,h100-d512-mixprior-2da8521e82999164-seed0-from10pct-20260829,1.1943280696868896,0.5231544818317877,0.7246526925608661,162,False
paloma_humaneval,h100-d512-mixprior-3f75cc0d21c65c7f-seed0-from10pct-20260829,1.1847277879714966,0.529081563426219,0.7917376738439849,4,False
paloma_humaneval,h100-d512-mixprior-4163412ee4e95c18-seed0-from10pct-20260829,1.1911650896072388,0.5248360633229677,0.7917483135181435,147,False
paloma_humaneval,h100-d512-mixprior-67494aea2e8635a7-seed0-from10pct-20260829,1.1965196132659912,0.5102191221946281,0.7245872805942736,66,False
paloma_humaneval,h100-d512-mixprior-6c543b21afabf0a8-seed0-from10pct-20260829,1.1886322498321533,0.508900613896042,0.8295779157015382,38,False
paloma_humaneval,h100-d512-mixprior-7b18c3de2cb869cb-seed0-from10pct-20260829,1.1895335912704468,0.5648222496154334,0.9054437088287559,281,False
paloma_humaneval,h100-d512-mixprior-868f3a1ced61a40c-seed0-from10pct-20260829,1.191524863243103,0.5187772383914998,0.7632058589957722,107,False
paloma_humaneval,h100-d512-mixprior-a097103d39e68c9c-seed0-from10pct-20260829,1.1850082874298096,0.5429759807770365,0.7802999523475767,14,False
paloma_humaneval,h100-d512-mixprior-a12f25364ca13899-seed0-from10pct-20260829,1.1891695261001587,0.5293734289488028,0.7698106946892216,116,False
paloma_humaneval,h100-d512-mixprior-cb43a2b14dc19d7b-seed0-from10pct-20260829,1.1878821849822998,0.5186765554157426,0.7333875242771376,61,False
paloma_humaneval,h100-d512-mixprior-debceebb7bdc3d0b-seed0-from10pct-20260829,1.1873153448104858,0.5170574397944374,0.817812586860009,51,False
paloma_humaneval,h100-d512-mixprior-fc29f9971a0e63e7-seed0-from10pct-20260829,1.1923108100891113,0.5167333909479713,0.7341705043852185,93,False
paloma_humaneval,h100-d512-mixprior-e8e495f8d0550d72-seed0-from10pct-20260829,1.1923527717590332,0.5329125151839906,0.7482116908361556,212,False
paloma_humaneval,h100-d512-mixprior-05c4c74ad0d11828-seed0-from10pct-20260829,1.188366174697876,0.522972842025965,0.81873942264665,83,False
paloma_humaneval,h100-d512-mixprior-06afa6725e0335f6-seed0-from10pct-20260829,1.1906530857086182,0.5339777932959084,0.8196407800377438,176,False
paloma_humaneval,h100-d512-mixprior-1290594d4bf0a79b-seed0-from10pct-20260829,1.186786413192749,0.5145655040113005,0.7968692790882875,36,False
paloma_humaneval,h100-d512-mixprior-1760e1ca38c8cf81-seed0-from10pct-20260829,1.1896166801452637,0.5178597809092774,0.7769584061268664,72,False
paloma_humaneval,h100-d512-mixprior-1a534242d875a0c3-seed0-from10pct-20260829,1.1888911724090576,0.5063828281110848,0.8109768533330385,27,False
paloma_humaneval,h100-d512-mixprior-23deba6e72ccecfb-seed0-from10pct-20260829,1.1944823265075684,0.514214376048835,0.8079084288911034,80,False
paloma_humaneval,h100-d512-mixprior-26136f33c98f9e46-seed0-from10pct-20260829,1.1962149143218994,0.5175616676506459,0.7604942356623469,114,False
paloma_humaneval,h100-d512-mixprior-323d18075d8c8021-seed0-from10pct-20260829,1.1873308420181274,0.5253066978207039,0.8425251703410498,73,False
paloma_humaneval,h100-d512-mixprior-3bd1621144affab9-seed0-from10pct-20260829,1.1871896982192993,0.5292455762434586,0.8084929507623093,76,False
paloma_humaneval,h100-d512-mixprior-3f09b140712a5538-seed0-from10pct-20260829,1.1914610862731934,0.5034351319671181,0.7084031488069477,24,False
paloma_humaneval,h100-d512-mixprior-4236fbe067d9dc67-seed0-from10pct-20260829,1.1916064023971558,0.5373403958955529,0.7538490416786554,234,False
paloma_humaneval,h100-d512-mixprior-49b62d7636c28d8c-seed0-from10pct-20260829,1.1908390522003174,0.5390111621996747,0.882037002947663,216,False
paloma_humaneval,h100-d512-mixprior-4c99a96253e06dc5-seed0-from10pct-20260829,1.1903722286224365,0.4992078594701465,0.7785076686729602,11,False
paloma_humaneval,h100-d512-mixprior-571a9596913f856e-seed0-from10pct-20260829,1.1882539987564087,0.5182636373254509,0.8240426695759338,62,False
paloma_humaneval,h100-d512-mixprior-5e393ad6e8c33b0c-seed0-from10pct-20260829,1.1879661083221436,0.5078287462362958,0.8420763605416298,31,False
paloma_humaneval,h100-d512-mixprior-5f1171435f5d1ba0-seed0-from10pct-20260829,1.1866508722305298,0.5249796652339971,0.7602523790127735,41,False
paloma_humaneval,h100-d512-mixprior-671b04a3920fbd71-seed0-from10pct-20260829,1.1962003707885742,0.5038628465028032,0.7796494857816129,34,False
paloma_humaneval,h100-d512-mixprior-7215148f42f0114e-seed0-from10pct-20260829,1.1841630935668945,0.5415724894224302,0.7931746601009526,4,False
paloma_humaneval,h100-d512-mixprior-82f6109c56616bdb-seed0-from10pct-20260829,1.18937349319458,0.5201963996358171,0.7870041100810258,86,False
paloma_humaneval,h100-d512-mixprior-8e9185b1dc863c16-seed0-from10pct-20260829,1.188044786453247,0.53200883696687,0.8299333608186893,105,False
paloma_humaneval,h100-d512-mixprior-9027f599cbdbfcda-seed0-from10pct-20260829,1.1904577016830444,0.5032930460240033,0.7859630283918252,20,False
paloma_humaneval,h100-d512-mixprior-97c0d9de41484132-seed0-from10pct-20260829,1.1838260889053345,0.525569864294876,0.778106465885891,1,False
paloma_humaneval,h100-d512-mixprior-97e89aef99769599-seed0-from10pct-20260829,1.193173885345459,0.5268966000069518,0.7761428080698397,186,False
paloma_humaneval,h100-d512-mixprior-a2a4202cc870df1b-seed0-from10pct-20260829,1.1883889436721802,0.533584682445261,0.8007771000048398,115,False
paloma_humaneval,h100-d512-mixprior-a6e0a3ffee5a45da-seed0-from10pct-20260829,1.1864001750946045,0.5492995207922767,0.8222605217229031,80,False
paloma_humaneval,h100-d512-mixprior-a92198dd97d56d3a-seed0-from10pct-20260829,1.1915347576141357,0.5231911532344646,0.7753823322302271,145,False
paloma_humaneval,h100-d512-mixprior-a95f674f2a6d91d7-seed0-from10pct-20260829,1.1878234148025513,0.5366711967220622,0.7715175787284538,114,False
paloma_humaneval,h100-d512-mixprior-b4ef64db406d37e7-seed0-from10pct-20260829,1.1873023509979248,0.5384274099738872,0.7950909213431764,105,False
paloma_humaneval,h100-d512-mixprior-b9467f3748ad573b-seed0-from10pct-20260829,1.1922334432601929,0.4990722359373787,0.802175851681772,12,False
paloma_humaneval,h100-d512-mixprior-c0acf8be41a4907b-seed0-from10pct-20260829,1.1874759197235107,0.5300781402269379,0.7892887117272873,90,False
paloma_humaneval,h100-d512-mixprior-c2f7ebd6f58fcbda-seed0-from10pct-20260829,1.196495532989502,0.5011670227171117,0.7733174383364233,24,False
paloma_humaneval,h100-d512-mixprior-c53832293e4eaf8a-seed0-from10pct-20260829,1.1872135400772095,0.5383472017291063,0.8057725090272044,97,False
paloma_humaneval,h100-d512-mixprior-c63816c9a6efb22d-seed0-from10pct-20260829,1.1874579191207886,0.5661084790597872,0.8093532232416845,194,False
paloma_humaneval,h100-d512-mixprior-cb200d97c6033842-seed0-from10pct-20260829,1.1899659633636475,0.5077859288364441,0.7684691703001271,34,False
paloma_humaneval,h100-d512-mixprior-d5a2a05ce6e73c52-seed0-from10pct-20260829,1.1904869079589844,0.4991520932835713,0.798055991656371,10,False
paloma_humaneval,h100-d512-mixprior-d67d011163100e97-seed0-from10pct-20260829,1.1950087547302246,0.5191365569850399,0.7962510953889456,126,False
paloma_humaneval,h100-d512-mixprior-dc4496213bc705f9-seed0-from10pct-20260829,1.1852924823760986,0.5247773967637823,0.8102958523090459,4,False
paloma_humaneval,h100-d512-mixprior-edf7072459e0c55f-seed0-from10pct-20260829,1.184938669204712,0.5266301862866003,0.8334623498050242,5,False
paloma_humaneval,h100-d512-mixprior-f5f1a3bd273d6f40-seed0-from10pct-20260829,1.1916828155517578,0.5219020653626045,0.751224775054309,138,False
paloma_humaneval,h100-d512-mixprior-1660197758b074cd-seed0-from10pct-20260829,1.1908674240112305,0.5001702412470309,0.7896176249639313,14,False
paloma_humaneval,h100-d512-mixprior-065e903061bc0579-seed0-from10pct-20260829,1.1948537826538086,0.49503147758810734,0.7652642397199028,7,False
paloma_humaneval,h100-d512-mixprior-21f4fa1de79dd694-seed0-from10pct-20260829,1.1901845932006836,0.5145177494234882,0.7744927503139506,61,False
paloma_humaneval,h100-d512-mixprior-3498d87e6b9fbbfd-seed0-from10pct-20260829,1.1883258819580078,0.5182171462122762,0.8370749999710609,63,False
paloma_humaneval,h100-d512-mixprior-3ad82e3a04dc7102-seed0-from10pct-20260829,1.187753677368164,0.4991894765647641,0.7793206691563397,9,False
paloma_humaneval,h100-d512-mixprior-5e4359f6aaad30ac-seed0-from10pct-20260829,1.188509225845337,0.5093741232202506,0.8128529028491096,37,False
paloma_humaneval,h100-d512-mixprior-7511ae09e2c63f98-seed0-from10pct-20260829,1.1892924308776855,0.51689814414966,0.7873205713989875,66,False
paloma_humaneval,h100-d512-mixprior-91610d304fff4f3e-seed0-from10pct-20260829,1.1908754110336304,0.5056031508768292,0.7717301087843934,30,False
paloma_humaneval,h100-d512-mixprior-934375a0a91405c4-seed0-from10pct-20260829,1.1912338733673096,0.5219735060249404,0.8025423953502296,134,False
paloma_humaneval,h100-d512-mixprior-acc19ad5c6ec1893-seed0-from10pct-20260829,1.1908310651779175,0.5168444661017336,0.8091546730589256,83,False
paloma_humaneval,h100-d512-mixprior-afb7ac975159606e-seed0-from10pct-20260829,1.1918150186538696,0.49291854947749975,0.7770528181263208,1,False
paloma_humaneval,h100-d512-mixprior-b78ea0b23c6589c8-seed0-from10pct-20260829,1.186962366104126,0.5164220196718053,0.808142877078496,41,False
paloma_humaneval,h100-d512-mixprior-c9505fdab05b9752-seed0-from10pct-20260829,1.1919665336608887,0.49514733102492675,0.7452591751608496,5,False
paloma_humaneval,h100-d512-mixprior-e0c31883510064b2-seed0-from10pct-20260829,1.1918232440948486,0.5233299149908442,0.7718886364724705,152,False
paloma_humaneval,h100-d512-mixprior-1ce2f14282b572fa-seed0-from10pct-20260829,1.1923807859420776,0.4852007941480927,0.8259127564073696,0,True
paloma_humaneval,h100-d512-mixprior-276bc888bb41d7ac-seed0-from10pct-20260829,1.195967435836792,0.49279417316626717,0.8856818223465316,3,False
paloma_humaneval,h100-d512-mixprior-44bfd83cf7199b40-seed0-from10pct-20260829,1.1903297901153564,0.5126700783817186,0.7273470853657129,52,False
paloma_humaneval,h100-d512-mixprior-4c11a151fe37768b-seed0-from10pct-20260829,1.1974937915802002,0.4987365950831505,0.8103323475309505,16,False
paloma_humaneval,h100-d512-mixprior-92e3dcddc9f1c9b0-seed0-from10pct-20260829,1.1856646537780762,0.49798383956370895,0.8134753802196744,1,False
paloma_humaneval,h100-d512-mixprior-4d1d637f86ec3e25-seed0-from10pct-20260829,1.194375991821289,0.48719490409970323,0.8600117628519308,1,False
paloma_humaneval,h100-d512-mixprior-610226e65dd1b174-seed0-from10pct-20260829,1.1890232563018799,0.5127913666804802,0.7810597213288958,49,False
paloma_humaneval,h100-d512-mixprior-0381f0ef27de4605-seed0-from10pct-20260829,1.2017098665237427,0.5302352425145687,0.7935764383664643,245,False
paloma_humaneval,h100-d512-mixprior-05040e528683a5eb-seed0-from10pct-20260829,1.184149980545044,0.52373706794159,0.8146073796873488,1,False
paloma_humaneval,h100-d512-mixprior-10c0562ae66da54f-seed0-from10pct-20260829,1.186399221420288,0.5383925963697782,0.7926916604075027,53,False
paloma_humaneval,h100-d512-mixprior-21b049d9fbfffd15-seed0-from10pct-20260829,1.1912569999694824,0.5265332644592968,0.7918348587995502,163,False
paloma_humaneval,h100-d512-mixprior-300a2a907a91b147-seed0-from10pct-20260829,1.1939984560012817,0.5198517527647026,0.8129354273698365,133,False
paloma_humaneval,h100-d512-mixprior-30745827d6bb62fa-seed0-from10pct-20260829,1.187246561050415,0.5436076681091505,0.7913528233239389,118,False
paloma_humaneval,h100-d512-mixprior-33965fca6151ba79-seed0-from10pct-20260829,1.1865015029907227,0.5359192004429626,0.8288705061520596,53,False
paloma_humaneval,h100-d512-mixprior-42142ea3811d6f8d-seed0-from10pct-20260829,1.1968095302581787,0.5265461237380276,0.8026913875026005,204,False
paloma_humaneval,h100-d512-mixprior-43a53f862386e9d7-seed0-from10pct-20260829,1.1932623386383057,0.5128215793365138,0.7868718679835258,70,False
paloma_humaneval,h100-d512-mixprior-44cc4c4959d2bc1a-seed0-from10pct-20260829,1.1908767223358154,0.5114791425194212,0.7943809023121733,53,False
paloma_humaneval,h100-d512-mixprior-46a02cef9c34ec35-seed0-from10pct-20260829,1.1979165077209473,0.5190747867491081,0.8420822754461448,136,False
paloma_humaneval,h100-d512-mixprior-483e66f4165b489e-seed0-from10pct-20260829,1.1951777935028076,0.5285865512317419,0.8110022311898728,210,False
paloma_humaneval,h100-d512-mixprior-4b8e73b1b4900727-seed0-from10pct-20260829,1.192706823348999,0.5341789093212832,0.8280568914749259,224,False
paloma_humaneval,h100-d512-mixprior-5e420d38b78df844-seed0-from10pct-20260829,1.192021369934082,0.5457356346809377,0.8223843694190023,302,False
paloma_humaneval,h100-d512-mixprior-62e945177b7503ad-seed0-from10pct-20260829,1.1917157173156738,0.5150728850307589,0.8235225803048535,78,False
paloma_humaneval,h100-d512-mixprior-688fff67de631de9-seed0-from10pct-20260829,1.1982722282409668,0.5286088446714293,0.7718740178789069,225,False
paloma_humaneval,h100-d512-mixprior-6936390be4ffaff9-seed0-from10pct-20260829,1.192706823348999,0.5268240880149403,0.796419463176336,183,False
paloma_humaneval,h100-d512-mixprior-699a7ba3a82b0227-seed0-from10pct-20260829,1.1925039291381836,0.5424057875708738,0.7972004995523886,284,False
paloma_humaneval,h100-d512-mixprior-7b550896261ca2a0-seed0-from10pct-20260829,1.191676378250122,0.5263732879261356,0.7962671436189876,168,False
paloma_humaneval,h100-d512-mixprior-7f99017c083bac93-seed0-from10pct-20260829,1.1909520626068115,0.5331745916235018,0.7909783621406515,184,False
paloma_humaneval,h100-d512-mixprior-80324df7baf50056-seed0-from10pct-20260829,1.1848540306091309,0.531518531103494,0.8073774133778139,5,False
paloma_humaneval,h100-d512-mixprior-82a9ab40c6f48b71-seed0-from10pct-20260829,1.1969094276428223,0.5229649651865189,0.856267970302742,175,False
paloma_humaneval,h100-d512-mixprior-83afcf6935d0d1d8-seed0-from10pct-20260829,1.1887621879577637,0.5251123440743783,0.8145462437479273,94,False
paloma_humaneval,h100-d512-mixprior-8812224dc26519ed-seed0-from10pct-20260829,1.2000000476837158,0.505598982684387,0.8210023992729935,43,False
paloma_humaneval,h100-d512-mixprior-888488eac540ccd9-seed0-from10pct-20260829,1.1899760961532593,0.5346586427881544,0.8096803241044306,150,False
paloma_humaneval,h100-d512-mixprior-9258df0207f554db-seed0-from10pct-20260829,1.1885803937911987,0.5276205506878934,0.8515001909493297,102,False
paloma_humaneval,h100-d512-mixprior-965a9ad97ffb8c7a-seed0-from10pct-20260829,1.1932967901229858,0.5193431046430186,0.7976711354120417,125,False
paloma_humaneval,h100-d512-mixprior-9f78eb87c559a841-seed0-from10pct-20260829,1.1938068866729736,0.530635224582257,0.8523095492958042,211,False
paloma_humaneval,h100-d512-mixprior-a1d9377e21849993-seed0-from10pct-20260829,1.1910251379013062,0.5352840343898001,0.8397585321755188,201,False
paloma_humaneval,h100-d512-mixprior-a4d18ffb2199e909-seed0-from10pct-20260829,1.1894675493240356,0.5389396166136688,0.8141163651529979,171,False
paloma_humaneval,h100-d512-mixprior-a92ed6e1a716619a-seed0-from10pct-20260829,1.189430594444275,0.5478224907746175,0.8014243539814321,220,False
paloma_humaneval,h100-d512-mixprior-b5e87b77dfda3dc0-seed0-from10pct-20260829,1.1855905055999756,0.5220309227274103,0.8031248856806232,8,False
paloma_humaneval,h100-d512-mixprior-ce43eca4fbe83cc6-seed0-from10pct-20260829,1.190198540687561,0.5228675061687053,0.8329964530112604,106,False
paloma_humaneval,h100-d512-mixprior-da42fb0cfcfbdba9-seed0-from10pct-20260829,1.1895146369934082,0.548682831958058,0.79821289868481,229,False
paloma_humaneval,h100-d512-mixprior-df03e6bade638df2-seed0-from10pct-20260829,1.1881208419799805,0.5392065379564298,0.8023731173396621,135,False
paloma_humaneval,h100-d512-mixprior-e2041aa4f4df4ca1-seed0-from10pct-20260829,1.2108232975006104,0.5122545668844583,0.866090817570394,78,False
paloma_humaneval,h100-d512-mixprior-e46a0b19826295d7-seed0-from10pct-20260829,1.1970912218093872,0.5287952692120698,0.8497622593293394,223,False
paloma_humaneval,h100-d512-mixprior-e8267274ad55d445-seed0-from10pct-20260829,1.1905949115753174,0.524488003812243,0.8123818758609056,128,False
paloma_humaneval,h100-d512-mixprior-ec7fe25116523c36-seed0-from10pct-20260829,1.1928740739822388,0.5341202223950966,0.8683265476772023,224,False
paloma_humaneval,h100-d512-mixprior-f517bcac6d890d34-seed0-from10pct-20260829,1.1989142894744873,0.5160556624262029,0.7882554856733325,101,False
paloma_humaneval,h100-d512-mixprior-2197f91b0978c4e1-seed0-from10pct-20260829,1.19521963596344,0.5288938875962281,0.7698403170594202,212,False
paloma_humaneval,h100-d512-mixprior-2d20571cff58ae7d-seed0-from10pct-20260829,1.18767249584198,0.537917652628658,0.8484425246121925,113,False
paloma_humaneval,h100-d512-mixprior-4137e179e6361a3f-seed0-from10pct-20260829,1.1992108821868896,0.5223169880812916,0.7853325435948553,174,False
paloma_humaneval,h100-d512-mixprior-4e88f9805c2fcd29-seed0-from10pct-20260829,1.186739444732666,0.5374836684515171,0.8073772540289738,64,False
paloma_humaneval,h100-d512-mixprior-5a363f1fb2758b5f-seed0-from10pct-20260829,1.187570571899414,0.5430097969563235,0.8115399403879008,136,False
paloma_humaneval,h100-d512-mixprior-5c5318013cc0d92b-seed0-from10pct-20260829,1.189805269241333,0.540992138571166,0.7807944573793394,189,False
paloma_humaneval,h100-d512-mixprior-5dbbb7617dfe7f8e-seed0-from10pct-20260829,1.187704086303711,0.5321913885489593,0.8080660382140648,96,False
paloma_humaneval,h100-d512-mixprior-6538607a585aa3a4-seed0-from10pct-20260829,1.187943696975708,0.55226985238223,0.8154509529418494,192,False
paloma_humaneval,h100-d512-mixprior-68756f01b152e98a-seed0-from10pct-20260829,1.190271258354187,0.5204694196023346,0.8236781786707503,98,False
paloma_humaneval,h100-d512-mixprior-73d7b7e6d2aebc2d-seed0-from10pct-20260829,1.1890531778335571,0.5345345540804041,0.8235763546356479,132,False
paloma_humaneval,h100-d512-mixprior-7d083fd561eea164-seed0-from10pct-20260829,1.1878583431243896,0.5271701917120307,0.7991951416738508,89,False
paloma_humaneval,h100-d512-mixprior-8a81fad852828fb3-seed0-from10pct-20260829,1.1882359981536865,0.5303661808984459,0.7832187681476092,102,False
paloma_humaneval,h100-d512-mixprior-99be2a8866be8cdf-seed0-from10pct-20260829,1.191561222076416,0.5192467914550644,0.8236187421103749,116,False
paloma_humaneval,h100-d512-mixprior-a3c31e77bbfd30ed-seed0-from10pct-20260829,1.1897177696228027,0.5571036048745365,0.8310352811210341,258,False
paloma_humaneval,h100-d512-mixprior-b2025642abcdc3b0-seed0-from10pct-20260829,1.1977627277374268,0.544462768335753,0.7933094381234713,352,False
paloma_humaneval,h100-d512-mixprior-ba8dc59240d95785-seed0-from10pct-20260829,1.188420057296753,0.5396048704286063,0.8374159715627043,148,False
paloma_humaneval,h100-d512-mixprior-c53002dd3d3800ec-seed0-from10pct-20260829,1.1856497526168823,0.5381475630626178,0.7642411290212734,23,False
paloma_humaneval,h100-d512-mixprior-cd1e4960210cd383-seed0-from10pct-20260829,1.1917399168014526,0.5432642472566516,0.7987994071675687,280,False
paloma_humaneval,h100-d512-mixprior-e12d0ce1af2c60da-seed0-from10pct-20260829,1.188554286956787,0.5329973709551075,0.7579872472108113,119,False
paloma_humaneval,h100-d512-mixprior-fc8d4543b12c9b30-seed0-from10pct-20260829,1.1957108974456787,0.5361984047902093,0.7554265829522476,271,False
paloma_humaneval,h100-d512-mixprior-00d76bb7275384bc-seed0-from10pct-20260829,1.1878166198730469,0.5020913666109098,0.8087399014688985,12,False
paloma_humaneval,h100-d512-mixprior-0c01c0abac117c95-seed0-from10pct-20260829,1.187234878540039,0.5173896330585436,0.7921252844716984,50,False
paloma_humaneval,h100-d512-mixprior-290712d96c329ac3-seed0-from10pct-20260829,1.1871904134750366,0.5393277100390474,0.7988774759601324,99,False
paloma_humaneval,h100-d512-mixprior-355b16d07af295ef-seed0-from10pct-20260829,1.1885861158370972,0.513900257240248,0.7898068866195558,54,False
paloma_humaneval,h100-d512-mixprior-441eaad434c46dc7-seed0-from10pct-20260829,1.1869752407073975,0.520176805576118,0.8033858413656102,48,False
paloma_humaneval,h100-d512-mixprior-6c9d2526befaf3fd-seed0-from10pct-20260829,1.188480257987976,0.5132203264246681,0.8021742153631438,47,False
paloma_humaneval,h100-d512-mixprior-80a4d4891e8356d1-seed0-from10pct-20260829,1.1867930889129639,0.517801152185636,0.8015885240511917,40,False
paloma_humaneval,h100-d512-mixprior-85ec179487f33a59-seed0-from10pct-20260829,1.186976671218872,0.5081895639613201,0.8299578059593808,26,False
paloma_humaneval,h100-d512-mixprior-98423eadd06d7642-seed0-from10pct-20260829,1.1875838041305542,0.5296399378468156,0.7850116577585599,90,False
paloma_humaneval,h100-d512-mixprior-cb440623845164e0-seed0-from10pct-20260829,1.1882392168045044,0.5273594546287226,0.821736000135449,93,False
paloma_humaneval,h100-d512-mixprior-f46eb02e668e78a3-seed0-from10pct-20260829,1.1872471570968628,0.5293276172048346,0.8294207521262207,79,False
paloma_humaneval,h100-d512-mixprior-3b07a8abe5cd9fc5-seed0-from10pct-20260829,1.1878324747085571,0.5195415300018128,0.8097324676382585,65,False
paloma_humaneval,h100-d512-mixprior-d4083ca4e2b35f65-seed0-from10pct-20260829,1.1861481666564941,0.509702694564153,0.7931186350207456,13,False
paloma_humaneval,h100-d512-mixprior-e1eb3ba6a4f89d69-seed0-from10pct-20260829,1.1874468326568604,0.5266930623438864,0.7914749123888557,82,False
paloma_humaneval,h100-d512-mixprior-f297c5b7db952caa-seed0-from10pct-20260829,1.1874430179595947,0.5218533667759883,0.7998788364316198,69,False
paloma_humaneval,h100-d512-mixprior-09c118154d089543-seed0-from10pct-20260829,1.186764121055603,0.5218068017982889,0.8300112657405214,41,False
paloma_humaneval,h100-d512-mixprior-654e401d87430d27-seed0-from10pct-20260829,1.1864266395568848,0.5234195112185769,0.8262840125309292,32,False
paloma_humaneval,h100-d512-mixprior-7026cf51fff0f3dc-seed0-from10pct-20260829,1.1872507333755493,0.5197530284711139,0.8173600002001531,57,False
paloma_humaneval,h100-d512-mixprior-8b014e072122dbd3-seed0-from10pct-20260829,1.1867555379867554,0.49991954737566885,0.7793594091821594,6,False
paloma_humaneval,h100-d512-mixprior-a6b2cadc64e50d67-seed0-from10pct-20260829,1.1871044635772705,0.5213722939423393,0.8021600077057807,56,False
paloma_humaneval,h100-d512-mixprior-08ce96bd2cfad893-seed0-from10pct-20260829,1.1860997676849365,0.50807093259914,0.7956490672258437,10,False
paloma_humaneval,h100-d512-mixprior-0bf4da1c0f7fcaa9-seed0-from10pct-20260829,1.1873587369918823,0.5157161511727799,0.8028950669666769,49,False
paloma_humaneval,h100-d512-mixprior-0db801530cba5b32-seed0-from10pct-20260829,1.1871559619903564,0.506663771051836,0.7938050987265868,24,False
paloma_humaneval,h100-d512-mixprior-0f218afbdb299582-seed0-from10pct-20260829,1.1868563890457153,0.5220750201787956,0.7853740450642515,49,False
paloma_humaneval,h100-d512-mixprior-15a67c597e772af0-seed0-from10pct-20260829,1.1867660284042358,0.5065118422582113,0.7951354952749494,21,False
paloma_humaneval,h100-d512-mixprior-1dc7ec9995f13e34-seed0-from10pct-20260829,1.187241554260254,0.5190518273790788,0.7882046594176734,53,False
paloma_humaneval,h100-d512-mixprior-2083a2346292bb2f-seed0-from10pct-20260829,1.1870336532592773,0.5153167472346191,0.7961375197065915,44,False
paloma_humaneval,h100-d512-mixprior-2f88d6030d2730cb-seed0-from10pct-20260829,1.1860442161560059,0.5120030922380971,0.81231122951435,11,False
paloma_humaneval,h100-d512-mixprior-335eaec02838b1dc-seed0-from10pct-20260829,1.1857304573059082,0.5197481387196755,0.8782580562125551,10,False
paloma_humaneval,h100-d512-mixprior-4ae9496ab07483cc-seed0-from10pct-20260829,1.1863856315612793,0.5099308811650988,0.8178498396402769,17,False
paloma_humaneval,h100-d512-mixprior-4d3d5a776ecb3ccd-seed0-from10pct-20260829,1.1861045360565186,0.5064818425247523,0.8114079786108638,10,False
paloma_humaneval,h100-d512-mixprior-4dd49c1392edf356-seed0-from10pct-20260829,1.18703031539917,0.507663063927089,0.8337648853473812,25,False
paloma_humaneval,h100-d512-mixprior-4ec4c7501ff86c5a-seed0-from10pct-20260829,1.1857764720916748,0.5023543957560863,0.8062014194485818,2,False
paloma_humaneval,h100-d512-mixprior-56c1ec7cf51e7635-seed0-from10pct-20260829,1.1853636503219604,0.5054834614931775,0.8700951912241685,1,False
paloma_humaneval,h100-d512-mixprior-6860a62d94f92eaa-seed0-from10pct-20260829,1.1858690977096558,0.51373285228557,0.8041093585266936,10,False
paloma_humaneval,h100-d512-mixprior-73bf71b581f13217-seed0-from10pct-20260829,1.1870225667953491,0.5159317433967203,0.784322542168023,43,False
paloma_humaneval,h100-d512-mixprior-778356a0febae506-seed0-from10pct-20260829,1.186387062072754,0.5136107049555875,0.7945094935024797,24,False
paloma_humaneval,h100-d512-mixprior-7e8c4a8bf36746ef-seed0-from10pct-20260829,1.1878972053527832,0.5195985248338507,0.78194367779177,67,False
paloma_humaneval,h100-d512-mixprior-7f5fc51ef4389bdd-seed0-from10pct-20260829,1.1862962245941162,0.5148498851127415,0.8041384331400449,24,False
paloma_humaneval,h100-d512-mixprior-7fe393803dc0185b-seed0-from10pct-20260829,1.1855132579803467,0.5127557033260771,0.8251370521686192,5,False
paloma_humaneval,h100-d512-mixprior-87091e2267556559-seed0-from10pct-20260829,1.185908555984497,0.5019593274766109,0.8278146895031933,2,False
paloma_humaneval,h100-d512-mixprior-8cb0432978819d02-seed0-from10pct-20260829,1.186920404434204,0.5075204294494017,0.7961979341649028,24,False
paloma_humaneval,h100-d512-mixprior-8d615131b2931cb1-seed0-from10pct-20260829,1.1862211227416992,0.5134840727901111,0.8176789877752009,21,False
paloma_humaneval,h100-d512-mixprior-94ca7c07cae4b249-seed0-from10pct-20260829,1.1867846250534058,0.4986423307313024,0.8195201752387408,6,False
paloma_humaneval,h100-d512-mixprior-996f489106c7b922-seed0-from10pct-20260829,1.1864409446716309,0.4979298909485227,0.8197130247236325,2,False
paloma_humaneval,h100-d512-mixprior-9e0de3be10986119-seed0-from10pct-20260829,1.186033010482788,0.5058789762871513,0.7761196874133317,7,False
paloma_humaneval,h100-d512-mixprior-a1f97c597ddec22b-seed0-from10pct-20260829,1.1853289604187012,0.5168402898287372,0.8650504808992754,2,False
paloma_humaneval,h100-d512-mixprior-aa01e09a5667993c-seed0-from10pct-20260829,1.1864840984344482,0.5099240223103607,0.8109095663152012,18,False
paloma_humaneval,h100-d512-mixprior-b100ad1935c71002-seed0-from10pct-20260829,1.1862757205963135,0.5048336723022158,0.7657825288138767,9,False
paloma_humaneval,h100-d512-mixprior-b76966f86e9a7249-seed0-from10pct-20260829,1.1850111484527588,0.5060416602369779,0.8050057376107331,1,False
paloma_humaneval,h100-d512-mixprior-b81a6ce0ada662d3-seed0-from10pct-20260829,1.1861674785614014,0.5054796325827211,0.7974575451513921,9,False
paloma_humaneval,h100-d512-mixprior-c6d64aa5711b6f4e-seed0-from10pct-20260829,1.1865062713623047,0.5132050513825028,0.8025759612656018,25,False
paloma_humaneval,h100-d512-mixprior-cc01c58c08cd0e95-seed0-from10pct-20260829,1.1873202323913574,0.49887810003034677,0.7981339006915383,8,False
paloma_humaneval,h100-d512-mixprior-ce86ea0b18ba6102-seed0-from10pct-20260829,1.18678879737854,0.5074377589372694,0.8152151872278542,23,False
paloma_humaneval,h100-d512-mixprior-cf4d4d80aab84f4e-seed0-from10pct-20260829,1.1872583627700806,0.5134409344183722,0.8217327448327488,41,False
paloma_humaneval,h100-d512-mixprior-e5b3621f241d9d71-seed0-from10pct-20260829,1.187124252319336,0.5203163779590746,0.8272125270474263,55,False
paloma_humaneval,h100-d512-mixprior-ebd4e1bd2387c375-seed0-from10pct-20260829,1.1861522197723389,0.502903400070547,0.7892663670906257,7,False
paloma_humaneval,h100-d512-mixprior-eea94f18a11cbafc-seed0-from10pct-20260829,1.1865836381912231,0.5030917673686957,0.7803509901527271,9,False
paloma_humaneval,h100-d512-mixprior-f574d556903353ac-seed0-from10pct-20260829,1.1853735446929932,0.5115759858561851,0.7730018776629658,3,False
paloma_humaneval,h100-d512-mixprior-f5a6541da0d6ca4a-seed0-from10pct-20260829,1.1861262321472168,0.5179592256556101,0.8127795893418804,20,False
paloma_humaneval,h100-d512-mixprior-04043d0c8f96fdbc-seed0-from10pct-20260829,1.1877301931381226,0.5086525797492273,0.8154397494967354,32,False
paloma_humaneval,h100-d512-mixprior-197c9f5ceff6b9ee-seed0-from10pct-20260829,1.184385061264038,0.4940224050948791,0.7964591451346961,0,True
paloma_humaneval,h100-d512-mixprior-19b697225c02a94b-seed0-from10pct-20260829,1.1857891082763672,0.5040231617647062,0.8141205640607424,3,False
paloma_humaneval,h100-d512-mixprior-445f6ba88e18307c-seed0-from10pct-20260829,1.1885110139846802,0.4930601551717728,0.794751508542459,1,False
paloma_humaneval,h100-d512-mixprior-5c32d535fde96e01-seed0-from10pct-20260829,1.1870818138122559,0.49254123409583733,0.8044149378706712,0,True
paloma_humaneval,h100-d512-mixprior-69ed9959dd9cd4e5-seed0-from10pct-20260829,1.1867163181304932,0.5034852059152312,0.8004333726924829,10,False
paloma_humaneval,h100-d512-mixprior-6f3961f6e80a541f-seed0-from10pct-20260829,1.187619924545288,0.5195359301146599,0.7824271531275823,61,False
paloma_humaneval,h100-d512-mixprior-99ed32f9ee7a3b89-seed0-from10pct-20260829,1.1869239807128906,0.5131705889074875,0.7696045045686257,34,False
paloma_humaneval,h100-d512-mixprior-9d15834452a55846-seed0-from10pct-20260829,1.1882719993591309,0.5009491774472036,0.7947637106705151,11,False
paloma_humaneval,h100-d512-mixprior-a1ae55056fe63498-seed0-from10pct-20260829,1.1855961084365845,0.512237979523282,0.8022606682060618,5,False
paloma_humaneval,h100-d512-mixprior-b15f19b1c4f4ddf1-seed0-from10pct-20260829,1.1873981952667236,0.517185375466278,0.8079931889949552,54,False
paloma_humaneval,h100-d512-mixprior-e8e11e24b0382924-seed0-from10pct-20260829,1.1867038011550903,0.5047276177333951,0.7928586957046801,11,False
paloma_humaneval,h100-d512-mixprior-2d02e594203d6b7c-seed0-from10pct-20260829,1.1860525608062744,0.5023314952140576,0.8096212320158526,4,False
paloma_humaneval,h100-d512-mixprior-5f6e920ed52cd6d0-seed0-from10pct-20260829,1.186991810798645,0.5080147315775428,0.8060989263185216,25,False
paloma_humaneval,h100-d512-mixprior-8d5f0aed232ce1b7-seed0-from10pct-20260829,1.1854820251464844,0.5119895250931524,0.7975599277466127,4,False
paloma_humaneval,h100-d512-mixprior-b45c8fcea03f37d8-seed0-from10pct-20260829,1.1867501735687256,0.49410215746245173,0.8171986987453679,1,False
paloma_humaneval,h100-d512-mixprior-df90e8b7f0951a11-seed0-from10pct-20260829,1.1861258745193481,0.4956779644023037,0.8317195307805704,1,False
paloma_humaneval,h100-d512-mixprior-ee3799698c71ea8f-seed0-from10pct-20260829,1.1860092878341675,0.4981026783807093,0.8281953007690454,2,False
paloma_gsm8k,h100-d512-mixprior-07e4a9dd18ba90fd-seed0-from10pct-20260829,1.25059175491333,0.5632542570966469,0.9821797146789851,579,False
paloma_gsm8k,h100-d512-mixprior-0c9b4263d0d81a50-seed0-from10pct-20260829,1.1873501539230347,0.5420434715935539,0.7891564471370399,31,False
paloma_gsm8k,h100-d512-mixprior-0cf507df51077784-seed0-from10pct-20260829,1.2120270729064941,0.5273144441568641,0.8412668310799231,476,False
paloma_gsm8k,h100-d512-mixprior-1cc91e15d5c7e2b4-seed0-from10pct-20260829,1.188361644744873,0.5560249139396127,0.7709841483169009,7,False
paloma_gsm8k,h100-d512-mixprior-2139fb1bbb28a736-seed0-from10pct-20260829,1.2221529483795166,0.6003580684633306,0.8267847656748413,441,False
paloma_gsm8k,h100-d512-mixprior-24e1e8a3940391e4-seed0-from10pct-20260829,1.215193510055542,0.5719870031844475,0.8734461112119736,521,False
paloma_gsm8k,h100-d512-mixprior-287d02f276c7764b-seed0-from10pct-20260829,1.1957859992980957,0.5291337632118399,0.7428254208696669,72,False
paloma_gsm8k,h100-d512-mixprior-3c677350cb19e8de-seed0-from10pct-20260829,1.1876803636550903,0.540979817110917,0.8178698689859059,165,False
paloma_gsm8k,h100-d512-mixprior-4876fec103d84439-seed0-from10pct-20260829,1.1862741708755493,0.5648787501677012,0.819520959870083,76,False
paloma_gsm8k,h100-d512-mixprior-54bb9b7961f34f10-seed0-from10pct-20260829,1.1868669986724854,0.5404974132809808,0.7791648288414748,9,False
paloma_gsm8k,h100-d512-mixprior-644ecf6538f09c28-seed0-from10pct-20260829,1.1995383501052856,0.5649764214065343,0.8173699378094679,365,False
paloma_gsm8k,h100-d512-mixprior-69fc416e254e2a6e-seed0-from10pct-20260829,1.1874794960021973,0.5560269057371168,0.805199859063281,109,False
paloma_gsm8k,h100-d512-mixprior-6c40cafa822eefc2-seed0-from10pct-20260829,1.1829646825790405,0.5550774514430561,0.8624002040940447,1,False
paloma_gsm8k,h100-d512-mixprior-76caf97062d1705b-seed0-from10pct-20260829,1.2424393892288208,0.6456114580978312,1.0085325477944653,574,False
paloma_gsm8k,h100-d512-mixprior-7b1ad7e4ae77a16b-seed0-from10pct-20260829,1.1876338720321655,0.5469013327114545,0.8100525519859133,135,False
paloma_gsm8k,h100-d512-mixprior-8545b0cf2a88fc82-seed0-from10pct-20260829,1.1897478103637695,0.5423230480565652,0.8708344772628135,301,False
paloma_gsm8k,h100-d512-mixprior-9570b9a1addc7609-seed0-from10pct-20260829,1.2015691995620728,0.5555609347960717,0.7871323840362336,165,False
paloma_gsm8k,h100-d512-mixprior-9a67f8bf4c811bdf-seed0-from10pct-20260829,1.1970709562301636,0.5334904532265147,0.7599277941999377,88,False
paloma_gsm8k,h100-d512-mixprior-a61e63b32c974bff-seed0-from10pct-20260829,1.1862356662750244,0.5503959075781834,0.8056817388572836,52,False
paloma_gsm8k,h100-d512-mixprior-a8abfdc64b07f0ca-seed0-from10pct-20260829,1.1877391338348389,0.5442099558903857,0.7959983878200925,68,False
paloma_gsm8k,h100-d512-mixprior-addb78a07c22a234-seed0-from10pct-20260829,1.1891677379608154,0.562232463424901,0.8129111904683913,185,False
paloma_gsm8k,h100-d512-mixprior-afc4d729688170f9-seed0-from10pct-20260829,1.2927780151367188,0.700874765765191,1.0199511450000958,591,False
paloma_gsm8k,h100-d512-mixprior-b21cb7d90123bd74-seed0-from10pct-20260829,1.1885640621185303,0.5642735371089554,0.7852121370612251,38,False
paloma_gsm8k,h100-d512-mixprior-d247d16b43f071dc-seed0-from10pct-20260829,1.2004568576812744,0.5448617364115104,0.8628993517193684,468,False
paloma_gsm8k,h100-d512-mixprior-d2e720778d1e30c4-seed0-from10pct-20260829,1.1873478889465332,0.5462858666263978,0.7941137557633485,50,False
paloma_gsm8k,h100-d512-mixprior-d33fb4b5d3c5d890-seed0-from10pct-20260829,1.1888446807861328,0.5594107786506743,0.8144360005782799,184,False
paloma_gsm8k,h100-d512-mixprior-e4edeb1593bf4231-seed0-from10pct-20260829,1.1851445436477661,0.5578260140830013,0.8062725681194811,22,False
paloma_gsm8k,h100-d512-mixprior-f52ef26a56fb325f-seed0-from10pct-20260829,1.2066798210144043,0.4912263976896933,0.7420733125857826,78,False
paloma_gsm8k,h100-d512-mixprior-fc227dd366b4aecf-seed0-from10pct-20260829,1.2364833354949951,0.5198821058893296,0.8917075543673593,549,False
paloma_gsm8k,h100-d512-mixprior-fd01b8ff1c477518-seed0-from10pct-20260829,1.1877367496490479,0.5383901655453249,0.8096068358281961,136,False
paloma_gsm8k,h100-d512-mixprior-fd3b8a5fab2b223a-seed0-from10pct-20260829,1.2022209167480469,0.5595617432261688,0.8328629785371664,437,False
paloma_gsm8k,h100-d512-mixprior-4f9aa64918e3ebbc-seed0-from10pct-20260829,1.1851121187210083,0.5695667057097925,0.8259376293077442,30,False
paloma_gsm8k,h100-d512-mixprior-581bdbeffb597d70-seed0-from10pct-20260829,1.1858487129211426,0.5469112419917033,0.8612551457932052,65,False
paloma_gsm8k,h100-d512-mixprior-72e92d64ff271cca-seed0-from10pct-20260829,1.1940944194793701,0.589505813741476,0.8709118640767237,420,False
paloma_gsm8k,h100-d512-mixprior-8477a804615faec6-seed0-from10pct-20260829,1.1859691143035889,0.5739357662509793,0.7753899309693629,3,False
paloma_gsm8k,h100-d512-mixprior-a9ea53cee6ddb556-seed0-from10pct-20260829,1.1880574226379395,0.5364371762498149,0.8279687119284542,209,False
paloma_gsm8k,h100-d512-mixprior-aaa77e23b9d43a45-seed0-from10pct-20260829,1.2183811664581299,0.5616052530323659,0.8410061198775349,479,False
paloma_gsm8k,h100-d512-mixprior-afa5813dd8364235-seed0-from10pct-20260829,1.208211064338684,0.5729224226259813,0.8595368580624788,497,False
paloma_gsm8k,h100-d512-mixprior-c0f2c0402e2df7c1-seed0-from10pct-20260829,1.196399450302124,0.532950091484593,0.8019059512421146,253,False
paloma_gsm8k,h100-d512-mixprior-d327cbd5e7737f19-seed0-from10pct-20260829,1.1961572170257568,0.542278921067132,0.823544906968971,377,False
paloma_gsm8k,h100-d512-mixprior-33627e1885f02699-seed0-from10pct-20260829,1.219862699508667,0.5457731782942898,0.8608987022984075,508,False
paloma_gsm8k,h100-d512-mixprior-36f2c725675aa23c-seed0-from10pct-20260829,1.1866397857666016,0.5841696483512943,0.781489676264298,12,False
paloma_gsm8k,h100-d512-mixprior-41c1d397c6c0a764-seed0-from10pct-20260829,1.2284494638442993,0.5880627653280637,0.7573290383050996,92,False
paloma_gsm8k,h100-d512-mixprior-6e12571a6c4cb720-seed0-from10pct-20260829,1.2127485275268555,0.5554957519111158,0.8375761770203675,473,False
paloma_gsm8k,h100-d512-mixprior-9b463c08d3fb93ab-seed0-from10pct-20260829,1.2088733911514282,0.5696244114208652,0.8642270814928723,505,False
paloma_gsm8k,h100-d512-mixprior-a9785eb1e7d34697-seed0-from10pct-20260829,1.1836764812469482,0.5597969233948591,0.7909104051169412,4,False
paloma_gsm8k,h100-d512-mixprior-e6d0e879647f8f4f-seed0-from10pct-20260829,1.4566624164581299,0.6609140396267851,1.0446285065715692,592,False
paloma_gsm8k,h100-d512-mixprior-0a9d2b0bbf3daf66-seed0-from10pct-20260829,1.2249373197555542,0.5418071127780425,0.8584334368845261,508,False
paloma_gsm8k,h100-d512-mixprior-0ee84179b53369e3-seed0-from10pct-20260829,1.1899937391281128,0.6123810022991673,0.8772065246567093,309,False
paloma_gsm8k,h100-d512-mixprior-13019d3f55320745-seed0-from10pct-20260829,1.2105056047439575,0.5801473499669304,0.8665018293183409,508,False
paloma_gsm8k,h100-d512-mixprior-13e60514b5b53b6f-seed0-from10pct-20260829,1.2022373676300049,0.5681050734612058,0.7962605187253957,233,False
paloma_gsm8k,h100-d512-mixprior-141c450cf0507271-seed0-from10pct-20260829,1.1974384784698486,0.5650430670866096,0.8620227417184265,453,False
paloma_gsm8k,h100-d512-mixprior-1a5051b64465b554-seed0-from10pct-20260829,1.2433104515075684,0.5372858926207814,0.8903910984490373,550,False
paloma_gsm8k,h100-d512-mixprior-1a518eba7f8e2ce1-seed0-from10pct-20260829,1.1951191425323486,0.5800809727195126,0.798391867109006,224,False
paloma_gsm8k,h100-d512-mixprior-1a80fc799b1601dd-seed0-from10pct-20260829,1.2107887268066406,0.6459015085210419,0.8490942466328546,487,False
paloma_gsm8k,h100-d512-mixprior-1b63a0784aab669b-seed0-from10pct-20260829,1.2567706108093262,0.6578133847157516,0.9311434189720981,578,False
paloma_gsm8k,h100-d512-mixprior-21483711c74c1dcf-seed0-from10pct-20260829,1.1874938011169434,0.5365372644208996,0.8181519500469991,158,False
paloma_gsm8k,h100-d512-mixprior-23486f7450468dd4-seed0-from10pct-20260829,1.187528371810913,0.5497827516940624,0.810342343244672,132,False
paloma_gsm8k,h100-d512-mixprior-2a0cf2e4a2940c0e-seed0-from10pct-20260829,1.1936044692993164,0.551281870828941,0.8312953310574761,385,False
paloma_gsm8k,h100-d512-mixprior-335f8138ede56816-seed0-from10pct-20260829,1.2445836067199707,0.5382207349637174,0.9635495911444409,576,False
paloma_gsm8k,h100-d512-mixprior-37f35acba24bc712-seed0-from10pct-20260829,1.2599941492080688,0.585037574938684,0.8629327914420466,521,False
paloma_gsm8k,h100-d512-mixprior-3c277c03d5ff1641-seed0-from10pct-20260829,1.1870962381362915,0.5587865476256211,0.8012451243815087,65,False
paloma_gsm8k,h100-d512-mixprior-3f369589d7c9e61d-seed0-from10pct-20260829,1.1937614679336548,0.5960231301007758,0.9450550768752783,425,False
paloma_gsm8k,h100-d512-mixprior-45589c05695d24b0-seed0-from10pct-20260829,1.2016019821166992,0.5634459607755864,0.7126212637602248,16,False
paloma_gsm8k,h100-d512-mixprior-47ea8a75dd61e300-seed0-from10pct-20260829,1.2304339408874512,0.5169355311371431,0.7673934612481752,103,False
paloma_gsm8k,h100-d512-mixprior-4929d2cd9729ae19-seed0-from10pct-20260829,1.2202959060668945,0.5785492884623171,0.9100613116861598,553,False
paloma_gsm8k,h100-d512-mixprior-4c4d15f30dfd25c6-seed0-from10pct-20260829,1.2131121158599854,0.6098250789265977,0.8081573145772019,337,False
paloma_gsm8k,h100-d512-mixprior-4c837661dc3215e0-seed0-from10pct-20260829,1.2007935047149658,0.5316567214873937,0.89572969081272,489,False
paloma_gsm8k,h100-d512-mixprior-5724863c1bffb78f-seed0-from10pct-20260829,1.2002522945404053,0.5413901496110737,0.9136910285629808,490,False
paloma_gsm8k,h100-d512-mixprior-594bc8263f59d85a-seed0-from10pct-20260829,1.2522025108337402,0.6025707471689754,0.9529475143868724,577,False
paloma_gsm8k,h100-d512-mixprior-5b8551bc416666b0-seed0-from10pct-20260829,1.1862388849258423,0.5435669508997646,0.8142519101585162,70,False
paloma_gsm8k,h100-d512-mixprior-5be83cabcb42b9cc-seed0-from10pct-20260829,1.1913816928863525,0.5840482430277985,0.7732243419285482,68,False
paloma_gsm8k,h100-d512-mixprior-677ede520a446348-seed0-from10pct-20260829,1.2045812606811523,0.6105501002619315,0.7396293716426554,76,False
paloma_gsm8k,h100-d512-mixprior-69bd43f3a2239659-seed0-from10pct-20260829,1.2051141262054443,0.5912788065064006,0.9017359685386798,518,False
paloma_gsm8k,h100-d512-mixprior-6a3a310e5b81ff13-seed0-from10pct-20260829,1.199774980545044,0.5188945789575962,0.8883729157443446,483,False
paloma_gsm8k,h100-d512-mixprior-6b361a4dac398960-seed0-from10pct-20260829,1.1886616945266724,0.5481694816007772,0.8182358508204197,202,False
paloma_gsm8k,h100-d512-mixprior-6ba35130af6fc176-seed0-from10pct-20260829,1.1960258483886719,0.605060331703886,0.7981722508508634,230,False
paloma_gsm8k,h100-d512-mixprior-6d449b840a4ebddf-seed0-from10pct-20260829,1.1882622241973877,0.5478457903870675,0.7322895172343002,0,True
paloma_gsm8k,h100-d512-mixprior-6d9ada21dd91bc53-seed0-from10pct-20260829,1.1921147108078003,0.5564512514250115,0.7303197832797387,47,False
paloma_gsm8k,h100-d512-mixprior-746316ea93988941-seed0-from10pct-20260829,1.2091387510299683,0.5801459124660752,0.8513335681196305,488,False
paloma_gsm8k,h100-d512-mixprior-75c70f4afa83464f-seed0-from10pct-20260829,1.1967849731445312,0.5713097130039786,0.8842477065464437,463,False
paloma_gsm8k,h100-d512-mixprior-79d5e1f2dc9b0e9e-seed0-from10pct-20260829,1.2035624980926514,0.5624079204486194,0.898670229267889,502,False
paloma_gsm8k,h100-d512-mixprior-7b1b543996ec2dd0-seed0-from10pct-20260829,1.2003403902053833,0.5421243592743659,0.8956466926257948,487,False
paloma_gsm8k,h100-d512-mixprior-7edc0b6652e997af-seed0-from10pct-20260829,1.2061206102371216,0.5721884995434111,0.7167329155210467,27,False
paloma_gsm8k,h100-d512-mixprior-802909d3ba5a7a05-seed0-from10pct-20260829,1.1901342868804932,0.5400782929612058,0.824710030264557,263,False
paloma_gsm8k,h100-d512-mixprior-820ba7e0b2aae1da-seed0-from10pct-20260829,1.1861741542816162,0.5361723765145938,0.7926372988881311,20,False
paloma_gsm8k,h100-d512-mixprior-85cd6a9b15f543f5-seed0-from10pct-20260829,1.2537429332733154,0.5380034456706945,0.9051316410718803,566,False
paloma_gsm8k,h100-d512-mixprior-8c8563930c7330da-seed0-from10pct-20260829,1.208486795425415,0.5713397201060721,0.7899741475929406,190,False
paloma_gsm8k,h100-d512-mixprior-93ecc93549747763-seed0-from10pct-20260829,1.210953712463379,0.6369756218387801,0.888240633334501,528,False
paloma_gsm8k,h100-d512-mixprior-999ca81314d9aad4-seed0-from10pct-20260829,1.1874028444290161,0.5534439817726017,0.8078923588684893,116,False
paloma_gsm8k,h100-d512-mixprior-a019f8428001fd06-seed0-from10pct-20260829,1.214504361152649,0.5495097721418405,0.9578658273059683,553,False
paloma_gsm8k,h100-d512-mixprior-a123fb2e07edd770-seed0-from10pct-20260829,1.2520771026611328,0.5222835973180564,0.7741026515234976,121,False
paloma_gsm8k,h100-d512-mixprior-a347a21f183f77ec-seed0-from10pct-20260829,1.2864489555358887,0.6393923332436033,0.9442492161708068,581,False
paloma_gsm8k,h100-d512-mixprior-a711b399e2644b43-seed0-from10pct-20260829,1.214045524597168,0.6284701126802699,0.8929816718759368,538,False
paloma_gsm8k,h100-d512-mixprior-aa7f5099237ab215-seed0-from10pct-20260829,1.2225589752197266,0.6061881638705015,0.8841449263897302,536,False
paloma_gsm8k,h100-d512-mixprior-aea5507b2faf6cc0-seed0-from10pct-20260829,1.2565276622772217,0.5383480752482988,0.886520884138742,547,False
paloma_gsm8k,h100-d512-mixprior-b6c09da7647228fd-seed0-from10pct-20260829,1.198580265045166,0.6107262176920474,0.8903991417137234,478,False
paloma_gsm8k,h100-d512-mixprior-b95075f40a26326c-seed0-from10pct-20260829,1.1983760595321655,0.6226117087554126,0.9011253617106167,479,False
paloma_gsm8k,h100-d512-mixprior-bc55739f36618d49-seed0-from10pct-20260829,1.2111220359802246,0.5522448814820076,0.8627506628764378,506,False
paloma_gsm8k,h100-d512-mixprior-be7861749b7148ab-seed0-from10pct-20260829,1.1896377801895142,0.6021069462714502,0.8007527760927383,125,False
paloma_gsm8k,h100-d512-mixprior-c18a69630b160de2-seed0-from10pct-20260829,1.2053642272949219,0.5174008705690976,0.8731538928891827,499,False
paloma_gsm8k,h100-d512-mixprior-c750928622501c61-seed0-from10pct-20260829,1.2433054447174072,0.5360850339728319,0.9061351054495419,564,False
paloma_gsm8k,h100-d512-mixprior-c85e2545e398782b-seed0-from10pct-20260829,1.2149617671966553,0.5623876807073669,0.9002171543887708,543,False
paloma_gsm8k,h100-d512-mixprior-ce01aea8f221620d-seed0-from10pct-20260829,1.1974740028381348,0.5948646000960358,0.8453222113399963,438,False
paloma_gsm8k,h100-d512-mixprior-cf4932c50025f78f-seed0-from10pct-20260829,1.19926118850708,0.5924764631290889,0.8487314636878034,450,False
paloma_gsm8k,h100-d512-mixprior-d028e4309583a786-seed0-from10pct-20260829,1.1882312297821045,0.534073642459046,0.7909038931437509,45,False
paloma_gsm8k,h100-d512-mixprior-d4e205c4928423fb-seed0-from10pct-20260829,1.1887798309326172,0.5648713036020317,0.82778291451528,233,False
paloma_gsm8k,h100-d512-mixprior-d964ba6acc589feb-seed0-from10pct-20260829,1.2245213985443115,0.681068953576884,0.9545559470032586,562,False
paloma_gsm8k,h100-d512-mixprior-da4e765d63fe2fdc-seed0-from10pct-20260829,1.1927590370178223,0.634659223266447,0.8735565134065223,402,False
paloma_gsm8k,h100-d512-mixprior-db6b914b3853f093-seed0-from10pct-20260829,1.2923007011413574,0.6249836728318928,1.0126464500816987,590,False
paloma_gsm8k,h100-d512-mixprior-e67649e32bf5ebe5-seed0-from10pct-20260829,1.1958107948303223,0.6162706864145044,0.8776724673419739,448,False
paloma_gsm8k,h100-d512-mixprior-e7810a258aacd4e5-seed0-from10pct-20260829,1.2050564289093018,0.5407748870168249,0.8343273158248627,459,False
paloma_gsm8k,h100-d512-mixprior-ea6a0d2f2aaea13c-seed0-from10pct-20260829,1.2003555297851562,0.5454912984735452,0.9178402331863345,492,False
paloma_gsm8k,h100-d512-mixprior-f1c1ed44640b7b92-seed0-from10pct-20260829,1.268191933631897,0.5537734814862045,0.8519620456663732,504,False
paloma_gsm8k,h100-d512-mixprior-fac35357f8815bab-seed0-from10pct-20260829,1.1901781558990479,0.5792957314115552,0.8804451483510102,319,False
paloma_gsm8k,h100-d512-mixprior-02d7e4261304488f-seed0-from10pct-20260829,1.2019743919372559,0.5699926408774492,0.8956483418045184,493,False
paloma_gsm8k,h100-d512-mixprior-069e3529f9da5eae-seed0-from10pct-20260829,1.2386378049850464,0.5795802546680371,0.8885891458090016,547,False
paloma_gsm8k,h100-d512-mixprior-09b08408bc10bac1-seed0-from10pct-20260829,1.189981460571289,0.5490642878207361,0.8232337638328345,253,False
paloma_gsm8k,h100-d512-mixprior-0a1eb11215ebf1d9-seed0-from10pct-20260829,1.1944286823272705,0.5824459899227575,0.8865191125174556,436,False
paloma_gsm8k,h100-d512-mixprior-0d5bf72ba9c34aca-seed0-from10pct-20260829,1.238869071006775,0.5612484779421496,0.8192182619878892,411,False
paloma_gsm8k,h100-d512-mixprior-0efa8adf369bd3f6-seed0-from10pct-20260829,1.199636697769165,0.6202346122126605,0.8517185124130511,455,False
paloma_gsm8k,h100-d512-mixprior-0f6f49441a783695-seed0-from10pct-20260829,1.1850097179412842,0.5416304764176936,0.7955495231655707,14,False
paloma_gsm8k,h100-d512-mixprior-1166a91e4999b611-seed0-from10pct-20260829,1.2464179992675781,0.5972124725936182,0.9192117824001941,574,False
paloma_gsm8k,h100-d512-mixprior-1f5080a873321eed-seed0-from10pct-20260829,1.1870238780975342,0.5319562148946111,0.8250446570854528,131,False
paloma_gsm8k,h100-d512-mixprior-2452ca7449eabe33-seed0-from10pct-20260829,1.226304054260254,0.5307520514543113,0.8677459097594875,521,False
paloma_gsm8k,h100-d512-mixprior-2b67a00f1a8c02e8-seed0-from10pct-20260829,1.202327847480774,0.568087453471281,0.8558802063187817,467,False
paloma_gsm8k,h100-d512-mixprior-2c9276d95ce66c4a-seed0-from10pct-20260829,1.1875395774841309,0.5420930669351436,0.8305332164540071,190,False
paloma_gsm8k,h100-d512-mixprior-2d352a161240dd1a-seed0-from10pct-20260829,1.2026433944702148,0.5250320645664553,0.9082400707794094,501,False
paloma_gsm8k,h100-d512-mixprior-345b89e2db132d33-seed0-from10pct-20260829,1.2003955841064453,0.5670905418365084,0.9165144317959723,492,False
paloma_gsm8k,h100-d512-mixprior-36aa314d90852d37-seed0-from10pct-20260829,1.211148977279663,0.5822438563948045,0.888949478109612,531,False
paloma_gsm8k,h100-d512-mixprior-4235c0156b1031dc-seed0-from10pct-20260829,1.1901159286499023,0.5293307441752763,0.7918126084168843,88,False
paloma_gsm8k,h100-d512-mixprior-4477041d9b53957f-seed0-from10pct-20260829,1.4038548469543457,0.857669297811122,1.1083208753934426,592,False
paloma_gsm8k,h100-d512-mixprior-5393f377902b6a03-seed0-from10pct-20260829,1.2076117992401123,0.5447417856393008,0.8800017322204838,513,False
paloma_gsm8k,h100-d512-mixprior-56da79c0296d6caf-seed0-from10pct-20260829,1.19102144241333,0.5349201010495128,0.8825103385136102,363,False
paloma_gsm8k,h100-d512-mixprior-57dbf5f0d4b905de-seed0-from10pct-20260829,1.1932287216186523,0.5718181742922303,0.7850310358023372,126,False
paloma_gsm8k,h100-d512-mixprior-640bc9ec8f8b1fbf-seed0-from10pct-20260829,1.1883516311645508,0.5373005347202162,0.734494127046837,2,False
paloma_gsm8k,h100-d512-mixprior-6863c557d2d04298-seed0-from10pct-20260829,1.2056336402893066,0.5608734052905958,0.8453744079579627,474,False
paloma_gsm8k,h100-d512-mixprior-6e74ed85dd3be4bd-seed0-from10pct-20260829,1.1875202655792236,0.542987006206159,0.793072539491824,50,False
paloma_gsm8k,h100-d512-mixprior-844026b35cf13b21-seed0-from10pct-20260829,1.187009572982788,0.5584732740175407,0.7718794096111232,4,False
paloma_gsm8k,h100-d512-mixprior-875913f308c37210-seed0-from10pct-20260829,1.246004343032837,0.5908095289591749,0.8925835479233728,554,False
paloma_gsm8k,h100-d512-mixprior-8787ef6e5831db5e-seed0-from10pct-20260829,1.2221801280975342,0.5669608450353074,0.7883067730707878,182,False
paloma_gsm8k,h100-d512-mixprior-87a539c488350371-seed0-from10pct-20260829,1.1895220279693604,0.5574862854561149,0.7947814959961976,93,False
paloma_gsm8k,h100-d512-mixprior-8c18711b506ae3fd-seed0-from10pct-20260829,1.1915538311004639,0.5597626077983412,0.8146601006062497,282,False
paloma_gsm8k,h100-d512-mixprior-91f99dd358ceaecc-seed0-from10pct-20260829,1.188392162322998,0.5307138511247491,0.7877906578414174,40,False
paloma_gsm8k,h100-d512-mixprior-99e0332bee9e15d6-seed0-from10pct-20260829,1.1942527294158936,0.5341108862813319,0.8117376006528323,299,False
paloma_gsm8k,h100-d512-mixprior-a3832a83d0c085d7-seed0-from10pct-20260829,1.184715986251831,0.5745082460397365,0.8233903104032559,17,False
paloma_gsm8k,h100-d512-mixprior-aa404c214196bbdc-seed0-from10pct-20260829,1.4650200605392456,0.6316478514279464,0.8809910186063548,543,False
paloma_gsm8k,h100-d512-mixprior-b0eadc88573196e1-seed0-from10pct-20260829,1.1897287368774414,0.5347632881210034,0.8514895572274569,291,False
paloma_gsm8k,h100-d512-mixprior-bb15ba3b039c811f-seed0-from10pct-20260829,1.1952106952667236,0.5906540268962126,0.8322215797909452,405,False
paloma_gsm8k,h100-d512-mixprior-c7adaa0855a19abc-seed0-from10pct-20260829,1.1877564191818237,0.5623097507672158,0.8225428179112364,185,False
paloma_gsm8k,h100-d512-mixprior-c8ae98a4795d8070-seed0-from10pct-20260829,1.1888532638549805,0.5600290357386897,0.8119569403663061,173,False
paloma_gsm8k,h100-d512-mixprior-ccfce9549b754fe9-seed0-from10pct-20260829,1.7896251678466797,1.2680075116795424,2.2882799831173664,596,False
paloma_gsm8k,h100-d512-mixprior-d7e7df52a91f7859-seed0-from10pct-20260829,1.194580316543579,0.616292102711394,0.7863752330771072,143,False
paloma_gsm8k,h100-d512-mixprior-d9feb7e36aa5485a-seed0-from10pct-20260829,1.2377097606658936,0.5355233448177232,0.875337982956494,532,False
paloma_gsm8k,h100-d512-mixprior-dd7d0d63baae9fed-seed0-from10pct-20260829,1.228040337562561,0.5283567229738875,0.8941199614673747,548,False
paloma_gsm8k,h100-d512-mixprior-e22b9471932a44ff-seed0-from10pct-20260829,1.1954567432403564,0.5872974603174662,0.8528089640800377,429,False
paloma_gsm8k,h100-d512-mixprior-e39cb6b882e121cd-seed0-from10pct-20260829,1.1833481788635254,0.5735868930093432,0.7852256219011912,1,False
paloma_gsm8k,h100-d512-mixprior-e3f194f5882e2619-seed0-from10pct-20260829,1.1934796571731567,0.5754558369521916,0.7547873417678216,69,False
paloma_gsm8k,h100-d512-mixprior-e45191f5acf9bcb9-seed0-from10pct-20260829,1.1857001781463623,0.5730305583242126,0.8036856798798618,29,False
paloma_gsm8k,h100-d512-mixprior-f5931b21e4213e2c-seed0-from10pct-20260829,1.4346612691879272,0.6685121647793262,1.357579124257479,593,False
paloma_gsm8k,h100-d512-mixprior-f6fe3fcdcc2c4662-seed0-from10pct-20260829,1.1874910593032837,0.5459624802236296,0.8084540072538347,126,False
paloma_gsm8k,h100-d512-mixprior-fbf572f839d16bf8-seed0-from10pct-20260829,1.2200963497161865,0.585893786825281,0.8748288001542653,525,False
paloma_gsm8k,h100-d512-mixprior-fcc1684c46a09c74-seed0-from10pct-20260829,1.1904420852661133,0.5611518592950457,0.8284987011092949,290,False
paloma_gsm8k,h100-d512-mixprior-0553844b2f315524-seed0-from10pct-20260829,1.1928954124450684,0.5269599289330286,0.7103841210231341,8,False
paloma_gsm8k,h100-d512-mixprior-05afaff63f3039cf-seed0-from10pct-20260829,1.1938145160675049,0.5171497936304008,0.7445257648354195,63,False
paloma_gsm8k,h100-d512-mixprior-082e965cea6c0f4f-seed0-from10pct-20260829,1.194471001625061,0.5438919059259334,0.7504111518850679,72,False
paloma_gsm8k,h100-d512-mixprior-0ac5153108adeda0-seed0-from10pct-20260829,1.1880706548690796,0.5439987937112366,0.8268004782519668,205,False
paloma_gsm8k,h100-d512-mixprior-0d2a6d6eff335c86-seed0-from10pct-20260829,1.191042184829712,0.5209422850906474,0.7802952792104215,75,False
paloma_gsm8k,h100-d512-mixprior-10795ba658da50f4-seed0-from10pct-20260829,1.1945030689239502,0.5227380866256142,0.7374946726228097,64,False
paloma_gsm8k,h100-d512-mixprior-14fc700aaf496db5-seed0-from10pct-20260829,1.1911556720733643,0.5319454182005541,0.7244834595554427,29,False
paloma_gsm8k,h100-d512-mixprior-1c28ccf162fc48e0-seed0-from10pct-20260829,1.1916441917419434,0.5517799214089505,0.7167048814256036,21,False
paloma_gsm8k,h100-d512-mixprior-210a3fb337ffcf71-seed0-from10pct-20260829,1.197699785232544,0.5838585393164243,0.8905356662480316,474,False
paloma_gsm8k,h100-d512-mixprior-229f654442189f5b-seed0-from10pct-20260829,1.2628495693206787,0.5839964937631626,0.9489653433519257,581,False
paloma_gsm8k,h100-d512-mixprior-2720d2d0a3450e73-seed0-from10pct-20260829,1.1956210136413574,0.5222550675615252,0.7030293625439171,1,False
paloma_gsm8k,h100-d512-mixprior-2e640867c4db6a14-seed0-from10pct-20260829,1.1976478099822998,0.5486372325745185,0.7313892984893904,62,False
paloma_gsm8k,h100-d512-mixprior-2e685ad54efbcdb8-seed0-from10pct-20260829,1.1942636966705322,0.5403911608933962,0.7971209633987483,207,False
paloma_gsm8k,h100-d512-mixprior-338fd3e16a53916c-seed0-from10pct-20260829,1.1940975189208984,0.5196854107396022,0.7872620478033328,140,False
paloma_gsm8k,h100-d512-mixprior-35162aa6e772c8b2-seed0-from10pct-20260829,1.1897212266921997,0.5291519095201769,0.7747668069305735,24,False
paloma_gsm8k,h100-d512-mixprior-3fb3c4f577d43fe8-seed0-from10pct-20260829,1.1879632472991943,0.5354320336715553,0.7943090383869678,63,False
paloma_gsm8k,h100-d512-mixprior-435043dab334ff11-seed0-from10pct-20260829,1.1870453357696533,0.5349973199605463,0.8014238351310586,64,False
paloma_gsm8k,h100-d512-mixprior-59113e7d55221188-seed0-from10pct-20260829,1.192969560623169,0.5271780730286147,0.7758488099352456,91,False
paloma_gsm8k,h100-d512-mixprior-62d207415f290c1a-seed0-from10pct-20260829,1.2398371696472168,0.6130159203673053,0.9121986511469276,566,False
paloma_gsm8k,h100-d512-mixprior-6c72edc7eb3e9ae9-seed0-from10pct-20260829,1.2020832300186157,0.6090353654008552,0.9147452619680072,499,False
paloma_gsm8k,h100-d512-mixprior-78ec150499bfd59e-seed0-from10pct-20260829,1.1911039352416992,0.5338466553796084,0.757782209642488,45,False
paloma_gsm8k,h100-d512-mixprior-79d8462c1071710e-seed0-from10pct-20260829,1.1939464807510376,0.5360073658348358,0.7290478509175268,50,False
paloma_gsm8k,h100-d512-mixprior-79dcb036268b818a-seed0-from10pct-20260829,1.1929683685302734,0.5531369338496935,0.7882858533240757,134,False
paloma_gsm8k,h100-d512-mixprior-7c5491522eb5a546-seed0-from10pct-20260829,1.1966623067855835,0.5189952275635763,0.7259821615271125,48,False
paloma_gsm8k,h100-d512-mixprior-8c57c44ad6977a50-seed0-from10pct-20260829,1.2068098783493042,0.5712868390645764,0.8024995718716854,289,False
paloma_gsm8k,h100-d512-mixprior-9773fd06b1c5f006-seed0-from10pct-20260829,1.1954822540283203,0.5127601909938879,0.7145972813500514,20,False
paloma_gsm8k,h100-d512-mixprior-9a572e81a5ee3b2c-seed0-from10pct-20260829,1.1872795820236206,0.5413436162129983,0.8522370949972454,179,False
paloma_gsm8k,h100-d512-mixprior-9b979784016e69f4-seed0-from10pct-20260829,1.1923859119415283,0.5657645559783075,0.7422822304033907,58,False
paloma_gsm8k,h100-d512-mixprior-a0e487d31afaad89-seed0-from10pct-20260829,1.195712685585022,0.5319407594943919,0.7256887458551033,46,False
paloma_gsm8k,h100-d512-mixprior-a6e8bed89f313323-seed0-from10pct-20260829,1.1978046894073486,0.5461453112197868,0.7339809429298809,67,False
paloma_gsm8k,h100-d512-mixprior-a9e8a563c81f2c00-seed0-from10pct-20260829,1.208351969718933,0.5752141479224995,0.7983821204426786,259,False
paloma_gsm8k,h100-d512-mixprior-aca7156440e23631-seed0-from10pct-20260829,1.1872169971466064,0.5481178085808375,0.7954288894610959,50,False
paloma_gsm8k,h100-d512-mixprior-b75429a62e62e0a9-seed0-from10pct-20260829,1.1859827041625977,0.5344424899074207,0.8012010618356836,26,False
paloma_gsm8k,h100-d512-mixprior-bc051d3b5158e13b-seed0-from10pct-20260829,1.1861778497695923,0.5352357179655053,0.8176109672293937,70,False
paloma_gsm8k,h100-d512-mixprior-bcb87404d37f1ed4-seed0-from10pct-20260829,1.190359115600586,0.5375166029963765,0.787185928162917,74,False
paloma_gsm8k,h100-d512-mixprior-d3313d35561e0104-seed0-from10pct-20260829,1.206225037574768,0.5779975104712075,0.7681571746249406,101,False
paloma_gsm8k,h100-d512-mixprior-da3869e92cfed3e2-seed0-from10pct-20260829,1.1929306983947754,0.5403929297330701,0.755505096725558,66,False
paloma_gsm8k,h100-d512-mixprior-dd99167fb9dfc0fb-seed0-from10pct-20260829,1.1942888498306274,0.5235289740599788,0.7281786015341025,49,False
paloma_gsm8k,h100-d512-mixprior-df861bf630231bd2-seed0-from10pct-20260829,1.1963627338409424,0.48512468585016116,0.7753421124143289,110,False
paloma_gsm8k,h100-d512-mixprior-e4903bf744cfaf0f-seed0-from10pct-20260829,1.1954292058944702,0.5163808138956747,0.7203729288115747,31,False
paloma_gsm8k,h100-d512-mixprior-eaa80514ede0d82a-seed0-from10pct-20260829,1.1942095756530762,0.5282844955943925,0.7672655342260898,79,False
paloma_gsm8k,h100-d512-mixprior-eba9ad8f4ce1a5c4-seed0-from10pct-20260829,1.1901501417160034,0.5154185083061283,0.7280430378118959,12,False
paloma_gsm8k,h100-d512-mixprior-ebd6f40d955c87e1-seed0-from10pct-20260829,1.1931333541870117,0.5219807437165737,0.707932244684317,3,False
paloma_gsm8k,h100-d512-mixprior-f3cd248ecb1913f3-seed0-from10pct-20260829,1.1930943727493286,0.5227187509476413,0.7272702522127449,43,False
paloma_gsm8k,h100-d512-mixprior-f74bee0193e92cdc-seed0-from10pct-20260829,1.2137329578399658,0.5938490789414236,0.8110289159378175,356,False
paloma_gsm8k,h100-d512-mixprior-fbb520da8e55242a-seed0-from10pct-20260829,1.186112880706787,0.5441775621610413,0.8060474448156701,47,False
paloma_gsm8k,h100-d512-mixprior-fd1e0006e6c035c4-seed0-from10pct-20260829,1.1912695169448853,0.5501636632086342,0.7248557913722733,33,False
paloma_gsm8k,h100-d512-mixprior-09975a72097cc7fa-seed0-from10pct-20260829,1.1932737827301025,0.533309692196198,0.7203084709163062,30,False
paloma_gsm8k,h100-d512-mixprior-0bf0278d285e79e4-seed0-from10pct-20260829,1.1903328895568848,0.5190067447410112,0.7140943769032191,5,False
paloma_gsm8k,h100-d512-mixprior-0c15d06e8063d3dd-seed0-from10pct-20260829,1.2039716243743896,0.5198407839873078,0.8205371136919284,395,False
paloma_gsm8k,h100-d512-mixprior-0d833543e7e6c72a-seed0-from10pct-20260829,1.1920082569122314,0.5195161464324403,0.7463163244972904,57,False
paloma_gsm8k,h100-d512-mixprior-0dbee2f7fb65d440-seed0-from10pct-20260829,1.1891875267028809,0.5296960312288816,0.712281385166832,0,True
paloma_gsm8k,h100-d512-mixprior-133392ebbce1cb5e-seed0-from10pct-20260829,1.1909282207489014,0.5112718894134788,0.7359982993892473,37,False
paloma_gsm8k,h100-d512-mixprior-17d6f84b966dfd9e-seed0-from10pct-20260829,1.2034685611724854,0.5136001181215836,0.8186910499173227,382,False
paloma_gsm8k,h100-d512-mixprior-28ee5719a759aa6a-seed0-from10pct-20260829,1.2054708003997803,0.5241544158273261,0.8101762113846884,339,False
paloma_gsm8k,h100-d512-mixprior-34c3ab956c91a9fe-seed0-from10pct-20260829,1.2029719352722168,0.521554148385972,0.7971252255171031,240,False
paloma_gsm8k,h100-d512-mixprior-4796bf1a8edaa048-seed0-from10pct-20260829,1.201684594154358,0.5179412423714681,0.7816782930307365,145,False
paloma_gsm8k,h100-d512-mixprior-56db3c816d2dcfaa-seed0-from10pct-20260829,1.2049633264541626,0.5251252633512202,0.8112435169281902,346,False
paloma_gsm8k,h100-d512-mixprior-64dc46d0bcb64c99-seed0-from10pct-20260829,1.206604242324829,0.5305868925980933,0.7920815264541352,203,False
paloma_gsm8k,h100-d512-mixprior-70a032f42e062281-seed0-from10pct-20260829,1.1906720399856567,0.5214556279268682,0.7387724664261216,35,False
paloma_gsm8k,h100-d512-mixprior-74c234cb3fd3874e-seed0-from10pct-20260829,1.1907607316970825,0.5075666480483392,0.7489743312285537,36,False
paloma_gsm8k,h100-d512-mixprior-74e1717ff57bbd5b-seed0-from10pct-20260829,1.205207347869873,0.5279672106578666,0.8192909935782864,397,False
paloma_gsm8k,h100-d512-mixprior-9180fb50c1677454-seed0-from10pct-20260829,1.2033230066299438,0.5254366028788119,0.8035244062456858,285,False
paloma_gsm8k,h100-d512-mixprior-91ed0f670e0373d5-seed0-from10pct-20260829,1.205106258392334,0.519351135572616,0.814636540345957,371,False
paloma_gsm8k,h100-d512-mixprior-9bd2696821360007-seed0-from10pct-20260829,1.204582691192627,0.5263249901970509,0.7990923656410667,260,False
paloma_gsm8k,h100-d512-mixprior-b67964eae7551dd7-seed0-from10pct-20260829,1.2039248943328857,0.5240529795727299,0.7867208531724378,165,False
paloma_gsm8k,h100-d512-mixprior-b8c634fa591db7ca-seed0-from10pct-20260829,1.204474925994873,0.5200037427261993,0.798463933060901,254,False
paloma_gsm8k,h100-d512-mixprior-c43a76ee7499fc4d-seed0-from10pct-20260829,1.2058762311935425,0.5249637708240219,0.7869663771504207,168,False
paloma_gsm8k,h100-d512-mixprior-cbb5a07c918bb6db-seed0-from10pct-20260829,1.204896330833435,0.5050708406878335,0.7985159082129544,256,False
paloma_gsm8k,h100-d512-mixprior-d2e05e718308cb4a-seed0-from10pct-20260829,1.2038832902908325,0.5190410578679363,0.8138833684674176,356,False
paloma_gsm8k,h100-d512-mixprior-d672e3933a6613a2-seed0-from10pct-20260829,1.19174063205719,0.5271272220121319,0.7193496375835994,27,False
paloma_gsm8k,h100-d512-mixprior-f0d6463d4cebcf13-seed0-from10pct-20260829,1.2046756744384766,0.5128362145918174,0.8068661038638839,317,False
paloma_gsm8k,h100-d512-mixprior-f4ae860fc310b301-seed0-from10pct-20260829,1.1897783279418945,0.5169535105154847,0.7326150915226174,8,False
paloma_gsm8k,h100-d512-mixprior-0f8ab1ad6f5720d8-seed0-from10pct-20260829,1.1903047561645508,0.5156505960727956,0.7375222637341003,19,False
paloma_gsm8k,h100-d512-mixprior-1a4e947ecf6d16c0-seed0-from10pct-20260829,1.191338300704956,0.5249053642040091,0.7099622518036225,5,False
paloma_gsm8k,h100-d512-mixprior-1bf78e5c97ec351f-seed0-from10pct-20260829,1.1909735202789307,0.521118942701202,0.7263904253284453,28,False
paloma_gsm8k,h100-d512-mixprior-2458b832ddc1a897-seed0-from10pct-20260829,1.1905158758163452,0.5252327830088428,0.7210840352373621,15,False
paloma_gsm8k,h100-d512-mixprior-251339b3ff104c74-seed0-from10pct-20260829,1.1896693706512451,0.5098614253052305,0.7151264134842864,4,False
paloma_gsm8k,h100-d512-mixprior-2b21399fe748ca4a-seed0-from10pct-20260829,1.1906349658966064,0.5241989392831652,0.7209688658914336,17,False
paloma_gsm8k,h100-d512-mixprior-3b0f08ccb72e2327-seed0-from10pct-20260829,1.191236972808838,0.5276530894271886,0.7268210255535534,33,False
paloma_gsm8k,h100-d512-mixprior-3d214c809d68084c-seed0-from10pct-20260829,1.203291416168213,0.5308092776156508,0.8008327948265932,263,False
paloma_gsm8k,h100-d512-mixprior-456a60ec0914df1b-seed0-from10pct-20260829,1.1898233890533447,0.5434637630688636,0.7170237457830665,5,False
paloma_gsm8k,h100-d512-mixprior-61beca394d4923b9-seed0-from10pct-20260829,1.2040461301803589,0.5138481561138926,0.7926240154809723,201,False
paloma_gsm8k,h100-d512-mixprior-627e9d2454efe8b0-seed0-from10pct-20260829,1.190345287322998,0.5339217438734797,0.7235856051557226,13,False
paloma_gsm8k,h100-d512-mixprior-6869d1034f3e3798-seed0-from10pct-20260829,1.1905534267425537,0.5221592976682848,0.7239430797822222,20,False
paloma_gsm8k,h100-d512-mixprior-68c203ef6e628303-seed0-from10pct-20260829,1.1905931234359741,0.5160777530106027,0.7180117667508248,14,False
paloma_gsm8k,h100-d512-mixprior-69f49cea9f4ce5c3-seed0-from10pct-20260829,1.1912404298782349,0.5231340175328772,0.717741748156268,20,False
paloma_gsm8k,h100-d512-mixprior-6e38c829805f0565-seed0-from10pct-20260829,1.1909706592559814,0.5234884134493287,0.7136595384021531,9,False
paloma_gsm8k,h100-d512-mixprior-76913c74622da36b-seed0-from10pct-20260829,1.1908671855926514,0.5171714488309203,0.7023648905898374,0,True
paloma_gsm8k,h100-d512-mixprior-76d150d73e9ddd97-seed0-from10pct-20260829,1.190415620803833,0.5155235303120193,0.709732519558477,1,False
paloma_gsm8k,h100-d512-mixprior-79ffb24e136b86e0-seed0-from10pct-20260829,1.1905386447906494,0.5189611582833513,0.7272241368908654,20,False
paloma_gsm8k,h100-d512-mixprior-7b4244b3ffa89286-seed0-from10pct-20260829,1.190048336982727,0.5274494509737176,0.7317802430228318,10,False
paloma_gsm8k,h100-d512-mixprior-8165d589b06b36cc-seed0-from10pct-20260829,1.189375400543213,0.5175090961790577,0.7149765273922776,3,False
paloma_gsm8k,h100-d512-mixprior-88051d55e6072420-seed0-from10pct-20260829,1.1904454231262207,0.5163418104234354,0.7081012841316897,1,False
paloma_gsm8k,h100-d512-mixprior-97f431ef779ca9ff-seed0-from10pct-20260829,1.1911922693252563,0.5208099831052164,0.7245629413106153,30,False
paloma_gsm8k,h100-d512-mixprior-a300d4c4b5ffb114-seed0-from10pct-20260829,1.190310001373291,0.503651761604767,0.7204623681716604,10,False
paloma_gsm8k,h100-d512-mixprior-afbe0619750ff7ea-seed0-from10pct-20260829,1.1910390853881836,0.5257707202546049,0.7109892720603238,5,False
paloma_gsm8k,h100-d512-mixprior-b552ca938de4c985-seed0-from10pct-20260829,1.1900862455368042,0.5222031735506854,0.7239269149901181,10,False
paloma_gsm8k,h100-d512-mixprior-bdbe23ef1374113c-seed0-from10pct-20260829,1.1905186176300049,0.5205436823138582,0.7172159222299468,13,False
paloma_gsm8k,h100-d512-mixprior-c1ee385a1f396714-seed0-from10pct-20260829,1.1893680095672607,0.5190139502137093,0.7133605180536539,2,False
paloma_gsm8k,h100-d512-mixprior-c504e775dff267e8-seed0-from10pct-20260829,1.2037568092346191,0.5213752596855499,0.8315067131903516,440,False
paloma_gsm8k,h100-d512-mixprior-c65b096589c54574-seed0-from10pct-20260829,1.1909149885177612,0.5217658642842875,0.714328596562952,11,False
paloma_gsm8k,h100-d512-mixprior-d1b02a57809c41d1-seed0-from10pct-20260829,1.1892321109771729,0.5118289493388101,0.7120510359528561,0,True
paloma_gsm8k,h100-d512-mixprior-d2560cd833f16b67-seed0-from10pct-20260829,1.191150426864624,0.5253715429716375,0.7277017062479242,32,False
paloma_gsm8k,h100-d512-mixprior-d44625acc6e4054c-seed0-from10pct-20260829,1.1904990673065186,0.5157145290027684,0.7121938494434534,4,False
paloma_gsm8k,h100-d512-mixprior-e24a4e73a2c92c3b-seed0-from10pct-20260829,1.191365361213684,0.5369327457142102,0.7102857611596327,6,False
paloma_gsm8k,h100-d512-mixprior-e4b373f9f3e38f83-seed0-from10pct-20260829,1.1907811164855957,0.5149958121763683,0.7207501178009863,17,False
paloma_gsm8k,h100-d512-mixprior-1d28fbf0c12e9932-seed0-from10pct-20260829,1.1911985874176025,0.5017146802076493,0.7110909971033952,6,False
paloma_gsm8k,h100-d512-mixprior-a919317585f5b904-seed0-from10pct-20260829,1.1900134086608887,0.5180211456032371,0.7140266383197299,4,False
paloma_gsm8k,h100-d512-mixprior-07dc1a9209e1ef25-seed0-from10pct-20260829,1.1892808675765991,0.530739962306333,0.7193480431689678,2,False
paloma_gsm8k,h100-d512-mixprior-2e74ba8298c85f96-seed0-from10pct-20260829,1.189568281173706,0.518404549283965,0.7230893917759469,5,False
paloma_gsm8k,h100-d512-mixprior-517b0641fbcca443-seed0-from10pct-20260829,1.1905457973480225,0.5225031080056421,0.7285202189950631,23,False
paloma_gsm8k,h100-d512-mixprior-556d6a2b3df762ab-seed0-from10pct-20260829,1.1898829936981201,0.5166758815333369,0.7037184274579965,0,True
paloma_gsm8k,h100-d512-mixprior-9d9c0cca770584a6-seed0-from10pct-20260829,1.190890908241272,0.5190648872396192,0.7054766354374453,2,False
paloma_gsm8k,h100-d512-mixprior-dc9b4233818a4473-seed0-from10pct-20260829,1.1905293464660645,0.5169186988112208,0.7297496832882405,22,False
paloma_gsm8k,h100-d512-mixprior-e6b706b35fcbb79c-seed0-from10pct-20260829,1.190089225769043,0.524755587918446,0.7158253754037823,7,False
paloma_gsm8k,h100-d512-mixprior-0113e750ada1e50a-seed0-from10pct-20260829,1.185333490371704,0.5419501117163007,0.8460771274993902,40,False
paloma_gsm8k,h100-d512-mixprior-03590486b7eca14d-seed0-from10pct-20260829,1.187455177307129,0.5440990350307665,0.8062257579722901,113,False
paloma_gsm8k,h100-d512-mixprior-03fc648318802486-seed0-from10pct-20260829,1.1859745979309082,0.5404115414145506,0.8252746466174633,60,False
paloma_gsm8k,h100-d512-mixprior-11f07b2a6f6260ee-seed0-from10pct-20260829,1.186991810798645,0.5593595033731137,0.8171947529532285,113,False
paloma_gsm8k,h100-d512-mixprior-1d687b849a887005-seed0-from10pct-20260829,1.1855487823486328,0.5337426708084845,0.8032567866366831,24,False
paloma_gsm8k,h100-d512-mixprior-20de59ca6c8c0c12-seed0-from10pct-20260829,1.1854634284973145,0.5392067943670512,0.8395715926097432,47,False
paloma_gsm8k,h100-d512-mixprior-23fd78fc21fb8fe6-seed0-from10pct-20260829,1.1869332790374756,0.5454454437038383,0.7858198863598729,24,False
paloma_gsm8k,h100-d512-mixprior-2601f6d0aa07a769-seed0-from10pct-20260829,1.1832990646362305,0.5191450335803256,0.8277010820064272,3,False
paloma_gsm8k,h100-d512-mixprior-2bcf4203095401eb-seed0-from10pct-20260829,1.1844170093536377,0.5468155538008866,0.7958633324645656,11,False
paloma_gsm8k,h100-d512-mixprior-2dcc54c5621c4d05-seed0-from10pct-20260829,1.186469316482544,0.519208011281231,0.7852236771685787,13,False
paloma_gsm8k,h100-d512-mixprior-36b332854e352ace-seed0-from10pct-20260829,1.1854523420333862,0.5629871144599592,0.8484638466132791,48,False
paloma_gsm8k,h100-d512-mixprior-39df24a1b1712398-seed0-from10pct-20260829,1.1875429153442383,0.5549522766174537,0.7971772006386827,73,False
paloma_gsm8k,h100-d512-mixprior-3a28bd8105cdf925-seed0-from10pct-20260829,1.1840002536773682,0.5475531806334245,0.8307634074678953,12,False
paloma_gsm8k,h100-d512-mixprior-3dd208617edeaad0-seed0-from10pct-20260829,1.187259554862976,0.548074894258382,0.798855169234371,66,False
paloma_gsm8k,h100-d512-mixprior-42c06ea0c85ae453-seed0-from10pct-20260829,1.1859958171844482,0.5460933461907967,0.7969191143773577,24,False
paloma_gsm8k,h100-d512-mixprior-45beb675eebd1798-seed0-from10pct-20260829,1.186863660812378,0.5537478384973189,0.8053548628037981,73,False
paloma_gsm8k,h100-d512-mixprior-4602cace15312bd4-seed0-from10pct-20260829,1.1815509796142578,0.5632423876537244,0.8126898214746365,0,True
paloma_gsm8k,h100-d512-mixprior-47e4ca8a4f5ab79f-seed0-from10pct-20260829,1.1874126195907593,0.5260469312098331,0.8041304822221386,96,False
paloma_gsm8k,h100-d512-mixprior-546f0dd1bf3bca74-seed0-from10pct-20260829,1.1873582601547241,0.5382301866129863,0.8187175829147392,146,False
paloma_gsm8k,h100-d512-mixprior-5b6b4b3fea8ef1f3-seed0-from10pct-20260829,1.1867454051971436,0.5609511301699855,0.7894754319243507,23,False
paloma_gsm8k,h100-d512-mixprior-5d1abdd2eff4974f-seed0-from10pct-20260829,1.1886066198349,0.5357554443273825,0.833614293021334,245,False
paloma_gsm8k,h100-d512-mixprior-5d5910bbd8b96a73-seed0-from10pct-20260829,1.1873447895050049,0.5586137411690474,0.792470821874514,41,False
paloma_gsm8k,h100-d512-mixprior-6008f9351fb382c9-seed0-from10pct-20260829,1.185903787612915,0.5512153476736495,0.8046315260485323,38,False
paloma_gsm8k,h100-d512-mixprior-6ca9873dc2ef0b25-seed0-from10pct-20260829,1.1843023300170898,0.5439372479900302,0.7915694439395332,8,False
paloma_gsm8k,h100-d512-mixprior-710a09071584754a-seed0-from10pct-20260829,1.1865005493164062,0.5400068404325915,0.7813347191329275,10,False
paloma_gsm8k,h100-d512-mixprior-72f4d0cf1bf300be-seed0-from10pct-20260829,1.1860913038253784,0.5495113794588137,0.8076725405409424,49,False
paloma_gsm8k,h100-d512-mixprior-78dc0f0ebb2ea3c2-seed0-from10pct-20260829,1.1861963272094727,0.5372904050155127,0.7946984104940039,24,False
paloma_gsm8k,h100-d512-mixprior-8d2bb165618c15cb-seed0-from10pct-20260829,1.1863267421722412,0.5354552969645763,0.8064513938710531,58,False
paloma_gsm8k,h100-d512-mixprior-a5e3ed7ed8564c57-seed0-from10pct-20260829,1.1867733001708984,0.5217324506207964,0.8207997479095154,104,False
paloma_gsm8k,h100-d512-mixprior-b66b22307886d151-seed0-from10pct-20260829,1.1865136623382568,0.5277855178654579,0.8560613020144333,115,False
paloma_gsm8k,h100-d512-mixprior-c29bb575f3cb12cc-seed0-from10pct-20260829,1.188258409500122,0.558979827608701,0.8076339767136859,140,False
paloma_gsm8k,h100-d512-mixprior-c792b1ae19e42572-seed0-from10pct-20260829,1.1848857402801514,0.5497907729279113,0.8041452618001635,17,False
paloma_gsm8k,h100-d512-mixprior-cc31fbdedabfb74d-seed0-from10pct-20260829,1.1885979175567627,0.5351982990168254,0.8067102350061566,149,False
paloma_gsm8k,h100-d512-mixprior-d11d9fc0f6865db3-seed0-from10pct-20260829,1.1879936456680298,0.5430642686512154,0.7908614050777618,43,False
paloma_gsm8k,h100-d512-mixprior-d4bad85275e7122f-seed0-from10pct-20260829,1.1839994192123413,0.5374256764276911,0.7813182546263987,3,False
paloma_gsm8k,h100-d512-mixprior-d5fd60e236dc9576-seed0-from10pct-20260829,1.1835310459136963,0.5601353453999222,0.7878053985889732,2,False
paloma_gsm8k,h100-d512-mixprior-ed2e80d65d0d6d08-seed0-from10pct-20260829,1.1838631629943848,0.5819384927969151,0.791040202577034,6,False
paloma_gsm8k,h100-d512-mixprior-88573650eb0eca3c-seed0-from10pct-20260829,1.1853742599487305,0.541490851294903,0.8330966789591481,42,False
paloma_gsm8k,h100-d512-mixprior-b19bb39756c5bf1e-seed0-from10pct-20260829,1.1855549812316895,0.5261620589174765,0.7995177443336859,23,False
paloma_gsm8k,h100-d512-mixprior-feaa8bc74ca55f38-seed0-from10pct-20260829,1.18536376953125,0.5416969987773693,0.8121259246522036,27,False
paloma_gsm8k,h100-d512-mixprior-37ec07c629628d08-seed0-from10pct-20260829,1.1848435401916504,0.5479558054292257,0.7960302128215334,13,False
paloma_gsm8k,h100-d512-mixprior-5a9b69a5b5cf2154-seed0-from10pct-20260829,1.187712550163269,0.566969400738956,0.8060199019755444,117,False
paloma_gsm8k,h100-d512-mixprior-6069c2ed2a1aa6b0-seed0-from10pct-20260829,1.189164161682129,0.5386647935417721,0.7780881712624195,20,False
paloma_gsm8k,h100-d512-mixprior-77a1d67f3e29712f-seed0-from10pct-20260829,1.185415506362915,0.5291306307389418,0.8045112829454008,24,False
paloma_gsm8k,h100-d512-mixprior-7a096096b0b65260-seed0-from10pct-20260829,1.186481237411499,0.5213081795734937,0.7891157473557239,16,False
paloma_gsm8k,h100-d512-mixprior-8bfac23637d69039-seed0-from10pct-20260829,1.1848981380462646,0.5253113745447451,0.8799289615103836,30,False
paloma_gsm8k,h100-d512-mixprior-8e759513f4e10a3d-seed0-from10pct-20260829,1.1867423057556152,0.5400819998062242,0.8235875882495575,103,False
paloma_gsm8k,h100-d512-mixprior-92f4441139dff853-seed0-from10pct-20260829,1.1850922107696533,0.5502972862077049,0.8152673429129009,27,False
paloma_gsm8k,h100-d512-mixprior-a5e17044ce3967a5-seed0-from10pct-20260829,1.1860337257385254,0.567018440755749,0.8392338169379654,74,False
paloma_gsm8k,h100-d512-mixprior-b0e324ea911cc855-seed0-from10pct-20260829,1.1867954730987549,0.5457416492833345,0.8190451306299807,105,False
paloma_gsm8k,h100-d512-mixprior-c5ab9e73a3491601-seed0-from10pct-20260829,1.1869235038757324,0.5482417178026574,0.778880891122678,9,False
paloma_gsm8k,h100-d512-mixprior-fc208d30db3fac23-seed0-from10pct-20260829,1.184718132019043,0.5646473702677164,0.855334200068269,22,False
paloma_gsm8k,h100-d512-mixprior-700103606fa5897f-seed0-from10pct-20260829,1.1867756843566895,0.5591172474105074,0.8163043323541698,95,False
paloma_gsm8k,h100-d512-mixprior-b70b4d81af9d0175-seed0-from10pct-20260829,1.1851489543914795,0.5634319636740625,0.8180845300941765,29,False
paloma_gsm8k,h100-d512-mixprior-efcd10df0877e5b9-seed0-from10pct-20260829,1.184360384941101,0.5381804198858036,0.7913428479208079,8,False
paloma_gsm8k,h100-d512-mixprior-dde7e6c9b887a890-seed0-from10pct-20260829,1.1858892440795898,0.545502921315592,0.8020795933388195,25,False
paloma_gsm8k,h100-d512-mixprior-55a6944b494d4d28-seed0-from10pct-20260829,1.1867400407791138,0.5611722320180493,0.8000911515347964,46,False
paloma_gsm8k,h100-d512-mixprior-7c4dfaaac84af74e-seed0-from10pct-20260829,1.1909098625183105,0.5453784780121054,0.842662038737325,336,False
paloma_gsm8k,h100-d512-mixprior-b04abe4c7ad0e100-seed0-from10pct-20260829,1.182968258857727,0.5497173549977626,0.7740051136117829,0,True
paloma_gsm8k,h100-d512-mixprior-02d79e0765f2842f-seed0-from10pct-20260829,1.1865627765655518,0.550457317275927,0.7893638848055163,19,False
paloma_gsm8k,h100-d512-mixprior-161c6e2899600f32-seed0-from10pct-20260829,1.1875436305999756,0.5404513126102983,0.8066828945145184,121,False
paloma_gsm8k,h100-d512-mixprior-19b7588ccf240f62-seed0-from10pct-20260829,1.1862971782684326,0.5583532355989108,0.8263990179010239,85,False
paloma_gsm8k,h100-d512-mixprior-1eaebd6ea8c74105-seed0-from10pct-20260829,1.1872289180755615,0.5314745546536321,0.8194097641949768,135,False
paloma_gsm8k,h100-d512-mixprior-26f67dbc5ddc182c-seed0-from10pct-20260829,1.1868776082992554,0.5355336336671251,0.7988687738221482,51,False
paloma_gsm8k,h100-d512-mixprior-2f8d37e7f9bf7325-seed0-from10pct-20260829,1.1854997873306274,0.5756468477935162,0.7824993977094593,6,False
paloma_gsm8k,h100-d512-mixprior-31ef6faf92f52ba3-seed0-from10pct-20260829,1.1855697631835938,0.5441571580338633,0.9013684437952243,60,False
paloma_gsm8k,h100-d512-mixprior-35982e7a2228788c-seed0-from10pct-20260829,1.185745120048523,0.561360544551635,0.8046281343955952,35,False
paloma_gsm8k,h100-d512-mixprior-3f389bcd9a8dee55-seed0-from10pct-20260829,1.1858935356140137,0.5583185411255467,0.8137148404306674,48,False
paloma_gsm8k,h100-d512-mixprior-4532270316b96ff2-seed0-from10pct-20260829,1.1838150024414062,0.5438105169025429,0.826859842790484,7,False
paloma_gsm8k,h100-d512-mixprior-52828100edc3b810-seed0-from10pct-20260829,1.186387538909912,0.5680745907321664,0.8164932008000473,77,False
paloma_gsm8k,h100-d512-mixprior-5ef2bac853a957fc-seed0-from10pct-20260829,1.1832990646362305,0.5503232455969838,0.8123002259689425,1,False
paloma_gsm8k,h100-d512-mixprior-60e7844f8b67a733-seed0-from10pct-20260829,1.1861381530761719,0.5550885975009172,0.8277289713868733,75,False
paloma_gsm8k,h100-d512-mixprior-623128d8a4d14959-seed0-from10pct-20260829,1.1891934871673584,0.5527367020194677,0.7901349895470817,59,False
paloma_gsm8k,h100-d512-mixprior-632e1abfa60c7e20-seed0-from10pct-20260829,1.1850743293762207,0.5683586138599989,0.8041198509849505,19,False
paloma_gsm8k,h100-d512-mixprior-677450f4e08059aa-seed0-from10pct-20260829,1.1845921277999878,0.5397943597013055,0.8306265107856858,19,False
paloma_gsm8k,h100-d512-mixprior-6d4d89e570eb64de-seed0-from10pct-20260829,1.1870790719985962,0.5559509620830407,0.7926283456908737,37,False
paloma_gsm8k,h100-d512-mixprior-6f8e042da99a3cc4-seed0-from10pct-20260829,1.1867417097091675,0.5466170177999506,0.8441220611315593,121,False
paloma_gsm8k,h100-d512-mixprior-72b251ddbfd1c16a-seed0-from10pct-20260829,1.1853618621826172,0.5474439068048018,0.7843068816784421,5,False
paloma_gsm8k,h100-d512-mixprior-780ae4a66ec08c0b-seed0-from10pct-20260829,1.183651328086853,0.5425430412478662,0.7777096762800699,1,False
paloma_gsm8k,h100-d512-mixprior-7b450c3bcd8b3198-seed0-from10pct-20260829,1.189173936843872,0.5265320043652104,0.810862419914663,173,False
paloma_gsm8k,h100-d512-mixprior-880a1644f63db8bc-seed0-from10pct-20260829,1.184448003768921,0.543495251789341,0.8216869052298805,16,False
paloma_gsm8k,h100-d512-mixprior-8862c95728d7d4bd-seed0-from10pct-20260829,1.1848759651184082,0.5597988764933967,0.7937492865115824,12,False
paloma_gsm8k,h100-d512-mixprior-896fb6df5ecab978-seed0-from10pct-20260829,1.1895976066589355,0.5448820711006355,0.7978365501828012,113,False
paloma_gsm8k,h100-d512-mixprior-8bc67a341c1d938f-seed0-from10pct-20260829,1.1854336261749268,0.5532953554177237,0.8041978211481983,25,False
paloma_gsm8k,h100-d512-mixprior-932ecf88a5885062-seed0-from10pct-20260829,1.1868189573287964,0.5355377240435839,0.8159665114011249,98,False
paloma_gsm8k,h100-d512-mixprior-9d641efab45cf010-seed0-from10pct-20260829,1.1874666213989258,0.5624991027358968,0.7743696801851199,7,False
paloma_gsm8k,h100-d512-mixprior-a85294b2fc795fa0-seed0-from10pct-20260829,1.1872633695602417,0.5453870954084904,0.7941496508431463,49,False
paloma_gsm8k,h100-d512-mixprior-adb894e2fba11b98-seed0-from10pct-20260829,1.1854172945022583,0.55881589519612,0.8039277149826978,22,False
paloma_gsm8k,h100-d512-mixprior-b755da9a2cc03d2b-seed0-from10pct-20260829,1.184801459312439,0.5331127933293518,0.7962541365292412,13,False
paloma_gsm8k,h100-d512-mixprior-c5291b3eb557db8f-seed0-from10pct-20260829,1.1879310607910156,0.528813676249744,0.8188883820549662,181,False
paloma_gsm8k,h100-d512-mixprior-cd55b40ac4d3a00c-seed0-from10pct-20260829,1.1867256164550781,0.5504363563750068,0.8073945813749842,72,False
paloma_gsm8k,h100-d512-mixprior-cf834382a5928b75-seed0-from10pct-20260829,1.185913324356079,0.5472791000408052,0.801725174401518,25,False
paloma_gsm8k,h100-d512-mixprior-dcaf76ed5a36a4b0-seed0-from10pct-20260829,1.1871414184570312,0.5283889923396656,0.8113772199138857,105,False
paloma_gsm8k,h100-d512-mixprior-e3c16fbeef6e8681-seed0-from10pct-20260829,1.1850261688232422,0.549228581708567,0.8121527089482228,22,False
paloma_gsm8k,h100-d512-mixprior-e8b41e5d09781037-seed0-from10pct-20260829,1.1860257387161255,0.5470960371671361,0.7819418174319255,8,False
paloma_gsm8k,h100-d512-mixprior-ea4bfe2afc061f24-seed0-from10pct-20260829,1.1880615949630737,0.5481094585282656,0.773336351904207,8,False
paloma_gsm8k,h100-d512-mixprior-ea9f4ee8552e5169-seed0-from10pct-20260829,1.1857173442840576,0.5353198994951696,0.8197724086442013,47,False
paloma_gsm8k,h100-d512-mixprior-efe3413f960a1478-seed0-from10pct-20260829,1.1869715452194214,0.5542139310294818,0.7949731389457165,43,False
paloma_gsm8k,h100-d512-mixprior-f166afb48f0a74b3-seed0-from10pct-20260829,1.1851983070373535,0.5327858356963308,0.8022159902060848,19,False
paloma_gsm8k,h100-d512-mixprior-f59b4b36dacfd93d-seed0-from10pct-20260829,1.1867098808288574,0.5360138895419968,0.8579825448055053,121,False
paloma_gsm8k,h100-d512-mixprior-00c50859e721432f-seed0-from10pct-20260829,1.189012885093689,0.5187824140430971,0.7769287195884303,18,False
paloma_gsm8k,h100-d512-mixprior-023bbf8a7dd029ee-seed0-from10pct-20260829,1.1910018920898438,0.5093853203056288,0.7730855281648027,56,False
paloma_gsm8k,h100-d512-mixprior-02d7015c48e44255-seed0-from10pct-20260829,1.1891897916793823,0.5326986003131435,0.7835458548020046,39,False
paloma_gsm8k,h100-d512-mixprior-0c586af92e358394-seed0-from10pct-20260829,1.1884524822235107,0.5232298671986683,0.7368740265937819,3,False
paloma_gsm8k,h100-d512-mixprior-11793816caab5139-seed0-from10pct-20260829,1.1942527294158936,0.5648276591644307,0.7283180980381063,49,False
paloma_gsm8k,h100-d512-mixprior-18472f0c9700a5f8-seed0-from10pct-20260829,1.1871376037597656,0.5267903819707833,0.7835808124099594,21,False
paloma_gsm8k,h100-d512-mixprior-1c21e14e6d03b497-seed0-from10pct-20260829,1.1916285753250122,0.5190103274588748,0.7761166605532382,79,False
paloma_gsm8k,h100-d512-mixprior-2da8521e82999164-seed0-from10pct-20260829,1.1943280696868896,0.5231544818317877,0.7246526925608661,41,False
paloma_gsm8k,h100-d512-mixprior-3f75cc0d21c65c7f-seed0-from10pct-20260829,1.1847277879714966,0.529081563426219,0.7917376738439849,10,False
paloma_gsm8k,h100-d512-mixprior-4163412ee4e95c18-seed0-from10pct-20260829,1.1911650896072388,0.5248360633229677,0.7917483135181435,127,False
paloma_gsm8k,h100-d512-mixprior-67494aea2e8635a7-seed0-from10pct-20260829,1.1965196132659912,0.5102191221946281,0.7245872805942736,44,False
paloma_gsm8k,h100-d512-mixprior-6c543b21afabf0a8-seed0-from10pct-20260829,1.1886322498321533,0.508900613896042,0.8295779157015382,236,False
paloma_gsm8k,h100-d512-mixprior-7b18c3de2cb869cb-seed0-from10pct-20260829,1.1895335912704468,0.5648222496154334,0.9054437088287559,296,False
paloma_gsm8k,h100-d512-mixprior-868f3a1ced61a40c-seed0-from10pct-20260829,1.191524863243103,0.5187772383914998,0.7632058589957722,58,False
paloma_gsm8k,h100-d512-mixprior-a097103d39e68c9c-seed0-from10pct-20260829,1.1850082874298096,0.5429759807770365,0.7802999523475767,3,False
paloma_gsm8k,h100-d512-mixprior-a12f25364ca13899-seed0-from10pct-20260829,1.1891695261001587,0.5293734289488028,0.7698106946892216,9,False
paloma_gsm8k,h100-d512-mixprior-cb43a2b14dc19d7b-seed0-from10pct-20260829,1.1878821849822998,0.5186765554157426,0.7333875242771376,0,True
paloma_gsm8k,h100-d512-mixprior-debceebb7bdc3d0b-seed0-from10pct-20260829,1.1873153448104858,0.5170574397944374,0.817812586860009,139,False
paloma_gsm8k,h100-d512-mixprior-fc29f9971a0e63e7-seed0-from10pct-20260829,1.1923108100891113,0.5167333909479713,0.7341705043852185,52,False
paloma_gsm8k,h100-d512-mixprior-e8e495f8d0550d72-seed0-from10pct-20260829,1.1923527717590332,0.5329125151839906,0.7482116908361556,60,False
paloma_gsm8k,h100-d512-mixprior-05c4c74ad0d11828-seed0-from10pct-20260829,1.188366174697876,0.522972842025965,0.81873942264665,193,False
paloma_gsm8k,h100-d512-mixprior-06afa6725e0335f6-seed0-from10pct-20260829,1.1906530857086182,0.5339777932959084,0.8196407800377438,273,False
paloma_gsm8k,h100-d512-mixprior-1290594d4bf0a79b-seed0-from10pct-20260829,1.186786413192749,0.5145655040113005,0.7968692790882875,45,False
paloma_gsm8k,h100-d512-mixprior-1760e1ca38c8cf81-seed0-from10pct-20260829,1.1896166801452637,0.5178597809092774,0.7769584061268664,26,False
paloma_gsm8k,h100-d512-mixprior-1a534242d875a0c3-seed0-from10pct-20260829,1.1888911724090576,0.5063828281110848,0.8109768533330385,170,False
paloma_gsm8k,h100-d512-mixprior-23deba6e72ccecfb-seed0-from10pct-20260829,1.1944823265075684,0.514214376048835,0.8079084288911034,282,False
paloma_gsm8k,h100-d512-mixprior-26136f33c98f9e46-seed0-from10pct-20260829,1.1962149143218994,0.5175616676506459,0.7604942356623469,87,False
paloma_gsm8k,h100-d512-mixprior-323d18075d8c8021-seed0-from10pct-20260829,1.1873308420181274,0.5253066978207039,0.8425251703410498,179,False
paloma_gsm8k,h100-d512-mixprior-3bd1621144affab9-seed0-from10pct-20260829,1.1871896982192993,0.5292455762434586,0.8084929507623093,103,False
paloma_gsm8k,h100-d512-mixprior-3f09b140712a5538-seed0-from10pct-20260829,1.1914610862731934,0.5034351319671181,0.7084031488069477,4,False
paloma_gsm8k,h100-d512-mixprior-4236fbe067d9dc67-seed0-from10pct-20260829,1.1916064023971558,0.5373403958955529,0.7538490416786554,55,False
paloma_gsm8k,h100-d512-mixprior-49b62d7636c28d8c-seed0-from10pct-20260829,1.1908390522003174,0.5390111621996747,0.882037002947663,350,False
paloma_gsm8k,h100-d512-mixprior-4c99a96253e06dc5-seed0-from10pct-20260829,1.1903722286224365,0.4992078594701465,0.7785076686729602,47,False
paloma_gsm8k,h100-d512-mixprior-571a9596913f856e-seed0-from10pct-20260829,1.1882539987564087,0.5182636373254509,0.8240426695759338,203,False
paloma_gsm8k,h100-d512-mixprior-5e393ad6e8c33b0c-seed0-from10pct-20260829,1.1879661083221436,0.5078287462362958,0.8420763605416298,222,False
paloma_gsm8k,h100-d512-mixprior-5f1171435f5d1ba0-seed0-from10pct-20260829,1.1866508722305298,0.5249796652339971,0.7602523790127735,0,True
paloma_gsm8k,h100-d512-mixprior-671b04a3920fbd71-seed0-from10pct-20260829,1.1962003707885742,0.5038628465028032,0.7796494857816129,126,False
paloma_gsm8k,h100-d512-mixprior-7215148f42f0114e-seed0-from10pct-20260829,1.1841630935668945,0.5415724894224302,0.7931746601009526,8,False
paloma_gsm8k,h100-d512-mixprior-82f6109c56616bdb-seed0-from10pct-20260829,1.18937349319458,0.5201963996358171,0.7870041100810258,52,False
paloma_gsm8k,h100-d512-mixprior-8e9185b1dc863c16-seed0-from10pct-20260829,1.188044786453247,0.53200883696687,0.8299333608186893,212,False
paloma_gsm8k,h100-d512-mixprior-9027f599cbdbfcda-seed0-from10pct-20260829,1.1904577016830444,0.5032930460240033,0.7859630283918252,76,False
paloma_gsm8k,h100-d512-mixprior-97c0d9de41484132-seed0-from10pct-20260829,1.1838260889053345,0.525569864294876,0.778106465885891,2,False
paloma_gsm8k,h100-d512-mixprior-97e89aef99769599-seed0-from10pct-20260829,1.193173885345459,0.5268966000069518,0.7761428080698397,96,False
paloma_gsm8k,h100-d512-mixprior-a2a4202cc870df1b-seed0-from10pct-20260829,1.1883889436721802,0.533584682445261,0.8007771000048398,101,False
paloma_gsm8k,h100-d512-mixprior-a6e0a3ffee5a45da-seed0-from10pct-20260829,1.1864001750946045,0.5492995207922767,0.8222605217229031,86,False
paloma_gsm8k,h100-d512-mixprior-a92198dd97d56d3a-seed0-from10pct-20260829,1.1915347576141357,0.5231911532344646,0.7753823322302271,76,False
paloma_gsm8k,h100-d512-mixprior-a95f674f2a6d91d7-seed0-from10pct-20260829,1.1878234148025513,0.5366711967220622,0.7715175787284538,4,False
paloma_gsm8k,h100-d512-mixprior-b4ef64db406d37e7-seed0-from10pct-20260829,1.1873023509979248,0.5384274099738872,0.7950909213431764,53,False
paloma_gsm8k,h100-d512-mixprior-b9467f3748ad573b-seed0-from10pct-20260829,1.1922334432601929,0.4990722359373787,0.802175851681772,214,False
paloma_gsm8k,h100-d512-mixprior-c0acf8be41a4907b-seed0-from10pct-20260829,1.1874759197235107,0.5300781402269379,0.7892887117272873,34,False
paloma_gsm8k,h100-d512-mixprior-c2f7ebd6f58fcbda-seed0-from10pct-20260829,1.196495532989502,0.5011670227171117,0.7733174383364233,105,False
paloma_gsm8k,h100-d512-mixprior-c53832293e4eaf8a-seed0-from10pct-20260829,1.1872135400772095,0.5383472017291063,0.8057725090272044,94,False
paloma_gsm8k,h100-d512-mixprior-c63816c9a6efb22d-seed0-from10pct-20260829,1.1874579191207886,0.5661084790597872,0.8093532232416845,124,False
paloma_gsm8k,h100-d512-mixprior-cb200d97c6033842-seed0-from10pct-20260829,1.1899659633636475,0.5077859288364441,0.7684691703001271,18,False
paloma_gsm8k,h100-d512-mixprior-d5a2a05ce6e73c52-seed0-from10pct-20260829,1.1904869079589844,0.4991520932835713,0.798055991656371,139,False
paloma_gsm8k,h100-d512-mixprior-d67d011163100e97-seed0-from10pct-20260829,1.1950087547302246,0.5191365569850399,0.7962510953889456,207,False
paloma_gsm8k,h100-d512-mixprior-dc4496213bc705f9-seed0-from10pct-20260829,1.1852924823760986,0.5247773967637823,0.8102958523090459,25,False
paloma_gsm8k,h100-d512-mixprior-edf7072459e0c55f-seed0-from10pct-20260829,1.184938669204712,0.5266301862866003,0.8334623498050242,28,False
paloma_gsm8k,h100-d512-mixprior-f5f1a3bd273d6f40-seed0-from10pct-20260829,1.1916828155517578,0.5219020653626045,0.751224775054309,56,False
paloma_gsm8k,h100-d512-mixprior-1660197758b074cd-seed0-from10pct-20260829,1.1908674240112305,0.5001702412470309,0.7896176249639313,102,False
paloma_gsm8k,h100-d512-mixprior-065e903061bc0579-seed0-from10pct-20260829,1.1948537826538086,0.49503147758810734,0.7652642397199028,83,False
paloma_gsm8k,h100-d512-mixprior-21f4fa1de79dd694-seed0-from10pct-20260829,1.1901845932006836,0.5145177494234882,0.7744927503139506,33,False
paloma_gsm8k,h100-d512-mixprior-3498d87e6b9fbbfd-seed0-from10pct-20260829,1.1883258819580078,0.5182171462122762,0.8370749999710609,233,False
paloma_gsm8k,h100-d512-mixprior-3ad82e3a04dc7102-seed0-from10pct-20260829,1.187753677368164,0.4991894765647641,0.7793206691563397,14,False
paloma_gsm8k,h100-d512-mixprior-5e4359f6aaad30ac-seed0-from10pct-20260829,1.188509225845337,0.5093741232202506,0.8128529028491096,174,False
paloma_gsm8k,h100-d512-mixprior-7511ae09e2c63f98-seed0-from10pct-20260829,1.1892924308776855,0.51689814414966,0.7873205713989875,51,False
paloma_gsm8k,h100-d512-mixprior-91610d304fff4f3e-seed0-from10pct-20260829,1.1908754110336304,0.5056031508768292,0.7717301087843934,48,False
paloma_gsm8k,h100-d512-mixprior-934375a0a91405c4-seed0-from10pct-20260829,1.1912338733673096,0.5219735060249404,0.8025423953502296,195,False
paloma_gsm8k,h100-d512-mixprior-acc19ad5c6ec1893-seed0-from10pct-20260829,1.1908310651779175,0.5168444661017336,0.8091546730589256,219,False
paloma_gsm8k,h100-d512-mixprior-afb7ac975159606e-seed0-from10pct-20260829,1.1918150186538696,0.49291854947749975,0.7770528181263208,86,False
paloma_gsm8k,h100-d512-mixprior-b78ea0b23c6589c8-seed0-from10pct-20260829,1.186962366104126,0.5164220196718053,0.808142877078496,89,False
paloma_gsm8k,h100-d512-mixprior-c9505fdab05b9752-seed0-from10pct-20260829,1.1919665336608887,0.49514733102492675,0.7452591751608496,56,False
paloma_gsm8k,h100-d512-mixprior-e0c31883510064b2-seed0-from10pct-20260829,1.1918232440948486,0.5233299149908442,0.7718886364724705,72,False
paloma_gsm8k,h100-d512-mixprior-1ce2f14282b572fa-seed0-from10pct-20260829,1.1923807859420776,0.4852007941480927,0.8259127564073696,345,False
paloma_gsm8k,h100-d512-mixprior-276bc888bb41d7ac-seed0-from10pct-20260829,1.195967435836792,0.49279417316626717,0.8856818223465316,454,False
paloma_gsm8k,h100-d512-mixprior-44bfd83cf7199b40-seed0-from10pct-20260829,1.1903297901153564,0.5126700783817186,0.7273470853657129,13,False
paloma_gsm8k,h100-d512-mixprior-4c11a151fe37768b-seed0-from10pct-20260829,1.1974937915802002,0.4987365950831505,0.8103323475309505,319,False
paloma_gsm8k,h100-d512-mixprior-92e3dcddc9f1c9b0-seed0-from10pct-20260829,1.1856646537780762,0.49798383956370895,0.8134753802196744,42,False
paloma_gsm8k,h100-d512-mixprior-4d1d637f86ec3e25-seed0-from10pct-20260829,1.194375991821289,0.48719490409970323,0.8600117628519308,421,False
paloma_gsm8k,h100-d512-mixprior-610226e65dd1b174-seed0-from10pct-20260829,1.1890232563018799,0.5127913666804802,0.7810597213288958,27,False
paloma_gsm8k,h100-d512-mixprior-0381f0ef27de4605-seed0-from10pct-20260829,1.2017098665237427,0.5302352425145687,0.7935764383664643,208,False
paloma_gsm8k,h100-d512-mixprior-05040e528683a5eb-seed0-from10pct-20260829,1.184149980545044,0.52373706794159,0.8146073796873488,10,False
paloma_gsm8k,h100-d512-mixprior-10c0562ae66da54f-seed0-from10pct-20260829,1.186399221420288,0.5383925963697782,0.7926916604075027,22,False
paloma_gsm8k,h100-d512-mixprior-21b049d9fbfffd15-seed0-from10pct-20260829,1.1912569999694824,0.5265332644592968,0.7918348587995502,133,False
paloma_gsm8k,h100-d512-mixprior-300a2a907a91b147-seed0-from10pct-20260829,1.1939984560012817,0.5198517527647026,0.8129354273698365,306,False
paloma_gsm8k,h100-d512-mixprior-30745827d6bb62fa-seed0-from10pct-20260829,1.187246561050415,0.5436076681091505,0.7913528233239389,37,False
paloma_gsm8k,h100-d512-mixprior-33965fca6151ba79-seed0-from10pct-20260829,1.1865015029907227,0.5359192004429626,0.8288705061520596,103,False
paloma_gsm8k,h100-d512-mixprior-42142ea3811d6f8d-seed0-from10pct-20260829,1.1968095302581787,0.5265461237380276,0.8026913875026005,266,False
paloma_gsm8k,h100-d512-mixprior-43a53f862386e9d7-seed0-from10pct-20260829,1.1932623386383057,0.5128215793365138,0.7868718679835258,133,False
paloma_gsm8k,h100-d512-mixprior-44cc4c4959d2bc1a-seed0-from10pct-20260829,1.1908767223358154,0.5114791425194212,0.7943809023121733,130,False
paloma_gsm8k,h100-d512-mixprior-46a02cef9c34ec35-seed0-from10pct-20260829,1.1979165077209473,0.5190747867491081,0.8420822754461448,439,False
paloma_gsm8k,h100-d512-mixprior-483e66f4165b489e-seed0-from10pct-20260829,1.1951777935028076,0.5285865512317419,0.8110022311898728,306,False
paloma_gsm8k,h100-d512-mixprior-4b8e73b1b4900727-seed0-from10pct-20260829,1.192706823348999,0.5341789093212832,0.8280568914749259,360,False
paloma_gsm8k,h100-d512-mixprior-5e420d38b78df844-seed0-from10pct-20260829,1.192021369934082,0.5457356346809377,0.8223843694190023,327,False
paloma_gsm8k,h100-d512-mixprior-62e945177b7503ad-seed0-from10pct-20260829,1.1917157173156738,0.5150728850307589,0.8235225803048535,324,False
paloma_gsm8k,h100-d512-mixprior-688fff67de631de9-seed0-from10pct-20260829,1.1982722282409668,0.5286088446714293,0.7718740178789069,105,False
paloma_gsm8k,h100-d512-mixprior-6936390be4ffaff9-seed0-from10pct-20260829,1.192706823348999,0.5268240880149403,0.796419463176336,187,False
paloma_gsm8k,h100-d512-mixprior-699a7ba3a82b0227-seed0-from10pct-20260829,1.1925039291381836,0.5424057875708738,0.7972004995523886,191,False
paloma_gsm8k,h100-d512-mixprior-7b550896261ca2a0-seed0-from10pct-20260829,1.191676378250122,0.5263732879261356,0.7962671436189876,176,False
paloma_gsm8k,h100-d512-mixprior-7f99017c083bac93-seed0-from10pct-20260829,1.1909520626068115,0.5331745916235018,0.7909783621406515,112,False
paloma_gsm8k,h100-d512-mixprior-80324df7baf50056-seed0-from10pct-20260829,1.1848540306091309,0.531518531103494,0.8073774133778139,16,False
paloma_gsm8k,h100-d512-mixprior-82a9ab40c6f48b71-seed0-from10pct-20260829,1.1969094276428223,0.5229649651865189,0.856267970302742,447,False
paloma_gsm8k,h100-d512-mixprior-83afcf6935d0d1d8-seed0-from10pct-20260829,1.1887621879577637,0.5251123440743783,0.8145462437479273,184,False
paloma_gsm8k,h100-d512-mixprior-8812224dc26519ed-seed0-from10pct-20260829,1.2000000476837158,0.505598982684387,0.8210023992729935,385,False
paloma_gsm8k,h100-d512-mixprior-888488eac540ccd9-seed0-from10pct-20260829,1.1899760961532593,0.5346586427881544,0.8096803241044306,192,False
paloma_gsm8k,h100-d512-mixprior-9258df0207f554db-seed0-from10pct-20260829,1.1885803937911987,0.5276205506878934,0.8515001909493297,254,False
paloma_gsm8k,h100-d512-mixprior-965a9ad97ffb8c7a-seed0-from10pct-20260829,1.1932967901229858,0.5193431046430186,0.7976711354120417,205,False
paloma_gsm8k,h100-d512-mixprior-9f78eb87c559a841-seed0-from10pct-20260829,1.1938068866729736,0.530635224582257,0.8523095492958042,407,False
paloma_gsm8k,h100-d512-mixprior-a1d9377e21849993-seed0-from10pct-20260829,1.1910251379013062,0.5352840343898001,0.8397585321755188,340,False
paloma_gsm8k,h100-d512-mixprior-a4d18ffb2199e909-seed0-from10pct-20260829,1.1894675493240356,0.5389396166136688,0.8141163651529979,200,False
paloma_gsm8k,h100-d512-mixprior-a92ed6e1a716619a-seed0-from10pct-20260829,1.189430594444275,0.5478224907746175,0.8014243539814321,124,False
paloma_gsm8k,h100-d512-mixprior-b5e87b77dfda3dc0-seed0-from10pct-20260829,1.1855905055999756,0.5220309227274103,0.8031248856806232,25,False
paloma_gsm8k,h100-d512-mixprior-ce43eca4fbe83cc6-seed0-from10pct-20260829,1.190198540687561,0.5228675061687053,0.8329964530112604,292,False
paloma_gsm8k,h100-d512-mixprior-da42fb0cfcfbdba9-seed0-from10pct-20260829,1.1895146369934082,0.548682831958058,0.79821289868481,112,False
paloma_gsm8k,h100-d512-mixprior-df03e6bade638df2-seed0-from10pct-20260829,1.1881208419799805,0.5392065379564298,0.8023731173396621,104,False
paloma_gsm8k,h100-d512-mixprior-e2041aa4f4df4ca1-seed0-from10pct-20260829,1.2108232975006104,0.5122545668844583,0.866090817570394,509,False
paloma_gsm8k,h100-d512-mixprior-e46a0b19826295d7-seed0-from10pct-20260829,1.1970912218093872,0.5287952692120698,0.8497622593293394,441,False
paloma_gsm8k,h100-d512-mixprior-e8267274ad55d445-seed0-from10pct-20260829,1.1905949115753174,0.524488003812243,0.8123818758609056,234,False
paloma_gsm8k,h100-d512-mixprior-ec7fe25116523c36-seed0-from10pct-20260829,1.1928740739822388,0.5341202223950966,0.8683265476772023,400,False
paloma_gsm8k,h100-d512-mixprior-f517bcac6d890d34-seed0-from10pct-20260829,1.1989142894744873,0.5160556624262029,0.7882554856733325,170,False
paloma_gsm8k,h100-d512-mixprior-2197f91b0978c4e1-seed0-from10pct-20260829,1.19521963596344,0.5288938875962281,0.7698403170594202,89,False
paloma_gsm8k,h100-d512-mixprior-2d20571cff58ae7d-seed0-from10pct-20260829,1.18767249584198,0.537917652628658,0.8484425246121925,208,False
paloma_gsm8k,h100-d512-mixprior-4137e179e6361a3f-seed0-from10pct-20260829,1.1992108821868896,0.5223169880812916,0.7853325435948553,158,False
paloma_gsm8k,h100-d512-mixprior-4e88f9805c2fcd29-seed0-from10pct-20260829,1.186739444732666,0.5374836684515171,0.8073772540289738,71,False
paloma_gsm8k,h100-d512-mixprior-5a363f1fb2758b5f-seed0-from10pct-20260829,1.187570571899414,0.5430097969563235,0.8115399403879008,138,False
paloma_gsm8k,h100-d512-mixprior-5c5318013cc0d92b-seed0-from10pct-20260829,1.189805269241333,0.540992138571166,0.7807944573793394,39,False
paloma_gsm8k,h100-d512-mixprior-5dbbb7617dfe7f8e-seed0-from10pct-20260829,1.187704086303711,0.5321913885489593,0.8080660382140648,130,False
paloma_gsm8k,h100-d512-mixprior-6538607a585aa3a4-seed0-from10pct-20260829,1.187943696975708,0.55226985238223,0.8154509529418494,167,False
paloma_gsm8k,h100-d512-mixprior-68756f01b152e98a-seed0-from10pct-20260829,1.190271258354187,0.5204694196023346,0.8236781786707503,264,False
paloma_gsm8k,h100-d512-mixprior-73d7b7e6d2aebc2d-seed0-from10pct-20260829,1.1890531778335571,0.5345345540804041,0.8235763546356479,225,False
paloma_gsm8k,h100-d512-mixprior-7d083fd561eea164-seed0-from10pct-20260829,1.1878583431243896,0.5271701917120307,0.7991951416738508,85,False
paloma_gsm8k,h100-d512-mixprior-8a81fad852828fb3-seed0-from10pct-20260829,1.1882359981536865,0.5303661808984459,0.7832187681476092,28,False
paloma_gsm8k,h100-d512-mixprior-99be2a8866be8cdf-seed0-from10pct-20260829,1.191561222076416,0.5192467914550644,0.8236187421103749,321,False
paloma_gsm8k,h100-d512-mixprior-a3c31e77bbfd30ed-seed0-from10pct-20260829,1.1897177696228027,0.5571036048745365,0.8310352811210341,274,False
paloma_gsm8k,h100-d512-mixprior-b2025642abcdc3b0-seed0-from10pct-20260829,1.1977627277374268,0.544462768335753,0.7933094381234713,200,False
paloma_gsm8k,h100-d512-mixprior-ba8dc59240d95785-seed0-from10pct-20260829,1.188420057296753,0.5396048704286063,0.8374159715627043,239,False
paloma_gsm8k,h100-d512-mixprior-c53002dd3d3800ec-seed0-from10pct-20260829,1.1856497526168823,0.5381475630626178,0.7642411290212734,0,True
paloma_gsm8k,h100-d512-mixprior-cd1e4960210cd383-seed0-from10pct-20260829,1.1917399168014526,0.5432642472566516,0.7987994071675687,188,False
paloma_gsm8k,h100-d512-mixprior-e12d0ce1af2c60da-seed0-from10pct-20260829,1.188554286956787,0.5329973709551075,0.7579872472108113,4,False
paloma_gsm8k,h100-d512-mixprior-fc8d4543b12c9b30-seed0-from10pct-20260829,1.1957108974456787,0.5361984047902093,0.7554265829522476,80,False
paloma_gsm8k,h100-d512-mixprior-00d76bb7275384bc-seed0-from10pct-20260829,1.1878166198730469,0.5020913666109098,0.8087399014688985,137,False
paloma_gsm8k,h100-d512-mixprior-0c01c0abac117c95-seed0-from10pct-20260829,1.187234878540039,0.5173896330585436,0.7921252844716984,38,False
paloma_gsm8k,h100-d512-mixprior-290712d96c329ac3-seed0-from10pct-20260829,1.1871904134750366,0.5393277100390474,0.7988774759601324,63,False
paloma_gsm8k,h100-d512-mixprior-355b16d07af295ef-seed0-from10pct-20260829,1.1885861158370972,0.513900257240248,0.7898068866195558,52,False
paloma_gsm8k,h100-d512-mixprior-441eaad434c46dc7-seed0-from10pct-20260829,1.1869752407073975,0.520176805576118,0.8033858413656102,69,False
paloma_gsm8k,h100-d512-mixprior-6c9d2526befaf3fd-seed0-from10pct-20260829,1.188480257987976,0.5132203264246681,0.8021742153631438,111,False
paloma_gsm8k,h100-d512-mixprior-80a4d4891e8356d1-seed0-from10pct-20260829,1.1867930889129639,0.517801152185636,0.8015885240511917,53,False
paloma_gsm8k,h100-d512-mixprior-85ec179487f33a59-seed0-from10pct-20260829,1.186976671218872,0.5081895639613201,0.8299578059593808,138,False
paloma_gsm8k,h100-d512-mixprior-98423eadd06d7642-seed0-from10pct-20260829,1.1875838041305542,0.5296399378468156,0.7850116577585599,25,False
paloma_gsm8k,h100-d512-mixprior-cb440623845164e0-seed0-from10pct-20260829,1.1882392168045044,0.5273594546287226,0.821736000135449,198,False
paloma_gsm8k,h100-d512-mixprior-f46eb02e668e78a3-seed0-from10pct-20260829,1.1872471570968628,0.5293276172048346,0.8294207521262207,161,False
paloma_gsm8k,h100-d512-mixprior-3b07a8abe5cd9fc5-seed0-from10pct-20260829,1.1878324747085571,0.5195415300018128,0.8097324676382585,142,False
paloma_gsm8k,h100-d512-mixprior-d4083ca4e2b35f65-seed0-from10pct-20260829,1.1861481666564941,0.509702694564153,0.7931186350207456,19,False
paloma_gsm8k,h100-d512-mixprior-e1eb3ba6a4f89d69-seed0-from10pct-20260829,1.1874468326568604,0.5266930623438864,0.7914749123888557,39,False
paloma_gsm8k,h100-d512-mixprior-f297c5b7db952caa-seed0-from10pct-20260829,1.1874430179595947,0.5218533667759883,0.7998788364316198,76,False
paloma_gsm8k,h100-d512-mixprior-09c118154d089543-seed0-from10pct-20260829,1.186764121055603,0.5218068017982889,0.8300112657405214,118,False
paloma_gsm8k,h100-d512-mixprior-654e401d87430d27-seed0-from10pct-20260829,1.1864266395568848,0.5234195112185769,0.8262840125309292,91,False
paloma_gsm8k,h100-d512-mixprior-7026cf51fff0f3dc-seed0-from10pct-20260829,1.1872507333755493,0.5197530284711139,0.8173600002001531,133,False
paloma_gsm8k,h100-d512-mixprior-8b014e072122dbd3-seed0-from10pct-20260829,1.1867555379867554,0.49991954737566885,0.7793594091821594,9,False
paloma_gsm8k,h100-d512-mixprior-a6b2cadc64e50d67-seed0-from10pct-20260829,1.1871044635772705,0.5213722939423393,0.8021600077057807,70,False
paloma_gsm8k,h100-d512-mixprior-08ce96bd2cfad893-seed0-from10pct-20260829,1.1860997676849365,0.50807093259914,0.7956490672258437,22,False
paloma_gsm8k,h100-d512-mixprior-0bf4da1c0f7fcaa9-seed0-from10pct-20260829,1.1873587369918823,0.5157161511727799,0.8028950669666769,88,False
paloma_gsm8k,h100-d512-mixprior-0db801530cba5b32-seed0-from10pct-20260829,1.1871559619903564,0.506663771051836,0.7938050987265868,45,False
paloma_gsm8k,h100-d512-mixprior-0f218afbdb299582-seed0-from10pct-20260829,1.1868563890457153,0.5220750201787956,0.7853740450642515,20,False
paloma_gsm8k,h100-d512-mixprior-15a67c597e772af0-seed0-from10pct-20260829,1.1867660284042358,0.5065118422582113,0.7951354952749494,38,False
paloma_gsm8k,h100-d512-mixprior-1dc7ec9995f13e34-seed0-from10pct-20260829,1.187241554260254,0.5190518273790788,0.7882046594176734,29,False
paloma_gsm8k,h100-d512-mixprior-2083a2346292bb2f-seed0-from10pct-20260829,1.1870336532592773,0.5153167472346191,0.7961375197065915,51,False
paloma_gsm8k,h100-d512-mixprior-2f88d6030d2730cb-seed0-from10pct-20260829,1.1860442161560059,0.5120030922380971,0.81231122951435,53,False
paloma_gsm8k,h100-d512-mixprior-335eaec02838b1dc-seed0-from10pct-20260829,1.1857304573059082,0.5197481387196755,0.8782580562125551,65,False
paloma_gsm8k,h100-d512-mixprior-4ae9496ab07483cc-seed0-from10pct-20260829,1.1863856315612793,0.5099308811650988,0.8178498396402769,78,False
paloma_gsm8k,h100-d512-mixprior-4d3d5a776ecb3ccd-seed0-from10pct-20260829,1.1861045360565186,0.5064818425247523,0.8114079786108638,53,False
paloma_gsm8k,h100-d512-mixprior-4dd49c1392edf356-seed0-from10pct-20260829,1.18703031539917,0.507663063927089,0.8337648853473812,150,False
paloma_gsm8k,h100-d512-mixprior-4ec4c7501ff86c5a-seed0-from10pct-20260829,1.1857764720916748,0.5023543957560863,0.8062014194485818,37,False
paloma_gsm8k,h100-d512-mixprior-56c1ec7cf51e7635-seed0-from10pct-20260829,1.1853636503219604,0.5054834614931775,0.8700951912241685,45,False
paloma_gsm8k,h100-d512-mixprior-6860a62d94f92eaa-seed0-from10pct-20260829,1.1858690977096558,0.51373285228557,0.8041093585266936,31,False
paloma_gsm8k,h100-d512-mixprior-73bf71b581f13217-seed0-from10pct-20260829,1.1870225667953491,0.5159317433967203,0.784322542168023,22,False
paloma_gsm8k,h100-d512-mixprior-778356a0febae506-seed0-from10pct-20260829,1.186387062072754,0.5136107049555875,0.7945094935024797,25,False
paloma_gsm8k,h100-d512-mixprior-7e8c4a8bf36746ef-seed0-from10pct-20260829,1.1878972053527832,0.5195985248338507,0.78194367779177,24,False
paloma_gsm8k,h100-d512-mixprior-7f5fc51ef4389bdd-seed0-from10pct-20260829,1.1862962245941162,0.5148498851127415,0.8041384331400449,47,False
paloma_gsm8k,h100-d512-mixprior-7fe393803dc0185b-seed0-from10pct-20260829,1.1855132579803467,0.5127557033260771,0.8251370521686192,42,False
paloma_gsm8k,h100-d512-mixprior-87091e2267556559-seed0-from10pct-20260829,1.185908555984497,0.5019593274766109,0.8278146895031933,61,False
paloma_gsm8k,h100-d512-mixprior-8cb0432978819d02-seed0-from10pct-20260829,1.186920404434204,0.5075204294494017,0.7961979341649028,45,False
paloma_gsm8k,h100-d512-mixprior-8d615131b2931cb1-seed0-from10pct-20260829,1.1862211227416992,0.5134840727901111,0.8176789877752009,72,False
paloma_gsm8k,h100-d512-mixprior-94ca7c07cae4b249-seed0-from10pct-20260829,1.1867846250534058,0.4986423307313024,0.8195201752387408,102,False
paloma_gsm8k,h100-d512-mixprior-996f489106c7b922-seed0-from10pct-20260829,1.1864409446716309,0.4979298909485227,0.8197130247236325,84,False
paloma_gsm8k,h100-d512-mixprior-9e0de3be10986119-seed0-from10pct-20260829,1.186033010482788,0.5058789762871513,0.7761196874133317,4,False
paloma_gsm8k,h100-d512-mixprior-a1f97c597ddec22b-seed0-from10pct-20260829,1.1853289604187012,0.5168402898287372,0.8650504808992754,42,False
paloma_gsm8k,h100-d512-mixprior-aa01e09a5667993c-seed0-from10pct-20260829,1.1864840984344482,0.5099240223103607,0.8109095663152012,67,False
paloma_gsm8k,h100-d512-mixprior-b100ad1935c71002-seed0-from10pct-20260829,1.1862757205963135,0.5048336723022158,0.7657825288138767,1,False
paloma_gsm8k,h100-d512-mixprior-b76966f86e9a7249-seed0-from10pct-20260829,1.1850111484527588,0.5060416602369779,0.8050057376107331,20,False
paloma_gsm8k,h100-d512-mixprior-b81a6ce0ada662d3-seed0-from10pct-20260829,1.1861674785614014,0.5054796325827211,0.7974575451513921,30,False
paloma_gsm8k,h100-d512-mixprior-c6d64aa5711b6f4e-seed0-from10pct-20260829,1.1865062713623047,0.5132050513825028,0.8025759612656018,46,False
paloma_gsm8k,h100-d512-mixprior-cc01c58c08cd0e95-seed0-from10pct-20260829,1.1873202323913574,0.49887810003034677,0.7981339006915383,68,False
paloma_gsm8k,h100-d512-mixprior-ce86ea0b18ba6102-seed0-from10pct-20260829,1.18678879737854,0.5074377589372694,0.8152151872278542,95,False
paloma_gsm8k,h100-d512-mixprior-cf4d4d80aab84f4e-seed0-from10pct-20260829,1.1872583627700806,0.5134409344183722,0.8217327448327488,146,False
paloma_gsm8k,h100-d512-mixprior-e5b3621f241d9d71-seed0-from10pct-20260829,1.187124252319336,0.5203163779590746,0.8272125270474263,144,False
paloma_gsm8k,h100-d512-mixprior-ebd4e1bd2387c375-seed0-from10pct-20260829,1.1861522197723389,0.502903400070547,0.7892663670906257,14,False
paloma_gsm8k,h100-d512-mixprior-eea94f18a11cbafc-seed0-from10pct-20260829,1.1865836381912231,0.5030917673686957,0.7803509901527271,9,False
paloma_gsm8k,h100-d512-mixprior-f574d556903353ac-seed0-from10pct-20260829,1.1853735446929932,0.5115759858561851,0.7730018776629658,0,True
paloma_gsm8k,h100-d512-mixprior-f5a6541da0d6ca4a-seed0-from10pct-20260829,1.1861262321472168,0.5179592256556101,0.8127795893418804,60,False
paloma_gsm8k,h100-d512-mixprior-04043d0c8f96fdbc-seed0-from10pct-20260829,1.1877301931381226,0.5086525797492273,0.8154397494967354,157,False
paloma_gsm8k,h100-d512-mixprior-197c9f5ceff6b9ee-seed0-from10pct-20260829,1.184385061264038,0.4940224050948791,0.7964591451346961,11,False
paloma_gsm8k,h100-d512-mixprior-19b697225c02a94b-seed0-from10pct-20260829,1.1857891082763672,0.5040231617647062,0.8141205640607424,46,False
paloma_gsm8k,h100-d512-mixprior-445f6ba88e18307c-seed0-from10pct-20260829,1.1885110139846802,0.4930601551717728,0.794751508542459,75,False
paloma_gsm8k,h100-d512-mixprior-5c32d535fde96e01-seed0-from10pct-20260829,1.1870818138122559,0.49254123409583733,0.8044149378706712,82,False
paloma_gsm8k,h100-d512-mixprior-69ed9959dd9cd4e5-seed0-from10pct-20260829,1.1867163181304932,0.5034852059152312,0.8004333726924829,46,False
paloma_gsm8k,h100-d512-mixprior-6f3961f6e80a541f-seed0-from10pct-20260829,1.187619924545288,0.5195359301146599,0.7824271531275823,21,False
paloma_gsm8k,h100-d512-mixprior-99ed32f9ee7a3b89-seed0-from10pct-20260829,1.1869239807128906,0.5131705889074875,0.7696045045686257,3,False
paloma_gsm8k,h100-d512-mixprior-9d15834452a55846-seed0-from10pct-20260829,1.1882719993591309,0.5009491774472036,0.7947637106705151,71,False
paloma_gsm8k,h100-d512-mixprior-a1ae55056fe63498-seed0-from10pct-20260829,1.1855961084365845,0.512237979523282,0.8022606682060618,25,False
paloma_gsm8k,h100-d512-mixprior-b15f19b1c4f4ddf1-seed0-from10pct-20260829,1.1873981952667236,0.517185375466278,0.8079931889949552,116,False
paloma_gsm8k,h100-d512-mixprior-e8e11e24b0382924-seed0-from10pct-20260829,1.1867038011550903,0.5047276177333951,0.7928586957046801,30,False
paloma_gsm8k,h100-d512-mixprior-2d02e594203d6b7c-seed0-from10pct-20260829,1.1860525608062744,0.5023314952140576,0.8096212320158526,49,False
paloma_gsm8k,h100-d512-mixprior-5f6e920ed52cd6d0-seed0-from10pct-20260829,1.186991810798645,0.5080147315775428,0.8060989263185216,84,False
paloma_gsm8k,h100-d512-mixprior-8d5f0aed232ce1b7-seed0-from10pct-20260829,1.1854820251464844,0.5119895250931524,0.7975599277466127,21,False
paloma_gsm8k,h100-d512-mixprior-b45c8fcea03f37d8-seed0-from10pct-20260829,1.1867501735687256,0.49410215746245173,0.8171986987453679,94,False
paloma_gsm8k,h100-d512-mixprior-df90e8b7f0951a11-seed0-from10pct-20260829,1.1861258745193481,0.4956779644023037,0.8317195307805704,78,False
paloma_gsm8k,h100-d512-mixprior-ee3799698c71ea8f-seed0-from10pct-20260829,1.1860092878341675,0.4981026783807093,0.8281953007690454,67,False
paloma_humaneval_gsm8k,h100-d512-mixprior-07e4a9dd18ba90fd-seed0-from10pct-20260829,1.25059175491333,0.5632542570966469,0.9821797146789851,498,False
paloma_humaneval_gsm8k,h100-d512-mixprior-0c9b4263d0d81a50-seed0-from10pct-20260829,1.1873501539230347,0.5420434715935539,0.7891564471370399,18,False
paloma_humaneval_gsm8k,h100-d512-mixprior-0cf507df51077784-seed0-from10pct-20260829,1.2120270729064941,0.5273144441568641,0.8412668310799231,228,False
paloma_humaneval_gsm8k,h100-d512-mixprior-1cc91e15d5c7e2b4-seed0-from10pct-20260829,1.188361644744873,0.5560249139396127,0.7709841483169009,7,False
paloma_humaneval_gsm8k,h100-d512-mixprior-2139fb1bbb28a736-seed0-from10pct-20260829,1.2221529483795166,0.6003580684633306,0.8267847656748413,436,False
paloma_humaneval_gsm8k,h100-d512-mixprior-24e1e8a3940391e4-seed0-from10pct-20260829,1.215193510055542,0.5719870031844475,0.8734461112119736,492,False
paloma_humaneval_gsm8k,h100-d512-mixprior-287d02f276c7764b-seed0-from10pct-20260829,1.1957859992980957,0.5291337632118399,0.7428254208696669,56,False
paloma_humaneval_gsm8k,h100-d512-mixprior-3c677350cb19e8de-seed0-from10pct-20260829,1.1876803636550903,0.540979817110917,0.8178698689859059,94,False
paloma_humaneval_gsm8k,h100-d512-mixprior-4876fec103d84439-seed0-from10pct-20260829,1.1862741708755493,0.5648787501677012,0.819520959870083,70,False
paloma_humaneval_gsm8k,h100-d512-mixprior-54bb9b7961f34f10-seed0-from10pct-20260829,1.1868669986724854,0.5404974132809808,0.7791648288414748,6,False
paloma_humaneval_gsm8k,h100-d512-mixprior-644ecf6538f09c28-seed0-from10pct-20260829,1.1995383501052856,0.5649764214065343,0.8173699378094679,347,False
paloma_humaneval_gsm8k,h100-d512-mixprior-69fc416e254e2a6e-seed0-from10pct-20260829,1.1874794960021973,0.5560269057371168,0.805199859063281,91,False
paloma_humaneval_gsm8k,h100-d512-mixprior-6c40cafa822eefc2-seed0-from10pct-20260829,1.1829646825790405,0.5550774514430561,0.8624002040940447,0,True
paloma_humaneval_gsm8k,h100-d512-mixprior-76caf97062d1705b-seed0-from10pct-20260829,1.2424393892288208,0.6456114580978312,1.0085325477944653,572,False
paloma_humaneval_gsm8k,h100-d512-mixprior-7b1ad7e4ae77a16b-seed0-from10pct-20260829,1.1876338720321655,0.5469013327114545,0.8100525519859133,94,False
paloma_humaneval_gsm8k,h100-d512-mixprior-8545b0cf2a88fc82-seed0-from10pct-20260829,1.1897478103637695,0.5423230480565652,0.8708344772628135,194,False
paloma_humaneval_gsm8k,h100-d512-mixprior-9570b9a1addc7609-seed0-from10pct-20260829,1.2015691995620728,0.5555609347960717,0.7871323840362336,150,False
paloma_humaneval_gsm8k,h100-d512-mixprior-9a67f8bf4c811bdf-seed0-from10pct-20260829,1.1970709562301636,0.5334904532265147,0.7599277941999377,71,False
paloma_humaneval_gsm8k,h100-d512-mixprior-a61e63b32c974bff-seed0-from10pct-20260829,1.1862356662750244,0.5503959075781834,0.8056817388572836,39,False
paloma_humaneval_gsm8k,h100-d512-mixprior-a8abfdc64b07f0ca-seed0-from10pct-20260829,1.1877391338348389,0.5442099558903857,0.7959983878200925,44,False
paloma_humaneval_gsm8k,h100-d512-mixprior-addb78a07c22a234-seed0-from10pct-20260829,1.1891677379608154,0.562232463424901,0.8129111904683913,173,False
paloma_humaneval_gsm8k,h100-d512-mixprior-afc4d729688170f9-seed0-from10pct-20260829,1.2927780151367188,0.700874765765191,1.0199511450000958,591,False
paloma_humaneval_gsm8k,h100-d512-mixprior-b21cb7d90123bd74-seed0-from10pct-20260829,1.1885640621185303,0.5642735371089554,0.7852121370612251,35,False
paloma_humaneval_gsm8k,h100-d512-mixprior-d247d16b43f071dc-seed0-from10pct-20260829,1.2004568576812744,0.5448617364115104,0.8628993517193684,348,False
paloma_humaneval_gsm8k,h100-d512-mixprior-d2e720778d1e30c4-seed0-from10pct-20260829,1.1873478889465332,0.5462858666263978,0.7941137557633485,33,False
paloma_humaneval_gsm8k,h100-d512-mixprior-d33fb4b5d3c5d890-seed0-from10pct-20260829,1.1888446807861328,0.5594107786506743,0.8144360005782799,166,False
paloma_humaneval_gsm8k,h100-d512-mixprior-e4edeb1593bf4231-seed0-from10pct-20260829,1.1851445436477661,0.5578260140830013,0.8062725681194811,16,False
paloma_humaneval_gsm8k,h100-d512-mixprior-f52ef26a56fb325f-seed0-from10pct-20260829,1.2066798210144043,0.4912263976896933,0.7420733125857826,0,True
paloma_humaneval_gsm8k,h100-d512-mixprior-fc227dd366b4aecf-seed0-from10pct-20260829,1.2364833354949951,0.5198821058893296,0.8917075543673593,165,False
paloma_humaneval_gsm8k,h100-d512-mixprior-fd01b8ff1c477518-seed0-from10pct-20260829,1.1877367496490479,0.5383901655453249,0.8096068358281961,71,False
paloma_humaneval_gsm8k,h100-d512-mixprior-fd3b8a5fab2b223a-seed0-from10pct-20260829,1.2022209167480469,0.5595617432261688,0.8328629785371664,396,False
paloma_humaneval_gsm8k,h100-d512-mixprior-4f9aa64918e3ebbc-seed0-from10pct-20260829,1.1851121187210083,0.5695667057097925,0.8259376293077442,27,False
paloma_humaneval_gsm8k,h100-d512-mixprior-581bdbeffb597d70-seed0-from10pct-20260829,1.1858487129211426,0.5469112419917033,0.8612551457932052,39,False
paloma_humaneval_gsm8k,h100-d512-mixprior-72e92d64ff271cca-seed0-from10pct-20260829,1.1940944194793701,0.589505813741476,0.8709118640767237,419,False
paloma_humaneval_gsm8k,h100-d512-mixprior-8477a804615faec6-seed0-from10pct-20260829,1.1859691143035889,0.5739357662509793,0.7753899309693629,3,False
paloma_humaneval_gsm8k,h100-d512-mixprior-a9ea53cee6ddb556-seed0-from10pct-20260829,1.1880574226379395,0.5364371762498149,0.8279687119284542,104,False
paloma_humaneval_gsm8k,h100-d512-mixprior-aaa77e23b9d43a45-seed0-from10pct-20260829,1.2183811664581299,0.5616052530323659,0.8410061198775349,437,False
paloma_humaneval_gsm8k,h100-d512-mixprior-afa5813dd8364235-seed0-from10pct-20260829,1.208211064338684,0.5729224226259813,0.8595368580624788,477,False
paloma_humaneval_gsm8k,h100-d512-mixprior-c0f2c0402e2df7c1-seed0-from10pct-20260829,1.196399450302124,0.532950091484593,0.8019059512421146,153,False
paloma_humaneval_gsm8k,h100-d512-mixprior-d327cbd5e7737f19-seed0-from10pct-20260829,1.1961572170257568,0.542278921067132,0.823544906968971,265,False
paloma_humaneval_gsm8k,h100-d512-mixprior-33627e1885f02699-seed0-from10pct-20260829,1.219862699508667,0.5457731782942898,0.8608987022984075,379,False
paloma_humaneval_gsm8k,h100-d512-mixprior-36f2c725675aa23c-seed0-from10pct-20260829,1.1866397857666016,0.5841696483512943,0.781489676264298,12,False
paloma_humaneval_gsm8k,h100-d512-mixprior-41c1d397c6c0a764-seed0-from10pct-20260829,1.2284494638442993,0.5880627653280637,0.7573290383050996,91,False
paloma_humaneval_gsm8k,h100-d512-mixprior-6e12571a6c4cb720-seed0-from10pct-20260829,1.2127485275268555,0.5554957519111158,0.8375761770203675,406,False
paloma_humaneval_gsm8k,h100-d512-mixprior-9b463c08d3fb93ab-seed0-from10pct-20260829,1.2088733911514282,0.5696244114208652,0.8642270814928723,479,False
paloma_humaneval_gsm8k,h100-d512-mixprior-a9785eb1e7d34697-seed0-from10pct-20260829,1.1836764812469482,0.5597969233948591,0.7909104051169412,2,False
paloma_humaneval_gsm8k,h100-d512-mixprior-e6d0e879647f8f4f-seed0-from10pct-20260829,1.4566624164581299,0.6609140396267851,1.0446285065715692,590,False
paloma_humaneval_gsm8k,h100-d512-mixprior-0a9d2b0bbf3daf66-seed0-from10pct-20260829,1.2249373197555542,0.5418071127780425,0.8584334368845261,348,False
paloma_humaneval_gsm8k,h100-d512-mixprior-0ee84179b53369e3-seed0-from10pct-20260829,1.1899937391281128,0.6123810022991673,0.8772065246567093,309,False
paloma_humaneval_gsm8k,h100-d512-mixprior-13019d3f55320745-seed0-from10pct-20260829,1.2105056047439575,0.5801473499669304,0.8665018293183409,496,False
paloma_humaneval_gsm8k,h100-d512-mixprior-13e60514b5b53b6f-seed0-from10pct-20260829,1.2022373676300049,0.5681050734612058,0.7962605187253957,224,False
paloma_humaneval_gsm8k,h100-d512-mixprior-141c450cf0507271-seed0-from10pct-20260829,1.1974384784698486,0.5650430670866096,0.8620227417184265,430,False
paloma_humaneval_gsm8k,h100-d512-mixprior-1a5051b64465b554-seed0-from10pct-20260829,1.2433104515075684,0.5372858926207814,0.8903910984490373,325,False
paloma_humaneval_gsm8k,h100-d512-mixprior-1a518eba7f8e2ce1-seed0-from10pct-20260829,1.1951191425323486,0.5800809727195126,0.798391867109006,220,False
paloma_humaneval_gsm8k,h100-d512-mixprior-1a80fc799b1601dd-seed0-from10pct-20260829,1.2107887268066406,0.6459015085210419,0.8490942466328546,487,False
paloma_humaneval_gsm8k,h100-d512-mixprior-1b63a0784aab669b-seed0-from10pct-20260829,1.2567706108093262,0.6578133847157516,0.9311434189720981,578,False
paloma_humaneval_gsm8k,h100-d512-mixprior-21483711c74c1dcf-seed0-from10pct-20260829,1.1874938011169434,0.5365372644208996,0.8181519500469991,80,False
paloma_humaneval_gsm8k,h100-d512-mixprior-23486f7450468dd4-seed0-from10pct-20260829,1.187528371810913,0.5497827516940624,0.810342343244672,101,False
paloma_humaneval_gsm8k,h100-d512-mixprior-2a0cf2e4a2940c0e-seed0-from10pct-20260829,1.1936044692993164,0.551281870828941,0.8312953310574761,324,False
paloma_humaneval_gsm8k,h100-d512-mixprior-335f8138ede56816-seed0-from10pct-20260829,1.2445836067199707,0.5382207349637174,0.9635495911444409,340,False
paloma_humaneval_gsm8k,h100-d512-mixprior-37f35acba24bc712-seed0-from10pct-20260829,1.2599941492080688,0.585037574938684,0.8629327914420466,507,False
paloma_humaneval_gsm8k,h100-d512-mixprior-3c277c03d5ff1641-seed0-from10pct-20260829,1.1870962381362915,0.5587865476256211,0.8012451243815087,55,False
paloma_humaneval_gsm8k,h100-d512-mixprior-3f369589d7c9e61d-seed0-from10pct-20260829,1.1937614679336548,0.5960231301007758,0.9450550768752783,422,False
paloma_humaneval_gsm8k,h100-d512-mixprior-45589c05695d24b0-seed0-from10pct-20260829,1.2016019821166992,0.5634459607755864,0.7126212637602248,16,False
paloma_humaneval_gsm8k,h100-d512-mixprior-47ea8a75dd61e300-seed0-from10pct-20260829,1.2304339408874512,0.5169355311371431,0.7673934612481752,25,False
paloma_humaneval_gsm8k,h100-d512-mixprior-4929d2cd9729ae19-seed0-from10pct-20260829,1.2202959060668945,0.5785492884623171,0.9100613116861598,521,False
paloma_humaneval_gsm8k,h100-d512-mixprior-4c4d15f30dfd25c6-seed0-from10pct-20260829,1.2131121158599854,0.6098250789265977,0.8081573145772019,335,False
paloma_humaneval_gsm8k,h100-d512-mixprior-4c837661dc3215e0-seed0-from10pct-20260829,1.2007935047149658,0.5316567214873937,0.89572969081272,250,False
paloma_humaneval_gsm8k,h100-d512-mixprior-5724863c1bffb78f-seed0-from10pct-20260829,1.2002522945404053,0.5413901496110737,0.9136910285629808,330,False
paloma_humaneval_gsm8k,h100-d512-mixprior-594bc8263f59d85a-seed0-from10pct-20260829,1.2522025108337402,0.6025707471689754,0.9529475143868724,561,False
paloma_humaneval_gsm8k,h100-d512-mixprior-5b8551bc416666b0-seed0-from10pct-20260829,1.1862388849258423,0.5435669508997646,0.8142519101585162,39,False
paloma_humaneval_gsm8k,h100-d512-mixprior-5be83cabcb42b9cc-seed0-from10pct-20260829,1.1913816928863525,0.5840482430277985,0.7732243419285482,68,False
paloma_humaneval_gsm8k,h100-d512-mixprior-677ede520a446348-seed0-from10pct-20260829,1.2045812606811523,0.6105501002619315,0.7396293716426554,76,False
paloma_humaneval_gsm8k,h100-d512-mixprior-69bd43f3a2239659-seed0-from10pct-20260829,1.2051141262054443,0.5912788065064006,0.9017359685386798,506,False
paloma_humaneval_gsm8k,h100-d512-mixprior-6a3a310e5b81ff13-seed0-from10pct-20260829,1.199774980545044,0.5188945789575962,0.8883729157443446,130,False
paloma_humaneval_gsm8k,h100-d512-mixprior-6b361a4dac398960-seed0-from10pct-20260829,1.1886616945266724,0.5481694816007772,0.8182358508204197,152,False
paloma_humaneval_gsm8k,h100-d512-mixprior-6ba35130af6fc176-seed0-from10pct-20260829,1.1960258483886719,0.605060331703886,0.7981722508508634,229,False
paloma_humaneval_gsm8k,h100-d512-mixprior-6d449b840a4ebddf-seed0-from10pct-20260829,1.1882622241973877,0.5478457903870675,0.7322895172343002,0,True
paloma_humaneval_gsm8k,h100-d512-mixprior-6d9ada21dd91bc53-seed0-from10pct-20260829,1.1921147108078003,0.5564512514250115,0.7303197832797387,47,False
paloma_humaneval_gsm8k,h100-d512-mixprior-746316ea93988941-seed0-from10pct-20260829,1.2091387510299683,0.5801459124660752,0.8513335681196305,478,False
paloma_humaneval_gsm8k,h100-d512-mixprior-75c70f4afa83464f-seed0-from10pct-20260829,1.1967849731445312,0.5713097130039786,0.8842477065464437,442,False
paloma_humaneval_gsm8k,h100-d512-mixprior-79d5e1f2dc9b0e9e-seed0-from10pct-20260829,1.2035624980926514,0.5624079204486194,0.898670229267889,452,False
paloma_humaneval_gsm8k,h100-d512-mixprior-7b1b543996ec2dd0-seed0-from10pct-20260829,1.2003403902053833,0.5421243592743659,0.8956466926257948,337,False
paloma_humaneval_gsm8k,h100-d512-mixprior-7edc0b6652e997af-seed0-from10pct-20260829,1.2061206102371216,0.5721884995434111,0.7167329155210467,27,False
paloma_humaneval_gsm8k,h100-d512-mixprior-802909d3ba5a7a05-seed0-from10pct-20260829,1.1901342868804932,0.5400782929612058,0.824710030264557,159,False
paloma_humaneval_gsm8k,h100-d512-mixprior-820ba7e0b2aae1da-seed0-from10pct-20260829,1.1861741542816162,0.5361723765145938,0.7926372988881311,5,False
paloma_humaneval_gsm8k,h100-d512-mixprior-85cd6a9b15f543f5-seed0-from10pct-20260829,1.2537429332733154,0.5380034456706945,0.9051316410718803,337,False
paloma_humaneval_gsm8k,h100-d512-mixprior-8c8563930c7330da-seed0-from10pct-20260829,1.208486795425415,0.5713397201060721,0.7899741475929406,179,False
paloma_humaneval_gsm8k,h100-d512-mixprior-93ecc93549747763-seed0-from10pct-20260829,1.210953712463379,0.6369756218387801,0.888240633334501,527,False
paloma_humaneval_gsm8k,h100-d512-mixprior-999ca81314d9aad4-seed0-from10pct-20260829,1.1874028444290161,0.5534439817726017,0.8078923588684893,95,False
paloma_humaneval_gsm8k,h100-d512-mixprior-a019f8428001fd06-seed0-from10pct-20260829,1.214504361152649,0.5495097721418405,0.9578658273059683,424,False
paloma_humaneval_gsm8k,h100-d512-mixprior-a123fb2e07edd770-seed0-from10pct-20260829,1.2520771026611328,0.5222835973180564,0.7741026515234976,57,False
paloma_humaneval_gsm8k,h100-d512-mixprior-a347a21f183f77ec-seed0-from10pct-20260829,1.2864489555358887,0.6393923332436033,0.9442492161708068,579,False
paloma_humaneval_gsm8k,h100-d512-mixprior-a711b399e2644b43-seed0-from10pct-20260829,1.214045524597168,0.6284701126802699,0.8929816718759368,535,False
paloma_humaneval_gsm8k,h100-d512-mixprior-aa7f5099237ab215-seed0-from10pct-20260829,1.2225589752197266,0.6061881638705015,0.8841449263897302,528,False
paloma_humaneval_gsm8k,h100-d512-mixprior-aea5507b2faf6cc0-seed0-from10pct-20260829,1.2565276622772217,0.5383480752482988,0.886520884138742,336,False
paloma_humaneval_gsm8k,h100-d512-mixprior-b6c09da7647228fd-seed0-from10pct-20260829,1.198580265045166,0.6107262176920474,0.8903991417137234,474,False
paloma_humaneval_gsm8k,h100-d512-mixprior-b95075f40a26326c-seed0-from10pct-20260829,1.1983760595321655,0.6226117087554126,0.9011253617106167,478,False
paloma_humaneval_gsm8k,h100-d512-mixprior-bc55739f36618d49-seed0-from10pct-20260829,1.2111220359802246,0.5522448814820076,0.8627506628764378,416,False
paloma_humaneval_gsm8k,h100-d512-mixprior-be7861749b7148ab-seed0-from10pct-20260829,1.1896377801895142,0.6021069462714502,0.8007527760927383,125,False
paloma_humaneval_gsm8k,h100-d512-mixprior-c18a69630b160de2-seed0-from10pct-20260829,1.2053642272949219,0.5174008705690976,0.8731538928891827,122,False
paloma_humaneval_gsm8k,h100-d512-mixprior-c750928622501c61-seed0-from10pct-20260829,1.2433054447174072,0.5360850339728319,0.9061351054495419,322,False
paloma_humaneval_gsm8k,h100-d512-mixprior-c85e2545e398782b-seed0-from10pct-20260829,1.2149617671966553,0.5623876807073669,0.9002171543887708,476,False
paloma_humaneval_gsm8k,h100-d512-mixprior-ce01aea8f221620d-seed0-from10pct-20260829,1.1974740028381348,0.5948646000960358,0.8453222113399963,435,False
paloma_humaneval_gsm8k,h100-d512-mixprior-cf4932c50025f78f-seed0-from10pct-20260829,1.19926118850708,0.5924764631290889,0.8487314636878034,446,False
paloma_humaneval_gsm8k,h100-d512-mixprior-d028e4309583a786-seed0-from10pct-20260829,1.1882312297821045,0.534073642459046,0.7909038931437509,21,False
paloma_humaneval_gsm8k,h100-d512-mixprior-d4e205c4928423fb-seed0-from10pct-20260829,1.1887798309326172,0.5648713036020317,0.82778291451528,220,False
paloma_humaneval_gsm8k,h100-d512-mixprior-d964ba6acc589feb-seed0-from10pct-20260829,1.2245213985443115,0.681068953576884,0.9545559470032586,562,False
paloma_humaneval_gsm8k,h100-d512-mixprior-da4e765d63fe2fdc-seed0-from10pct-20260829,1.1927590370178223,0.634659223266447,0.8735565134065223,402,False
paloma_humaneval_gsm8k,h100-d512-mixprior-db6b914b3853f093-seed0-from10pct-20260829,1.2923007011413574,0.6249836728318928,1.0126464500816987,582,False
paloma_humaneval_gsm8k,h100-d512-mixprior-e67649e32bf5ebe5-seed0-from10pct-20260829,1.1958107948303223,0.6162706864145044,0.8776724673419739,446,False
paloma_humaneval_gsm8k,h100-d512-mixprior-e7810a258aacd4e5-seed0-from10pct-20260829,1.2050564289093018,0.5407748870168249,0.8343273158248627,318,False
paloma_humaneval_gsm8k,h100-d512-mixprior-ea6a0d2f2aaea13c-seed0-from10pct-20260829,1.2003555297851562,0.5454912984735452,0.9178402331863345,365,False
paloma_humaneval_gsm8k,h100-d512-mixprior-f1c1ed44640b7b92-seed0-from10pct-20260829,1.268191933631897,0.5537734814862045,0.8519620456663732,418,False
paloma_humaneval_gsm8k,h100-d512-mixprior-fac35357f8815bab-seed0-from10pct-20260829,1.1901781558990479,0.5792957314115552,0.8804451483510102,315,False
paloma_humaneval_gsm8k,h100-d512-mixprior-02d7e4261304488f-seed0-from10pct-20260829,1.2019743919372559,0.5699926408774492,0.8956483418045184,465,False
paloma_humaneval_gsm8k,h100-d512-mixprior-069e3529f9da5eae-seed0-from10pct-20260829,1.2386378049850464,0.5795802546680371,0.8885891458090016,519,False
paloma_humaneval_gsm8k,h100-d512-mixprior-09b08408bc10bac1-seed0-from10pct-20260829,1.189981460571289,0.5490642878207361,0.8232337638328345,195,False
paloma_humaneval_gsm8k,h100-d512-mixprior-0a1eb11215ebf1d9-seed0-from10pct-20260829,1.1944286823272705,0.5824459899227575,0.8865191125174556,430,False
paloma_humaneval_gsm8k,h100-d512-mixprior-0d5bf72ba9c34aca-seed0-from10pct-20260829,1.238869071006775,0.5612484779421496,0.8192182619878892,373,False
paloma_humaneval_gsm8k,h100-d512-mixprior-0efa8adf369bd3f6-seed0-from10pct-20260829,1.199636697769165,0.6202346122126605,0.8517185124130511,455,False
paloma_humaneval_gsm8k,h100-d512-mixprior-0f6f49441a783695-seed0-from10pct-20260829,1.1850097179412842,0.5416304764176936,0.7955495231655707,5,False
paloma_humaneval_gsm8k,h100-d512-mixprior-1166a91e4999b611-seed0-from10pct-20260829,1.2464179992675781,0.5972124725936182,0.9192117824001941,556,False
paloma_humaneval_gsm8k,h100-d512-mixprior-1f5080a873321eed-seed0-from10pct-20260829,1.1870238780975342,0.5319562148946111,0.8250446570854528,55,False
paloma_humaneval_gsm8k,h100-d512-mixprior-2452ca7449eabe33-seed0-from10pct-20260829,1.226304054260254,0.5307520514543113,0.8677459097594875,266,False
paloma_humaneval_gsm8k,h100-d512-mixprior-2b67a00f1a8c02e8-seed0-from10pct-20260829,1.202327847480774,0.568087453471281,0.8558802063187817,445,False
paloma_humaneval_gsm8k,h100-d512-mixprior-2c9276d95ce66c4a-seed0-from10pct-20260829,1.1875395774841309,0.5420930669351436,0.8305332164540071,116,False
paloma_humaneval_gsm8k,h100-d512-mixprior-2d352a161240dd1a-seed0-from10pct-20260829,1.2026433944702148,0.5250320645664553,0.9082400707794094,200,False
paloma_humaneval_gsm8k,h100-d512-mixprior-345b89e2db132d33-seed0-from10pct-20260829,1.2003955841064453,0.5670905418365084,0.9165144317959723,460,False
paloma_humaneval_gsm8k,h100-d512-mixprior-36aa314d90852d37-seed0-from10pct-20260829,1.211148977279663,0.5822438563948045,0.888949478109612,513,False
paloma_humaneval_gsm8k,h100-d512-mixprior-4235c0156b1031dc-seed0-from10pct-20260829,1.1901159286499023,0.5293307441752763,0.7918126084168843,41,False
paloma_humaneval_gsm8k,h100-d512-mixprior-4477041d9b53957f-seed0-from10pct-20260829,1.4038548469543457,0.857669297811122,1.1083208753934426,592,False
paloma_humaneval_gsm8k,h100-d512-mixprior-5393f377902b6a03-seed0-from10pct-20260829,1.2076117992401123,0.5447417856393008,0.8800017322204838,378,False
paloma_humaneval_gsm8k,h100-d512-mixprior-56da79c0296d6caf-seed0-from10pct-20260829,1.19102144241333,0.5349201010495128,0.8825103385136102,197,False
paloma_humaneval_gsm8k,h100-d512-mixprior-57dbf5f0d4b905de-seed0-from10pct-20260829,1.1932287216186523,0.5718181742922303,0.7850310358023372,122,False
paloma_humaneval_gsm8k,h100-d512-mixprior-640bc9ec8f8b1fbf-seed0-from10pct-20260829,1.1883516311645508,0.5373005347202162,0.734494127046837,1,False
paloma_humaneval_gsm8k,h100-d512-mixprior-6863c557d2d04298-seed0-from10pct-20260829,1.2056336402893066,0.5608734052905958,0.8453744079579627,434,False
paloma_humaneval_gsm8k,h100-d512-mixprior-6e74ed85dd3be4bd-seed0-from10pct-20260829,1.1875202655792236,0.542987006206159,0.793072539491824,30,False
paloma_humaneval_gsm8k,h100-d512-mixprior-844026b35cf13b21-seed0-from10pct-20260829,1.187009572982788,0.5584732740175407,0.7718794096111232,4,False
paloma_humaneval_gsm8k,h100-d512-mixprior-875913f308c37210-seed0-from10pct-20260829,1.246004343032837,0.5908095289591749,0.8925835479233728,537,False
paloma_humaneval_gsm8k,h100-d512-mixprior-8787ef6e5831db5e-seed0-from10pct-20260829,1.2221801280975342,0.5669608450353074,0.7883067730707878,171,False
paloma_humaneval_gsm8k,h100-d512-mixprior-87a539c488350371-seed0-from10pct-20260829,1.1895220279693604,0.5574862854561149,0.7947814959961976,80,False
paloma_humaneval_gsm8k,h100-d512-mixprior-8c18711b506ae3fd-seed0-from10pct-20260829,1.1915538311004639,0.5597626077983412,0.8146601006062497,260,False
paloma_humaneval_gsm8k,h100-d512-mixprior-91f99dd358ceaecc-seed0-from10pct-20260829,1.188392162322998,0.5307138511247491,0.7877906578414174,18,False
paloma_humaneval_gsm8k,h100-d512-mixprior-99e0332bee9e15d6-seed0-from10pct-20260829,1.1942527294158936,0.5341108862813319,0.8117376006528323,181,False
paloma_humaneval_gsm8k,h100-d512-mixprior-a3832a83d0c085d7-seed0-from10pct-20260829,1.184715986251831,0.5745082460397365,0.8233903104032559,16,False
paloma_humaneval_gsm8k,h100-d512-mixprior-aa404c214196bbdc-seed0-from10pct-20260829,1.4650200605392456,0.6316478514279464,0.8809910186063548,541,False
paloma_humaneval_gsm8k,h100-d512-mixprior-b0eadc88573196e1-seed0-from10pct-20260829,1.1897287368774414,0.5347632881210034,0.8514895572274569,141,False
paloma_humaneval_gsm8k,h100-d512-mixprior-bb15ba3b039c811f-seed0-from10pct-20260829,1.1952106952667236,0.5906540268962126,0.8322215797909452,403,False
paloma_humaneval_gsm8k,h100-d512-mixprior-c7adaa0855a19abc-seed0-from10pct-20260829,1.1877564191818237,0.5623097507672158,0.8225428179112364,171,False
paloma_humaneval_gsm8k,h100-d512-mixprior-c8ae98a4795d8070-seed0-from10pct-20260829,1.1888532638549805,0.5600290357386897,0.8119569403663061,158,False
paloma_humaneval_gsm8k,h100-d512-mixprior-ccfce9549b754fe9-seed0-from10pct-20260829,1.7896251678466797,1.2680075116795424,2.2882799831173664,596,False
paloma_humaneval_gsm8k,h100-d512-mixprior-d7e7df52a91f7859-seed0-from10pct-20260829,1.194580316543579,0.616292102711394,0.7863752330771072,143,False
paloma_humaneval_gsm8k,h100-d512-mixprior-d9feb7e36aa5485a-seed0-from10pct-20260829,1.2377097606658936,0.5355233448177232,0.875337982956494,307,False
paloma_humaneval_gsm8k,h100-d512-mixprior-dd7d0d63baae9fed-seed0-from10pct-20260829,1.228040337562561,0.5283567229738875,0.8941199614673747,249,False
paloma_humaneval_gsm8k,h100-d512-mixprior-e22b9471932a44ff-seed0-from10pct-20260829,1.1954567432403564,0.5872974603174662,0.8528089640800377,426,False
paloma_humaneval_gsm8k,h100-d512-mixprior-e39cb6b882e121cd-seed0-from10pct-20260829,1.1833481788635254,0.5735868930093432,0.7852256219011912,1,False
paloma_humaneval_gsm8k,h100-d512-mixprior-e3f194f5882e2619-seed0-from10pct-20260829,1.1934796571731567,0.5754558369521916,0.7547873417678216,69,False
paloma_humaneval_gsm8k,h100-d512-mixprior-e45191f5acf9bcb9-seed0-from10pct-20260829,1.1857001781463623,0.5730305583242126,0.8036856798798618,26,False
paloma_humaneval_gsm8k,h100-d512-mixprior-f5931b21e4213e2c-seed0-from10pct-20260829,1.4346612691879272,0.6685121647793262,1.357579124257479,590,False
paloma_humaneval_gsm8k,h100-d512-mixprior-f6fe3fcdcc2c4662-seed0-from10pct-20260829,1.1874910593032837,0.5459624802236296,0.8084540072538347,84,False
paloma_humaneval_gsm8k,h100-d512-mixprior-fbf572f839d16bf8-seed0-from10pct-20260829,1.2200963497161865,0.585893786825281,0.8748288001542653,511,False
paloma_humaneval_gsm8k,h100-d512-mixprior-fcc1684c46a09c74-seed0-from10pct-20260829,1.1904420852661133,0.5611518592950457,0.8284987011092949,267,False
paloma_humaneval_gsm8k,h100-d512-mixprior-0553844b2f315524-seed0-from10pct-20260829,1.1928954124450684,0.5269599289330286,0.7103841210231341,7,False
paloma_humaneval_gsm8k,h100-d512-mixprior-05afaff63f3039cf-seed0-from10pct-20260829,1.1938145160675049,0.5171497936304008,0.7445257648354195,18,False
paloma_humaneval_gsm8k,h100-d512-mixprior-082e965cea6c0f4f-seed0-from10pct-20260829,1.194471001625061,0.5438919059259334,0.7504111518850679,66,False
paloma_humaneval_gsm8k,h100-d512-mixprior-0ac5153108adeda0-seed0-from10pct-20260829,1.1880706548690796,0.5439987937112366,0.8268004782519668,133,False
paloma_humaneval_gsm8k,h100-d512-mixprior-0d2a6d6eff335c86-seed0-from10pct-20260829,1.191042184829712,0.5209422850906474,0.7802952792104215,39,False
paloma_humaneval_gsm8k,h100-d512-mixprior-10795ba658da50f4-seed0-from10pct-20260829,1.1945030689239502,0.5227380866256142,0.7374946726228097,35,False
paloma_humaneval_gsm8k,h100-d512-mixprior-14fc700aaf496db5-seed0-from10pct-20260829,1.1911556720733643,0.5319454182005541,0.7244834595554427,27,False
paloma_humaneval_gsm8k,h100-d512-mixprior-1c28ccf162fc48e0-seed0-from10pct-20260829,1.1916441917419434,0.5517799214089505,0.7167048814256036,21,False
paloma_humaneval_gsm8k,h100-d512-mixprior-210a3fb337ffcf71-seed0-from10pct-20260829,1.197699785232544,0.5838585393164243,0.8905356662480316,462,False
paloma_humaneval_gsm8k,h100-d512-mixprior-229f654442189f5b-seed0-from10pct-20260829,1.2628495693206787,0.5839964937631626,0.9489653433519257,547,False
paloma_humaneval_gsm8k,h100-d512-mixprior-2720d2d0a3450e73-seed0-from10pct-20260829,1.1956210136413574,0.5222550675615252,0.7030293625439171,1,False
paloma_humaneval_gsm8k,h100-d512-mixprior-2e640867c4db6a14-seed0-from10pct-20260829,1.1976478099822998,0.5486372325745185,0.7313892984893904,58,False
paloma_humaneval_gsm8k,h100-d512-mixprior-2e685ad54efbcdb8-seed0-from10pct-20260829,1.1942636966705322,0.5403911608933962,0.7971209633987483,152,False
paloma_humaneval_gsm8k,h100-d512-mixprior-338fd3e16a53916c-seed0-from10pct-20260829,1.1940975189208984,0.5196854107396022,0.7872620478033328,55,False
paloma_humaneval_gsm8k,h100-d512-mixprior-35162aa6e772c8b2-seed0-from10pct-20260829,1.1897212266921997,0.5291519095201769,0.7747668069305735,11,False
paloma_humaneval_gsm8k,h100-d512-mixprior-3fb3c4f577d43fe8-seed0-from10pct-20260829,1.1879632472991943,0.5354320336715553,0.7943090383869678,27,False
paloma_humaneval_gsm8k,h100-d512-mixprior-435043dab334ff11-seed0-from10pct-20260829,1.1870453357696533,0.5349973199605463,0.8014238351310586,29,False
paloma_humaneval_gsm8k,h100-d512-mixprior-59113e7d55221188-seed0-from10pct-20260829,1.192969560623169,0.5271780730286147,0.7758488099352456,61,False
paloma_humaneval_gsm8k,h100-d512-mixprior-62d207415f290c1a-seed0-from10pct-20260829,1.2398371696472168,0.6130159203673053,0.9121986511469276,558,False
paloma_humaneval_gsm8k,h100-d512-mixprior-6c72edc7eb3e9ae9-seed0-from10pct-20260829,1.2020832300186157,0.6090353654008552,0.9147452619680072,492,False
paloma_humaneval_gsm8k,h100-d512-mixprior-78ec150499bfd59e-seed0-from10pct-20260829,1.1911039352416992,0.5338466553796084,0.757782209642488,41,False
paloma_humaneval_gsm8k,h100-d512-mixprior-79d8462c1071710e-seed0-from10pct-20260829,1.1939464807510376,0.5360073658348358,0.7290478509175268,46,False
paloma_humaneval_gsm8k,h100-d512-mixprior-79dcb036268b818a-seed0-from10pct-20260829,1.1929683685302734,0.5531369338496935,0.7882858533240757,122,False
paloma_humaneval_gsm8k,h100-d512-mixprior-7c5491522eb5a546-seed0-from10pct-20260829,1.1966623067855835,0.5189952275635763,0.7259821615271125,18,False
paloma_humaneval_gsm8k,h100-d512-mixprior-8c57c44ad6977a50-seed0-from10pct-20260829,1.2068098783493042,0.5712868390645764,0.8024995718716854,274,False
paloma_humaneval_gsm8k,h100-d512-mixprior-9773fd06b1c5f006-seed0-from10pct-20260829,1.1954822540283203,0.5127601909938879,0.7145972813500514,3,False
paloma_humaneval_gsm8k,h100-d512-mixprior-9a572e81a5ee3b2c-seed0-from10pct-20260829,1.1872795820236206,0.5413436162129983,0.8522370949972454,106,False
paloma_humaneval_gsm8k,h100-d512-mixprior-9b979784016e69f4-seed0-from10pct-20260829,1.1923859119415283,0.5657645559783075,0.7422822304033907,58,False
paloma_humaneval_gsm8k,h100-d512-mixprior-a0e487d31afaad89-seed0-from10pct-20260829,1.195712685585022,0.5319407594943919,0.7256887458551033,39,False
paloma_humaneval_gsm8k,h100-d512-mixprior-a6e8bed89f313323-seed0-from10pct-20260829,1.1978046894073486,0.5461453112197868,0.7339809429298809,61,False
paloma_humaneval_gsm8k,h100-d512-mixprior-a9e8a563c81f2c00-seed0-from10pct-20260829,1.208351969718933,0.5752141479224995,0.7983821204426786,250,False
paloma_humaneval_gsm8k,h100-d512-mixprior-aca7156440e23631-seed0-from10pct-20260829,1.1872169971466064,0.5481178085808375,0.7954288894610959,35,False
paloma_humaneval_gsm8k,h100-d512-mixprior-b75429a62e62e0a9-seed0-from10pct-20260829,1.1859827041625977,0.5344424899074207,0.8012010618356836,7,False
paloma_humaneval_gsm8k,h100-d512-mixprior-bc051d3b5158e13b-seed0-from10pct-20260829,1.1861778497695923,0.5352357179655053,0.8176109672293937,30,False
paloma_humaneval_gsm8k,h100-d512-mixprior-bcb87404d37f1ed4-seed0-from10pct-20260829,1.190359115600586,0.5375166029963765,0.787185928162917,51,False
paloma_humaneval_gsm8k,h100-d512-mixprior-d3313d35561e0104-seed0-from10pct-20260829,1.206225037574768,0.5779975104712075,0.7681571746249406,100,False
paloma_humaneval_gsm8k,h100-d512-mixprior-da3869e92cfed3e2-seed0-from10pct-20260829,1.1929306983947754,0.5403929297330701,0.755505096725558,60,False
paloma_humaneval_gsm8k,h100-d512-mixprior-dd99167fb9dfc0fb-seed0-from10pct-20260829,1.1942888498306274,0.5235289740599788,0.7281786015341025,31,False
paloma_humaneval_gsm8k,h100-d512-mixprior-df861bf630231bd2-seed0-from10pct-20260829,1.1963627338409424,0.48512468585016116,0.7753421124143289,0,True
paloma_humaneval_gsm8k,h100-d512-mixprior-e4903bf744cfaf0f-seed0-from10pct-20260829,1.1954292058944702,0.5163808138956747,0.7203729288115747,8,False
paloma_humaneval_gsm8k,h100-d512-mixprior-eaa80514ede0d82a-seed0-from10pct-20260829,1.1942095756530762,0.5282844955943925,0.7672655342260898,58,False
paloma_humaneval_gsm8k,h100-d512-mixprior-eba9ad8f4ce1a5c4-seed0-from10pct-20260829,1.1901501417160034,0.5154185083061283,0.7280430378118959,2,False
paloma_humaneval_gsm8k,h100-d512-mixprior-ebd6f40d955c87e1-seed0-from10pct-20260829,1.1931333541870117,0.5219807437165737,0.707932244684317,3,False
paloma_humaneval_gsm8k,h100-d512-mixprior-f3cd248ecb1913f3-seed0-from10pct-20260829,1.1930943727493286,0.5227187509476413,0.7272702522127449,25,False
paloma_humaneval_gsm8k,h100-d512-mixprior-f74bee0193e92cdc-seed0-from10pct-20260829,1.2137329578399658,0.5938490789414236,0.8110289159378175,351,False
paloma_humaneval_gsm8k,h100-d512-mixprior-fbb520da8e55242a-seed0-from10pct-20260829,1.186112880706787,0.5441775621610413,0.8060474448156701,25,False
paloma_humaneval_gsm8k,h100-d512-mixprior-fd1e0006e6c035c4-seed0-from10pct-20260829,1.1912695169448853,0.5501636632086342,0.7248557913722733,33,False
paloma_humaneval_gsm8k,h100-d512-mixprior-09975a72097cc7fa-seed0-from10pct-20260829,1.1932737827301025,0.533309692196198,0.7203084709163062,27,False
paloma_humaneval_gsm8k,h100-d512-mixprior-0bf0278d285e79e4-seed0-from10pct-20260829,1.1903328895568848,0.5190067447410112,0.7140943769032191,3,False
paloma_humaneval_gsm8k,h100-d512-mixprior-0c15d06e8063d3dd-seed0-from10pct-20260829,1.2039716243743896,0.5198407839873078,0.8205371136919284,132,False
paloma_humaneval_gsm8k,h100-d512-mixprior-0d833543e7e6c72a-seed0-from10pct-20260829,1.1920082569122314,0.5195161464324403,0.7463163244972904,27,False
paloma_humaneval_gsm8k,h100-d512-mixprior-0dbee2f7fb65d440-seed0-from10pct-20260829,1.1891875267028809,0.5296960312288816,0.712281385166832,0,True
paloma_humaneval_gsm8k,h100-d512-mixprior-133392ebbce1cb5e-seed0-from10pct-20260829,1.1909282207489014,0.5112718894134788,0.7359982993892473,2,False
paloma_humaneval_gsm8k,h100-d512-mixprior-17d6f84b966dfd9e-seed0-from10pct-20260829,1.2034685611724854,0.5136001181215836,0.8186910499173227,70,False
paloma_humaneval_gsm8k,h100-d512-mixprior-28ee5719a759aa6a-seed0-from10pct-20260829,1.2054708003997803,0.5241544158273261,0.8101762113846884,148,False
paloma_humaneval_gsm8k,h100-d512-mixprior-34c3ab956c91a9fe-seed0-from10pct-20260829,1.2029719352722168,0.521554148385972,0.7971252255171031,94,False
paloma_humaneval_gsm8k,h100-d512-mixprior-4796bf1a8edaa048-seed0-from10pct-20260829,1.201684594154358,0.5179412423714681,0.7816782930307365,46,False
paloma_humaneval_gsm8k,h100-d512-mixprior-56db3c816d2dcfaa-seed0-from10pct-20260829,1.2049633264541626,0.5251252633512202,0.8112435169281902,157,False
paloma_humaneval_gsm8k,h100-d512-mixprior-64dc46d0bcb64c99-seed0-from10pct-20260829,1.206604242324829,0.5305868925980933,0.7920815264541352,129,False
paloma_humaneval_gsm8k,h100-d512-mixprior-70a032f42e062281-seed0-from10pct-20260829,1.1906720399856567,0.5214556279268682,0.7387724664261216,21,False
paloma_humaneval_gsm8k,h100-d512-mixprior-74c234cb3fd3874e-seed0-from10pct-20260829,1.1907607316970825,0.5075666480483392,0.7489743312285537,1,False
paloma_humaneval_gsm8k,h100-d512-mixprior-74e1717ff57bbd5b-seed0-from10pct-20260829,1.205207347869873,0.5279672106578666,0.8192909935782864,201,False
paloma_humaneval_gsm8k,h100-d512-mixprior-9180fb50c1677454-seed0-from10pct-20260829,1.2033230066299438,0.5254366028788119,0.8035244062456858,137,False
paloma_humaneval_gsm8k,h100-d512-mixprior-91ed0f670e0373d5-seed0-from10pct-20260829,1.205106258392334,0.519351135572616,0.814636540345957,120,False
paloma_humaneval_gsm8k,h100-d512-mixprior-9bd2696821360007-seed0-from10pct-20260829,1.204582691192627,0.5263249901970509,0.7990923656410667,130,False
paloma_humaneval_gsm8k,h100-d512-mixprior-b67964eae7551dd7-seed0-from10pct-20260829,1.2039248943328857,0.5240529795727299,0.7867208531724378,87,False
paloma_humaneval_gsm8k,h100-d512-mixprior-b8c634fa591db7ca-seed0-from10pct-20260829,1.204474925994873,0.5200037427261993,0.798463933060901,93,False
paloma_humaneval_gsm8k,h100-d512-mixprior-c43a76ee7499fc4d-seed0-from10pct-20260829,1.2058762311935425,0.5249637708240219,0.7869663771504207,92,False
paloma_humaneval_gsm8k,h100-d512-mixprior-cbb5a07c918bb6db-seed0-from10pct-20260829,1.204896330833435,0.5050708406878335,0.7985159082129544,23,False
paloma_humaneval_gsm8k,h100-d512-mixprior-d2e05e718308cb4a-seed0-from10pct-20260829,1.2038832902908325,0.5190410578679363,0.8138833684674176,110,False
paloma_humaneval_gsm8k,h100-d512-mixprior-d672e3933a6613a2-seed0-from10pct-20260829,1.19174063205719,0.5271272220121319,0.7193496375835994,22,False
paloma_humaneval_gsm8k,h100-d512-mixprior-f0d6463d4cebcf13-seed0-from10pct-20260829,1.2046756744384766,0.5128362145918174,0.8068661038638839,52,False
paloma_humaneval_gsm8k,h100-d512-mixprior-f4ae860fc310b301-seed0-from10pct-20260829,1.1897783279418945,0.5169535105154847,0.7326150915226174,2,False
paloma_humaneval_gsm8k,h100-d512-mixprior-0f8ab1ad6f5720d8-seed0-from10pct-20260829,1.1903047561645508,0.5156505960727956,0.7375222637341003,3,False
paloma_humaneval_gsm8k,h100-d512-mixprior-1a4e947ecf6d16c0-seed0-from10pct-20260829,1.191338300704956,0.5249053642040091,0.7099622518036225,5,False
paloma_humaneval_gsm8k,h100-d512-mixprior-1bf78e5c97ec351f-seed0-from10pct-20260829,1.1909735202789307,0.521118942701202,0.7263904253284453,17,False
paloma_humaneval_gsm8k,h100-d512-mixprior-2458b832ddc1a897-seed0-from10pct-20260829,1.1905158758163452,0.5252327830088428,0.7210840352373621,12,False
paloma_humaneval_gsm8k,h100-d512-mixprior-251339b3ff104c74-seed0-from10pct-20260829,1.1896693706512451,0.5098614253052305,0.7151264134842864,0,True
paloma_humaneval_gsm8k,h100-d512-mixprior-2b21399fe748ca4a-seed0-from10pct-20260829,1.1906349658966064,0.5241989392831652,0.7209688658914336,13,False
paloma_humaneval_gsm8k,h100-d512-mixprior-3b0f08ccb72e2327-seed0-from10pct-20260829,1.191236972808838,0.5276530894271886,0.7268210255535534,28,False
paloma_humaneval_gsm8k,h100-d512-mixprior-3d214c809d68084c-seed0-from10pct-20260829,1.203291416168213,0.5308092776156508,0.8008327948265932,157,False
paloma_humaneval_gsm8k,h100-d512-mixprior-456a60ec0914df1b-seed0-from10pct-20260829,1.1898233890533447,0.5434637630688636,0.7170237457830665,5,False
paloma_humaneval_gsm8k,h100-d512-mixprior-61beca394d4923b9-seed0-from10pct-20260829,1.2040461301803589,0.5138481561138926,0.7926240154809723,32,False
paloma_humaneval_gsm8k,h100-d512-mixprior-627e9d2454efe8b0-seed0-from10pct-20260829,1.190345287322998,0.5339217438734797,0.7235856051557226,12,False
paloma_humaneval_gsm8k,h100-d512-mixprior-6869d1034f3e3798-seed0-from10pct-20260829,1.1905534267425537,0.5221592976682848,0.7239430797822222,13,False
paloma_humaneval_gsm8k,h100-d512-mixprior-68c203ef6e628303-seed0-from10pct-20260829,1.1905931234359741,0.5160777530106027,0.7180117667508248,4,False
paloma_humaneval_gsm8k,h100-d512-mixprior-69f49cea9f4ce5c3-seed0-from10pct-20260829,1.1912404298782349,0.5231340175328772,0.717741748156268,15,False
paloma_humaneval_gsm8k,h100-d512-mixprior-6e38c829805f0565-seed0-from10pct-20260829,1.1909706592559814,0.5234884134493287,0.7136595384021531,8,False
paloma_humaneval_gsm8k,h100-d512-mixprior-76913c74622da36b-seed0-from10pct-20260829,1.1908671855926514,0.5171714488309203,0.7023648905898374,0,True
paloma_humaneval_gsm8k,h100-d512-mixprior-76d150d73e9ddd97-seed0-from10pct-20260829,1.190415620803833,0.5155235303120193,0.709732519558477,0,True
paloma_humaneval_gsm8k,h100-d512-mixprior-79ffb24e136b86e0-seed0-from10pct-20260829,1.1905386447906494,0.5189611582833513,0.7272241368908654,10,False
paloma_humaneval_gsm8k,h100-d512-mixprior-7b4244b3ffa89286-seed0-from10pct-20260829,1.190048336982727,0.5274494509737176,0.7317802430228318,7,False
paloma_humaneval_gsm8k,h100-d512-mixprior-8165d589b06b36cc-seed0-from10pct-20260829,1.189375400543213,0.5175090961790577,0.7149765273922776,1,False
paloma_humaneval_gsm8k,h100-d512-mixprior-88051d55e6072420-seed0-from10pct-20260829,1.1904454231262207,0.5163418104234354,0.7081012841316897,0,True
paloma_humaneval_gsm8k,h100-d512-mixprior-97f431ef779ca9ff-seed0-from10pct-20260829,1.1911922693252563,0.5208099831052164,0.7245629413106153,17,False
paloma_humaneval_gsm8k,h100-d512-mixprior-a300d4c4b5ffb114-seed0-from10pct-20260829,1.190310001373291,0.503651761604767,0.7204623681716604,0,True
paloma_humaneval_gsm8k,h100-d512-mixprior-afbe0619750ff7ea-seed0-from10pct-20260829,1.1910390853881836,0.5257707202546049,0.7109892720603238,5,False
paloma_humaneval_gsm8k,h100-d512-mixprior-b552ca938de4c985-seed0-from10pct-20260829,1.1900862455368042,0.5222031735506854,0.7239269149901181,7,False
paloma_humaneval_gsm8k,h100-d512-mixprior-bdbe23ef1374113c-seed0-from10pct-20260829,1.1905186176300049,0.5205436823138582,0.7172159222299468,10,False
paloma_humaneval_gsm8k,h100-d512-mixprior-c1ee385a1f396714-seed0-from10pct-20260829,1.1893680095672607,0.5190139502137093,0.7133605180536539,1,False
paloma_humaneval_gsm8k,h100-d512-mixprior-c504e775dff267e8-seed0-from10pct-20260829,1.2037568092346191,0.5213752596855499,0.8315067131903516,154,False
paloma_humaneval_gsm8k,h100-d512-mixprior-c65b096589c54574-seed0-from10pct-20260829,1.1909149885177612,0.5217658642842875,0.714328596562952,10,False
paloma_humaneval_gsm8k,h100-d512-mixprior-d1b02a57809c41d1-seed0-from10pct-20260829,1.1892321109771729,0.5118289493388101,0.7120510359528561,0,True
paloma_humaneval_gsm8k,h100-d512-mixprior-d2560cd833f16b67-seed0-from10pct-20260829,1.191150426864624,0.5253715429716375,0.7277017062479242,27,False
paloma_humaneval_gsm8k,h100-d512-mixprior-d44625acc6e4054c-seed0-from10pct-20260829,1.1904990673065186,0.5157145290027684,0.7121938494434534,2,False
paloma_humaneval_gsm8k,h100-d512-mixprior-e24a4e73a2c92c3b-seed0-from10pct-20260829,1.191365361213684,0.5369327457142102,0.7102857611596327,6,False
paloma_humaneval_gsm8k,h100-d512-mixprior-e4b373f9f3e38f83-seed0-from10pct-20260829,1.1907811164855957,0.5149958121763683,0.7207501178009863,3,False
paloma_humaneval_gsm8k,h100-d512-mixprior-1d28fbf0c12e9932-seed0-from10pct-20260829,1.1911985874176025,0.5017146802076493,0.7110909971033952,0,True
paloma_humaneval_gsm8k,h100-d512-mixprior-a919317585f5b904-seed0-from10pct-20260829,1.1900134086608887,0.5180211456032371,0.7140266383197299,2,False
paloma_humaneval_gsm8k,h100-d512-mixprior-07dc1a9209e1ef25-seed0-from10pct-20260829,1.1892808675765991,0.530739962306333,0.7193480431689678,2,False
paloma_humaneval_gsm8k,h100-d512-mixprior-2e74ba8298c85f96-seed0-from10pct-20260829,1.189568281173706,0.518404549283965,0.7230893917759469,2,False
paloma_humaneval_gsm8k,h100-d512-mixprior-517b0641fbcca443-seed0-from10pct-20260829,1.1905457973480225,0.5225031080056421,0.7285202189950631,17,False
paloma_humaneval_gsm8k,h100-d512-mixprior-556d6a2b3df762ab-seed0-from10pct-20260829,1.1898829936981201,0.5166758815333369,0.7037184274579965,0,True
paloma_humaneval_gsm8k,h100-d512-mixprior-9d9c0cca770584a6-seed0-from10pct-20260829,1.190890908241272,0.5190648872396192,0.7054766354374453,2,False
paloma_humaneval_gsm8k,h100-d512-mixprior-dc9b4233818a4473-seed0-from10pct-20260829,1.1905293464660645,0.5169186988112208,0.7297496832882405,9,False
paloma_humaneval_gsm8k,h100-d512-mixprior-e6b706b35fcbb79c-seed0-from10pct-20260829,1.190089225769043,0.524755587918446,0.7158253754037823,6,False
paloma_humaneval_gsm8k,h100-d512-mixprior-0113e750ada1e50a-seed0-from10pct-20260829,1.185333490371704,0.5419501117163007,0.8460771274993902,16,False
paloma_humaneval_gsm8k,h100-d512-mixprior-03590486b7eca14d-seed0-from10pct-20260829,1.187455177307129,0.5440990350307665,0.8062257579722901,73,False
paloma_humaneval_gsm8k,h100-d512-mixprior-03fc648318802486-seed0-from10pct-20260829,1.1859745979309082,0.5404115414145506,0.8252746466174633,25,False
paloma_humaneval_gsm8k,h100-d512-mixprior-11f07b2a6f6260ee-seed0-from10pct-20260829,1.186991810798645,0.5593595033731137,0.8171947529532285,98,False
paloma_humaneval_gsm8k,h100-d512-mixprior-1d687b849a887005-seed0-from10pct-20260829,1.1855487823486328,0.5337426708084845,0.8032567866366831,7,False
paloma_humaneval_gsm8k,h100-d512-mixprior-20de59ca6c8c0c12-seed0-from10pct-20260829,1.1854634284973145,0.5392067943670512,0.8395715926097432,15,False
paloma_humaneval_gsm8k,h100-d512-mixprior-23fd78fc21fb8fe6-seed0-from10pct-20260829,1.1869332790374756,0.5454454437038383,0.7858198863598729,16,False
paloma_humaneval_gsm8k,h100-d512-mixprior-2601f6d0aa07a769-seed0-from10pct-20260829,1.1832990646362305,0.5191450335803256,0.8277010820064272,0,True
paloma_humaneval_gsm8k,h100-d512-mixprior-2bcf4203095401eb-seed0-from10pct-20260829,1.1844170093536377,0.5468155538008866,0.7958633324645656,6,False
paloma_humaneval_gsm8k,h100-d512-mixprior-2dcc54c5621c4d05-seed0-from10pct-20260829,1.186469316482544,0.519208011281231,0.7852236771685787,3,False
paloma_humaneval_gsm8k,h100-d512-mixprior-36b332854e352ace-seed0-from10pct-20260829,1.1854523420333862,0.5629871144599592,0.8484638466132791,41,False
paloma_humaneval_gsm8k,h100-d512-mixprior-39df24a1b1712398-seed0-from10pct-20260829,1.1875429153442383,0.5549522766174537,0.7971772006386827,60,False
paloma_humaneval_gsm8k,h100-d512-mixprior-3a28bd8105cdf925-seed0-from10pct-20260829,1.1840002536773682,0.5475531806334245,0.8307634074678953,5,False
paloma_humaneval_gsm8k,h100-d512-mixprior-3dd208617edeaad0-seed0-from10pct-20260829,1.187259554862976,0.548074894258382,0.798855169234371,50,False
paloma_humaneval_gsm8k,h100-d512-mixprior-42c06ea0c85ae453-seed0-from10pct-20260829,1.1859958171844482,0.5460933461907967,0.7969191143773577,13,False
paloma_humaneval_gsm8k,h100-d512-mixprior-45beb675eebd1798-seed0-from10pct-20260829,1.186863660812378,0.5537478384973189,0.8053548628037981,59,False
paloma_humaneval_gsm8k,h100-d512-mixprior-4602cace15312bd4-seed0-from10pct-20260829,1.1815509796142578,0.5632423876537244,0.8126898214746365,0,True
paloma_humaneval_gsm8k,h100-d512-mixprior-47e4ca8a4f5ab79f-seed0-from10pct-20260829,1.1874126195907593,0.5260469312098331,0.8041304822221386,37,False
paloma_humaneval_gsm8k,h100-d512-mixprior-546f0dd1bf3bca74-seed0-from10pct-20260829,1.1873582601547241,0.5382301866129863,0.8187175829147392,79,False
paloma_humaneval_gsm8k,h100-d512-mixprior-5b6b4b3fea8ef1f3-seed0-from10pct-20260829,1.1867454051971436,0.5609511301699855,0.7894754319243507,19,False
paloma_humaneval_gsm8k,h100-d512-mixprior-5d1abdd2eff4974f-seed0-from10pct-20260829,1.1886066198349,0.5357554443273825,0.833614293021334,125,False
paloma_humaneval_gsm8k,h100-d512-mixprior-5d5910bbd8b96a73-seed0-from10pct-20260829,1.1873447895050049,0.5586137411690474,0.792470821874514,33,False
paloma_humaneval_gsm8k,h100-d512-mixprior-6008f9351fb382c9-seed0-from10pct-20260829,1.185903787612915,0.5512153476736495,0.8046315260485323,27,False
paloma_humaneval_gsm8k,h100-d512-mixprior-6ca9873dc2ef0b25-seed0-from10pct-20260829,1.1843023300170898,0.5439372479900302,0.7915694439395332,3,False
paloma_humaneval_gsm8k,h100-d512-mixprior-710a09071584754a-seed0-from10pct-20260829,1.1865005493164062,0.5400068404325915,0.7813347191329275,6,False
paloma_humaneval_gsm8k,h100-d512-mixprior-72f4d0cf1bf300be-seed0-from10pct-20260829,1.1860913038253784,0.5495113794588137,0.8076725405409424,33,False
paloma_humaneval_gsm8k,h100-d512-mixprior-78dc0f0ebb2ea3c2-seed0-from10pct-20260829,1.1861963272094727,0.5372904050155127,0.7946984104940039,7,False
paloma_humaneval_gsm8k,h100-d512-mixprior-8d2bb165618c15cb-seed0-from10pct-20260829,1.1863267421722412,0.5354552969645763,0.8064513938710531,23,False
paloma_humaneval_gsm8k,h100-d512-mixprior-a5e3ed7ed8564c57-seed0-from10pct-20260829,1.1867733001708984,0.5217324506207964,0.8207997479095154,34,False
paloma_humaneval_gsm8k,h100-d512-mixprior-b66b22307886d151-seed0-from10pct-20260829,1.1865136623382568,0.5277855178654579,0.8560613020144333,40,False
paloma_humaneval_gsm8k,h100-d512-mixprior-c29bb575f3cb12cc-seed0-from10pct-20260829,1.188258409500122,0.558979827608701,0.8076339767136859,125,False
paloma_humaneval_gsm8k,h100-d512-mixprior-c792b1ae19e42572-seed0-from10pct-20260829,1.1848857402801514,0.5497907729279113,0.8041452618001635,12,False
paloma_humaneval_gsm8k,h100-d512-mixprior-cc31fbdedabfb74d-seed0-from10pct-20260829,1.1885979175567627,0.5351982990168254,0.8067102350061566,71,False
paloma_humaneval_gsm8k,h100-d512-mixprior-d11d9fc0f6865db3-seed0-from10pct-20260829,1.1879936456680298,0.5430642686512154,0.7908614050777618,29,False
paloma_humaneval_gsm8k,h100-d512-mixprior-d4bad85275e7122f-seed0-from10pct-20260829,1.1839994192123413,0.5374256764276911,0.7813182546263987,1,False
paloma_humaneval_gsm8k,h100-d512-mixprior-d5fd60e236dc9576-seed0-from10pct-20260829,1.1835310459136963,0.5601353453999222,0.7878053985889732,1,False
paloma_humaneval_gsm8k,h100-d512-mixprior-ed2e80d65d0d6d08-seed0-from10pct-20260829,1.1838631629943848,0.5819384927969151,0.791040202577034,6,False
paloma_humaneval_gsm8k,h100-d512-mixprior-88573650eb0eca3c-seed0-from10pct-20260829,1.1853742599487305,0.541490851294903,0.8330966789591481,14,False
paloma_humaneval_gsm8k,h100-d512-mixprior-b19bb39756c5bf1e-seed0-from10pct-20260829,1.1855549812316895,0.5261620589174765,0.7995177443336859,4,False
paloma_humaneval_gsm8k,h100-d512-mixprior-feaa8bc74ca55f38-seed0-from10pct-20260829,1.18536376953125,0.5416969987773693,0.8121259246522036,12,False
paloma_humaneval_gsm8k,h100-d512-mixprior-37ec07c629628d08-seed0-from10pct-20260829,1.1848435401916504,0.5479558054292257,0.7960302128215334,8,False
paloma_humaneval_gsm8k,h100-d512-mixprior-5a9b69a5b5cf2154-seed0-from10pct-20260829,1.187712550163269,0.566969400738956,0.8060199019755444,110,False
paloma_humaneval_gsm8k,h100-d512-mixprior-6069c2ed2a1aa6b0-seed0-from10pct-20260829,1.189164161682129,0.5386647935417721,0.7780881712624195,12,False
paloma_humaneval_gsm8k,h100-d512-mixprior-77a1d67f3e29712f-seed0-from10pct-20260829,1.185415506362915,0.5291306307389418,0.8045112829454008,4,False
paloma_humaneval_gsm8k,h100-d512-mixprior-7a096096b0b65260-seed0-from10pct-20260829,1.186481237411499,0.5213081795734937,0.7891157473557239,4,False
paloma_humaneval_gsm8k,h100-d512-mixprior-8bfac23637d69039-seed0-from10pct-20260829,1.1848981380462646,0.5253113745447451,0.8799289615103836,3,False
paloma_humaneval_gsm8k,h100-d512-mixprior-8e759513f4e10a3d-seed0-from10pct-20260829,1.1867423057556152,0.5400819998062242,0.8235875882495575,55,False
paloma_humaneval_gsm8k,h100-d512-mixprior-92f4441139dff853-seed0-from10pct-20260829,1.1850922107696533,0.5502972862077049,0.8152673429129009,19,False
paloma_humaneval_gsm8k,h100-d512-mixprior-a5e17044ce3967a5-seed0-from10pct-20260829,1.1860337257385254,0.567018440755749,0.8392338169379654,66,False
paloma_humaneval_gsm8k,h100-d512-mixprior-b0e324ea911cc855-seed0-from10pct-20260829,1.1867954730987549,0.5457416492833345,0.8190451306299807,68,False
paloma_humaneval_gsm8k,h100-d512-mixprior-c5ab9e73a3491601-seed0-from10pct-20260829,1.1869235038757324,0.5482417178026574,0.778880891122678,7,False
paloma_humaneval_gsm8k,h100-d512-mixprior-fc208d30db3fac23-seed0-from10pct-20260829,1.184718132019043,0.5646473702677164,0.855334200068269,19,False
paloma_humaneval_gsm8k,h100-d512-mixprior-700103606fa5897f-seed0-from10pct-20260829,1.1867756843566895,0.5591172474105074,0.8163043323541698,81,False
paloma_humaneval_gsm8k,h100-d512-mixprior-b70b4d81af9d0175-seed0-from10pct-20260829,1.1851489543914795,0.5634319636740625,0.8180845300941765,26,False
paloma_humaneval_gsm8k,h100-d512-mixprior-efcd10df0877e5b9-seed0-from10pct-20260829,1.184360384941101,0.5381804198858036,0.7913428479208079,2,False
paloma_humaneval_gsm8k,h100-d512-mixprior-dde7e6c9b887a890-seed0-from10pct-20260829,1.1858892440795898,0.545502921315592,0.8020795933388195,15,False
paloma_humaneval_gsm8k,h100-d512-mixprior-55a6944b494d4d28-seed0-from10pct-20260829,1.1867400407791138,0.5611722320180493,0.8000911515347964,41,False
paloma_humaneval_gsm8k,h100-d512-mixprior-7c4dfaaac84af74e-seed0-from10pct-20260829,1.1909098625183105,0.5453784780121054,0.842662038737325,247,False
paloma_humaneval_gsm8k,h100-d512-mixprior-b04abe4c7ad0e100-seed0-from10pct-20260829,1.182968258857727,0.5497173549977626,0.7740051136117829,0,True
paloma_humaneval_gsm8k,h100-d512-mixprior-02d79e0765f2842f-seed0-from10pct-20260829,1.1865627765655518,0.550457317275927,0.7893638848055163,15,False
paloma_humaneval_gsm8k,h100-d512-mixprior-161c6e2899600f32-seed0-from10pct-20260829,1.1875436305999756,0.5404513126102983,0.8066828945145184,67,False
paloma_humaneval_gsm8k,h100-d512-mixprior-19b7588ccf240f62-seed0-from10pct-20260829,1.1862971782684326,0.5583532355989108,0.8263990179010239,69,False
paloma_humaneval_gsm8k,h100-d512-mixprior-1eaebd6ea8c74105-seed0-from10pct-20260829,1.1872289180755615,0.5314745546536321,0.8194097641949768,58,False
paloma_humaneval_gsm8k,h100-d512-mixprior-26f67dbc5ddc182c-seed0-from10pct-20260829,1.1868776082992554,0.5355336336671251,0.7988687738221482,22,False
paloma_humaneval_gsm8k,h100-d512-mixprior-2f8d37e7f9bf7325-seed0-from10pct-20260829,1.1854997873306274,0.5756468477935162,0.7824993977094593,6,False
paloma_humaneval_gsm8k,h100-d512-mixprior-31ef6faf92f52ba3-seed0-from10pct-20260829,1.1855697631835938,0.5441571580338633,0.9013684437952243,34,False
paloma_humaneval_gsm8k,h100-d512-mixprior-35982e7a2228788c-seed0-from10pct-20260829,1.185745120048523,0.561360544551635,0.8046281343955952,30,False
paloma_humaneval_gsm8k,h100-d512-mixprior-3f389bcd9a8dee55-seed0-from10pct-20260829,1.1858935356140137,0.5583185411255467,0.8137148404306674,37,False
paloma_humaneval_gsm8k,h100-d512-mixprior-4532270316b96ff2-seed0-from10pct-20260829,1.1838150024414062,0.5438105169025429,0.826859842790484,1,False
paloma_humaneval_gsm8k,h100-d512-mixprior-52828100edc3b810-seed0-from10pct-20260829,1.186387538909912,0.5680745907321664,0.8164932008000473,71,False
paloma_humaneval_gsm8k,h100-d512-mixprior-5ef2bac853a957fc-seed0-from10pct-20260829,1.1832990646362305,0.5503232455969838,0.8123002259689425,1,False
paloma_humaneval_gsm8k,h100-d512-mixprior-60e7844f8b67a733-seed0-from10pct-20260829,1.1861381530761719,0.5550885975009172,0.8277289713868733,58,False
paloma_humaneval_gsm8k,h100-d512-mixprior-623128d8a4d14959-seed0-from10pct-20260829,1.1891934871673584,0.5527367020194677,0.7901349895470817,49,False
paloma_humaneval_gsm8k,h100-d512-mixprior-632e1abfa60c7e20-seed0-from10pct-20260829,1.1850743293762207,0.5683586138599989,0.8041198509849505,17,False
paloma_humaneval_gsm8k,h100-d512-mixprior-677450f4e08059aa-seed0-from10pct-20260829,1.1845921277999878,0.5397943597013055,0.8306265107856858,6,False
paloma_humaneval_gsm8k,h100-d512-mixprior-6d4d89e570eb64de-seed0-from10pct-20260829,1.1870790719985962,0.5559509620830407,0.7926283456908737,28,False
paloma_humaneval_gsm8k,h100-d512-mixprior-6f8e042da99a3cc4-seed0-from10pct-20260829,1.1867417097091675,0.5466170177999506,0.8441220611315593,79,False
paloma_humaneval_gsm8k,h100-d512-mixprior-72b251ddbfd1c16a-seed0-from10pct-20260829,1.1853618621826172,0.5474439068048018,0.7843068816784421,4,False
paloma_humaneval_gsm8k,h100-d512-mixprior-780ae4a66ec08c0b-seed0-from10pct-20260829,1.183651328086853,0.5425430412478662,0.7777096762800699,0,True
paloma_humaneval_gsm8k,h100-d512-mixprior-7b450c3bcd8b3198-seed0-from10pct-20260829,1.189173936843872,0.5265320043652104,0.810862419914663,62,False
paloma_humaneval_gsm8k,h100-d512-mixprior-880a1644f63db8bc-seed0-from10pct-20260829,1.184448003768921,0.543495251789341,0.8216869052298805,7,False
paloma_humaneval_gsm8k,h100-d512-mixprior-8862c95728d7d4bd-seed0-from10pct-20260829,1.1848759651184082,0.5597988764933967,0.7937492865115824,9,False
paloma_humaneval_gsm8k,h100-d512-mixprior-896fb6df5ecab978-seed0-from10pct-20260829,1.1895976066589355,0.5448820711006355,0.7978365501828012,80,False
paloma_humaneval_gsm8k,h100-d512-mixprior-8bc67a341c1d938f-seed0-from10pct-20260829,1.1854336261749268,0.5532953554177237,0.8041978211481983,18,False
paloma_humaneval_gsm8k,h100-d512-mixprior-932ecf88a5885062-seed0-from10pct-20260829,1.1868189573287964,0.5355377240435839,0.8159665114011249,47,False
paloma_humaneval_gsm8k,h100-d512-mixprior-9d641efab45cf010-seed0-from10pct-20260829,1.1874666213989258,0.5624991027358968,0.7743696801851199,7,False
paloma_humaneval_gsm8k,h100-d512-mixprior-a85294b2fc795fa0-seed0-from10pct-20260829,1.1872633695602417,0.5453870954084904,0.7941496508431463,32,False
paloma_humaneval_gsm8k,h100-d512-mixprior-adb894e2fba11b98-seed0-from10pct-20260829,1.1854172945022583,0.55881589519612,0.8039277149826978,17,False
paloma_humaneval_gsm8k,h100-d512-mixprior-b755da9a2cc03d2b-seed0-from10pct-20260829,1.184801459312439,0.5331127933293518,0.7962541365292412,2,False
paloma_humaneval_gsm8k,h100-d512-mixprior-c5291b3eb557db8f-seed0-from10pct-20260829,1.1879310607910156,0.528813676249744,0.8188883820549662,73,False
paloma_humaneval_gsm8k,h100-d512-mixprior-cd55b40ac4d3a00c-seed0-from10pct-20260829,1.1867256164550781,0.5504363563750068,0.8073945813749842,56,False
paloma_humaneval_gsm8k,h100-d512-mixprior-cf834382a5928b75-seed0-from10pct-20260829,1.185913324356079,0.5472791000408052,0.801725174401518,16,False
paloma_humaneval_gsm8k,h100-d512-mixprior-dcaf76ed5a36a4b0-seed0-from10pct-20260829,1.1871414184570312,0.5283889923396656,0.8113772199138857,43,False
paloma_humaneval_gsm8k,h100-d512-mixprior-e3c16fbeef6e8681-seed0-from10pct-20260829,1.1850261688232422,0.549228581708567,0.8121527089482228,15,False
paloma_humaneval_gsm8k,h100-d512-mixprior-e8b41e5d09781037-seed0-from10pct-20260829,1.1860257387161255,0.5470960371671361,0.7819418174319255,6,False
paloma_humaneval_gsm8k,h100-d512-mixprior-ea4bfe2afc061f24-seed0-from10pct-20260829,1.1880615949630737,0.5481094585282656,0.773336351904207,7,False
paloma_humaneval_gsm8k,h100-d512-mixprior-ea9f4ee8552e5169-seed0-from10pct-20260829,1.1857173442840576,0.5353198994951696,0.8197724086442013,17,False
paloma_humaneval_gsm8k,h100-d512-mixprior-efe3413f960a1478-seed0-from10pct-20260829,1.1869715452194214,0.5542139310294818,0.7949731389457165,34,False
paloma_humaneval_gsm8k,h100-d512-mixprior-f166afb48f0a74b3-seed0-from10pct-20260829,1.1851983070373535,0.5327858356963308,0.8022159902060848,3,False
paloma_humaneval_gsm8k,h100-d512-mixprior-f59b4b36dacfd93d-seed0-from10pct-20260829,1.1867098808288574,0.5360138895419968,0.8579825448055053,55,False
paloma_humaneval_gsm8k,h100-d512-mixprior-00c50859e721432f-seed0-from10pct-20260829,1.189012885093689,0.5187824140430971,0.7769287195884303,5,False
paloma_humaneval_gsm8k,h100-d512-mixprior-023bbf8a7dd029ee-seed0-from10pct-20260829,1.1910018920898438,0.5093853203056288,0.7730855281648027,5,False
paloma_humaneval_gsm8k,h100-d512-mixprior-02d7015c48e44255-seed0-from10pct-20260829,1.1891897916793823,0.5326986003131435,0.7835458548020046,18,False
paloma_humaneval_gsm8k,h100-d512-mixprior-0c586af92e358394-seed0-from10pct-20260829,1.1884524822235107,0.5232298671986683,0.7368740265937819,1,False
paloma_humaneval_gsm8k,h100-d512-mixprior-11793816caab5139-seed0-from10pct-20260829,1.1942527294158936,0.5648276591644307,0.7283180980381063,49,False
paloma_humaneval_gsm8k,h100-d512-mixprior-18472f0c9700a5f8-seed0-from10pct-20260829,1.1871376037597656,0.5267903819707833,0.7835808124099594,8,False
paloma_humaneval_gsm8k,h100-d512-mixprior-1c21e14e6d03b497-seed0-from10pct-20260829,1.1916285753250122,0.5190103274588748,0.7761166605532382,33,False
paloma_humaneval_gsm8k,h100-d512-mixprior-2da8521e82999164-seed0-from10pct-20260829,1.1943280696868896,0.5231544818317877,0.7246526925608661,25,False
paloma_humaneval_gsm8k,h100-d512-mixprior-3f75cc0d21c65c7f-seed0-from10pct-20260829,1.1847277879714966,0.529081563426219,0.7917376738439849,1,False
paloma_humaneval_gsm8k,h100-d512-mixprior-4163412ee4e95c18-seed0-from10pct-20260829,1.1911650896072388,0.5248360633229677,0.7917483135181435,65,False
paloma_humaneval_gsm8k,h100-d512-mixprior-67494aea2e8635a7-seed0-from10pct-20260829,1.1965196132659912,0.5102191221946281,0.7245872805942736,4,False
paloma_humaneval_gsm8k,h100-d512-mixprior-6c543b21afabf0a8-seed0-from10pct-20260829,1.1886322498321533,0.508900613896042,0.8295779157015382,33,False
paloma_humaneval_gsm8k,h100-d512-mixprior-7b18c3de2cb869cb-seed0-from10pct-20260829,1.1895335912704468,0.5648222496154334,0.9054437088287559,281,False
paloma_humaneval_gsm8k,h100-d512-mixprior-868f3a1ced61a40c-seed0-from10pct-20260829,1.191524863243103,0.5187772383914998,0.7632058589957722,23,False
paloma_humaneval_gsm8k,h100-d512-mixprior-a097103d39e68c9c-seed0-from10pct-20260829,1.1850082874298096,0.5429759807770365,0.7802999523475767,2,False
paloma_humaneval_gsm8k,h100-d512-mixprior-a12f25364ca13899-seed0-from10pct-20260829,1.1891695261001587,0.5293734289488028,0.7698106946892216,5,False
paloma_humaneval_gsm8k,h100-d512-mixprior-cb43a2b14dc19d7b-seed0-from10pct-20260829,1.1878821849822998,0.5186765554157426,0.7333875242771376,0,True
paloma_humaneval_gsm8k,h100-d512-mixprior-debceebb7bdc3d0b-seed0-from10pct-20260829,1.1873153448104858,0.5170574397944374,0.817812586860009,39,False
paloma_humaneval_gsm8k,h100-d512-mixprior-fc29f9971a0e63e7-seed0-from10pct-20260829,1.1923108100891113,0.5167333909479713,0.7341705043852185,13,False
paloma_humaneval_gsm8k,h100-d512-mixprior-e8e495f8d0550d72-seed0-from10pct-20260829,1.1923527717590332,0.5329125151839906,0.7482116908361556,52,False
paloma_humaneval_gsm8k,h100-d512-mixprior-05c4c74ad0d11828-seed0-from10pct-20260829,1.188366174697876,0.522972842025965,0.81873942264665,64,False
paloma_humaneval_gsm8k,h100-d512-mixprior-06afa6725e0335f6-seed0-from10pct-20260829,1.1906530857086182,0.5339777932959084,0.8196407800377438,145,False
paloma_humaneval_gsm8k,h100-d512-mixprior-1290594d4bf0a79b-seed0-from10pct-20260829,1.186786413192749,0.5145655040113005,0.7968692790882875,12,False
paloma_humaneval_gsm8k,h100-d512-mixprior-1760e1ca38c8cf81-seed0-from10pct-20260829,1.1896166801452637,0.5178597809092774,0.7769584061268664,6,False
paloma_humaneval_gsm8k,h100-d512-mixprior-1a534242d875a0c3-seed0-from10pct-20260829,1.1888911724090576,0.5063828281110848,0.8109768533330385,18,False
paloma_humaneval_gsm8k,h100-d512-mixprior-23deba6e72ccecfb-seed0-from10pct-20260829,1.1944823265075684,0.514214376048835,0.8079084288911034,52,False
paloma_humaneval_gsm8k,h100-d512-mixprior-26136f33c98f9e46-seed0-from10pct-20260829,1.1962149143218994,0.5175616676506459,0.7604942356623469,25,False
paloma_humaneval_gsm8k,h100-d512-mixprior-323d18075d8c8021-seed0-from10pct-20260829,1.1873308420181274,0.5253066978207039,0.8425251703410498,70,False
paloma_humaneval_gsm8k,h100-d512-mixprior-3bd1621144affab9-seed0-from10pct-20260829,1.1871896982192993,0.5292455762434586,0.8084929507623093,43,False
paloma_humaneval_gsm8k,h100-d512-mixprior-3f09b140712a5538-seed0-from10pct-20260829,1.1914610862731934,0.5034351319671181,0.7084031488069477,0,True
paloma_humaneval_gsm8k,h100-d512-mixprior-4236fbe067d9dc67-seed0-from10pct-20260829,1.1916064023971558,0.5373403958955529,0.7538490416786554,52,False
paloma_humaneval_gsm8k,h100-d512-mixprior-49b62d7636c28d8c-seed0-from10pct-20260829,1.1908390522003174,0.5390111621996747,0.882037002947663,216,False
paloma_humaneval_gsm8k,h100-d512-mixprior-4c99a96253e06dc5-seed0-from10pct-20260829,1.1903722286224365,0.4992078594701465,0.7785076686729602,0,True
paloma_humaneval_gsm8k,h100-d512-mixprior-571a9596913f856e-seed0-from10pct-20260829,1.1882539987564087,0.5182636373254509,0.8240426695759338,53,False
paloma_humaneval_gsm8k,h100-d512-mixprior-5e393ad6e8c33b0c-seed0-from10pct-20260829,1.1879661083221436,0.5078287462362958,0.8420763605416298,30,False
paloma_humaneval_gsm8k,h100-d512-mixprior-5f1171435f5d1ba0-seed0-from10pct-20260829,1.1866508722305298,0.5249796652339971,0.7602523790127735,0,True
paloma_humaneval_gsm8k,h100-d512-mixprior-671b04a3920fbd71-seed0-from10pct-20260829,1.1962003707885742,0.5038628465028032,0.7796494857816129,9,False
paloma_humaneval_gsm8k,h100-d512-mixprior-7215148f42f0114e-seed0-from10pct-20260829,1.1841630935668945,0.5415724894224302,0.7931746601009526,2,False
paloma_humaneval_gsm8k,h100-d512-mixprior-82f6109c56616bdb-seed0-from10pct-20260829,1.18937349319458,0.5201963996358171,0.7870041100810258,16,False
paloma_humaneval_gsm8k,h100-d512-mixprior-8e9185b1dc863c16-seed0-from10pct-20260829,1.188044786453247,0.53200883696687,0.8299333608186893,93,False
paloma_humaneval_gsm8k,h100-d512-mixprior-9027f599cbdbfcda-seed0-from10pct-20260829,1.1904577016830444,0.5032930460240033,0.7859630283918252,4,False
paloma_humaneval_gsm8k,h100-d512-mixprior-97c0d9de41484132-seed0-from10pct-20260829,1.1838260889053345,0.525569864294876,0.778106465885891,0,True
paloma_humaneval_gsm8k,h100-d512-mixprior-97e89aef99769599-seed0-from10pct-20260829,1.193173885345459,0.5268966000069518,0.7761428080698397,63,False
paloma_humaneval_gsm8k,h100-d512-mixprior-a2a4202cc870df1b-seed0-from10pct-20260829,1.1883889436721802,0.533584682445261,0.8007771000048398,44,False
paloma_humaneval_gsm8k,h100-d512-mixprior-a6e0a3ffee5a45da-seed0-from10pct-20260829,1.1864001750946045,0.5492995207922767,0.8222605217229031,61,False
paloma_humaneval_gsm8k,h100-d512-mixprior-a92198dd97d56d3a-seed0-from10pct-20260829,1.1915347576141357,0.5231911532344646,0.7753823322302271,44,False
paloma_humaneval_gsm8k,h100-d512-mixprior-a95f674f2a6d91d7-seed0-from10pct-20260829,1.1878234148025513,0.5366711967220622,0.7715175787284538,3,False
paloma_humaneval_gsm8k,h100-d512-mixprior-b4ef64db406d37e7-seed0-from10pct-20260829,1.1873023509979248,0.5384274099738872,0.7950909213431764,27,False
paloma_humaneval_gsm8k,h100-d512-mixprior-b9467f3748ad573b-seed0-from10pct-20260829,1.1922334432601929,0.4990722359373787,0.802175851681772,5,False
paloma_humaneval_gsm8k,h100-d512-mixprior-c0acf8be41a4907b-seed0-from10pct-20260829,1.1874759197235107,0.5300781402269379,0.7892887117272873,15,False
paloma_humaneval_gsm8k,h100-d512-mixprior-c2f7ebd6f58fcbda-seed0-from10pct-20260829,1.196495532989502,0.5011670227171117,0.7733174383364233,2,False
paloma_humaneval_gsm8k,h100-d512-mixprior-c53832293e4eaf8a-seed0-from10pct-20260829,1.1872135400772095,0.5383472017291063,0.8057725090272044,51,False
paloma_humaneval_gsm8k,h100-d512-mixprior-c63816c9a6efb22d-seed0-from10pct-20260829,1.1874579191207886,0.5661084790597872,0.8093532232416845,117,False
paloma_humaneval_gsm8k,h100-d512-mixprior-cb200d97c6033842-seed0-from10pct-20260829,1.1899659633636475,0.5077859288364441,0.7684691703001271,1,False
paloma_humaneval_gsm8k,h100-d512-mixprior-d5a2a05ce6e73c52-seed0-from10pct-20260829,1.1904869079589844,0.4991520932835713,0.798055991656371,2,False
paloma_humaneval_gsm8k,h100-d512-mixprior-d67d011163100e97-seed0-from10pct-20260829,1.1950087547302246,0.5191365569850399,0.7962510953889456,69,False
paloma_humaneval_gsm8k,h100-d512-mixprior-dc4496213bc705f9-seed0-from10pct-20260829,1.1852924823760986,0.5247773967637823,0.8102958523090459,2,False
paloma_humaneval_gsm8k,h100-d512-mixprior-edf7072459e0c55f-seed0-from10pct-20260829,1.184938669204712,0.5266301862866003,0.8334623498050242,4,False
paloma_humaneval_gsm8k,h100-d512-mixprior-f5f1a3bd273d6f40-seed0-from10pct-20260829,1.1916828155517578,0.5219020653626045,0.751224775054309,32,False
paloma_humaneval_gsm8k,h100-d512-mixprior-1660197758b074cd-seed0-from10pct-20260829,1.1908674240112305,0.5001702412470309,0.7896176249639313,3,False
paloma_humaneval_gsm8k,h100-d512-mixprior-065e903061bc0579-seed0-from10pct-20260829,1.1948537826538086,0.49503147758810734,0.7652642397199028,0,True
paloma_humaneval_gsm8k,h100-d512-mixprior-21f4fa1de79dd694-seed0-from10pct-20260829,1.1901845932006836,0.5145177494234882,0.7744927503139506,6,False
paloma_humaneval_gsm8k,h100-d512-mixprior-3498d87e6b9fbbfd-seed0-from10pct-20260829,1.1883258819580078,0.5182171462122762,0.8370749999710609,60,False
paloma_humaneval_gsm8k,h100-d512-mixprior-3ad82e3a04dc7102-seed0-from10pct-20260829,1.187753677368164,0.4991894765647641,0.7793206691563397,0,True
paloma_humaneval_gsm8k,h100-d512-mixprior-5e4359f6aaad30ac-seed0-from10pct-20260829,1.188509225845337,0.5093741232202506,0.8128529028491096,23,False
paloma_humaneval_gsm8k,h100-d512-mixprior-7511ae09e2c63f98-seed0-from10pct-20260829,1.1892924308776855,0.51689814414966,0.7873205713989875,10,False
paloma_humaneval_gsm8k,h100-d512-mixprior-91610d304fff4f3e-seed0-from10pct-20260829,1.1908754110336304,0.5056031508768292,0.7717301087843934,2,False
paloma_humaneval_gsm8k,h100-d512-mixprior-934375a0a91405c4-seed0-from10pct-20260829,1.1912338733673096,0.5219735060249404,0.8025423953502296,83,False
paloma_humaneval_gsm8k,h100-d512-mixprior-acc19ad5c6ec1893-seed0-from10pct-20260829,1.1908310651779175,0.5168444661017336,0.8091546730589256,57,False
paloma_humaneval_gsm8k,h100-d512-mixprior-afb7ac975159606e-seed0-from10pct-20260829,1.1918150186538696,0.49291854947749975,0.7770528181263208,0,True
paloma_humaneval_gsm8k,h100-d512-mixprior-b78ea0b23c6589c8-seed0-from10pct-20260829,1.186962366104126,0.5164220196718053,0.808142877078496,24,False
paloma_humaneval_gsm8k,h100-d512-mixprior-c9505fdab05b9752-seed0-from10pct-20260829,1.1919665336608887,0.49514733102492675,0.7452591751608496,0,True
paloma_humaneval_gsm8k,h100-d512-mixprior-e0c31883510064b2-seed0-from10pct-20260829,1.1918232440948486,0.5233299149908442,0.7718886364724705,43,False
paloma_humaneval_gsm8k,h100-d512-mixprior-1ce2f14282b572fa-seed0-from10pct-20260829,1.1923807859420776,0.4852007941480927,0.8259127564073696,0,True
paloma_humaneval_gsm8k,h100-d512-mixprior-276bc888bb41d7ac-seed0-from10pct-20260829,1.195967435836792,0.49279417316626717,0.8856818223465316,3,False
paloma_humaneval_gsm8k,h100-d512-mixprior-44bfd83cf7199b40-seed0-from10pct-20260829,1.1903297901153564,0.5126700783817186,0.7273470853657129,3,False
paloma_humaneval_gsm8k,h100-d512-mixprior-4c11a151fe37768b-seed0-from10pct-20260829,1.1974937915802002,0.4987365950831505,0.8103323475309505,7,False
paloma_humaneval_gsm8k,h100-d512-mixprior-92e3dcddc9f1c9b0-seed0-from10pct-20260829,1.1856646537780762,0.49798383956370895,0.8134753802196744,1,False
paloma_humaneval_gsm8k,h100-d512-mixprior-4d1d637f86ec3e25-seed0-from10pct-20260829,1.194375991821289,0.48719490409970323,0.8600117628519308,1,False
paloma_humaneval_gsm8k,h100-d512-mixprior-610226e65dd1b174-seed0-from10pct-20260829,1.1890232563018799,0.5127913666804802,0.7810597213288958,6,False
paloma_humaneval_gsm8k,h100-d512-mixprior-0381f0ef27de4605-seed0-from10pct-20260829,1.2017098665237427,0.5302352425145687,0.7935764383664643,129,False
paloma_humaneval_gsm8k,h100-d512-mixprior-05040e528683a5eb-seed0-from10pct-20260829,1.184149980545044,0.52373706794159,0.8146073796873488,0,True
paloma_humaneval_gsm8k,h100-d512-mixprior-10c0562ae66da54f-seed0-from10pct-20260829,1.186399221420288,0.5383925963697782,0.7926916604075027,10,False
paloma_humaneval_gsm8k,h100-d512-mixprior-21b049d9fbfffd15-seed0-from10pct-20260829,1.1912569999694824,0.5265332644592968,0.7918348587995502,74,False
paloma_humaneval_gsm8k,h100-d512-mixprior-300a2a907a91b147-seed0-from10pct-20260829,1.1939984560012817,0.5198517527647026,0.8129354273698365,104,False
paloma_humaneval_gsm8k,h100-d512-mixprior-30745827d6bb62fa-seed0-from10pct-20260829,1.187246561050415,0.5436076681091505,0.7913528233239389,22,False
paloma_humaneval_gsm8k,h100-d512-mixprior-33965fca6151ba79-seed0-from10pct-20260829,1.1865015029907227,0.5359192004429626,0.8288705061520596,47,False
paloma_humaneval_gsm8k,h100-d512-mixprior-42142ea3811d6f8d-seed0-from10pct-20260829,1.1968095302581787,0.5265461237380276,0.8026913875026005,135,False
paloma_humaneval_gsm8k,h100-d512-mixprior-43a53f862386e9d7-seed0-from10pct-20260829,1.1932623386383057,0.5128215793365138,0.7868718679835258,22,False
paloma_humaneval_gsm8k,h100-d512-mixprior-44cc4c4959d2bc1a-seed0-from10pct-20260829,1.1908767223358154,0.5114791425194212,0.7943809023121733,17,False
paloma_humaneval_gsm8k,h100-d512-mixprior-46a02cef9c34ec35-seed0-from10pct-20260829,1.1979165077209473,0.5190747867491081,0.8420822754461448,132,False
paloma_humaneval_gsm8k,h100-d512-mixprior-483e66f4165b489e-seed0-from10pct-20260829,1.1951777935028076,0.5285865512317419,0.8110022311898728,158,False
paloma_humaneval_gsm8k,h100-d512-mixprior-4b8e73b1b4900727-seed0-from10pct-20260829,1.192706823348999,0.5341789093212832,0.8280568914749259,205,False
paloma_humaneval_gsm8k,h100-d512-mixprior-5e420d38b78df844-seed0-from10pct-20260829,1.192021369934082,0.5457356346809377,0.8223843694190023,248,False
paloma_humaneval_gsm8k,h100-d512-mixprior-62e945177b7503ad-seed0-from10pct-20260829,1.1917157173156738,0.5150728850307589,0.8235225803048535,69,False
paloma_humaneval_gsm8k,h100-d512-mixprior-688fff67de631de9-seed0-from10pct-20260829,1.1982722282409668,0.5286088446714293,0.7718740178789069,72,False
paloma_humaneval_gsm8k,h100-d512-mixprior-6936390be4ffaff9-seed0-from10pct-20260829,1.192706823348999,0.5268240880149403,0.796419463176336,101,False
paloma_humaneval_gsm8k,h100-d512-mixprior-699a7ba3a82b0227-seed0-from10pct-20260829,1.1925039291381836,0.5424057875708738,0.7972004995523886,145,False
paloma_humaneval_gsm8k,h100-d512-mixprior-7b550896261ca2a0-seed0-from10pct-20260829,1.191676378250122,0.5263732879261356,0.7962671436189876,91,False
paloma_humaneval_gsm8k,h100-d512-mixprior-7f99017c083bac93-seed0-from10pct-20260829,1.1909520626068115,0.5331745916235018,0.7909783621406515,76,False
paloma_humaneval_gsm8k,h100-d512-mixprior-80324df7baf50056-seed0-from10pct-20260829,1.1848540306091309,0.531518531103494,0.8073774133778139,3,False
paloma_humaneval_gsm8k,h100-d512-mixprior-82a9ab40c6f48b71-seed0-from10pct-20260829,1.1969094276428223,0.5229649651865189,0.856267970302742,170,False
paloma_humaneval_gsm8k,h100-d512-mixprior-83afcf6935d0d1d8-seed0-from10pct-20260829,1.1887621879577637,0.5251123440743783,0.8145462437479273,64,False
paloma_humaneval_gsm8k,h100-d512-mixprior-8812224dc26519ed-seed0-from10pct-20260829,1.2000000476837158,0.505598982684387,0.8210023992729935,36,False
paloma_humaneval_gsm8k,h100-d512-mixprior-888488eac540ccd9-seed0-from10pct-20260829,1.1899760961532593,0.5346586427881544,0.8096803241044306,95,False
paloma_humaneval_gsm8k,h100-d512-mixprior-9258df0207f554db-seed0-from10pct-20260829,1.1885803937911987,0.5276205506878934,0.8515001909493297,98,False
paloma_humaneval_gsm8k,h100-d512-mixprior-965a9ad97ffb8c7a-seed0-from10pct-20260829,1.1932967901229858,0.5193431046430186,0.7976711354120417,72,False
paloma_humaneval_gsm8k,h100-d512-mixprior-9f78eb87c559a841-seed0-from10pct-20260829,1.1938068866729736,0.530635224582257,0.8523095492958042,206,False
paloma_humaneval_gsm8k,h100-d512-mixprior-a1d9377e21849993-seed0-from10pct-20260829,1.1910251379013062,0.5352840343898001,0.8397585321755188,191,False
paloma_humaneval_gsm8k,h100-d512-mixprior-a4d18ffb2199e909-seed0-from10pct-20260829,1.1894675493240356,0.5389396166136688,0.8141163651529979,117,False
paloma_humaneval_gsm8k,h100-d512-mixprior-a92ed6e1a716619a-seed0-from10pct-20260829,1.189430594444275,0.5478224907746175,0.8014243539814321,96,False
paloma_humaneval_gsm8k,h100-d512-mixprior-b5e87b77dfda3dc0-seed0-from10pct-20260829,1.1855905055999756,0.5220309227274103,0.8031248856806232,3,False
paloma_humaneval_gsm8k,h100-d512-mixprior-ce43eca4fbe83cc6-seed0-from10pct-20260829,1.190198540687561,0.5228675061687053,0.8329964530112604,100,False
paloma_humaneval_gsm8k,h100-d512-mixprior-da42fb0cfcfbdba9-seed0-from10pct-20260829,1.1895146369934082,0.548682831958058,0.79821289868481,92,False
paloma_humaneval_gsm8k,h100-d512-mixprior-df03e6bade638df2-seed0-from10pct-20260829,1.1881208419799805,0.5392065379564298,0.8023731173396621,58,False
paloma_humaneval_gsm8k,h100-d512-mixprior-e2041aa4f4df4ca1-seed0-from10pct-20260829,1.2108232975006104,0.5122545668844583,0.866090817570394,76,False
paloma_humaneval_gsm8k,h100-d512-mixprior-e46a0b19826295d7-seed0-from10pct-20260829,1.1970912218093872,0.5287952692120698,0.8497622593293394,214,False
paloma_humaneval_gsm8k,h100-d512-mixprior-e8267274ad55d445-seed0-from10pct-20260829,1.1905949115753174,0.524488003812243,0.8123818758609056,92,False
paloma_humaneval_gsm8k,h100-d512-mixprior-ec7fe25116523c36-seed0-from10pct-20260829,1.1928740739822388,0.5341202223950966,0.8683265476772023,221,False
paloma_humaneval_gsm8k,h100-d512-mixprior-f517bcac6d890d34-seed0-from10pct-20260829,1.1989142894744873,0.5160556624262029,0.7882554856733325,37,False
paloma_humaneval_gsm8k,h100-d512-mixprior-2197f91b0978c4e1-seed0-from10pct-20260829,1.19521963596344,0.5288938875962281,0.7698403170594202,65,False
paloma_humaneval_gsm8k,h100-d512-mixprior-2d20571cff58ae7d-seed0-from10pct-20260829,1.18767249584198,0.537917652628658,0.8484425246121925,107,False
paloma_humaneval_gsm8k,h100-d512-mixprior-4137e179e6361a3f-seed0-from10pct-20260829,1.1992108821868896,0.5223169880812916,0.7853325435948553,73,False
paloma_humaneval_gsm8k,h100-d512-mixprior-4e88f9805c2fcd29-seed0-from10pct-20260829,1.186739444732666,0.5374836684515171,0.8073772540289738,35,False
paloma_humaneval_gsm8k,h100-d512-mixprior-5a363f1fb2758b5f-seed0-from10pct-20260829,1.187570571899414,0.5430097969563235,0.8115399403879008,85,False
paloma_humaneval_gsm8k,h100-d512-mixprior-5c5318013cc0d92b-seed0-from10pct-20260829,1.189805269241333,0.540992138571166,0.7807944573793394,29,False
paloma_humaneval_gsm8k,h100-d512-mixprior-5dbbb7617dfe7f8e-seed0-from10pct-20260829,1.187704086303711,0.5321913885489593,0.8080660382140648,54,False
paloma_humaneval_gsm8k,h100-d512-mixprior-6538607a585aa3a4-seed0-from10pct-20260829,1.187943696975708,0.55226985238223,0.8154509529418494,137,False
paloma_humaneval_gsm8k,h100-d512-mixprior-68756f01b152e98a-seed0-from10pct-20260829,1.190271258354187,0.5204694196023346,0.8236781786707503,83,False
paloma_humaneval_gsm8k,h100-d512-mixprior-73d7b7e6d2aebc2d-seed0-from10pct-20260829,1.1890531778335571,0.5345345540804041,0.8235763546356479,107,False
paloma_humaneval_gsm8k,h100-d512-mixprior-7d083fd561eea164-seed0-from10pct-20260829,1.1878583431243896,0.5271701917120307,0.7991951416738508,32,False
paloma_humaneval_gsm8k,h100-d512-mixprior-8a81fad852828fb3-seed0-from10pct-20260829,1.1882359981536865,0.5303661808984459,0.7832187681476092,12,False
paloma_humaneval_gsm8k,h100-d512-mixprior-99be2a8866be8cdf-seed0-from10pct-20260829,1.191561222076416,0.5192467914550644,0.8236187421103749,103,False
paloma_humaneval_gsm8k,h100-d512-mixprior-a3c31e77bbfd30ed-seed0-from10pct-20260829,1.1897177696228027,0.5571036048745365,0.8310352811210341,234,False
paloma_humaneval_gsm8k,h100-d512-mixprior-b2025642abcdc3b0-seed0-from10pct-20260829,1.1977627277374268,0.544462768335753,0.7933094381234713,166,False
paloma_humaneval_gsm8k,h100-d512-mixprior-ba8dc59240d95785-seed0-from10pct-20260829,1.188420057296753,0.5396048704286063,0.8374159715627043,138,False
paloma_humaneval_gsm8k,h100-d512-mixprior-c53002dd3d3800ec-seed0-from10pct-20260829,1.1856497526168823,0.5381475630626178,0.7642411290212734,0,True
paloma_humaneval_gsm8k,h100-d512-mixprior-cd1e4960210cd383-seed0-from10pct-20260829,1.1917399168014526,0.5432642472566516,0.7987994071675687,146,False
paloma_humaneval_gsm8k,h100-d512-mixprior-e12d0ce1af2c60da-seed0-from10pct-20260829,1.188554286956787,0.5329973709551075,0.7579872472108113,2,False
paloma_humaneval_gsm8k,h100-d512-mixprior-fc8d4543b12c9b30-seed0-from10pct-20260829,1.1957108974456787,0.5361984047902093,0.7554265829522476,68,False
paloma_humaneval_gsm8k,h100-d512-mixprior-00d76bb7275384bc-seed0-from10pct-20260829,1.1878166198730469,0.5020913666109098,0.8087399014688985,5,False
paloma_humaneval_gsm8k,h100-d512-mixprior-0c01c0abac117c95-seed0-from10pct-20260829,1.187234878540039,0.5173896330585436,0.7921252844716984,8,False
paloma_humaneval_gsm8k,h100-d512-mixprior-290712d96c329ac3-seed0-from10pct-20260829,1.1871904134750366,0.5393277100390474,0.7988774759601324,35,False
paloma_humaneval_gsm8k,h100-d512-mixprior-355b16d07af295ef-seed0-from10pct-20260829,1.1885861158370972,0.513900257240248,0.7898068866195558,8,False
paloma_humaneval_gsm8k,h100-d512-mixprior-441eaad434c46dc7-seed0-from10pct-20260829,1.1869752407073975,0.520176805576118,0.8033858413656102,22,False
paloma_humaneval_gsm8k,h100-d512-mixprior-6c9d2526befaf3fd-seed0-from10pct-20260829,1.188480257987976,0.5132203264246681,0.8021742153631438,20,False
paloma_humaneval_gsm8k,h100-d512-mixprior-80a4d4891e8356d1-seed0-from10pct-20260829,1.1867930889129639,0.517801152185636,0.8015885240511917,16,False
paloma_humaneval_gsm8k,h100-d512-mixprior-85ec179487f33a59-seed0-from10pct-20260829,1.186976671218872,0.5081895639613201,0.8299578059593808,24,False
paloma_humaneval_gsm8k,h100-d512-mixprior-98423eadd06d7642-seed0-from10pct-20260829,1.1875838041305542,0.5296399378468156,0.7850116577585599,10,False
paloma_humaneval_gsm8k,h100-d512-mixprior-cb440623845164e0-seed0-from10pct-20260829,1.1882392168045044,0.5273594546287226,0.821736000135449,76,False
paloma_humaneval_gsm8k,h100-d512-mixprior-f46eb02e668e78a3-seed0-from10pct-20260829,1.1872471570968628,0.5293276172048346,0.8294207521262207,69,False
paloma_humaneval_gsm8k,h100-d512-mixprior-3b07a8abe5cd9fc5-seed0-from10pct-20260829,1.1878324747085571,0.5195415300018128,0.8097324676382585,41,False
paloma_humaneval_gsm8k,h100-d512-mixprior-d4083ca4e2b35f65-seed0-from10pct-20260829,1.1861481666564941,0.509702694564153,0.7931186350207456,1,False
paloma_humaneval_gsm8k,h100-d512-mixprior-e1eb3ba6a4f89d69-seed0-from10pct-20260829,1.1874468326568604,0.5266930623438864,0.7914749123888557,14,False
paloma_humaneval_gsm8k,h100-d512-mixprior-f297c5b7db952caa-seed0-from10pct-20260829,1.1874430179595947,0.5218533667759883,0.7998788364316198,25,False
paloma_humaneval_gsm8k,h100-d512-mixprior-09c118154d089543-seed0-from10pct-20260829,1.186764121055603,0.5218068017982889,0.8300112657405214,37,False
paloma_humaneval_gsm8k,h100-d512-mixprior-654e401d87430d27-seed0-from10pct-20260829,1.1864266395568848,0.5234195112185769,0.8262840125309292,25,False
paloma_humaneval_gsm8k,h100-d512-mixprior-7026cf51fff0f3dc-seed0-from10pct-20260829,1.1872507333755493,0.5197530284711139,0.8173600002001531,43,False
paloma_humaneval_gsm8k,h100-d512-mixprior-8b014e072122dbd3-seed0-from10pct-20260829,1.1867555379867554,0.49991954737566885,0.7793594091821594,0,True
paloma_humaneval_gsm8k,h100-d512-mixprior-a6b2cadc64e50d67-seed0-from10pct-20260829,1.1871044635772705,0.5213722939423393,0.8021600077057807,23,False
paloma_humaneval_gsm8k,h100-d512-mixprior-08ce96bd2cfad893-seed0-from10pct-20260829,1.1860997676849365,0.50807093259914,0.7956490672258437,1,False
paloma_humaneval_gsm8k,h100-d512-mixprior-0bf4da1c0f7fcaa9-seed0-from10pct-20260829,1.1873587369918823,0.5157161511727799,0.8028950669666769,23,False
paloma_humaneval_gsm8k,h100-d512-mixprior-0db801530cba5b32-seed0-from10pct-20260829,1.1871559619903564,0.506663771051836,0.7938050987265868,6,False
paloma_humaneval_gsm8k,h100-d512-mixprior-0f218afbdb299582-seed0-from10pct-20260829,1.1868563890457153,0.5220750201787956,0.7853740450642515,6,False
paloma_humaneval_gsm8k,h100-d512-mixprior-15a67c597e772af0-seed0-from10pct-20260829,1.1867660284042358,0.5065118422582113,0.7951354952749494,6,False
paloma_humaneval_gsm8k,h100-d512-mixprior-1dc7ec9995f13e34-seed0-from10pct-20260829,1.187241554260254,0.5190518273790788,0.7882046594176734,7,False
paloma_humaneval_gsm8k,h100-d512-mixprior-2083a2346292bb2f-seed0-from10pct-20260829,1.1870336532592773,0.5153167472346191,0.7961375197065915,12,False
paloma_humaneval_gsm8k,h100-d512-mixprior-2f88d6030d2730cb-seed0-from10pct-20260829,1.1860442161560059,0.5120030922380971,0.81231122951435,6,False
paloma_humaneval_gsm8k,h100-d512-mixprior-335eaec02838b1dc-seed0-from10pct-20260829,1.1857304573059082,0.5197481387196755,0.8782580562125551,10,False
paloma_humaneval_gsm8k,h100-d512-mixprior-4ae9496ab07483cc-seed0-from10pct-20260829,1.1863856315612793,0.5099308811650988,0.8178498396402769,13,False
paloma_humaneval_gsm8k,h100-d512-mixprior-4d3d5a776ecb3ccd-seed0-from10pct-20260829,1.1861045360565186,0.5064818425247523,0.8114079786108638,5,False
paloma_humaneval_gsm8k,h100-d512-mixprior-4dd49c1392edf356-seed0-from10pct-20260829,1.18703031539917,0.507663063927089,0.8337648853473812,24,False
paloma_humaneval_gsm8k,h100-d512-mixprior-4ec4c7501ff86c5a-seed0-from10pct-20260829,1.1857764720916748,0.5023543957560863,0.8062014194485818,1,False
paloma_humaneval_gsm8k,h100-d512-mixprior-56c1ec7cf51e7635-seed0-from10pct-20260829,1.1853636503219604,0.5054834614931775,0.8700951912241685,1,False
paloma_humaneval_gsm8k,h100-d512-mixprior-6860a62d94f92eaa-seed0-from10pct-20260829,1.1858690977096558,0.51373285228557,0.8041093585266936,4,False
paloma_humaneval_gsm8k,h100-d512-mixprior-73bf71b581f13217-seed0-from10pct-20260829,1.1870225667953491,0.5159317433967203,0.784322542168023,6,False
paloma_humaneval_gsm8k,h100-d512-mixprior-778356a0febae506-seed0-from10pct-20260829,1.186387062072754,0.5136107049555875,0.7945094935024797,5,False
paloma_humaneval_gsm8k,h100-d512-mixprior-7e8c4a8bf36746ef-seed0-from10pct-20260829,1.1878972053527832,0.5195985248338507,0.78194367779177,8,False
paloma_humaneval_gsm8k,h100-d512-mixprior-7f5fc51ef4389bdd-seed0-from10pct-20260829,1.1862962245941162,0.5148498851127415,0.8041384331400449,11,False
paloma_humaneval_gsm8k,h100-d512-mixprior-7fe393803dc0185b-seed0-from10pct-20260829,1.1855132579803467,0.5127557033260771,0.8251370521686192,4,False
paloma_humaneval_gsm8k,h100-d512-mixprior-87091e2267556559-seed0-from10pct-20260829,1.185908555984497,0.5019593274766109,0.8278146895031933,2,False
paloma_humaneval_gsm8k,h100-d512-mixprior-8cb0432978819d02-seed0-from10pct-20260829,1.186920404434204,0.5075204294494017,0.7961979341649028,7,False
paloma_humaneval_gsm8k,h100-d512-mixprior-8d615131b2931cb1-seed0-from10pct-20260829,1.1862211227416992,0.5134840727901111,0.8176789877752009,16,False
paloma_humaneval_gsm8k,h100-d512-mixprior-94ca7c07cae4b249-seed0-from10pct-20260829,1.1867846250534058,0.4986423307313024,0.8195201752387408,3,False
paloma_humaneval_gsm8k,h100-d512-mixprior-996f489106c7b922-seed0-from10pct-20260829,1.1864409446716309,0.4979298909485227,0.8197130247236325,1,False
paloma_humaneval_gsm8k,h100-d512-mixprior-9e0de3be10986119-seed0-from10pct-20260829,1.186033010482788,0.5058789762871513,0.7761196874133317,0,True
paloma_humaneval_gsm8k,h100-d512-mixprior-a1f97c597ddec22b-seed0-from10pct-20260829,1.1853289604187012,0.5168402898287372,0.8650504808992754,2,False
paloma_humaneval_gsm8k,h100-d512-mixprior-aa01e09a5667993c-seed0-from10pct-20260829,1.1864840984344482,0.5099240223103607,0.8109095663152012,10,False
paloma_humaneval_gsm8k,h100-d512-mixprior-b100ad1935c71002-seed0-from10pct-20260829,1.1862757205963135,0.5048336723022158,0.7657825288138767,0,True
paloma_humaneval_gsm8k,h100-d512-mixprior-b76966f86e9a7249-seed0-from10pct-20260829,1.1850111484527588,0.5060416602369779,0.8050057376107331,1,False
paloma_humaneval_gsm8k,h100-d512-mixprior-b81a6ce0ada662d3-seed0-from10pct-20260829,1.1861674785614014,0.5054796325827211,0.7974575451513921,2,False
paloma_humaneval_gsm8k,h100-d512-mixprior-c6d64aa5711b6f4e-seed0-from10pct-20260829,1.1865062713623047,0.5132050513825028,0.8025759612656018,10,False
paloma_humaneval_gsm8k,h100-d512-mixprior-cc01c58c08cd0e95-seed0-from10pct-20260829,1.1873202323913574,0.49887810003034677,0.7981339006915383,1,False
paloma_humaneval_gsm8k,h100-d512-mixprior-ce86ea0b18ba6102-seed0-from10pct-20260829,1.18678879737854,0.5074377589372694,0.8152151872278542,16,False
paloma_humaneval_gsm8k,h100-d512-mixprior-cf4d4d80aab84f4e-seed0-from10pct-20260829,1.1872583627700806,0.5134409344183722,0.8217327448327488,34,False
paloma_humaneval_gsm8k,h100-d512-mixprior-e5b3621f241d9d71-seed0-from10pct-20260829,1.187124252319336,0.5203163779590746,0.8272125270474263,46,False
paloma_humaneval_gsm8k,h100-d512-mixprior-ebd4e1bd2387c375-seed0-from10pct-20260829,1.1861522197723389,0.502903400070547,0.7892663670906257,0,True
paloma_humaneval_gsm8k,h100-d512-mixprior-eea94f18a11cbafc-seed0-from10pct-20260829,1.1865836381912231,0.5030917673686957,0.7803509901527271,0,True
paloma_humaneval_gsm8k,h100-d512-mixprior-f574d556903353ac-seed0-from10pct-20260829,1.1853735446929932,0.5115759858561851,0.7730018776629658,0,True
paloma_humaneval_gsm8k,h100-d512-mixprior-f5a6541da0d6ca4a-seed0-from10pct-20260829,1.1861262321472168,0.5179592256556101,0.8127795893418804,12,False
paloma_humaneval_gsm8k,h100-d512-mixprior-04043d0c8f96fdbc-seed0-from10pct-20260829,1.1877301931381226,0.5086525797492273,0.8154397494967354,23,False
paloma_humaneval_gsm8k,h100-d512-mixprior-197c9f5ceff6b9ee-seed0-from10pct-20260829,1.184385061264038,0.4940224050948791,0.7964591451346961,0,True
paloma_humaneval_gsm8k,h100-d512-mixprior-19b697225c02a94b-seed0-from10pct-20260829,1.1857891082763672,0.5040231617647062,0.8141205640607424,3,False
paloma_humaneval_gsm8k,h100-d512-mixprior-445f6ba88e18307c-seed0-from10pct-20260829,1.1885110139846802,0.4930601551717728,0.794751508542459,0,True
paloma_humaneval_gsm8k,h100-d512-mixprior-5c32d535fde96e01-seed0-from10pct-20260829,1.1870818138122559,0.49254123409583733,0.8044149378706712,0,True
paloma_humaneval_gsm8k,h100-d512-mixprior-69ed9959dd9cd4e5-seed0-from10pct-20260829,1.1867163181304932,0.5034852059152312,0.8004333726924829,3,False
paloma_humaneval_gsm8k,h100-d512-mixprior-6f3961f6e80a541f-seed0-from10pct-20260829,1.187619924545288,0.5195359301146599,0.7824271531275823,6,False
paloma_humaneval_gsm8k,h100-d512-mixprior-99ed32f9ee7a3b89-seed0-from10pct-20260829,1.1869239807128906,0.5131705889074875,0.7696045045686257,1,False
paloma_humaneval_gsm8k,h100-d512-mixprior-9d15834452a55846-seed0-from10pct-20260829,1.1882719993591309,0.5009491774472036,0.7947637106705151,2,False
paloma_humaneval_gsm8k,h100-d512-mixprior-a1ae55056fe63498-seed0-from10pct-20260829,1.1855961084365845,0.512237979523282,0.8022606682060618,3,False
paloma_humaneval_gsm8k,h100-d512-mixprior-b15f19b1c4f4ddf1-seed0-from10pct-20260829,1.1873981952667236,0.517185375466278,0.8079931889949552,31,False
paloma_humaneval_gsm8k,h100-d512-mixprior-e8e11e24b0382924-seed0-from10pct-20260829,1.1867038011550903,0.5047276177333951,0.7928586957046801,2,False
paloma_humaneval_gsm8k,h100-d512-mixprior-2d02e594203d6b7c-seed0-from10pct-20260829,1.1860525608062744,0.5023314952140576,0.8096212320158526,1,False
paloma_humaneval_gsm8k,h100-d512-mixprior-5f6e920ed52cd6d0-seed0-from10pct-20260829,1.186991810798645,0.5080147315775428,0.8060989263185216,12,False
paloma_humaneval_gsm8k,h100-d512-mixprior-8d5f0aed232ce1b7-seed0-from10pct-20260829,1.1854820251464844,0.5119895250931524,0.7975599277466127,2,False
paloma_humaneval_gsm8k,h100-d512-mixprior-b45c8fcea03f37d8-seed0-from10pct-20260829,1.1867501735687256,0.49410215746245173,0.8171986987453679,1,False
paloma_humaneval_gsm8k,h100-d512-mixprior-df90e8b7f0951a11-seed0-from10pct-20260829,1.1861258745193481,0.4956779644023037,0.8317195307805704,1,False
paloma_humaneval_gsm8k,h100-d512-mixprior-ee3799698c71ea8f-seed0-from10pct-20260829,1.1860092878341675,0.4981026783807093,0.8281953007690454,2,False
