pair,convention,cell,b_minus_a_exposure_tokens
r-stem high pre_vs_cool seed0,registry_nominal_simulated,c00q0,0.0
r-stem high pre_vs_cool seed0,registry_nominal_simulated,c00q1,0.0
r-stem high pre_vs_cool seed0,registry_nominal_simulated,c00q2,0.0
r-stem high pre_vs_cool seed0,registry_nominal_simulated,c00q3,0.0
r-stem high pre_vs_cool seed0,registry_nominal_simulated,c00q4,0.0
r-stem high pre_vs_cool seed0,registry_nominal_simulated,c01q0,0.0
r-stem high pre_vs_cool seed0,registry_nominal_simulated,c01q1,0.0
r-stem high pre_vs_cool seed0,registry_nominal_simulated,c01q2,0.0
r-stem high pre_vs_cool seed0,registry_nominal_simulated,c01q3,0.0
r-stem high pre_vs_cool seed0,registry_nominal_simulated,c01q4,0.0
r-stem high pre_vs_cool seed0,registry_nominal_simulated,c02q0,0.0
r-stem high pre_vs_cool seed0,registry_nominal_simulated,c02q1,0.0
r-stem high pre_vs_cool seed0,registry_nominal_simulated,c02q2,0.0
r-stem high pre_vs_cool seed0,registry_nominal_simulated,c02q3,0.0
r-stem high pre_vs_cool seed0,registry_nominal_simulated,c02q4,0.0
r-stem high pre_vs_cool seed0,registry_nominal_simulated,c03q0,0.0
r-stem high pre_vs_cool seed0,registry_nominal_simulated,c03q1,0.0
r-stem high pre_vs_cool seed0,registry_nominal_simulated,c03q2,0.0
r-stem high pre_vs_cool seed0,registry_nominal_simulated,c03q3,0.0
r-stem high pre_vs_cool seed0,registry_nominal_simulated,c03q4,0.0
r-stem high pre_vs_cool seed0,registry_nominal_simulated,c04q0,0.0
r-stem high pre_vs_cool seed0,registry_nominal_simulated,c04q1,0.0
r-stem high pre_vs_cool seed0,registry_nominal_simulated,c04q2,0.0
r-stem high pre_vs_cool seed0,registry_nominal_simulated,c04q3,0.0
r-stem high pre_vs_cool seed0,registry_nominal_simulated,c04q4,0.0
r-stem high pre_vs_cool seed0,registry_nominal_simulated,c05q0,0.0
r-stem high pre_vs_cool seed0,registry_nominal_simulated,c05q1,0.0
r-stem high pre_vs_cool seed0,registry_nominal_simulated,c05q2,0.0
r-stem high pre_vs_cool seed0,registry_nominal_simulated,c05q3,0.0
r-stem high pre_vs_cool seed0,registry_nominal_simulated,c05q4,0.0
r-stem high pre_vs_cool seed0,registry_nominal_simulated,c06q0,0.0
r-stem high pre_vs_cool seed0,registry_nominal_simulated,c06q1,0.0
r-stem high pre_vs_cool seed0,registry_nominal_simulated,c06q2,0.0
r-stem high pre_vs_cool seed0,registry_nominal_simulated,c06q3,0.0
r-stem high pre_vs_cool seed0,registry_nominal_simulated,c06q4,0.0
r-stem high pre_vs_cool seed0,registry_nominal_simulated,c07q0,0.0
r-stem high pre_vs_cool seed0,registry_nominal_simulated,c07q1,0.0
r-stem high pre_vs_cool seed0,registry_nominal_simulated,c07q2,0.0
r-stem high pre_vs_cool seed0,registry_nominal_simulated,c07q3,0.0
r-stem high pre_vs_cool seed0,registry_nominal_simulated,c07q4,0.0
r-stem high pre_vs_cool seed0,registry_nominal_simulated,c08q0,0.0
r-stem high pre_vs_cool seed0,registry_nominal_simulated,c08q1,0.0
r-stem high pre_vs_cool seed0,registry_nominal_simulated,c08q2,0.0
r-stem high pre_vs_cool seed0,registry_nominal_simulated,c08q3,0.0
r-stem high pre_vs_cool seed0,registry_nominal_simulated,c08q4,0.0
r-stem high pre_vs_cool seed0,registry_nominal_simulated,c09q0,0.0
r-stem high pre_vs_cool seed0,registry_nominal_simulated,c09q1,0.0
r-stem high pre_vs_cool seed0,registry_nominal_simulated,c09q2,0.0
r-stem high pre_vs_cool seed0,registry_nominal_simulated,c09q3,0.0
r-stem high pre_vs_cool seed0,registry_nominal_simulated,c09q4,0.0
r-stem high pre_vs_cool seed0,registry_nominal_simulated,c10q0,0.0
r-stem high pre_vs_cool seed0,registry_nominal_simulated,c10q1,0.0
r-stem high pre_vs_cool seed0,registry_nominal_simulated,c10q2,0.0
r-stem high pre_vs_cool seed0,registry_nominal_simulated,c10q3,0.0
r-stem high pre_vs_cool seed0,registry_nominal_simulated,c10q4,0.0
r-stem high pre_vs_cool seed0,registry_nominal_simulated,c11q0,0.0
r-stem high pre_vs_cool seed0,registry_nominal_simulated,c11q1,0.0
r-stem high pre_vs_cool seed0,registry_nominal_simulated,c11q2,0.0
r-stem high pre_vs_cool seed0,registry_nominal_simulated,c11q3,0.0
r-stem high pre_vs_cool seed0,registry_nominal_simulated,c11q4,0.0
r-stem high pre_vs_cool seed0,registry_nominal_simulated,c12q0,0.0
r-stem high pre_vs_cool seed0,registry_nominal_simulated,c12q1,0.0
r-stem high pre_vs_cool seed0,registry_nominal_simulated,c12q2,0.0
r-stem high pre_vs_cool seed0,registry_nominal_simulated,c12q3,0.0
r-stem high pre_vs_cool seed0,registry_nominal_simulated,c12q4,0.0
r-stem high pre_vs_cool seed0,registry_nominal_simulated,c13q0,0.0
r-stem high pre_vs_cool seed0,registry_nominal_simulated,c13q1,0.0
r-stem high pre_vs_cool seed0,registry_nominal_simulated,c13q2,0.0
r-stem high pre_vs_cool seed0,registry_nominal_simulated,c13q3,0.0
r-stem high pre_vs_cool seed0,registry_nominal_simulated,c13q4,0.0
r-stem high pre_vs_cool seed0,registry_nominal_simulated,c14q0,0.0
r-stem high pre_vs_cool seed0,registry_nominal_simulated,c14q1,0.0
r-stem high pre_vs_cool seed0,registry_nominal_simulated,c14q2,0.0
r-stem high pre_vs_cool seed0,registry_nominal_simulated,c14q3,0.0
r-stem high pre_vs_cool seed0,registry_nominal_simulated,c14q4,0.0
r-stem high pre_vs_cool seed0,registry_nominal_simulated,c15q0,0.0
r-stem high pre_vs_cool seed0,registry_nominal_simulated,c15q1,0.0
r-stem high pre_vs_cool seed0,registry_nominal_simulated,c15q2,0.0
r-stem high pre_vs_cool seed0,registry_nominal_simulated,c15q3,0.0
r-stem high pre_vs_cool seed0,registry_nominal_simulated,c15q4,0.0
r-stem high pre_vs_cool seed0,registry_nominal_simulated,c16q0,0.0
r-stem high pre_vs_cool seed0,registry_nominal_simulated,c16q1,0.0
r-stem high pre_vs_cool seed0,registry_nominal_simulated,c16q2,0.0
r-stem high pre_vs_cool seed0,registry_nominal_simulated,c16q3,0.0
r-stem high pre_vs_cool seed0,registry_nominal_simulated,c16q4,0.0
r-stem high pre_vs_cool seed0,registry_nominal_simulated,c17q0,0.0
r-stem high pre_vs_cool seed0,registry_nominal_simulated,c17q1,0.0
r-stem high pre_vs_cool seed0,registry_nominal_simulated,c17q2,0.0
r-stem high pre_vs_cool seed0,registry_nominal_simulated,c17q3,0.0
r-stem high pre_vs_cool seed0,registry_nominal_simulated,c17q4,0.0
r-stem high pre_vs_cool seed0,registry_nominal_simulated,c18q0,0.0
r-stem high pre_vs_cool seed0,registry_nominal_simulated,c18q1,0.0
r-stem high pre_vs_cool seed0,registry_nominal_simulated,c18q2,0.0
r-stem high pre_vs_cool seed0,registry_nominal_simulated,c18q3,0.0
r-stem high pre_vs_cool seed0,registry_nominal_simulated,c18q4,0.0
r-stem high pre_vs_cool seed0,registry_nominal_simulated,c19q0,0.0
r-stem high pre_vs_cool seed0,registry_nominal_simulated,c19q1,0.0
r-stem high pre_vs_cool seed0,registry_nominal_simulated,c19q2,0.0
r-stem high pre_vs_cool seed0,registry_nominal_simulated,c19q3,0.0
r-stem high pre_vs_cool seed0,registry_nominal_simulated,c19q4,0.0
r-stem high pre_vs_cool seed0,registry_nominal_simulated,c20q0,0.0
r-stem high pre_vs_cool seed0,registry_nominal_simulated,c20q1,0.0
r-stem high pre_vs_cool seed0,registry_nominal_simulated,c20q2,0.0
r-stem high pre_vs_cool seed0,registry_nominal_simulated,c20q3,0.0
r-stem high pre_vs_cool seed0,registry_nominal_simulated,c20q4,0.0
r-stem high pre_vs_cool seed0,registry_nominal_simulated,c21q0,0.0
r-stem high pre_vs_cool seed0,registry_nominal_simulated,c21q1,0.0
r-stem high pre_vs_cool seed0,registry_nominal_simulated,c21q2,0.0
r-stem high pre_vs_cool seed0,registry_nominal_simulated,c21q3,0.0
r-stem high pre_vs_cool seed0,registry_nominal_simulated,c21q4,0.0
r-stem high pre_vs_cool seed0,registry_nominal_simulated,c22q0,0.0
r-stem high pre_vs_cool seed0,registry_nominal_simulated,c22q1,0.0
r-stem high pre_vs_cool seed0,registry_nominal_simulated,c22q2,0.0
r-stem high pre_vs_cool seed0,registry_nominal_simulated,c22q3,0.0
r-stem high pre_vs_cool seed0,registry_nominal_simulated,c22q4,0.0
r-stem high pre_vs_cool seed0,registry_nominal_simulated,c23q0,0.0
r-stem high pre_vs_cool seed0,registry_nominal_simulated,c23q1,0.0
r-stem high pre_vs_cool seed0,registry_nominal_simulated,c23q2,0.0
r-stem high pre_vs_cool seed0,registry_nominal_simulated,c23q3,0.0
r-stem high pre_vs_cool seed0,registry_nominal_simulated,c23q4,0.0
r-stem high pre_vs_cool seed0,registry_nominal_simulated,c24q0,0.0
r-stem high pre_vs_cool seed0,registry_nominal_simulated,c24q1,0.0
r-stem high pre_vs_cool seed0,registry_nominal_simulated,c24q2,0.0
r-stem high pre_vs_cool seed0,registry_nominal_simulated,c24q3,0.0
r-stem high pre_vs_cool seed0,registry_nominal_simulated,c24q4,0.0
r-stem high pre_vs_cool seed0,registry_nominal_simulated,c25q0,0.0
r-stem high pre_vs_cool seed0,registry_nominal_simulated,c25q1,0.0
r-stem high pre_vs_cool seed0,registry_nominal_simulated,c25q2,0.0
r-stem high pre_vs_cool seed0,registry_nominal_simulated,c25q3,0.0
r-stem high pre_vs_cool seed0,registry_nominal_simulated,c25q4,0.0
r-stem high pre_vs_cool seed0,registry_nominal_simulated,c26q0,0.0
r-stem high pre_vs_cool seed0,registry_nominal_simulated,c26q1,0.0
r-stem high pre_vs_cool seed0,registry_nominal_simulated,c26q2,0.0
r-stem high pre_vs_cool seed0,registry_nominal_simulated,c26q3,0.0
r-stem high pre_vs_cool seed0,registry_nominal_simulated,c26q4,0.0
r-stem high pre_vs_cool seed0,registry_nominal_simulated,c27q0,0.0
r-stem high pre_vs_cool seed0,registry_nominal_simulated,c27q1,0.0
r-stem high pre_vs_cool seed0,registry_nominal_simulated,c27q2,0.0
r-stem high pre_vs_cool seed0,registry_nominal_simulated,c27q3,0.0
r-stem high pre_vs_cool seed0,registry_nominal_simulated,c27q4,0.0
r-stem high pre_vs_cool seed0,registry_nominal_simulated,c28q0,0.0
r-stem high pre_vs_cool seed0,registry_nominal_simulated,c28q1,0.0
r-stem high pre_vs_cool seed0,registry_nominal_simulated,c28q2,0.0
r-stem high pre_vs_cool seed0,registry_nominal_simulated,c28q3,0.0
r-stem high pre_vs_cool seed0,registry_nominal_simulated,c28q4,0.0
r-stem high pre_vs_cool seed0,registry_nominal_simulated,c29q0,0.0
r-stem high pre_vs_cool seed0,registry_nominal_simulated,c29q1,0.0
r-stem high pre_vs_cool seed0,registry_nominal_simulated,c29q2,0.0
r-stem high pre_vs_cool seed0,registry_nominal_simulated,c29q3,0.0
r-stem high pre_vs_cool seed0,registry_nominal_simulated,c29q4,0.0
r-stem high pre_vs_cool seed0,registry_nominal_simulated,c30q0,497525.29561606795
r-stem high pre_vs_cool seed0,registry_nominal_simulated,c30q1,53848053.89780998
r-stem high pre_vs_cool seed0,registry_nominal_simulated,c30q2,219320031.7229538
r-stem high pre_vs_cool seed0,registry_nominal_simulated,c30q3,500489483.34781265
r-stem high pre_vs_cool seed0,registry_nominal_simulated,c30q4,487418979.8098984
r-stem high pre_vs_cool seed0,registry_nominal_simulated,c31q0,0.0
r-stem high pre_vs_cool seed0,registry_nominal_simulated,c31q1,0.0
r-stem high pre_vs_cool seed0,registry_nominal_simulated,c31q2,0.0
r-stem high pre_vs_cool seed0,registry_nominal_simulated,c31q3,0.0
r-stem high pre_vs_cool seed0,registry_nominal_simulated,c31q4,0.0
r-stem high pre_vs_cool seed0,registry_nominal_simulated,c32q0,0.0
r-stem high pre_vs_cool seed0,registry_nominal_simulated,c32q1,0.0
r-stem high pre_vs_cool seed0,registry_nominal_simulated,c32q2,0.0
r-stem high pre_vs_cool seed0,registry_nominal_simulated,c32q3,0.0
r-stem high pre_vs_cool seed0,registry_nominal_simulated,c32q4,0.0
r-stem high pre_vs_cool seed0,registry_nominal_simulated,c33q0,0.0
r-stem high pre_vs_cool seed0,registry_nominal_simulated,c33q1,0.0
r-stem high pre_vs_cool seed0,registry_nominal_simulated,c33q2,0.0
r-stem high pre_vs_cool seed0,registry_nominal_simulated,c33q3,0.0
r-stem high pre_vs_cool seed0,registry_nominal_simulated,c33q4,0.0
r-stem high pre_vs_cool seed0,registry_nominal_simulated,c34q0,0.0
r-stem high pre_vs_cool seed0,registry_nominal_simulated,c34q1,0.0
r-stem high pre_vs_cool seed0,registry_nominal_simulated,c34q2,0.0
r-stem high pre_vs_cool seed0,registry_nominal_simulated,c34q3,0.0
r-stem high pre_vs_cool seed0,registry_nominal_simulated,c34q4,0.0
r-stem high pre_vs_cool seed0,registry_nominal_simulated,c35q0,0.0
r-stem high pre_vs_cool seed0,registry_nominal_simulated,c35q1,0.0
r-stem high pre_vs_cool seed0,registry_nominal_simulated,c35q2,0.0
r-stem high pre_vs_cool seed0,registry_nominal_simulated,c35q3,0.0
r-stem high pre_vs_cool seed0,registry_nominal_simulated,c35q4,0.0
r-stem high pre_vs_cool seed0,registry_nominal_simulated,c36q0,0.0
r-stem high pre_vs_cool seed0,registry_nominal_simulated,c36q1,0.0
r-stem high pre_vs_cool seed0,registry_nominal_simulated,c36q2,0.0
r-stem high pre_vs_cool seed0,registry_nominal_simulated,c36q3,0.0
r-stem high pre_vs_cool seed0,registry_nominal_simulated,c36q4,0.0
r-stem high pre_vs_cool seed0,registry_nominal_simulated,c37q0,0.0
r-stem high pre_vs_cool seed0,registry_nominal_simulated,c37q1,0.0
r-stem high pre_vs_cool seed0,registry_nominal_simulated,c37q2,0.0
r-stem high pre_vs_cool seed0,registry_nominal_simulated,c37q3,0.0
r-stem high pre_vs_cool seed0,registry_nominal_simulated,c37q4,0.0
r-stem high pre_vs_cool seed0,registry_nominal_simulated,c38q0,0.0
r-stem high pre_vs_cool seed0,registry_nominal_simulated,c38q1,0.0
r-stem high pre_vs_cool seed0,registry_nominal_simulated,c38q2,0.0
r-stem high pre_vs_cool seed0,registry_nominal_simulated,c38q3,0.0
r-stem high pre_vs_cool seed0,registry_nominal_simulated,c38q4,0.0
r-stem high pre_vs_cool seed0,registry_nominal_simulated,c39q0,-497525.29561630264
r-stem high pre_vs_cool seed0,registry_nominal_simulated,c39q1,-53848053.897805214
r-stem high pre_vs_cool seed0,registry_nominal_simulated,c39q2,-219320031.7229395
r-stem high pre_vs_cool seed0,registry_nominal_simulated,c39q3,-500489483.3478222
r-stem high pre_vs_cool seed0,registry_nominal_simulated,c39q4,-487418979.80986977
r-stem high pre_vs_cool seed0,weight_compensation_2726_810_physical,c00q0,0.0
r-stem high pre_vs_cool seed0,weight_compensation_2726_810_physical,c00q1,0.0
r-stem high pre_vs_cool seed0,weight_compensation_2726_810_physical,c00q2,0.0
r-stem high pre_vs_cool seed0,weight_compensation_2726_810_physical,c00q3,0.0
r-stem high pre_vs_cool seed0,weight_compensation_2726_810_physical,c00q4,0.0
r-stem high pre_vs_cool seed0,weight_compensation_2726_810_physical,c01q0,0.0
r-stem high pre_vs_cool seed0,weight_compensation_2726_810_physical,c01q1,0.0
r-stem high pre_vs_cool seed0,weight_compensation_2726_810_physical,c01q2,0.0
r-stem high pre_vs_cool seed0,weight_compensation_2726_810_physical,c01q3,0.0
r-stem high pre_vs_cool seed0,weight_compensation_2726_810_physical,c01q4,0.0
r-stem high pre_vs_cool seed0,weight_compensation_2726_810_physical,c02q0,0.0
r-stem high pre_vs_cool seed0,weight_compensation_2726_810_physical,c02q1,0.0
r-stem high pre_vs_cool seed0,weight_compensation_2726_810_physical,c02q2,0.0
r-stem high pre_vs_cool seed0,weight_compensation_2726_810_physical,c02q3,0.0
r-stem high pre_vs_cool seed0,weight_compensation_2726_810_physical,c02q4,0.0
r-stem high pre_vs_cool seed0,weight_compensation_2726_810_physical,c03q0,0.0
r-stem high pre_vs_cool seed0,weight_compensation_2726_810_physical,c03q1,0.0
r-stem high pre_vs_cool seed0,weight_compensation_2726_810_physical,c03q2,0.0
r-stem high pre_vs_cool seed0,weight_compensation_2726_810_physical,c03q3,0.0
r-stem high pre_vs_cool seed0,weight_compensation_2726_810_physical,c03q4,0.0
r-stem high pre_vs_cool seed0,weight_compensation_2726_810_physical,c04q0,0.0
r-stem high pre_vs_cool seed0,weight_compensation_2726_810_physical,c04q1,0.0
r-stem high pre_vs_cool seed0,weight_compensation_2726_810_physical,c04q2,0.0
r-stem high pre_vs_cool seed0,weight_compensation_2726_810_physical,c04q3,0.0
r-stem high pre_vs_cool seed0,weight_compensation_2726_810_physical,c04q4,0.0
r-stem high pre_vs_cool seed0,weight_compensation_2726_810_physical,c05q0,0.0
r-stem high pre_vs_cool seed0,weight_compensation_2726_810_physical,c05q1,0.0
r-stem high pre_vs_cool seed0,weight_compensation_2726_810_physical,c05q2,0.0
r-stem high pre_vs_cool seed0,weight_compensation_2726_810_physical,c05q3,0.0
r-stem high pre_vs_cool seed0,weight_compensation_2726_810_physical,c05q4,0.0
r-stem high pre_vs_cool seed0,weight_compensation_2726_810_physical,c06q0,0.0
r-stem high pre_vs_cool seed0,weight_compensation_2726_810_physical,c06q1,0.0
r-stem high pre_vs_cool seed0,weight_compensation_2726_810_physical,c06q2,0.0
r-stem high pre_vs_cool seed0,weight_compensation_2726_810_physical,c06q3,0.0
r-stem high pre_vs_cool seed0,weight_compensation_2726_810_physical,c06q4,0.0
r-stem high pre_vs_cool seed0,weight_compensation_2726_810_physical,c07q0,0.0
r-stem high pre_vs_cool seed0,weight_compensation_2726_810_physical,c07q1,0.0
r-stem high pre_vs_cool seed0,weight_compensation_2726_810_physical,c07q2,0.0
r-stem high pre_vs_cool seed0,weight_compensation_2726_810_physical,c07q3,0.0
r-stem high pre_vs_cool seed0,weight_compensation_2726_810_physical,c07q4,0.0
r-stem high pre_vs_cool seed0,weight_compensation_2726_810_physical,c08q0,0.0
r-stem high pre_vs_cool seed0,weight_compensation_2726_810_physical,c08q1,0.0
r-stem high pre_vs_cool seed0,weight_compensation_2726_810_physical,c08q2,0.0
r-stem high pre_vs_cool seed0,weight_compensation_2726_810_physical,c08q3,0.0
r-stem high pre_vs_cool seed0,weight_compensation_2726_810_physical,c08q4,0.0
r-stem high pre_vs_cool seed0,weight_compensation_2726_810_physical,c09q0,0.0
r-stem high pre_vs_cool seed0,weight_compensation_2726_810_physical,c09q1,0.0
r-stem high pre_vs_cool seed0,weight_compensation_2726_810_physical,c09q2,0.0
r-stem high pre_vs_cool seed0,weight_compensation_2726_810_physical,c09q3,0.0
r-stem high pre_vs_cool seed0,weight_compensation_2726_810_physical,c09q4,0.0
r-stem high pre_vs_cool seed0,weight_compensation_2726_810_physical,c10q0,0.0
r-stem high pre_vs_cool seed0,weight_compensation_2726_810_physical,c10q1,0.0
r-stem high pre_vs_cool seed0,weight_compensation_2726_810_physical,c10q2,0.0
r-stem high pre_vs_cool seed0,weight_compensation_2726_810_physical,c10q3,0.0
r-stem high pre_vs_cool seed0,weight_compensation_2726_810_physical,c10q4,0.0
r-stem high pre_vs_cool seed0,weight_compensation_2726_810_physical,c11q0,0.0
r-stem high pre_vs_cool seed0,weight_compensation_2726_810_physical,c11q1,0.0
r-stem high pre_vs_cool seed0,weight_compensation_2726_810_physical,c11q2,0.0
r-stem high pre_vs_cool seed0,weight_compensation_2726_810_physical,c11q3,0.0
r-stem high pre_vs_cool seed0,weight_compensation_2726_810_physical,c11q4,0.0
r-stem high pre_vs_cool seed0,weight_compensation_2726_810_physical,c12q0,0.0
r-stem high pre_vs_cool seed0,weight_compensation_2726_810_physical,c12q1,0.0
r-stem high pre_vs_cool seed0,weight_compensation_2726_810_physical,c12q2,0.0
r-stem high pre_vs_cool seed0,weight_compensation_2726_810_physical,c12q3,0.0
r-stem high pre_vs_cool seed0,weight_compensation_2726_810_physical,c12q4,0.0
r-stem high pre_vs_cool seed0,weight_compensation_2726_810_physical,c13q0,0.0
r-stem high pre_vs_cool seed0,weight_compensation_2726_810_physical,c13q1,0.0
r-stem high pre_vs_cool seed0,weight_compensation_2726_810_physical,c13q2,0.0
r-stem high pre_vs_cool seed0,weight_compensation_2726_810_physical,c13q3,0.0
r-stem high pre_vs_cool seed0,weight_compensation_2726_810_physical,c13q4,0.0
r-stem high pre_vs_cool seed0,weight_compensation_2726_810_physical,c14q0,0.0
r-stem high pre_vs_cool seed0,weight_compensation_2726_810_physical,c14q1,0.0
r-stem high pre_vs_cool seed0,weight_compensation_2726_810_physical,c14q2,0.0
r-stem high pre_vs_cool seed0,weight_compensation_2726_810_physical,c14q3,0.0
r-stem high pre_vs_cool seed0,weight_compensation_2726_810_physical,c14q4,0.0
r-stem high pre_vs_cool seed0,weight_compensation_2726_810_physical,c15q0,0.0
r-stem high pre_vs_cool seed0,weight_compensation_2726_810_physical,c15q1,0.0
r-stem high pre_vs_cool seed0,weight_compensation_2726_810_physical,c15q2,0.0
r-stem high pre_vs_cool seed0,weight_compensation_2726_810_physical,c15q3,0.0
r-stem high pre_vs_cool seed0,weight_compensation_2726_810_physical,c15q4,0.0
r-stem high pre_vs_cool seed0,weight_compensation_2726_810_physical,c16q0,0.0
r-stem high pre_vs_cool seed0,weight_compensation_2726_810_physical,c16q1,0.0
r-stem high pre_vs_cool seed0,weight_compensation_2726_810_physical,c16q2,0.0
r-stem high pre_vs_cool seed0,weight_compensation_2726_810_physical,c16q3,0.0
r-stem high pre_vs_cool seed0,weight_compensation_2726_810_physical,c16q4,0.0
r-stem high pre_vs_cool seed0,weight_compensation_2726_810_physical,c17q0,0.0
r-stem high pre_vs_cool seed0,weight_compensation_2726_810_physical,c17q1,0.0
r-stem high pre_vs_cool seed0,weight_compensation_2726_810_physical,c17q2,0.0
r-stem high pre_vs_cool seed0,weight_compensation_2726_810_physical,c17q3,0.0
r-stem high pre_vs_cool seed0,weight_compensation_2726_810_physical,c17q4,0.0
r-stem high pre_vs_cool seed0,weight_compensation_2726_810_physical,c18q0,0.0
r-stem high pre_vs_cool seed0,weight_compensation_2726_810_physical,c18q1,0.0
r-stem high pre_vs_cool seed0,weight_compensation_2726_810_physical,c18q2,0.0
r-stem high pre_vs_cool seed0,weight_compensation_2726_810_physical,c18q3,0.0
r-stem high pre_vs_cool seed0,weight_compensation_2726_810_physical,c18q4,0.0
r-stem high pre_vs_cool seed0,weight_compensation_2726_810_physical,c19q0,0.0
r-stem high pre_vs_cool seed0,weight_compensation_2726_810_physical,c19q1,0.0
r-stem high pre_vs_cool seed0,weight_compensation_2726_810_physical,c19q2,0.0
r-stem high pre_vs_cool seed0,weight_compensation_2726_810_physical,c19q3,0.0
r-stem high pre_vs_cool seed0,weight_compensation_2726_810_physical,c19q4,0.0
r-stem high pre_vs_cool seed0,weight_compensation_2726_810_physical,c20q0,0.0
r-stem high pre_vs_cool seed0,weight_compensation_2726_810_physical,c20q1,0.0
r-stem high pre_vs_cool seed0,weight_compensation_2726_810_physical,c20q2,0.0
r-stem high pre_vs_cool seed0,weight_compensation_2726_810_physical,c20q3,0.0
r-stem high pre_vs_cool seed0,weight_compensation_2726_810_physical,c20q4,0.0
r-stem high pre_vs_cool seed0,weight_compensation_2726_810_physical,c21q0,0.0
r-stem high pre_vs_cool seed0,weight_compensation_2726_810_physical,c21q1,0.0
r-stem high pre_vs_cool seed0,weight_compensation_2726_810_physical,c21q2,0.0
r-stem high pre_vs_cool seed0,weight_compensation_2726_810_physical,c21q3,0.0
r-stem high pre_vs_cool seed0,weight_compensation_2726_810_physical,c21q4,0.0
r-stem high pre_vs_cool seed0,weight_compensation_2726_810_physical,c22q0,0.0
r-stem high pre_vs_cool seed0,weight_compensation_2726_810_physical,c22q1,0.0
r-stem high pre_vs_cool seed0,weight_compensation_2726_810_physical,c22q2,0.0
r-stem high pre_vs_cool seed0,weight_compensation_2726_810_physical,c22q3,0.0
r-stem high pre_vs_cool seed0,weight_compensation_2726_810_physical,c22q4,0.0
r-stem high pre_vs_cool seed0,weight_compensation_2726_810_physical,c23q0,0.0
r-stem high pre_vs_cool seed0,weight_compensation_2726_810_physical,c23q1,0.0
r-stem high pre_vs_cool seed0,weight_compensation_2726_810_physical,c23q2,0.0
r-stem high pre_vs_cool seed0,weight_compensation_2726_810_physical,c23q3,0.0
r-stem high pre_vs_cool seed0,weight_compensation_2726_810_physical,c23q4,0.0
r-stem high pre_vs_cool seed0,weight_compensation_2726_810_physical,c24q0,0.0
r-stem high pre_vs_cool seed0,weight_compensation_2726_810_physical,c24q1,0.0
r-stem high pre_vs_cool seed0,weight_compensation_2726_810_physical,c24q2,0.0
r-stem high pre_vs_cool seed0,weight_compensation_2726_810_physical,c24q3,0.0
r-stem high pre_vs_cool seed0,weight_compensation_2726_810_physical,c24q4,0.0
r-stem high pre_vs_cool seed0,weight_compensation_2726_810_physical,c25q0,0.0
r-stem high pre_vs_cool seed0,weight_compensation_2726_810_physical,c25q1,0.0
r-stem high pre_vs_cool seed0,weight_compensation_2726_810_physical,c25q2,0.0
r-stem high pre_vs_cool seed0,weight_compensation_2726_810_physical,c25q3,0.0
r-stem high pre_vs_cool seed0,weight_compensation_2726_810_physical,c25q4,0.0
r-stem high pre_vs_cool seed0,weight_compensation_2726_810_physical,c26q0,0.0
r-stem high pre_vs_cool seed0,weight_compensation_2726_810_physical,c26q1,0.0
r-stem high pre_vs_cool seed0,weight_compensation_2726_810_physical,c26q2,0.0
r-stem high pre_vs_cool seed0,weight_compensation_2726_810_physical,c26q3,0.0
r-stem high pre_vs_cool seed0,weight_compensation_2726_810_physical,c26q4,0.0
r-stem high pre_vs_cool seed0,weight_compensation_2726_810_physical,c27q0,0.0
r-stem high pre_vs_cool seed0,weight_compensation_2726_810_physical,c27q1,0.0
r-stem high pre_vs_cool seed0,weight_compensation_2726_810_physical,c27q2,0.0
r-stem high pre_vs_cool seed0,weight_compensation_2726_810_physical,c27q3,0.0
r-stem high pre_vs_cool seed0,weight_compensation_2726_810_physical,c27q4,0.0
r-stem high pre_vs_cool seed0,weight_compensation_2726_810_physical,c28q0,0.0
r-stem high pre_vs_cool seed0,weight_compensation_2726_810_physical,c28q1,0.0
r-stem high pre_vs_cool seed0,weight_compensation_2726_810_physical,c28q2,0.0
r-stem high pre_vs_cool seed0,weight_compensation_2726_810_physical,c28q3,0.0
r-stem high pre_vs_cool seed0,weight_compensation_2726_810_physical,c28q4,0.0
r-stem high pre_vs_cool seed0,weight_compensation_2726_810_physical,c29q0,0.0
r-stem high pre_vs_cool seed0,weight_compensation_2726_810_physical,c29q1,0.0
r-stem high pre_vs_cool seed0,weight_compensation_2726_810_physical,c29q2,0.0
r-stem high pre_vs_cool seed0,weight_compensation_2726_810_physical,c29q3,0.0
r-stem high pre_vs_cool seed0,weight_compensation_2726_810_physical,c29q4,0.0
r-stem high pre_vs_cool seed0,weight_compensation_2726_810_physical,c30q0,-1.8189894035458565e-11
r-stem high pre_vs_cool seed0,weight_compensation_2726_810_physical,c30q1,9.313225746154785e-10
r-stem high pre_vs_cool seed0,weight_compensation_2726_810_physical,c30q2,9.313225746154785e-10
r-stem high pre_vs_cool seed0,weight_compensation_2726_810_physical,c30q3,-3.725290298461914e-09
r-stem high pre_vs_cool seed0,weight_compensation_2726_810_physical,c30q4,1.6763806343078613e-08
r-stem high pre_vs_cool seed0,weight_compensation_2726_810_physical,c31q0,0.0
r-stem high pre_vs_cool seed0,weight_compensation_2726_810_physical,c31q1,0.0
r-stem high pre_vs_cool seed0,weight_compensation_2726_810_physical,c31q2,0.0
r-stem high pre_vs_cool seed0,weight_compensation_2726_810_physical,c31q3,0.0
r-stem high pre_vs_cool seed0,weight_compensation_2726_810_physical,c31q4,0.0
r-stem high pre_vs_cool seed0,weight_compensation_2726_810_physical,c32q0,0.0
r-stem high pre_vs_cool seed0,weight_compensation_2726_810_physical,c32q1,0.0
r-stem high pre_vs_cool seed0,weight_compensation_2726_810_physical,c32q2,0.0
r-stem high pre_vs_cool seed0,weight_compensation_2726_810_physical,c32q3,0.0
r-stem high pre_vs_cool seed0,weight_compensation_2726_810_physical,c32q4,0.0
r-stem high pre_vs_cool seed0,weight_compensation_2726_810_physical,c33q0,0.0
r-stem high pre_vs_cool seed0,weight_compensation_2726_810_physical,c33q1,0.0
r-stem high pre_vs_cool seed0,weight_compensation_2726_810_physical,c33q2,0.0
r-stem high pre_vs_cool seed0,weight_compensation_2726_810_physical,c33q3,0.0
r-stem high pre_vs_cool seed0,weight_compensation_2726_810_physical,c33q4,0.0
r-stem high pre_vs_cool seed0,weight_compensation_2726_810_physical,c34q0,0.0
r-stem high pre_vs_cool seed0,weight_compensation_2726_810_physical,c34q1,0.0
r-stem high pre_vs_cool seed0,weight_compensation_2726_810_physical,c34q2,0.0
r-stem high pre_vs_cool seed0,weight_compensation_2726_810_physical,c34q3,0.0
r-stem high pre_vs_cool seed0,weight_compensation_2726_810_physical,c34q4,0.0
r-stem high pre_vs_cool seed0,weight_compensation_2726_810_physical,c35q0,0.0
r-stem high pre_vs_cool seed0,weight_compensation_2726_810_physical,c35q1,0.0
r-stem high pre_vs_cool seed0,weight_compensation_2726_810_physical,c35q2,0.0
r-stem high pre_vs_cool seed0,weight_compensation_2726_810_physical,c35q3,0.0
r-stem high pre_vs_cool seed0,weight_compensation_2726_810_physical,c35q4,0.0
r-stem high pre_vs_cool seed0,weight_compensation_2726_810_physical,c36q0,0.0
r-stem high pre_vs_cool seed0,weight_compensation_2726_810_physical,c36q1,0.0
r-stem high pre_vs_cool seed0,weight_compensation_2726_810_physical,c36q2,0.0
r-stem high pre_vs_cool seed0,weight_compensation_2726_810_physical,c36q3,0.0
r-stem high pre_vs_cool seed0,weight_compensation_2726_810_physical,c36q4,0.0
r-stem high pre_vs_cool seed0,weight_compensation_2726_810_physical,c37q0,0.0
r-stem high pre_vs_cool seed0,weight_compensation_2726_810_physical,c37q1,0.0
r-stem high pre_vs_cool seed0,weight_compensation_2726_810_physical,c37q2,0.0
r-stem high pre_vs_cool seed0,weight_compensation_2726_810_physical,c37q3,0.0
r-stem high pre_vs_cool seed0,weight_compensation_2726_810_physical,c37q4,0.0
r-stem high pre_vs_cool seed0,weight_compensation_2726_810_physical,c38q0,0.0
r-stem high pre_vs_cool seed0,weight_compensation_2726_810_physical,c38q1,0.0
r-stem high pre_vs_cool seed0,weight_compensation_2726_810_physical,c38q2,0.0
r-stem high pre_vs_cool seed0,weight_compensation_2726_810_physical,c38q3,0.0
r-stem high pre_vs_cool seed0,weight_compensation_2726_810_physical,c38q4,0.0
r-stem high pre_vs_cool seed0,weight_compensation_2726_810_physical,c39q0,-1.837179297581315e-10
r-stem high pre_vs_cool seed0,weight_compensation_2726_810_physical,c39q1,3.4924596548080444e-09
r-stem high pre_vs_cool seed0,weight_compensation_2726_810_physical,c39q2,1.1175870895385742e-08
r-stem high pre_vs_cool seed0,weight_compensation_2726_810_physical,c39q3,-5.587935447692871e-09
r-stem high pre_vs_cool seed0,weight_compensation_2726_810_physical,c39q4,9.313225746154785e-09
r-stem high pre_vs_cool seed0,observed_2727_810_physical,c00q0,0.0
r-stem high pre_vs_cool seed0,observed_2727_810_physical,c00q1,0.0
r-stem high pre_vs_cool seed0,observed_2727_810_physical,c00q2,0.0
r-stem high pre_vs_cool seed0,observed_2727_810_physical,c00q3,0.0
r-stem high pre_vs_cool seed0,observed_2727_810_physical,c00q4,0.0
r-stem high pre_vs_cool seed0,observed_2727_810_physical,c01q0,0.0
r-stem high pre_vs_cool seed0,observed_2727_810_physical,c01q1,0.0
r-stem high pre_vs_cool seed0,observed_2727_810_physical,c01q2,0.0
r-stem high pre_vs_cool seed0,observed_2727_810_physical,c01q3,0.0
r-stem high pre_vs_cool seed0,observed_2727_810_physical,c01q4,0.0
r-stem high pre_vs_cool seed0,observed_2727_810_physical,c02q0,0.0
r-stem high pre_vs_cool seed0,observed_2727_810_physical,c02q1,0.0
r-stem high pre_vs_cool seed0,observed_2727_810_physical,c02q2,0.0
r-stem high pre_vs_cool seed0,observed_2727_810_physical,c02q3,0.0
r-stem high pre_vs_cool seed0,observed_2727_810_physical,c02q4,0.0
r-stem high pre_vs_cool seed0,observed_2727_810_physical,c03q0,0.0
r-stem high pre_vs_cool seed0,observed_2727_810_physical,c03q1,0.0
r-stem high pre_vs_cool seed0,observed_2727_810_physical,c03q2,0.0
r-stem high pre_vs_cool seed0,observed_2727_810_physical,c03q3,0.0
r-stem high pre_vs_cool seed0,observed_2727_810_physical,c03q4,0.0
r-stem high pre_vs_cool seed0,observed_2727_810_physical,c04q0,0.0
r-stem high pre_vs_cool seed0,observed_2727_810_physical,c04q1,0.0
r-stem high pre_vs_cool seed0,observed_2727_810_physical,c04q2,0.0
r-stem high pre_vs_cool seed0,observed_2727_810_physical,c04q3,0.0
r-stem high pre_vs_cool seed0,observed_2727_810_physical,c04q4,0.0
r-stem high pre_vs_cool seed0,observed_2727_810_physical,c05q0,0.0
r-stem high pre_vs_cool seed0,observed_2727_810_physical,c05q1,0.0
r-stem high pre_vs_cool seed0,observed_2727_810_physical,c05q2,0.0
r-stem high pre_vs_cool seed0,observed_2727_810_physical,c05q3,0.0
r-stem high pre_vs_cool seed0,observed_2727_810_physical,c05q4,0.0
r-stem high pre_vs_cool seed0,observed_2727_810_physical,c06q0,0.0
r-stem high pre_vs_cool seed0,observed_2727_810_physical,c06q1,0.0
r-stem high pre_vs_cool seed0,observed_2727_810_physical,c06q2,0.0
r-stem high pre_vs_cool seed0,observed_2727_810_physical,c06q3,0.0
r-stem high pre_vs_cool seed0,observed_2727_810_physical,c06q4,0.0
r-stem high pre_vs_cool seed0,observed_2727_810_physical,c07q0,0.0
r-stem high pre_vs_cool seed0,observed_2727_810_physical,c07q1,0.0
r-stem high pre_vs_cool seed0,observed_2727_810_physical,c07q2,0.0
r-stem high pre_vs_cool seed0,observed_2727_810_physical,c07q3,0.0
r-stem high pre_vs_cool seed0,observed_2727_810_physical,c07q4,0.0
r-stem high pre_vs_cool seed0,observed_2727_810_physical,c08q0,0.0
r-stem high pre_vs_cool seed0,observed_2727_810_physical,c08q1,0.0
r-stem high pre_vs_cool seed0,observed_2727_810_physical,c08q2,0.0
r-stem high pre_vs_cool seed0,observed_2727_810_physical,c08q3,0.0
r-stem high pre_vs_cool seed0,observed_2727_810_physical,c08q4,0.0
r-stem high pre_vs_cool seed0,observed_2727_810_physical,c09q0,0.0
r-stem high pre_vs_cool seed0,observed_2727_810_physical,c09q1,0.0
r-stem high pre_vs_cool seed0,observed_2727_810_physical,c09q2,0.0
r-stem high pre_vs_cool seed0,observed_2727_810_physical,c09q3,0.0
r-stem high pre_vs_cool seed0,observed_2727_810_physical,c09q4,0.0
r-stem high pre_vs_cool seed0,observed_2727_810_physical,c10q0,0.0
r-stem high pre_vs_cool seed0,observed_2727_810_physical,c10q1,0.0
r-stem high pre_vs_cool seed0,observed_2727_810_physical,c10q2,0.0
r-stem high pre_vs_cool seed0,observed_2727_810_physical,c10q3,0.0
r-stem high pre_vs_cool seed0,observed_2727_810_physical,c10q4,0.0
r-stem high pre_vs_cool seed0,observed_2727_810_physical,c11q0,0.0
r-stem high pre_vs_cool seed0,observed_2727_810_physical,c11q1,0.0
r-stem high pre_vs_cool seed0,observed_2727_810_physical,c11q2,0.0
r-stem high pre_vs_cool seed0,observed_2727_810_physical,c11q3,0.0
r-stem high pre_vs_cool seed0,observed_2727_810_physical,c11q4,0.0
r-stem high pre_vs_cool seed0,observed_2727_810_physical,c12q0,0.0
r-stem high pre_vs_cool seed0,observed_2727_810_physical,c12q1,0.0
r-stem high pre_vs_cool seed0,observed_2727_810_physical,c12q2,0.0
r-stem high pre_vs_cool seed0,observed_2727_810_physical,c12q3,0.0
r-stem high pre_vs_cool seed0,observed_2727_810_physical,c12q4,0.0
r-stem high pre_vs_cool seed0,observed_2727_810_physical,c13q0,0.0
r-stem high pre_vs_cool seed0,observed_2727_810_physical,c13q1,0.0
r-stem high pre_vs_cool seed0,observed_2727_810_physical,c13q2,0.0
r-stem high pre_vs_cool seed0,observed_2727_810_physical,c13q3,0.0
r-stem high pre_vs_cool seed0,observed_2727_810_physical,c13q4,0.0
r-stem high pre_vs_cool seed0,observed_2727_810_physical,c14q0,0.0
r-stem high pre_vs_cool seed0,observed_2727_810_physical,c14q1,0.0
r-stem high pre_vs_cool seed0,observed_2727_810_physical,c14q2,0.0
r-stem high pre_vs_cool seed0,observed_2727_810_physical,c14q3,0.0
r-stem high pre_vs_cool seed0,observed_2727_810_physical,c14q4,0.0
r-stem high pre_vs_cool seed0,observed_2727_810_physical,c15q0,0.0
r-stem high pre_vs_cool seed0,observed_2727_810_physical,c15q1,0.0
r-stem high pre_vs_cool seed0,observed_2727_810_physical,c15q2,0.0
r-stem high pre_vs_cool seed0,observed_2727_810_physical,c15q3,0.0
r-stem high pre_vs_cool seed0,observed_2727_810_physical,c15q4,0.0
r-stem high pre_vs_cool seed0,observed_2727_810_physical,c16q0,0.0
r-stem high pre_vs_cool seed0,observed_2727_810_physical,c16q1,0.0
r-stem high pre_vs_cool seed0,observed_2727_810_physical,c16q2,0.0
r-stem high pre_vs_cool seed0,observed_2727_810_physical,c16q3,0.0
r-stem high pre_vs_cool seed0,observed_2727_810_physical,c16q4,0.0
r-stem high pre_vs_cool seed0,observed_2727_810_physical,c17q0,0.0
r-stem high pre_vs_cool seed0,observed_2727_810_physical,c17q1,0.0
r-stem high pre_vs_cool seed0,observed_2727_810_physical,c17q2,0.0
r-stem high pre_vs_cool seed0,observed_2727_810_physical,c17q3,0.0
r-stem high pre_vs_cool seed0,observed_2727_810_physical,c17q4,0.0
r-stem high pre_vs_cool seed0,observed_2727_810_physical,c18q0,0.0
r-stem high pre_vs_cool seed0,observed_2727_810_physical,c18q1,0.0
r-stem high pre_vs_cool seed0,observed_2727_810_physical,c18q2,0.0
r-stem high pre_vs_cool seed0,observed_2727_810_physical,c18q3,0.0
r-stem high pre_vs_cool seed0,observed_2727_810_physical,c18q4,0.0
r-stem high pre_vs_cool seed0,observed_2727_810_physical,c19q0,0.0
r-stem high pre_vs_cool seed0,observed_2727_810_physical,c19q1,0.0
r-stem high pre_vs_cool seed0,observed_2727_810_physical,c19q2,0.0
r-stem high pre_vs_cool seed0,observed_2727_810_physical,c19q3,0.0
r-stem high pre_vs_cool seed0,observed_2727_810_physical,c19q4,0.0
r-stem high pre_vs_cool seed0,observed_2727_810_physical,c20q0,0.0
r-stem high pre_vs_cool seed0,observed_2727_810_physical,c20q1,0.0
r-stem high pre_vs_cool seed0,observed_2727_810_physical,c20q2,0.0
r-stem high pre_vs_cool seed0,observed_2727_810_physical,c20q3,0.0
r-stem high pre_vs_cool seed0,observed_2727_810_physical,c20q4,0.0
r-stem high pre_vs_cool seed0,observed_2727_810_physical,c21q0,0.0
r-stem high pre_vs_cool seed0,observed_2727_810_physical,c21q1,0.0
r-stem high pre_vs_cool seed0,observed_2727_810_physical,c21q2,0.0
r-stem high pre_vs_cool seed0,observed_2727_810_physical,c21q3,0.0
r-stem high pre_vs_cool seed0,observed_2727_810_physical,c21q4,0.0
r-stem high pre_vs_cool seed0,observed_2727_810_physical,c22q0,0.0
r-stem high pre_vs_cool seed0,observed_2727_810_physical,c22q1,0.0
r-stem high pre_vs_cool seed0,observed_2727_810_physical,c22q2,0.0
r-stem high pre_vs_cool seed0,observed_2727_810_physical,c22q3,0.0
r-stem high pre_vs_cool seed0,observed_2727_810_physical,c22q4,0.0
r-stem high pre_vs_cool seed0,observed_2727_810_physical,c23q0,0.0
r-stem high pre_vs_cool seed0,observed_2727_810_physical,c23q1,0.0
r-stem high pre_vs_cool seed0,observed_2727_810_physical,c23q2,0.0
r-stem high pre_vs_cool seed0,observed_2727_810_physical,c23q3,0.0
r-stem high pre_vs_cool seed0,observed_2727_810_physical,c23q4,0.0
r-stem high pre_vs_cool seed0,observed_2727_810_physical,c24q0,0.0
r-stem high pre_vs_cool seed0,observed_2727_810_physical,c24q1,0.0
r-stem high pre_vs_cool seed0,observed_2727_810_physical,c24q2,0.0
r-stem high pre_vs_cool seed0,observed_2727_810_physical,c24q3,0.0
r-stem high pre_vs_cool seed0,observed_2727_810_physical,c24q4,0.0
r-stem high pre_vs_cool seed0,observed_2727_810_physical,c25q0,0.0
r-stem high pre_vs_cool seed0,observed_2727_810_physical,c25q1,0.0
r-stem high pre_vs_cool seed0,observed_2727_810_physical,c25q2,0.0
r-stem high pre_vs_cool seed0,observed_2727_810_physical,c25q3,0.0
r-stem high pre_vs_cool seed0,observed_2727_810_physical,c25q4,0.0
r-stem high pre_vs_cool seed0,observed_2727_810_physical,c26q0,0.0
r-stem high pre_vs_cool seed0,observed_2727_810_physical,c26q1,0.0
r-stem high pre_vs_cool seed0,observed_2727_810_physical,c26q2,0.0
r-stem high pre_vs_cool seed0,observed_2727_810_physical,c26q3,0.0
r-stem high pre_vs_cool seed0,observed_2727_810_physical,c26q4,0.0
r-stem high pre_vs_cool seed0,observed_2727_810_physical,c27q0,0.0
r-stem high pre_vs_cool seed0,observed_2727_810_physical,c27q1,0.0
r-stem high pre_vs_cool seed0,observed_2727_810_physical,c27q2,0.0
r-stem high pre_vs_cool seed0,observed_2727_810_physical,c27q3,0.0
r-stem high pre_vs_cool seed0,observed_2727_810_physical,c27q4,0.0
r-stem high pre_vs_cool seed0,observed_2727_810_physical,c28q0,0.0
r-stem high pre_vs_cool seed0,observed_2727_810_physical,c28q1,0.0
r-stem high pre_vs_cool seed0,observed_2727_810_physical,c28q2,0.0
r-stem high pre_vs_cool seed0,observed_2727_810_physical,c28q3,0.0
r-stem high pre_vs_cool seed0,observed_2727_810_physical,c28q4,0.0
r-stem high pre_vs_cool seed0,observed_2727_810_physical,c29q0,0.0
r-stem high pre_vs_cool seed0,observed_2727_810_physical,c29q1,0.0
r-stem high pre_vs_cool seed0,observed_2727_810_physical,c29q2,0.0
r-stem high pre_vs_cool seed0,observed_2727_810_physical,c29q3,0.0
r-stem high pre_vs_cool seed0,observed_2727_810_physical,c29q4,0.0
r-stem high pre_vs_cool seed0,observed_2727_810_physical,c30q0,4.1352552743010165
r-stem high pre_vs_cool seed0,observed_2727_810_physical,c30q1,447.56608529319055
r-stem high pre_vs_cool seed0,observed_2727_810_physical,c30q2,1822.9109674179927
r-stem high pre_vs_cool seed0,observed_2727_810_physical,c30q3,4159.8925602175295
r-stem high pre_vs_cool seed0,observed_2727_810_physical,c30q4,4051.2551318109035
r-stem high pre_vs_cool seed0,observed_2727_810_physical,c31q0,0.0
r-stem high pre_vs_cool seed0,observed_2727_810_physical,c31q1,0.0
r-stem high pre_vs_cool seed0,observed_2727_810_physical,c31q2,0.0
r-stem high pre_vs_cool seed0,observed_2727_810_physical,c31q3,0.0
r-stem high pre_vs_cool seed0,observed_2727_810_physical,c31q4,0.0
r-stem high pre_vs_cool seed0,observed_2727_810_physical,c32q0,0.0
r-stem high pre_vs_cool seed0,observed_2727_810_physical,c32q1,0.0
r-stem high pre_vs_cool seed0,observed_2727_810_physical,c32q2,0.0
r-stem high pre_vs_cool seed0,observed_2727_810_physical,c32q3,0.0
r-stem high pre_vs_cool seed0,observed_2727_810_physical,c32q4,0.0
r-stem high pre_vs_cool seed0,observed_2727_810_physical,c33q0,0.0
r-stem high pre_vs_cool seed0,observed_2727_810_physical,c33q1,0.0
r-stem high pre_vs_cool seed0,observed_2727_810_physical,c33q2,0.0
r-stem high pre_vs_cool seed0,observed_2727_810_physical,c33q3,0.0
r-stem high pre_vs_cool seed0,observed_2727_810_physical,c33q4,0.0
r-stem high pre_vs_cool seed0,observed_2727_810_physical,c34q0,0.0
r-stem high pre_vs_cool seed0,observed_2727_810_physical,c34q1,0.0
r-stem high pre_vs_cool seed0,observed_2727_810_physical,c34q2,0.0
r-stem high pre_vs_cool seed0,observed_2727_810_physical,c34q3,0.0
r-stem high pre_vs_cool seed0,observed_2727_810_physical,c34q4,0.0
r-stem high pre_vs_cool seed0,observed_2727_810_physical,c35q0,0.0
r-stem high pre_vs_cool seed0,observed_2727_810_physical,c35q1,0.0
r-stem high pre_vs_cool seed0,observed_2727_810_physical,c35q2,0.0
r-stem high pre_vs_cool seed0,observed_2727_810_physical,c35q3,0.0
r-stem high pre_vs_cool seed0,observed_2727_810_physical,c35q4,0.0
r-stem high pre_vs_cool seed0,observed_2727_810_physical,c36q0,0.0
r-stem high pre_vs_cool seed0,observed_2727_810_physical,c36q1,0.0
r-stem high pre_vs_cool seed0,observed_2727_810_physical,c36q2,0.0
r-stem high pre_vs_cool seed0,observed_2727_810_physical,c36q3,0.0
r-stem high pre_vs_cool seed0,observed_2727_810_physical,c36q4,0.0
r-stem high pre_vs_cool seed0,observed_2727_810_physical,c37q0,0.0
r-stem high pre_vs_cool seed0,observed_2727_810_physical,c37q1,0.0
r-stem high pre_vs_cool seed0,observed_2727_810_physical,c37q2,0.0
r-stem high pre_vs_cool seed0,observed_2727_810_physical,c37q3,0.0
r-stem high pre_vs_cool seed0,observed_2727_810_physical,c37q4,0.0
r-stem high pre_vs_cool seed0,observed_2727_810_physical,c38q0,0.0
r-stem high pre_vs_cool seed0,observed_2727_810_physical,c38q1,0.0
r-stem high pre_vs_cool seed0,observed_2727_810_physical,c38q2,0.0
r-stem high pre_vs_cool seed0,observed_2727_810_physical,c38q3,0.0
r-stem high pre_vs_cool seed0,observed_2727_810_physical,c38q4,0.0
r-stem high pre_vs_cool seed0,observed_2727_810_physical,c39q0,-4.135255274502924
r-stem high pre_vs_cool seed0,observed_2727_810_physical,c39q1,-447.56608528876677
r-stem high pre_vs_cool seed0,observed_2727_810_physical,c39q2,-1822.9109674058855
r-stem high pre_vs_cool seed0,observed_2727_810_physical,c39q3,-4159.892560226843
r-stem high pre_vs_cool seed0,observed_2727_810_physical,c39q4,-4051.2551317848265
r-stem low pre_vs_cool seed0,registry_nominal_simulated,c00q0,0.0
r-stem low pre_vs_cool seed0,registry_nominal_simulated,c00q1,0.0
r-stem low pre_vs_cool seed0,registry_nominal_simulated,c00q2,0.0
r-stem low pre_vs_cool seed0,registry_nominal_simulated,c00q3,0.0
r-stem low pre_vs_cool seed0,registry_nominal_simulated,c00q4,0.0
r-stem low pre_vs_cool seed0,registry_nominal_simulated,c01q0,0.0
r-stem low pre_vs_cool seed0,registry_nominal_simulated,c01q1,0.0
r-stem low pre_vs_cool seed0,registry_nominal_simulated,c01q2,0.0
r-stem low pre_vs_cool seed0,registry_nominal_simulated,c01q3,0.0
r-stem low pre_vs_cool seed0,registry_nominal_simulated,c01q4,0.0
r-stem low pre_vs_cool seed0,registry_nominal_simulated,c02q0,0.0
r-stem low pre_vs_cool seed0,registry_nominal_simulated,c02q1,0.0
r-stem low pre_vs_cool seed0,registry_nominal_simulated,c02q2,0.0
r-stem low pre_vs_cool seed0,registry_nominal_simulated,c02q3,0.0
r-stem low pre_vs_cool seed0,registry_nominal_simulated,c02q4,0.0
r-stem low pre_vs_cool seed0,registry_nominal_simulated,c03q0,0.0
r-stem low pre_vs_cool seed0,registry_nominal_simulated,c03q1,0.0
r-stem low pre_vs_cool seed0,registry_nominal_simulated,c03q2,0.0
r-stem low pre_vs_cool seed0,registry_nominal_simulated,c03q3,0.0
r-stem low pre_vs_cool seed0,registry_nominal_simulated,c03q4,0.0
r-stem low pre_vs_cool seed0,registry_nominal_simulated,c04q0,0.0
r-stem low pre_vs_cool seed0,registry_nominal_simulated,c04q1,0.0
r-stem low pre_vs_cool seed0,registry_nominal_simulated,c04q2,0.0
r-stem low pre_vs_cool seed0,registry_nominal_simulated,c04q3,0.0
r-stem low pre_vs_cool seed0,registry_nominal_simulated,c04q4,0.0
r-stem low pre_vs_cool seed0,registry_nominal_simulated,c05q0,0.0
r-stem low pre_vs_cool seed0,registry_nominal_simulated,c05q1,0.0
r-stem low pre_vs_cool seed0,registry_nominal_simulated,c05q2,0.0
r-stem low pre_vs_cool seed0,registry_nominal_simulated,c05q3,0.0
r-stem low pre_vs_cool seed0,registry_nominal_simulated,c05q4,0.0
r-stem low pre_vs_cool seed0,registry_nominal_simulated,c06q0,0.0
r-stem low pre_vs_cool seed0,registry_nominal_simulated,c06q1,0.0
r-stem low pre_vs_cool seed0,registry_nominal_simulated,c06q2,0.0
r-stem low pre_vs_cool seed0,registry_nominal_simulated,c06q3,0.0
r-stem low pre_vs_cool seed0,registry_nominal_simulated,c06q4,0.0
r-stem low pre_vs_cool seed0,registry_nominal_simulated,c07q0,0.0
r-stem low pre_vs_cool seed0,registry_nominal_simulated,c07q1,0.0
r-stem low pre_vs_cool seed0,registry_nominal_simulated,c07q2,0.0
r-stem low pre_vs_cool seed0,registry_nominal_simulated,c07q3,0.0
r-stem low pre_vs_cool seed0,registry_nominal_simulated,c07q4,0.0
r-stem low pre_vs_cool seed0,registry_nominal_simulated,c08q0,0.0
r-stem low pre_vs_cool seed0,registry_nominal_simulated,c08q1,0.0
r-stem low pre_vs_cool seed0,registry_nominal_simulated,c08q2,0.0
r-stem low pre_vs_cool seed0,registry_nominal_simulated,c08q3,0.0
r-stem low pre_vs_cool seed0,registry_nominal_simulated,c08q4,0.0
r-stem low pre_vs_cool seed0,registry_nominal_simulated,c09q0,0.0
r-stem low pre_vs_cool seed0,registry_nominal_simulated,c09q1,0.0
r-stem low pre_vs_cool seed0,registry_nominal_simulated,c09q2,0.0
r-stem low pre_vs_cool seed0,registry_nominal_simulated,c09q3,0.0
r-stem low pre_vs_cool seed0,registry_nominal_simulated,c09q4,0.0
r-stem low pre_vs_cool seed0,registry_nominal_simulated,c10q0,0.0
r-stem low pre_vs_cool seed0,registry_nominal_simulated,c10q1,0.0
r-stem low pre_vs_cool seed0,registry_nominal_simulated,c10q2,0.0
r-stem low pre_vs_cool seed0,registry_nominal_simulated,c10q3,0.0
r-stem low pre_vs_cool seed0,registry_nominal_simulated,c10q4,0.0
r-stem low pre_vs_cool seed0,registry_nominal_simulated,c11q0,0.0
r-stem low pre_vs_cool seed0,registry_nominal_simulated,c11q1,0.0
r-stem low pre_vs_cool seed0,registry_nominal_simulated,c11q2,0.0
r-stem low pre_vs_cool seed0,registry_nominal_simulated,c11q3,0.0
r-stem low pre_vs_cool seed0,registry_nominal_simulated,c11q4,0.0
r-stem low pre_vs_cool seed0,registry_nominal_simulated,c12q0,0.0
r-stem low pre_vs_cool seed0,registry_nominal_simulated,c12q1,0.0
r-stem low pre_vs_cool seed0,registry_nominal_simulated,c12q2,0.0
r-stem low pre_vs_cool seed0,registry_nominal_simulated,c12q3,0.0
r-stem low pre_vs_cool seed0,registry_nominal_simulated,c12q4,0.0
r-stem low pre_vs_cool seed0,registry_nominal_simulated,c13q0,0.0
r-stem low pre_vs_cool seed0,registry_nominal_simulated,c13q1,0.0
r-stem low pre_vs_cool seed0,registry_nominal_simulated,c13q2,0.0
r-stem low pre_vs_cool seed0,registry_nominal_simulated,c13q3,0.0
r-stem low pre_vs_cool seed0,registry_nominal_simulated,c13q4,0.0
r-stem low pre_vs_cool seed0,registry_nominal_simulated,c14q0,0.0
r-stem low pre_vs_cool seed0,registry_nominal_simulated,c14q1,0.0
r-stem low pre_vs_cool seed0,registry_nominal_simulated,c14q2,0.0
r-stem low pre_vs_cool seed0,registry_nominal_simulated,c14q3,0.0
r-stem low pre_vs_cool seed0,registry_nominal_simulated,c14q4,0.0
r-stem low pre_vs_cool seed0,registry_nominal_simulated,c15q0,0.0
r-stem low pre_vs_cool seed0,registry_nominal_simulated,c15q1,0.0
r-stem low pre_vs_cool seed0,registry_nominal_simulated,c15q2,0.0
r-stem low pre_vs_cool seed0,registry_nominal_simulated,c15q3,0.0
r-stem low pre_vs_cool seed0,registry_nominal_simulated,c15q4,0.0
r-stem low pre_vs_cool seed0,registry_nominal_simulated,c16q0,0.0
r-stem low pre_vs_cool seed0,registry_nominal_simulated,c16q1,0.0
r-stem low pre_vs_cool seed0,registry_nominal_simulated,c16q2,0.0
r-stem low pre_vs_cool seed0,registry_nominal_simulated,c16q3,0.0
r-stem low pre_vs_cool seed0,registry_nominal_simulated,c16q4,0.0
r-stem low pre_vs_cool seed0,registry_nominal_simulated,c17q0,0.0
r-stem low pre_vs_cool seed0,registry_nominal_simulated,c17q1,0.0
r-stem low pre_vs_cool seed0,registry_nominal_simulated,c17q2,0.0
r-stem low pre_vs_cool seed0,registry_nominal_simulated,c17q3,0.0
r-stem low pre_vs_cool seed0,registry_nominal_simulated,c17q4,0.0
r-stem low pre_vs_cool seed0,registry_nominal_simulated,c18q0,0.0
r-stem low pre_vs_cool seed0,registry_nominal_simulated,c18q1,0.0
r-stem low pre_vs_cool seed0,registry_nominal_simulated,c18q2,0.0
r-stem low pre_vs_cool seed0,registry_nominal_simulated,c18q3,0.0
r-stem low pre_vs_cool seed0,registry_nominal_simulated,c18q4,0.0
r-stem low pre_vs_cool seed0,registry_nominal_simulated,c19q0,0.0
r-stem low pre_vs_cool seed0,registry_nominal_simulated,c19q1,0.0
r-stem low pre_vs_cool seed0,registry_nominal_simulated,c19q2,0.0
r-stem low pre_vs_cool seed0,registry_nominal_simulated,c19q3,0.0
r-stem low pre_vs_cool seed0,registry_nominal_simulated,c19q4,0.0
r-stem low pre_vs_cool seed0,registry_nominal_simulated,c20q0,0.0
r-stem low pre_vs_cool seed0,registry_nominal_simulated,c20q1,0.0
r-stem low pre_vs_cool seed0,registry_nominal_simulated,c20q2,0.0
r-stem low pre_vs_cool seed0,registry_nominal_simulated,c20q3,0.0
r-stem low pre_vs_cool seed0,registry_nominal_simulated,c20q4,0.0
r-stem low pre_vs_cool seed0,registry_nominal_simulated,c21q0,0.0
r-stem low pre_vs_cool seed0,registry_nominal_simulated,c21q1,0.0
r-stem low pre_vs_cool seed0,registry_nominal_simulated,c21q2,0.0
r-stem low pre_vs_cool seed0,registry_nominal_simulated,c21q3,0.0
r-stem low pre_vs_cool seed0,registry_nominal_simulated,c21q4,0.0
r-stem low pre_vs_cool seed0,registry_nominal_simulated,c22q0,0.0
r-stem low pre_vs_cool seed0,registry_nominal_simulated,c22q1,0.0
r-stem low pre_vs_cool seed0,registry_nominal_simulated,c22q2,0.0
r-stem low pre_vs_cool seed0,registry_nominal_simulated,c22q3,0.0
r-stem low pre_vs_cool seed0,registry_nominal_simulated,c22q4,0.0
r-stem low pre_vs_cool seed0,registry_nominal_simulated,c23q0,0.0
r-stem low pre_vs_cool seed0,registry_nominal_simulated,c23q1,0.0
r-stem low pre_vs_cool seed0,registry_nominal_simulated,c23q2,0.0
r-stem low pre_vs_cool seed0,registry_nominal_simulated,c23q3,0.0
r-stem low pre_vs_cool seed0,registry_nominal_simulated,c23q4,0.0
r-stem low pre_vs_cool seed0,registry_nominal_simulated,c24q0,0.0
r-stem low pre_vs_cool seed0,registry_nominal_simulated,c24q1,0.0
r-stem low pre_vs_cool seed0,registry_nominal_simulated,c24q2,0.0
r-stem low pre_vs_cool seed0,registry_nominal_simulated,c24q3,0.0
r-stem low pre_vs_cool seed0,registry_nominal_simulated,c24q4,0.0
r-stem low pre_vs_cool seed0,registry_nominal_simulated,c25q0,0.0
r-stem low pre_vs_cool seed0,registry_nominal_simulated,c25q1,0.0
r-stem low pre_vs_cool seed0,registry_nominal_simulated,c25q2,0.0
r-stem low pre_vs_cool seed0,registry_nominal_simulated,c25q3,0.0
r-stem low pre_vs_cool seed0,registry_nominal_simulated,c25q4,0.0
r-stem low pre_vs_cool seed0,registry_nominal_simulated,c26q0,0.0
r-stem low pre_vs_cool seed0,registry_nominal_simulated,c26q1,0.0
r-stem low pre_vs_cool seed0,registry_nominal_simulated,c26q2,0.0
r-stem low pre_vs_cool seed0,registry_nominal_simulated,c26q3,0.0
r-stem low pre_vs_cool seed0,registry_nominal_simulated,c26q4,0.0
r-stem low pre_vs_cool seed0,registry_nominal_simulated,c27q0,0.0
r-stem low pre_vs_cool seed0,registry_nominal_simulated,c27q1,0.0
r-stem low pre_vs_cool seed0,registry_nominal_simulated,c27q2,0.0
r-stem low pre_vs_cool seed0,registry_nominal_simulated,c27q3,0.0
r-stem low pre_vs_cool seed0,registry_nominal_simulated,c27q4,0.0
r-stem low pre_vs_cool seed0,registry_nominal_simulated,c28q0,0.0
r-stem low pre_vs_cool seed0,registry_nominal_simulated,c28q1,0.0
r-stem low pre_vs_cool seed0,registry_nominal_simulated,c28q2,0.0
r-stem low pre_vs_cool seed0,registry_nominal_simulated,c28q3,0.0
r-stem low pre_vs_cool seed0,registry_nominal_simulated,c28q4,0.0
r-stem low pre_vs_cool seed0,registry_nominal_simulated,c29q0,0.0
r-stem low pre_vs_cool seed0,registry_nominal_simulated,c29q1,0.0
r-stem low pre_vs_cool seed0,registry_nominal_simulated,c29q2,0.0
r-stem low pre_vs_cool seed0,registry_nominal_simulated,c29q3,0.0
r-stem low pre_vs_cool seed0,registry_nominal_simulated,c29q4,0.0
r-stem low pre_vs_cool seed0,registry_nominal_simulated,c30q0,-497525.295616081
r-stem low pre_vs_cool seed0,registry_nominal_simulated,c30q1,-53848053.89780998
r-stem low pre_vs_cool seed0,registry_nominal_simulated,c30q2,-219320031.7229538
r-stem low pre_vs_cool seed0,registry_nominal_simulated,c30q3,-500489483.34781647
r-stem low pre_vs_cool seed0,registry_nominal_simulated,c30q4,-487418979.80989265
r-stem low pre_vs_cool seed0,registry_nominal_simulated,c31q0,0.0
r-stem low pre_vs_cool seed0,registry_nominal_simulated,c31q1,0.0
r-stem low pre_vs_cool seed0,registry_nominal_simulated,c31q2,0.0
r-stem low pre_vs_cool seed0,registry_nominal_simulated,c31q3,0.0
r-stem low pre_vs_cool seed0,registry_nominal_simulated,c31q4,0.0
r-stem low pre_vs_cool seed0,registry_nominal_simulated,c32q0,0.0
r-stem low pre_vs_cool seed0,registry_nominal_simulated,c32q1,0.0
r-stem low pre_vs_cool seed0,registry_nominal_simulated,c32q2,0.0
r-stem low pre_vs_cool seed0,registry_nominal_simulated,c32q3,0.0
r-stem low pre_vs_cool seed0,registry_nominal_simulated,c32q4,0.0
r-stem low pre_vs_cool seed0,registry_nominal_simulated,c33q0,0.0
r-stem low pre_vs_cool seed0,registry_nominal_simulated,c33q1,0.0
r-stem low pre_vs_cool seed0,registry_nominal_simulated,c33q2,0.0
r-stem low pre_vs_cool seed0,registry_nominal_simulated,c33q3,0.0
r-stem low pre_vs_cool seed0,registry_nominal_simulated,c33q4,0.0
r-stem low pre_vs_cool seed0,registry_nominal_simulated,c34q0,0.0
r-stem low pre_vs_cool seed0,registry_nominal_simulated,c34q1,0.0
r-stem low pre_vs_cool seed0,registry_nominal_simulated,c34q2,0.0
r-stem low pre_vs_cool seed0,registry_nominal_simulated,c34q3,0.0
r-stem low pre_vs_cool seed0,registry_nominal_simulated,c34q4,0.0
r-stem low pre_vs_cool seed0,registry_nominal_simulated,c35q0,0.0
r-stem low pre_vs_cool seed0,registry_nominal_simulated,c35q1,0.0
r-stem low pre_vs_cool seed0,registry_nominal_simulated,c35q2,0.0
r-stem low pre_vs_cool seed0,registry_nominal_simulated,c35q3,0.0
r-stem low pre_vs_cool seed0,registry_nominal_simulated,c35q4,0.0
r-stem low pre_vs_cool seed0,registry_nominal_simulated,c36q0,0.0
r-stem low pre_vs_cool seed0,registry_nominal_simulated,c36q1,0.0
r-stem low pre_vs_cool seed0,registry_nominal_simulated,c36q2,0.0
r-stem low pre_vs_cool seed0,registry_nominal_simulated,c36q3,0.0
r-stem low pre_vs_cool seed0,registry_nominal_simulated,c36q4,0.0
r-stem low pre_vs_cool seed0,registry_nominal_simulated,c37q0,0.0
r-stem low pre_vs_cool seed0,registry_nominal_simulated,c37q1,0.0
r-stem low pre_vs_cool seed0,registry_nominal_simulated,c37q2,0.0
r-stem low pre_vs_cool seed0,registry_nominal_simulated,c37q3,0.0
r-stem low pre_vs_cool seed0,registry_nominal_simulated,c37q4,0.0
r-stem low pre_vs_cool seed0,registry_nominal_simulated,c38q0,0.0
r-stem low pre_vs_cool seed0,registry_nominal_simulated,c38q1,0.0
r-stem low pre_vs_cool seed0,registry_nominal_simulated,c38q2,0.0
r-stem low pre_vs_cool seed0,registry_nominal_simulated,c38q3,0.0
r-stem low pre_vs_cool seed0,registry_nominal_simulated,c38q4,0.0
r-stem low pre_vs_cool seed0,registry_nominal_simulated,c39q0,497525.29561630264
r-stem low pre_vs_cool seed0,registry_nominal_simulated,c39q1,53848053.897810936
r-stem low pre_vs_cool seed0,registry_nominal_simulated,c39q2,219320031.7229395
r-stem low pre_vs_cool seed0,registry_nominal_simulated,c39q3,500489483.3478222
r-stem low pre_vs_cool seed0,registry_nominal_simulated,c39q4,487418979.80986977
r-stem low pre_vs_cool seed0,weight_compensation_2726_810_physical,c00q0,0.0
r-stem low pre_vs_cool seed0,weight_compensation_2726_810_physical,c00q1,0.0
r-stem low pre_vs_cool seed0,weight_compensation_2726_810_physical,c00q2,0.0
r-stem low pre_vs_cool seed0,weight_compensation_2726_810_physical,c00q3,0.0
r-stem low pre_vs_cool seed0,weight_compensation_2726_810_physical,c00q4,0.0
r-stem low pre_vs_cool seed0,weight_compensation_2726_810_physical,c01q0,0.0
r-stem low pre_vs_cool seed0,weight_compensation_2726_810_physical,c01q1,0.0
r-stem low pre_vs_cool seed0,weight_compensation_2726_810_physical,c01q2,0.0
r-stem low pre_vs_cool seed0,weight_compensation_2726_810_physical,c01q3,0.0
r-stem low pre_vs_cool seed0,weight_compensation_2726_810_physical,c01q4,0.0
r-stem low pre_vs_cool seed0,weight_compensation_2726_810_physical,c02q0,0.0
r-stem low pre_vs_cool seed0,weight_compensation_2726_810_physical,c02q1,0.0
r-stem low pre_vs_cool seed0,weight_compensation_2726_810_physical,c02q2,0.0
r-stem low pre_vs_cool seed0,weight_compensation_2726_810_physical,c02q3,0.0
r-stem low pre_vs_cool seed0,weight_compensation_2726_810_physical,c02q4,0.0
r-stem low pre_vs_cool seed0,weight_compensation_2726_810_physical,c03q0,0.0
r-stem low pre_vs_cool seed0,weight_compensation_2726_810_physical,c03q1,0.0
r-stem low pre_vs_cool seed0,weight_compensation_2726_810_physical,c03q2,0.0
r-stem low pre_vs_cool seed0,weight_compensation_2726_810_physical,c03q3,0.0
r-stem low pre_vs_cool seed0,weight_compensation_2726_810_physical,c03q4,0.0
r-stem low pre_vs_cool seed0,weight_compensation_2726_810_physical,c04q0,0.0
r-stem low pre_vs_cool seed0,weight_compensation_2726_810_physical,c04q1,0.0
r-stem low pre_vs_cool seed0,weight_compensation_2726_810_physical,c04q2,0.0
r-stem low pre_vs_cool seed0,weight_compensation_2726_810_physical,c04q3,0.0
r-stem low pre_vs_cool seed0,weight_compensation_2726_810_physical,c04q4,0.0
r-stem low pre_vs_cool seed0,weight_compensation_2726_810_physical,c05q0,0.0
r-stem low pre_vs_cool seed0,weight_compensation_2726_810_physical,c05q1,0.0
r-stem low pre_vs_cool seed0,weight_compensation_2726_810_physical,c05q2,0.0
r-stem low pre_vs_cool seed0,weight_compensation_2726_810_physical,c05q3,0.0
r-stem low pre_vs_cool seed0,weight_compensation_2726_810_physical,c05q4,0.0
r-stem low pre_vs_cool seed0,weight_compensation_2726_810_physical,c06q0,0.0
r-stem low pre_vs_cool seed0,weight_compensation_2726_810_physical,c06q1,0.0
r-stem low pre_vs_cool seed0,weight_compensation_2726_810_physical,c06q2,0.0
r-stem low pre_vs_cool seed0,weight_compensation_2726_810_physical,c06q3,0.0
r-stem low pre_vs_cool seed0,weight_compensation_2726_810_physical,c06q4,0.0
r-stem low pre_vs_cool seed0,weight_compensation_2726_810_physical,c07q0,0.0
r-stem low pre_vs_cool seed0,weight_compensation_2726_810_physical,c07q1,0.0
r-stem low pre_vs_cool seed0,weight_compensation_2726_810_physical,c07q2,0.0
r-stem low pre_vs_cool seed0,weight_compensation_2726_810_physical,c07q3,0.0
r-stem low pre_vs_cool seed0,weight_compensation_2726_810_physical,c07q4,0.0
r-stem low pre_vs_cool seed0,weight_compensation_2726_810_physical,c08q0,0.0
r-stem low pre_vs_cool seed0,weight_compensation_2726_810_physical,c08q1,0.0
r-stem low pre_vs_cool seed0,weight_compensation_2726_810_physical,c08q2,0.0
r-stem low pre_vs_cool seed0,weight_compensation_2726_810_physical,c08q3,0.0
r-stem low pre_vs_cool seed0,weight_compensation_2726_810_physical,c08q4,0.0
r-stem low pre_vs_cool seed0,weight_compensation_2726_810_physical,c09q0,0.0
r-stem low pre_vs_cool seed0,weight_compensation_2726_810_physical,c09q1,0.0
r-stem low pre_vs_cool seed0,weight_compensation_2726_810_physical,c09q2,0.0
r-stem low pre_vs_cool seed0,weight_compensation_2726_810_physical,c09q3,0.0
r-stem low pre_vs_cool seed0,weight_compensation_2726_810_physical,c09q4,0.0
r-stem low pre_vs_cool seed0,weight_compensation_2726_810_physical,c10q0,0.0
r-stem low pre_vs_cool seed0,weight_compensation_2726_810_physical,c10q1,0.0
r-stem low pre_vs_cool seed0,weight_compensation_2726_810_physical,c10q2,0.0
r-stem low pre_vs_cool seed0,weight_compensation_2726_810_physical,c10q3,0.0
r-stem low pre_vs_cool seed0,weight_compensation_2726_810_physical,c10q4,0.0
r-stem low pre_vs_cool seed0,weight_compensation_2726_810_physical,c11q0,0.0
r-stem low pre_vs_cool seed0,weight_compensation_2726_810_physical,c11q1,0.0
r-stem low pre_vs_cool seed0,weight_compensation_2726_810_physical,c11q2,0.0
r-stem low pre_vs_cool seed0,weight_compensation_2726_810_physical,c11q3,0.0
r-stem low pre_vs_cool seed0,weight_compensation_2726_810_physical,c11q4,0.0
r-stem low pre_vs_cool seed0,weight_compensation_2726_810_physical,c12q0,0.0
r-stem low pre_vs_cool seed0,weight_compensation_2726_810_physical,c12q1,0.0
r-stem low pre_vs_cool seed0,weight_compensation_2726_810_physical,c12q2,0.0
r-stem low pre_vs_cool seed0,weight_compensation_2726_810_physical,c12q3,0.0
r-stem low pre_vs_cool seed0,weight_compensation_2726_810_physical,c12q4,0.0
r-stem low pre_vs_cool seed0,weight_compensation_2726_810_physical,c13q0,0.0
r-stem low pre_vs_cool seed0,weight_compensation_2726_810_physical,c13q1,0.0
r-stem low pre_vs_cool seed0,weight_compensation_2726_810_physical,c13q2,0.0
r-stem low pre_vs_cool seed0,weight_compensation_2726_810_physical,c13q3,0.0
r-stem low pre_vs_cool seed0,weight_compensation_2726_810_physical,c13q4,0.0
r-stem low pre_vs_cool seed0,weight_compensation_2726_810_physical,c14q0,0.0
r-stem low pre_vs_cool seed0,weight_compensation_2726_810_physical,c14q1,0.0
r-stem low pre_vs_cool seed0,weight_compensation_2726_810_physical,c14q2,0.0
r-stem low pre_vs_cool seed0,weight_compensation_2726_810_physical,c14q3,0.0
r-stem low pre_vs_cool seed0,weight_compensation_2726_810_physical,c14q4,0.0
r-stem low pre_vs_cool seed0,weight_compensation_2726_810_physical,c15q0,0.0
r-stem low pre_vs_cool seed0,weight_compensation_2726_810_physical,c15q1,0.0
r-stem low pre_vs_cool seed0,weight_compensation_2726_810_physical,c15q2,0.0
r-stem low pre_vs_cool seed0,weight_compensation_2726_810_physical,c15q3,0.0
r-stem low pre_vs_cool seed0,weight_compensation_2726_810_physical,c15q4,0.0
r-stem low pre_vs_cool seed0,weight_compensation_2726_810_physical,c16q0,0.0
r-stem low pre_vs_cool seed0,weight_compensation_2726_810_physical,c16q1,0.0
r-stem low pre_vs_cool seed0,weight_compensation_2726_810_physical,c16q2,0.0
r-stem low pre_vs_cool seed0,weight_compensation_2726_810_physical,c16q3,0.0
r-stem low pre_vs_cool seed0,weight_compensation_2726_810_physical,c16q4,0.0
r-stem low pre_vs_cool seed0,weight_compensation_2726_810_physical,c17q0,0.0
r-stem low pre_vs_cool seed0,weight_compensation_2726_810_physical,c17q1,0.0
r-stem low pre_vs_cool seed0,weight_compensation_2726_810_physical,c17q2,0.0
r-stem low pre_vs_cool seed0,weight_compensation_2726_810_physical,c17q3,0.0
r-stem low pre_vs_cool seed0,weight_compensation_2726_810_physical,c17q4,0.0
r-stem low pre_vs_cool seed0,weight_compensation_2726_810_physical,c18q0,0.0
r-stem low pre_vs_cool seed0,weight_compensation_2726_810_physical,c18q1,0.0
r-stem low pre_vs_cool seed0,weight_compensation_2726_810_physical,c18q2,0.0
r-stem low pre_vs_cool seed0,weight_compensation_2726_810_physical,c18q3,0.0
r-stem low pre_vs_cool seed0,weight_compensation_2726_810_physical,c18q4,0.0
r-stem low pre_vs_cool seed0,weight_compensation_2726_810_physical,c19q0,0.0
r-stem low pre_vs_cool seed0,weight_compensation_2726_810_physical,c19q1,0.0
r-stem low pre_vs_cool seed0,weight_compensation_2726_810_physical,c19q2,0.0
r-stem low pre_vs_cool seed0,weight_compensation_2726_810_physical,c19q3,0.0
r-stem low pre_vs_cool seed0,weight_compensation_2726_810_physical,c19q4,0.0
r-stem low pre_vs_cool seed0,weight_compensation_2726_810_physical,c20q0,0.0
r-stem low pre_vs_cool seed0,weight_compensation_2726_810_physical,c20q1,0.0
r-stem low pre_vs_cool seed0,weight_compensation_2726_810_physical,c20q2,0.0
r-stem low pre_vs_cool seed0,weight_compensation_2726_810_physical,c20q3,0.0
r-stem low pre_vs_cool seed0,weight_compensation_2726_810_physical,c20q4,0.0
r-stem low pre_vs_cool seed0,weight_compensation_2726_810_physical,c21q0,0.0
r-stem low pre_vs_cool seed0,weight_compensation_2726_810_physical,c21q1,0.0
r-stem low pre_vs_cool seed0,weight_compensation_2726_810_physical,c21q2,0.0
r-stem low pre_vs_cool seed0,weight_compensation_2726_810_physical,c21q3,0.0
r-stem low pre_vs_cool seed0,weight_compensation_2726_810_physical,c21q4,0.0
r-stem low pre_vs_cool seed0,weight_compensation_2726_810_physical,c22q0,0.0
r-stem low pre_vs_cool seed0,weight_compensation_2726_810_physical,c22q1,0.0
r-stem low pre_vs_cool seed0,weight_compensation_2726_810_physical,c22q2,0.0
r-stem low pre_vs_cool seed0,weight_compensation_2726_810_physical,c22q3,0.0
r-stem low pre_vs_cool seed0,weight_compensation_2726_810_physical,c22q4,0.0
r-stem low pre_vs_cool seed0,weight_compensation_2726_810_physical,c23q0,0.0
r-stem low pre_vs_cool seed0,weight_compensation_2726_810_physical,c23q1,0.0
r-stem low pre_vs_cool seed0,weight_compensation_2726_810_physical,c23q2,0.0
r-stem low pre_vs_cool seed0,weight_compensation_2726_810_physical,c23q3,0.0
r-stem low pre_vs_cool seed0,weight_compensation_2726_810_physical,c23q4,0.0
r-stem low pre_vs_cool seed0,weight_compensation_2726_810_physical,c24q0,0.0
r-stem low pre_vs_cool seed0,weight_compensation_2726_810_physical,c24q1,0.0
r-stem low pre_vs_cool seed0,weight_compensation_2726_810_physical,c24q2,0.0
r-stem low pre_vs_cool seed0,weight_compensation_2726_810_physical,c24q3,0.0
r-stem low pre_vs_cool seed0,weight_compensation_2726_810_physical,c24q4,0.0
r-stem low pre_vs_cool seed0,weight_compensation_2726_810_physical,c25q0,0.0
r-stem low pre_vs_cool seed0,weight_compensation_2726_810_physical,c25q1,0.0
r-stem low pre_vs_cool seed0,weight_compensation_2726_810_physical,c25q2,0.0
r-stem low pre_vs_cool seed0,weight_compensation_2726_810_physical,c25q3,0.0
r-stem low pre_vs_cool seed0,weight_compensation_2726_810_physical,c25q4,0.0
r-stem low pre_vs_cool seed0,weight_compensation_2726_810_physical,c26q0,0.0
r-stem low pre_vs_cool seed0,weight_compensation_2726_810_physical,c26q1,0.0
r-stem low pre_vs_cool seed0,weight_compensation_2726_810_physical,c26q2,0.0
r-stem low pre_vs_cool seed0,weight_compensation_2726_810_physical,c26q3,0.0
r-stem low pre_vs_cool seed0,weight_compensation_2726_810_physical,c26q4,0.0
r-stem low pre_vs_cool seed0,weight_compensation_2726_810_physical,c27q0,0.0
r-stem low pre_vs_cool seed0,weight_compensation_2726_810_physical,c27q1,0.0
r-stem low pre_vs_cool seed0,weight_compensation_2726_810_physical,c27q2,0.0
r-stem low pre_vs_cool seed0,weight_compensation_2726_810_physical,c27q3,0.0
r-stem low pre_vs_cool seed0,weight_compensation_2726_810_physical,c27q4,0.0
r-stem low pre_vs_cool seed0,weight_compensation_2726_810_physical,c28q0,0.0
r-stem low pre_vs_cool seed0,weight_compensation_2726_810_physical,c28q1,0.0
r-stem low pre_vs_cool seed0,weight_compensation_2726_810_physical,c28q2,0.0
r-stem low pre_vs_cool seed0,weight_compensation_2726_810_physical,c28q3,0.0
r-stem low pre_vs_cool seed0,weight_compensation_2726_810_physical,c28q4,0.0
r-stem low pre_vs_cool seed0,weight_compensation_2726_810_physical,c29q0,0.0
r-stem low pre_vs_cool seed0,weight_compensation_2726_810_physical,c29q1,0.0
r-stem low pre_vs_cool seed0,weight_compensation_2726_810_physical,c29q2,0.0
r-stem low pre_vs_cool seed0,weight_compensation_2726_810_physical,c29q3,0.0
r-stem low pre_vs_cool seed0,weight_compensation_2726_810_physical,c29q4,0.0
r-stem low pre_vs_cool seed0,weight_compensation_2726_810_physical,c30q0,5.4569682106375694e-12
r-stem low pre_vs_cool seed0,weight_compensation_2726_810_physical,c30q1,-9.313225746154785e-10
r-stem low pre_vs_cool seed0,weight_compensation_2726_810_physical,c30q2,-9.313225746154785e-10
r-stem low pre_vs_cool seed0,weight_compensation_2726_810_physical,c30q3,0.0
r-stem low pre_vs_cool seed0,weight_compensation_2726_810_physical,c30q4,-1.1175870895385742e-08
r-stem low pre_vs_cool seed0,weight_compensation_2726_810_physical,c31q0,0.0
r-stem low pre_vs_cool seed0,weight_compensation_2726_810_physical,c31q1,0.0
r-stem low pre_vs_cool seed0,weight_compensation_2726_810_physical,c31q2,0.0
r-stem low pre_vs_cool seed0,weight_compensation_2726_810_physical,c31q3,0.0
r-stem low pre_vs_cool seed0,weight_compensation_2726_810_physical,c31q4,0.0
r-stem low pre_vs_cool seed0,weight_compensation_2726_810_physical,c32q0,0.0
r-stem low pre_vs_cool seed0,weight_compensation_2726_810_physical,c32q1,0.0
r-stem low pre_vs_cool seed0,weight_compensation_2726_810_physical,c32q2,0.0
r-stem low pre_vs_cool seed0,weight_compensation_2726_810_physical,c32q3,0.0
r-stem low pre_vs_cool seed0,weight_compensation_2726_810_physical,c32q4,0.0
r-stem low pre_vs_cool seed0,weight_compensation_2726_810_physical,c33q0,0.0
r-stem low pre_vs_cool seed0,weight_compensation_2726_810_physical,c33q1,0.0
r-stem low pre_vs_cool seed0,weight_compensation_2726_810_physical,c33q2,0.0
r-stem low pre_vs_cool seed0,weight_compensation_2726_810_physical,c33q3,0.0
r-stem low pre_vs_cool seed0,weight_compensation_2726_810_physical,c33q4,0.0
r-stem low pre_vs_cool seed0,weight_compensation_2726_810_physical,c34q0,0.0
r-stem low pre_vs_cool seed0,weight_compensation_2726_810_physical,c34q1,0.0
r-stem low pre_vs_cool seed0,weight_compensation_2726_810_physical,c34q2,0.0
r-stem low pre_vs_cool seed0,weight_compensation_2726_810_physical,c34q3,0.0
r-stem low pre_vs_cool seed0,weight_compensation_2726_810_physical,c34q4,0.0
r-stem low pre_vs_cool seed0,weight_compensation_2726_810_physical,c35q0,0.0
r-stem low pre_vs_cool seed0,weight_compensation_2726_810_physical,c35q1,0.0
r-stem low pre_vs_cool seed0,weight_compensation_2726_810_physical,c35q2,0.0
r-stem low pre_vs_cool seed0,weight_compensation_2726_810_physical,c35q3,0.0
r-stem low pre_vs_cool seed0,weight_compensation_2726_810_physical,c35q4,0.0
r-stem low pre_vs_cool seed0,weight_compensation_2726_810_physical,c36q0,0.0
r-stem low pre_vs_cool seed0,weight_compensation_2726_810_physical,c36q1,0.0
r-stem low pre_vs_cool seed0,weight_compensation_2726_810_physical,c36q2,0.0
r-stem low pre_vs_cool seed0,weight_compensation_2726_810_physical,c36q3,0.0
r-stem low pre_vs_cool seed0,weight_compensation_2726_810_physical,c36q4,0.0
r-stem low pre_vs_cool seed0,weight_compensation_2726_810_physical,c37q0,0.0
r-stem low pre_vs_cool seed0,weight_compensation_2726_810_physical,c37q1,0.0
r-stem low pre_vs_cool seed0,weight_compensation_2726_810_physical,c37q2,0.0
r-stem low pre_vs_cool seed0,weight_compensation_2726_810_physical,c37q3,0.0
r-stem low pre_vs_cool seed0,weight_compensation_2726_810_physical,c37q4,0.0
r-stem low pre_vs_cool seed0,weight_compensation_2726_810_physical,c38q0,0.0
r-stem low pre_vs_cool seed0,weight_compensation_2726_810_physical,c38q1,0.0
r-stem low pre_vs_cool seed0,weight_compensation_2726_810_physical,c38q2,0.0
r-stem low pre_vs_cool seed0,weight_compensation_2726_810_physical,c38q3,0.0
r-stem low pre_vs_cool seed0,weight_compensation_2726_810_physical,c38q4,0.0
r-stem low pre_vs_cool seed0,weight_compensation_2726_810_physical,c39q0,1.837179297581315e-10
r-stem low pre_vs_cool seed0,weight_compensation_2726_810_physical,c39q1,1.6298145055770874e-09
r-stem low pre_vs_cool seed0,weight_compensation_2726_810_physical,c39q2,-1.1175870895385742e-08
r-stem low pre_vs_cool seed0,weight_compensation_2726_810_physical,c39q3,5.587935447692871e-09
r-stem low pre_vs_cool seed0,weight_compensation_2726_810_physical,c39q4,-9.313225746154785e-09
r-stem low pre_vs_cool seed0,observed_2727_810_physical,c00q0,0.0
r-stem low pre_vs_cool seed0,observed_2727_810_physical,c00q1,0.0
r-stem low pre_vs_cool seed0,observed_2727_810_physical,c00q2,0.0
r-stem low pre_vs_cool seed0,observed_2727_810_physical,c00q3,0.0
r-stem low pre_vs_cool seed0,observed_2727_810_physical,c00q4,0.0
r-stem low pre_vs_cool seed0,observed_2727_810_physical,c01q0,0.0
r-stem low pre_vs_cool seed0,observed_2727_810_physical,c01q1,0.0
r-stem low pre_vs_cool seed0,observed_2727_810_physical,c01q2,0.0
r-stem low pre_vs_cool seed0,observed_2727_810_physical,c01q3,0.0
r-stem low pre_vs_cool seed0,observed_2727_810_physical,c01q4,0.0
r-stem low pre_vs_cool seed0,observed_2727_810_physical,c02q0,0.0
r-stem low pre_vs_cool seed0,observed_2727_810_physical,c02q1,0.0
r-stem low pre_vs_cool seed0,observed_2727_810_physical,c02q2,0.0
r-stem low pre_vs_cool seed0,observed_2727_810_physical,c02q3,0.0
r-stem low pre_vs_cool seed0,observed_2727_810_physical,c02q4,0.0
r-stem low pre_vs_cool seed0,observed_2727_810_physical,c03q0,0.0
r-stem low pre_vs_cool seed0,observed_2727_810_physical,c03q1,0.0
r-stem low pre_vs_cool seed0,observed_2727_810_physical,c03q2,0.0
r-stem low pre_vs_cool seed0,observed_2727_810_physical,c03q3,0.0
r-stem low pre_vs_cool seed0,observed_2727_810_physical,c03q4,0.0
r-stem low pre_vs_cool seed0,observed_2727_810_physical,c04q0,0.0
r-stem low pre_vs_cool seed0,observed_2727_810_physical,c04q1,0.0
r-stem low pre_vs_cool seed0,observed_2727_810_physical,c04q2,0.0
r-stem low pre_vs_cool seed0,observed_2727_810_physical,c04q3,0.0
r-stem low pre_vs_cool seed0,observed_2727_810_physical,c04q4,0.0
r-stem low pre_vs_cool seed0,observed_2727_810_physical,c05q0,0.0
r-stem low pre_vs_cool seed0,observed_2727_810_physical,c05q1,0.0
r-stem low pre_vs_cool seed0,observed_2727_810_physical,c05q2,0.0
r-stem low pre_vs_cool seed0,observed_2727_810_physical,c05q3,0.0
r-stem low pre_vs_cool seed0,observed_2727_810_physical,c05q4,0.0
r-stem low pre_vs_cool seed0,observed_2727_810_physical,c06q0,0.0
r-stem low pre_vs_cool seed0,observed_2727_810_physical,c06q1,0.0
r-stem low pre_vs_cool seed0,observed_2727_810_physical,c06q2,0.0
r-stem low pre_vs_cool seed0,observed_2727_810_physical,c06q3,0.0
r-stem low pre_vs_cool seed0,observed_2727_810_physical,c06q4,0.0
r-stem low pre_vs_cool seed0,observed_2727_810_physical,c07q0,0.0
r-stem low pre_vs_cool seed0,observed_2727_810_physical,c07q1,0.0
r-stem low pre_vs_cool seed0,observed_2727_810_physical,c07q2,0.0
r-stem low pre_vs_cool seed0,observed_2727_810_physical,c07q3,0.0
r-stem low pre_vs_cool seed0,observed_2727_810_physical,c07q4,0.0
r-stem low pre_vs_cool seed0,observed_2727_810_physical,c08q0,0.0
r-stem low pre_vs_cool seed0,observed_2727_810_physical,c08q1,0.0
r-stem low pre_vs_cool seed0,observed_2727_810_physical,c08q2,0.0
r-stem low pre_vs_cool seed0,observed_2727_810_physical,c08q3,0.0
r-stem low pre_vs_cool seed0,observed_2727_810_physical,c08q4,0.0
r-stem low pre_vs_cool seed0,observed_2727_810_physical,c09q0,0.0
r-stem low pre_vs_cool seed0,observed_2727_810_physical,c09q1,0.0
r-stem low pre_vs_cool seed0,observed_2727_810_physical,c09q2,0.0
r-stem low pre_vs_cool seed0,observed_2727_810_physical,c09q3,0.0
r-stem low pre_vs_cool seed0,observed_2727_810_physical,c09q4,0.0
r-stem low pre_vs_cool seed0,observed_2727_810_physical,c10q0,0.0
r-stem low pre_vs_cool seed0,observed_2727_810_physical,c10q1,0.0
r-stem low pre_vs_cool seed0,observed_2727_810_physical,c10q2,0.0
r-stem low pre_vs_cool seed0,observed_2727_810_physical,c10q3,0.0
r-stem low pre_vs_cool seed0,observed_2727_810_physical,c10q4,0.0
r-stem low pre_vs_cool seed0,observed_2727_810_physical,c11q0,0.0
r-stem low pre_vs_cool seed0,observed_2727_810_physical,c11q1,0.0
r-stem low pre_vs_cool seed0,observed_2727_810_physical,c11q2,0.0
r-stem low pre_vs_cool seed0,observed_2727_810_physical,c11q3,0.0
r-stem low pre_vs_cool seed0,observed_2727_810_physical,c11q4,0.0
r-stem low pre_vs_cool seed0,observed_2727_810_physical,c12q0,0.0
r-stem low pre_vs_cool seed0,observed_2727_810_physical,c12q1,0.0
r-stem low pre_vs_cool seed0,observed_2727_810_physical,c12q2,0.0
r-stem low pre_vs_cool seed0,observed_2727_810_physical,c12q3,0.0
r-stem low pre_vs_cool seed0,observed_2727_810_physical,c12q4,0.0
r-stem low pre_vs_cool seed0,observed_2727_810_physical,c13q0,0.0
r-stem low pre_vs_cool seed0,observed_2727_810_physical,c13q1,0.0
r-stem low pre_vs_cool seed0,observed_2727_810_physical,c13q2,0.0
r-stem low pre_vs_cool seed0,observed_2727_810_physical,c13q3,0.0
r-stem low pre_vs_cool seed0,observed_2727_810_physical,c13q4,0.0
r-stem low pre_vs_cool seed0,observed_2727_810_physical,c14q0,0.0
r-stem low pre_vs_cool seed0,observed_2727_810_physical,c14q1,0.0
r-stem low pre_vs_cool seed0,observed_2727_810_physical,c14q2,0.0
r-stem low pre_vs_cool seed0,observed_2727_810_physical,c14q3,0.0
r-stem low pre_vs_cool seed0,observed_2727_810_physical,c14q4,0.0
r-stem low pre_vs_cool seed0,observed_2727_810_physical,c15q0,0.0
r-stem low pre_vs_cool seed0,observed_2727_810_physical,c15q1,0.0
r-stem low pre_vs_cool seed0,observed_2727_810_physical,c15q2,0.0
r-stem low pre_vs_cool seed0,observed_2727_810_physical,c15q3,0.0
r-stem low pre_vs_cool seed0,observed_2727_810_physical,c15q4,0.0
r-stem low pre_vs_cool seed0,observed_2727_810_physical,c16q0,0.0
r-stem low pre_vs_cool seed0,observed_2727_810_physical,c16q1,0.0
r-stem low pre_vs_cool seed0,observed_2727_810_physical,c16q2,0.0
r-stem low pre_vs_cool seed0,observed_2727_810_physical,c16q3,0.0
r-stem low pre_vs_cool seed0,observed_2727_810_physical,c16q4,0.0
r-stem low pre_vs_cool seed0,observed_2727_810_physical,c17q0,0.0
r-stem low pre_vs_cool seed0,observed_2727_810_physical,c17q1,0.0
r-stem low pre_vs_cool seed0,observed_2727_810_physical,c17q2,0.0
r-stem low pre_vs_cool seed0,observed_2727_810_physical,c17q3,0.0
r-stem low pre_vs_cool seed0,observed_2727_810_physical,c17q4,0.0
r-stem low pre_vs_cool seed0,observed_2727_810_physical,c18q0,0.0
r-stem low pre_vs_cool seed0,observed_2727_810_physical,c18q1,0.0
r-stem low pre_vs_cool seed0,observed_2727_810_physical,c18q2,0.0
r-stem low pre_vs_cool seed0,observed_2727_810_physical,c18q3,0.0
r-stem low pre_vs_cool seed0,observed_2727_810_physical,c18q4,0.0
r-stem low pre_vs_cool seed0,observed_2727_810_physical,c19q0,0.0
r-stem low pre_vs_cool seed0,observed_2727_810_physical,c19q1,0.0
r-stem low pre_vs_cool seed0,observed_2727_810_physical,c19q2,0.0
r-stem low pre_vs_cool seed0,observed_2727_810_physical,c19q3,0.0
r-stem low pre_vs_cool seed0,observed_2727_810_physical,c19q4,0.0
r-stem low pre_vs_cool seed0,observed_2727_810_physical,c20q0,0.0
r-stem low pre_vs_cool seed0,observed_2727_810_physical,c20q1,0.0
r-stem low pre_vs_cool seed0,observed_2727_810_physical,c20q2,0.0
r-stem low pre_vs_cool seed0,observed_2727_810_physical,c20q3,0.0
r-stem low pre_vs_cool seed0,observed_2727_810_physical,c20q4,0.0
r-stem low pre_vs_cool seed0,observed_2727_810_physical,c21q0,0.0
r-stem low pre_vs_cool seed0,observed_2727_810_physical,c21q1,0.0
r-stem low pre_vs_cool seed0,observed_2727_810_physical,c21q2,0.0
r-stem low pre_vs_cool seed0,observed_2727_810_physical,c21q3,0.0
r-stem low pre_vs_cool seed0,observed_2727_810_physical,c21q4,0.0
r-stem low pre_vs_cool seed0,observed_2727_810_physical,c22q0,0.0
r-stem low pre_vs_cool seed0,observed_2727_810_physical,c22q1,0.0
r-stem low pre_vs_cool seed0,observed_2727_810_physical,c22q2,0.0
r-stem low pre_vs_cool seed0,observed_2727_810_physical,c22q3,0.0
r-stem low pre_vs_cool seed0,observed_2727_810_physical,c22q4,0.0
r-stem low pre_vs_cool seed0,observed_2727_810_physical,c23q0,0.0
r-stem low pre_vs_cool seed0,observed_2727_810_physical,c23q1,0.0
r-stem low pre_vs_cool seed0,observed_2727_810_physical,c23q2,0.0
r-stem low pre_vs_cool seed0,observed_2727_810_physical,c23q3,0.0
r-stem low pre_vs_cool seed0,observed_2727_810_physical,c23q4,0.0
r-stem low pre_vs_cool seed0,observed_2727_810_physical,c24q0,0.0
r-stem low pre_vs_cool seed0,observed_2727_810_physical,c24q1,0.0
r-stem low pre_vs_cool seed0,observed_2727_810_physical,c24q2,0.0
r-stem low pre_vs_cool seed0,observed_2727_810_physical,c24q3,0.0
r-stem low pre_vs_cool seed0,observed_2727_810_physical,c24q4,0.0
r-stem low pre_vs_cool seed0,observed_2727_810_physical,c25q0,0.0
r-stem low pre_vs_cool seed0,observed_2727_810_physical,c25q1,0.0
r-stem low pre_vs_cool seed0,observed_2727_810_physical,c25q2,0.0
r-stem low pre_vs_cool seed0,observed_2727_810_physical,c25q3,0.0
r-stem low pre_vs_cool seed0,observed_2727_810_physical,c25q4,0.0
r-stem low pre_vs_cool seed0,observed_2727_810_physical,c26q0,0.0
r-stem low pre_vs_cool seed0,observed_2727_810_physical,c26q1,0.0
r-stem low pre_vs_cool seed0,observed_2727_810_physical,c26q2,0.0
r-stem low pre_vs_cool seed0,observed_2727_810_physical,c26q3,0.0
r-stem low pre_vs_cool seed0,observed_2727_810_physical,c26q4,0.0
r-stem low pre_vs_cool seed0,observed_2727_810_physical,c27q0,0.0
r-stem low pre_vs_cool seed0,observed_2727_810_physical,c27q1,0.0
r-stem low pre_vs_cool seed0,observed_2727_810_physical,c27q2,0.0
r-stem low pre_vs_cool seed0,observed_2727_810_physical,c27q3,0.0
r-stem low pre_vs_cool seed0,observed_2727_810_physical,c27q4,0.0
r-stem low pre_vs_cool seed0,observed_2727_810_physical,c28q0,0.0
r-stem low pre_vs_cool seed0,observed_2727_810_physical,c28q1,0.0
r-stem low pre_vs_cool seed0,observed_2727_810_physical,c28q2,0.0
r-stem low pre_vs_cool seed0,observed_2727_810_physical,c28q3,0.0
r-stem low pre_vs_cool seed0,observed_2727_810_physical,c28q4,0.0
r-stem low pre_vs_cool seed0,observed_2727_810_physical,c29q0,0.0
r-stem low pre_vs_cool seed0,observed_2727_810_physical,c29q1,0.0
r-stem low pre_vs_cool seed0,observed_2727_810_physical,c29q2,0.0
r-stem low pre_vs_cool seed0,observed_2727_810_physical,c29q3,0.0
r-stem low pre_vs_cool seed0,observed_2727_810_physical,c29q4,0.0
r-stem low pre_vs_cool seed0,observed_2727_810_physical,c30q0,-4.135255274313749
r-stem low pre_vs_cool seed0,observed_2727_810_physical,c30q1,-447.56608529319055
r-stem low pre_vs_cool seed0,observed_2727_810_physical,c30q2,-1822.9109674179927
r-stem low pre_vs_cool seed0,observed_2727_810_physical,c30q3,-4159.892560221255
r-stem low pre_vs_cool seed0,observed_2727_810_physical,c30q4,-4051.2551318053156
r-stem low pre_vs_cool seed0,observed_2727_810_physical,c31q0,0.0
r-stem low pre_vs_cool seed0,observed_2727_810_physical,c31q1,0.0
r-stem low pre_vs_cool seed0,observed_2727_810_physical,c31q2,0.0
r-stem low pre_vs_cool seed0,observed_2727_810_physical,c31q3,0.0
r-stem low pre_vs_cool seed0,observed_2727_810_physical,c31q4,0.0
r-stem low pre_vs_cool seed0,observed_2727_810_physical,c32q0,0.0
r-stem low pre_vs_cool seed0,observed_2727_810_physical,c32q1,0.0
r-stem low pre_vs_cool seed0,observed_2727_810_physical,c32q2,0.0
r-stem low pre_vs_cool seed0,observed_2727_810_physical,c32q3,0.0
r-stem low pre_vs_cool seed0,observed_2727_810_physical,c32q4,0.0
r-stem low pre_vs_cool seed0,observed_2727_810_physical,c33q0,0.0
r-stem low pre_vs_cool seed0,observed_2727_810_physical,c33q1,0.0
r-stem low pre_vs_cool seed0,observed_2727_810_physical,c33q2,0.0
r-stem low pre_vs_cool seed0,observed_2727_810_physical,c33q3,0.0
r-stem low pre_vs_cool seed0,observed_2727_810_physical,c33q4,0.0
r-stem low pre_vs_cool seed0,observed_2727_810_physical,c34q0,0.0
r-stem low pre_vs_cool seed0,observed_2727_810_physical,c34q1,0.0
r-stem low pre_vs_cool seed0,observed_2727_810_physical,c34q2,0.0
r-stem low pre_vs_cool seed0,observed_2727_810_physical,c34q3,0.0
r-stem low pre_vs_cool seed0,observed_2727_810_physical,c34q4,0.0
r-stem low pre_vs_cool seed0,observed_2727_810_physical,c35q0,0.0
r-stem low pre_vs_cool seed0,observed_2727_810_physical,c35q1,0.0
r-stem low pre_vs_cool seed0,observed_2727_810_physical,c35q2,0.0
r-stem low pre_vs_cool seed0,observed_2727_810_physical,c35q3,0.0
r-stem low pre_vs_cool seed0,observed_2727_810_physical,c35q4,0.0
r-stem low pre_vs_cool seed0,observed_2727_810_physical,c36q0,0.0
r-stem low pre_vs_cool seed0,observed_2727_810_physical,c36q1,0.0
r-stem low pre_vs_cool seed0,observed_2727_810_physical,c36q2,0.0
r-stem low pre_vs_cool seed0,observed_2727_810_physical,c36q3,0.0
r-stem low pre_vs_cool seed0,observed_2727_810_physical,c36q4,0.0
r-stem low pre_vs_cool seed0,observed_2727_810_physical,c37q0,0.0
r-stem low pre_vs_cool seed0,observed_2727_810_physical,c37q1,0.0
r-stem low pre_vs_cool seed0,observed_2727_810_physical,c37q2,0.0
r-stem low pre_vs_cool seed0,observed_2727_810_physical,c37q3,0.0
r-stem low pre_vs_cool seed0,observed_2727_810_physical,c37q4,0.0
r-stem low pre_vs_cool seed0,observed_2727_810_physical,c38q0,0.0
r-stem low pre_vs_cool seed0,observed_2727_810_physical,c38q1,0.0
r-stem low pre_vs_cool seed0,observed_2727_810_physical,c38q2,0.0
r-stem low pre_vs_cool seed0,observed_2727_810_physical,c38q3,0.0
r-stem low pre_vs_cool seed0,observed_2727_810_physical,c38q4,0.0
r-stem low pre_vs_cool seed0,observed_2727_810_physical,c39q0,4.135255274502924
r-stem low pre_vs_cool seed0,observed_2727_810_physical,c39q1,447.56608529388905
r-stem low pre_vs_cool seed0,observed_2727_810_physical,c39q2,1822.9109674058855
r-stem low pre_vs_cool seed0,observed_2727_810_physical,c39q3,4159.892560226843
r-stem low pre_vs_cool seed0,observed_2727_810_physical,c39q4,4051.2551317848265
r-stem swap_high_vs_low seed0,registry_nominal_simulated,c00q0,0.0
r-stem swap_high_vs_low seed0,registry_nominal_simulated,c00q1,0.0
r-stem swap_high_vs_low seed0,registry_nominal_simulated,c00q2,0.0
r-stem swap_high_vs_low seed0,registry_nominal_simulated,c00q3,0.0
r-stem swap_high_vs_low seed0,registry_nominal_simulated,c00q4,0.0
r-stem swap_high_vs_low seed0,registry_nominal_simulated,c01q0,0.0
r-stem swap_high_vs_low seed0,registry_nominal_simulated,c01q1,0.0
r-stem swap_high_vs_low seed0,registry_nominal_simulated,c01q2,0.0
r-stem swap_high_vs_low seed0,registry_nominal_simulated,c01q3,0.0
r-stem swap_high_vs_low seed0,registry_nominal_simulated,c01q4,0.0
r-stem swap_high_vs_low seed0,registry_nominal_simulated,c02q0,0.0
r-stem swap_high_vs_low seed0,registry_nominal_simulated,c02q1,0.0
r-stem swap_high_vs_low seed0,registry_nominal_simulated,c02q2,0.0
r-stem swap_high_vs_low seed0,registry_nominal_simulated,c02q3,0.0
r-stem swap_high_vs_low seed0,registry_nominal_simulated,c02q4,0.0
r-stem swap_high_vs_low seed0,registry_nominal_simulated,c03q0,0.0
r-stem swap_high_vs_low seed0,registry_nominal_simulated,c03q1,0.0
r-stem swap_high_vs_low seed0,registry_nominal_simulated,c03q2,0.0
r-stem swap_high_vs_low seed0,registry_nominal_simulated,c03q3,0.0
r-stem swap_high_vs_low seed0,registry_nominal_simulated,c03q4,0.0
r-stem swap_high_vs_low seed0,registry_nominal_simulated,c04q0,0.0
r-stem swap_high_vs_low seed0,registry_nominal_simulated,c04q1,0.0
r-stem swap_high_vs_low seed0,registry_nominal_simulated,c04q2,0.0
r-stem swap_high_vs_low seed0,registry_nominal_simulated,c04q3,0.0
r-stem swap_high_vs_low seed0,registry_nominal_simulated,c04q4,0.0
r-stem swap_high_vs_low seed0,registry_nominal_simulated,c05q0,0.0
r-stem swap_high_vs_low seed0,registry_nominal_simulated,c05q1,0.0
r-stem swap_high_vs_low seed0,registry_nominal_simulated,c05q2,0.0
r-stem swap_high_vs_low seed0,registry_nominal_simulated,c05q3,0.0
r-stem swap_high_vs_low seed0,registry_nominal_simulated,c05q4,0.0
r-stem swap_high_vs_low seed0,registry_nominal_simulated,c06q0,0.0
r-stem swap_high_vs_low seed0,registry_nominal_simulated,c06q1,0.0
r-stem swap_high_vs_low seed0,registry_nominal_simulated,c06q2,0.0
r-stem swap_high_vs_low seed0,registry_nominal_simulated,c06q3,0.0
r-stem swap_high_vs_low seed0,registry_nominal_simulated,c06q4,0.0
r-stem swap_high_vs_low seed0,registry_nominal_simulated,c07q0,0.0
r-stem swap_high_vs_low seed0,registry_nominal_simulated,c07q1,0.0
r-stem swap_high_vs_low seed0,registry_nominal_simulated,c07q2,0.0
r-stem swap_high_vs_low seed0,registry_nominal_simulated,c07q3,0.0
r-stem swap_high_vs_low seed0,registry_nominal_simulated,c07q4,0.0
r-stem swap_high_vs_low seed0,registry_nominal_simulated,c08q0,0.0
r-stem swap_high_vs_low seed0,registry_nominal_simulated,c08q1,0.0
r-stem swap_high_vs_low seed0,registry_nominal_simulated,c08q2,0.0
r-stem swap_high_vs_low seed0,registry_nominal_simulated,c08q3,0.0
r-stem swap_high_vs_low seed0,registry_nominal_simulated,c08q4,0.0
r-stem swap_high_vs_low seed0,registry_nominal_simulated,c09q0,0.0
r-stem swap_high_vs_low seed0,registry_nominal_simulated,c09q1,0.0
r-stem swap_high_vs_low seed0,registry_nominal_simulated,c09q2,0.0
r-stem swap_high_vs_low seed0,registry_nominal_simulated,c09q3,0.0
r-stem swap_high_vs_low seed0,registry_nominal_simulated,c09q4,0.0
r-stem swap_high_vs_low seed0,registry_nominal_simulated,c10q0,0.0
r-stem swap_high_vs_low seed0,registry_nominal_simulated,c10q1,0.0
r-stem swap_high_vs_low seed0,registry_nominal_simulated,c10q2,0.0
r-stem swap_high_vs_low seed0,registry_nominal_simulated,c10q3,0.0
r-stem swap_high_vs_low seed0,registry_nominal_simulated,c10q4,0.0
r-stem swap_high_vs_low seed0,registry_nominal_simulated,c11q0,0.0
r-stem swap_high_vs_low seed0,registry_nominal_simulated,c11q1,0.0
r-stem swap_high_vs_low seed0,registry_nominal_simulated,c11q2,0.0
r-stem swap_high_vs_low seed0,registry_nominal_simulated,c11q3,0.0
r-stem swap_high_vs_low seed0,registry_nominal_simulated,c11q4,0.0
r-stem swap_high_vs_low seed0,registry_nominal_simulated,c12q0,0.0
r-stem swap_high_vs_low seed0,registry_nominal_simulated,c12q1,0.0
r-stem swap_high_vs_low seed0,registry_nominal_simulated,c12q2,0.0
r-stem swap_high_vs_low seed0,registry_nominal_simulated,c12q3,0.0
r-stem swap_high_vs_low seed0,registry_nominal_simulated,c12q4,0.0
r-stem swap_high_vs_low seed0,registry_nominal_simulated,c13q0,0.0
r-stem swap_high_vs_low seed0,registry_nominal_simulated,c13q1,0.0
r-stem swap_high_vs_low seed0,registry_nominal_simulated,c13q2,0.0
r-stem swap_high_vs_low seed0,registry_nominal_simulated,c13q3,0.0
r-stem swap_high_vs_low seed0,registry_nominal_simulated,c13q4,0.0
r-stem swap_high_vs_low seed0,registry_nominal_simulated,c14q0,0.0
r-stem swap_high_vs_low seed0,registry_nominal_simulated,c14q1,0.0
r-stem swap_high_vs_low seed0,registry_nominal_simulated,c14q2,0.0
r-stem swap_high_vs_low seed0,registry_nominal_simulated,c14q3,0.0
r-stem swap_high_vs_low seed0,registry_nominal_simulated,c14q4,0.0
r-stem swap_high_vs_low seed0,registry_nominal_simulated,c15q0,0.0
r-stem swap_high_vs_low seed0,registry_nominal_simulated,c15q1,0.0
r-stem swap_high_vs_low seed0,registry_nominal_simulated,c15q2,0.0
r-stem swap_high_vs_low seed0,registry_nominal_simulated,c15q3,0.0
r-stem swap_high_vs_low seed0,registry_nominal_simulated,c15q4,0.0
r-stem swap_high_vs_low seed0,registry_nominal_simulated,c16q0,0.0
r-stem swap_high_vs_low seed0,registry_nominal_simulated,c16q1,0.0
r-stem swap_high_vs_low seed0,registry_nominal_simulated,c16q2,0.0
r-stem swap_high_vs_low seed0,registry_nominal_simulated,c16q3,0.0
r-stem swap_high_vs_low seed0,registry_nominal_simulated,c16q4,0.0
r-stem swap_high_vs_low seed0,registry_nominal_simulated,c17q0,0.0
r-stem swap_high_vs_low seed0,registry_nominal_simulated,c17q1,0.0
r-stem swap_high_vs_low seed0,registry_nominal_simulated,c17q2,0.0
r-stem swap_high_vs_low seed0,registry_nominal_simulated,c17q3,0.0
r-stem swap_high_vs_low seed0,registry_nominal_simulated,c17q4,0.0
r-stem swap_high_vs_low seed0,registry_nominal_simulated,c18q0,0.0
r-stem swap_high_vs_low seed0,registry_nominal_simulated,c18q1,0.0
r-stem swap_high_vs_low seed0,registry_nominal_simulated,c18q2,0.0
r-stem swap_high_vs_low seed0,registry_nominal_simulated,c18q3,0.0
r-stem swap_high_vs_low seed0,registry_nominal_simulated,c18q4,0.0
r-stem swap_high_vs_low seed0,registry_nominal_simulated,c19q0,0.0
r-stem swap_high_vs_low seed0,registry_nominal_simulated,c19q1,0.0
r-stem swap_high_vs_low seed0,registry_nominal_simulated,c19q2,0.0
r-stem swap_high_vs_low seed0,registry_nominal_simulated,c19q3,0.0
r-stem swap_high_vs_low seed0,registry_nominal_simulated,c19q4,0.0
r-stem swap_high_vs_low seed0,registry_nominal_simulated,c20q0,0.0
r-stem swap_high_vs_low seed0,registry_nominal_simulated,c20q1,0.0
r-stem swap_high_vs_low seed0,registry_nominal_simulated,c20q2,0.0
r-stem swap_high_vs_low seed0,registry_nominal_simulated,c20q3,0.0
r-stem swap_high_vs_low seed0,registry_nominal_simulated,c20q4,0.0
r-stem swap_high_vs_low seed0,registry_nominal_simulated,c21q0,0.0
r-stem swap_high_vs_low seed0,registry_nominal_simulated,c21q1,0.0
r-stem swap_high_vs_low seed0,registry_nominal_simulated,c21q2,0.0
r-stem swap_high_vs_low seed0,registry_nominal_simulated,c21q3,0.0
r-stem swap_high_vs_low seed0,registry_nominal_simulated,c21q4,0.0
r-stem swap_high_vs_low seed0,registry_nominal_simulated,c22q0,0.0
r-stem swap_high_vs_low seed0,registry_nominal_simulated,c22q1,0.0
r-stem swap_high_vs_low seed0,registry_nominal_simulated,c22q2,0.0
r-stem swap_high_vs_low seed0,registry_nominal_simulated,c22q3,0.0
r-stem swap_high_vs_low seed0,registry_nominal_simulated,c22q4,0.0
r-stem swap_high_vs_low seed0,registry_nominal_simulated,c23q0,0.0
r-stem swap_high_vs_low seed0,registry_nominal_simulated,c23q1,0.0
r-stem swap_high_vs_low seed0,registry_nominal_simulated,c23q2,0.0
r-stem swap_high_vs_low seed0,registry_nominal_simulated,c23q3,0.0
r-stem swap_high_vs_low seed0,registry_nominal_simulated,c23q4,0.0
r-stem swap_high_vs_low seed0,registry_nominal_simulated,c24q0,0.0
r-stem swap_high_vs_low seed0,registry_nominal_simulated,c24q1,0.0
r-stem swap_high_vs_low seed0,registry_nominal_simulated,c24q2,0.0
r-stem swap_high_vs_low seed0,registry_nominal_simulated,c24q3,0.0
r-stem swap_high_vs_low seed0,registry_nominal_simulated,c24q4,0.0
r-stem swap_high_vs_low seed0,registry_nominal_simulated,c25q0,0.0
r-stem swap_high_vs_low seed0,registry_nominal_simulated,c25q1,0.0
r-stem swap_high_vs_low seed0,registry_nominal_simulated,c25q2,0.0
r-stem swap_high_vs_low seed0,registry_nominal_simulated,c25q3,0.0
r-stem swap_high_vs_low seed0,registry_nominal_simulated,c25q4,0.0
r-stem swap_high_vs_low seed0,registry_nominal_simulated,c26q0,0.0
r-stem swap_high_vs_low seed0,registry_nominal_simulated,c26q1,0.0
r-stem swap_high_vs_low seed0,registry_nominal_simulated,c26q2,0.0
r-stem swap_high_vs_low seed0,registry_nominal_simulated,c26q3,0.0
r-stem swap_high_vs_low seed0,registry_nominal_simulated,c26q4,0.0
r-stem swap_high_vs_low seed0,registry_nominal_simulated,c27q0,0.0
r-stem swap_high_vs_low seed0,registry_nominal_simulated,c27q1,0.0
r-stem swap_high_vs_low seed0,registry_nominal_simulated,c27q2,0.0
r-stem swap_high_vs_low seed0,registry_nominal_simulated,c27q3,0.0
r-stem swap_high_vs_low seed0,registry_nominal_simulated,c27q4,0.0
r-stem swap_high_vs_low seed0,registry_nominal_simulated,c28q0,0.0
r-stem swap_high_vs_low seed0,registry_nominal_simulated,c28q1,0.0
r-stem swap_high_vs_low seed0,registry_nominal_simulated,c28q2,0.0
r-stem swap_high_vs_low seed0,registry_nominal_simulated,c28q3,0.0
r-stem swap_high_vs_low seed0,registry_nominal_simulated,c28q4,0.0
r-stem swap_high_vs_low seed0,registry_nominal_simulated,c29q0,0.0
r-stem swap_high_vs_low seed0,registry_nominal_simulated,c29q1,0.0
r-stem swap_high_vs_low seed0,registry_nominal_simulated,c29q2,0.0
r-stem swap_high_vs_low seed0,registry_nominal_simulated,c29q3,0.0
r-stem swap_high_vs_low seed0,registry_nominal_simulated,c29q4,0.0
r-stem swap_high_vs_low seed0,registry_nominal_simulated,c30q0,995050.5912321508
r-stem swap_high_vs_low seed0,registry_nominal_simulated,c30q1,107696107.79561996
r-stem swap_high_vs_low seed0,registry_nominal_simulated,c30q2,438640063.4459076
r-stem swap_high_vs_low seed0,registry_nominal_simulated,c30q3,1000978966.6956291
r-stem swap_high_vs_low seed0,registry_nominal_simulated,c30q4,974837959.6197891
r-stem swap_high_vs_low seed0,registry_nominal_simulated,c31q0,0.0
r-stem swap_high_vs_low seed0,registry_nominal_simulated,c31q1,0.0
r-stem swap_high_vs_low seed0,registry_nominal_simulated,c31q2,0.0
r-stem swap_high_vs_low seed0,registry_nominal_simulated,c31q3,0.0
r-stem swap_high_vs_low seed0,registry_nominal_simulated,c31q4,0.0
r-stem swap_high_vs_low seed0,registry_nominal_simulated,c32q0,0.0
r-stem swap_high_vs_low seed0,registry_nominal_simulated,c32q1,0.0
r-stem swap_high_vs_low seed0,registry_nominal_simulated,c32q2,0.0
r-stem swap_high_vs_low seed0,registry_nominal_simulated,c32q3,0.0
r-stem swap_high_vs_low seed0,registry_nominal_simulated,c32q4,0.0
r-stem swap_high_vs_low seed0,registry_nominal_simulated,c33q0,0.0
r-stem swap_high_vs_low seed0,registry_nominal_simulated,c33q1,0.0
r-stem swap_high_vs_low seed0,registry_nominal_simulated,c33q2,0.0
r-stem swap_high_vs_low seed0,registry_nominal_simulated,c33q3,0.0
r-stem swap_high_vs_low seed0,registry_nominal_simulated,c33q4,0.0
r-stem swap_high_vs_low seed0,registry_nominal_simulated,c34q0,0.0
r-stem swap_high_vs_low seed0,registry_nominal_simulated,c34q1,0.0
r-stem swap_high_vs_low seed0,registry_nominal_simulated,c34q2,0.0
r-stem swap_high_vs_low seed0,registry_nominal_simulated,c34q3,0.0
r-stem swap_high_vs_low seed0,registry_nominal_simulated,c34q4,0.0
r-stem swap_high_vs_low seed0,registry_nominal_simulated,c35q0,0.0
r-stem swap_high_vs_low seed0,registry_nominal_simulated,c35q1,0.0
r-stem swap_high_vs_low seed0,registry_nominal_simulated,c35q2,0.0
r-stem swap_high_vs_low seed0,registry_nominal_simulated,c35q3,0.0
r-stem swap_high_vs_low seed0,registry_nominal_simulated,c35q4,0.0
r-stem swap_high_vs_low seed0,registry_nominal_simulated,c36q0,0.0
r-stem swap_high_vs_low seed0,registry_nominal_simulated,c36q1,0.0
r-stem swap_high_vs_low seed0,registry_nominal_simulated,c36q2,0.0
r-stem swap_high_vs_low seed0,registry_nominal_simulated,c36q3,0.0
r-stem swap_high_vs_low seed0,registry_nominal_simulated,c36q4,0.0
r-stem swap_high_vs_low seed0,registry_nominal_simulated,c37q0,0.0
r-stem swap_high_vs_low seed0,registry_nominal_simulated,c37q1,0.0
r-stem swap_high_vs_low seed0,registry_nominal_simulated,c37q2,0.0
r-stem swap_high_vs_low seed0,registry_nominal_simulated,c37q3,0.0
r-stem swap_high_vs_low seed0,registry_nominal_simulated,c37q4,0.0
r-stem swap_high_vs_low seed0,registry_nominal_simulated,c38q0,0.0
r-stem swap_high_vs_low seed0,registry_nominal_simulated,c38q1,0.0
r-stem swap_high_vs_low seed0,registry_nominal_simulated,c38q2,0.0
r-stem swap_high_vs_low seed0,registry_nominal_simulated,c38q3,0.0
r-stem swap_high_vs_low seed0,registry_nominal_simulated,c38q4,0.0
r-stem swap_high_vs_low seed0,registry_nominal_simulated,c39q0,-995050.5912326053
r-stem swap_high_vs_low seed0,registry_nominal_simulated,c39q1,-107696107.79561615
r-stem swap_high_vs_low seed0,registry_nominal_simulated,c39q2,-438640063.445879
r-stem swap_high_vs_low seed0,registry_nominal_simulated,c39q3,-1000978966.6956444
r-stem swap_high_vs_low seed0,registry_nominal_simulated,c39q4,-974837959.6197395
r-stem swap_high_vs_low seed0,weight_compensation_2726_810_physical,c00q0,0.0
r-stem swap_high_vs_low seed0,weight_compensation_2726_810_physical,c00q1,0.0
r-stem swap_high_vs_low seed0,weight_compensation_2726_810_physical,c00q2,0.0
r-stem swap_high_vs_low seed0,weight_compensation_2726_810_physical,c00q3,0.0
r-stem swap_high_vs_low seed0,weight_compensation_2726_810_physical,c00q4,0.0
r-stem swap_high_vs_low seed0,weight_compensation_2726_810_physical,c01q0,0.0
r-stem swap_high_vs_low seed0,weight_compensation_2726_810_physical,c01q1,0.0
r-stem swap_high_vs_low seed0,weight_compensation_2726_810_physical,c01q2,0.0
r-stem swap_high_vs_low seed0,weight_compensation_2726_810_physical,c01q3,0.0
r-stem swap_high_vs_low seed0,weight_compensation_2726_810_physical,c01q4,0.0
r-stem swap_high_vs_low seed0,weight_compensation_2726_810_physical,c02q0,0.0
r-stem swap_high_vs_low seed0,weight_compensation_2726_810_physical,c02q1,0.0
r-stem swap_high_vs_low seed0,weight_compensation_2726_810_physical,c02q2,0.0
r-stem swap_high_vs_low seed0,weight_compensation_2726_810_physical,c02q3,0.0
r-stem swap_high_vs_low seed0,weight_compensation_2726_810_physical,c02q4,0.0
r-stem swap_high_vs_low seed0,weight_compensation_2726_810_physical,c03q0,0.0
r-stem swap_high_vs_low seed0,weight_compensation_2726_810_physical,c03q1,0.0
r-stem swap_high_vs_low seed0,weight_compensation_2726_810_physical,c03q2,0.0
r-stem swap_high_vs_low seed0,weight_compensation_2726_810_physical,c03q3,0.0
r-stem swap_high_vs_low seed0,weight_compensation_2726_810_physical,c03q4,0.0
r-stem swap_high_vs_low seed0,weight_compensation_2726_810_physical,c04q0,0.0
r-stem swap_high_vs_low seed0,weight_compensation_2726_810_physical,c04q1,0.0
r-stem swap_high_vs_low seed0,weight_compensation_2726_810_physical,c04q2,0.0
r-stem swap_high_vs_low seed0,weight_compensation_2726_810_physical,c04q3,0.0
r-stem swap_high_vs_low seed0,weight_compensation_2726_810_physical,c04q4,0.0
r-stem swap_high_vs_low seed0,weight_compensation_2726_810_physical,c05q0,0.0
r-stem swap_high_vs_low seed0,weight_compensation_2726_810_physical,c05q1,0.0
r-stem swap_high_vs_low seed0,weight_compensation_2726_810_physical,c05q2,0.0
r-stem swap_high_vs_low seed0,weight_compensation_2726_810_physical,c05q3,0.0
r-stem swap_high_vs_low seed0,weight_compensation_2726_810_physical,c05q4,0.0
r-stem swap_high_vs_low seed0,weight_compensation_2726_810_physical,c06q0,0.0
r-stem swap_high_vs_low seed0,weight_compensation_2726_810_physical,c06q1,0.0
r-stem swap_high_vs_low seed0,weight_compensation_2726_810_physical,c06q2,0.0
r-stem swap_high_vs_low seed0,weight_compensation_2726_810_physical,c06q3,0.0
r-stem swap_high_vs_low seed0,weight_compensation_2726_810_physical,c06q4,0.0
r-stem swap_high_vs_low seed0,weight_compensation_2726_810_physical,c07q0,0.0
r-stem swap_high_vs_low seed0,weight_compensation_2726_810_physical,c07q1,0.0
r-stem swap_high_vs_low seed0,weight_compensation_2726_810_physical,c07q2,0.0
r-stem swap_high_vs_low seed0,weight_compensation_2726_810_physical,c07q3,0.0
r-stem swap_high_vs_low seed0,weight_compensation_2726_810_physical,c07q4,0.0
r-stem swap_high_vs_low seed0,weight_compensation_2726_810_physical,c08q0,0.0
r-stem swap_high_vs_low seed0,weight_compensation_2726_810_physical,c08q1,0.0
r-stem swap_high_vs_low seed0,weight_compensation_2726_810_physical,c08q2,0.0
r-stem swap_high_vs_low seed0,weight_compensation_2726_810_physical,c08q3,0.0
r-stem swap_high_vs_low seed0,weight_compensation_2726_810_physical,c08q4,0.0
r-stem swap_high_vs_low seed0,weight_compensation_2726_810_physical,c09q0,0.0
r-stem swap_high_vs_low seed0,weight_compensation_2726_810_physical,c09q1,0.0
r-stem swap_high_vs_low seed0,weight_compensation_2726_810_physical,c09q2,0.0
r-stem swap_high_vs_low seed0,weight_compensation_2726_810_physical,c09q3,0.0
r-stem swap_high_vs_low seed0,weight_compensation_2726_810_physical,c09q4,0.0
r-stem swap_high_vs_low seed0,weight_compensation_2726_810_physical,c10q0,0.0
r-stem swap_high_vs_low seed0,weight_compensation_2726_810_physical,c10q1,0.0
r-stem swap_high_vs_low seed0,weight_compensation_2726_810_physical,c10q2,0.0
r-stem swap_high_vs_low seed0,weight_compensation_2726_810_physical,c10q3,0.0
r-stem swap_high_vs_low seed0,weight_compensation_2726_810_physical,c10q4,0.0
r-stem swap_high_vs_low seed0,weight_compensation_2726_810_physical,c11q0,0.0
r-stem swap_high_vs_low seed0,weight_compensation_2726_810_physical,c11q1,0.0
r-stem swap_high_vs_low seed0,weight_compensation_2726_810_physical,c11q2,0.0
r-stem swap_high_vs_low seed0,weight_compensation_2726_810_physical,c11q3,0.0
r-stem swap_high_vs_low seed0,weight_compensation_2726_810_physical,c11q4,0.0
r-stem swap_high_vs_low seed0,weight_compensation_2726_810_physical,c12q0,0.0
r-stem swap_high_vs_low seed0,weight_compensation_2726_810_physical,c12q1,0.0
r-stem swap_high_vs_low seed0,weight_compensation_2726_810_physical,c12q2,0.0
r-stem swap_high_vs_low seed0,weight_compensation_2726_810_physical,c12q3,0.0
r-stem swap_high_vs_low seed0,weight_compensation_2726_810_physical,c12q4,0.0
r-stem swap_high_vs_low seed0,weight_compensation_2726_810_physical,c13q0,0.0
r-stem swap_high_vs_low seed0,weight_compensation_2726_810_physical,c13q1,0.0
r-stem swap_high_vs_low seed0,weight_compensation_2726_810_physical,c13q2,0.0
r-stem swap_high_vs_low seed0,weight_compensation_2726_810_physical,c13q3,0.0
r-stem swap_high_vs_low seed0,weight_compensation_2726_810_physical,c13q4,0.0
r-stem swap_high_vs_low seed0,weight_compensation_2726_810_physical,c14q0,0.0
r-stem swap_high_vs_low seed0,weight_compensation_2726_810_physical,c14q1,0.0
r-stem swap_high_vs_low seed0,weight_compensation_2726_810_physical,c14q2,0.0
r-stem swap_high_vs_low seed0,weight_compensation_2726_810_physical,c14q3,0.0
r-stem swap_high_vs_low seed0,weight_compensation_2726_810_physical,c14q4,0.0
r-stem swap_high_vs_low seed0,weight_compensation_2726_810_physical,c15q0,0.0
r-stem swap_high_vs_low seed0,weight_compensation_2726_810_physical,c15q1,0.0
r-stem swap_high_vs_low seed0,weight_compensation_2726_810_physical,c15q2,0.0
r-stem swap_high_vs_low seed0,weight_compensation_2726_810_physical,c15q3,0.0
r-stem swap_high_vs_low seed0,weight_compensation_2726_810_physical,c15q4,0.0
r-stem swap_high_vs_low seed0,weight_compensation_2726_810_physical,c16q0,0.0
r-stem swap_high_vs_low seed0,weight_compensation_2726_810_physical,c16q1,0.0
r-stem swap_high_vs_low seed0,weight_compensation_2726_810_physical,c16q2,0.0
r-stem swap_high_vs_low seed0,weight_compensation_2726_810_physical,c16q3,0.0
r-stem swap_high_vs_low seed0,weight_compensation_2726_810_physical,c16q4,0.0
r-stem swap_high_vs_low seed0,weight_compensation_2726_810_physical,c17q0,0.0
r-stem swap_high_vs_low seed0,weight_compensation_2726_810_physical,c17q1,0.0
r-stem swap_high_vs_low seed0,weight_compensation_2726_810_physical,c17q2,0.0
r-stem swap_high_vs_low seed0,weight_compensation_2726_810_physical,c17q3,0.0
r-stem swap_high_vs_low seed0,weight_compensation_2726_810_physical,c17q4,0.0
r-stem swap_high_vs_low seed0,weight_compensation_2726_810_physical,c18q0,0.0
r-stem swap_high_vs_low seed0,weight_compensation_2726_810_physical,c18q1,0.0
r-stem swap_high_vs_low seed0,weight_compensation_2726_810_physical,c18q2,0.0
r-stem swap_high_vs_low seed0,weight_compensation_2726_810_physical,c18q3,0.0
r-stem swap_high_vs_low seed0,weight_compensation_2726_810_physical,c18q4,0.0
r-stem swap_high_vs_low seed0,weight_compensation_2726_810_physical,c19q0,0.0
r-stem swap_high_vs_low seed0,weight_compensation_2726_810_physical,c19q1,0.0
r-stem swap_high_vs_low seed0,weight_compensation_2726_810_physical,c19q2,0.0
r-stem swap_high_vs_low seed0,weight_compensation_2726_810_physical,c19q3,0.0
r-stem swap_high_vs_low seed0,weight_compensation_2726_810_physical,c19q4,0.0
r-stem swap_high_vs_low seed0,weight_compensation_2726_810_physical,c20q0,0.0
r-stem swap_high_vs_low seed0,weight_compensation_2726_810_physical,c20q1,0.0
r-stem swap_high_vs_low seed0,weight_compensation_2726_810_physical,c20q2,0.0
r-stem swap_high_vs_low seed0,weight_compensation_2726_810_physical,c20q3,0.0
r-stem swap_high_vs_low seed0,weight_compensation_2726_810_physical,c20q4,0.0
r-stem swap_high_vs_low seed0,weight_compensation_2726_810_physical,c21q0,0.0
r-stem swap_high_vs_low seed0,weight_compensation_2726_810_physical,c21q1,0.0
r-stem swap_high_vs_low seed0,weight_compensation_2726_810_physical,c21q2,0.0
r-stem swap_high_vs_low seed0,weight_compensation_2726_810_physical,c21q3,0.0
r-stem swap_high_vs_low seed0,weight_compensation_2726_810_physical,c21q4,0.0
r-stem swap_high_vs_low seed0,weight_compensation_2726_810_physical,c22q0,0.0
r-stem swap_high_vs_low seed0,weight_compensation_2726_810_physical,c22q1,0.0
r-stem swap_high_vs_low seed0,weight_compensation_2726_810_physical,c22q2,0.0
r-stem swap_high_vs_low seed0,weight_compensation_2726_810_physical,c22q3,0.0
r-stem swap_high_vs_low seed0,weight_compensation_2726_810_physical,c22q4,0.0
r-stem swap_high_vs_low seed0,weight_compensation_2726_810_physical,c23q0,0.0
r-stem swap_high_vs_low seed0,weight_compensation_2726_810_physical,c23q1,0.0
r-stem swap_high_vs_low seed0,weight_compensation_2726_810_physical,c23q2,0.0
r-stem swap_high_vs_low seed0,weight_compensation_2726_810_physical,c23q3,0.0
r-stem swap_high_vs_low seed0,weight_compensation_2726_810_physical,c23q4,0.0
r-stem swap_high_vs_low seed0,weight_compensation_2726_810_physical,c24q0,0.0
r-stem swap_high_vs_low seed0,weight_compensation_2726_810_physical,c24q1,0.0
r-stem swap_high_vs_low seed0,weight_compensation_2726_810_physical,c24q2,0.0
r-stem swap_high_vs_low seed0,weight_compensation_2726_810_physical,c24q3,0.0
r-stem swap_high_vs_low seed0,weight_compensation_2726_810_physical,c24q4,0.0
r-stem swap_high_vs_low seed0,weight_compensation_2726_810_physical,c25q0,0.0
r-stem swap_high_vs_low seed0,weight_compensation_2726_810_physical,c25q1,0.0
r-stem swap_high_vs_low seed0,weight_compensation_2726_810_physical,c25q2,0.0
r-stem swap_high_vs_low seed0,weight_compensation_2726_810_physical,c25q3,0.0
r-stem swap_high_vs_low seed0,weight_compensation_2726_810_physical,c25q4,0.0
r-stem swap_high_vs_low seed0,weight_compensation_2726_810_physical,c26q0,0.0
r-stem swap_high_vs_low seed0,weight_compensation_2726_810_physical,c26q1,0.0
r-stem swap_high_vs_low seed0,weight_compensation_2726_810_physical,c26q2,0.0
r-stem swap_high_vs_low seed0,weight_compensation_2726_810_physical,c26q3,0.0
r-stem swap_high_vs_low seed0,weight_compensation_2726_810_physical,c26q4,0.0
r-stem swap_high_vs_low seed0,weight_compensation_2726_810_physical,c27q0,0.0
r-stem swap_high_vs_low seed0,weight_compensation_2726_810_physical,c27q1,0.0
r-stem swap_high_vs_low seed0,weight_compensation_2726_810_physical,c27q2,0.0
r-stem swap_high_vs_low seed0,weight_compensation_2726_810_physical,c27q3,0.0
r-stem swap_high_vs_low seed0,weight_compensation_2726_810_physical,c27q4,0.0
r-stem swap_high_vs_low seed0,weight_compensation_2726_810_physical,c28q0,0.0
r-stem swap_high_vs_low seed0,weight_compensation_2726_810_physical,c28q1,0.0
r-stem swap_high_vs_low seed0,weight_compensation_2726_810_physical,c28q2,0.0
r-stem swap_high_vs_low seed0,weight_compensation_2726_810_physical,c28q3,0.0
r-stem swap_high_vs_low seed0,weight_compensation_2726_810_physical,c28q4,0.0
r-stem swap_high_vs_low seed0,weight_compensation_2726_810_physical,c29q0,0.0
r-stem swap_high_vs_low seed0,weight_compensation_2726_810_physical,c29q1,0.0
r-stem swap_high_vs_low seed0,weight_compensation_2726_810_physical,c29q2,0.0
r-stem swap_high_vs_low seed0,weight_compensation_2726_810_physical,c29q3,0.0
r-stem swap_high_vs_low seed0,weight_compensation_2726_810_physical,c29q4,0.0
r-stem swap_high_vs_low seed0,weight_compensation_2726_810_physical,c30q0,-2.1827872842550278e-11
r-stem swap_high_vs_low seed0,weight_compensation_2726_810_physical,c30q1,1.862645149230957e-09
r-stem swap_high_vs_low seed0,weight_compensation_2726_810_physical,c30q2,1.862645149230957e-09
r-stem swap_high_vs_low seed0,weight_compensation_2726_810_physical,c30q3,-3.725290298461914e-09
r-stem swap_high_vs_low seed0,weight_compensation_2726_810_physical,c30q4,2.9802322387695312e-08
r-stem swap_high_vs_low seed0,weight_compensation_2726_810_physical,c31q0,0.0
r-stem swap_high_vs_low seed0,weight_compensation_2726_810_physical,c31q1,0.0
r-stem swap_high_vs_low seed0,weight_compensation_2726_810_physical,c31q2,0.0
r-stem swap_high_vs_low seed0,weight_compensation_2726_810_physical,c31q3,0.0
r-stem swap_high_vs_low seed0,weight_compensation_2726_810_physical,c31q4,0.0
r-stem swap_high_vs_low seed0,weight_compensation_2726_810_physical,c32q0,0.0
r-stem swap_high_vs_low seed0,weight_compensation_2726_810_physical,c32q1,0.0
r-stem swap_high_vs_low seed0,weight_compensation_2726_810_physical,c32q2,0.0
r-stem swap_high_vs_low seed0,weight_compensation_2726_810_physical,c32q3,0.0
r-stem swap_high_vs_low seed0,weight_compensation_2726_810_physical,c32q4,0.0
r-stem swap_high_vs_low seed0,weight_compensation_2726_810_physical,c33q0,0.0
r-stem swap_high_vs_low seed0,weight_compensation_2726_810_physical,c33q1,0.0
r-stem swap_high_vs_low seed0,weight_compensation_2726_810_physical,c33q2,0.0
r-stem swap_high_vs_low seed0,weight_compensation_2726_810_physical,c33q3,0.0
r-stem swap_high_vs_low seed0,weight_compensation_2726_810_physical,c33q4,0.0
r-stem swap_high_vs_low seed0,weight_compensation_2726_810_physical,c34q0,0.0
r-stem swap_high_vs_low seed0,weight_compensation_2726_810_physical,c34q1,0.0
r-stem swap_high_vs_low seed0,weight_compensation_2726_810_physical,c34q2,0.0
r-stem swap_high_vs_low seed0,weight_compensation_2726_810_physical,c34q3,0.0
r-stem swap_high_vs_low seed0,weight_compensation_2726_810_physical,c34q4,0.0
r-stem swap_high_vs_low seed0,weight_compensation_2726_810_physical,c35q0,0.0
r-stem swap_high_vs_low seed0,weight_compensation_2726_810_physical,c35q1,0.0
r-stem swap_high_vs_low seed0,weight_compensation_2726_810_physical,c35q2,0.0
r-stem swap_high_vs_low seed0,weight_compensation_2726_810_physical,c35q3,0.0
r-stem swap_high_vs_low seed0,weight_compensation_2726_810_physical,c35q4,0.0
r-stem swap_high_vs_low seed0,weight_compensation_2726_810_physical,c36q0,0.0
r-stem swap_high_vs_low seed0,weight_compensation_2726_810_physical,c36q1,0.0
r-stem swap_high_vs_low seed0,weight_compensation_2726_810_physical,c36q2,0.0
r-stem swap_high_vs_low seed0,weight_compensation_2726_810_physical,c36q3,0.0
r-stem swap_high_vs_low seed0,weight_compensation_2726_810_physical,c36q4,0.0
r-stem swap_high_vs_low seed0,weight_compensation_2726_810_physical,c37q0,0.0
r-stem swap_high_vs_low seed0,weight_compensation_2726_810_physical,c37q1,0.0
r-stem swap_high_vs_low seed0,weight_compensation_2726_810_physical,c37q2,0.0
r-stem swap_high_vs_low seed0,weight_compensation_2726_810_physical,c37q3,0.0
r-stem swap_high_vs_low seed0,weight_compensation_2726_810_physical,c37q4,0.0
r-stem swap_high_vs_low seed0,weight_compensation_2726_810_physical,c38q0,0.0
r-stem swap_high_vs_low seed0,weight_compensation_2726_810_physical,c38q1,0.0
r-stem swap_high_vs_low seed0,weight_compensation_2726_810_physical,c38q2,0.0
r-stem swap_high_vs_low seed0,weight_compensation_2726_810_physical,c38q3,0.0
r-stem swap_high_vs_low seed0,weight_compensation_2726_810_physical,c38q4,0.0
r-stem swap_high_vs_low seed0,weight_compensation_2726_810_physical,c39q0,-3.67435859516263e-10
r-stem swap_high_vs_low seed0,weight_compensation_2726_810_physical,c39q1,1.862645149230957e-09
r-stem swap_high_vs_low seed0,weight_compensation_2726_810_physical,c39q2,2.2351741790771484e-08
r-stem swap_high_vs_low seed0,weight_compensation_2726_810_physical,c39q3,-1.1175870895385742e-08
r-stem swap_high_vs_low seed0,weight_compensation_2726_810_physical,c39q4,1.862645149230957e-08
r-stem swap_high_vs_low seed0,observed_2727_810_physical,c00q0,0.0
r-stem swap_high_vs_low seed0,observed_2727_810_physical,c00q1,0.0
r-stem swap_high_vs_low seed0,observed_2727_810_physical,c00q2,0.0
r-stem swap_high_vs_low seed0,observed_2727_810_physical,c00q3,0.0
r-stem swap_high_vs_low seed0,observed_2727_810_physical,c00q4,0.0
r-stem swap_high_vs_low seed0,observed_2727_810_physical,c01q0,0.0
r-stem swap_high_vs_low seed0,observed_2727_810_physical,c01q1,0.0
r-stem swap_high_vs_low seed0,observed_2727_810_physical,c01q2,0.0
r-stem swap_high_vs_low seed0,observed_2727_810_physical,c01q3,0.0
r-stem swap_high_vs_low seed0,observed_2727_810_physical,c01q4,0.0
r-stem swap_high_vs_low seed0,observed_2727_810_physical,c02q0,0.0
r-stem swap_high_vs_low seed0,observed_2727_810_physical,c02q1,0.0
r-stem swap_high_vs_low seed0,observed_2727_810_physical,c02q2,0.0
r-stem swap_high_vs_low seed0,observed_2727_810_physical,c02q3,0.0
r-stem swap_high_vs_low seed0,observed_2727_810_physical,c02q4,0.0
r-stem swap_high_vs_low seed0,observed_2727_810_physical,c03q0,0.0
r-stem swap_high_vs_low seed0,observed_2727_810_physical,c03q1,0.0
r-stem swap_high_vs_low seed0,observed_2727_810_physical,c03q2,0.0
r-stem swap_high_vs_low seed0,observed_2727_810_physical,c03q3,0.0
r-stem swap_high_vs_low seed0,observed_2727_810_physical,c03q4,0.0
r-stem swap_high_vs_low seed0,observed_2727_810_physical,c04q0,0.0
r-stem swap_high_vs_low seed0,observed_2727_810_physical,c04q1,0.0
r-stem swap_high_vs_low seed0,observed_2727_810_physical,c04q2,0.0
r-stem swap_high_vs_low seed0,observed_2727_810_physical,c04q3,0.0
r-stem swap_high_vs_low seed0,observed_2727_810_physical,c04q4,0.0
r-stem swap_high_vs_low seed0,observed_2727_810_physical,c05q0,0.0
r-stem swap_high_vs_low seed0,observed_2727_810_physical,c05q1,0.0
r-stem swap_high_vs_low seed0,observed_2727_810_physical,c05q2,0.0
r-stem swap_high_vs_low seed0,observed_2727_810_physical,c05q3,0.0
r-stem swap_high_vs_low seed0,observed_2727_810_physical,c05q4,0.0
r-stem swap_high_vs_low seed0,observed_2727_810_physical,c06q0,0.0
r-stem swap_high_vs_low seed0,observed_2727_810_physical,c06q1,0.0
r-stem swap_high_vs_low seed0,observed_2727_810_physical,c06q2,0.0
r-stem swap_high_vs_low seed0,observed_2727_810_physical,c06q3,0.0
r-stem swap_high_vs_low seed0,observed_2727_810_physical,c06q4,0.0
r-stem swap_high_vs_low seed0,observed_2727_810_physical,c07q0,0.0
r-stem swap_high_vs_low seed0,observed_2727_810_physical,c07q1,0.0
r-stem swap_high_vs_low seed0,observed_2727_810_physical,c07q2,0.0
r-stem swap_high_vs_low seed0,observed_2727_810_physical,c07q3,0.0
r-stem swap_high_vs_low seed0,observed_2727_810_physical,c07q4,0.0
r-stem swap_high_vs_low seed0,observed_2727_810_physical,c08q0,0.0
r-stem swap_high_vs_low seed0,observed_2727_810_physical,c08q1,0.0
r-stem swap_high_vs_low seed0,observed_2727_810_physical,c08q2,0.0
r-stem swap_high_vs_low seed0,observed_2727_810_physical,c08q3,0.0
r-stem swap_high_vs_low seed0,observed_2727_810_physical,c08q4,0.0
r-stem swap_high_vs_low seed0,observed_2727_810_physical,c09q0,0.0
r-stem swap_high_vs_low seed0,observed_2727_810_physical,c09q1,0.0
r-stem swap_high_vs_low seed0,observed_2727_810_physical,c09q2,0.0
r-stem swap_high_vs_low seed0,observed_2727_810_physical,c09q3,0.0
r-stem swap_high_vs_low seed0,observed_2727_810_physical,c09q4,0.0
r-stem swap_high_vs_low seed0,observed_2727_810_physical,c10q0,0.0
r-stem swap_high_vs_low seed0,observed_2727_810_physical,c10q1,0.0
r-stem swap_high_vs_low seed0,observed_2727_810_physical,c10q2,0.0
r-stem swap_high_vs_low seed0,observed_2727_810_physical,c10q3,0.0
r-stem swap_high_vs_low seed0,observed_2727_810_physical,c10q4,0.0
r-stem swap_high_vs_low seed0,observed_2727_810_physical,c11q0,0.0
r-stem swap_high_vs_low seed0,observed_2727_810_physical,c11q1,0.0
r-stem swap_high_vs_low seed0,observed_2727_810_physical,c11q2,0.0
r-stem swap_high_vs_low seed0,observed_2727_810_physical,c11q3,0.0
r-stem swap_high_vs_low seed0,observed_2727_810_physical,c11q4,0.0
r-stem swap_high_vs_low seed0,observed_2727_810_physical,c12q0,0.0
r-stem swap_high_vs_low seed0,observed_2727_810_physical,c12q1,0.0
r-stem swap_high_vs_low seed0,observed_2727_810_physical,c12q2,0.0
r-stem swap_high_vs_low seed0,observed_2727_810_physical,c12q3,0.0
r-stem swap_high_vs_low seed0,observed_2727_810_physical,c12q4,0.0
r-stem swap_high_vs_low seed0,observed_2727_810_physical,c13q0,0.0
r-stem swap_high_vs_low seed0,observed_2727_810_physical,c13q1,0.0
r-stem swap_high_vs_low seed0,observed_2727_810_physical,c13q2,0.0
r-stem swap_high_vs_low seed0,observed_2727_810_physical,c13q3,0.0
r-stem swap_high_vs_low seed0,observed_2727_810_physical,c13q4,0.0
r-stem swap_high_vs_low seed0,observed_2727_810_physical,c14q0,0.0
r-stem swap_high_vs_low seed0,observed_2727_810_physical,c14q1,0.0
r-stem swap_high_vs_low seed0,observed_2727_810_physical,c14q2,0.0
r-stem swap_high_vs_low seed0,observed_2727_810_physical,c14q3,0.0
r-stem swap_high_vs_low seed0,observed_2727_810_physical,c14q4,0.0
r-stem swap_high_vs_low seed0,observed_2727_810_physical,c15q0,0.0
r-stem swap_high_vs_low seed0,observed_2727_810_physical,c15q1,0.0
r-stem swap_high_vs_low seed0,observed_2727_810_physical,c15q2,0.0
r-stem swap_high_vs_low seed0,observed_2727_810_physical,c15q3,0.0
r-stem swap_high_vs_low seed0,observed_2727_810_physical,c15q4,0.0
r-stem swap_high_vs_low seed0,observed_2727_810_physical,c16q0,0.0
r-stem swap_high_vs_low seed0,observed_2727_810_physical,c16q1,0.0
r-stem swap_high_vs_low seed0,observed_2727_810_physical,c16q2,0.0
r-stem swap_high_vs_low seed0,observed_2727_810_physical,c16q3,0.0
r-stem swap_high_vs_low seed0,observed_2727_810_physical,c16q4,0.0
r-stem swap_high_vs_low seed0,observed_2727_810_physical,c17q0,0.0
r-stem swap_high_vs_low seed0,observed_2727_810_physical,c17q1,0.0
r-stem swap_high_vs_low seed0,observed_2727_810_physical,c17q2,0.0
r-stem swap_high_vs_low seed0,observed_2727_810_physical,c17q3,0.0
r-stem swap_high_vs_low seed0,observed_2727_810_physical,c17q4,0.0
r-stem swap_high_vs_low seed0,observed_2727_810_physical,c18q0,0.0
r-stem swap_high_vs_low seed0,observed_2727_810_physical,c18q1,0.0
r-stem swap_high_vs_low seed0,observed_2727_810_physical,c18q2,0.0
r-stem swap_high_vs_low seed0,observed_2727_810_physical,c18q3,0.0
r-stem swap_high_vs_low seed0,observed_2727_810_physical,c18q4,0.0
r-stem swap_high_vs_low seed0,observed_2727_810_physical,c19q0,0.0
r-stem swap_high_vs_low seed0,observed_2727_810_physical,c19q1,0.0
r-stem swap_high_vs_low seed0,observed_2727_810_physical,c19q2,0.0
r-stem swap_high_vs_low seed0,observed_2727_810_physical,c19q3,0.0
r-stem swap_high_vs_low seed0,observed_2727_810_physical,c19q4,0.0
r-stem swap_high_vs_low seed0,observed_2727_810_physical,c20q0,0.0
r-stem swap_high_vs_low seed0,observed_2727_810_physical,c20q1,0.0
r-stem swap_high_vs_low seed0,observed_2727_810_physical,c20q2,0.0
r-stem swap_high_vs_low seed0,observed_2727_810_physical,c20q3,0.0
r-stem swap_high_vs_low seed0,observed_2727_810_physical,c20q4,0.0
r-stem swap_high_vs_low seed0,observed_2727_810_physical,c21q0,0.0
r-stem swap_high_vs_low seed0,observed_2727_810_physical,c21q1,0.0
r-stem swap_high_vs_low seed0,observed_2727_810_physical,c21q2,0.0
r-stem swap_high_vs_low seed0,observed_2727_810_physical,c21q3,0.0
r-stem swap_high_vs_low seed0,observed_2727_810_physical,c21q4,0.0
r-stem swap_high_vs_low seed0,observed_2727_810_physical,c22q0,0.0
r-stem swap_high_vs_low seed0,observed_2727_810_physical,c22q1,0.0
r-stem swap_high_vs_low seed0,observed_2727_810_physical,c22q2,0.0
r-stem swap_high_vs_low seed0,observed_2727_810_physical,c22q3,0.0
r-stem swap_high_vs_low seed0,observed_2727_810_physical,c22q4,0.0
r-stem swap_high_vs_low seed0,observed_2727_810_physical,c23q0,0.0
r-stem swap_high_vs_low seed0,observed_2727_810_physical,c23q1,0.0
r-stem swap_high_vs_low seed0,observed_2727_810_physical,c23q2,0.0
r-stem swap_high_vs_low seed0,observed_2727_810_physical,c23q3,0.0
r-stem swap_high_vs_low seed0,observed_2727_810_physical,c23q4,0.0
r-stem swap_high_vs_low seed0,observed_2727_810_physical,c24q0,0.0
r-stem swap_high_vs_low seed0,observed_2727_810_physical,c24q1,0.0
r-stem swap_high_vs_low seed0,observed_2727_810_physical,c24q2,0.0
r-stem swap_high_vs_low seed0,observed_2727_810_physical,c24q3,0.0
r-stem swap_high_vs_low seed0,observed_2727_810_physical,c24q4,0.0
r-stem swap_high_vs_low seed0,observed_2727_810_physical,c25q0,0.0
r-stem swap_high_vs_low seed0,observed_2727_810_physical,c25q1,0.0
r-stem swap_high_vs_low seed0,observed_2727_810_physical,c25q2,0.0
r-stem swap_high_vs_low seed0,observed_2727_810_physical,c25q3,0.0
r-stem swap_high_vs_low seed0,observed_2727_810_physical,c25q4,0.0
r-stem swap_high_vs_low seed0,observed_2727_810_physical,c26q0,0.0
r-stem swap_high_vs_low seed0,observed_2727_810_physical,c26q1,0.0
r-stem swap_high_vs_low seed0,observed_2727_810_physical,c26q2,0.0
r-stem swap_high_vs_low seed0,observed_2727_810_physical,c26q3,0.0
r-stem swap_high_vs_low seed0,observed_2727_810_physical,c26q4,0.0
r-stem swap_high_vs_low seed0,observed_2727_810_physical,c27q0,0.0
r-stem swap_high_vs_low seed0,observed_2727_810_physical,c27q1,0.0
r-stem swap_high_vs_low seed0,observed_2727_810_physical,c27q2,0.0
r-stem swap_high_vs_low seed0,observed_2727_810_physical,c27q3,0.0
r-stem swap_high_vs_low seed0,observed_2727_810_physical,c27q4,0.0
r-stem swap_high_vs_low seed0,observed_2727_810_physical,c28q0,0.0
r-stem swap_high_vs_low seed0,observed_2727_810_physical,c28q1,0.0
r-stem swap_high_vs_low seed0,observed_2727_810_physical,c28q2,0.0
r-stem swap_high_vs_low seed0,observed_2727_810_physical,c28q3,0.0
r-stem swap_high_vs_low seed0,observed_2727_810_physical,c28q4,0.0
r-stem swap_high_vs_low seed0,observed_2727_810_physical,c29q0,0.0
r-stem swap_high_vs_low seed0,observed_2727_810_physical,c29q1,0.0
r-stem swap_high_vs_low seed0,observed_2727_810_physical,c29q2,0.0
r-stem swap_high_vs_low seed0,observed_2727_810_physical,c29q3,0.0
r-stem swap_high_vs_low seed0,observed_2727_810_physical,c29q4,0.0
r-stem swap_high_vs_low seed0,observed_2727_810_physical,c30q0,8.270510548616585
r-stem swap_high_vs_low seed0,observed_2727_810_physical,c30q1,895.1321705863811
r-stem swap_high_vs_low seed0,observed_2727_810_physical,c30q2,3645.8219348359853
r-stem swap_high_vs_low seed0,observed_2727_810_physical,c30q3,8319.785120438784
r-stem swap_high_vs_low seed0,observed_2727_810_physical,c30q4,8102.510263618082
r-stem swap_high_vs_low seed0,observed_2727_810_physical,c31q0,0.0
r-stem swap_high_vs_low seed0,observed_2727_810_physical,c31q1,0.0
r-stem swap_high_vs_low seed0,observed_2727_810_physical,c31q2,0.0
r-stem swap_high_vs_low seed0,observed_2727_810_physical,c31q3,0.0
r-stem swap_high_vs_low seed0,observed_2727_810_physical,c31q4,0.0
r-stem swap_high_vs_low seed0,observed_2727_810_physical,c32q0,0.0
r-stem swap_high_vs_low seed0,observed_2727_810_physical,c32q1,0.0
r-stem swap_high_vs_low seed0,observed_2727_810_physical,c32q2,0.0
r-stem swap_high_vs_low seed0,observed_2727_810_physical,c32q3,0.0
r-stem swap_high_vs_low seed0,observed_2727_810_physical,c32q4,0.0
r-stem swap_high_vs_low seed0,observed_2727_810_physical,c33q0,0.0
r-stem swap_high_vs_low seed0,observed_2727_810_physical,c33q1,0.0
r-stem swap_high_vs_low seed0,observed_2727_810_physical,c33q2,0.0
r-stem swap_high_vs_low seed0,observed_2727_810_physical,c33q3,0.0
r-stem swap_high_vs_low seed0,observed_2727_810_physical,c33q4,0.0
r-stem swap_high_vs_low seed0,observed_2727_810_physical,c34q0,0.0
r-stem swap_high_vs_low seed0,observed_2727_810_physical,c34q1,0.0
r-stem swap_high_vs_low seed0,observed_2727_810_physical,c34q2,0.0
r-stem swap_high_vs_low seed0,observed_2727_810_physical,c34q3,0.0
r-stem swap_high_vs_low seed0,observed_2727_810_physical,c34q4,0.0
r-stem swap_high_vs_low seed0,observed_2727_810_physical,c35q0,0.0
r-stem swap_high_vs_low seed0,observed_2727_810_physical,c35q1,0.0
r-stem swap_high_vs_low seed0,observed_2727_810_physical,c35q2,0.0
r-stem swap_high_vs_low seed0,observed_2727_810_physical,c35q3,0.0
r-stem swap_high_vs_low seed0,observed_2727_810_physical,c35q4,0.0
r-stem swap_high_vs_low seed0,observed_2727_810_physical,c36q0,0.0
r-stem swap_high_vs_low seed0,observed_2727_810_physical,c36q1,0.0
r-stem swap_high_vs_low seed0,observed_2727_810_physical,c36q2,0.0
r-stem swap_high_vs_low seed0,observed_2727_810_physical,c36q3,0.0
r-stem swap_high_vs_low seed0,observed_2727_810_physical,c36q4,0.0
r-stem swap_high_vs_low seed0,observed_2727_810_physical,c37q0,0.0
r-stem swap_high_vs_low seed0,observed_2727_810_physical,c37q1,0.0
r-stem swap_high_vs_low seed0,observed_2727_810_physical,c37q2,0.0
r-stem swap_high_vs_low seed0,observed_2727_810_physical,c37q3,0.0
r-stem swap_high_vs_low seed0,observed_2727_810_physical,c37q4,0.0
r-stem swap_high_vs_low seed0,observed_2727_810_physical,c38q0,0.0
r-stem swap_high_vs_low seed0,observed_2727_810_physical,c38q1,0.0
r-stem swap_high_vs_low seed0,observed_2727_810_physical,c38q2,0.0
r-stem swap_high_vs_low seed0,observed_2727_810_physical,c38q3,0.0
r-stem swap_high_vs_low seed0,observed_2727_810_physical,c38q4,0.0
r-stem swap_high_vs_low seed0,observed_2727_810_physical,c39q0,-8.270510549005849
r-stem swap_high_vs_low seed0,observed_2727_810_physical,c39q1,-895.1321705826558
r-stem swap_high_vs_low seed0,observed_2727_810_physical,c39q2,-3645.821934811771
r-stem swap_high_vs_low seed0,observed_2727_810_physical,c39q3,-8319.785120453686
r-stem swap_high_vs_low seed0,observed_2727_810_physical,c39q4,-8102.510263569653
r-stem swap_high_vs_low seed1,registry_nominal_simulated,c00q0,0.0
r-stem swap_high_vs_low seed1,registry_nominal_simulated,c00q1,0.0
r-stem swap_high_vs_low seed1,registry_nominal_simulated,c00q2,0.0
r-stem swap_high_vs_low seed1,registry_nominal_simulated,c00q3,0.0
r-stem swap_high_vs_low seed1,registry_nominal_simulated,c00q4,0.0
r-stem swap_high_vs_low seed1,registry_nominal_simulated,c01q0,0.0
r-stem swap_high_vs_low seed1,registry_nominal_simulated,c01q1,0.0
r-stem swap_high_vs_low seed1,registry_nominal_simulated,c01q2,0.0
r-stem swap_high_vs_low seed1,registry_nominal_simulated,c01q3,0.0
r-stem swap_high_vs_low seed1,registry_nominal_simulated,c01q4,0.0
r-stem swap_high_vs_low seed1,registry_nominal_simulated,c02q0,0.0
r-stem swap_high_vs_low seed1,registry_nominal_simulated,c02q1,0.0
r-stem swap_high_vs_low seed1,registry_nominal_simulated,c02q2,0.0
r-stem swap_high_vs_low seed1,registry_nominal_simulated,c02q3,0.0
r-stem swap_high_vs_low seed1,registry_nominal_simulated,c02q4,0.0
r-stem swap_high_vs_low seed1,registry_nominal_simulated,c03q0,0.0
r-stem swap_high_vs_low seed1,registry_nominal_simulated,c03q1,0.0
r-stem swap_high_vs_low seed1,registry_nominal_simulated,c03q2,0.0
r-stem swap_high_vs_low seed1,registry_nominal_simulated,c03q3,0.0
r-stem swap_high_vs_low seed1,registry_nominal_simulated,c03q4,0.0
r-stem swap_high_vs_low seed1,registry_nominal_simulated,c04q0,0.0
r-stem swap_high_vs_low seed1,registry_nominal_simulated,c04q1,0.0
r-stem swap_high_vs_low seed1,registry_nominal_simulated,c04q2,0.0
r-stem swap_high_vs_low seed1,registry_nominal_simulated,c04q3,0.0
r-stem swap_high_vs_low seed1,registry_nominal_simulated,c04q4,0.0
r-stem swap_high_vs_low seed1,registry_nominal_simulated,c05q0,0.0
r-stem swap_high_vs_low seed1,registry_nominal_simulated,c05q1,0.0
r-stem swap_high_vs_low seed1,registry_nominal_simulated,c05q2,0.0
r-stem swap_high_vs_low seed1,registry_nominal_simulated,c05q3,0.0
r-stem swap_high_vs_low seed1,registry_nominal_simulated,c05q4,0.0
r-stem swap_high_vs_low seed1,registry_nominal_simulated,c06q0,0.0
r-stem swap_high_vs_low seed1,registry_nominal_simulated,c06q1,0.0
r-stem swap_high_vs_low seed1,registry_nominal_simulated,c06q2,0.0
r-stem swap_high_vs_low seed1,registry_nominal_simulated,c06q3,0.0
r-stem swap_high_vs_low seed1,registry_nominal_simulated,c06q4,0.0
r-stem swap_high_vs_low seed1,registry_nominal_simulated,c07q0,0.0
r-stem swap_high_vs_low seed1,registry_nominal_simulated,c07q1,0.0
r-stem swap_high_vs_low seed1,registry_nominal_simulated,c07q2,0.0
r-stem swap_high_vs_low seed1,registry_nominal_simulated,c07q3,0.0
r-stem swap_high_vs_low seed1,registry_nominal_simulated,c07q4,0.0
r-stem swap_high_vs_low seed1,registry_nominal_simulated,c08q0,0.0
r-stem swap_high_vs_low seed1,registry_nominal_simulated,c08q1,0.0
r-stem swap_high_vs_low seed1,registry_nominal_simulated,c08q2,0.0
r-stem swap_high_vs_low seed1,registry_nominal_simulated,c08q3,0.0
r-stem swap_high_vs_low seed1,registry_nominal_simulated,c08q4,0.0
r-stem swap_high_vs_low seed1,registry_nominal_simulated,c09q0,0.0
r-stem swap_high_vs_low seed1,registry_nominal_simulated,c09q1,0.0
r-stem swap_high_vs_low seed1,registry_nominal_simulated,c09q2,0.0
r-stem swap_high_vs_low seed1,registry_nominal_simulated,c09q3,0.0
r-stem swap_high_vs_low seed1,registry_nominal_simulated,c09q4,0.0
r-stem swap_high_vs_low seed1,registry_nominal_simulated,c10q0,0.0
r-stem swap_high_vs_low seed1,registry_nominal_simulated,c10q1,0.0
r-stem swap_high_vs_low seed1,registry_nominal_simulated,c10q2,0.0
r-stem swap_high_vs_low seed1,registry_nominal_simulated,c10q3,0.0
r-stem swap_high_vs_low seed1,registry_nominal_simulated,c10q4,0.0
r-stem swap_high_vs_low seed1,registry_nominal_simulated,c11q0,0.0
r-stem swap_high_vs_low seed1,registry_nominal_simulated,c11q1,0.0
r-stem swap_high_vs_low seed1,registry_nominal_simulated,c11q2,0.0
r-stem swap_high_vs_low seed1,registry_nominal_simulated,c11q3,0.0
r-stem swap_high_vs_low seed1,registry_nominal_simulated,c11q4,0.0
r-stem swap_high_vs_low seed1,registry_nominal_simulated,c12q0,0.0
r-stem swap_high_vs_low seed1,registry_nominal_simulated,c12q1,0.0
r-stem swap_high_vs_low seed1,registry_nominal_simulated,c12q2,0.0
r-stem swap_high_vs_low seed1,registry_nominal_simulated,c12q3,0.0
r-stem swap_high_vs_low seed1,registry_nominal_simulated,c12q4,0.0
r-stem swap_high_vs_low seed1,registry_nominal_simulated,c13q0,0.0
r-stem swap_high_vs_low seed1,registry_nominal_simulated,c13q1,0.0
r-stem swap_high_vs_low seed1,registry_nominal_simulated,c13q2,0.0
r-stem swap_high_vs_low seed1,registry_nominal_simulated,c13q3,0.0
r-stem swap_high_vs_low seed1,registry_nominal_simulated,c13q4,0.0
r-stem swap_high_vs_low seed1,registry_nominal_simulated,c14q0,0.0
r-stem swap_high_vs_low seed1,registry_nominal_simulated,c14q1,0.0
r-stem swap_high_vs_low seed1,registry_nominal_simulated,c14q2,0.0
r-stem swap_high_vs_low seed1,registry_nominal_simulated,c14q3,0.0
r-stem swap_high_vs_low seed1,registry_nominal_simulated,c14q4,0.0
r-stem swap_high_vs_low seed1,registry_nominal_simulated,c15q0,0.0
r-stem swap_high_vs_low seed1,registry_nominal_simulated,c15q1,0.0
r-stem swap_high_vs_low seed1,registry_nominal_simulated,c15q2,0.0
r-stem swap_high_vs_low seed1,registry_nominal_simulated,c15q3,0.0
r-stem swap_high_vs_low seed1,registry_nominal_simulated,c15q4,0.0
r-stem swap_high_vs_low seed1,registry_nominal_simulated,c16q0,0.0
r-stem swap_high_vs_low seed1,registry_nominal_simulated,c16q1,0.0
r-stem swap_high_vs_low seed1,registry_nominal_simulated,c16q2,0.0
r-stem swap_high_vs_low seed1,registry_nominal_simulated,c16q3,0.0
r-stem swap_high_vs_low seed1,registry_nominal_simulated,c16q4,0.0
r-stem swap_high_vs_low seed1,registry_nominal_simulated,c17q0,0.0
r-stem swap_high_vs_low seed1,registry_nominal_simulated,c17q1,0.0
r-stem swap_high_vs_low seed1,registry_nominal_simulated,c17q2,0.0
r-stem swap_high_vs_low seed1,registry_nominal_simulated,c17q3,0.0
r-stem swap_high_vs_low seed1,registry_nominal_simulated,c17q4,0.0
r-stem swap_high_vs_low seed1,registry_nominal_simulated,c18q0,0.0
r-stem swap_high_vs_low seed1,registry_nominal_simulated,c18q1,0.0
r-stem swap_high_vs_low seed1,registry_nominal_simulated,c18q2,0.0
r-stem swap_high_vs_low seed1,registry_nominal_simulated,c18q3,0.0
r-stem swap_high_vs_low seed1,registry_nominal_simulated,c18q4,0.0
r-stem swap_high_vs_low seed1,registry_nominal_simulated,c19q0,0.0
r-stem swap_high_vs_low seed1,registry_nominal_simulated,c19q1,0.0
r-stem swap_high_vs_low seed1,registry_nominal_simulated,c19q2,0.0
r-stem swap_high_vs_low seed1,registry_nominal_simulated,c19q3,0.0
r-stem swap_high_vs_low seed1,registry_nominal_simulated,c19q4,0.0
r-stem swap_high_vs_low seed1,registry_nominal_simulated,c20q0,0.0
r-stem swap_high_vs_low seed1,registry_nominal_simulated,c20q1,0.0
r-stem swap_high_vs_low seed1,registry_nominal_simulated,c20q2,0.0
r-stem swap_high_vs_low seed1,registry_nominal_simulated,c20q3,0.0
r-stem swap_high_vs_low seed1,registry_nominal_simulated,c20q4,0.0
r-stem swap_high_vs_low seed1,registry_nominal_simulated,c21q0,0.0
r-stem swap_high_vs_low seed1,registry_nominal_simulated,c21q1,0.0
r-stem swap_high_vs_low seed1,registry_nominal_simulated,c21q2,0.0
r-stem swap_high_vs_low seed1,registry_nominal_simulated,c21q3,0.0
r-stem swap_high_vs_low seed1,registry_nominal_simulated,c21q4,0.0
r-stem swap_high_vs_low seed1,registry_nominal_simulated,c22q0,0.0
r-stem swap_high_vs_low seed1,registry_nominal_simulated,c22q1,0.0
r-stem swap_high_vs_low seed1,registry_nominal_simulated,c22q2,0.0
r-stem swap_high_vs_low seed1,registry_nominal_simulated,c22q3,0.0
r-stem swap_high_vs_low seed1,registry_nominal_simulated,c22q4,0.0
r-stem swap_high_vs_low seed1,registry_nominal_simulated,c23q0,0.0
r-stem swap_high_vs_low seed1,registry_nominal_simulated,c23q1,0.0
r-stem swap_high_vs_low seed1,registry_nominal_simulated,c23q2,0.0
r-stem swap_high_vs_low seed1,registry_nominal_simulated,c23q3,0.0
r-stem swap_high_vs_low seed1,registry_nominal_simulated,c23q4,0.0
r-stem swap_high_vs_low seed1,registry_nominal_simulated,c24q0,0.0
r-stem swap_high_vs_low seed1,registry_nominal_simulated,c24q1,0.0
r-stem swap_high_vs_low seed1,registry_nominal_simulated,c24q2,0.0
r-stem swap_high_vs_low seed1,registry_nominal_simulated,c24q3,0.0
r-stem swap_high_vs_low seed1,registry_nominal_simulated,c24q4,0.0
r-stem swap_high_vs_low seed1,registry_nominal_simulated,c25q0,0.0
r-stem swap_high_vs_low seed1,registry_nominal_simulated,c25q1,0.0
r-stem swap_high_vs_low seed1,registry_nominal_simulated,c25q2,0.0
r-stem swap_high_vs_low seed1,registry_nominal_simulated,c25q3,0.0
r-stem swap_high_vs_low seed1,registry_nominal_simulated,c25q4,0.0
r-stem swap_high_vs_low seed1,registry_nominal_simulated,c26q0,0.0
r-stem swap_high_vs_low seed1,registry_nominal_simulated,c26q1,0.0
r-stem swap_high_vs_low seed1,registry_nominal_simulated,c26q2,0.0
r-stem swap_high_vs_low seed1,registry_nominal_simulated,c26q3,0.0
r-stem swap_high_vs_low seed1,registry_nominal_simulated,c26q4,0.0
r-stem swap_high_vs_low seed1,registry_nominal_simulated,c27q0,0.0
r-stem swap_high_vs_low seed1,registry_nominal_simulated,c27q1,0.0
r-stem swap_high_vs_low seed1,registry_nominal_simulated,c27q2,0.0
r-stem swap_high_vs_low seed1,registry_nominal_simulated,c27q3,0.0
r-stem swap_high_vs_low seed1,registry_nominal_simulated,c27q4,0.0
r-stem swap_high_vs_low seed1,registry_nominal_simulated,c28q0,0.0
r-stem swap_high_vs_low seed1,registry_nominal_simulated,c28q1,0.0
r-stem swap_high_vs_low seed1,registry_nominal_simulated,c28q2,0.0
r-stem swap_high_vs_low seed1,registry_nominal_simulated,c28q3,0.0
r-stem swap_high_vs_low seed1,registry_nominal_simulated,c28q4,0.0
r-stem swap_high_vs_low seed1,registry_nominal_simulated,c29q0,0.0
r-stem swap_high_vs_low seed1,registry_nominal_simulated,c29q1,0.0
r-stem swap_high_vs_low seed1,registry_nominal_simulated,c29q2,0.0
r-stem swap_high_vs_low seed1,registry_nominal_simulated,c29q3,0.0
r-stem swap_high_vs_low seed1,registry_nominal_simulated,c29q4,0.0
r-stem swap_high_vs_low seed1,registry_nominal_simulated,c30q0,995050.5912321508
r-stem swap_high_vs_low seed1,registry_nominal_simulated,c30q1,107696107.79561996
r-stem swap_high_vs_low seed1,registry_nominal_simulated,c30q2,438640063.4459076
r-stem swap_high_vs_low seed1,registry_nominal_simulated,c30q3,1000978966.6956291
r-stem swap_high_vs_low seed1,registry_nominal_simulated,c30q4,974837959.6197891
r-stem swap_high_vs_low seed1,registry_nominal_simulated,c31q0,0.0
r-stem swap_high_vs_low seed1,registry_nominal_simulated,c31q1,0.0
r-stem swap_high_vs_low seed1,registry_nominal_simulated,c31q2,0.0
r-stem swap_high_vs_low seed1,registry_nominal_simulated,c31q3,0.0
r-stem swap_high_vs_low seed1,registry_nominal_simulated,c31q4,0.0
r-stem swap_high_vs_low seed1,registry_nominal_simulated,c32q0,0.0
r-stem swap_high_vs_low seed1,registry_nominal_simulated,c32q1,0.0
r-stem swap_high_vs_low seed1,registry_nominal_simulated,c32q2,0.0
r-stem swap_high_vs_low seed1,registry_nominal_simulated,c32q3,0.0
r-stem swap_high_vs_low seed1,registry_nominal_simulated,c32q4,0.0
r-stem swap_high_vs_low seed1,registry_nominal_simulated,c33q0,0.0
r-stem swap_high_vs_low seed1,registry_nominal_simulated,c33q1,0.0
r-stem swap_high_vs_low seed1,registry_nominal_simulated,c33q2,0.0
r-stem swap_high_vs_low seed1,registry_nominal_simulated,c33q3,0.0
r-stem swap_high_vs_low seed1,registry_nominal_simulated,c33q4,0.0
r-stem swap_high_vs_low seed1,registry_nominal_simulated,c34q0,0.0
r-stem swap_high_vs_low seed1,registry_nominal_simulated,c34q1,0.0
r-stem swap_high_vs_low seed1,registry_nominal_simulated,c34q2,0.0
r-stem swap_high_vs_low seed1,registry_nominal_simulated,c34q3,0.0
r-stem swap_high_vs_low seed1,registry_nominal_simulated,c34q4,0.0
r-stem swap_high_vs_low seed1,registry_nominal_simulated,c35q0,0.0
r-stem swap_high_vs_low seed1,registry_nominal_simulated,c35q1,0.0
r-stem swap_high_vs_low seed1,registry_nominal_simulated,c35q2,0.0
r-stem swap_high_vs_low seed1,registry_nominal_simulated,c35q3,0.0
r-stem swap_high_vs_low seed1,registry_nominal_simulated,c35q4,0.0
r-stem swap_high_vs_low seed1,registry_nominal_simulated,c36q0,0.0
r-stem swap_high_vs_low seed1,registry_nominal_simulated,c36q1,0.0
r-stem swap_high_vs_low seed1,registry_nominal_simulated,c36q2,0.0
r-stem swap_high_vs_low seed1,registry_nominal_simulated,c36q3,0.0
r-stem swap_high_vs_low seed1,registry_nominal_simulated,c36q4,0.0
r-stem swap_high_vs_low seed1,registry_nominal_simulated,c37q0,0.0
r-stem swap_high_vs_low seed1,registry_nominal_simulated,c37q1,0.0
r-stem swap_high_vs_low seed1,registry_nominal_simulated,c37q2,0.0
r-stem swap_high_vs_low seed1,registry_nominal_simulated,c37q3,0.0
r-stem swap_high_vs_low seed1,registry_nominal_simulated,c37q4,0.0
r-stem swap_high_vs_low seed1,registry_nominal_simulated,c38q0,0.0
r-stem swap_high_vs_low seed1,registry_nominal_simulated,c38q1,0.0
r-stem swap_high_vs_low seed1,registry_nominal_simulated,c38q2,0.0
r-stem swap_high_vs_low seed1,registry_nominal_simulated,c38q3,0.0
r-stem swap_high_vs_low seed1,registry_nominal_simulated,c38q4,0.0
r-stem swap_high_vs_low seed1,registry_nominal_simulated,c39q0,-995050.5912326053
r-stem swap_high_vs_low seed1,registry_nominal_simulated,c39q1,-107696107.79561615
r-stem swap_high_vs_low seed1,registry_nominal_simulated,c39q2,-438640063.445879
r-stem swap_high_vs_low seed1,registry_nominal_simulated,c39q3,-1000978966.6956444
r-stem swap_high_vs_low seed1,registry_nominal_simulated,c39q4,-974837959.6197395
r-stem swap_high_vs_low seed1,weight_compensation_2726_810_physical,c00q0,0.0
r-stem swap_high_vs_low seed1,weight_compensation_2726_810_physical,c00q1,0.0
r-stem swap_high_vs_low seed1,weight_compensation_2726_810_physical,c00q2,0.0
r-stem swap_high_vs_low seed1,weight_compensation_2726_810_physical,c00q3,0.0
r-stem swap_high_vs_low seed1,weight_compensation_2726_810_physical,c00q4,0.0
r-stem swap_high_vs_low seed1,weight_compensation_2726_810_physical,c01q0,0.0
r-stem swap_high_vs_low seed1,weight_compensation_2726_810_physical,c01q1,0.0
r-stem swap_high_vs_low seed1,weight_compensation_2726_810_physical,c01q2,0.0
r-stem swap_high_vs_low seed1,weight_compensation_2726_810_physical,c01q3,0.0
r-stem swap_high_vs_low seed1,weight_compensation_2726_810_physical,c01q4,0.0
r-stem swap_high_vs_low seed1,weight_compensation_2726_810_physical,c02q0,0.0
r-stem swap_high_vs_low seed1,weight_compensation_2726_810_physical,c02q1,0.0
r-stem swap_high_vs_low seed1,weight_compensation_2726_810_physical,c02q2,0.0
r-stem swap_high_vs_low seed1,weight_compensation_2726_810_physical,c02q3,0.0
r-stem swap_high_vs_low seed1,weight_compensation_2726_810_physical,c02q4,0.0
r-stem swap_high_vs_low seed1,weight_compensation_2726_810_physical,c03q0,0.0
r-stem swap_high_vs_low seed1,weight_compensation_2726_810_physical,c03q1,0.0
r-stem swap_high_vs_low seed1,weight_compensation_2726_810_physical,c03q2,0.0
r-stem swap_high_vs_low seed1,weight_compensation_2726_810_physical,c03q3,0.0
r-stem swap_high_vs_low seed1,weight_compensation_2726_810_physical,c03q4,0.0
r-stem swap_high_vs_low seed1,weight_compensation_2726_810_physical,c04q0,0.0
r-stem swap_high_vs_low seed1,weight_compensation_2726_810_physical,c04q1,0.0
r-stem swap_high_vs_low seed1,weight_compensation_2726_810_physical,c04q2,0.0
r-stem swap_high_vs_low seed1,weight_compensation_2726_810_physical,c04q3,0.0
r-stem swap_high_vs_low seed1,weight_compensation_2726_810_physical,c04q4,0.0
r-stem swap_high_vs_low seed1,weight_compensation_2726_810_physical,c05q0,0.0
r-stem swap_high_vs_low seed1,weight_compensation_2726_810_physical,c05q1,0.0
r-stem swap_high_vs_low seed1,weight_compensation_2726_810_physical,c05q2,0.0
r-stem swap_high_vs_low seed1,weight_compensation_2726_810_physical,c05q3,0.0
r-stem swap_high_vs_low seed1,weight_compensation_2726_810_physical,c05q4,0.0
r-stem swap_high_vs_low seed1,weight_compensation_2726_810_physical,c06q0,0.0
r-stem swap_high_vs_low seed1,weight_compensation_2726_810_physical,c06q1,0.0
r-stem swap_high_vs_low seed1,weight_compensation_2726_810_physical,c06q2,0.0
r-stem swap_high_vs_low seed1,weight_compensation_2726_810_physical,c06q3,0.0
r-stem swap_high_vs_low seed1,weight_compensation_2726_810_physical,c06q4,0.0
r-stem swap_high_vs_low seed1,weight_compensation_2726_810_physical,c07q0,0.0
r-stem swap_high_vs_low seed1,weight_compensation_2726_810_physical,c07q1,0.0
r-stem swap_high_vs_low seed1,weight_compensation_2726_810_physical,c07q2,0.0
r-stem swap_high_vs_low seed1,weight_compensation_2726_810_physical,c07q3,0.0
r-stem swap_high_vs_low seed1,weight_compensation_2726_810_physical,c07q4,0.0
r-stem swap_high_vs_low seed1,weight_compensation_2726_810_physical,c08q0,0.0
r-stem swap_high_vs_low seed1,weight_compensation_2726_810_physical,c08q1,0.0
r-stem swap_high_vs_low seed1,weight_compensation_2726_810_physical,c08q2,0.0
r-stem swap_high_vs_low seed1,weight_compensation_2726_810_physical,c08q3,0.0
r-stem swap_high_vs_low seed1,weight_compensation_2726_810_physical,c08q4,0.0
r-stem swap_high_vs_low seed1,weight_compensation_2726_810_physical,c09q0,0.0
r-stem swap_high_vs_low seed1,weight_compensation_2726_810_physical,c09q1,0.0
r-stem swap_high_vs_low seed1,weight_compensation_2726_810_physical,c09q2,0.0
r-stem swap_high_vs_low seed1,weight_compensation_2726_810_physical,c09q3,0.0
r-stem swap_high_vs_low seed1,weight_compensation_2726_810_physical,c09q4,0.0
r-stem swap_high_vs_low seed1,weight_compensation_2726_810_physical,c10q0,0.0
r-stem swap_high_vs_low seed1,weight_compensation_2726_810_physical,c10q1,0.0
r-stem swap_high_vs_low seed1,weight_compensation_2726_810_physical,c10q2,0.0
r-stem swap_high_vs_low seed1,weight_compensation_2726_810_physical,c10q3,0.0
r-stem swap_high_vs_low seed1,weight_compensation_2726_810_physical,c10q4,0.0
r-stem swap_high_vs_low seed1,weight_compensation_2726_810_physical,c11q0,0.0
r-stem swap_high_vs_low seed1,weight_compensation_2726_810_physical,c11q1,0.0
r-stem swap_high_vs_low seed1,weight_compensation_2726_810_physical,c11q2,0.0
r-stem swap_high_vs_low seed1,weight_compensation_2726_810_physical,c11q3,0.0
r-stem swap_high_vs_low seed1,weight_compensation_2726_810_physical,c11q4,0.0
r-stem swap_high_vs_low seed1,weight_compensation_2726_810_physical,c12q0,0.0
r-stem swap_high_vs_low seed1,weight_compensation_2726_810_physical,c12q1,0.0
r-stem swap_high_vs_low seed1,weight_compensation_2726_810_physical,c12q2,0.0
r-stem swap_high_vs_low seed1,weight_compensation_2726_810_physical,c12q3,0.0
r-stem swap_high_vs_low seed1,weight_compensation_2726_810_physical,c12q4,0.0
r-stem swap_high_vs_low seed1,weight_compensation_2726_810_physical,c13q0,0.0
r-stem swap_high_vs_low seed1,weight_compensation_2726_810_physical,c13q1,0.0
r-stem swap_high_vs_low seed1,weight_compensation_2726_810_physical,c13q2,0.0
r-stem swap_high_vs_low seed1,weight_compensation_2726_810_physical,c13q3,0.0
r-stem swap_high_vs_low seed1,weight_compensation_2726_810_physical,c13q4,0.0
r-stem swap_high_vs_low seed1,weight_compensation_2726_810_physical,c14q0,0.0
r-stem swap_high_vs_low seed1,weight_compensation_2726_810_physical,c14q1,0.0
r-stem swap_high_vs_low seed1,weight_compensation_2726_810_physical,c14q2,0.0
r-stem swap_high_vs_low seed1,weight_compensation_2726_810_physical,c14q3,0.0
r-stem swap_high_vs_low seed1,weight_compensation_2726_810_physical,c14q4,0.0
r-stem swap_high_vs_low seed1,weight_compensation_2726_810_physical,c15q0,0.0
r-stem swap_high_vs_low seed1,weight_compensation_2726_810_physical,c15q1,0.0
r-stem swap_high_vs_low seed1,weight_compensation_2726_810_physical,c15q2,0.0
r-stem swap_high_vs_low seed1,weight_compensation_2726_810_physical,c15q3,0.0
r-stem swap_high_vs_low seed1,weight_compensation_2726_810_physical,c15q4,0.0
r-stem swap_high_vs_low seed1,weight_compensation_2726_810_physical,c16q0,0.0
r-stem swap_high_vs_low seed1,weight_compensation_2726_810_physical,c16q1,0.0
r-stem swap_high_vs_low seed1,weight_compensation_2726_810_physical,c16q2,0.0
r-stem swap_high_vs_low seed1,weight_compensation_2726_810_physical,c16q3,0.0
r-stem swap_high_vs_low seed1,weight_compensation_2726_810_physical,c16q4,0.0
r-stem swap_high_vs_low seed1,weight_compensation_2726_810_physical,c17q0,0.0
r-stem swap_high_vs_low seed1,weight_compensation_2726_810_physical,c17q1,0.0
r-stem swap_high_vs_low seed1,weight_compensation_2726_810_physical,c17q2,0.0
r-stem swap_high_vs_low seed1,weight_compensation_2726_810_physical,c17q3,0.0
r-stem swap_high_vs_low seed1,weight_compensation_2726_810_physical,c17q4,0.0
r-stem swap_high_vs_low seed1,weight_compensation_2726_810_physical,c18q0,0.0
r-stem swap_high_vs_low seed1,weight_compensation_2726_810_physical,c18q1,0.0
r-stem swap_high_vs_low seed1,weight_compensation_2726_810_physical,c18q2,0.0
r-stem swap_high_vs_low seed1,weight_compensation_2726_810_physical,c18q3,0.0
r-stem swap_high_vs_low seed1,weight_compensation_2726_810_physical,c18q4,0.0
r-stem swap_high_vs_low seed1,weight_compensation_2726_810_physical,c19q0,0.0
r-stem swap_high_vs_low seed1,weight_compensation_2726_810_physical,c19q1,0.0
r-stem swap_high_vs_low seed1,weight_compensation_2726_810_physical,c19q2,0.0
r-stem swap_high_vs_low seed1,weight_compensation_2726_810_physical,c19q3,0.0
r-stem swap_high_vs_low seed1,weight_compensation_2726_810_physical,c19q4,0.0
r-stem swap_high_vs_low seed1,weight_compensation_2726_810_physical,c20q0,0.0
r-stem swap_high_vs_low seed1,weight_compensation_2726_810_physical,c20q1,0.0
r-stem swap_high_vs_low seed1,weight_compensation_2726_810_physical,c20q2,0.0
r-stem swap_high_vs_low seed1,weight_compensation_2726_810_physical,c20q3,0.0
r-stem swap_high_vs_low seed1,weight_compensation_2726_810_physical,c20q4,0.0
r-stem swap_high_vs_low seed1,weight_compensation_2726_810_physical,c21q0,0.0
r-stem swap_high_vs_low seed1,weight_compensation_2726_810_physical,c21q1,0.0
r-stem swap_high_vs_low seed1,weight_compensation_2726_810_physical,c21q2,0.0
r-stem swap_high_vs_low seed1,weight_compensation_2726_810_physical,c21q3,0.0
r-stem swap_high_vs_low seed1,weight_compensation_2726_810_physical,c21q4,0.0
r-stem swap_high_vs_low seed1,weight_compensation_2726_810_physical,c22q0,0.0
r-stem swap_high_vs_low seed1,weight_compensation_2726_810_physical,c22q1,0.0
r-stem swap_high_vs_low seed1,weight_compensation_2726_810_physical,c22q2,0.0
r-stem swap_high_vs_low seed1,weight_compensation_2726_810_physical,c22q3,0.0
r-stem swap_high_vs_low seed1,weight_compensation_2726_810_physical,c22q4,0.0
r-stem swap_high_vs_low seed1,weight_compensation_2726_810_physical,c23q0,0.0
r-stem swap_high_vs_low seed1,weight_compensation_2726_810_physical,c23q1,0.0
r-stem swap_high_vs_low seed1,weight_compensation_2726_810_physical,c23q2,0.0
r-stem swap_high_vs_low seed1,weight_compensation_2726_810_physical,c23q3,0.0
r-stem swap_high_vs_low seed1,weight_compensation_2726_810_physical,c23q4,0.0
r-stem swap_high_vs_low seed1,weight_compensation_2726_810_physical,c24q0,0.0
r-stem swap_high_vs_low seed1,weight_compensation_2726_810_physical,c24q1,0.0
r-stem swap_high_vs_low seed1,weight_compensation_2726_810_physical,c24q2,0.0
r-stem swap_high_vs_low seed1,weight_compensation_2726_810_physical,c24q3,0.0
r-stem swap_high_vs_low seed1,weight_compensation_2726_810_physical,c24q4,0.0
r-stem swap_high_vs_low seed1,weight_compensation_2726_810_physical,c25q0,0.0
r-stem swap_high_vs_low seed1,weight_compensation_2726_810_physical,c25q1,0.0
r-stem swap_high_vs_low seed1,weight_compensation_2726_810_physical,c25q2,0.0
r-stem swap_high_vs_low seed1,weight_compensation_2726_810_physical,c25q3,0.0
r-stem swap_high_vs_low seed1,weight_compensation_2726_810_physical,c25q4,0.0
r-stem swap_high_vs_low seed1,weight_compensation_2726_810_physical,c26q0,0.0
r-stem swap_high_vs_low seed1,weight_compensation_2726_810_physical,c26q1,0.0
r-stem swap_high_vs_low seed1,weight_compensation_2726_810_physical,c26q2,0.0
r-stem swap_high_vs_low seed1,weight_compensation_2726_810_physical,c26q3,0.0
r-stem swap_high_vs_low seed1,weight_compensation_2726_810_physical,c26q4,0.0
r-stem swap_high_vs_low seed1,weight_compensation_2726_810_physical,c27q0,0.0
r-stem swap_high_vs_low seed1,weight_compensation_2726_810_physical,c27q1,0.0
r-stem swap_high_vs_low seed1,weight_compensation_2726_810_physical,c27q2,0.0
r-stem swap_high_vs_low seed1,weight_compensation_2726_810_physical,c27q3,0.0
r-stem swap_high_vs_low seed1,weight_compensation_2726_810_physical,c27q4,0.0
r-stem swap_high_vs_low seed1,weight_compensation_2726_810_physical,c28q0,0.0
r-stem swap_high_vs_low seed1,weight_compensation_2726_810_physical,c28q1,0.0
r-stem swap_high_vs_low seed1,weight_compensation_2726_810_physical,c28q2,0.0
r-stem swap_high_vs_low seed1,weight_compensation_2726_810_physical,c28q3,0.0
r-stem swap_high_vs_low seed1,weight_compensation_2726_810_physical,c28q4,0.0
r-stem swap_high_vs_low seed1,weight_compensation_2726_810_physical,c29q0,0.0
r-stem swap_high_vs_low seed1,weight_compensation_2726_810_physical,c29q1,0.0
r-stem swap_high_vs_low seed1,weight_compensation_2726_810_physical,c29q2,0.0
r-stem swap_high_vs_low seed1,weight_compensation_2726_810_physical,c29q3,0.0
r-stem swap_high_vs_low seed1,weight_compensation_2726_810_physical,c29q4,0.0
r-stem swap_high_vs_low seed1,weight_compensation_2726_810_physical,c30q0,-2.1827872842550278e-11
r-stem swap_high_vs_low seed1,weight_compensation_2726_810_physical,c30q1,1.862645149230957e-09
r-stem swap_high_vs_low seed1,weight_compensation_2726_810_physical,c30q2,1.862645149230957e-09
r-stem swap_high_vs_low seed1,weight_compensation_2726_810_physical,c30q3,-3.725290298461914e-09
r-stem swap_high_vs_low seed1,weight_compensation_2726_810_physical,c30q4,2.9802322387695312e-08
r-stem swap_high_vs_low seed1,weight_compensation_2726_810_physical,c31q0,0.0
r-stem swap_high_vs_low seed1,weight_compensation_2726_810_physical,c31q1,0.0
r-stem swap_high_vs_low seed1,weight_compensation_2726_810_physical,c31q2,0.0
r-stem swap_high_vs_low seed1,weight_compensation_2726_810_physical,c31q3,0.0
r-stem swap_high_vs_low seed1,weight_compensation_2726_810_physical,c31q4,0.0
r-stem swap_high_vs_low seed1,weight_compensation_2726_810_physical,c32q0,0.0
r-stem swap_high_vs_low seed1,weight_compensation_2726_810_physical,c32q1,0.0
r-stem swap_high_vs_low seed1,weight_compensation_2726_810_physical,c32q2,0.0
r-stem swap_high_vs_low seed1,weight_compensation_2726_810_physical,c32q3,0.0
r-stem swap_high_vs_low seed1,weight_compensation_2726_810_physical,c32q4,0.0
r-stem swap_high_vs_low seed1,weight_compensation_2726_810_physical,c33q0,0.0
r-stem swap_high_vs_low seed1,weight_compensation_2726_810_physical,c33q1,0.0
r-stem swap_high_vs_low seed1,weight_compensation_2726_810_physical,c33q2,0.0
r-stem swap_high_vs_low seed1,weight_compensation_2726_810_physical,c33q3,0.0
r-stem swap_high_vs_low seed1,weight_compensation_2726_810_physical,c33q4,0.0
r-stem swap_high_vs_low seed1,weight_compensation_2726_810_physical,c34q0,0.0
r-stem swap_high_vs_low seed1,weight_compensation_2726_810_physical,c34q1,0.0
r-stem swap_high_vs_low seed1,weight_compensation_2726_810_physical,c34q2,0.0
r-stem swap_high_vs_low seed1,weight_compensation_2726_810_physical,c34q3,0.0
r-stem swap_high_vs_low seed1,weight_compensation_2726_810_physical,c34q4,0.0
r-stem swap_high_vs_low seed1,weight_compensation_2726_810_physical,c35q0,0.0
r-stem swap_high_vs_low seed1,weight_compensation_2726_810_physical,c35q1,0.0
r-stem swap_high_vs_low seed1,weight_compensation_2726_810_physical,c35q2,0.0
r-stem swap_high_vs_low seed1,weight_compensation_2726_810_physical,c35q3,0.0
r-stem swap_high_vs_low seed1,weight_compensation_2726_810_physical,c35q4,0.0
r-stem swap_high_vs_low seed1,weight_compensation_2726_810_physical,c36q0,0.0
r-stem swap_high_vs_low seed1,weight_compensation_2726_810_physical,c36q1,0.0
r-stem swap_high_vs_low seed1,weight_compensation_2726_810_physical,c36q2,0.0
r-stem swap_high_vs_low seed1,weight_compensation_2726_810_physical,c36q3,0.0
r-stem swap_high_vs_low seed1,weight_compensation_2726_810_physical,c36q4,0.0
r-stem swap_high_vs_low seed1,weight_compensation_2726_810_physical,c37q0,0.0
r-stem swap_high_vs_low seed1,weight_compensation_2726_810_physical,c37q1,0.0
r-stem swap_high_vs_low seed1,weight_compensation_2726_810_physical,c37q2,0.0
r-stem swap_high_vs_low seed1,weight_compensation_2726_810_physical,c37q3,0.0
r-stem swap_high_vs_low seed1,weight_compensation_2726_810_physical,c37q4,0.0
r-stem swap_high_vs_low seed1,weight_compensation_2726_810_physical,c38q0,0.0
r-stem swap_high_vs_low seed1,weight_compensation_2726_810_physical,c38q1,0.0
r-stem swap_high_vs_low seed1,weight_compensation_2726_810_physical,c38q2,0.0
r-stem swap_high_vs_low seed1,weight_compensation_2726_810_physical,c38q3,0.0
r-stem swap_high_vs_low seed1,weight_compensation_2726_810_physical,c38q4,0.0
r-stem swap_high_vs_low seed1,weight_compensation_2726_810_physical,c39q0,-3.67435859516263e-10
r-stem swap_high_vs_low seed1,weight_compensation_2726_810_physical,c39q1,1.862645149230957e-09
r-stem swap_high_vs_low seed1,weight_compensation_2726_810_physical,c39q2,2.2351741790771484e-08
r-stem swap_high_vs_low seed1,weight_compensation_2726_810_physical,c39q3,-1.1175870895385742e-08
r-stem swap_high_vs_low seed1,weight_compensation_2726_810_physical,c39q4,1.862645149230957e-08
r-stem swap_high_vs_low seed1,observed_2727_810_physical,c00q0,0.0
r-stem swap_high_vs_low seed1,observed_2727_810_physical,c00q1,0.0
r-stem swap_high_vs_low seed1,observed_2727_810_physical,c00q2,0.0
r-stem swap_high_vs_low seed1,observed_2727_810_physical,c00q3,0.0
r-stem swap_high_vs_low seed1,observed_2727_810_physical,c00q4,0.0
r-stem swap_high_vs_low seed1,observed_2727_810_physical,c01q0,0.0
r-stem swap_high_vs_low seed1,observed_2727_810_physical,c01q1,0.0
r-stem swap_high_vs_low seed1,observed_2727_810_physical,c01q2,0.0
r-stem swap_high_vs_low seed1,observed_2727_810_physical,c01q3,0.0
r-stem swap_high_vs_low seed1,observed_2727_810_physical,c01q4,0.0
r-stem swap_high_vs_low seed1,observed_2727_810_physical,c02q0,0.0
r-stem swap_high_vs_low seed1,observed_2727_810_physical,c02q1,0.0
r-stem swap_high_vs_low seed1,observed_2727_810_physical,c02q2,0.0
r-stem swap_high_vs_low seed1,observed_2727_810_physical,c02q3,0.0
r-stem swap_high_vs_low seed1,observed_2727_810_physical,c02q4,0.0
r-stem swap_high_vs_low seed1,observed_2727_810_physical,c03q0,0.0
r-stem swap_high_vs_low seed1,observed_2727_810_physical,c03q1,0.0
r-stem swap_high_vs_low seed1,observed_2727_810_physical,c03q2,0.0
r-stem swap_high_vs_low seed1,observed_2727_810_physical,c03q3,0.0
r-stem swap_high_vs_low seed1,observed_2727_810_physical,c03q4,0.0
r-stem swap_high_vs_low seed1,observed_2727_810_physical,c04q0,0.0
r-stem swap_high_vs_low seed1,observed_2727_810_physical,c04q1,0.0
r-stem swap_high_vs_low seed1,observed_2727_810_physical,c04q2,0.0
r-stem swap_high_vs_low seed1,observed_2727_810_physical,c04q3,0.0
r-stem swap_high_vs_low seed1,observed_2727_810_physical,c04q4,0.0
r-stem swap_high_vs_low seed1,observed_2727_810_physical,c05q0,0.0
r-stem swap_high_vs_low seed1,observed_2727_810_physical,c05q1,0.0
r-stem swap_high_vs_low seed1,observed_2727_810_physical,c05q2,0.0
r-stem swap_high_vs_low seed1,observed_2727_810_physical,c05q3,0.0
r-stem swap_high_vs_low seed1,observed_2727_810_physical,c05q4,0.0
r-stem swap_high_vs_low seed1,observed_2727_810_physical,c06q0,0.0
r-stem swap_high_vs_low seed1,observed_2727_810_physical,c06q1,0.0
r-stem swap_high_vs_low seed1,observed_2727_810_physical,c06q2,0.0
r-stem swap_high_vs_low seed1,observed_2727_810_physical,c06q3,0.0
r-stem swap_high_vs_low seed1,observed_2727_810_physical,c06q4,0.0
r-stem swap_high_vs_low seed1,observed_2727_810_physical,c07q0,0.0
r-stem swap_high_vs_low seed1,observed_2727_810_physical,c07q1,0.0
r-stem swap_high_vs_low seed1,observed_2727_810_physical,c07q2,0.0
r-stem swap_high_vs_low seed1,observed_2727_810_physical,c07q3,0.0
r-stem swap_high_vs_low seed1,observed_2727_810_physical,c07q4,0.0
r-stem swap_high_vs_low seed1,observed_2727_810_physical,c08q0,0.0
r-stem swap_high_vs_low seed1,observed_2727_810_physical,c08q1,0.0
r-stem swap_high_vs_low seed1,observed_2727_810_physical,c08q2,0.0
r-stem swap_high_vs_low seed1,observed_2727_810_physical,c08q3,0.0
r-stem swap_high_vs_low seed1,observed_2727_810_physical,c08q4,0.0
r-stem swap_high_vs_low seed1,observed_2727_810_physical,c09q0,0.0
r-stem swap_high_vs_low seed1,observed_2727_810_physical,c09q1,0.0
r-stem swap_high_vs_low seed1,observed_2727_810_physical,c09q2,0.0
r-stem swap_high_vs_low seed1,observed_2727_810_physical,c09q3,0.0
r-stem swap_high_vs_low seed1,observed_2727_810_physical,c09q4,0.0
r-stem swap_high_vs_low seed1,observed_2727_810_physical,c10q0,0.0
r-stem swap_high_vs_low seed1,observed_2727_810_physical,c10q1,0.0
r-stem swap_high_vs_low seed1,observed_2727_810_physical,c10q2,0.0
r-stem swap_high_vs_low seed1,observed_2727_810_physical,c10q3,0.0
r-stem swap_high_vs_low seed1,observed_2727_810_physical,c10q4,0.0
r-stem swap_high_vs_low seed1,observed_2727_810_physical,c11q0,0.0
r-stem swap_high_vs_low seed1,observed_2727_810_physical,c11q1,0.0
r-stem swap_high_vs_low seed1,observed_2727_810_physical,c11q2,0.0
r-stem swap_high_vs_low seed1,observed_2727_810_physical,c11q3,0.0
r-stem swap_high_vs_low seed1,observed_2727_810_physical,c11q4,0.0
r-stem swap_high_vs_low seed1,observed_2727_810_physical,c12q0,0.0
r-stem swap_high_vs_low seed1,observed_2727_810_physical,c12q1,0.0
r-stem swap_high_vs_low seed1,observed_2727_810_physical,c12q2,0.0
r-stem swap_high_vs_low seed1,observed_2727_810_physical,c12q3,0.0
r-stem swap_high_vs_low seed1,observed_2727_810_physical,c12q4,0.0
r-stem swap_high_vs_low seed1,observed_2727_810_physical,c13q0,0.0
r-stem swap_high_vs_low seed1,observed_2727_810_physical,c13q1,0.0
r-stem swap_high_vs_low seed1,observed_2727_810_physical,c13q2,0.0
r-stem swap_high_vs_low seed1,observed_2727_810_physical,c13q3,0.0
r-stem swap_high_vs_low seed1,observed_2727_810_physical,c13q4,0.0
r-stem swap_high_vs_low seed1,observed_2727_810_physical,c14q0,0.0
r-stem swap_high_vs_low seed1,observed_2727_810_physical,c14q1,0.0
r-stem swap_high_vs_low seed1,observed_2727_810_physical,c14q2,0.0
r-stem swap_high_vs_low seed1,observed_2727_810_physical,c14q3,0.0
r-stem swap_high_vs_low seed1,observed_2727_810_physical,c14q4,0.0
r-stem swap_high_vs_low seed1,observed_2727_810_physical,c15q0,0.0
r-stem swap_high_vs_low seed1,observed_2727_810_physical,c15q1,0.0
r-stem swap_high_vs_low seed1,observed_2727_810_physical,c15q2,0.0
r-stem swap_high_vs_low seed1,observed_2727_810_physical,c15q3,0.0
r-stem swap_high_vs_low seed1,observed_2727_810_physical,c15q4,0.0
r-stem swap_high_vs_low seed1,observed_2727_810_physical,c16q0,0.0
r-stem swap_high_vs_low seed1,observed_2727_810_physical,c16q1,0.0
r-stem swap_high_vs_low seed1,observed_2727_810_physical,c16q2,0.0
r-stem swap_high_vs_low seed1,observed_2727_810_physical,c16q3,0.0
r-stem swap_high_vs_low seed1,observed_2727_810_physical,c16q4,0.0
r-stem swap_high_vs_low seed1,observed_2727_810_physical,c17q0,0.0
r-stem swap_high_vs_low seed1,observed_2727_810_physical,c17q1,0.0
r-stem swap_high_vs_low seed1,observed_2727_810_physical,c17q2,0.0
r-stem swap_high_vs_low seed1,observed_2727_810_physical,c17q3,0.0
r-stem swap_high_vs_low seed1,observed_2727_810_physical,c17q4,0.0
r-stem swap_high_vs_low seed1,observed_2727_810_physical,c18q0,0.0
r-stem swap_high_vs_low seed1,observed_2727_810_physical,c18q1,0.0
r-stem swap_high_vs_low seed1,observed_2727_810_physical,c18q2,0.0
r-stem swap_high_vs_low seed1,observed_2727_810_physical,c18q3,0.0
r-stem swap_high_vs_low seed1,observed_2727_810_physical,c18q4,0.0
r-stem swap_high_vs_low seed1,observed_2727_810_physical,c19q0,0.0
r-stem swap_high_vs_low seed1,observed_2727_810_physical,c19q1,0.0
r-stem swap_high_vs_low seed1,observed_2727_810_physical,c19q2,0.0
r-stem swap_high_vs_low seed1,observed_2727_810_physical,c19q3,0.0
r-stem swap_high_vs_low seed1,observed_2727_810_physical,c19q4,0.0
r-stem swap_high_vs_low seed1,observed_2727_810_physical,c20q0,0.0
r-stem swap_high_vs_low seed1,observed_2727_810_physical,c20q1,0.0
r-stem swap_high_vs_low seed1,observed_2727_810_physical,c20q2,0.0
r-stem swap_high_vs_low seed1,observed_2727_810_physical,c20q3,0.0
r-stem swap_high_vs_low seed1,observed_2727_810_physical,c20q4,0.0
r-stem swap_high_vs_low seed1,observed_2727_810_physical,c21q0,0.0
r-stem swap_high_vs_low seed1,observed_2727_810_physical,c21q1,0.0
r-stem swap_high_vs_low seed1,observed_2727_810_physical,c21q2,0.0
r-stem swap_high_vs_low seed1,observed_2727_810_physical,c21q3,0.0
r-stem swap_high_vs_low seed1,observed_2727_810_physical,c21q4,0.0
r-stem swap_high_vs_low seed1,observed_2727_810_physical,c22q0,0.0
r-stem swap_high_vs_low seed1,observed_2727_810_physical,c22q1,0.0
r-stem swap_high_vs_low seed1,observed_2727_810_physical,c22q2,0.0
r-stem swap_high_vs_low seed1,observed_2727_810_physical,c22q3,0.0
r-stem swap_high_vs_low seed1,observed_2727_810_physical,c22q4,0.0
r-stem swap_high_vs_low seed1,observed_2727_810_physical,c23q0,0.0
r-stem swap_high_vs_low seed1,observed_2727_810_physical,c23q1,0.0
r-stem swap_high_vs_low seed1,observed_2727_810_physical,c23q2,0.0
r-stem swap_high_vs_low seed1,observed_2727_810_physical,c23q3,0.0
r-stem swap_high_vs_low seed1,observed_2727_810_physical,c23q4,0.0
r-stem swap_high_vs_low seed1,observed_2727_810_physical,c24q0,0.0
r-stem swap_high_vs_low seed1,observed_2727_810_physical,c24q1,0.0
r-stem swap_high_vs_low seed1,observed_2727_810_physical,c24q2,0.0
r-stem swap_high_vs_low seed1,observed_2727_810_physical,c24q3,0.0
r-stem swap_high_vs_low seed1,observed_2727_810_physical,c24q4,0.0
r-stem swap_high_vs_low seed1,observed_2727_810_physical,c25q0,0.0
r-stem swap_high_vs_low seed1,observed_2727_810_physical,c25q1,0.0
r-stem swap_high_vs_low seed1,observed_2727_810_physical,c25q2,0.0
r-stem swap_high_vs_low seed1,observed_2727_810_physical,c25q3,0.0
r-stem swap_high_vs_low seed1,observed_2727_810_physical,c25q4,0.0
r-stem swap_high_vs_low seed1,observed_2727_810_physical,c26q0,0.0
r-stem swap_high_vs_low seed1,observed_2727_810_physical,c26q1,0.0
r-stem swap_high_vs_low seed1,observed_2727_810_physical,c26q2,0.0
r-stem swap_high_vs_low seed1,observed_2727_810_physical,c26q3,0.0
r-stem swap_high_vs_low seed1,observed_2727_810_physical,c26q4,0.0
r-stem swap_high_vs_low seed1,observed_2727_810_physical,c27q0,0.0
r-stem swap_high_vs_low seed1,observed_2727_810_physical,c27q1,0.0
r-stem swap_high_vs_low seed1,observed_2727_810_physical,c27q2,0.0
r-stem swap_high_vs_low seed1,observed_2727_810_physical,c27q3,0.0
r-stem swap_high_vs_low seed1,observed_2727_810_physical,c27q4,0.0
r-stem swap_high_vs_low seed1,observed_2727_810_physical,c28q0,0.0
r-stem swap_high_vs_low seed1,observed_2727_810_physical,c28q1,0.0
r-stem swap_high_vs_low seed1,observed_2727_810_physical,c28q2,0.0
r-stem swap_high_vs_low seed1,observed_2727_810_physical,c28q3,0.0
r-stem swap_high_vs_low seed1,observed_2727_810_physical,c28q4,0.0
r-stem swap_high_vs_low seed1,observed_2727_810_physical,c29q0,0.0
r-stem swap_high_vs_low seed1,observed_2727_810_physical,c29q1,0.0
r-stem swap_high_vs_low seed1,observed_2727_810_physical,c29q2,0.0
r-stem swap_high_vs_low seed1,observed_2727_810_physical,c29q3,0.0
r-stem swap_high_vs_low seed1,observed_2727_810_physical,c29q4,0.0
r-stem swap_high_vs_low seed1,observed_2727_810_physical,c30q0,8.270510548616585
r-stem swap_high_vs_low seed1,observed_2727_810_physical,c30q1,895.1321705863811
r-stem swap_high_vs_low seed1,observed_2727_810_physical,c30q2,3645.8219348359853
r-stem swap_high_vs_low seed1,observed_2727_810_physical,c30q3,8319.785120438784
r-stem swap_high_vs_low seed1,observed_2727_810_physical,c30q4,8102.510263618082
r-stem swap_high_vs_low seed1,observed_2727_810_physical,c31q0,0.0
r-stem swap_high_vs_low seed1,observed_2727_810_physical,c31q1,0.0
r-stem swap_high_vs_low seed1,observed_2727_810_physical,c31q2,0.0
r-stem swap_high_vs_low seed1,observed_2727_810_physical,c31q3,0.0
r-stem swap_high_vs_low seed1,observed_2727_810_physical,c31q4,0.0
r-stem swap_high_vs_low seed1,observed_2727_810_physical,c32q0,0.0
r-stem swap_high_vs_low seed1,observed_2727_810_physical,c32q1,0.0
r-stem swap_high_vs_low seed1,observed_2727_810_physical,c32q2,0.0
r-stem swap_high_vs_low seed1,observed_2727_810_physical,c32q3,0.0
r-stem swap_high_vs_low seed1,observed_2727_810_physical,c32q4,0.0
r-stem swap_high_vs_low seed1,observed_2727_810_physical,c33q0,0.0
r-stem swap_high_vs_low seed1,observed_2727_810_physical,c33q1,0.0
r-stem swap_high_vs_low seed1,observed_2727_810_physical,c33q2,0.0
r-stem swap_high_vs_low seed1,observed_2727_810_physical,c33q3,0.0
r-stem swap_high_vs_low seed1,observed_2727_810_physical,c33q4,0.0
r-stem swap_high_vs_low seed1,observed_2727_810_physical,c34q0,0.0
r-stem swap_high_vs_low seed1,observed_2727_810_physical,c34q1,0.0
r-stem swap_high_vs_low seed1,observed_2727_810_physical,c34q2,0.0
r-stem swap_high_vs_low seed1,observed_2727_810_physical,c34q3,0.0
r-stem swap_high_vs_low seed1,observed_2727_810_physical,c34q4,0.0
r-stem swap_high_vs_low seed1,observed_2727_810_physical,c35q0,0.0
r-stem swap_high_vs_low seed1,observed_2727_810_physical,c35q1,0.0
r-stem swap_high_vs_low seed1,observed_2727_810_physical,c35q2,0.0
r-stem swap_high_vs_low seed1,observed_2727_810_physical,c35q3,0.0
r-stem swap_high_vs_low seed1,observed_2727_810_physical,c35q4,0.0
r-stem swap_high_vs_low seed1,observed_2727_810_physical,c36q0,0.0
r-stem swap_high_vs_low seed1,observed_2727_810_physical,c36q1,0.0
r-stem swap_high_vs_low seed1,observed_2727_810_physical,c36q2,0.0
r-stem swap_high_vs_low seed1,observed_2727_810_physical,c36q3,0.0
r-stem swap_high_vs_low seed1,observed_2727_810_physical,c36q4,0.0
r-stem swap_high_vs_low seed1,observed_2727_810_physical,c37q0,0.0
r-stem swap_high_vs_low seed1,observed_2727_810_physical,c37q1,0.0
r-stem swap_high_vs_low seed1,observed_2727_810_physical,c37q2,0.0
r-stem swap_high_vs_low seed1,observed_2727_810_physical,c37q3,0.0
r-stem swap_high_vs_low seed1,observed_2727_810_physical,c37q4,0.0
r-stem swap_high_vs_low seed1,observed_2727_810_physical,c38q0,0.0
r-stem swap_high_vs_low seed1,observed_2727_810_physical,c38q1,0.0
r-stem swap_high_vs_low seed1,observed_2727_810_physical,c38q2,0.0
r-stem swap_high_vs_low seed1,observed_2727_810_physical,c38q3,0.0
r-stem swap_high_vs_low seed1,observed_2727_810_physical,c38q4,0.0
r-stem swap_high_vs_low seed1,observed_2727_810_physical,c39q0,-8.270510549005849
r-stem swap_high_vs_low seed1,observed_2727_810_physical,c39q1,-895.1321705826558
r-stem swap_high_vs_low seed1,observed_2727_810_physical,c39q2,-3645.821934811771
r-stem swap_high_vs_low seed1,observed_2727_810_physical,c39q3,-8319.785120453686
r-stem swap_high_vs_low seed1,observed_2727_810_physical,c39q4,-8102.510263569653
u-math high pre_vs_cool seed0,registry_nominal_simulated,c00q0,0.0
u-math high pre_vs_cool seed0,registry_nominal_simulated,c00q1,0.0
u-math high pre_vs_cool seed0,registry_nominal_simulated,c00q2,0.0
u-math high pre_vs_cool seed0,registry_nominal_simulated,c00q3,0.0
u-math high pre_vs_cool seed0,registry_nominal_simulated,c00q4,0.0
u-math high pre_vs_cool seed0,registry_nominal_simulated,c01q0,0.0
u-math high pre_vs_cool seed0,registry_nominal_simulated,c01q1,0.0
u-math high pre_vs_cool seed0,registry_nominal_simulated,c01q2,0.0
u-math high pre_vs_cool seed0,registry_nominal_simulated,c01q3,0.0
u-math high pre_vs_cool seed0,registry_nominal_simulated,c01q4,0.0
u-math high pre_vs_cool seed0,registry_nominal_simulated,c02q0,0.0
u-math high pre_vs_cool seed0,registry_nominal_simulated,c02q1,0.0
u-math high pre_vs_cool seed0,registry_nominal_simulated,c02q2,0.0
u-math high pre_vs_cool seed0,registry_nominal_simulated,c02q3,0.0
u-math high pre_vs_cool seed0,registry_nominal_simulated,c02q4,0.0
u-math high pre_vs_cool seed0,registry_nominal_simulated,c03q0,0.0
u-math high pre_vs_cool seed0,registry_nominal_simulated,c03q1,0.0
u-math high pre_vs_cool seed0,registry_nominal_simulated,c03q2,0.0
u-math high pre_vs_cool seed0,registry_nominal_simulated,c03q3,0.0
u-math high pre_vs_cool seed0,registry_nominal_simulated,c03q4,0.0
u-math high pre_vs_cool seed0,registry_nominal_simulated,c04q0,0.0
u-math high pre_vs_cool seed0,registry_nominal_simulated,c04q1,0.0
u-math high pre_vs_cool seed0,registry_nominal_simulated,c04q2,0.0
u-math high pre_vs_cool seed0,registry_nominal_simulated,c04q3,0.0
u-math high pre_vs_cool seed0,registry_nominal_simulated,c04q4,0.0
u-math high pre_vs_cool seed0,registry_nominal_simulated,c05q0,0.0
u-math high pre_vs_cool seed0,registry_nominal_simulated,c05q1,0.0
u-math high pre_vs_cool seed0,registry_nominal_simulated,c05q2,0.0
u-math high pre_vs_cool seed0,registry_nominal_simulated,c05q3,0.0
u-math high pre_vs_cool seed0,registry_nominal_simulated,c05q4,0.0
u-math high pre_vs_cool seed0,registry_nominal_simulated,c06q0,0.0
u-math high pre_vs_cool seed0,registry_nominal_simulated,c06q1,0.0
u-math high pre_vs_cool seed0,registry_nominal_simulated,c06q2,0.0
u-math high pre_vs_cool seed0,registry_nominal_simulated,c06q3,0.0
u-math high pre_vs_cool seed0,registry_nominal_simulated,c06q4,0.0
u-math high pre_vs_cool seed0,registry_nominal_simulated,c07q0,0.0
u-math high pre_vs_cool seed0,registry_nominal_simulated,c07q1,0.0
u-math high pre_vs_cool seed0,registry_nominal_simulated,c07q2,0.0
u-math high pre_vs_cool seed0,registry_nominal_simulated,c07q3,0.0
u-math high pre_vs_cool seed0,registry_nominal_simulated,c07q4,0.0
u-math high pre_vs_cool seed0,registry_nominal_simulated,c08q0,0.0
u-math high pre_vs_cool seed0,registry_nominal_simulated,c08q1,0.0
u-math high pre_vs_cool seed0,registry_nominal_simulated,c08q2,0.0
u-math high pre_vs_cool seed0,registry_nominal_simulated,c08q3,0.0
u-math high pre_vs_cool seed0,registry_nominal_simulated,c08q4,0.0
u-math high pre_vs_cool seed0,registry_nominal_simulated,c09q0,0.0
u-math high pre_vs_cool seed0,registry_nominal_simulated,c09q1,0.0
u-math high pre_vs_cool seed0,registry_nominal_simulated,c09q2,0.0
u-math high pre_vs_cool seed0,registry_nominal_simulated,c09q3,0.0
u-math high pre_vs_cool seed0,registry_nominal_simulated,c09q4,0.0
u-math high pre_vs_cool seed0,registry_nominal_simulated,c10q0,0.0
u-math high pre_vs_cool seed0,registry_nominal_simulated,c10q1,0.0
u-math high pre_vs_cool seed0,registry_nominal_simulated,c10q2,0.0
u-math high pre_vs_cool seed0,registry_nominal_simulated,c10q3,0.0
u-math high pre_vs_cool seed0,registry_nominal_simulated,c10q4,0.0
u-math high pre_vs_cool seed0,registry_nominal_simulated,c11q0,0.0
u-math high pre_vs_cool seed0,registry_nominal_simulated,c11q1,0.0
u-math high pre_vs_cool seed0,registry_nominal_simulated,c11q2,0.0
u-math high pre_vs_cool seed0,registry_nominal_simulated,c11q3,0.0
u-math high pre_vs_cool seed0,registry_nominal_simulated,c11q4,0.0
u-math high pre_vs_cool seed0,registry_nominal_simulated,c12q0,0.0
u-math high pre_vs_cool seed0,registry_nominal_simulated,c12q1,0.0
u-math high pre_vs_cool seed0,registry_nominal_simulated,c12q2,0.0
u-math high pre_vs_cool seed0,registry_nominal_simulated,c12q3,0.0
u-math high pre_vs_cool seed0,registry_nominal_simulated,c12q4,0.0
u-math high pre_vs_cool seed0,registry_nominal_simulated,c13q0,0.0
u-math high pre_vs_cool seed0,registry_nominal_simulated,c13q1,0.0
u-math high pre_vs_cool seed0,registry_nominal_simulated,c13q2,0.0
u-math high pre_vs_cool seed0,registry_nominal_simulated,c13q3,0.0
u-math high pre_vs_cool seed0,registry_nominal_simulated,c13q4,0.0
u-math high pre_vs_cool seed0,registry_nominal_simulated,c14q0,0.0
u-math high pre_vs_cool seed0,registry_nominal_simulated,c14q1,0.0
u-math high pre_vs_cool seed0,registry_nominal_simulated,c14q2,0.0
u-math high pre_vs_cool seed0,registry_nominal_simulated,c14q3,0.0
u-math high pre_vs_cool seed0,registry_nominal_simulated,c14q4,0.0
u-math high pre_vs_cool seed0,registry_nominal_simulated,c15q0,0.0
u-math high pre_vs_cool seed0,registry_nominal_simulated,c15q1,0.0
u-math high pre_vs_cool seed0,registry_nominal_simulated,c15q2,0.0
u-math high pre_vs_cool seed0,registry_nominal_simulated,c15q3,0.0
u-math high pre_vs_cool seed0,registry_nominal_simulated,c15q4,0.0
u-math high pre_vs_cool seed0,registry_nominal_simulated,c16q0,0.0
u-math high pre_vs_cool seed0,registry_nominal_simulated,c16q1,0.0
u-math high pre_vs_cool seed0,registry_nominal_simulated,c16q2,0.0
u-math high pre_vs_cool seed0,registry_nominal_simulated,c16q3,0.0
u-math high pre_vs_cool seed0,registry_nominal_simulated,c16q4,0.0
u-math high pre_vs_cool seed0,registry_nominal_simulated,c17q0,0.0
u-math high pre_vs_cool seed0,registry_nominal_simulated,c17q1,0.0
u-math high pre_vs_cool seed0,registry_nominal_simulated,c17q2,0.0
u-math high pre_vs_cool seed0,registry_nominal_simulated,c17q3,0.0
u-math high pre_vs_cool seed0,registry_nominal_simulated,c17q4,0.0
u-math high pre_vs_cool seed0,registry_nominal_simulated,c18q0,0.0
u-math high pre_vs_cool seed0,registry_nominal_simulated,c18q1,0.0
u-math high pre_vs_cool seed0,registry_nominal_simulated,c18q2,0.0
u-math high pre_vs_cool seed0,registry_nominal_simulated,c18q3,0.0
u-math high pre_vs_cool seed0,registry_nominal_simulated,c18q4,0.0
u-math high pre_vs_cool seed0,registry_nominal_simulated,c19q0,0.0
u-math high pre_vs_cool seed0,registry_nominal_simulated,c19q1,0.0
u-math high pre_vs_cool seed0,registry_nominal_simulated,c19q2,0.0
u-math high pre_vs_cool seed0,registry_nominal_simulated,c19q3,0.0
u-math high pre_vs_cool seed0,registry_nominal_simulated,c19q4,0.0
u-math high pre_vs_cool seed0,registry_nominal_simulated,c20q0,0.0
u-math high pre_vs_cool seed0,registry_nominal_simulated,c20q1,0.0
u-math high pre_vs_cool seed0,registry_nominal_simulated,c20q2,0.0
u-math high pre_vs_cool seed0,registry_nominal_simulated,c20q3,0.0
u-math high pre_vs_cool seed0,registry_nominal_simulated,c20q4,0.0
u-math high pre_vs_cool seed0,registry_nominal_simulated,c21q0,9775818.419431657
u-math high pre_vs_cool seed0,registry_nominal_simulated,c21q1,130381541.42004585
u-math high pre_vs_cool seed0,registry_nominal_simulated,c21q2,505983988.1598778
u-math high pre_vs_cool seed0,registry_nominal_simulated,c21q3,372362224.06480217
u-math high pre_vs_cool seed0,registry_nominal_simulated,c21q4,243070502.00992775
u-math high pre_vs_cool seed0,registry_nominal_simulated,c22q0,0.0
u-math high pre_vs_cool seed0,registry_nominal_simulated,c22q1,0.0
u-math high pre_vs_cool seed0,registry_nominal_simulated,c22q2,0.0
u-math high pre_vs_cool seed0,registry_nominal_simulated,c22q3,0.0
u-math high pre_vs_cool seed0,registry_nominal_simulated,c22q4,0.0
u-math high pre_vs_cool seed0,registry_nominal_simulated,c23q0,0.0
u-math high pre_vs_cool seed0,registry_nominal_simulated,c23q1,0.0
u-math high pre_vs_cool seed0,registry_nominal_simulated,c23q2,0.0
u-math high pre_vs_cool seed0,registry_nominal_simulated,c23q3,0.0
u-math high pre_vs_cool seed0,registry_nominal_simulated,c23q4,0.0
u-math high pre_vs_cool seed0,registry_nominal_simulated,c24q0,0.0
u-math high pre_vs_cool seed0,registry_nominal_simulated,c24q1,0.0
u-math high pre_vs_cool seed0,registry_nominal_simulated,c24q2,0.0
u-math high pre_vs_cool seed0,registry_nominal_simulated,c24q3,0.0
u-math high pre_vs_cool seed0,registry_nominal_simulated,c24q4,0.0
u-math high pre_vs_cool seed0,registry_nominal_simulated,c25q0,0.0
u-math high pre_vs_cool seed0,registry_nominal_simulated,c25q1,0.0
u-math high pre_vs_cool seed0,registry_nominal_simulated,c25q2,0.0
u-math high pre_vs_cool seed0,registry_nominal_simulated,c25q3,0.0
u-math high pre_vs_cool seed0,registry_nominal_simulated,c25q4,0.0
u-math high pre_vs_cool seed0,registry_nominal_simulated,c26q0,0.0
u-math high pre_vs_cool seed0,registry_nominal_simulated,c26q1,0.0
u-math high pre_vs_cool seed0,registry_nominal_simulated,c26q2,0.0
u-math high pre_vs_cool seed0,registry_nominal_simulated,c26q3,0.0
u-math high pre_vs_cool seed0,registry_nominal_simulated,c26q4,0.0
u-math high pre_vs_cool seed0,registry_nominal_simulated,c27q0,0.0
u-math high pre_vs_cool seed0,registry_nominal_simulated,c27q1,0.0
u-math high pre_vs_cool seed0,registry_nominal_simulated,c27q2,0.0
u-math high pre_vs_cool seed0,registry_nominal_simulated,c27q3,0.0
u-math high pre_vs_cool seed0,registry_nominal_simulated,c27q4,0.0
u-math high pre_vs_cool seed0,registry_nominal_simulated,c28q0,0.0
u-math high pre_vs_cool seed0,registry_nominal_simulated,c28q1,0.0
u-math high pre_vs_cool seed0,registry_nominal_simulated,c28q2,0.0
u-math high pre_vs_cool seed0,registry_nominal_simulated,c28q3,0.0
u-math high pre_vs_cool seed0,registry_nominal_simulated,c28q4,0.0
u-math high pre_vs_cool seed0,registry_nominal_simulated,c29q0,0.0
u-math high pre_vs_cool seed0,registry_nominal_simulated,c29q1,0.0
u-math high pre_vs_cool seed0,registry_nominal_simulated,c29q2,0.0
u-math high pre_vs_cool seed0,registry_nominal_simulated,c29q3,0.0
u-math high pre_vs_cool seed0,registry_nominal_simulated,c29q4,0.0
u-math high pre_vs_cool seed0,registry_nominal_simulated,c30q0,0.0
u-math high pre_vs_cool seed0,registry_nominal_simulated,c30q1,0.0
u-math high pre_vs_cool seed0,registry_nominal_simulated,c30q2,0.0
u-math high pre_vs_cool seed0,registry_nominal_simulated,c30q3,0.0
u-math high pre_vs_cool seed0,registry_nominal_simulated,c30q4,0.0
u-math high pre_vs_cool seed0,registry_nominal_simulated,c31q0,0.0
u-math high pre_vs_cool seed0,registry_nominal_simulated,c31q1,0.0
u-math high pre_vs_cool seed0,registry_nominal_simulated,c31q2,0.0
u-math high pre_vs_cool seed0,registry_nominal_simulated,c31q3,0.0
u-math high pre_vs_cool seed0,registry_nominal_simulated,c31q4,0.0
u-math high pre_vs_cool seed0,registry_nominal_simulated,c32q0,0.0
u-math high pre_vs_cool seed0,registry_nominal_simulated,c32q1,0.0
u-math high pre_vs_cool seed0,registry_nominal_simulated,c32q2,0.0
u-math high pre_vs_cool seed0,registry_nominal_simulated,c32q3,0.0
u-math high pre_vs_cool seed0,registry_nominal_simulated,c32q4,0.0
u-math high pre_vs_cool seed0,registry_nominal_simulated,c33q0,0.0
u-math high pre_vs_cool seed0,registry_nominal_simulated,c33q1,0.0
u-math high pre_vs_cool seed0,registry_nominal_simulated,c33q2,0.0
u-math high pre_vs_cool seed0,registry_nominal_simulated,c33q3,0.0
u-math high pre_vs_cool seed0,registry_nominal_simulated,c33q4,0.0
u-math high pre_vs_cool seed0,registry_nominal_simulated,c34q0,0.0
u-math high pre_vs_cool seed0,registry_nominal_simulated,c34q1,0.0
u-math high pre_vs_cool seed0,registry_nominal_simulated,c34q2,0.0
u-math high pre_vs_cool seed0,registry_nominal_simulated,c34q3,0.0
u-math high pre_vs_cool seed0,registry_nominal_simulated,c34q4,0.0
u-math high pre_vs_cool seed0,registry_nominal_simulated,c35q0,0.0
u-math high pre_vs_cool seed0,registry_nominal_simulated,c35q1,0.0
u-math high pre_vs_cool seed0,registry_nominal_simulated,c35q2,0.0
u-math high pre_vs_cool seed0,registry_nominal_simulated,c35q3,0.0
u-math high pre_vs_cool seed0,registry_nominal_simulated,c35q4,0.0
u-math high pre_vs_cool seed0,registry_nominal_simulated,c36q0,0.0
u-math high pre_vs_cool seed0,registry_nominal_simulated,c36q1,0.0
u-math high pre_vs_cool seed0,registry_nominal_simulated,c36q2,0.0
u-math high pre_vs_cool seed0,registry_nominal_simulated,c36q3,0.0
u-math high pre_vs_cool seed0,registry_nominal_simulated,c36q4,0.0
u-math high pre_vs_cool seed0,registry_nominal_simulated,c37q0,0.0
u-math high pre_vs_cool seed0,registry_nominal_simulated,c37q1,0.0
u-math high pre_vs_cool seed0,registry_nominal_simulated,c37q2,0.0
u-math high pre_vs_cool seed0,registry_nominal_simulated,c37q3,0.0
u-math high pre_vs_cool seed0,registry_nominal_simulated,c37q4,0.0
u-math high pre_vs_cool seed0,registry_nominal_simulated,c38q0,0.0
u-math high pre_vs_cool seed0,registry_nominal_simulated,c38q1,0.0
u-math high pre_vs_cool seed0,registry_nominal_simulated,c38q2,0.0
u-math high pre_vs_cool seed0,registry_nominal_simulated,c38q3,0.0
u-math high pre_vs_cool seed0,registry_nominal_simulated,c38q4,0.0
u-math high pre_vs_cool seed0,registry_nominal_simulated,c39q0,-9775818.419432342
u-math high pre_vs_cool seed0,registry_nominal_simulated,c39q1,-130381541.42004728
u-math high pre_vs_cool seed0,registry_nominal_simulated,c39q2,-505983988.1598511
u-math high pre_vs_cool seed0,registry_nominal_simulated,c39q3,-372362224.06480217
u-math high pre_vs_cool seed0,registry_nominal_simulated,c39q4,-243070502.00992775
u-math high pre_vs_cool seed0,weight_compensation_2726_810_physical,c00q0,0.0
u-math high pre_vs_cool seed0,weight_compensation_2726_810_physical,c00q1,0.0
u-math high pre_vs_cool seed0,weight_compensation_2726_810_physical,c00q2,0.0
u-math high pre_vs_cool seed0,weight_compensation_2726_810_physical,c00q3,0.0
u-math high pre_vs_cool seed0,weight_compensation_2726_810_physical,c00q4,0.0
u-math high pre_vs_cool seed0,weight_compensation_2726_810_physical,c01q0,0.0
u-math high pre_vs_cool seed0,weight_compensation_2726_810_physical,c01q1,0.0
u-math high pre_vs_cool seed0,weight_compensation_2726_810_physical,c01q2,0.0
u-math high pre_vs_cool seed0,weight_compensation_2726_810_physical,c01q3,0.0
u-math high pre_vs_cool seed0,weight_compensation_2726_810_physical,c01q4,0.0
u-math high pre_vs_cool seed0,weight_compensation_2726_810_physical,c02q0,0.0
u-math high pre_vs_cool seed0,weight_compensation_2726_810_physical,c02q1,0.0
u-math high pre_vs_cool seed0,weight_compensation_2726_810_physical,c02q2,0.0
u-math high pre_vs_cool seed0,weight_compensation_2726_810_physical,c02q3,0.0
u-math high pre_vs_cool seed0,weight_compensation_2726_810_physical,c02q4,0.0
u-math high pre_vs_cool seed0,weight_compensation_2726_810_physical,c03q0,0.0
u-math high pre_vs_cool seed0,weight_compensation_2726_810_physical,c03q1,0.0
u-math high pre_vs_cool seed0,weight_compensation_2726_810_physical,c03q2,0.0
u-math high pre_vs_cool seed0,weight_compensation_2726_810_physical,c03q3,0.0
u-math high pre_vs_cool seed0,weight_compensation_2726_810_physical,c03q4,0.0
u-math high pre_vs_cool seed0,weight_compensation_2726_810_physical,c04q0,0.0
u-math high pre_vs_cool seed0,weight_compensation_2726_810_physical,c04q1,0.0
u-math high pre_vs_cool seed0,weight_compensation_2726_810_physical,c04q2,0.0
u-math high pre_vs_cool seed0,weight_compensation_2726_810_physical,c04q3,0.0
u-math high pre_vs_cool seed0,weight_compensation_2726_810_physical,c04q4,0.0
u-math high pre_vs_cool seed0,weight_compensation_2726_810_physical,c05q0,0.0
u-math high pre_vs_cool seed0,weight_compensation_2726_810_physical,c05q1,0.0
u-math high pre_vs_cool seed0,weight_compensation_2726_810_physical,c05q2,0.0
u-math high pre_vs_cool seed0,weight_compensation_2726_810_physical,c05q3,0.0
u-math high pre_vs_cool seed0,weight_compensation_2726_810_physical,c05q4,0.0
u-math high pre_vs_cool seed0,weight_compensation_2726_810_physical,c06q0,0.0
u-math high pre_vs_cool seed0,weight_compensation_2726_810_physical,c06q1,0.0
u-math high pre_vs_cool seed0,weight_compensation_2726_810_physical,c06q2,0.0
u-math high pre_vs_cool seed0,weight_compensation_2726_810_physical,c06q3,0.0
u-math high pre_vs_cool seed0,weight_compensation_2726_810_physical,c06q4,0.0
u-math high pre_vs_cool seed0,weight_compensation_2726_810_physical,c07q0,0.0
u-math high pre_vs_cool seed0,weight_compensation_2726_810_physical,c07q1,0.0
u-math high pre_vs_cool seed0,weight_compensation_2726_810_physical,c07q2,0.0
u-math high pre_vs_cool seed0,weight_compensation_2726_810_physical,c07q3,0.0
u-math high pre_vs_cool seed0,weight_compensation_2726_810_physical,c07q4,0.0
u-math high pre_vs_cool seed0,weight_compensation_2726_810_physical,c08q0,0.0
u-math high pre_vs_cool seed0,weight_compensation_2726_810_physical,c08q1,0.0
u-math high pre_vs_cool seed0,weight_compensation_2726_810_physical,c08q2,0.0
u-math high pre_vs_cool seed0,weight_compensation_2726_810_physical,c08q3,0.0
u-math high pre_vs_cool seed0,weight_compensation_2726_810_physical,c08q4,0.0
u-math high pre_vs_cool seed0,weight_compensation_2726_810_physical,c09q0,0.0
u-math high pre_vs_cool seed0,weight_compensation_2726_810_physical,c09q1,0.0
u-math high pre_vs_cool seed0,weight_compensation_2726_810_physical,c09q2,0.0
u-math high pre_vs_cool seed0,weight_compensation_2726_810_physical,c09q3,0.0
u-math high pre_vs_cool seed0,weight_compensation_2726_810_physical,c09q4,0.0
u-math high pre_vs_cool seed0,weight_compensation_2726_810_physical,c10q0,0.0
u-math high pre_vs_cool seed0,weight_compensation_2726_810_physical,c10q1,0.0
u-math high pre_vs_cool seed0,weight_compensation_2726_810_physical,c10q2,0.0
u-math high pre_vs_cool seed0,weight_compensation_2726_810_physical,c10q3,0.0
u-math high pre_vs_cool seed0,weight_compensation_2726_810_physical,c10q4,0.0
u-math high pre_vs_cool seed0,weight_compensation_2726_810_physical,c11q0,0.0
u-math high pre_vs_cool seed0,weight_compensation_2726_810_physical,c11q1,0.0
u-math high pre_vs_cool seed0,weight_compensation_2726_810_physical,c11q2,0.0
u-math high pre_vs_cool seed0,weight_compensation_2726_810_physical,c11q3,0.0
u-math high pre_vs_cool seed0,weight_compensation_2726_810_physical,c11q4,0.0
u-math high pre_vs_cool seed0,weight_compensation_2726_810_physical,c12q0,0.0
u-math high pre_vs_cool seed0,weight_compensation_2726_810_physical,c12q1,0.0
u-math high pre_vs_cool seed0,weight_compensation_2726_810_physical,c12q2,0.0
u-math high pre_vs_cool seed0,weight_compensation_2726_810_physical,c12q3,0.0
u-math high pre_vs_cool seed0,weight_compensation_2726_810_physical,c12q4,0.0
u-math high pre_vs_cool seed0,weight_compensation_2726_810_physical,c13q0,0.0
u-math high pre_vs_cool seed0,weight_compensation_2726_810_physical,c13q1,0.0
u-math high pre_vs_cool seed0,weight_compensation_2726_810_physical,c13q2,0.0
u-math high pre_vs_cool seed0,weight_compensation_2726_810_physical,c13q3,0.0
u-math high pre_vs_cool seed0,weight_compensation_2726_810_physical,c13q4,0.0
u-math high pre_vs_cool seed0,weight_compensation_2726_810_physical,c14q0,0.0
u-math high pre_vs_cool seed0,weight_compensation_2726_810_physical,c14q1,0.0
u-math high pre_vs_cool seed0,weight_compensation_2726_810_physical,c14q2,0.0
u-math high pre_vs_cool seed0,weight_compensation_2726_810_physical,c14q3,0.0
u-math high pre_vs_cool seed0,weight_compensation_2726_810_physical,c14q4,0.0
u-math high pre_vs_cool seed0,weight_compensation_2726_810_physical,c15q0,0.0
u-math high pre_vs_cool seed0,weight_compensation_2726_810_physical,c15q1,0.0
u-math high pre_vs_cool seed0,weight_compensation_2726_810_physical,c15q2,0.0
u-math high pre_vs_cool seed0,weight_compensation_2726_810_physical,c15q3,0.0
u-math high pre_vs_cool seed0,weight_compensation_2726_810_physical,c15q4,0.0
u-math high pre_vs_cool seed0,weight_compensation_2726_810_physical,c16q0,0.0
u-math high pre_vs_cool seed0,weight_compensation_2726_810_physical,c16q1,0.0
u-math high pre_vs_cool seed0,weight_compensation_2726_810_physical,c16q2,0.0
u-math high pre_vs_cool seed0,weight_compensation_2726_810_physical,c16q3,0.0
u-math high pre_vs_cool seed0,weight_compensation_2726_810_physical,c16q4,0.0
u-math high pre_vs_cool seed0,weight_compensation_2726_810_physical,c17q0,0.0
u-math high pre_vs_cool seed0,weight_compensation_2726_810_physical,c17q1,0.0
u-math high pre_vs_cool seed0,weight_compensation_2726_810_physical,c17q2,0.0
u-math high pre_vs_cool seed0,weight_compensation_2726_810_physical,c17q3,0.0
u-math high pre_vs_cool seed0,weight_compensation_2726_810_physical,c17q4,0.0
u-math high pre_vs_cool seed0,weight_compensation_2726_810_physical,c18q0,0.0
u-math high pre_vs_cool seed0,weight_compensation_2726_810_physical,c18q1,0.0
u-math high pre_vs_cool seed0,weight_compensation_2726_810_physical,c18q2,0.0
u-math high pre_vs_cool seed0,weight_compensation_2726_810_physical,c18q3,0.0
u-math high pre_vs_cool seed0,weight_compensation_2726_810_physical,c18q4,0.0
u-math high pre_vs_cool seed0,weight_compensation_2726_810_physical,c19q0,0.0
u-math high pre_vs_cool seed0,weight_compensation_2726_810_physical,c19q1,0.0
u-math high pre_vs_cool seed0,weight_compensation_2726_810_physical,c19q2,0.0
u-math high pre_vs_cool seed0,weight_compensation_2726_810_physical,c19q3,0.0
u-math high pre_vs_cool seed0,weight_compensation_2726_810_physical,c19q4,0.0
u-math high pre_vs_cool seed0,weight_compensation_2726_810_physical,c20q0,0.0
u-math high pre_vs_cool seed0,weight_compensation_2726_810_physical,c20q1,0.0
u-math high pre_vs_cool seed0,weight_compensation_2726_810_physical,c20q2,0.0
u-math high pre_vs_cool seed0,weight_compensation_2726_810_physical,c20q3,0.0
u-math high pre_vs_cool seed0,weight_compensation_2726_810_physical,c20q4,0.0
u-math high pre_vs_cool seed0,weight_compensation_2726_810_physical,c21q0,-3.7834979593753815e-10
u-math high pre_vs_cool seed0,weight_compensation_2726_810_physical,c21q1,4.656612873077393e-10
u-math high pre_vs_cool seed0,weight_compensation_2726_810_physical,c21q2,3.725290298461914e-09
u-math high pre_vs_cool seed0,weight_compensation_2726_810_physical,c21q3,5.587935447692871e-09
u-math high pre_vs_cool seed0,weight_compensation_2726_810_physical,c21q4,-1.862645149230957e-09
u-math high pre_vs_cool seed0,weight_compensation_2726_810_physical,c22q0,0.0
u-math high pre_vs_cool seed0,weight_compensation_2726_810_physical,c22q1,0.0
u-math high pre_vs_cool seed0,weight_compensation_2726_810_physical,c22q2,0.0
u-math high pre_vs_cool seed0,weight_compensation_2726_810_physical,c22q3,0.0
u-math high pre_vs_cool seed0,weight_compensation_2726_810_physical,c22q4,0.0
u-math high pre_vs_cool seed0,weight_compensation_2726_810_physical,c23q0,0.0
u-math high pre_vs_cool seed0,weight_compensation_2726_810_physical,c23q1,0.0
u-math high pre_vs_cool seed0,weight_compensation_2726_810_physical,c23q2,0.0
u-math high pre_vs_cool seed0,weight_compensation_2726_810_physical,c23q3,0.0
u-math high pre_vs_cool seed0,weight_compensation_2726_810_physical,c23q4,0.0
u-math high pre_vs_cool seed0,weight_compensation_2726_810_physical,c24q0,0.0
u-math high pre_vs_cool seed0,weight_compensation_2726_810_physical,c24q1,0.0
u-math high pre_vs_cool seed0,weight_compensation_2726_810_physical,c24q2,0.0
u-math high pre_vs_cool seed0,weight_compensation_2726_810_physical,c24q3,0.0
u-math high pre_vs_cool seed0,weight_compensation_2726_810_physical,c24q4,0.0
u-math high pre_vs_cool seed0,weight_compensation_2726_810_physical,c25q0,0.0
u-math high pre_vs_cool seed0,weight_compensation_2726_810_physical,c25q1,0.0
u-math high pre_vs_cool seed0,weight_compensation_2726_810_physical,c25q2,0.0
u-math high pre_vs_cool seed0,weight_compensation_2726_810_physical,c25q3,0.0
u-math high pre_vs_cool seed0,weight_compensation_2726_810_physical,c25q4,0.0
u-math high pre_vs_cool seed0,weight_compensation_2726_810_physical,c26q0,0.0
u-math high pre_vs_cool seed0,weight_compensation_2726_810_physical,c26q1,0.0
u-math high pre_vs_cool seed0,weight_compensation_2726_810_physical,c26q2,0.0
u-math high pre_vs_cool seed0,weight_compensation_2726_810_physical,c26q3,0.0
u-math high pre_vs_cool seed0,weight_compensation_2726_810_physical,c26q4,0.0
u-math high pre_vs_cool seed0,weight_compensation_2726_810_physical,c27q0,0.0
u-math high pre_vs_cool seed0,weight_compensation_2726_810_physical,c27q1,0.0
u-math high pre_vs_cool seed0,weight_compensation_2726_810_physical,c27q2,0.0
u-math high pre_vs_cool seed0,weight_compensation_2726_810_physical,c27q3,0.0
u-math high pre_vs_cool seed0,weight_compensation_2726_810_physical,c27q4,0.0
u-math high pre_vs_cool seed0,weight_compensation_2726_810_physical,c28q0,0.0
u-math high pre_vs_cool seed0,weight_compensation_2726_810_physical,c28q1,0.0
u-math high pre_vs_cool seed0,weight_compensation_2726_810_physical,c28q2,0.0
u-math high pre_vs_cool seed0,weight_compensation_2726_810_physical,c28q3,0.0
u-math high pre_vs_cool seed0,weight_compensation_2726_810_physical,c28q4,0.0
u-math high pre_vs_cool seed0,weight_compensation_2726_810_physical,c29q0,0.0
u-math high pre_vs_cool seed0,weight_compensation_2726_810_physical,c29q1,0.0
u-math high pre_vs_cool seed0,weight_compensation_2726_810_physical,c29q2,0.0
u-math high pre_vs_cool seed0,weight_compensation_2726_810_physical,c29q3,0.0
u-math high pre_vs_cool seed0,weight_compensation_2726_810_physical,c29q4,0.0
u-math high pre_vs_cool seed0,weight_compensation_2726_810_physical,c30q0,0.0
u-math high pre_vs_cool seed0,weight_compensation_2726_810_physical,c30q1,0.0
u-math high pre_vs_cool seed0,weight_compensation_2726_810_physical,c30q2,0.0
u-math high pre_vs_cool seed0,weight_compensation_2726_810_physical,c30q3,0.0
u-math high pre_vs_cool seed0,weight_compensation_2726_810_physical,c30q4,0.0
u-math high pre_vs_cool seed0,weight_compensation_2726_810_physical,c31q0,0.0
u-math high pre_vs_cool seed0,weight_compensation_2726_810_physical,c31q1,0.0
u-math high pre_vs_cool seed0,weight_compensation_2726_810_physical,c31q2,0.0
u-math high pre_vs_cool seed0,weight_compensation_2726_810_physical,c31q3,0.0
u-math high pre_vs_cool seed0,weight_compensation_2726_810_physical,c31q4,0.0
u-math high pre_vs_cool seed0,weight_compensation_2726_810_physical,c32q0,0.0
u-math high pre_vs_cool seed0,weight_compensation_2726_810_physical,c32q1,0.0
u-math high pre_vs_cool seed0,weight_compensation_2726_810_physical,c32q2,0.0
u-math high pre_vs_cool seed0,weight_compensation_2726_810_physical,c32q3,0.0
u-math high pre_vs_cool seed0,weight_compensation_2726_810_physical,c32q4,0.0
u-math high pre_vs_cool seed0,weight_compensation_2726_810_physical,c33q0,0.0
u-math high pre_vs_cool seed0,weight_compensation_2726_810_physical,c33q1,0.0
u-math high pre_vs_cool seed0,weight_compensation_2726_810_physical,c33q2,0.0
u-math high pre_vs_cool seed0,weight_compensation_2726_810_physical,c33q3,0.0
u-math high pre_vs_cool seed0,weight_compensation_2726_810_physical,c33q4,0.0
u-math high pre_vs_cool seed0,weight_compensation_2726_810_physical,c34q0,0.0
u-math high pre_vs_cool seed0,weight_compensation_2726_810_physical,c34q1,0.0
u-math high pre_vs_cool seed0,weight_compensation_2726_810_physical,c34q2,0.0
u-math high pre_vs_cool seed0,weight_compensation_2726_810_physical,c34q3,0.0
u-math high pre_vs_cool seed0,weight_compensation_2726_810_physical,c34q4,0.0
u-math high pre_vs_cool seed0,weight_compensation_2726_810_physical,c35q0,0.0
u-math high pre_vs_cool seed0,weight_compensation_2726_810_physical,c35q1,0.0
u-math high pre_vs_cool seed0,weight_compensation_2726_810_physical,c35q2,0.0
u-math high pre_vs_cool seed0,weight_compensation_2726_810_physical,c35q3,0.0
u-math high pre_vs_cool seed0,weight_compensation_2726_810_physical,c35q4,0.0
u-math high pre_vs_cool seed0,weight_compensation_2726_810_physical,c36q0,0.0
u-math high pre_vs_cool seed0,weight_compensation_2726_810_physical,c36q1,0.0
u-math high pre_vs_cool seed0,weight_compensation_2726_810_physical,c36q2,0.0
u-math high pre_vs_cool seed0,weight_compensation_2726_810_physical,c36q3,0.0
u-math high pre_vs_cool seed0,weight_compensation_2726_810_physical,c36q4,0.0
u-math high pre_vs_cool seed0,weight_compensation_2726_810_physical,c37q0,0.0
u-math high pre_vs_cool seed0,weight_compensation_2726_810_physical,c37q1,0.0
u-math high pre_vs_cool seed0,weight_compensation_2726_810_physical,c37q2,0.0
u-math high pre_vs_cool seed0,weight_compensation_2726_810_physical,c37q3,0.0
u-math high pre_vs_cool seed0,weight_compensation_2726_810_physical,c37q4,0.0
u-math high pre_vs_cool seed0,weight_compensation_2726_810_physical,c38q0,0.0
u-math high pre_vs_cool seed0,weight_compensation_2726_810_physical,c38q1,0.0
u-math high pre_vs_cool seed0,weight_compensation_2726_810_physical,c38q2,0.0
u-math high pre_vs_cool seed0,weight_compensation_2726_810_physical,c38q3,0.0
u-math high pre_vs_cool seed0,weight_compensation_2726_810_physical,c38q4,0.0
u-math high pre_vs_cool seed0,weight_compensation_2726_810_physical,c39q0,-2.3283064365386963e-10
u-math high pre_vs_cool seed0,weight_compensation_2726_810_physical,c39q1,-1.862645149230957e-09
u-math high pre_vs_cool seed0,weight_compensation_2726_810_physical,c39q2,1.862645149230957e-08
u-math high pre_vs_cool seed0,weight_compensation_2726_810_physical,c39q3,-5.587935447692871e-09
u-math high pre_vs_cool seed0,weight_compensation_2726_810_physical,c39q4,1.862645149230957e-09
u-math high pre_vs_cool seed0,observed_2727_810_physical,c00q0,0.0
u-math high pre_vs_cool seed0,observed_2727_810_physical,c00q1,0.0
u-math high pre_vs_cool seed0,observed_2727_810_physical,c00q2,0.0
u-math high pre_vs_cool seed0,observed_2727_810_physical,c00q3,0.0
u-math high pre_vs_cool seed0,observed_2727_810_physical,c00q4,0.0
u-math high pre_vs_cool seed0,observed_2727_810_physical,c01q0,0.0
u-math high pre_vs_cool seed0,observed_2727_810_physical,c01q1,0.0
u-math high pre_vs_cool seed0,observed_2727_810_physical,c01q2,0.0
u-math high pre_vs_cool seed0,observed_2727_810_physical,c01q3,0.0
u-math high pre_vs_cool seed0,observed_2727_810_physical,c01q4,0.0
u-math high pre_vs_cool seed0,observed_2727_810_physical,c02q0,0.0
u-math high pre_vs_cool seed0,observed_2727_810_physical,c02q1,0.0
u-math high pre_vs_cool seed0,observed_2727_810_physical,c02q2,0.0
u-math high pre_vs_cool seed0,observed_2727_810_physical,c02q3,0.0
u-math high pre_vs_cool seed0,observed_2727_810_physical,c02q4,0.0
u-math high pre_vs_cool seed0,observed_2727_810_physical,c03q0,0.0
u-math high pre_vs_cool seed0,observed_2727_810_physical,c03q1,0.0
u-math high pre_vs_cool seed0,observed_2727_810_physical,c03q2,0.0
u-math high pre_vs_cool seed0,observed_2727_810_physical,c03q3,0.0
u-math high pre_vs_cool seed0,observed_2727_810_physical,c03q4,0.0
u-math high pre_vs_cool seed0,observed_2727_810_physical,c04q0,0.0
u-math high pre_vs_cool seed0,observed_2727_810_physical,c04q1,0.0
u-math high pre_vs_cool seed0,observed_2727_810_physical,c04q2,0.0
u-math high pre_vs_cool seed0,observed_2727_810_physical,c04q3,0.0
u-math high pre_vs_cool seed0,observed_2727_810_physical,c04q4,0.0
u-math high pre_vs_cool seed0,observed_2727_810_physical,c05q0,0.0
u-math high pre_vs_cool seed0,observed_2727_810_physical,c05q1,0.0
u-math high pre_vs_cool seed0,observed_2727_810_physical,c05q2,0.0
u-math high pre_vs_cool seed0,observed_2727_810_physical,c05q3,0.0
u-math high pre_vs_cool seed0,observed_2727_810_physical,c05q4,0.0
u-math high pre_vs_cool seed0,observed_2727_810_physical,c06q0,0.0
u-math high pre_vs_cool seed0,observed_2727_810_physical,c06q1,0.0
u-math high pre_vs_cool seed0,observed_2727_810_physical,c06q2,0.0
u-math high pre_vs_cool seed0,observed_2727_810_physical,c06q3,0.0
u-math high pre_vs_cool seed0,observed_2727_810_physical,c06q4,0.0
u-math high pre_vs_cool seed0,observed_2727_810_physical,c07q0,0.0
u-math high pre_vs_cool seed0,observed_2727_810_physical,c07q1,0.0
u-math high pre_vs_cool seed0,observed_2727_810_physical,c07q2,0.0
u-math high pre_vs_cool seed0,observed_2727_810_physical,c07q3,0.0
u-math high pre_vs_cool seed0,observed_2727_810_physical,c07q4,0.0
u-math high pre_vs_cool seed0,observed_2727_810_physical,c08q0,0.0
u-math high pre_vs_cool seed0,observed_2727_810_physical,c08q1,0.0
u-math high pre_vs_cool seed0,observed_2727_810_physical,c08q2,0.0
u-math high pre_vs_cool seed0,observed_2727_810_physical,c08q3,0.0
u-math high pre_vs_cool seed0,observed_2727_810_physical,c08q4,0.0
u-math high pre_vs_cool seed0,observed_2727_810_physical,c09q0,0.0
u-math high pre_vs_cool seed0,observed_2727_810_physical,c09q1,0.0
u-math high pre_vs_cool seed0,observed_2727_810_physical,c09q2,0.0
u-math high pre_vs_cool seed0,observed_2727_810_physical,c09q3,0.0
u-math high pre_vs_cool seed0,observed_2727_810_physical,c09q4,0.0
u-math high pre_vs_cool seed0,observed_2727_810_physical,c10q0,0.0
u-math high pre_vs_cool seed0,observed_2727_810_physical,c10q1,0.0
u-math high pre_vs_cool seed0,observed_2727_810_physical,c10q2,0.0
u-math high pre_vs_cool seed0,observed_2727_810_physical,c10q3,0.0
u-math high pre_vs_cool seed0,observed_2727_810_physical,c10q4,0.0
u-math high pre_vs_cool seed0,observed_2727_810_physical,c11q0,0.0
u-math high pre_vs_cool seed0,observed_2727_810_physical,c11q1,0.0
u-math high pre_vs_cool seed0,observed_2727_810_physical,c11q2,0.0
u-math high pre_vs_cool seed0,observed_2727_810_physical,c11q3,0.0
u-math high pre_vs_cool seed0,observed_2727_810_physical,c11q4,0.0
u-math high pre_vs_cool seed0,observed_2727_810_physical,c12q0,0.0
u-math high pre_vs_cool seed0,observed_2727_810_physical,c12q1,0.0
u-math high pre_vs_cool seed0,observed_2727_810_physical,c12q2,0.0
u-math high pre_vs_cool seed0,observed_2727_810_physical,c12q3,0.0
u-math high pre_vs_cool seed0,observed_2727_810_physical,c12q4,0.0
u-math high pre_vs_cool seed0,observed_2727_810_physical,c13q0,0.0
u-math high pre_vs_cool seed0,observed_2727_810_physical,c13q1,0.0
u-math high pre_vs_cool seed0,observed_2727_810_physical,c13q2,0.0
u-math high pre_vs_cool seed0,observed_2727_810_physical,c13q3,0.0
u-math high pre_vs_cool seed0,observed_2727_810_physical,c13q4,0.0
u-math high pre_vs_cool seed0,observed_2727_810_physical,c14q0,0.0
u-math high pre_vs_cool seed0,observed_2727_810_physical,c14q1,0.0
u-math high pre_vs_cool seed0,observed_2727_810_physical,c14q2,0.0
u-math high pre_vs_cool seed0,observed_2727_810_physical,c14q3,0.0
u-math high pre_vs_cool seed0,observed_2727_810_physical,c14q4,0.0
u-math high pre_vs_cool seed0,observed_2727_810_physical,c15q0,0.0
u-math high pre_vs_cool seed0,observed_2727_810_physical,c15q1,0.0
u-math high pre_vs_cool seed0,observed_2727_810_physical,c15q2,0.0
u-math high pre_vs_cool seed0,observed_2727_810_physical,c15q3,0.0
u-math high pre_vs_cool seed0,observed_2727_810_physical,c15q4,0.0
u-math high pre_vs_cool seed0,observed_2727_810_physical,c16q0,0.0
u-math high pre_vs_cool seed0,observed_2727_810_physical,c16q1,0.0
u-math high pre_vs_cool seed0,observed_2727_810_physical,c16q2,0.0
u-math high pre_vs_cool seed0,observed_2727_810_physical,c16q3,0.0
u-math high pre_vs_cool seed0,observed_2727_810_physical,c16q4,0.0
u-math high pre_vs_cool seed0,observed_2727_810_physical,c17q0,0.0
u-math high pre_vs_cool seed0,observed_2727_810_physical,c17q1,0.0
u-math high pre_vs_cool seed0,observed_2727_810_physical,c17q2,0.0
u-math high pre_vs_cool seed0,observed_2727_810_physical,c17q3,0.0
u-math high pre_vs_cool seed0,observed_2727_810_physical,c17q4,0.0
u-math high pre_vs_cool seed0,observed_2727_810_physical,c18q0,0.0
u-math high pre_vs_cool seed0,observed_2727_810_physical,c18q1,0.0
u-math high pre_vs_cool seed0,observed_2727_810_physical,c18q2,0.0
u-math high pre_vs_cool seed0,observed_2727_810_physical,c18q3,0.0
u-math high pre_vs_cool seed0,observed_2727_810_physical,c18q4,0.0
u-math high pre_vs_cool seed0,observed_2727_810_physical,c19q0,0.0
u-math high pre_vs_cool seed0,observed_2727_810_physical,c19q1,0.0
u-math high pre_vs_cool seed0,observed_2727_810_physical,c19q2,0.0
u-math high pre_vs_cool seed0,observed_2727_810_physical,c19q3,0.0
u-math high pre_vs_cool seed0,observed_2727_810_physical,c19q4,0.0
u-math high pre_vs_cool seed0,observed_2727_810_physical,c20q0,0.0
u-math high pre_vs_cool seed0,observed_2727_810_physical,c20q1,0.0
u-math high pre_vs_cool seed0,observed_2727_810_physical,c20q2,0.0
u-math high pre_vs_cool seed0,observed_2727_810_physical,c20q3,0.0
u-math high pre_vs_cool seed0,observed_2727_810_physical,c20q4,0.0
u-math high pre_vs_cool seed0,observed_2727_810_physical,c21q0,81.25316448381636
u-math high pre_vs_cool seed0,observed_2727_810_physical,c21q1,1083.685516258236
u-math high pre_vs_cool seed0,observed_2727_810_physical,c21q2,4205.560951771215
u-math high pre_vs_cool seed0,observed_2727_810_physical,c21q3,3094.9438442476094
u-math high pre_vs_cool seed0,observed_2727_810_physical,c21q4,2020.3165232483298
u-math high pre_vs_cool seed0,observed_2727_810_physical,c22q0,0.0
u-math high pre_vs_cool seed0,observed_2727_810_physical,c22q1,0.0
u-math high pre_vs_cool seed0,observed_2727_810_physical,c22q2,0.0
u-math high pre_vs_cool seed0,observed_2727_810_physical,c22q3,0.0
u-math high pre_vs_cool seed0,observed_2727_810_physical,c22q4,0.0
u-math high pre_vs_cool seed0,observed_2727_810_physical,c23q0,0.0
u-math high pre_vs_cool seed0,observed_2727_810_physical,c23q1,0.0
u-math high pre_vs_cool seed0,observed_2727_810_physical,c23q2,0.0
u-math high pre_vs_cool seed0,observed_2727_810_physical,c23q3,0.0
u-math high pre_vs_cool seed0,observed_2727_810_physical,c23q4,0.0
u-math high pre_vs_cool seed0,observed_2727_810_physical,c24q0,0.0
u-math high pre_vs_cool seed0,observed_2727_810_physical,c24q1,0.0
u-math high pre_vs_cool seed0,observed_2727_810_physical,c24q2,0.0
u-math high pre_vs_cool seed0,observed_2727_810_physical,c24q3,0.0
u-math high pre_vs_cool seed0,observed_2727_810_physical,c24q4,0.0
u-math high pre_vs_cool seed0,observed_2727_810_physical,c25q0,0.0
u-math high pre_vs_cool seed0,observed_2727_810_physical,c25q1,0.0
u-math high pre_vs_cool seed0,observed_2727_810_physical,c25q2,0.0
u-math high pre_vs_cool seed0,observed_2727_810_physical,c25q3,0.0
u-math high pre_vs_cool seed0,observed_2727_810_physical,c25q4,0.0
u-math high pre_vs_cool seed0,observed_2727_810_physical,c26q0,0.0
u-math high pre_vs_cool seed0,observed_2727_810_physical,c26q1,0.0
u-math high pre_vs_cool seed0,observed_2727_810_physical,c26q2,0.0
u-math high pre_vs_cool seed0,observed_2727_810_physical,c26q3,0.0
u-math high pre_vs_cool seed0,observed_2727_810_physical,c26q4,0.0
u-math high pre_vs_cool seed0,observed_2727_810_physical,c27q0,0.0
u-math high pre_vs_cool seed0,observed_2727_810_physical,c27q1,0.0
u-math high pre_vs_cool seed0,observed_2727_810_physical,c27q2,0.0
u-math high pre_vs_cool seed0,observed_2727_810_physical,c27q3,0.0
u-math high pre_vs_cool seed0,observed_2727_810_physical,c27q4,0.0
u-math high pre_vs_cool seed0,observed_2727_810_physical,c28q0,0.0
u-math high pre_vs_cool seed0,observed_2727_810_physical,c28q1,0.0
u-math high pre_vs_cool seed0,observed_2727_810_physical,c28q2,0.0
u-math high pre_vs_cool seed0,observed_2727_810_physical,c28q3,0.0
u-math high pre_vs_cool seed0,observed_2727_810_physical,c28q4,0.0
u-math high pre_vs_cool seed0,observed_2727_810_physical,c29q0,0.0
u-math high pre_vs_cool seed0,observed_2727_810_physical,c29q1,0.0
u-math high pre_vs_cool seed0,observed_2727_810_physical,c29q2,0.0
u-math high pre_vs_cool seed0,observed_2727_810_physical,c29q3,0.0
u-math high pre_vs_cool seed0,observed_2727_810_physical,c29q4,0.0
u-math high pre_vs_cool seed0,observed_2727_810_physical,c30q0,0.0
u-math high pre_vs_cool seed0,observed_2727_810_physical,c30q1,0.0
u-math high pre_vs_cool seed0,observed_2727_810_physical,c30q2,0.0
u-math high pre_vs_cool seed0,observed_2727_810_physical,c30q3,0.0
u-math high pre_vs_cool seed0,observed_2727_810_physical,c30q4,0.0
u-math high pre_vs_cool seed0,observed_2727_810_physical,c31q0,0.0
u-math high pre_vs_cool seed0,observed_2727_810_physical,c31q1,0.0
u-math high pre_vs_cool seed0,observed_2727_810_physical,c31q2,0.0
u-math high pre_vs_cool seed0,observed_2727_810_physical,c31q3,0.0
u-math high pre_vs_cool seed0,observed_2727_810_physical,c31q4,0.0
u-math high pre_vs_cool seed0,observed_2727_810_physical,c32q0,0.0
u-math high pre_vs_cool seed0,observed_2727_810_physical,c32q1,0.0
u-math high pre_vs_cool seed0,observed_2727_810_physical,c32q2,0.0
u-math high pre_vs_cool seed0,observed_2727_810_physical,c32q3,0.0
u-math high pre_vs_cool seed0,observed_2727_810_physical,c32q4,0.0
u-math high pre_vs_cool seed0,observed_2727_810_physical,c33q0,0.0
u-math high pre_vs_cool seed0,observed_2727_810_physical,c33q1,0.0
u-math high pre_vs_cool seed0,observed_2727_810_physical,c33q2,0.0
u-math high pre_vs_cool seed0,observed_2727_810_physical,c33q3,0.0
u-math high pre_vs_cool seed0,observed_2727_810_physical,c33q4,0.0
u-math high pre_vs_cool seed0,observed_2727_810_physical,c34q0,0.0
u-math high pre_vs_cool seed0,observed_2727_810_physical,c34q1,0.0
u-math high pre_vs_cool seed0,observed_2727_810_physical,c34q2,0.0
u-math high pre_vs_cool seed0,observed_2727_810_physical,c34q3,0.0
u-math high pre_vs_cool seed0,observed_2727_810_physical,c34q4,0.0
u-math high pre_vs_cool seed0,observed_2727_810_physical,c35q0,0.0
u-math high pre_vs_cool seed0,observed_2727_810_physical,c35q1,0.0
u-math high pre_vs_cool seed0,observed_2727_810_physical,c35q2,0.0
u-math high pre_vs_cool seed0,observed_2727_810_physical,c35q3,0.0
u-math high pre_vs_cool seed0,observed_2727_810_physical,c35q4,0.0
u-math high pre_vs_cool seed0,observed_2727_810_physical,c36q0,0.0
u-math high pre_vs_cool seed0,observed_2727_810_physical,c36q1,0.0
u-math high pre_vs_cool seed0,observed_2727_810_physical,c36q2,0.0
u-math high pre_vs_cool seed0,observed_2727_810_physical,c36q3,0.0
u-math high pre_vs_cool seed0,observed_2727_810_physical,c36q4,0.0
u-math high pre_vs_cool seed0,observed_2727_810_physical,c37q0,0.0
u-math high pre_vs_cool seed0,observed_2727_810_physical,c37q1,0.0
u-math high pre_vs_cool seed0,observed_2727_810_physical,c37q2,0.0
u-math high pre_vs_cool seed0,observed_2727_810_physical,c37q3,0.0
u-math high pre_vs_cool seed0,observed_2727_810_physical,c37q4,0.0
u-math high pre_vs_cool seed0,observed_2727_810_physical,c38q0,0.0
u-math high pre_vs_cool seed0,observed_2727_810_physical,c38q1,0.0
u-math high pre_vs_cool seed0,observed_2727_810_physical,c38q2,0.0
u-math high pre_vs_cool seed0,observed_2727_810_physical,c38q3,0.0
u-math high pre_vs_cool seed0,observed_2727_810_physical,c38q4,0.0
u-math high pre_vs_cool seed0,observed_2727_810_physical,c39q0,-81.25316448442754
u-math high pre_vs_cool seed0,observed_2727_810_physical,c39q1,-1083.685516259633
u-math high pre_vs_cool seed0,observed_2727_810_physical,c39q2,-4205.560951747
u-math high pre_vs_cool seed0,observed_2727_810_physical,c39q3,-3094.9438442476094
u-math high pre_vs_cool seed0,observed_2727_810_physical,c39q4,-2020.3165232483298
u-math low pre_vs_cool seed0,registry_nominal_simulated,c00q0,0.0
u-math low pre_vs_cool seed0,registry_nominal_simulated,c00q1,0.0
u-math low pre_vs_cool seed0,registry_nominal_simulated,c00q2,0.0
u-math low pre_vs_cool seed0,registry_nominal_simulated,c00q3,0.0
u-math low pre_vs_cool seed0,registry_nominal_simulated,c00q4,0.0
u-math low pre_vs_cool seed0,registry_nominal_simulated,c01q0,0.0
u-math low pre_vs_cool seed0,registry_nominal_simulated,c01q1,0.0
u-math low pre_vs_cool seed0,registry_nominal_simulated,c01q2,0.0
u-math low pre_vs_cool seed0,registry_nominal_simulated,c01q3,0.0
u-math low pre_vs_cool seed0,registry_nominal_simulated,c01q4,0.0
u-math low pre_vs_cool seed0,registry_nominal_simulated,c02q0,0.0
u-math low pre_vs_cool seed0,registry_nominal_simulated,c02q1,0.0
u-math low pre_vs_cool seed0,registry_nominal_simulated,c02q2,0.0
u-math low pre_vs_cool seed0,registry_nominal_simulated,c02q3,0.0
u-math low pre_vs_cool seed0,registry_nominal_simulated,c02q4,0.0
u-math low pre_vs_cool seed0,registry_nominal_simulated,c03q0,0.0
u-math low pre_vs_cool seed0,registry_nominal_simulated,c03q1,0.0
u-math low pre_vs_cool seed0,registry_nominal_simulated,c03q2,0.0
u-math low pre_vs_cool seed0,registry_nominal_simulated,c03q3,0.0
u-math low pre_vs_cool seed0,registry_nominal_simulated,c03q4,0.0
u-math low pre_vs_cool seed0,registry_nominal_simulated,c04q0,0.0
u-math low pre_vs_cool seed0,registry_nominal_simulated,c04q1,0.0
u-math low pre_vs_cool seed0,registry_nominal_simulated,c04q2,0.0
u-math low pre_vs_cool seed0,registry_nominal_simulated,c04q3,0.0
u-math low pre_vs_cool seed0,registry_nominal_simulated,c04q4,0.0
u-math low pre_vs_cool seed0,registry_nominal_simulated,c05q0,0.0
u-math low pre_vs_cool seed0,registry_nominal_simulated,c05q1,0.0
u-math low pre_vs_cool seed0,registry_nominal_simulated,c05q2,0.0
u-math low pre_vs_cool seed0,registry_nominal_simulated,c05q3,0.0
u-math low pre_vs_cool seed0,registry_nominal_simulated,c05q4,0.0
u-math low pre_vs_cool seed0,registry_nominal_simulated,c06q0,0.0
u-math low pre_vs_cool seed0,registry_nominal_simulated,c06q1,0.0
u-math low pre_vs_cool seed0,registry_nominal_simulated,c06q2,0.0
u-math low pre_vs_cool seed0,registry_nominal_simulated,c06q3,0.0
u-math low pre_vs_cool seed0,registry_nominal_simulated,c06q4,0.0
u-math low pre_vs_cool seed0,registry_nominal_simulated,c07q0,0.0
u-math low pre_vs_cool seed0,registry_nominal_simulated,c07q1,0.0
u-math low pre_vs_cool seed0,registry_nominal_simulated,c07q2,0.0
u-math low pre_vs_cool seed0,registry_nominal_simulated,c07q3,0.0
u-math low pre_vs_cool seed0,registry_nominal_simulated,c07q4,0.0
u-math low pre_vs_cool seed0,registry_nominal_simulated,c08q0,0.0
u-math low pre_vs_cool seed0,registry_nominal_simulated,c08q1,0.0
u-math low pre_vs_cool seed0,registry_nominal_simulated,c08q2,0.0
u-math low pre_vs_cool seed0,registry_nominal_simulated,c08q3,0.0
u-math low pre_vs_cool seed0,registry_nominal_simulated,c08q4,0.0
u-math low pre_vs_cool seed0,registry_nominal_simulated,c09q0,0.0
u-math low pre_vs_cool seed0,registry_nominal_simulated,c09q1,0.0
u-math low pre_vs_cool seed0,registry_nominal_simulated,c09q2,0.0
u-math low pre_vs_cool seed0,registry_nominal_simulated,c09q3,0.0
u-math low pre_vs_cool seed0,registry_nominal_simulated,c09q4,0.0
u-math low pre_vs_cool seed0,registry_nominal_simulated,c10q0,0.0
u-math low pre_vs_cool seed0,registry_nominal_simulated,c10q1,0.0
u-math low pre_vs_cool seed0,registry_nominal_simulated,c10q2,0.0
u-math low pre_vs_cool seed0,registry_nominal_simulated,c10q3,0.0
u-math low pre_vs_cool seed0,registry_nominal_simulated,c10q4,0.0
u-math low pre_vs_cool seed0,registry_nominal_simulated,c11q0,0.0
u-math low pre_vs_cool seed0,registry_nominal_simulated,c11q1,0.0
u-math low pre_vs_cool seed0,registry_nominal_simulated,c11q2,0.0
u-math low pre_vs_cool seed0,registry_nominal_simulated,c11q3,0.0
u-math low pre_vs_cool seed0,registry_nominal_simulated,c11q4,0.0
u-math low pre_vs_cool seed0,registry_nominal_simulated,c12q0,0.0
u-math low pre_vs_cool seed0,registry_nominal_simulated,c12q1,0.0
u-math low pre_vs_cool seed0,registry_nominal_simulated,c12q2,0.0
u-math low pre_vs_cool seed0,registry_nominal_simulated,c12q3,0.0
u-math low pre_vs_cool seed0,registry_nominal_simulated,c12q4,0.0
u-math low pre_vs_cool seed0,registry_nominal_simulated,c13q0,0.0
u-math low pre_vs_cool seed0,registry_nominal_simulated,c13q1,0.0
u-math low pre_vs_cool seed0,registry_nominal_simulated,c13q2,0.0
u-math low pre_vs_cool seed0,registry_nominal_simulated,c13q3,0.0
u-math low pre_vs_cool seed0,registry_nominal_simulated,c13q4,0.0
u-math low pre_vs_cool seed0,registry_nominal_simulated,c14q0,0.0
u-math low pre_vs_cool seed0,registry_nominal_simulated,c14q1,0.0
u-math low pre_vs_cool seed0,registry_nominal_simulated,c14q2,0.0
u-math low pre_vs_cool seed0,registry_nominal_simulated,c14q3,0.0
u-math low pre_vs_cool seed0,registry_nominal_simulated,c14q4,0.0
u-math low pre_vs_cool seed0,registry_nominal_simulated,c15q0,0.0
u-math low pre_vs_cool seed0,registry_nominal_simulated,c15q1,0.0
u-math low pre_vs_cool seed0,registry_nominal_simulated,c15q2,0.0
u-math low pre_vs_cool seed0,registry_nominal_simulated,c15q3,0.0
u-math low pre_vs_cool seed0,registry_nominal_simulated,c15q4,0.0
u-math low pre_vs_cool seed0,registry_nominal_simulated,c16q0,0.0
u-math low pre_vs_cool seed0,registry_nominal_simulated,c16q1,0.0
u-math low pre_vs_cool seed0,registry_nominal_simulated,c16q2,0.0
u-math low pre_vs_cool seed0,registry_nominal_simulated,c16q3,0.0
u-math low pre_vs_cool seed0,registry_nominal_simulated,c16q4,0.0
u-math low pre_vs_cool seed0,registry_nominal_simulated,c17q0,0.0
u-math low pre_vs_cool seed0,registry_nominal_simulated,c17q1,0.0
u-math low pre_vs_cool seed0,registry_nominal_simulated,c17q2,0.0
u-math low pre_vs_cool seed0,registry_nominal_simulated,c17q3,0.0
u-math low pre_vs_cool seed0,registry_nominal_simulated,c17q4,0.0
u-math low pre_vs_cool seed0,registry_nominal_simulated,c18q0,0.0
u-math low pre_vs_cool seed0,registry_nominal_simulated,c18q1,0.0
u-math low pre_vs_cool seed0,registry_nominal_simulated,c18q2,0.0
u-math low pre_vs_cool seed0,registry_nominal_simulated,c18q3,0.0
u-math low pre_vs_cool seed0,registry_nominal_simulated,c18q4,0.0
u-math low pre_vs_cool seed0,registry_nominal_simulated,c19q0,0.0
u-math low pre_vs_cool seed0,registry_nominal_simulated,c19q1,0.0
u-math low pre_vs_cool seed0,registry_nominal_simulated,c19q2,0.0
u-math low pre_vs_cool seed0,registry_nominal_simulated,c19q3,0.0
u-math low pre_vs_cool seed0,registry_nominal_simulated,c19q4,0.0
u-math low pre_vs_cool seed0,registry_nominal_simulated,c20q0,0.0
u-math low pre_vs_cool seed0,registry_nominal_simulated,c20q1,0.0
u-math low pre_vs_cool seed0,registry_nominal_simulated,c20q2,0.0
u-math low pre_vs_cool seed0,registry_nominal_simulated,c20q3,0.0
u-math low pre_vs_cool seed0,registry_nominal_simulated,c20q4,0.0
u-math low pre_vs_cool seed0,registry_nominal_simulated,c21q0,-9775818.419431448
u-math low pre_vs_cool seed0,registry_nominal_simulated,c21q1,-130381541.42004395
u-math low pre_vs_cool seed0,registry_nominal_simulated,c21q2,-505983988.1598816
u-math low pre_vs_cool seed0,registry_nominal_simulated,c21q3,-372362224.06480217
u-math low pre_vs_cool seed0,registry_nominal_simulated,c21q4,-243070502.00992775
u-math low pre_vs_cool seed0,registry_nominal_simulated,c22q0,0.0
u-math low pre_vs_cool seed0,registry_nominal_simulated,c22q1,0.0
u-math low pre_vs_cool seed0,registry_nominal_simulated,c22q2,0.0
u-math low pre_vs_cool seed0,registry_nominal_simulated,c22q3,0.0
u-math low pre_vs_cool seed0,registry_nominal_simulated,c22q4,0.0
u-math low pre_vs_cool seed0,registry_nominal_simulated,c23q0,0.0
u-math low pre_vs_cool seed0,registry_nominal_simulated,c23q1,0.0
u-math low pre_vs_cool seed0,registry_nominal_simulated,c23q2,0.0
u-math low pre_vs_cool seed0,registry_nominal_simulated,c23q3,0.0
u-math low pre_vs_cool seed0,registry_nominal_simulated,c23q4,0.0
u-math low pre_vs_cool seed0,registry_nominal_simulated,c24q0,0.0
u-math low pre_vs_cool seed0,registry_nominal_simulated,c24q1,0.0
u-math low pre_vs_cool seed0,registry_nominal_simulated,c24q2,0.0
u-math low pre_vs_cool seed0,registry_nominal_simulated,c24q3,0.0
u-math low pre_vs_cool seed0,registry_nominal_simulated,c24q4,0.0
u-math low pre_vs_cool seed0,registry_nominal_simulated,c25q0,0.0
u-math low pre_vs_cool seed0,registry_nominal_simulated,c25q1,0.0
u-math low pre_vs_cool seed0,registry_nominal_simulated,c25q2,0.0
u-math low pre_vs_cool seed0,registry_nominal_simulated,c25q3,0.0
u-math low pre_vs_cool seed0,registry_nominal_simulated,c25q4,0.0
u-math low pre_vs_cool seed0,registry_nominal_simulated,c26q0,0.0
u-math low pre_vs_cool seed0,registry_nominal_simulated,c26q1,0.0
u-math low pre_vs_cool seed0,registry_nominal_simulated,c26q2,0.0
u-math low pre_vs_cool seed0,registry_nominal_simulated,c26q3,0.0
u-math low pre_vs_cool seed0,registry_nominal_simulated,c26q4,0.0
u-math low pre_vs_cool seed0,registry_nominal_simulated,c27q0,0.0
u-math low pre_vs_cool seed0,registry_nominal_simulated,c27q1,0.0
u-math low pre_vs_cool seed0,registry_nominal_simulated,c27q2,0.0
u-math low pre_vs_cool seed0,registry_nominal_simulated,c27q3,0.0
u-math low pre_vs_cool seed0,registry_nominal_simulated,c27q4,0.0
u-math low pre_vs_cool seed0,registry_nominal_simulated,c28q0,0.0
u-math low pre_vs_cool seed0,registry_nominal_simulated,c28q1,0.0
u-math low pre_vs_cool seed0,registry_nominal_simulated,c28q2,0.0
u-math low pre_vs_cool seed0,registry_nominal_simulated,c28q3,0.0
u-math low pre_vs_cool seed0,registry_nominal_simulated,c28q4,0.0
u-math low pre_vs_cool seed0,registry_nominal_simulated,c29q0,0.0
u-math low pre_vs_cool seed0,registry_nominal_simulated,c29q1,0.0
u-math low pre_vs_cool seed0,registry_nominal_simulated,c29q2,0.0
u-math low pre_vs_cool seed0,registry_nominal_simulated,c29q3,0.0
u-math low pre_vs_cool seed0,registry_nominal_simulated,c29q4,0.0
u-math low pre_vs_cool seed0,registry_nominal_simulated,c30q0,0.0
u-math low pre_vs_cool seed0,registry_nominal_simulated,c30q1,0.0
u-math low pre_vs_cool seed0,registry_nominal_simulated,c30q2,0.0
u-math low pre_vs_cool seed0,registry_nominal_simulated,c30q3,0.0
u-math low pre_vs_cool seed0,registry_nominal_simulated,c30q4,0.0
u-math low pre_vs_cool seed0,registry_nominal_simulated,c31q0,0.0
u-math low pre_vs_cool seed0,registry_nominal_simulated,c31q1,0.0
u-math low pre_vs_cool seed0,registry_nominal_simulated,c31q2,0.0
u-math low pre_vs_cool seed0,registry_nominal_simulated,c31q3,0.0
u-math low pre_vs_cool seed0,registry_nominal_simulated,c31q4,0.0
u-math low pre_vs_cool seed0,registry_nominal_simulated,c32q0,0.0
u-math low pre_vs_cool seed0,registry_nominal_simulated,c32q1,0.0
u-math low pre_vs_cool seed0,registry_nominal_simulated,c32q2,0.0
u-math low pre_vs_cool seed0,registry_nominal_simulated,c32q3,0.0
u-math low pre_vs_cool seed0,registry_nominal_simulated,c32q4,0.0
u-math low pre_vs_cool seed0,registry_nominal_simulated,c33q0,0.0
u-math low pre_vs_cool seed0,registry_nominal_simulated,c33q1,0.0
u-math low pre_vs_cool seed0,registry_nominal_simulated,c33q2,0.0
u-math low pre_vs_cool seed0,registry_nominal_simulated,c33q3,0.0
u-math low pre_vs_cool seed0,registry_nominal_simulated,c33q4,0.0
u-math low pre_vs_cool seed0,registry_nominal_simulated,c34q0,0.0
u-math low pre_vs_cool seed0,registry_nominal_simulated,c34q1,0.0
u-math low pre_vs_cool seed0,registry_nominal_simulated,c34q2,0.0
u-math low pre_vs_cool seed0,registry_nominal_simulated,c34q3,0.0
u-math low pre_vs_cool seed0,registry_nominal_simulated,c34q4,0.0
u-math low pre_vs_cool seed0,registry_nominal_simulated,c35q0,0.0
u-math low pre_vs_cool seed0,registry_nominal_simulated,c35q1,0.0
u-math low pre_vs_cool seed0,registry_nominal_simulated,c35q2,0.0
u-math low pre_vs_cool seed0,registry_nominal_simulated,c35q3,0.0
u-math low pre_vs_cool seed0,registry_nominal_simulated,c35q4,0.0
u-math low pre_vs_cool seed0,registry_nominal_simulated,c36q0,0.0
u-math low pre_vs_cool seed0,registry_nominal_simulated,c36q1,0.0
u-math low pre_vs_cool seed0,registry_nominal_simulated,c36q2,0.0
u-math low pre_vs_cool seed0,registry_nominal_simulated,c36q3,0.0
u-math low pre_vs_cool seed0,registry_nominal_simulated,c36q4,0.0
u-math low pre_vs_cool seed0,registry_nominal_simulated,c37q0,0.0
u-math low pre_vs_cool seed0,registry_nominal_simulated,c37q1,0.0
u-math low pre_vs_cool seed0,registry_nominal_simulated,c37q2,0.0
u-math low pre_vs_cool seed0,registry_nominal_simulated,c37q3,0.0
u-math low pre_vs_cool seed0,registry_nominal_simulated,c37q4,0.0
u-math low pre_vs_cool seed0,registry_nominal_simulated,c38q0,0.0
u-math low pre_vs_cool seed0,registry_nominal_simulated,c38q1,0.0
u-math low pre_vs_cool seed0,registry_nominal_simulated,c38q2,0.0
u-math low pre_vs_cool seed0,registry_nominal_simulated,c38q3,0.0
u-math low pre_vs_cool seed0,registry_nominal_simulated,c38q4,0.0
u-math low pre_vs_cool seed0,registry_nominal_simulated,c39q0,9775818.419432342
u-math low pre_vs_cool seed0,registry_nominal_simulated,c39q1,130381541.42004728
u-math low pre_vs_cool seed0,registry_nominal_simulated,c39q2,505983988.15983963
u-math low pre_vs_cool seed0,registry_nominal_simulated,c39q3,372362224.06480217
u-math low pre_vs_cool seed0,registry_nominal_simulated,c39q4,243070502.00992775
u-math low pre_vs_cool seed0,weight_compensation_2726_810_physical,c00q0,0.0
u-math low pre_vs_cool seed0,weight_compensation_2726_810_physical,c00q1,0.0
u-math low pre_vs_cool seed0,weight_compensation_2726_810_physical,c00q2,0.0
u-math low pre_vs_cool seed0,weight_compensation_2726_810_physical,c00q3,0.0
u-math low pre_vs_cool seed0,weight_compensation_2726_810_physical,c00q4,0.0
u-math low pre_vs_cool seed0,weight_compensation_2726_810_physical,c01q0,0.0
u-math low pre_vs_cool seed0,weight_compensation_2726_810_physical,c01q1,0.0
u-math low pre_vs_cool seed0,weight_compensation_2726_810_physical,c01q2,0.0
u-math low pre_vs_cool seed0,weight_compensation_2726_810_physical,c01q3,0.0
u-math low pre_vs_cool seed0,weight_compensation_2726_810_physical,c01q4,0.0
u-math low pre_vs_cool seed0,weight_compensation_2726_810_physical,c02q0,0.0
u-math low pre_vs_cool seed0,weight_compensation_2726_810_physical,c02q1,0.0
u-math low pre_vs_cool seed0,weight_compensation_2726_810_physical,c02q2,0.0
u-math low pre_vs_cool seed0,weight_compensation_2726_810_physical,c02q3,0.0
u-math low pre_vs_cool seed0,weight_compensation_2726_810_physical,c02q4,0.0
u-math low pre_vs_cool seed0,weight_compensation_2726_810_physical,c03q0,0.0
u-math low pre_vs_cool seed0,weight_compensation_2726_810_physical,c03q1,0.0
u-math low pre_vs_cool seed0,weight_compensation_2726_810_physical,c03q2,0.0
u-math low pre_vs_cool seed0,weight_compensation_2726_810_physical,c03q3,0.0
u-math low pre_vs_cool seed0,weight_compensation_2726_810_physical,c03q4,0.0
u-math low pre_vs_cool seed0,weight_compensation_2726_810_physical,c04q0,0.0
u-math low pre_vs_cool seed0,weight_compensation_2726_810_physical,c04q1,0.0
u-math low pre_vs_cool seed0,weight_compensation_2726_810_physical,c04q2,0.0
u-math low pre_vs_cool seed0,weight_compensation_2726_810_physical,c04q3,0.0
u-math low pre_vs_cool seed0,weight_compensation_2726_810_physical,c04q4,0.0
u-math low pre_vs_cool seed0,weight_compensation_2726_810_physical,c05q0,0.0
u-math low pre_vs_cool seed0,weight_compensation_2726_810_physical,c05q1,0.0
u-math low pre_vs_cool seed0,weight_compensation_2726_810_physical,c05q2,0.0
u-math low pre_vs_cool seed0,weight_compensation_2726_810_physical,c05q3,0.0
u-math low pre_vs_cool seed0,weight_compensation_2726_810_physical,c05q4,0.0
u-math low pre_vs_cool seed0,weight_compensation_2726_810_physical,c06q0,0.0
u-math low pre_vs_cool seed0,weight_compensation_2726_810_physical,c06q1,0.0
u-math low pre_vs_cool seed0,weight_compensation_2726_810_physical,c06q2,0.0
u-math low pre_vs_cool seed0,weight_compensation_2726_810_physical,c06q3,0.0
u-math low pre_vs_cool seed0,weight_compensation_2726_810_physical,c06q4,0.0
u-math low pre_vs_cool seed0,weight_compensation_2726_810_physical,c07q0,0.0
u-math low pre_vs_cool seed0,weight_compensation_2726_810_physical,c07q1,0.0
u-math low pre_vs_cool seed0,weight_compensation_2726_810_physical,c07q2,0.0
u-math low pre_vs_cool seed0,weight_compensation_2726_810_physical,c07q3,0.0
u-math low pre_vs_cool seed0,weight_compensation_2726_810_physical,c07q4,0.0
u-math low pre_vs_cool seed0,weight_compensation_2726_810_physical,c08q0,0.0
u-math low pre_vs_cool seed0,weight_compensation_2726_810_physical,c08q1,0.0
u-math low pre_vs_cool seed0,weight_compensation_2726_810_physical,c08q2,0.0
u-math low pre_vs_cool seed0,weight_compensation_2726_810_physical,c08q3,0.0
u-math low pre_vs_cool seed0,weight_compensation_2726_810_physical,c08q4,0.0
u-math low pre_vs_cool seed0,weight_compensation_2726_810_physical,c09q0,0.0
u-math low pre_vs_cool seed0,weight_compensation_2726_810_physical,c09q1,0.0
u-math low pre_vs_cool seed0,weight_compensation_2726_810_physical,c09q2,0.0
u-math low pre_vs_cool seed0,weight_compensation_2726_810_physical,c09q3,0.0
u-math low pre_vs_cool seed0,weight_compensation_2726_810_physical,c09q4,0.0
u-math low pre_vs_cool seed0,weight_compensation_2726_810_physical,c10q0,0.0
u-math low pre_vs_cool seed0,weight_compensation_2726_810_physical,c10q1,0.0
u-math low pre_vs_cool seed0,weight_compensation_2726_810_physical,c10q2,0.0
u-math low pre_vs_cool seed0,weight_compensation_2726_810_physical,c10q3,0.0
u-math low pre_vs_cool seed0,weight_compensation_2726_810_physical,c10q4,0.0
u-math low pre_vs_cool seed0,weight_compensation_2726_810_physical,c11q0,0.0
u-math low pre_vs_cool seed0,weight_compensation_2726_810_physical,c11q1,0.0
u-math low pre_vs_cool seed0,weight_compensation_2726_810_physical,c11q2,0.0
u-math low pre_vs_cool seed0,weight_compensation_2726_810_physical,c11q3,0.0
u-math low pre_vs_cool seed0,weight_compensation_2726_810_physical,c11q4,0.0
u-math low pre_vs_cool seed0,weight_compensation_2726_810_physical,c12q0,0.0
u-math low pre_vs_cool seed0,weight_compensation_2726_810_physical,c12q1,0.0
u-math low pre_vs_cool seed0,weight_compensation_2726_810_physical,c12q2,0.0
u-math low pre_vs_cool seed0,weight_compensation_2726_810_physical,c12q3,0.0
u-math low pre_vs_cool seed0,weight_compensation_2726_810_physical,c12q4,0.0
u-math low pre_vs_cool seed0,weight_compensation_2726_810_physical,c13q0,0.0
u-math low pre_vs_cool seed0,weight_compensation_2726_810_physical,c13q1,0.0
u-math low pre_vs_cool seed0,weight_compensation_2726_810_physical,c13q2,0.0
u-math low pre_vs_cool seed0,weight_compensation_2726_810_physical,c13q3,0.0
u-math low pre_vs_cool seed0,weight_compensation_2726_810_physical,c13q4,0.0
u-math low pre_vs_cool seed0,weight_compensation_2726_810_physical,c14q0,0.0
u-math low pre_vs_cool seed0,weight_compensation_2726_810_physical,c14q1,0.0
u-math low pre_vs_cool seed0,weight_compensation_2726_810_physical,c14q2,0.0
u-math low pre_vs_cool seed0,weight_compensation_2726_810_physical,c14q3,0.0
u-math low pre_vs_cool seed0,weight_compensation_2726_810_physical,c14q4,0.0
u-math low pre_vs_cool seed0,weight_compensation_2726_810_physical,c15q0,0.0
u-math low pre_vs_cool seed0,weight_compensation_2726_810_physical,c15q1,0.0
u-math low pre_vs_cool seed0,weight_compensation_2726_810_physical,c15q2,0.0
u-math low pre_vs_cool seed0,weight_compensation_2726_810_physical,c15q3,0.0
u-math low pre_vs_cool seed0,weight_compensation_2726_810_physical,c15q4,0.0
u-math low pre_vs_cool seed0,weight_compensation_2726_810_physical,c16q0,0.0
u-math low pre_vs_cool seed0,weight_compensation_2726_810_physical,c16q1,0.0
u-math low pre_vs_cool seed0,weight_compensation_2726_810_physical,c16q2,0.0
u-math low pre_vs_cool seed0,weight_compensation_2726_810_physical,c16q3,0.0
u-math low pre_vs_cool seed0,weight_compensation_2726_810_physical,c16q4,0.0
u-math low pre_vs_cool seed0,weight_compensation_2726_810_physical,c17q0,0.0
u-math low pre_vs_cool seed0,weight_compensation_2726_810_physical,c17q1,0.0
u-math low pre_vs_cool seed0,weight_compensation_2726_810_physical,c17q2,0.0
u-math low pre_vs_cool seed0,weight_compensation_2726_810_physical,c17q3,0.0
u-math low pre_vs_cool seed0,weight_compensation_2726_810_physical,c17q4,0.0
u-math low pre_vs_cool seed0,weight_compensation_2726_810_physical,c18q0,0.0
u-math low pre_vs_cool seed0,weight_compensation_2726_810_physical,c18q1,0.0
u-math low pre_vs_cool seed0,weight_compensation_2726_810_physical,c18q2,0.0
u-math low pre_vs_cool seed0,weight_compensation_2726_810_physical,c18q3,0.0
u-math low pre_vs_cool seed0,weight_compensation_2726_810_physical,c18q4,0.0
u-math low pre_vs_cool seed0,weight_compensation_2726_810_physical,c19q0,0.0
u-math low pre_vs_cool seed0,weight_compensation_2726_810_physical,c19q1,0.0
u-math low pre_vs_cool seed0,weight_compensation_2726_810_physical,c19q2,0.0
u-math low pre_vs_cool seed0,weight_compensation_2726_810_physical,c19q3,0.0
u-math low pre_vs_cool seed0,weight_compensation_2726_810_physical,c19q4,0.0
u-math low pre_vs_cool seed0,weight_compensation_2726_810_physical,c20q0,0.0
u-math low pre_vs_cool seed0,weight_compensation_2726_810_physical,c20q1,0.0
u-math low pre_vs_cool seed0,weight_compensation_2726_810_physical,c20q2,0.0
u-math low pre_vs_cool seed0,weight_compensation_2726_810_physical,c20q3,0.0
u-math low pre_vs_cool seed0,weight_compensation_2726_810_physical,c20q4,0.0
u-math low pre_vs_cool seed0,weight_compensation_2726_810_physical,c21q0,5.529727786779404e-10
u-math low pre_vs_cool seed0,weight_compensation_2726_810_physical,c21q1,9.313225746154785e-10
u-math low pre_vs_cool seed0,weight_compensation_2726_810_physical,c21q2,-5.587935447692871e-09
u-math low pre_vs_cool seed0,weight_compensation_2726_810_physical,c21q3,-5.587935447692871e-09
u-math low pre_vs_cool seed0,weight_compensation_2726_810_physical,c21q4,1.862645149230957e-09
u-math low pre_vs_cool seed0,weight_compensation_2726_810_physical,c22q0,0.0
u-math low pre_vs_cool seed0,weight_compensation_2726_810_physical,c22q1,0.0
u-math low pre_vs_cool seed0,weight_compensation_2726_810_physical,c22q2,0.0
u-math low pre_vs_cool seed0,weight_compensation_2726_810_physical,c22q3,0.0
u-math low pre_vs_cool seed0,weight_compensation_2726_810_physical,c22q4,0.0
u-math low pre_vs_cool seed0,weight_compensation_2726_810_physical,c23q0,0.0
u-math low pre_vs_cool seed0,weight_compensation_2726_810_physical,c23q1,0.0
u-math low pre_vs_cool seed0,weight_compensation_2726_810_physical,c23q2,0.0
u-math low pre_vs_cool seed0,weight_compensation_2726_810_physical,c23q3,0.0
u-math low pre_vs_cool seed0,weight_compensation_2726_810_physical,c23q4,0.0
u-math low pre_vs_cool seed0,weight_compensation_2726_810_physical,c24q0,0.0
u-math low pre_vs_cool seed0,weight_compensation_2726_810_physical,c24q1,0.0
u-math low pre_vs_cool seed0,weight_compensation_2726_810_physical,c24q2,0.0
u-math low pre_vs_cool seed0,weight_compensation_2726_810_physical,c24q3,0.0
u-math low pre_vs_cool seed0,weight_compensation_2726_810_physical,c24q4,0.0
u-math low pre_vs_cool seed0,weight_compensation_2726_810_physical,c25q0,0.0
u-math low pre_vs_cool seed0,weight_compensation_2726_810_physical,c25q1,0.0
u-math low pre_vs_cool seed0,weight_compensation_2726_810_physical,c25q2,0.0
u-math low pre_vs_cool seed0,weight_compensation_2726_810_physical,c25q3,0.0
u-math low pre_vs_cool seed0,weight_compensation_2726_810_physical,c25q4,0.0
u-math low pre_vs_cool seed0,weight_compensation_2726_810_physical,c26q0,0.0
u-math low pre_vs_cool seed0,weight_compensation_2726_810_physical,c26q1,0.0
u-math low pre_vs_cool seed0,weight_compensation_2726_810_physical,c26q2,0.0
u-math low pre_vs_cool seed0,weight_compensation_2726_810_physical,c26q3,0.0
u-math low pre_vs_cool seed0,weight_compensation_2726_810_physical,c26q4,0.0
u-math low pre_vs_cool seed0,weight_compensation_2726_810_physical,c27q0,0.0
u-math low pre_vs_cool seed0,weight_compensation_2726_810_physical,c27q1,0.0
u-math low pre_vs_cool seed0,weight_compensation_2726_810_physical,c27q2,0.0
u-math low pre_vs_cool seed0,weight_compensation_2726_810_physical,c27q3,0.0
u-math low pre_vs_cool seed0,weight_compensation_2726_810_physical,c27q4,0.0
u-math low pre_vs_cool seed0,weight_compensation_2726_810_physical,c28q0,0.0
u-math low pre_vs_cool seed0,weight_compensation_2726_810_physical,c28q1,0.0
u-math low pre_vs_cool seed0,weight_compensation_2726_810_physical,c28q2,0.0
u-math low pre_vs_cool seed0,weight_compensation_2726_810_physical,c28q3,0.0
u-math low pre_vs_cool seed0,weight_compensation_2726_810_physical,c28q4,0.0
u-math low pre_vs_cool seed0,weight_compensation_2726_810_physical,c29q0,0.0
u-math low pre_vs_cool seed0,weight_compensation_2726_810_physical,c29q1,0.0
u-math low pre_vs_cool seed0,weight_compensation_2726_810_physical,c29q2,0.0
u-math low pre_vs_cool seed0,weight_compensation_2726_810_physical,c29q3,0.0
u-math low pre_vs_cool seed0,weight_compensation_2726_810_physical,c29q4,0.0
u-math low pre_vs_cool seed0,weight_compensation_2726_810_physical,c30q0,0.0
u-math low pre_vs_cool seed0,weight_compensation_2726_810_physical,c30q1,0.0
u-math low pre_vs_cool seed0,weight_compensation_2726_810_physical,c30q2,0.0
u-math low pre_vs_cool seed0,weight_compensation_2726_810_physical,c30q3,0.0
u-math low pre_vs_cool seed0,weight_compensation_2726_810_physical,c30q4,0.0
u-math low pre_vs_cool seed0,weight_compensation_2726_810_physical,c31q0,0.0
u-math low pre_vs_cool seed0,weight_compensation_2726_810_physical,c31q1,0.0
u-math low pre_vs_cool seed0,weight_compensation_2726_810_physical,c31q2,0.0
u-math low pre_vs_cool seed0,weight_compensation_2726_810_physical,c31q3,0.0
u-math low pre_vs_cool seed0,weight_compensation_2726_810_physical,c31q4,0.0
u-math low pre_vs_cool seed0,weight_compensation_2726_810_physical,c32q0,0.0
u-math low pre_vs_cool seed0,weight_compensation_2726_810_physical,c32q1,0.0
u-math low pre_vs_cool seed0,weight_compensation_2726_810_physical,c32q2,0.0
u-math low pre_vs_cool seed0,weight_compensation_2726_810_physical,c32q3,0.0
u-math low pre_vs_cool seed0,weight_compensation_2726_810_physical,c32q4,0.0
u-math low pre_vs_cool seed0,weight_compensation_2726_810_physical,c33q0,0.0
u-math low pre_vs_cool seed0,weight_compensation_2726_810_physical,c33q1,0.0
u-math low pre_vs_cool seed0,weight_compensation_2726_810_physical,c33q2,0.0
u-math low pre_vs_cool seed0,weight_compensation_2726_810_physical,c33q3,0.0
u-math low pre_vs_cool seed0,weight_compensation_2726_810_physical,c33q4,0.0
u-math low pre_vs_cool seed0,weight_compensation_2726_810_physical,c34q0,0.0
u-math low pre_vs_cool seed0,weight_compensation_2726_810_physical,c34q1,0.0
u-math low pre_vs_cool seed0,weight_compensation_2726_810_physical,c34q2,0.0
u-math low pre_vs_cool seed0,weight_compensation_2726_810_physical,c34q3,0.0
u-math low pre_vs_cool seed0,weight_compensation_2726_810_physical,c34q4,0.0
u-math low pre_vs_cool seed0,weight_compensation_2726_810_physical,c35q0,0.0
u-math low pre_vs_cool seed0,weight_compensation_2726_810_physical,c35q1,0.0
u-math low pre_vs_cool seed0,weight_compensation_2726_810_physical,c35q2,0.0
u-math low pre_vs_cool seed0,weight_compensation_2726_810_physical,c35q3,0.0
u-math low pre_vs_cool seed0,weight_compensation_2726_810_physical,c35q4,0.0
u-math low pre_vs_cool seed0,weight_compensation_2726_810_physical,c36q0,0.0
u-math low pre_vs_cool seed0,weight_compensation_2726_810_physical,c36q1,0.0
u-math low pre_vs_cool seed0,weight_compensation_2726_810_physical,c36q2,0.0
u-math low pre_vs_cool seed0,weight_compensation_2726_810_physical,c36q3,0.0
u-math low pre_vs_cool seed0,weight_compensation_2726_810_physical,c36q4,0.0
u-math low pre_vs_cool seed0,weight_compensation_2726_810_physical,c37q0,0.0
u-math low pre_vs_cool seed0,weight_compensation_2726_810_physical,c37q1,0.0
u-math low pre_vs_cool seed0,weight_compensation_2726_810_physical,c37q2,0.0
u-math low pre_vs_cool seed0,weight_compensation_2726_810_physical,c37q3,0.0
u-math low pre_vs_cool seed0,weight_compensation_2726_810_physical,c37q4,0.0
u-math low pre_vs_cool seed0,weight_compensation_2726_810_physical,c38q0,0.0
u-math low pre_vs_cool seed0,weight_compensation_2726_810_physical,c38q1,0.0
u-math low pre_vs_cool seed0,weight_compensation_2726_810_physical,c38q2,0.0
u-math low pre_vs_cool seed0,weight_compensation_2726_810_physical,c38q3,0.0
u-math low pre_vs_cool seed0,weight_compensation_2726_810_physical,c38q4,0.0
u-math low pre_vs_cool seed0,weight_compensation_2726_810_physical,c39q0,2.3283064365386963e-10
u-math low pre_vs_cool seed0,weight_compensation_2726_810_physical,c39q1,1.862645149230957e-09
u-math low pre_vs_cool seed0,weight_compensation_2726_810_physical,c39q2,-2.9802322387695312e-08
u-math low pre_vs_cool seed0,weight_compensation_2726_810_physical,c39q3,5.587935447692871e-09
u-math low pre_vs_cool seed0,weight_compensation_2726_810_physical,c39q4,-1.862645149230957e-09
u-math low pre_vs_cool seed0,observed_2727_810_physical,c00q0,0.0
u-math low pre_vs_cool seed0,observed_2727_810_physical,c00q1,0.0
u-math low pre_vs_cool seed0,observed_2727_810_physical,c00q2,0.0
u-math low pre_vs_cool seed0,observed_2727_810_physical,c00q3,0.0
u-math low pre_vs_cool seed0,observed_2727_810_physical,c00q4,0.0
u-math low pre_vs_cool seed0,observed_2727_810_physical,c01q0,0.0
u-math low pre_vs_cool seed0,observed_2727_810_physical,c01q1,0.0
u-math low pre_vs_cool seed0,observed_2727_810_physical,c01q2,0.0
u-math low pre_vs_cool seed0,observed_2727_810_physical,c01q3,0.0
u-math low pre_vs_cool seed0,observed_2727_810_physical,c01q4,0.0
u-math low pre_vs_cool seed0,observed_2727_810_physical,c02q0,0.0
u-math low pre_vs_cool seed0,observed_2727_810_physical,c02q1,0.0
u-math low pre_vs_cool seed0,observed_2727_810_physical,c02q2,0.0
u-math low pre_vs_cool seed0,observed_2727_810_physical,c02q3,0.0
u-math low pre_vs_cool seed0,observed_2727_810_physical,c02q4,0.0
u-math low pre_vs_cool seed0,observed_2727_810_physical,c03q0,0.0
u-math low pre_vs_cool seed0,observed_2727_810_physical,c03q1,0.0
u-math low pre_vs_cool seed0,observed_2727_810_physical,c03q2,0.0
u-math low pre_vs_cool seed0,observed_2727_810_physical,c03q3,0.0
u-math low pre_vs_cool seed0,observed_2727_810_physical,c03q4,0.0
u-math low pre_vs_cool seed0,observed_2727_810_physical,c04q0,0.0
u-math low pre_vs_cool seed0,observed_2727_810_physical,c04q1,0.0
u-math low pre_vs_cool seed0,observed_2727_810_physical,c04q2,0.0
u-math low pre_vs_cool seed0,observed_2727_810_physical,c04q3,0.0
u-math low pre_vs_cool seed0,observed_2727_810_physical,c04q4,0.0
u-math low pre_vs_cool seed0,observed_2727_810_physical,c05q0,0.0
u-math low pre_vs_cool seed0,observed_2727_810_physical,c05q1,0.0
u-math low pre_vs_cool seed0,observed_2727_810_physical,c05q2,0.0
u-math low pre_vs_cool seed0,observed_2727_810_physical,c05q3,0.0
u-math low pre_vs_cool seed0,observed_2727_810_physical,c05q4,0.0
u-math low pre_vs_cool seed0,observed_2727_810_physical,c06q0,0.0
u-math low pre_vs_cool seed0,observed_2727_810_physical,c06q1,0.0
u-math low pre_vs_cool seed0,observed_2727_810_physical,c06q2,0.0
u-math low pre_vs_cool seed0,observed_2727_810_physical,c06q3,0.0
u-math low pre_vs_cool seed0,observed_2727_810_physical,c06q4,0.0
u-math low pre_vs_cool seed0,observed_2727_810_physical,c07q0,0.0
u-math low pre_vs_cool seed0,observed_2727_810_physical,c07q1,0.0
u-math low pre_vs_cool seed0,observed_2727_810_physical,c07q2,0.0
u-math low pre_vs_cool seed0,observed_2727_810_physical,c07q3,0.0
u-math low pre_vs_cool seed0,observed_2727_810_physical,c07q4,0.0
u-math low pre_vs_cool seed0,observed_2727_810_physical,c08q0,0.0
u-math low pre_vs_cool seed0,observed_2727_810_physical,c08q1,0.0
u-math low pre_vs_cool seed0,observed_2727_810_physical,c08q2,0.0
u-math low pre_vs_cool seed0,observed_2727_810_physical,c08q3,0.0
u-math low pre_vs_cool seed0,observed_2727_810_physical,c08q4,0.0
u-math low pre_vs_cool seed0,observed_2727_810_physical,c09q0,0.0
u-math low pre_vs_cool seed0,observed_2727_810_physical,c09q1,0.0
u-math low pre_vs_cool seed0,observed_2727_810_physical,c09q2,0.0
u-math low pre_vs_cool seed0,observed_2727_810_physical,c09q3,0.0
u-math low pre_vs_cool seed0,observed_2727_810_physical,c09q4,0.0
u-math low pre_vs_cool seed0,observed_2727_810_physical,c10q0,0.0
u-math low pre_vs_cool seed0,observed_2727_810_physical,c10q1,0.0
u-math low pre_vs_cool seed0,observed_2727_810_physical,c10q2,0.0
u-math low pre_vs_cool seed0,observed_2727_810_physical,c10q3,0.0
u-math low pre_vs_cool seed0,observed_2727_810_physical,c10q4,0.0
u-math low pre_vs_cool seed0,observed_2727_810_physical,c11q0,0.0
u-math low pre_vs_cool seed0,observed_2727_810_physical,c11q1,0.0
u-math low pre_vs_cool seed0,observed_2727_810_physical,c11q2,0.0
u-math low pre_vs_cool seed0,observed_2727_810_physical,c11q3,0.0
u-math low pre_vs_cool seed0,observed_2727_810_physical,c11q4,0.0
u-math low pre_vs_cool seed0,observed_2727_810_physical,c12q0,0.0
u-math low pre_vs_cool seed0,observed_2727_810_physical,c12q1,0.0
u-math low pre_vs_cool seed0,observed_2727_810_physical,c12q2,0.0
u-math low pre_vs_cool seed0,observed_2727_810_physical,c12q3,0.0
u-math low pre_vs_cool seed0,observed_2727_810_physical,c12q4,0.0
u-math low pre_vs_cool seed0,observed_2727_810_physical,c13q0,0.0
u-math low pre_vs_cool seed0,observed_2727_810_physical,c13q1,0.0
u-math low pre_vs_cool seed0,observed_2727_810_physical,c13q2,0.0
u-math low pre_vs_cool seed0,observed_2727_810_physical,c13q3,0.0
u-math low pre_vs_cool seed0,observed_2727_810_physical,c13q4,0.0
u-math low pre_vs_cool seed0,observed_2727_810_physical,c14q0,0.0
u-math low pre_vs_cool seed0,observed_2727_810_physical,c14q1,0.0
u-math low pre_vs_cool seed0,observed_2727_810_physical,c14q2,0.0
u-math low pre_vs_cool seed0,observed_2727_810_physical,c14q3,0.0
u-math low pre_vs_cool seed0,observed_2727_810_physical,c14q4,0.0
u-math low pre_vs_cool seed0,observed_2727_810_physical,c15q0,0.0
u-math low pre_vs_cool seed0,observed_2727_810_physical,c15q1,0.0
u-math low pre_vs_cool seed0,observed_2727_810_physical,c15q2,0.0
u-math low pre_vs_cool seed0,observed_2727_810_physical,c15q3,0.0
u-math low pre_vs_cool seed0,observed_2727_810_physical,c15q4,0.0
u-math low pre_vs_cool seed0,observed_2727_810_physical,c16q0,0.0
u-math low pre_vs_cool seed0,observed_2727_810_physical,c16q1,0.0
u-math low pre_vs_cool seed0,observed_2727_810_physical,c16q2,0.0
u-math low pre_vs_cool seed0,observed_2727_810_physical,c16q3,0.0
u-math low pre_vs_cool seed0,observed_2727_810_physical,c16q4,0.0
u-math low pre_vs_cool seed0,observed_2727_810_physical,c17q0,0.0
u-math low pre_vs_cool seed0,observed_2727_810_physical,c17q1,0.0
u-math low pre_vs_cool seed0,observed_2727_810_physical,c17q2,0.0
u-math low pre_vs_cool seed0,observed_2727_810_physical,c17q3,0.0
u-math low pre_vs_cool seed0,observed_2727_810_physical,c17q4,0.0
u-math low pre_vs_cool seed0,observed_2727_810_physical,c18q0,0.0
u-math low pre_vs_cool seed0,observed_2727_810_physical,c18q1,0.0
u-math low pre_vs_cool seed0,observed_2727_810_physical,c18q2,0.0
u-math low pre_vs_cool seed0,observed_2727_810_physical,c18q3,0.0
u-math low pre_vs_cool seed0,observed_2727_810_physical,c18q4,0.0
u-math low pre_vs_cool seed0,observed_2727_810_physical,c19q0,0.0
u-math low pre_vs_cool seed0,observed_2727_810_physical,c19q1,0.0
u-math low pre_vs_cool seed0,observed_2727_810_physical,c19q2,0.0
u-math low pre_vs_cool seed0,observed_2727_810_physical,c19q3,0.0
u-math low pre_vs_cool seed0,observed_2727_810_physical,c19q4,0.0
u-math low pre_vs_cool seed0,observed_2727_810_physical,c20q0,0.0
u-math low pre_vs_cool seed0,observed_2727_810_physical,c20q1,0.0
u-math low pre_vs_cool seed0,observed_2727_810_physical,c20q2,0.0
u-math low pre_vs_cool seed0,observed_2727_810_physical,c20q3,0.0
u-math low pre_vs_cool seed0,observed_2727_810_physical,c20q4,0.0
u-math low pre_vs_cool seed0,observed_2727_810_physical,c21q0,-81.25316448364174
u-math low pre_vs_cool seed0,observed_2727_810_physical,c21q1,-1083.685516256839
u-math low pre_vs_cool seed0,observed_2727_810_physical,c21q2,-4205.560951773077
u-math low pre_vs_cool seed0,observed_2727_810_physical,c21q3,-3094.9438442476094
u-math low pre_vs_cool seed0,observed_2727_810_physical,c21q4,-2020.3165232483298
u-math low pre_vs_cool seed0,observed_2727_810_physical,c22q0,0.0
u-math low pre_vs_cool seed0,observed_2727_810_physical,c22q1,0.0
u-math low pre_vs_cool seed0,observed_2727_810_physical,c22q2,0.0
u-math low pre_vs_cool seed0,observed_2727_810_physical,c22q3,0.0
u-math low pre_vs_cool seed0,observed_2727_810_physical,c22q4,0.0
u-math low pre_vs_cool seed0,observed_2727_810_physical,c23q0,0.0
u-math low pre_vs_cool seed0,observed_2727_810_physical,c23q1,0.0
u-math low pre_vs_cool seed0,observed_2727_810_physical,c23q2,0.0
u-math low pre_vs_cool seed0,observed_2727_810_physical,c23q3,0.0
u-math low pre_vs_cool seed0,observed_2727_810_physical,c23q4,0.0
u-math low pre_vs_cool seed0,observed_2727_810_physical,c24q0,0.0
u-math low pre_vs_cool seed0,observed_2727_810_physical,c24q1,0.0
u-math low pre_vs_cool seed0,observed_2727_810_physical,c24q2,0.0
u-math low pre_vs_cool seed0,observed_2727_810_physical,c24q3,0.0
u-math low pre_vs_cool seed0,observed_2727_810_physical,c24q4,0.0
u-math low pre_vs_cool seed0,observed_2727_810_physical,c25q0,0.0
u-math low pre_vs_cool seed0,observed_2727_810_physical,c25q1,0.0
u-math low pre_vs_cool seed0,observed_2727_810_physical,c25q2,0.0
u-math low pre_vs_cool seed0,observed_2727_810_physical,c25q3,0.0
u-math low pre_vs_cool seed0,observed_2727_810_physical,c25q4,0.0
u-math low pre_vs_cool seed0,observed_2727_810_physical,c26q0,0.0
u-math low pre_vs_cool seed0,observed_2727_810_physical,c26q1,0.0
u-math low pre_vs_cool seed0,observed_2727_810_physical,c26q2,0.0
u-math low pre_vs_cool seed0,observed_2727_810_physical,c26q3,0.0
u-math low pre_vs_cool seed0,observed_2727_810_physical,c26q4,0.0
u-math low pre_vs_cool seed0,observed_2727_810_physical,c27q0,0.0
u-math low pre_vs_cool seed0,observed_2727_810_physical,c27q1,0.0
u-math low pre_vs_cool seed0,observed_2727_810_physical,c27q2,0.0
u-math low pre_vs_cool seed0,observed_2727_810_physical,c27q3,0.0
u-math low pre_vs_cool seed0,observed_2727_810_physical,c27q4,0.0
u-math low pre_vs_cool seed0,observed_2727_810_physical,c28q0,0.0
u-math low pre_vs_cool seed0,observed_2727_810_physical,c28q1,0.0
u-math low pre_vs_cool seed0,observed_2727_810_physical,c28q2,0.0
u-math low pre_vs_cool seed0,observed_2727_810_physical,c28q3,0.0
u-math low pre_vs_cool seed0,observed_2727_810_physical,c28q4,0.0
u-math low pre_vs_cool seed0,observed_2727_810_physical,c29q0,0.0
u-math low pre_vs_cool seed0,observed_2727_810_physical,c29q1,0.0
u-math low pre_vs_cool seed0,observed_2727_810_physical,c29q2,0.0
u-math low pre_vs_cool seed0,observed_2727_810_physical,c29q3,0.0
u-math low pre_vs_cool seed0,observed_2727_810_physical,c29q4,0.0
u-math low pre_vs_cool seed0,observed_2727_810_physical,c30q0,0.0
u-math low pre_vs_cool seed0,observed_2727_810_physical,c30q1,0.0
u-math low pre_vs_cool seed0,observed_2727_810_physical,c30q2,0.0
u-math low pre_vs_cool seed0,observed_2727_810_physical,c30q3,0.0
u-math low pre_vs_cool seed0,observed_2727_810_physical,c30q4,0.0
u-math low pre_vs_cool seed0,observed_2727_810_physical,c31q0,0.0
u-math low pre_vs_cool seed0,observed_2727_810_physical,c31q1,0.0
u-math low pre_vs_cool seed0,observed_2727_810_physical,c31q2,0.0
u-math low pre_vs_cool seed0,observed_2727_810_physical,c31q3,0.0
u-math low pre_vs_cool seed0,observed_2727_810_physical,c31q4,0.0
u-math low pre_vs_cool seed0,observed_2727_810_physical,c32q0,0.0
u-math low pre_vs_cool seed0,observed_2727_810_physical,c32q1,0.0
u-math low pre_vs_cool seed0,observed_2727_810_physical,c32q2,0.0
u-math low pre_vs_cool seed0,observed_2727_810_physical,c32q3,0.0
u-math low pre_vs_cool seed0,observed_2727_810_physical,c32q4,0.0
u-math low pre_vs_cool seed0,observed_2727_810_physical,c33q0,0.0
u-math low pre_vs_cool seed0,observed_2727_810_physical,c33q1,0.0
u-math low pre_vs_cool seed0,observed_2727_810_physical,c33q2,0.0
u-math low pre_vs_cool seed0,observed_2727_810_physical,c33q3,0.0
u-math low pre_vs_cool seed0,observed_2727_810_physical,c33q4,0.0
u-math low pre_vs_cool seed0,observed_2727_810_physical,c34q0,0.0
u-math low pre_vs_cool seed0,observed_2727_810_physical,c34q1,0.0
u-math low pre_vs_cool seed0,observed_2727_810_physical,c34q2,0.0
u-math low pre_vs_cool seed0,observed_2727_810_physical,c34q3,0.0
u-math low pre_vs_cool seed0,observed_2727_810_physical,c34q4,0.0
u-math low pre_vs_cool seed0,observed_2727_810_physical,c35q0,0.0
u-math low pre_vs_cool seed0,observed_2727_810_physical,c35q1,0.0
u-math low pre_vs_cool seed0,observed_2727_810_physical,c35q2,0.0
u-math low pre_vs_cool seed0,observed_2727_810_physical,c35q3,0.0
u-math low pre_vs_cool seed0,observed_2727_810_physical,c35q4,0.0
u-math low pre_vs_cool seed0,observed_2727_810_physical,c36q0,0.0
u-math low pre_vs_cool seed0,observed_2727_810_physical,c36q1,0.0
u-math low pre_vs_cool seed0,observed_2727_810_physical,c36q2,0.0
u-math low pre_vs_cool seed0,observed_2727_810_physical,c36q3,0.0
u-math low pre_vs_cool seed0,observed_2727_810_physical,c36q4,0.0
u-math low pre_vs_cool seed0,observed_2727_810_physical,c37q0,0.0
u-math low pre_vs_cool seed0,observed_2727_810_physical,c37q1,0.0
u-math low pre_vs_cool seed0,observed_2727_810_physical,c37q2,0.0
u-math low pre_vs_cool seed0,observed_2727_810_physical,c37q3,0.0
u-math low pre_vs_cool seed0,observed_2727_810_physical,c37q4,0.0
u-math low pre_vs_cool seed0,observed_2727_810_physical,c38q0,0.0
u-math low pre_vs_cool seed0,observed_2727_810_physical,c38q1,0.0
u-math low pre_vs_cool seed0,observed_2727_810_physical,c38q2,0.0
u-math low pre_vs_cool seed0,observed_2727_810_physical,c38q3,0.0
u-math low pre_vs_cool seed0,observed_2727_810_physical,c38q4,0.0
u-math low pre_vs_cool seed0,observed_2727_810_physical,c39q0,81.25316448442754
u-math low pre_vs_cool seed0,observed_2727_810_physical,c39q1,1083.685516259633
u-math low pre_vs_cool seed0,observed_2727_810_physical,c39q2,4205.560951735824
u-math low pre_vs_cool seed0,observed_2727_810_physical,c39q3,3094.9438442476094
u-math low pre_vs_cool seed0,observed_2727_810_physical,c39q4,2020.3165232483298
u-math swap_high_vs_low seed0,registry_nominal_simulated,c00q0,0.0
u-math swap_high_vs_low seed0,registry_nominal_simulated,c00q1,0.0
u-math swap_high_vs_low seed0,registry_nominal_simulated,c00q2,0.0
u-math swap_high_vs_low seed0,registry_nominal_simulated,c00q3,0.0
u-math swap_high_vs_low seed0,registry_nominal_simulated,c00q4,0.0
u-math swap_high_vs_low seed0,registry_nominal_simulated,c01q0,0.0
u-math swap_high_vs_low seed0,registry_nominal_simulated,c01q1,0.0
u-math swap_high_vs_low seed0,registry_nominal_simulated,c01q2,0.0
u-math swap_high_vs_low seed0,registry_nominal_simulated,c01q3,0.0
u-math swap_high_vs_low seed0,registry_nominal_simulated,c01q4,0.0
u-math swap_high_vs_low seed0,registry_nominal_simulated,c02q0,0.0
u-math swap_high_vs_low seed0,registry_nominal_simulated,c02q1,0.0
u-math swap_high_vs_low seed0,registry_nominal_simulated,c02q2,0.0
u-math swap_high_vs_low seed0,registry_nominal_simulated,c02q3,0.0
u-math swap_high_vs_low seed0,registry_nominal_simulated,c02q4,0.0
u-math swap_high_vs_low seed0,registry_nominal_simulated,c03q0,0.0
u-math swap_high_vs_low seed0,registry_nominal_simulated,c03q1,0.0
u-math swap_high_vs_low seed0,registry_nominal_simulated,c03q2,0.0
u-math swap_high_vs_low seed0,registry_nominal_simulated,c03q3,0.0
u-math swap_high_vs_low seed0,registry_nominal_simulated,c03q4,0.0
u-math swap_high_vs_low seed0,registry_nominal_simulated,c04q0,0.0
u-math swap_high_vs_low seed0,registry_nominal_simulated,c04q1,0.0
u-math swap_high_vs_low seed0,registry_nominal_simulated,c04q2,0.0
u-math swap_high_vs_low seed0,registry_nominal_simulated,c04q3,0.0
u-math swap_high_vs_low seed0,registry_nominal_simulated,c04q4,0.0
u-math swap_high_vs_low seed0,registry_nominal_simulated,c05q0,0.0
u-math swap_high_vs_low seed0,registry_nominal_simulated,c05q1,0.0
u-math swap_high_vs_low seed0,registry_nominal_simulated,c05q2,0.0
u-math swap_high_vs_low seed0,registry_nominal_simulated,c05q3,0.0
u-math swap_high_vs_low seed0,registry_nominal_simulated,c05q4,0.0
u-math swap_high_vs_low seed0,registry_nominal_simulated,c06q0,0.0
u-math swap_high_vs_low seed0,registry_nominal_simulated,c06q1,0.0
u-math swap_high_vs_low seed0,registry_nominal_simulated,c06q2,0.0
u-math swap_high_vs_low seed0,registry_nominal_simulated,c06q3,0.0
u-math swap_high_vs_low seed0,registry_nominal_simulated,c06q4,0.0
u-math swap_high_vs_low seed0,registry_nominal_simulated,c07q0,0.0
u-math swap_high_vs_low seed0,registry_nominal_simulated,c07q1,0.0
u-math swap_high_vs_low seed0,registry_nominal_simulated,c07q2,0.0
u-math swap_high_vs_low seed0,registry_nominal_simulated,c07q3,0.0
u-math swap_high_vs_low seed0,registry_nominal_simulated,c07q4,0.0
u-math swap_high_vs_low seed0,registry_nominal_simulated,c08q0,0.0
u-math swap_high_vs_low seed0,registry_nominal_simulated,c08q1,0.0
u-math swap_high_vs_low seed0,registry_nominal_simulated,c08q2,0.0
u-math swap_high_vs_low seed0,registry_nominal_simulated,c08q3,0.0
u-math swap_high_vs_low seed0,registry_nominal_simulated,c08q4,0.0
u-math swap_high_vs_low seed0,registry_nominal_simulated,c09q0,0.0
u-math swap_high_vs_low seed0,registry_nominal_simulated,c09q1,0.0
u-math swap_high_vs_low seed0,registry_nominal_simulated,c09q2,0.0
u-math swap_high_vs_low seed0,registry_nominal_simulated,c09q3,0.0
u-math swap_high_vs_low seed0,registry_nominal_simulated,c09q4,0.0
u-math swap_high_vs_low seed0,registry_nominal_simulated,c10q0,0.0
u-math swap_high_vs_low seed0,registry_nominal_simulated,c10q1,0.0
u-math swap_high_vs_low seed0,registry_nominal_simulated,c10q2,0.0
u-math swap_high_vs_low seed0,registry_nominal_simulated,c10q3,0.0
u-math swap_high_vs_low seed0,registry_nominal_simulated,c10q4,0.0
u-math swap_high_vs_low seed0,registry_nominal_simulated,c11q0,0.0
u-math swap_high_vs_low seed0,registry_nominal_simulated,c11q1,0.0
u-math swap_high_vs_low seed0,registry_nominal_simulated,c11q2,0.0
u-math swap_high_vs_low seed0,registry_nominal_simulated,c11q3,0.0
u-math swap_high_vs_low seed0,registry_nominal_simulated,c11q4,0.0
u-math swap_high_vs_low seed0,registry_nominal_simulated,c12q0,0.0
u-math swap_high_vs_low seed0,registry_nominal_simulated,c12q1,0.0
u-math swap_high_vs_low seed0,registry_nominal_simulated,c12q2,0.0
u-math swap_high_vs_low seed0,registry_nominal_simulated,c12q3,0.0
u-math swap_high_vs_low seed0,registry_nominal_simulated,c12q4,0.0
u-math swap_high_vs_low seed0,registry_nominal_simulated,c13q0,0.0
u-math swap_high_vs_low seed0,registry_nominal_simulated,c13q1,0.0
u-math swap_high_vs_low seed0,registry_nominal_simulated,c13q2,0.0
u-math swap_high_vs_low seed0,registry_nominal_simulated,c13q3,0.0
u-math swap_high_vs_low seed0,registry_nominal_simulated,c13q4,0.0
u-math swap_high_vs_low seed0,registry_nominal_simulated,c14q0,0.0
u-math swap_high_vs_low seed0,registry_nominal_simulated,c14q1,0.0
u-math swap_high_vs_low seed0,registry_nominal_simulated,c14q2,0.0
u-math swap_high_vs_low seed0,registry_nominal_simulated,c14q3,0.0
u-math swap_high_vs_low seed0,registry_nominal_simulated,c14q4,0.0
u-math swap_high_vs_low seed0,registry_nominal_simulated,c15q0,0.0
u-math swap_high_vs_low seed0,registry_nominal_simulated,c15q1,0.0
u-math swap_high_vs_low seed0,registry_nominal_simulated,c15q2,0.0
u-math swap_high_vs_low seed0,registry_nominal_simulated,c15q3,0.0
u-math swap_high_vs_low seed0,registry_nominal_simulated,c15q4,0.0
u-math swap_high_vs_low seed0,registry_nominal_simulated,c16q0,0.0
u-math swap_high_vs_low seed0,registry_nominal_simulated,c16q1,0.0
u-math swap_high_vs_low seed0,registry_nominal_simulated,c16q2,0.0
u-math swap_high_vs_low seed0,registry_nominal_simulated,c16q3,0.0
u-math swap_high_vs_low seed0,registry_nominal_simulated,c16q4,0.0
u-math swap_high_vs_low seed0,registry_nominal_simulated,c17q0,0.0
u-math swap_high_vs_low seed0,registry_nominal_simulated,c17q1,0.0
u-math swap_high_vs_low seed0,registry_nominal_simulated,c17q2,0.0
u-math swap_high_vs_low seed0,registry_nominal_simulated,c17q3,0.0
u-math swap_high_vs_low seed0,registry_nominal_simulated,c17q4,0.0
u-math swap_high_vs_low seed0,registry_nominal_simulated,c18q0,0.0
u-math swap_high_vs_low seed0,registry_nominal_simulated,c18q1,0.0
u-math swap_high_vs_low seed0,registry_nominal_simulated,c18q2,0.0
u-math swap_high_vs_low seed0,registry_nominal_simulated,c18q3,0.0
u-math swap_high_vs_low seed0,registry_nominal_simulated,c18q4,0.0
u-math swap_high_vs_low seed0,registry_nominal_simulated,c19q0,0.0
u-math swap_high_vs_low seed0,registry_nominal_simulated,c19q1,0.0
u-math swap_high_vs_low seed0,registry_nominal_simulated,c19q2,0.0
u-math swap_high_vs_low seed0,registry_nominal_simulated,c19q3,0.0
u-math swap_high_vs_low seed0,registry_nominal_simulated,c19q4,0.0
u-math swap_high_vs_low seed0,registry_nominal_simulated,c20q0,0.0
u-math swap_high_vs_low seed0,registry_nominal_simulated,c20q1,0.0
u-math swap_high_vs_low seed0,registry_nominal_simulated,c20q2,0.0
u-math swap_high_vs_low seed0,registry_nominal_simulated,c20q3,0.0
u-math swap_high_vs_low seed0,registry_nominal_simulated,c20q4,0.0
u-math swap_high_vs_low seed0,registry_nominal_simulated,c21q0,19551636.838863075
u-math swap_high_vs_low seed0,registry_nominal_simulated,c21q1,260763082.8400898
u-math swap_high_vs_low seed0,registry_nominal_simulated,c21q2,1011967976.3197594
u-math swap_high_vs_low seed0,registry_nominal_simulated,c21q3,744724448.1296043
u-math swap_high_vs_low seed0,registry_nominal_simulated,c21q4,486141004.0198555
u-math swap_high_vs_low seed0,registry_nominal_simulated,c22q0,0.0
u-math swap_high_vs_low seed0,registry_nominal_simulated,c22q1,0.0
u-math swap_high_vs_low seed0,registry_nominal_simulated,c22q2,0.0
u-math swap_high_vs_low seed0,registry_nominal_simulated,c22q3,0.0
u-math swap_high_vs_low seed0,registry_nominal_simulated,c22q4,0.0
u-math swap_high_vs_low seed0,registry_nominal_simulated,c23q0,0.0
u-math swap_high_vs_low seed0,registry_nominal_simulated,c23q1,0.0
u-math swap_high_vs_low seed0,registry_nominal_simulated,c23q2,0.0
u-math swap_high_vs_low seed0,registry_nominal_simulated,c23q3,0.0
u-math swap_high_vs_low seed0,registry_nominal_simulated,c23q4,0.0
u-math swap_high_vs_low seed0,registry_nominal_simulated,c24q0,0.0
u-math swap_high_vs_low seed0,registry_nominal_simulated,c24q1,0.0
u-math swap_high_vs_low seed0,registry_nominal_simulated,c24q2,0.0
u-math swap_high_vs_low seed0,registry_nominal_simulated,c24q3,0.0
u-math swap_high_vs_low seed0,registry_nominal_simulated,c24q4,0.0
u-math swap_high_vs_low seed0,registry_nominal_simulated,c25q0,0.0
u-math swap_high_vs_low seed0,registry_nominal_simulated,c25q1,0.0
u-math swap_high_vs_low seed0,registry_nominal_simulated,c25q2,0.0
u-math swap_high_vs_low seed0,registry_nominal_simulated,c25q3,0.0
u-math swap_high_vs_low seed0,registry_nominal_simulated,c25q4,0.0
u-math swap_high_vs_low seed0,registry_nominal_simulated,c26q0,0.0
u-math swap_high_vs_low seed0,registry_nominal_simulated,c26q1,0.0
u-math swap_high_vs_low seed0,registry_nominal_simulated,c26q2,0.0
u-math swap_high_vs_low seed0,registry_nominal_simulated,c26q3,0.0
u-math swap_high_vs_low seed0,registry_nominal_simulated,c26q4,0.0
u-math swap_high_vs_low seed0,registry_nominal_simulated,c27q0,0.0
u-math swap_high_vs_low seed0,registry_nominal_simulated,c27q1,0.0
u-math swap_high_vs_low seed0,registry_nominal_simulated,c27q2,0.0
u-math swap_high_vs_low seed0,registry_nominal_simulated,c27q3,0.0
u-math swap_high_vs_low seed0,registry_nominal_simulated,c27q4,0.0
u-math swap_high_vs_low seed0,registry_nominal_simulated,c28q0,0.0
u-math swap_high_vs_low seed0,registry_nominal_simulated,c28q1,0.0
u-math swap_high_vs_low seed0,registry_nominal_simulated,c28q2,0.0
u-math swap_high_vs_low seed0,registry_nominal_simulated,c28q3,0.0
u-math swap_high_vs_low seed0,registry_nominal_simulated,c28q4,0.0
u-math swap_high_vs_low seed0,registry_nominal_simulated,c29q0,0.0
u-math swap_high_vs_low seed0,registry_nominal_simulated,c29q1,0.0
u-math swap_high_vs_low seed0,registry_nominal_simulated,c29q2,0.0
u-math swap_high_vs_low seed0,registry_nominal_simulated,c29q3,0.0
u-math swap_high_vs_low seed0,registry_nominal_simulated,c29q4,0.0
u-math swap_high_vs_low seed0,registry_nominal_simulated,c30q0,0.0
u-math swap_high_vs_low seed0,registry_nominal_simulated,c30q1,0.0
u-math swap_high_vs_low seed0,registry_nominal_simulated,c30q2,0.0
u-math swap_high_vs_low seed0,registry_nominal_simulated,c30q3,0.0
u-math swap_high_vs_low seed0,registry_nominal_simulated,c30q4,0.0
u-math swap_high_vs_low seed0,registry_nominal_simulated,c31q0,0.0
u-math swap_high_vs_low seed0,registry_nominal_simulated,c31q1,0.0
u-math swap_high_vs_low seed0,registry_nominal_simulated,c31q2,0.0
u-math swap_high_vs_low seed0,registry_nominal_simulated,c31q3,0.0
u-math swap_high_vs_low seed0,registry_nominal_simulated,c31q4,0.0
u-math swap_high_vs_low seed0,registry_nominal_simulated,c32q0,0.0
u-math swap_high_vs_low seed0,registry_nominal_simulated,c32q1,0.0
u-math swap_high_vs_low seed0,registry_nominal_simulated,c32q2,0.0
u-math swap_high_vs_low seed0,registry_nominal_simulated,c32q3,0.0
u-math swap_high_vs_low seed0,registry_nominal_simulated,c32q4,0.0
u-math swap_high_vs_low seed0,registry_nominal_simulated,c33q0,0.0
u-math swap_high_vs_low seed0,registry_nominal_simulated,c33q1,0.0
u-math swap_high_vs_low seed0,registry_nominal_simulated,c33q2,0.0
u-math swap_high_vs_low seed0,registry_nominal_simulated,c33q3,0.0
u-math swap_high_vs_low seed0,registry_nominal_simulated,c33q4,0.0
u-math swap_high_vs_low seed0,registry_nominal_simulated,c34q0,0.0
u-math swap_high_vs_low seed0,registry_nominal_simulated,c34q1,0.0
u-math swap_high_vs_low seed0,registry_nominal_simulated,c34q2,0.0
u-math swap_high_vs_low seed0,registry_nominal_simulated,c34q3,0.0
u-math swap_high_vs_low seed0,registry_nominal_simulated,c34q4,0.0
u-math swap_high_vs_low seed0,registry_nominal_simulated,c35q0,0.0
u-math swap_high_vs_low seed0,registry_nominal_simulated,c35q1,0.0
u-math swap_high_vs_low seed0,registry_nominal_simulated,c35q2,0.0
u-math swap_high_vs_low seed0,registry_nominal_simulated,c35q3,0.0
u-math swap_high_vs_low seed0,registry_nominal_simulated,c35q4,0.0
u-math swap_high_vs_low seed0,registry_nominal_simulated,c36q0,0.0
u-math swap_high_vs_low seed0,registry_nominal_simulated,c36q1,0.0
u-math swap_high_vs_low seed0,registry_nominal_simulated,c36q2,0.0
u-math swap_high_vs_low seed0,registry_nominal_simulated,c36q3,0.0
u-math swap_high_vs_low seed0,registry_nominal_simulated,c36q4,0.0
u-math swap_high_vs_low seed0,registry_nominal_simulated,c37q0,0.0
u-math swap_high_vs_low seed0,registry_nominal_simulated,c37q1,0.0
u-math swap_high_vs_low seed0,registry_nominal_simulated,c37q2,0.0
u-math swap_high_vs_low seed0,registry_nominal_simulated,c37q3,0.0
u-math swap_high_vs_low seed0,registry_nominal_simulated,c37q4,0.0
u-math swap_high_vs_low seed0,registry_nominal_simulated,c38q0,0.0
u-math swap_high_vs_low seed0,registry_nominal_simulated,c38q1,0.0
u-math swap_high_vs_low seed0,registry_nominal_simulated,c38q2,0.0
u-math swap_high_vs_low seed0,registry_nominal_simulated,c38q3,0.0
u-math swap_high_vs_low seed0,registry_nominal_simulated,c38q4,0.0
u-math swap_high_vs_low seed0,registry_nominal_simulated,c39q0,-19551636.838864684
u-math swap_high_vs_low seed0,registry_nominal_simulated,c39q1,-260763082.84009457
u-math swap_high_vs_low seed0,registry_nominal_simulated,c39q2,-1011967976.3196907
u-math swap_high_vs_low seed0,registry_nominal_simulated,c39q3,-744724448.1296043
u-math swap_high_vs_low seed0,registry_nominal_simulated,c39q4,-486141004.0198555
u-math swap_high_vs_low seed0,weight_compensation_2726_810_physical,c00q0,0.0
u-math swap_high_vs_low seed0,weight_compensation_2726_810_physical,c00q1,0.0
u-math swap_high_vs_low seed0,weight_compensation_2726_810_physical,c00q2,0.0
u-math swap_high_vs_low seed0,weight_compensation_2726_810_physical,c00q3,0.0
u-math swap_high_vs_low seed0,weight_compensation_2726_810_physical,c00q4,0.0
u-math swap_high_vs_low seed0,weight_compensation_2726_810_physical,c01q0,0.0
u-math swap_high_vs_low seed0,weight_compensation_2726_810_physical,c01q1,0.0
u-math swap_high_vs_low seed0,weight_compensation_2726_810_physical,c01q2,0.0
u-math swap_high_vs_low seed0,weight_compensation_2726_810_physical,c01q3,0.0
u-math swap_high_vs_low seed0,weight_compensation_2726_810_physical,c01q4,0.0
u-math swap_high_vs_low seed0,weight_compensation_2726_810_physical,c02q0,0.0
u-math swap_high_vs_low seed0,weight_compensation_2726_810_physical,c02q1,0.0
u-math swap_high_vs_low seed0,weight_compensation_2726_810_physical,c02q2,0.0
u-math swap_high_vs_low seed0,weight_compensation_2726_810_physical,c02q3,0.0
u-math swap_high_vs_low seed0,weight_compensation_2726_810_physical,c02q4,0.0
u-math swap_high_vs_low seed0,weight_compensation_2726_810_physical,c03q0,0.0
u-math swap_high_vs_low seed0,weight_compensation_2726_810_physical,c03q1,0.0
u-math swap_high_vs_low seed0,weight_compensation_2726_810_physical,c03q2,0.0
u-math swap_high_vs_low seed0,weight_compensation_2726_810_physical,c03q3,0.0
u-math swap_high_vs_low seed0,weight_compensation_2726_810_physical,c03q4,0.0
u-math swap_high_vs_low seed0,weight_compensation_2726_810_physical,c04q0,0.0
u-math swap_high_vs_low seed0,weight_compensation_2726_810_physical,c04q1,0.0
u-math swap_high_vs_low seed0,weight_compensation_2726_810_physical,c04q2,0.0
u-math swap_high_vs_low seed0,weight_compensation_2726_810_physical,c04q3,0.0
u-math swap_high_vs_low seed0,weight_compensation_2726_810_physical,c04q4,0.0
u-math swap_high_vs_low seed0,weight_compensation_2726_810_physical,c05q0,0.0
u-math swap_high_vs_low seed0,weight_compensation_2726_810_physical,c05q1,0.0
u-math swap_high_vs_low seed0,weight_compensation_2726_810_physical,c05q2,0.0
u-math swap_high_vs_low seed0,weight_compensation_2726_810_physical,c05q3,0.0
u-math swap_high_vs_low seed0,weight_compensation_2726_810_physical,c05q4,0.0
u-math swap_high_vs_low seed0,weight_compensation_2726_810_physical,c06q0,0.0
u-math swap_high_vs_low seed0,weight_compensation_2726_810_physical,c06q1,0.0
u-math swap_high_vs_low seed0,weight_compensation_2726_810_physical,c06q2,0.0
u-math swap_high_vs_low seed0,weight_compensation_2726_810_physical,c06q3,0.0
u-math swap_high_vs_low seed0,weight_compensation_2726_810_physical,c06q4,0.0
u-math swap_high_vs_low seed0,weight_compensation_2726_810_physical,c07q0,0.0
u-math swap_high_vs_low seed0,weight_compensation_2726_810_physical,c07q1,0.0
u-math swap_high_vs_low seed0,weight_compensation_2726_810_physical,c07q2,0.0
u-math swap_high_vs_low seed0,weight_compensation_2726_810_physical,c07q3,0.0
u-math swap_high_vs_low seed0,weight_compensation_2726_810_physical,c07q4,0.0
u-math swap_high_vs_low seed0,weight_compensation_2726_810_physical,c08q0,0.0
u-math swap_high_vs_low seed0,weight_compensation_2726_810_physical,c08q1,0.0
u-math swap_high_vs_low seed0,weight_compensation_2726_810_physical,c08q2,0.0
u-math swap_high_vs_low seed0,weight_compensation_2726_810_physical,c08q3,0.0
u-math swap_high_vs_low seed0,weight_compensation_2726_810_physical,c08q4,0.0
u-math swap_high_vs_low seed0,weight_compensation_2726_810_physical,c09q0,0.0
u-math swap_high_vs_low seed0,weight_compensation_2726_810_physical,c09q1,0.0
u-math swap_high_vs_low seed0,weight_compensation_2726_810_physical,c09q2,0.0
u-math swap_high_vs_low seed0,weight_compensation_2726_810_physical,c09q3,0.0
u-math swap_high_vs_low seed0,weight_compensation_2726_810_physical,c09q4,0.0
u-math swap_high_vs_low seed0,weight_compensation_2726_810_physical,c10q0,0.0
u-math swap_high_vs_low seed0,weight_compensation_2726_810_physical,c10q1,0.0
u-math swap_high_vs_low seed0,weight_compensation_2726_810_physical,c10q2,0.0
u-math swap_high_vs_low seed0,weight_compensation_2726_810_physical,c10q3,0.0
u-math swap_high_vs_low seed0,weight_compensation_2726_810_physical,c10q4,0.0
u-math swap_high_vs_low seed0,weight_compensation_2726_810_physical,c11q0,0.0
u-math swap_high_vs_low seed0,weight_compensation_2726_810_physical,c11q1,0.0
u-math swap_high_vs_low seed0,weight_compensation_2726_810_physical,c11q2,0.0
u-math swap_high_vs_low seed0,weight_compensation_2726_810_physical,c11q3,0.0
u-math swap_high_vs_low seed0,weight_compensation_2726_810_physical,c11q4,0.0
u-math swap_high_vs_low seed0,weight_compensation_2726_810_physical,c12q0,0.0
u-math swap_high_vs_low seed0,weight_compensation_2726_810_physical,c12q1,0.0
u-math swap_high_vs_low seed0,weight_compensation_2726_810_physical,c12q2,0.0
u-math swap_high_vs_low seed0,weight_compensation_2726_810_physical,c12q3,0.0
u-math swap_high_vs_low seed0,weight_compensation_2726_810_physical,c12q4,0.0
u-math swap_high_vs_low seed0,weight_compensation_2726_810_physical,c13q0,0.0
u-math swap_high_vs_low seed0,weight_compensation_2726_810_physical,c13q1,0.0
u-math swap_high_vs_low seed0,weight_compensation_2726_810_physical,c13q2,0.0
u-math swap_high_vs_low seed0,weight_compensation_2726_810_physical,c13q3,0.0
u-math swap_high_vs_low seed0,weight_compensation_2726_810_physical,c13q4,0.0
u-math swap_high_vs_low seed0,weight_compensation_2726_810_physical,c14q0,0.0
u-math swap_high_vs_low seed0,weight_compensation_2726_810_physical,c14q1,0.0
u-math swap_high_vs_low seed0,weight_compensation_2726_810_physical,c14q2,0.0
u-math swap_high_vs_low seed0,weight_compensation_2726_810_physical,c14q3,0.0
u-math swap_high_vs_low seed0,weight_compensation_2726_810_physical,c14q4,0.0
u-math swap_high_vs_low seed0,weight_compensation_2726_810_physical,c15q0,0.0
u-math swap_high_vs_low seed0,weight_compensation_2726_810_physical,c15q1,0.0
u-math swap_high_vs_low seed0,weight_compensation_2726_810_physical,c15q2,0.0
u-math swap_high_vs_low seed0,weight_compensation_2726_810_physical,c15q3,0.0
u-math swap_high_vs_low seed0,weight_compensation_2726_810_physical,c15q4,0.0
u-math swap_high_vs_low seed0,weight_compensation_2726_810_physical,c16q0,0.0
u-math swap_high_vs_low seed0,weight_compensation_2726_810_physical,c16q1,0.0
u-math swap_high_vs_low seed0,weight_compensation_2726_810_physical,c16q2,0.0
u-math swap_high_vs_low seed0,weight_compensation_2726_810_physical,c16q3,0.0
u-math swap_high_vs_low seed0,weight_compensation_2726_810_physical,c16q4,0.0
u-math swap_high_vs_low seed0,weight_compensation_2726_810_physical,c17q0,0.0
u-math swap_high_vs_low seed0,weight_compensation_2726_810_physical,c17q1,0.0
u-math swap_high_vs_low seed0,weight_compensation_2726_810_physical,c17q2,0.0
u-math swap_high_vs_low seed0,weight_compensation_2726_810_physical,c17q3,0.0
u-math swap_high_vs_low seed0,weight_compensation_2726_810_physical,c17q4,0.0
u-math swap_high_vs_low seed0,weight_compensation_2726_810_physical,c18q0,0.0
u-math swap_high_vs_low seed0,weight_compensation_2726_810_physical,c18q1,0.0
u-math swap_high_vs_low seed0,weight_compensation_2726_810_physical,c18q2,0.0
u-math swap_high_vs_low seed0,weight_compensation_2726_810_physical,c18q3,0.0
u-math swap_high_vs_low seed0,weight_compensation_2726_810_physical,c18q4,0.0
u-math swap_high_vs_low seed0,weight_compensation_2726_810_physical,c19q0,0.0
u-math swap_high_vs_low seed0,weight_compensation_2726_810_physical,c19q1,0.0
u-math swap_high_vs_low seed0,weight_compensation_2726_810_physical,c19q2,0.0
u-math swap_high_vs_low seed0,weight_compensation_2726_810_physical,c19q3,0.0
u-math swap_high_vs_low seed0,weight_compensation_2726_810_physical,c19q4,0.0
u-math swap_high_vs_low seed0,weight_compensation_2726_810_physical,c20q0,0.0
u-math swap_high_vs_low seed0,weight_compensation_2726_810_physical,c20q1,0.0
u-math swap_high_vs_low seed0,weight_compensation_2726_810_physical,c20q2,0.0
u-math swap_high_vs_low seed0,weight_compensation_2726_810_physical,c20q3,0.0
u-math swap_high_vs_low seed0,weight_compensation_2726_810_physical,c20q4,0.0
u-math swap_high_vs_low seed0,weight_compensation_2726_810_physical,c21q0,-9.313225746154785e-10
u-math swap_high_vs_low seed0,weight_compensation_2726_810_physical,c21q1,0.0
u-math swap_high_vs_low seed0,weight_compensation_2726_810_physical,c21q2,1.1175870895385742e-08
u-math swap_high_vs_low seed0,weight_compensation_2726_810_physical,c21q3,1.1175870895385742e-08
u-math swap_high_vs_low seed0,weight_compensation_2726_810_physical,c21q4,-3.725290298461914e-09
u-math swap_high_vs_low seed0,weight_compensation_2726_810_physical,c22q0,0.0
u-math swap_high_vs_low seed0,weight_compensation_2726_810_physical,c22q1,0.0
u-math swap_high_vs_low seed0,weight_compensation_2726_810_physical,c22q2,0.0
u-math swap_high_vs_low seed0,weight_compensation_2726_810_physical,c22q3,0.0
u-math swap_high_vs_low seed0,weight_compensation_2726_810_physical,c22q4,0.0
u-math swap_high_vs_low seed0,weight_compensation_2726_810_physical,c23q0,0.0
u-math swap_high_vs_low seed0,weight_compensation_2726_810_physical,c23q1,0.0
u-math swap_high_vs_low seed0,weight_compensation_2726_810_physical,c23q2,0.0
u-math swap_high_vs_low seed0,weight_compensation_2726_810_physical,c23q3,0.0
u-math swap_high_vs_low seed0,weight_compensation_2726_810_physical,c23q4,0.0
u-math swap_high_vs_low seed0,weight_compensation_2726_810_physical,c24q0,0.0
u-math swap_high_vs_low seed0,weight_compensation_2726_810_physical,c24q1,0.0
u-math swap_high_vs_low seed0,weight_compensation_2726_810_physical,c24q2,0.0
u-math swap_high_vs_low seed0,weight_compensation_2726_810_physical,c24q3,0.0
u-math swap_high_vs_low seed0,weight_compensation_2726_810_physical,c24q4,0.0
u-math swap_high_vs_low seed0,weight_compensation_2726_810_physical,c25q0,0.0
u-math swap_high_vs_low seed0,weight_compensation_2726_810_physical,c25q1,0.0
u-math swap_high_vs_low seed0,weight_compensation_2726_810_physical,c25q2,0.0
u-math swap_high_vs_low seed0,weight_compensation_2726_810_physical,c25q3,0.0
u-math swap_high_vs_low seed0,weight_compensation_2726_810_physical,c25q4,0.0
u-math swap_high_vs_low seed0,weight_compensation_2726_810_physical,c26q0,0.0
u-math swap_high_vs_low seed0,weight_compensation_2726_810_physical,c26q1,0.0
u-math swap_high_vs_low seed0,weight_compensation_2726_810_physical,c26q2,0.0
u-math swap_high_vs_low seed0,weight_compensation_2726_810_physical,c26q3,0.0
u-math swap_high_vs_low seed0,weight_compensation_2726_810_physical,c26q4,0.0
u-math swap_high_vs_low seed0,weight_compensation_2726_810_physical,c27q0,0.0
u-math swap_high_vs_low seed0,weight_compensation_2726_810_physical,c27q1,0.0
u-math swap_high_vs_low seed0,weight_compensation_2726_810_physical,c27q2,0.0
u-math swap_high_vs_low seed0,weight_compensation_2726_810_physical,c27q3,0.0
u-math swap_high_vs_low seed0,weight_compensation_2726_810_physical,c27q4,0.0
u-math swap_high_vs_low seed0,weight_compensation_2726_810_physical,c28q0,0.0
u-math swap_high_vs_low seed0,weight_compensation_2726_810_physical,c28q1,0.0
u-math swap_high_vs_low seed0,weight_compensation_2726_810_physical,c28q2,0.0
u-math swap_high_vs_low seed0,weight_compensation_2726_810_physical,c28q3,0.0
u-math swap_high_vs_low seed0,weight_compensation_2726_810_physical,c28q4,0.0
u-math swap_high_vs_low seed0,weight_compensation_2726_810_physical,c29q0,0.0
u-math swap_high_vs_low seed0,weight_compensation_2726_810_physical,c29q1,0.0
u-math swap_high_vs_low seed0,weight_compensation_2726_810_physical,c29q2,0.0
u-math swap_high_vs_low seed0,weight_compensation_2726_810_physical,c29q3,0.0
u-math swap_high_vs_low seed0,weight_compensation_2726_810_physical,c29q4,0.0
u-math swap_high_vs_low seed0,weight_compensation_2726_810_physical,c30q0,0.0
u-math swap_high_vs_low seed0,weight_compensation_2726_810_physical,c30q1,0.0
u-math swap_high_vs_low seed0,weight_compensation_2726_810_physical,c30q2,0.0
u-math swap_high_vs_low seed0,weight_compensation_2726_810_physical,c30q3,0.0
u-math swap_high_vs_low seed0,weight_compensation_2726_810_physical,c30q4,0.0
u-math swap_high_vs_low seed0,weight_compensation_2726_810_physical,c31q0,0.0
u-math swap_high_vs_low seed0,weight_compensation_2726_810_physical,c31q1,0.0
u-math swap_high_vs_low seed0,weight_compensation_2726_810_physical,c31q2,0.0
u-math swap_high_vs_low seed0,weight_compensation_2726_810_physical,c31q3,0.0
u-math swap_high_vs_low seed0,weight_compensation_2726_810_physical,c31q4,0.0
u-math swap_high_vs_low seed0,weight_compensation_2726_810_physical,c32q0,0.0
u-math swap_high_vs_low seed0,weight_compensation_2726_810_physical,c32q1,0.0
u-math swap_high_vs_low seed0,weight_compensation_2726_810_physical,c32q2,0.0
u-math swap_high_vs_low seed0,weight_compensation_2726_810_physical,c32q3,0.0
u-math swap_high_vs_low seed0,weight_compensation_2726_810_physical,c32q4,0.0
u-math swap_high_vs_low seed0,weight_compensation_2726_810_physical,c33q0,0.0
u-math swap_high_vs_low seed0,weight_compensation_2726_810_physical,c33q1,0.0
u-math swap_high_vs_low seed0,weight_compensation_2726_810_physical,c33q2,0.0
u-math swap_high_vs_low seed0,weight_compensation_2726_810_physical,c33q3,0.0
u-math swap_high_vs_low seed0,weight_compensation_2726_810_physical,c33q4,0.0
u-math swap_high_vs_low seed0,weight_compensation_2726_810_physical,c34q0,0.0
u-math swap_high_vs_low seed0,weight_compensation_2726_810_physical,c34q1,0.0
u-math swap_high_vs_low seed0,weight_compensation_2726_810_physical,c34q2,0.0
u-math swap_high_vs_low seed0,weight_compensation_2726_810_physical,c34q3,0.0
u-math swap_high_vs_low seed0,weight_compensation_2726_810_physical,c34q4,0.0
u-math swap_high_vs_low seed0,weight_compensation_2726_810_physical,c35q0,0.0
u-math swap_high_vs_low seed0,weight_compensation_2726_810_physical,c35q1,0.0
u-math swap_high_vs_low seed0,weight_compensation_2726_810_physical,c35q2,0.0
u-math swap_high_vs_low seed0,weight_compensation_2726_810_physical,c35q3,0.0
u-math swap_high_vs_low seed0,weight_compensation_2726_810_physical,c35q4,0.0
u-math swap_high_vs_low seed0,weight_compensation_2726_810_physical,c36q0,0.0
u-math swap_high_vs_low seed0,weight_compensation_2726_810_physical,c36q1,0.0
u-math swap_high_vs_low seed0,weight_compensation_2726_810_physical,c36q2,0.0
u-math swap_high_vs_low seed0,weight_compensation_2726_810_physical,c36q3,0.0
u-math swap_high_vs_low seed0,weight_compensation_2726_810_physical,c36q4,0.0
u-math swap_high_vs_low seed0,weight_compensation_2726_810_physical,c37q0,0.0
u-math swap_high_vs_low seed0,weight_compensation_2726_810_physical,c37q1,0.0
u-math swap_high_vs_low seed0,weight_compensation_2726_810_physical,c37q2,0.0
u-math swap_high_vs_low seed0,weight_compensation_2726_810_physical,c37q3,0.0
u-math swap_high_vs_low seed0,weight_compensation_2726_810_physical,c37q4,0.0
u-math swap_high_vs_low seed0,weight_compensation_2726_810_physical,c38q0,0.0
u-math swap_high_vs_low seed0,weight_compensation_2726_810_physical,c38q1,0.0
u-math swap_high_vs_low seed0,weight_compensation_2726_810_physical,c38q2,0.0
u-math swap_high_vs_low seed0,weight_compensation_2726_810_physical,c38q3,0.0
u-math swap_high_vs_low seed0,weight_compensation_2726_810_physical,c38q4,0.0
u-math swap_high_vs_low seed0,weight_compensation_2726_810_physical,c39q0,-4.656612873077393e-10
u-math swap_high_vs_low seed0,weight_compensation_2726_810_physical,c39q1,-3.725290298461914e-09
u-math swap_high_vs_low seed0,weight_compensation_2726_810_physical,c39q2,4.842877388000488e-08
u-math swap_high_vs_low seed0,weight_compensation_2726_810_physical,c39q3,-1.1175870895385742e-08
u-math swap_high_vs_low seed0,weight_compensation_2726_810_physical,c39q4,3.725290298461914e-09
u-math swap_high_vs_low seed0,observed_2727_810_physical,c00q0,0.0
u-math swap_high_vs_low seed0,observed_2727_810_physical,c00q1,0.0
u-math swap_high_vs_low seed0,observed_2727_810_physical,c00q2,0.0
u-math swap_high_vs_low seed0,observed_2727_810_physical,c00q3,0.0
u-math swap_high_vs_low seed0,observed_2727_810_physical,c00q4,0.0
u-math swap_high_vs_low seed0,observed_2727_810_physical,c01q0,0.0
u-math swap_high_vs_low seed0,observed_2727_810_physical,c01q1,0.0
u-math swap_high_vs_low seed0,observed_2727_810_physical,c01q2,0.0
u-math swap_high_vs_low seed0,observed_2727_810_physical,c01q3,0.0
u-math swap_high_vs_low seed0,observed_2727_810_physical,c01q4,0.0
u-math swap_high_vs_low seed0,observed_2727_810_physical,c02q0,0.0
u-math swap_high_vs_low seed0,observed_2727_810_physical,c02q1,0.0
u-math swap_high_vs_low seed0,observed_2727_810_physical,c02q2,0.0
u-math swap_high_vs_low seed0,observed_2727_810_physical,c02q3,0.0
u-math swap_high_vs_low seed0,observed_2727_810_physical,c02q4,0.0
u-math swap_high_vs_low seed0,observed_2727_810_physical,c03q0,0.0
u-math swap_high_vs_low seed0,observed_2727_810_physical,c03q1,0.0
u-math swap_high_vs_low seed0,observed_2727_810_physical,c03q2,0.0
u-math swap_high_vs_low seed0,observed_2727_810_physical,c03q3,0.0
u-math swap_high_vs_low seed0,observed_2727_810_physical,c03q4,0.0
u-math swap_high_vs_low seed0,observed_2727_810_physical,c04q0,0.0
u-math swap_high_vs_low seed0,observed_2727_810_physical,c04q1,0.0
u-math swap_high_vs_low seed0,observed_2727_810_physical,c04q2,0.0
u-math swap_high_vs_low seed0,observed_2727_810_physical,c04q3,0.0
u-math swap_high_vs_low seed0,observed_2727_810_physical,c04q4,0.0
u-math swap_high_vs_low seed0,observed_2727_810_physical,c05q0,0.0
u-math swap_high_vs_low seed0,observed_2727_810_physical,c05q1,0.0
u-math swap_high_vs_low seed0,observed_2727_810_physical,c05q2,0.0
u-math swap_high_vs_low seed0,observed_2727_810_physical,c05q3,0.0
u-math swap_high_vs_low seed0,observed_2727_810_physical,c05q4,0.0
u-math swap_high_vs_low seed0,observed_2727_810_physical,c06q0,0.0
u-math swap_high_vs_low seed0,observed_2727_810_physical,c06q1,0.0
u-math swap_high_vs_low seed0,observed_2727_810_physical,c06q2,0.0
u-math swap_high_vs_low seed0,observed_2727_810_physical,c06q3,0.0
u-math swap_high_vs_low seed0,observed_2727_810_physical,c06q4,0.0
u-math swap_high_vs_low seed0,observed_2727_810_physical,c07q0,0.0
u-math swap_high_vs_low seed0,observed_2727_810_physical,c07q1,0.0
u-math swap_high_vs_low seed0,observed_2727_810_physical,c07q2,0.0
u-math swap_high_vs_low seed0,observed_2727_810_physical,c07q3,0.0
u-math swap_high_vs_low seed0,observed_2727_810_physical,c07q4,0.0
u-math swap_high_vs_low seed0,observed_2727_810_physical,c08q0,0.0
u-math swap_high_vs_low seed0,observed_2727_810_physical,c08q1,0.0
u-math swap_high_vs_low seed0,observed_2727_810_physical,c08q2,0.0
u-math swap_high_vs_low seed0,observed_2727_810_physical,c08q3,0.0
u-math swap_high_vs_low seed0,observed_2727_810_physical,c08q4,0.0
u-math swap_high_vs_low seed0,observed_2727_810_physical,c09q0,0.0
u-math swap_high_vs_low seed0,observed_2727_810_physical,c09q1,0.0
u-math swap_high_vs_low seed0,observed_2727_810_physical,c09q2,0.0
u-math swap_high_vs_low seed0,observed_2727_810_physical,c09q3,0.0
u-math swap_high_vs_low seed0,observed_2727_810_physical,c09q4,0.0
u-math swap_high_vs_low seed0,observed_2727_810_physical,c10q0,0.0
u-math swap_high_vs_low seed0,observed_2727_810_physical,c10q1,0.0
u-math swap_high_vs_low seed0,observed_2727_810_physical,c10q2,0.0
u-math swap_high_vs_low seed0,observed_2727_810_physical,c10q3,0.0
u-math swap_high_vs_low seed0,observed_2727_810_physical,c10q4,0.0
u-math swap_high_vs_low seed0,observed_2727_810_physical,c11q0,0.0
u-math swap_high_vs_low seed0,observed_2727_810_physical,c11q1,0.0
u-math swap_high_vs_low seed0,observed_2727_810_physical,c11q2,0.0
u-math swap_high_vs_low seed0,observed_2727_810_physical,c11q3,0.0
u-math swap_high_vs_low seed0,observed_2727_810_physical,c11q4,0.0
u-math swap_high_vs_low seed0,observed_2727_810_physical,c12q0,0.0
u-math swap_high_vs_low seed0,observed_2727_810_physical,c12q1,0.0
u-math swap_high_vs_low seed0,observed_2727_810_physical,c12q2,0.0
u-math swap_high_vs_low seed0,observed_2727_810_physical,c12q3,0.0
u-math swap_high_vs_low seed0,observed_2727_810_physical,c12q4,0.0
u-math swap_high_vs_low seed0,observed_2727_810_physical,c13q0,0.0
u-math swap_high_vs_low seed0,observed_2727_810_physical,c13q1,0.0
u-math swap_high_vs_low seed0,observed_2727_810_physical,c13q2,0.0
u-math swap_high_vs_low seed0,observed_2727_810_physical,c13q3,0.0
u-math swap_high_vs_low seed0,observed_2727_810_physical,c13q4,0.0
u-math swap_high_vs_low seed0,observed_2727_810_physical,c14q0,0.0
u-math swap_high_vs_low seed0,observed_2727_810_physical,c14q1,0.0
u-math swap_high_vs_low seed0,observed_2727_810_physical,c14q2,0.0
u-math swap_high_vs_low seed0,observed_2727_810_physical,c14q3,0.0
u-math swap_high_vs_low seed0,observed_2727_810_physical,c14q4,0.0
u-math swap_high_vs_low seed0,observed_2727_810_physical,c15q0,0.0
u-math swap_high_vs_low seed0,observed_2727_810_physical,c15q1,0.0
u-math swap_high_vs_low seed0,observed_2727_810_physical,c15q2,0.0
u-math swap_high_vs_low seed0,observed_2727_810_physical,c15q3,0.0
u-math swap_high_vs_low seed0,observed_2727_810_physical,c15q4,0.0
u-math swap_high_vs_low seed0,observed_2727_810_physical,c16q0,0.0
u-math swap_high_vs_low seed0,observed_2727_810_physical,c16q1,0.0
u-math swap_high_vs_low seed0,observed_2727_810_physical,c16q2,0.0
u-math swap_high_vs_low seed0,observed_2727_810_physical,c16q3,0.0
u-math swap_high_vs_low seed0,observed_2727_810_physical,c16q4,0.0
u-math swap_high_vs_low seed0,observed_2727_810_physical,c17q0,0.0
u-math swap_high_vs_low seed0,observed_2727_810_physical,c17q1,0.0
u-math swap_high_vs_low seed0,observed_2727_810_physical,c17q2,0.0
u-math swap_high_vs_low seed0,observed_2727_810_physical,c17q3,0.0
u-math swap_high_vs_low seed0,observed_2727_810_physical,c17q4,0.0
u-math swap_high_vs_low seed0,observed_2727_810_physical,c18q0,0.0
u-math swap_high_vs_low seed0,observed_2727_810_physical,c18q1,0.0
u-math swap_high_vs_low seed0,observed_2727_810_physical,c18q2,0.0
u-math swap_high_vs_low seed0,observed_2727_810_physical,c18q3,0.0
u-math swap_high_vs_low seed0,observed_2727_810_physical,c18q4,0.0
u-math swap_high_vs_low seed0,observed_2727_810_physical,c19q0,0.0
u-math swap_high_vs_low seed0,observed_2727_810_physical,c19q1,0.0
u-math swap_high_vs_low seed0,observed_2727_810_physical,c19q2,0.0
u-math swap_high_vs_low seed0,observed_2727_810_physical,c19q3,0.0
u-math swap_high_vs_low seed0,observed_2727_810_physical,c19q4,0.0
u-math swap_high_vs_low seed0,observed_2727_810_physical,c20q0,0.0
u-math swap_high_vs_low seed0,observed_2727_810_physical,c20q1,0.0
u-math swap_high_vs_low seed0,observed_2727_810_physical,c20q2,0.0
u-math swap_high_vs_low seed0,observed_2727_810_physical,c20q3,0.0
u-math swap_high_vs_low seed0,observed_2727_810_physical,c20q4,0.0
u-math swap_high_vs_low seed0,observed_2727_810_physical,c21q0,162.5063289674581
u-math swap_high_vs_low seed0,observed_2727_810_physical,c21q1,2167.3710325155407
u-math swap_high_vs_low seed0,observed_2727_810_physical,c21q2,8411.121903546154
u-math swap_high_vs_low seed0,observed_2727_810_physical,c21q3,6189.887688495219
u-math swap_high_vs_low seed0,observed_2727_810_physical,c21q4,4040.6330464966595
u-math swap_high_vs_low seed0,observed_2727_810_physical,c22q0,0.0
u-math swap_high_vs_low seed0,observed_2727_810_physical,c22q1,0.0
u-math swap_high_vs_low seed0,observed_2727_810_physical,c22q2,0.0
u-math swap_high_vs_low seed0,observed_2727_810_physical,c22q3,0.0
u-math swap_high_vs_low seed0,observed_2727_810_physical,c22q4,0.0
u-math swap_high_vs_low seed0,observed_2727_810_physical,c23q0,0.0
u-math swap_high_vs_low seed0,observed_2727_810_physical,c23q1,0.0
u-math swap_high_vs_low seed0,observed_2727_810_physical,c23q2,0.0
u-math swap_high_vs_low seed0,observed_2727_810_physical,c23q3,0.0
u-math swap_high_vs_low seed0,observed_2727_810_physical,c23q4,0.0
u-math swap_high_vs_low seed0,observed_2727_810_physical,c24q0,0.0
u-math swap_high_vs_low seed0,observed_2727_810_physical,c24q1,0.0
u-math swap_high_vs_low seed0,observed_2727_810_physical,c24q2,0.0
u-math swap_high_vs_low seed0,observed_2727_810_physical,c24q3,0.0
u-math swap_high_vs_low seed0,observed_2727_810_physical,c24q4,0.0
u-math swap_high_vs_low seed0,observed_2727_810_physical,c25q0,0.0
u-math swap_high_vs_low seed0,observed_2727_810_physical,c25q1,0.0
u-math swap_high_vs_low seed0,observed_2727_810_physical,c25q2,0.0
u-math swap_high_vs_low seed0,observed_2727_810_physical,c25q3,0.0
u-math swap_high_vs_low seed0,observed_2727_810_physical,c25q4,0.0
u-math swap_high_vs_low seed0,observed_2727_810_physical,c26q0,0.0
u-math swap_high_vs_low seed0,observed_2727_810_physical,c26q1,0.0
u-math swap_high_vs_low seed0,observed_2727_810_physical,c26q2,0.0
u-math swap_high_vs_low seed0,observed_2727_810_physical,c26q3,0.0
u-math swap_high_vs_low seed0,observed_2727_810_physical,c26q4,0.0
u-math swap_high_vs_low seed0,observed_2727_810_physical,c27q0,0.0
u-math swap_high_vs_low seed0,observed_2727_810_physical,c27q1,0.0
u-math swap_high_vs_low seed0,observed_2727_810_physical,c27q2,0.0
u-math swap_high_vs_low seed0,observed_2727_810_physical,c27q3,0.0
u-math swap_high_vs_low seed0,observed_2727_810_physical,c27q4,0.0
u-math swap_high_vs_low seed0,observed_2727_810_physical,c28q0,0.0
u-math swap_high_vs_low seed0,observed_2727_810_physical,c28q1,0.0
u-math swap_high_vs_low seed0,observed_2727_810_physical,c28q2,0.0
u-math swap_high_vs_low seed0,observed_2727_810_physical,c28q3,0.0
u-math swap_high_vs_low seed0,observed_2727_810_physical,c28q4,0.0
u-math swap_high_vs_low seed0,observed_2727_810_physical,c29q0,0.0
u-math swap_high_vs_low seed0,observed_2727_810_physical,c29q1,0.0
u-math swap_high_vs_low seed0,observed_2727_810_physical,c29q2,0.0
u-math swap_high_vs_low seed0,observed_2727_810_physical,c29q3,0.0
u-math swap_high_vs_low seed0,observed_2727_810_physical,c29q4,0.0
u-math swap_high_vs_low seed0,observed_2727_810_physical,c30q0,0.0
u-math swap_high_vs_low seed0,observed_2727_810_physical,c30q1,0.0
u-math swap_high_vs_low seed0,observed_2727_810_physical,c30q2,0.0
u-math swap_high_vs_low seed0,observed_2727_810_physical,c30q3,0.0
u-math swap_high_vs_low seed0,observed_2727_810_physical,c30q4,0.0
u-math swap_high_vs_low seed0,observed_2727_810_physical,c31q0,0.0
u-math swap_high_vs_low seed0,observed_2727_810_physical,c31q1,0.0
u-math swap_high_vs_low seed0,observed_2727_810_physical,c31q2,0.0
u-math swap_high_vs_low seed0,observed_2727_810_physical,c31q3,0.0
u-math swap_high_vs_low seed0,observed_2727_810_physical,c31q4,0.0
u-math swap_high_vs_low seed0,observed_2727_810_physical,c32q0,0.0
u-math swap_high_vs_low seed0,observed_2727_810_physical,c32q1,0.0
u-math swap_high_vs_low seed0,observed_2727_810_physical,c32q2,0.0
u-math swap_high_vs_low seed0,observed_2727_810_physical,c32q3,0.0
u-math swap_high_vs_low seed0,observed_2727_810_physical,c32q4,0.0
u-math swap_high_vs_low seed0,observed_2727_810_physical,c33q0,0.0
u-math swap_high_vs_low seed0,observed_2727_810_physical,c33q1,0.0
u-math swap_high_vs_low seed0,observed_2727_810_physical,c33q2,0.0
u-math swap_high_vs_low seed0,observed_2727_810_physical,c33q3,0.0
u-math swap_high_vs_low seed0,observed_2727_810_physical,c33q4,0.0
u-math swap_high_vs_low seed0,observed_2727_810_physical,c34q0,0.0
u-math swap_high_vs_low seed0,observed_2727_810_physical,c34q1,0.0
u-math swap_high_vs_low seed0,observed_2727_810_physical,c34q2,0.0
u-math swap_high_vs_low seed0,observed_2727_810_physical,c34q3,0.0
u-math swap_high_vs_low seed0,observed_2727_810_physical,c34q4,0.0
u-math swap_high_vs_low seed0,observed_2727_810_physical,c35q0,0.0
u-math swap_high_vs_low seed0,observed_2727_810_physical,c35q1,0.0
u-math swap_high_vs_low seed0,observed_2727_810_physical,c35q2,0.0
u-math swap_high_vs_low seed0,observed_2727_810_physical,c35q3,0.0
u-math swap_high_vs_low seed0,observed_2727_810_physical,c35q4,0.0
u-math swap_high_vs_low seed0,observed_2727_810_physical,c36q0,0.0
u-math swap_high_vs_low seed0,observed_2727_810_physical,c36q1,0.0
u-math swap_high_vs_low seed0,observed_2727_810_physical,c36q2,0.0
u-math swap_high_vs_low seed0,observed_2727_810_physical,c36q3,0.0
u-math swap_high_vs_low seed0,observed_2727_810_physical,c36q4,0.0
u-math swap_high_vs_low seed0,observed_2727_810_physical,c37q0,0.0
u-math swap_high_vs_low seed0,observed_2727_810_physical,c37q1,0.0
u-math swap_high_vs_low seed0,observed_2727_810_physical,c37q2,0.0
u-math swap_high_vs_low seed0,observed_2727_810_physical,c37q3,0.0
u-math swap_high_vs_low seed0,observed_2727_810_physical,c37q4,0.0
u-math swap_high_vs_low seed0,observed_2727_810_physical,c38q0,0.0
u-math swap_high_vs_low seed0,observed_2727_810_physical,c38q1,0.0
u-math swap_high_vs_low seed0,observed_2727_810_physical,c38q2,0.0
u-math swap_high_vs_low seed0,observed_2727_810_physical,c38q3,0.0
u-math swap_high_vs_low seed0,observed_2727_810_physical,c38q4,0.0
u-math swap_high_vs_low seed0,observed_2727_810_physical,c39q0,-162.5063289688551
u-math swap_high_vs_low seed0,observed_2727_810_physical,c39q1,-2167.371032519266
u-math swap_high_vs_low seed0,observed_2727_810_physical,c39q2,-8411.121903482825
u-math swap_high_vs_low seed0,observed_2727_810_physical,c39q3,-6189.887688495219
u-math swap_high_vs_low seed0,observed_2727_810_physical,c39q4,-4040.6330464966595
u-math swap_high_vs_low seed1,registry_nominal_simulated,c00q0,0.0
u-math swap_high_vs_low seed1,registry_nominal_simulated,c00q1,0.0
u-math swap_high_vs_low seed1,registry_nominal_simulated,c00q2,0.0
u-math swap_high_vs_low seed1,registry_nominal_simulated,c00q3,0.0
u-math swap_high_vs_low seed1,registry_nominal_simulated,c00q4,0.0
u-math swap_high_vs_low seed1,registry_nominal_simulated,c01q0,0.0
u-math swap_high_vs_low seed1,registry_nominal_simulated,c01q1,0.0
u-math swap_high_vs_low seed1,registry_nominal_simulated,c01q2,0.0
u-math swap_high_vs_low seed1,registry_nominal_simulated,c01q3,0.0
u-math swap_high_vs_low seed1,registry_nominal_simulated,c01q4,0.0
u-math swap_high_vs_low seed1,registry_nominal_simulated,c02q0,0.0
u-math swap_high_vs_low seed1,registry_nominal_simulated,c02q1,0.0
u-math swap_high_vs_low seed1,registry_nominal_simulated,c02q2,0.0
u-math swap_high_vs_low seed1,registry_nominal_simulated,c02q3,0.0
u-math swap_high_vs_low seed1,registry_nominal_simulated,c02q4,0.0
u-math swap_high_vs_low seed1,registry_nominal_simulated,c03q0,0.0
u-math swap_high_vs_low seed1,registry_nominal_simulated,c03q1,0.0
u-math swap_high_vs_low seed1,registry_nominal_simulated,c03q2,0.0
u-math swap_high_vs_low seed1,registry_nominal_simulated,c03q3,0.0
u-math swap_high_vs_low seed1,registry_nominal_simulated,c03q4,0.0
u-math swap_high_vs_low seed1,registry_nominal_simulated,c04q0,0.0
u-math swap_high_vs_low seed1,registry_nominal_simulated,c04q1,0.0
u-math swap_high_vs_low seed1,registry_nominal_simulated,c04q2,0.0
u-math swap_high_vs_low seed1,registry_nominal_simulated,c04q3,0.0
u-math swap_high_vs_low seed1,registry_nominal_simulated,c04q4,0.0
u-math swap_high_vs_low seed1,registry_nominal_simulated,c05q0,0.0
u-math swap_high_vs_low seed1,registry_nominal_simulated,c05q1,0.0
u-math swap_high_vs_low seed1,registry_nominal_simulated,c05q2,0.0
u-math swap_high_vs_low seed1,registry_nominal_simulated,c05q3,0.0
u-math swap_high_vs_low seed1,registry_nominal_simulated,c05q4,0.0
u-math swap_high_vs_low seed1,registry_nominal_simulated,c06q0,0.0
u-math swap_high_vs_low seed1,registry_nominal_simulated,c06q1,0.0
u-math swap_high_vs_low seed1,registry_nominal_simulated,c06q2,0.0
u-math swap_high_vs_low seed1,registry_nominal_simulated,c06q3,0.0
u-math swap_high_vs_low seed1,registry_nominal_simulated,c06q4,0.0
u-math swap_high_vs_low seed1,registry_nominal_simulated,c07q0,0.0
u-math swap_high_vs_low seed1,registry_nominal_simulated,c07q1,0.0
u-math swap_high_vs_low seed1,registry_nominal_simulated,c07q2,0.0
u-math swap_high_vs_low seed1,registry_nominal_simulated,c07q3,0.0
u-math swap_high_vs_low seed1,registry_nominal_simulated,c07q4,0.0
u-math swap_high_vs_low seed1,registry_nominal_simulated,c08q0,0.0
u-math swap_high_vs_low seed1,registry_nominal_simulated,c08q1,0.0
u-math swap_high_vs_low seed1,registry_nominal_simulated,c08q2,0.0
u-math swap_high_vs_low seed1,registry_nominal_simulated,c08q3,0.0
u-math swap_high_vs_low seed1,registry_nominal_simulated,c08q4,0.0
u-math swap_high_vs_low seed1,registry_nominal_simulated,c09q0,0.0
u-math swap_high_vs_low seed1,registry_nominal_simulated,c09q1,0.0
u-math swap_high_vs_low seed1,registry_nominal_simulated,c09q2,0.0
u-math swap_high_vs_low seed1,registry_nominal_simulated,c09q3,0.0
u-math swap_high_vs_low seed1,registry_nominal_simulated,c09q4,0.0
u-math swap_high_vs_low seed1,registry_nominal_simulated,c10q0,0.0
u-math swap_high_vs_low seed1,registry_nominal_simulated,c10q1,0.0
u-math swap_high_vs_low seed1,registry_nominal_simulated,c10q2,0.0
u-math swap_high_vs_low seed1,registry_nominal_simulated,c10q3,0.0
u-math swap_high_vs_low seed1,registry_nominal_simulated,c10q4,0.0
u-math swap_high_vs_low seed1,registry_nominal_simulated,c11q0,0.0
u-math swap_high_vs_low seed1,registry_nominal_simulated,c11q1,0.0
u-math swap_high_vs_low seed1,registry_nominal_simulated,c11q2,0.0
u-math swap_high_vs_low seed1,registry_nominal_simulated,c11q3,0.0
u-math swap_high_vs_low seed1,registry_nominal_simulated,c11q4,0.0
u-math swap_high_vs_low seed1,registry_nominal_simulated,c12q0,0.0
u-math swap_high_vs_low seed1,registry_nominal_simulated,c12q1,0.0
u-math swap_high_vs_low seed1,registry_nominal_simulated,c12q2,0.0
u-math swap_high_vs_low seed1,registry_nominal_simulated,c12q3,0.0
u-math swap_high_vs_low seed1,registry_nominal_simulated,c12q4,0.0
u-math swap_high_vs_low seed1,registry_nominal_simulated,c13q0,0.0
u-math swap_high_vs_low seed1,registry_nominal_simulated,c13q1,0.0
u-math swap_high_vs_low seed1,registry_nominal_simulated,c13q2,0.0
u-math swap_high_vs_low seed1,registry_nominal_simulated,c13q3,0.0
u-math swap_high_vs_low seed1,registry_nominal_simulated,c13q4,0.0
u-math swap_high_vs_low seed1,registry_nominal_simulated,c14q0,0.0
u-math swap_high_vs_low seed1,registry_nominal_simulated,c14q1,0.0
u-math swap_high_vs_low seed1,registry_nominal_simulated,c14q2,0.0
u-math swap_high_vs_low seed1,registry_nominal_simulated,c14q3,0.0
u-math swap_high_vs_low seed1,registry_nominal_simulated,c14q4,0.0
u-math swap_high_vs_low seed1,registry_nominal_simulated,c15q0,0.0
u-math swap_high_vs_low seed1,registry_nominal_simulated,c15q1,0.0
u-math swap_high_vs_low seed1,registry_nominal_simulated,c15q2,0.0
u-math swap_high_vs_low seed1,registry_nominal_simulated,c15q3,0.0
u-math swap_high_vs_low seed1,registry_nominal_simulated,c15q4,0.0
u-math swap_high_vs_low seed1,registry_nominal_simulated,c16q0,0.0
u-math swap_high_vs_low seed1,registry_nominal_simulated,c16q1,0.0
u-math swap_high_vs_low seed1,registry_nominal_simulated,c16q2,0.0
u-math swap_high_vs_low seed1,registry_nominal_simulated,c16q3,0.0
u-math swap_high_vs_low seed1,registry_nominal_simulated,c16q4,0.0
u-math swap_high_vs_low seed1,registry_nominal_simulated,c17q0,0.0
u-math swap_high_vs_low seed1,registry_nominal_simulated,c17q1,0.0
u-math swap_high_vs_low seed1,registry_nominal_simulated,c17q2,0.0
u-math swap_high_vs_low seed1,registry_nominal_simulated,c17q3,0.0
u-math swap_high_vs_low seed1,registry_nominal_simulated,c17q4,0.0
u-math swap_high_vs_low seed1,registry_nominal_simulated,c18q0,0.0
u-math swap_high_vs_low seed1,registry_nominal_simulated,c18q1,0.0
u-math swap_high_vs_low seed1,registry_nominal_simulated,c18q2,0.0
u-math swap_high_vs_low seed1,registry_nominal_simulated,c18q3,0.0
u-math swap_high_vs_low seed1,registry_nominal_simulated,c18q4,0.0
u-math swap_high_vs_low seed1,registry_nominal_simulated,c19q0,0.0
u-math swap_high_vs_low seed1,registry_nominal_simulated,c19q1,0.0
u-math swap_high_vs_low seed1,registry_nominal_simulated,c19q2,0.0
u-math swap_high_vs_low seed1,registry_nominal_simulated,c19q3,0.0
u-math swap_high_vs_low seed1,registry_nominal_simulated,c19q4,0.0
u-math swap_high_vs_low seed1,registry_nominal_simulated,c20q0,0.0
u-math swap_high_vs_low seed1,registry_nominal_simulated,c20q1,0.0
u-math swap_high_vs_low seed1,registry_nominal_simulated,c20q2,0.0
u-math swap_high_vs_low seed1,registry_nominal_simulated,c20q3,0.0
u-math swap_high_vs_low seed1,registry_nominal_simulated,c20q4,0.0
u-math swap_high_vs_low seed1,registry_nominal_simulated,c21q0,19551636.838863075
u-math swap_high_vs_low seed1,registry_nominal_simulated,c21q1,260763082.8400898
u-math swap_high_vs_low seed1,registry_nominal_simulated,c21q2,1011967976.3197594
u-math swap_high_vs_low seed1,registry_nominal_simulated,c21q3,744724448.1296043
u-math swap_high_vs_low seed1,registry_nominal_simulated,c21q4,486141004.0198555
u-math swap_high_vs_low seed1,registry_nominal_simulated,c22q0,0.0
u-math swap_high_vs_low seed1,registry_nominal_simulated,c22q1,0.0
u-math swap_high_vs_low seed1,registry_nominal_simulated,c22q2,0.0
u-math swap_high_vs_low seed1,registry_nominal_simulated,c22q3,0.0
u-math swap_high_vs_low seed1,registry_nominal_simulated,c22q4,0.0
u-math swap_high_vs_low seed1,registry_nominal_simulated,c23q0,0.0
u-math swap_high_vs_low seed1,registry_nominal_simulated,c23q1,0.0
u-math swap_high_vs_low seed1,registry_nominal_simulated,c23q2,0.0
u-math swap_high_vs_low seed1,registry_nominal_simulated,c23q3,0.0
u-math swap_high_vs_low seed1,registry_nominal_simulated,c23q4,0.0
u-math swap_high_vs_low seed1,registry_nominal_simulated,c24q0,0.0
u-math swap_high_vs_low seed1,registry_nominal_simulated,c24q1,0.0
u-math swap_high_vs_low seed1,registry_nominal_simulated,c24q2,0.0
u-math swap_high_vs_low seed1,registry_nominal_simulated,c24q3,0.0
u-math swap_high_vs_low seed1,registry_nominal_simulated,c24q4,0.0
u-math swap_high_vs_low seed1,registry_nominal_simulated,c25q0,0.0
u-math swap_high_vs_low seed1,registry_nominal_simulated,c25q1,0.0
u-math swap_high_vs_low seed1,registry_nominal_simulated,c25q2,0.0
u-math swap_high_vs_low seed1,registry_nominal_simulated,c25q3,0.0
u-math swap_high_vs_low seed1,registry_nominal_simulated,c25q4,0.0
u-math swap_high_vs_low seed1,registry_nominal_simulated,c26q0,0.0
u-math swap_high_vs_low seed1,registry_nominal_simulated,c26q1,0.0
u-math swap_high_vs_low seed1,registry_nominal_simulated,c26q2,0.0
u-math swap_high_vs_low seed1,registry_nominal_simulated,c26q3,0.0
u-math swap_high_vs_low seed1,registry_nominal_simulated,c26q4,0.0
u-math swap_high_vs_low seed1,registry_nominal_simulated,c27q0,0.0
u-math swap_high_vs_low seed1,registry_nominal_simulated,c27q1,0.0
u-math swap_high_vs_low seed1,registry_nominal_simulated,c27q2,0.0
u-math swap_high_vs_low seed1,registry_nominal_simulated,c27q3,0.0
u-math swap_high_vs_low seed1,registry_nominal_simulated,c27q4,0.0
u-math swap_high_vs_low seed1,registry_nominal_simulated,c28q0,0.0
u-math swap_high_vs_low seed1,registry_nominal_simulated,c28q1,0.0
u-math swap_high_vs_low seed1,registry_nominal_simulated,c28q2,0.0
u-math swap_high_vs_low seed1,registry_nominal_simulated,c28q3,0.0
u-math swap_high_vs_low seed1,registry_nominal_simulated,c28q4,0.0
u-math swap_high_vs_low seed1,registry_nominal_simulated,c29q0,0.0
u-math swap_high_vs_low seed1,registry_nominal_simulated,c29q1,0.0
u-math swap_high_vs_low seed1,registry_nominal_simulated,c29q2,0.0
u-math swap_high_vs_low seed1,registry_nominal_simulated,c29q3,0.0
u-math swap_high_vs_low seed1,registry_nominal_simulated,c29q4,0.0
u-math swap_high_vs_low seed1,registry_nominal_simulated,c30q0,0.0
u-math swap_high_vs_low seed1,registry_nominal_simulated,c30q1,0.0
u-math swap_high_vs_low seed1,registry_nominal_simulated,c30q2,0.0
u-math swap_high_vs_low seed1,registry_nominal_simulated,c30q3,0.0
u-math swap_high_vs_low seed1,registry_nominal_simulated,c30q4,0.0
u-math swap_high_vs_low seed1,registry_nominal_simulated,c31q0,0.0
u-math swap_high_vs_low seed1,registry_nominal_simulated,c31q1,0.0
u-math swap_high_vs_low seed1,registry_nominal_simulated,c31q2,0.0
u-math swap_high_vs_low seed1,registry_nominal_simulated,c31q3,0.0
u-math swap_high_vs_low seed1,registry_nominal_simulated,c31q4,0.0
u-math swap_high_vs_low seed1,registry_nominal_simulated,c32q0,0.0
u-math swap_high_vs_low seed1,registry_nominal_simulated,c32q1,0.0
u-math swap_high_vs_low seed1,registry_nominal_simulated,c32q2,0.0
u-math swap_high_vs_low seed1,registry_nominal_simulated,c32q3,0.0
u-math swap_high_vs_low seed1,registry_nominal_simulated,c32q4,0.0
u-math swap_high_vs_low seed1,registry_nominal_simulated,c33q0,0.0
u-math swap_high_vs_low seed1,registry_nominal_simulated,c33q1,0.0
u-math swap_high_vs_low seed1,registry_nominal_simulated,c33q2,0.0
u-math swap_high_vs_low seed1,registry_nominal_simulated,c33q3,0.0
u-math swap_high_vs_low seed1,registry_nominal_simulated,c33q4,0.0
u-math swap_high_vs_low seed1,registry_nominal_simulated,c34q0,0.0
u-math swap_high_vs_low seed1,registry_nominal_simulated,c34q1,0.0
u-math swap_high_vs_low seed1,registry_nominal_simulated,c34q2,0.0
u-math swap_high_vs_low seed1,registry_nominal_simulated,c34q3,0.0
u-math swap_high_vs_low seed1,registry_nominal_simulated,c34q4,0.0
u-math swap_high_vs_low seed1,registry_nominal_simulated,c35q0,0.0
u-math swap_high_vs_low seed1,registry_nominal_simulated,c35q1,0.0
u-math swap_high_vs_low seed1,registry_nominal_simulated,c35q2,0.0
u-math swap_high_vs_low seed1,registry_nominal_simulated,c35q3,0.0
u-math swap_high_vs_low seed1,registry_nominal_simulated,c35q4,0.0
u-math swap_high_vs_low seed1,registry_nominal_simulated,c36q0,0.0
u-math swap_high_vs_low seed1,registry_nominal_simulated,c36q1,0.0
u-math swap_high_vs_low seed1,registry_nominal_simulated,c36q2,0.0
u-math swap_high_vs_low seed1,registry_nominal_simulated,c36q3,0.0
u-math swap_high_vs_low seed1,registry_nominal_simulated,c36q4,0.0
u-math swap_high_vs_low seed1,registry_nominal_simulated,c37q0,0.0
u-math swap_high_vs_low seed1,registry_nominal_simulated,c37q1,0.0
u-math swap_high_vs_low seed1,registry_nominal_simulated,c37q2,0.0
u-math swap_high_vs_low seed1,registry_nominal_simulated,c37q3,0.0
u-math swap_high_vs_low seed1,registry_nominal_simulated,c37q4,0.0
u-math swap_high_vs_low seed1,registry_nominal_simulated,c38q0,0.0
u-math swap_high_vs_low seed1,registry_nominal_simulated,c38q1,0.0
u-math swap_high_vs_low seed1,registry_nominal_simulated,c38q2,0.0
u-math swap_high_vs_low seed1,registry_nominal_simulated,c38q3,0.0
u-math swap_high_vs_low seed1,registry_nominal_simulated,c38q4,0.0
u-math swap_high_vs_low seed1,registry_nominal_simulated,c39q0,-19551636.838864684
u-math swap_high_vs_low seed1,registry_nominal_simulated,c39q1,-260763082.84009457
u-math swap_high_vs_low seed1,registry_nominal_simulated,c39q2,-1011967976.3196907
u-math swap_high_vs_low seed1,registry_nominal_simulated,c39q3,-744724448.1296043
u-math swap_high_vs_low seed1,registry_nominal_simulated,c39q4,-486141004.0198555
u-math swap_high_vs_low seed1,weight_compensation_2726_810_physical,c00q0,0.0
u-math swap_high_vs_low seed1,weight_compensation_2726_810_physical,c00q1,0.0
u-math swap_high_vs_low seed1,weight_compensation_2726_810_physical,c00q2,0.0
u-math swap_high_vs_low seed1,weight_compensation_2726_810_physical,c00q3,0.0
u-math swap_high_vs_low seed1,weight_compensation_2726_810_physical,c00q4,0.0
u-math swap_high_vs_low seed1,weight_compensation_2726_810_physical,c01q0,0.0
u-math swap_high_vs_low seed1,weight_compensation_2726_810_physical,c01q1,0.0
u-math swap_high_vs_low seed1,weight_compensation_2726_810_physical,c01q2,0.0
u-math swap_high_vs_low seed1,weight_compensation_2726_810_physical,c01q3,0.0
u-math swap_high_vs_low seed1,weight_compensation_2726_810_physical,c01q4,0.0
u-math swap_high_vs_low seed1,weight_compensation_2726_810_physical,c02q0,0.0
u-math swap_high_vs_low seed1,weight_compensation_2726_810_physical,c02q1,0.0
u-math swap_high_vs_low seed1,weight_compensation_2726_810_physical,c02q2,0.0
u-math swap_high_vs_low seed1,weight_compensation_2726_810_physical,c02q3,0.0
u-math swap_high_vs_low seed1,weight_compensation_2726_810_physical,c02q4,0.0
u-math swap_high_vs_low seed1,weight_compensation_2726_810_physical,c03q0,0.0
u-math swap_high_vs_low seed1,weight_compensation_2726_810_physical,c03q1,0.0
u-math swap_high_vs_low seed1,weight_compensation_2726_810_physical,c03q2,0.0
u-math swap_high_vs_low seed1,weight_compensation_2726_810_physical,c03q3,0.0
u-math swap_high_vs_low seed1,weight_compensation_2726_810_physical,c03q4,0.0
u-math swap_high_vs_low seed1,weight_compensation_2726_810_physical,c04q0,0.0
u-math swap_high_vs_low seed1,weight_compensation_2726_810_physical,c04q1,0.0
u-math swap_high_vs_low seed1,weight_compensation_2726_810_physical,c04q2,0.0
u-math swap_high_vs_low seed1,weight_compensation_2726_810_physical,c04q3,0.0
u-math swap_high_vs_low seed1,weight_compensation_2726_810_physical,c04q4,0.0
u-math swap_high_vs_low seed1,weight_compensation_2726_810_physical,c05q0,0.0
u-math swap_high_vs_low seed1,weight_compensation_2726_810_physical,c05q1,0.0
u-math swap_high_vs_low seed1,weight_compensation_2726_810_physical,c05q2,0.0
u-math swap_high_vs_low seed1,weight_compensation_2726_810_physical,c05q3,0.0
u-math swap_high_vs_low seed1,weight_compensation_2726_810_physical,c05q4,0.0
u-math swap_high_vs_low seed1,weight_compensation_2726_810_physical,c06q0,0.0
u-math swap_high_vs_low seed1,weight_compensation_2726_810_physical,c06q1,0.0
u-math swap_high_vs_low seed1,weight_compensation_2726_810_physical,c06q2,0.0
u-math swap_high_vs_low seed1,weight_compensation_2726_810_physical,c06q3,0.0
u-math swap_high_vs_low seed1,weight_compensation_2726_810_physical,c06q4,0.0
u-math swap_high_vs_low seed1,weight_compensation_2726_810_physical,c07q0,0.0
u-math swap_high_vs_low seed1,weight_compensation_2726_810_physical,c07q1,0.0
u-math swap_high_vs_low seed1,weight_compensation_2726_810_physical,c07q2,0.0
u-math swap_high_vs_low seed1,weight_compensation_2726_810_physical,c07q3,0.0
u-math swap_high_vs_low seed1,weight_compensation_2726_810_physical,c07q4,0.0
u-math swap_high_vs_low seed1,weight_compensation_2726_810_physical,c08q0,0.0
u-math swap_high_vs_low seed1,weight_compensation_2726_810_physical,c08q1,0.0
u-math swap_high_vs_low seed1,weight_compensation_2726_810_physical,c08q2,0.0
u-math swap_high_vs_low seed1,weight_compensation_2726_810_physical,c08q3,0.0
u-math swap_high_vs_low seed1,weight_compensation_2726_810_physical,c08q4,0.0
u-math swap_high_vs_low seed1,weight_compensation_2726_810_physical,c09q0,0.0
u-math swap_high_vs_low seed1,weight_compensation_2726_810_physical,c09q1,0.0
u-math swap_high_vs_low seed1,weight_compensation_2726_810_physical,c09q2,0.0
u-math swap_high_vs_low seed1,weight_compensation_2726_810_physical,c09q3,0.0
u-math swap_high_vs_low seed1,weight_compensation_2726_810_physical,c09q4,0.0
u-math swap_high_vs_low seed1,weight_compensation_2726_810_physical,c10q0,0.0
u-math swap_high_vs_low seed1,weight_compensation_2726_810_physical,c10q1,0.0
u-math swap_high_vs_low seed1,weight_compensation_2726_810_physical,c10q2,0.0
u-math swap_high_vs_low seed1,weight_compensation_2726_810_physical,c10q3,0.0
u-math swap_high_vs_low seed1,weight_compensation_2726_810_physical,c10q4,0.0
u-math swap_high_vs_low seed1,weight_compensation_2726_810_physical,c11q0,0.0
u-math swap_high_vs_low seed1,weight_compensation_2726_810_physical,c11q1,0.0
u-math swap_high_vs_low seed1,weight_compensation_2726_810_physical,c11q2,0.0
u-math swap_high_vs_low seed1,weight_compensation_2726_810_physical,c11q3,0.0
u-math swap_high_vs_low seed1,weight_compensation_2726_810_physical,c11q4,0.0
u-math swap_high_vs_low seed1,weight_compensation_2726_810_physical,c12q0,0.0
u-math swap_high_vs_low seed1,weight_compensation_2726_810_physical,c12q1,0.0
u-math swap_high_vs_low seed1,weight_compensation_2726_810_physical,c12q2,0.0
u-math swap_high_vs_low seed1,weight_compensation_2726_810_physical,c12q3,0.0
u-math swap_high_vs_low seed1,weight_compensation_2726_810_physical,c12q4,0.0
u-math swap_high_vs_low seed1,weight_compensation_2726_810_physical,c13q0,0.0
u-math swap_high_vs_low seed1,weight_compensation_2726_810_physical,c13q1,0.0
u-math swap_high_vs_low seed1,weight_compensation_2726_810_physical,c13q2,0.0
u-math swap_high_vs_low seed1,weight_compensation_2726_810_physical,c13q3,0.0
u-math swap_high_vs_low seed1,weight_compensation_2726_810_physical,c13q4,0.0
u-math swap_high_vs_low seed1,weight_compensation_2726_810_physical,c14q0,0.0
u-math swap_high_vs_low seed1,weight_compensation_2726_810_physical,c14q1,0.0
u-math swap_high_vs_low seed1,weight_compensation_2726_810_physical,c14q2,0.0
u-math swap_high_vs_low seed1,weight_compensation_2726_810_physical,c14q3,0.0
u-math swap_high_vs_low seed1,weight_compensation_2726_810_physical,c14q4,0.0
u-math swap_high_vs_low seed1,weight_compensation_2726_810_physical,c15q0,0.0
u-math swap_high_vs_low seed1,weight_compensation_2726_810_physical,c15q1,0.0
u-math swap_high_vs_low seed1,weight_compensation_2726_810_physical,c15q2,0.0
u-math swap_high_vs_low seed1,weight_compensation_2726_810_physical,c15q3,0.0
u-math swap_high_vs_low seed1,weight_compensation_2726_810_physical,c15q4,0.0
u-math swap_high_vs_low seed1,weight_compensation_2726_810_physical,c16q0,0.0
u-math swap_high_vs_low seed1,weight_compensation_2726_810_physical,c16q1,0.0
u-math swap_high_vs_low seed1,weight_compensation_2726_810_physical,c16q2,0.0
u-math swap_high_vs_low seed1,weight_compensation_2726_810_physical,c16q3,0.0
u-math swap_high_vs_low seed1,weight_compensation_2726_810_physical,c16q4,0.0
u-math swap_high_vs_low seed1,weight_compensation_2726_810_physical,c17q0,0.0
u-math swap_high_vs_low seed1,weight_compensation_2726_810_physical,c17q1,0.0
u-math swap_high_vs_low seed1,weight_compensation_2726_810_physical,c17q2,0.0
u-math swap_high_vs_low seed1,weight_compensation_2726_810_physical,c17q3,0.0
u-math swap_high_vs_low seed1,weight_compensation_2726_810_physical,c17q4,0.0
u-math swap_high_vs_low seed1,weight_compensation_2726_810_physical,c18q0,0.0
u-math swap_high_vs_low seed1,weight_compensation_2726_810_physical,c18q1,0.0
u-math swap_high_vs_low seed1,weight_compensation_2726_810_physical,c18q2,0.0
u-math swap_high_vs_low seed1,weight_compensation_2726_810_physical,c18q3,0.0
u-math swap_high_vs_low seed1,weight_compensation_2726_810_physical,c18q4,0.0
u-math swap_high_vs_low seed1,weight_compensation_2726_810_physical,c19q0,0.0
u-math swap_high_vs_low seed1,weight_compensation_2726_810_physical,c19q1,0.0
u-math swap_high_vs_low seed1,weight_compensation_2726_810_physical,c19q2,0.0
u-math swap_high_vs_low seed1,weight_compensation_2726_810_physical,c19q3,0.0
u-math swap_high_vs_low seed1,weight_compensation_2726_810_physical,c19q4,0.0
u-math swap_high_vs_low seed1,weight_compensation_2726_810_physical,c20q0,0.0
u-math swap_high_vs_low seed1,weight_compensation_2726_810_physical,c20q1,0.0
u-math swap_high_vs_low seed1,weight_compensation_2726_810_physical,c20q2,0.0
u-math swap_high_vs_low seed1,weight_compensation_2726_810_physical,c20q3,0.0
u-math swap_high_vs_low seed1,weight_compensation_2726_810_physical,c20q4,0.0
u-math swap_high_vs_low seed1,weight_compensation_2726_810_physical,c21q0,-9.313225746154785e-10
u-math swap_high_vs_low seed1,weight_compensation_2726_810_physical,c21q1,0.0
u-math swap_high_vs_low seed1,weight_compensation_2726_810_physical,c21q2,1.1175870895385742e-08
u-math swap_high_vs_low seed1,weight_compensation_2726_810_physical,c21q3,1.1175870895385742e-08
u-math swap_high_vs_low seed1,weight_compensation_2726_810_physical,c21q4,-3.725290298461914e-09
u-math swap_high_vs_low seed1,weight_compensation_2726_810_physical,c22q0,0.0
u-math swap_high_vs_low seed1,weight_compensation_2726_810_physical,c22q1,0.0
u-math swap_high_vs_low seed1,weight_compensation_2726_810_physical,c22q2,0.0
u-math swap_high_vs_low seed1,weight_compensation_2726_810_physical,c22q3,0.0
u-math swap_high_vs_low seed1,weight_compensation_2726_810_physical,c22q4,0.0
u-math swap_high_vs_low seed1,weight_compensation_2726_810_physical,c23q0,0.0
u-math swap_high_vs_low seed1,weight_compensation_2726_810_physical,c23q1,0.0
u-math swap_high_vs_low seed1,weight_compensation_2726_810_physical,c23q2,0.0
u-math swap_high_vs_low seed1,weight_compensation_2726_810_physical,c23q3,0.0
u-math swap_high_vs_low seed1,weight_compensation_2726_810_physical,c23q4,0.0
u-math swap_high_vs_low seed1,weight_compensation_2726_810_physical,c24q0,0.0
u-math swap_high_vs_low seed1,weight_compensation_2726_810_physical,c24q1,0.0
u-math swap_high_vs_low seed1,weight_compensation_2726_810_physical,c24q2,0.0
u-math swap_high_vs_low seed1,weight_compensation_2726_810_physical,c24q3,0.0
u-math swap_high_vs_low seed1,weight_compensation_2726_810_physical,c24q4,0.0
u-math swap_high_vs_low seed1,weight_compensation_2726_810_physical,c25q0,0.0
u-math swap_high_vs_low seed1,weight_compensation_2726_810_physical,c25q1,0.0
u-math swap_high_vs_low seed1,weight_compensation_2726_810_physical,c25q2,0.0
u-math swap_high_vs_low seed1,weight_compensation_2726_810_physical,c25q3,0.0
u-math swap_high_vs_low seed1,weight_compensation_2726_810_physical,c25q4,0.0
u-math swap_high_vs_low seed1,weight_compensation_2726_810_physical,c26q0,0.0
u-math swap_high_vs_low seed1,weight_compensation_2726_810_physical,c26q1,0.0
u-math swap_high_vs_low seed1,weight_compensation_2726_810_physical,c26q2,0.0
u-math swap_high_vs_low seed1,weight_compensation_2726_810_physical,c26q3,0.0
u-math swap_high_vs_low seed1,weight_compensation_2726_810_physical,c26q4,0.0
u-math swap_high_vs_low seed1,weight_compensation_2726_810_physical,c27q0,0.0
u-math swap_high_vs_low seed1,weight_compensation_2726_810_physical,c27q1,0.0
u-math swap_high_vs_low seed1,weight_compensation_2726_810_physical,c27q2,0.0
u-math swap_high_vs_low seed1,weight_compensation_2726_810_physical,c27q3,0.0
u-math swap_high_vs_low seed1,weight_compensation_2726_810_physical,c27q4,0.0
u-math swap_high_vs_low seed1,weight_compensation_2726_810_physical,c28q0,0.0
u-math swap_high_vs_low seed1,weight_compensation_2726_810_physical,c28q1,0.0
u-math swap_high_vs_low seed1,weight_compensation_2726_810_physical,c28q2,0.0
u-math swap_high_vs_low seed1,weight_compensation_2726_810_physical,c28q3,0.0
u-math swap_high_vs_low seed1,weight_compensation_2726_810_physical,c28q4,0.0
u-math swap_high_vs_low seed1,weight_compensation_2726_810_physical,c29q0,0.0
u-math swap_high_vs_low seed1,weight_compensation_2726_810_physical,c29q1,0.0
u-math swap_high_vs_low seed1,weight_compensation_2726_810_physical,c29q2,0.0
u-math swap_high_vs_low seed1,weight_compensation_2726_810_physical,c29q3,0.0
u-math swap_high_vs_low seed1,weight_compensation_2726_810_physical,c29q4,0.0
u-math swap_high_vs_low seed1,weight_compensation_2726_810_physical,c30q0,0.0
u-math swap_high_vs_low seed1,weight_compensation_2726_810_physical,c30q1,0.0
u-math swap_high_vs_low seed1,weight_compensation_2726_810_physical,c30q2,0.0
u-math swap_high_vs_low seed1,weight_compensation_2726_810_physical,c30q3,0.0
u-math swap_high_vs_low seed1,weight_compensation_2726_810_physical,c30q4,0.0
u-math swap_high_vs_low seed1,weight_compensation_2726_810_physical,c31q0,0.0
u-math swap_high_vs_low seed1,weight_compensation_2726_810_physical,c31q1,0.0
u-math swap_high_vs_low seed1,weight_compensation_2726_810_physical,c31q2,0.0
u-math swap_high_vs_low seed1,weight_compensation_2726_810_physical,c31q3,0.0
u-math swap_high_vs_low seed1,weight_compensation_2726_810_physical,c31q4,0.0
u-math swap_high_vs_low seed1,weight_compensation_2726_810_physical,c32q0,0.0
u-math swap_high_vs_low seed1,weight_compensation_2726_810_physical,c32q1,0.0
u-math swap_high_vs_low seed1,weight_compensation_2726_810_physical,c32q2,0.0
u-math swap_high_vs_low seed1,weight_compensation_2726_810_physical,c32q3,0.0
u-math swap_high_vs_low seed1,weight_compensation_2726_810_physical,c32q4,0.0
u-math swap_high_vs_low seed1,weight_compensation_2726_810_physical,c33q0,0.0
u-math swap_high_vs_low seed1,weight_compensation_2726_810_physical,c33q1,0.0
u-math swap_high_vs_low seed1,weight_compensation_2726_810_physical,c33q2,0.0
u-math swap_high_vs_low seed1,weight_compensation_2726_810_physical,c33q3,0.0
u-math swap_high_vs_low seed1,weight_compensation_2726_810_physical,c33q4,0.0
u-math swap_high_vs_low seed1,weight_compensation_2726_810_physical,c34q0,0.0
u-math swap_high_vs_low seed1,weight_compensation_2726_810_physical,c34q1,0.0
u-math swap_high_vs_low seed1,weight_compensation_2726_810_physical,c34q2,0.0
u-math swap_high_vs_low seed1,weight_compensation_2726_810_physical,c34q3,0.0
u-math swap_high_vs_low seed1,weight_compensation_2726_810_physical,c34q4,0.0
u-math swap_high_vs_low seed1,weight_compensation_2726_810_physical,c35q0,0.0
u-math swap_high_vs_low seed1,weight_compensation_2726_810_physical,c35q1,0.0
u-math swap_high_vs_low seed1,weight_compensation_2726_810_physical,c35q2,0.0
u-math swap_high_vs_low seed1,weight_compensation_2726_810_physical,c35q3,0.0
u-math swap_high_vs_low seed1,weight_compensation_2726_810_physical,c35q4,0.0
u-math swap_high_vs_low seed1,weight_compensation_2726_810_physical,c36q0,0.0
u-math swap_high_vs_low seed1,weight_compensation_2726_810_physical,c36q1,0.0
u-math swap_high_vs_low seed1,weight_compensation_2726_810_physical,c36q2,0.0
u-math swap_high_vs_low seed1,weight_compensation_2726_810_physical,c36q3,0.0
u-math swap_high_vs_low seed1,weight_compensation_2726_810_physical,c36q4,0.0
u-math swap_high_vs_low seed1,weight_compensation_2726_810_physical,c37q0,0.0
u-math swap_high_vs_low seed1,weight_compensation_2726_810_physical,c37q1,0.0
u-math swap_high_vs_low seed1,weight_compensation_2726_810_physical,c37q2,0.0
u-math swap_high_vs_low seed1,weight_compensation_2726_810_physical,c37q3,0.0
u-math swap_high_vs_low seed1,weight_compensation_2726_810_physical,c37q4,0.0
u-math swap_high_vs_low seed1,weight_compensation_2726_810_physical,c38q0,0.0
u-math swap_high_vs_low seed1,weight_compensation_2726_810_physical,c38q1,0.0
u-math swap_high_vs_low seed1,weight_compensation_2726_810_physical,c38q2,0.0
u-math swap_high_vs_low seed1,weight_compensation_2726_810_physical,c38q3,0.0
u-math swap_high_vs_low seed1,weight_compensation_2726_810_physical,c38q4,0.0
u-math swap_high_vs_low seed1,weight_compensation_2726_810_physical,c39q0,-4.656612873077393e-10
u-math swap_high_vs_low seed1,weight_compensation_2726_810_physical,c39q1,-3.725290298461914e-09
u-math swap_high_vs_low seed1,weight_compensation_2726_810_physical,c39q2,4.842877388000488e-08
u-math swap_high_vs_low seed1,weight_compensation_2726_810_physical,c39q3,-1.1175870895385742e-08
u-math swap_high_vs_low seed1,weight_compensation_2726_810_physical,c39q4,3.725290298461914e-09
u-math swap_high_vs_low seed1,observed_2727_810_physical,c00q0,0.0
u-math swap_high_vs_low seed1,observed_2727_810_physical,c00q1,0.0
u-math swap_high_vs_low seed1,observed_2727_810_physical,c00q2,0.0
u-math swap_high_vs_low seed1,observed_2727_810_physical,c00q3,0.0
u-math swap_high_vs_low seed1,observed_2727_810_physical,c00q4,0.0
u-math swap_high_vs_low seed1,observed_2727_810_physical,c01q0,0.0
u-math swap_high_vs_low seed1,observed_2727_810_physical,c01q1,0.0
u-math swap_high_vs_low seed1,observed_2727_810_physical,c01q2,0.0
u-math swap_high_vs_low seed1,observed_2727_810_physical,c01q3,0.0
u-math swap_high_vs_low seed1,observed_2727_810_physical,c01q4,0.0
u-math swap_high_vs_low seed1,observed_2727_810_physical,c02q0,0.0
u-math swap_high_vs_low seed1,observed_2727_810_physical,c02q1,0.0
u-math swap_high_vs_low seed1,observed_2727_810_physical,c02q2,0.0
u-math swap_high_vs_low seed1,observed_2727_810_physical,c02q3,0.0
u-math swap_high_vs_low seed1,observed_2727_810_physical,c02q4,0.0
u-math swap_high_vs_low seed1,observed_2727_810_physical,c03q0,0.0
u-math swap_high_vs_low seed1,observed_2727_810_physical,c03q1,0.0
u-math swap_high_vs_low seed1,observed_2727_810_physical,c03q2,0.0
u-math swap_high_vs_low seed1,observed_2727_810_physical,c03q3,0.0
u-math swap_high_vs_low seed1,observed_2727_810_physical,c03q4,0.0
u-math swap_high_vs_low seed1,observed_2727_810_physical,c04q0,0.0
u-math swap_high_vs_low seed1,observed_2727_810_physical,c04q1,0.0
u-math swap_high_vs_low seed1,observed_2727_810_physical,c04q2,0.0
u-math swap_high_vs_low seed1,observed_2727_810_physical,c04q3,0.0
u-math swap_high_vs_low seed1,observed_2727_810_physical,c04q4,0.0
u-math swap_high_vs_low seed1,observed_2727_810_physical,c05q0,0.0
u-math swap_high_vs_low seed1,observed_2727_810_physical,c05q1,0.0
u-math swap_high_vs_low seed1,observed_2727_810_physical,c05q2,0.0
u-math swap_high_vs_low seed1,observed_2727_810_physical,c05q3,0.0
u-math swap_high_vs_low seed1,observed_2727_810_physical,c05q4,0.0
u-math swap_high_vs_low seed1,observed_2727_810_physical,c06q0,0.0
u-math swap_high_vs_low seed1,observed_2727_810_physical,c06q1,0.0
u-math swap_high_vs_low seed1,observed_2727_810_physical,c06q2,0.0
u-math swap_high_vs_low seed1,observed_2727_810_physical,c06q3,0.0
u-math swap_high_vs_low seed1,observed_2727_810_physical,c06q4,0.0
u-math swap_high_vs_low seed1,observed_2727_810_physical,c07q0,0.0
u-math swap_high_vs_low seed1,observed_2727_810_physical,c07q1,0.0
u-math swap_high_vs_low seed1,observed_2727_810_physical,c07q2,0.0
u-math swap_high_vs_low seed1,observed_2727_810_physical,c07q3,0.0
u-math swap_high_vs_low seed1,observed_2727_810_physical,c07q4,0.0
u-math swap_high_vs_low seed1,observed_2727_810_physical,c08q0,0.0
u-math swap_high_vs_low seed1,observed_2727_810_physical,c08q1,0.0
u-math swap_high_vs_low seed1,observed_2727_810_physical,c08q2,0.0
u-math swap_high_vs_low seed1,observed_2727_810_physical,c08q3,0.0
u-math swap_high_vs_low seed1,observed_2727_810_physical,c08q4,0.0
u-math swap_high_vs_low seed1,observed_2727_810_physical,c09q0,0.0
u-math swap_high_vs_low seed1,observed_2727_810_physical,c09q1,0.0
u-math swap_high_vs_low seed1,observed_2727_810_physical,c09q2,0.0
u-math swap_high_vs_low seed1,observed_2727_810_physical,c09q3,0.0
u-math swap_high_vs_low seed1,observed_2727_810_physical,c09q4,0.0
u-math swap_high_vs_low seed1,observed_2727_810_physical,c10q0,0.0
u-math swap_high_vs_low seed1,observed_2727_810_physical,c10q1,0.0
u-math swap_high_vs_low seed1,observed_2727_810_physical,c10q2,0.0
u-math swap_high_vs_low seed1,observed_2727_810_physical,c10q3,0.0
u-math swap_high_vs_low seed1,observed_2727_810_physical,c10q4,0.0
u-math swap_high_vs_low seed1,observed_2727_810_physical,c11q0,0.0
u-math swap_high_vs_low seed1,observed_2727_810_physical,c11q1,0.0
u-math swap_high_vs_low seed1,observed_2727_810_physical,c11q2,0.0
u-math swap_high_vs_low seed1,observed_2727_810_physical,c11q3,0.0
u-math swap_high_vs_low seed1,observed_2727_810_physical,c11q4,0.0
u-math swap_high_vs_low seed1,observed_2727_810_physical,c12q0,0.0
u-math swap_high_vs_low seed1,observed_2727_810_physical,c12q1,0.0
u-math swap_high_vs_low seed1,observed_2727_810_physical,c12q2,0.0
u-math swap_high_vs_low seed1,observed_2727_810_physical,c12q3,0.0
u-math swap_high_vs_low seed1,observed_2727_810_physical,c12q4,0.0
u-math swap_high_vs_low seed1,observed_2727_810_physical,c13q0,0.0
u-math swap_high_vs_low seed1,observed_2727_810_physical,c13q1,0.0
u-math swap_high_vs_low seed1,observed_2727_810_physical,c13q2,0.0
u-math swap_high_vs_low seed1,observed_2727_810_physical,c13q3,0.0
u-math swap_high_vs_low seed1,observed_2727_810_physical,c13q4,0.0
u-math swap_high_vs_low seed1,observed_2727_810_physical,c14q0,0.0
u-math swap_high_vs_low seed1,observed_2727_810_physical,c14q1,0.0
u-math swap_high_vs_low seed1,observed_2727_810_physical,c14q2,0.0
u-math swap_high_vs_low seed1,observed_2727_810_physical,c14q3,0.0
u-math swap_high_vs_low seed1,observed_2727_810_physical,c14q4,0.0
u-math swap_high_vs_low seed1,observed_2727_810_physical,c15q0,0.0
u-math swap_high_vs_low seed1,observed_2727_810_physical,c15q1,0.0
u-math swap_high_vs_low seed1,observed_2727_810_physical,c15q2,0.0
u-math swap_high_vs_low seed1,observed_2727_810_physical,c15q3,0.0
u-math swap_high_vs_low seed1,observed_2727_810_physical,c15q4,0.0
u-math swap_high_vs_low seed1,observed_2727_810_physical,c16q0,0.0
u-math swap_high_vs_low seed1,observed_2727_810_physical,c16q1,0.0
u-math swap_high_vs_low seed1,observed_2727_810_physical,c16q2,0.0
u-math swap_high_vs_low seed1,observed_2727_810_physical,c16q3,0.0
u-math swap_high_vs_low seed1,observed_2727_810_physical,c16q4,0.0
u-math swap_high_vs_low seed1,observed_2727_810_physical,c17q0,0.0
u-math swap_high_vs_low seed1,observed_2727_810_physical,c17q1,0.0
u-math swap_high_vs_low seed1,observed_2727_810_physical,c17q2,0.0
u-math swap_high_vs_low seed1,observed_2727_810_physical,c17q3,0.0
u-math swap_high_vs_low seed1,observed_2727_810_physical,c17q4,0.0
u-math swap_high_vs_low seed1,observed_2727_810_physical,c18q0,0.0
u-math swap_high_vs_low seed1,observed_2727_810_physical,c18q1,0.0
u-math swap_high_vs_low seed1,observed_2727_810_physical,c18q2,0.0
u-math swap_high_vs_low seed1,observed_2727_810_physical,c18q3,0.0
u-math swap_high_vs_low seed1,observed_2727_810_physical,c18q4,0.0
u-math swap_high_vs_low seed1,observed_2727_810_physical,c19q0,0.0
u-math swap_high_vs_low seed1,observed_2727_810_physical,c19q1,0.0
u-math swap_high_vs_low seed1,observed_2727_810_physical,c19q2,0.0
u-math swap_high_vs_low seed1,observed_2727_810_physical,c19q3,0.0
u-math swap_high_vs_low seed1,observed_2727_810_physical,c19q4,0.0
u-math swap_high_vs_low seed1,observed_2727_810_physical,c20q0,0.0
u-math swap_high_vs_low seed1,observed_2727_810_physical,c20q1,0.0
u-math swap_high_vs_low seed1,observed_2727_810_physical,c20q2,0.0
u-math swap_high_vs_low seed1,observed_2727_810_physical,c20q3,0.0
u-math swap_high_vs_low seed1,observed_2727_810_physical,c20q4,0.0
u-math swap_high_vs_low seed1,observed_2727_810_physical,c21q0,162.5063289674581
u-math swap_high_vs_low seed1,observed_2727_810_physical,c21q1,2167.3710325155407
u-math swap_high_vs_low seed1,observed_2727_810_physical,c21q2,8411.121903546154
u-math swap_high_vs_low seed1,observed_2727_810_physical,c21q3,6189.887688495219
u-math swap_high_vs_low seed1,observed_2727_810_physical,c21q4,4040.6330464966595
u-math swap_high_vs_low seed1,observed_2727_810_physical,c22q0,0.0
u-math swap_high_vs_low seed1,observed_2727_810_physical,c22q1,0.0
u-math swap_high_vs_low seed1,observed_2727_810_physical,c22q2,0.0
u-math swap_high_vs_low seed1,observed_2727_810_physical,c22q3,0.0
u-math swap_high_vs_low seed1,observed_2727_810_physical,c22q4,0.0
u-math swap_high_vs_low seed1,observed_2727_810_physical,c23q0,0.0
u-math swap_high_vs_low seed1,observed_2727_810_physical,c23q1,0.0
u-math swap_high_vs_low seed1,observed_2727_810_physical,c23q2,0.0
u-math swap_high_vs_low seed1,observed_2727_810_physical,c23q3,0.0
u-math swap_high_vs_low seed1,observed_2727_810_physical,c23q4,0.0
u-math swap_high_vs_low seed1,observed_2727_810_physical,c24q0,0.0
u-math swap_high_vs_low seed1,observed_2727_810_physical,c24q1,0.0
u-math swap_high_vs_low seed1,observed_2727_810_physical,c24q2,0.0
u-math swap_high_vs_low seed1,observed_2727_810_physical,c24q3,0.0
u-math swap_high_vs_low seed1,observed_2727_810_physical,c24q4,0.0
u-math swap_high_vs_low seed1,observed_2727_810_physical,c25q0,0.0
u-math swap_high_vs_low seed1,observed_2727_810_physical,c25q1,0.0
u-math swap_high_vs_low seed1,observed_2727_810_physical,c25q2,0.0
u-math swap_high_vs_low seed1,observed_2727_810_physical,c25q3,0.0
u-math swap_high_vs_low seed1,observed_2727_810_physical,c25q4,0.0
u-math swap_high_vs_low seed1,observed_2727_810_physical,c26q0,0.0
u-math swap_high_vs_low seed1,observed_2727_810_physical,c26q1,0.0
u-math swap_high_vs_low seed1,observed_2727_810_physical,c26q2,0.0
u-math swap_high_vs_low seed1,observed_2727_810_physical,c26q3,0.0
u-math swap_high_vs_low seed1,observed_2727_810_physical,c26q4,0.0
u-math swap_high_vs_low seed1,observed_2727_810_physical,c27q0,0.0
u-math swap_high_vs_low seed1,observed_2727_810_physical,c27q1,0.0
u-math swap_high_vs_low seed1,observed_2727_810_physical,c27q2,0.0
u-math swap_high_vs_low seed1,observed_2727_810_physical,c27q3,0.0
u-math swap_high_vs_low seed1,observed_2727_810_physical,c27q4,0.0
u-math swap_high_vs_low seed1,observed_2727_810_physical,c28q0,0.0
u-math swap_high_vs_low seed1,observed_2727_810_physical,c28q1,0.0
u-math swap_high_vs_low seed1,observed_2727_810_physical,c28q2,0.0
u-math swap_high_vs_low seed1,observed_2727_810_physical,c28q3,0.0
u-math swap_high_vs_low seed1,observed_2727_810_physical,c28q4,0.0
u-math swap_high_vs_low seed1,observed_2727_810_physical,c29q0,0.0
u-math swap_high_vs_low seed1,observed_2727_810_physical,c29q1,0.0
u-math swap_high_vs_low seed1,observed_2727_810_physical,c29q2,0.0
u-math swap_high_vs_low seed1,observed_2727_810_physical,c29q3,0.0
u-math swap_high_vs_low seed1,observed_2727_810_physical,c29q4,0.0
u-math swap_high_vs_low seed1,observed_2727_810_physical,c30q0,0.0
u-math swap_high_vs_low seed1,observed_2727_810_physical,c30q1,0.0
u-math swap_high_vs_low seed1,observed_2727_810_physical,c30q2,0.0
u-math swap_high_vs_low seed1,observed_2727_810_physical,c30q3,0.0
u-math swap_high_vs_low seed1,observed_2727_810_physical,c30q4,0.0
u-math swap_high_vs_low seed1,observed_2727_810_physical,c31q0,0.0
u-math swap_high_vs_low seed1,observed_2727_810_physical,c31q1,0.0
u-math swap_high_vs_low seed1,observed_2727_810_physical,c31q2,0.0
u-math swap_high_vs_low seed1,observed_2727_810_physical,c31q3,0.0
u-math swap_high_vs_low seed1,observed_2727_810_physical,c31q4,0.0
u-math swap_high_vs_low seed1,observed_2727_810_physical,c32q0,0.0
u-math swap_high_vs_low seed1,observed_2727_810_physical,c32q1,0.0
u-math swap_high_vs_low seed1,observed_2727_810_physical,c32q2,0.0
u-math swap_high_vs_low seed1,observed_2727_810_physical,c32q3,0.0
u-math swap_high_vs_low seed1,observed_2727_810_physical,c32q4,0.0
u-math swap_high_vs_low seed1,observed_2727_810_physical,c33q0,0.0
u-math swap_high_vs_low seed1,observed_2727_810_physical,c33q1,0.0
u-math swap_high_vs_low seed1,observed_2727_810_physical,c33q2,0.0
u-math swap_high_vs_low seed1,observed_2727_810_physical,c33q3,0.0
u-math swap_high_vs_low seed1,observed_2727_810_physical,c33q4,0.0
u-math swap_high_vs_low seed1,observed_2727_810_physical,c34q0,0.0
u-math swap_high_vs_low seed1,observed_2727_810_physical,c34q1,0.0
u-math swap_high_vs_low seed1,observed_2727_810_physical,c34q2,0.0
u-math swap_high_vs_low seed1,observed_2727_810_physical,c34q3,0.0
u-math swap_high_vs_low seed1,observed_2727_810_physical,c34q4,0.0
u-math swap_high_vs_low seed1,observed_2727_810_physical,c35q0,0.0
u-math swap_high_vs_low seed1,observed_2727_810_physical,c35q1,0.0
u-math swap_high_vs_low seed1,observed_2727_810_physical,c35q2,0.0
u-math swap_high_vs_low seed1,observed_2727_810_physical,c35q3,0.0
u-math swap_high_vs_low seed1,observed_2727_810_physical,c35q4,0.0
u-math swap_high_vs_low seed1,observed_2727_810_physical,c36q0,0.0
u-math swap_high_vs_low seed1,observed_2727_810_physical,c36q1,0.0
u-math swap_high_vs_low seed1,observed_2727_810_physical,c36q2,0.0
u-math swap_high_vs_low seed1,observed_2727_810_physical,c36q3,0.0
u-math swap_high_vs_low seed1,observed_2727_810_physical,c36q4,0.0
u-math swap_high_vs_low seed1,observed_2727_810_physical,c37q0,0.0
u-math swap_high_vs_low seed1,observed_2727_810_physical,c37q1,0.0
u-math swap_high_vs_low seed1,observed_2727_810_physical,c37q2,0.0
u-math swap_high_vs_low seed1,observed_2727_810_physical,c37q3,0.0
u-math swap_high_vs_low seed1,observed_2727_810_physical,c37q4,0.0
u-math swap_high_vs_low seed1,observed_2727_810_physical,c38q0,0.0
u-math swap_high_vs_low seed1,observed_2727_810_physical,c38q1,0.0
u-math swap_high_vs_low seed1,observed_2727_810_physical,c38q2,0.0
u-math swap_high_vs_low seed1,observed_2727_810_physical,c38q3,0.0
u-math swap_high_vs_low seed1,observed_2727_810_physical,c38q4,0.0
u-math swap_high_vs_low seed1,observed_2727_810_physical,c39q0,-162.5063289688551
u-math swap_high_vs_low seed1,observed_2727_810_physical,c39q1,-2167.371032519266
u-math swap_high_vs_low seed1,observed_2727_810_physical,c39q2,-8411.121903482825
u-math swap_high_vs_low seed1,observed_2727_810_physical,c39q3,-6189.887688495219
u-math swap_high_vs_low seed1,observed_2727_810_physical,c39q4,-4040.6330464966595
