run_name,group,weight_pair_sha256,paloma_macro_bpb,gsm8k_bpb,humaneval_bpb
h100-d512-mix-baseline-seed0-from10pct-20260826-rno2a,core_design,bdb939c282a74e3291e4f13ba0418ed5794f3addb5c922e41b640e478d3c19b0,1.193233847618103,0.7412256027791492,0.5135216415621722
h100-d512-mix-baseline-seed1-from10pct-20260826-rno2a,core_design,bdb939c282a74e3291e4f13ba0418ed5794f3addb5c922e41b640e478d3c19b0,1.193894624710083,0.6446185418163565,0.5229141244398361
h100-d512-mix-baseline-seed2-from10pct-20260826-rno2a,core_design,bdb939c282a74e3291e4f13ba0418ed5794f3addb5c922e41b640e478d3c19b0,1.1930193901062012,0.7257985180840185,0.5163679076626866
h100-d512-mix-broad-technical-capped-seed0-from10pct-20260827-ceguard-use02a,core_design,e83ab80020c083d6ac824831e02bdfe8a9d6c18324f7d648c9ff3d85417e4282,1.1895949840545654,0.749720193207715,0.5465305085380346
h100-d512-mix-floor-baseline-seed0-from10pct-20260826-rno2a,floored_ablation,ab2d5b8f09c41c22723b12d10786f7300a459334bf62c2f67826d1334fc4d95d,1.1935125589370728,0.7478190617959801,0.527975790470336
h100-d512-mix-math-q4-4x-seed0-from10pct-20260826-rno2a,core_design,57a058a1ad3c60fefb1e2962dd5d48ce2ca9656d85d19286b10625ec0e1ef53e,1.1932225227355957,0.7437210854455022,0.5276054511194702
h100-d512-mix-math-q4-6x-seed0-from10pct-20260826-rno2a,core_design,a37d74952abfe64b2b01e576a41da9cb9d5b88fa73bdbbd6bb17e598250e288a,1.1947083473205566,0.7174192102438338,0.5199568301515505
h100-d512-mix-math-q4-8x-seed0-from10pct-20260826-rno2a,core_design,0a99c749f04d9d5cc28bdd89591f7cf75111e9d949d178e2fa3596983d662740,1.1941947937011719,0.7225495915170648,0.5280953716254723
h100-d512-mix-r-soft-pre-high-seed0-from10pct-20260826-rno2a,core_design,e18314dd60ac440cf60182748f93c68efb65a4b45893895f5be6019b472381d9,1.193845510482788,0.7343970002498644,0.5333145456760005
h100-d512-mix-r-soft-pre-low-seed0-from10pct-20260827-ceguard-use02a,core_design,4c503bc7413c0d1e93d8a9c6fa131433ba01979abd86fb4c50a3a64c850ee408,1.1939233541488647,0.7426858980664275,0.5344286816853558
h100-d512-mix-r-stem-cool-high-seed0-from10pct-20260826-rno2a,core_design,02e07ed53d53e1bc73f847feb1f6e654443b6b24f8309904317999ba86fc284d,1.1942672729492188,0.7125461513932274,0.5156652201961777
h100-d512-mix-r-stem-cool-low-seed0-from10pct-20260826-rno2a,core_design,64cc495679c3d5506f87a9237abb279be885a7a501d9d0be5456b2167c54bb1b,1.194276213645935,0.7269039339608171,0.5158953224782048
h100-d512-mix-r-stem-high-pre-swap-seed0-from10pct-20260826-rno2a,core_design,165aa41b3d6d2635c70d649eb281e79a758ac9008f9e12a5468be6786336a273,1.1940338611602783,0.7490195441146397,0.5105966648559459
h100-d512-mix-r-stem-high-pre-swap-seed1-from10pct-20260826-rno2a,core_design,165aa41b3d6d2635c70d649eb281e79a758ac9008f9e12a5468be6786336a273,1.1940324306488037,0.6466425620951115,0.5236078219116277
h100-d512-mix-r-stem-low-pre-swap-seed0-from10pct-20260826-rno2a,core_design,49260d373a16a2854b3477f2ba1f316cba12816ee7f1119051391756672c4f5f,1.1943914890289307,0.7269128364547479,0.5183169432491651
h100-d512-mix-r-stem-low-pre-swap-seed1-from10pct-20260826-rno2a,core_design,49260d373a16a2854b3477f2ba1f316cba12816ee7f1119051391756672c4f5f,1.194162130355835,0.6448223581698563,0.5233758942817635
h100-d512-mix-r-stem-pre-high-seed0-from10pct-20260826-rno2a,core_design,5cfb1672c203ecd9a7d5240c5231dfc4a3276c8d004e3fa82ad364f9b41148c0,1.1943116188049316,0.7434423201091503,0.531353342900501
h100-d512-mix-r-stem-pre-low-seed0-from10pct-20260826-rno2a,core_design,f19bb6537b0b453231f503fea4554ea588f82b9c3c2956302509c90f0d7f61fd,1.1936583518981934,0.7316495517311271,0.5260814674069194
h100-d512-mix-sk-agent-soft-large-high-seed0-from10pct-20260826-rno2a,skew_swap,ea57a630a84cf52f2ee039f955f2ffd212c9f551066a5fd103635c8c14340224,1.1936774253845215,0.7284002210163639,0.5258818831628327
h100-d512-mix-sk-agent-soft-large-low-seed0-from10pct-20260826-rno2a,skew_swap,a424f7a97827aede0ab7bf4e45b4a445787c092078fd9d38d4210fc2dc960b3c,1.1931326389312744,0.7397572195770857,0.54511843148567
h100-d512-mix-sk-agent-soft-small-high-seed0-from10pct-20260826-rno2a,skew_swap,667bf47961166f61420f78bc027e5469d13dca38723f70190f9f29a18adc8948,1.1933681964874268,0.7314365068812841,0.5299867270172789
h100-d512-mix-sk-agent-soft-small-low-seed0-from10pct-20260826-rno2a,skew_swap,36b418d91adf811f473ec2fb2ddcd495fd45eb76b5fbf95f97e9abd202369772,1.1926605701446533,0.7279477397972647,0.5202426552258422
h100-d512-mix-sk-conduct-well-large-high-seed0-from10pct-20260826-rno2a,skew_swap,3f9ca66d6d4a3881e7db9ac73f6c8579906e4a1abe0524130d8dba3b7c46bed2,1.1930656433105469,0.7348043735254515,0.5175312926955169
h100-d512-mix-sk-conduct-well-large-low-seed0-from10pct-20260826-rno2a,skew_swap,fb7ad8da605b68f086154f4bdbd09de36d85bf93f2ab2feecab59c6d82c7d411,1.193565011024475,0.7403514021135702,0.5367741425475369
h100-d512-mix-sk-craft-science-large-high-seed0-from10pct-20260826-rno2a,skew_swap,86929514428ec4c84e7ebf1e90dc4d0a833d678eb274dd5385a147304c4397da,1.1932694911956787,0.7298798382910087,0.5235957589105404
h100-d512-mix-sk-faith-infra-large-high-seed0-from10pct-20260826-rno2a,skew_swap,be37910dcd3f21f6caaceb2a2d83d68984d9353ee1ee5a93f5be3c065d6b5601,1.1920825242996216,0.7320307135087158,0.532197320514419
h100-d512-mix-sk-faith-infra-large-low-seed0-from10pct-20260826-rno2a,skew_swap,4229173b9df9ca309dd967d7a3e86efdce3b75417b43140b683428c4352aedf3,1.1933937072753906,0.7237347772391325,0.5081405443936488
h100-d512-mix-sk-faith-infra-small-high-seed0-from10pct-20260826-rno2a,skew_swap,ed9152ff567de36354aeee1ae7cbe38c882f21419ae5cb2220c02a5fef9a0623,1.1930980682373047,0.7476384084784489,0.5112693620897094
h100-d512-mix-sk-faith-infra-small-low-seed0-from10pct-20260826-rno2a,skew_swap,58fdb18d4646d4d6f0bc3635da34f909a3bcdc47ca8e8144fc2ac57816e02309,1.1931272745132446,0.7188949661837081,0.5269123444176348
h100-d512-mix-sk-fiction-fan-large-low-seed0-from10pct-20260826-rno2a,skew_swap,97d3b4c16293f6a7f9f6f977d2c78fb6f6a2ce3699354cea65caac57d82a69fe,1.1936767101287842,0.7191932293334897,0.5335532695100458
h100-d512-mix-sk-fiction-fan-small-high-seed0-from10pct-20260826-rno2a,skew_swap,b0dac56948d47d2b50b0352a5e984581c959a5fda89d2142e71112dbf7cf52be,1.1931565999984741,0.7357419303412276,0.522329178150387
h100-d512-mix-sk-finance-gamble-large-high-seed0-from10pct-20260826-rno2a,skew_swap,981e09cdd68889e2f7ab855faa300d659d303834593cccfc02cfa28d4cda22e4,1.1936055421829224,0.7331726638944394,0.5260110555220601
h100-d512-mix-sk-finance-gamble-small-high-seed0-from10pct-20260826-rno2a,skew_swap,6835483549317a7388aed1a5adf1d02adcb5c6ffcba9f298f38bb3bd3497f534,1.1935675144195557,0.7342967394406801,0.5370587406390502
h100-d512-mix-sk-finance-gamble-small-low-seed0-from10pct-20260826-rno2a,skew_swap,88867694fa7348075c1a4e1150261763ddb0aaba18f7a4e5bb2e14f5763f6115,1.1930702924728394,0.7253886170298283,0.5318502292064794
h100-d512-mix-sk-food-math-large-high-seed0-from10pct-20260826-rno2a,skew_swap,aa5ccb4ca54d2bad62ee94a93e88b462c52ccf4a6e7601e19e9a553ffedda90c,1.193739414215088,0.7275099691991896,0.5336738604754446
h100-d512-mix-sk-food-math-large-low-seed0-from10pct-20260826-rno2a,skew_swap,795206f8b8a09c63e134c7a6b3b770b6ffee1777a9ac47a44ed8788cf4a7cd9d,1.1933419704437256,0.7442618472209355,0.5259342765615683
h100-d512-mix-sk-food-math-small-high-seed0-from10pct-20260826-rno2a,skew_swap,69b887f9d3156e0b14569ff54d61cce5fbc2b844e348c73facac3b637abdf315,1.194016456604004,0.7468995080094786,0.5422622498970748
h100-d512-mix-sk-food-math-small-low-seed0-from10pct-20260826-rno2a,skew_swap,b0c007edca4a2d196dc84b3d838dd6b1dec5b8b22b5538e7e5a8c6dbf23dd0e5,1.193457841873169,0.7494012151498858,0.5192778477867008
h100-d512-mix-sk-soft-infra-large-high-seed0-from10pct-20260826-rno2a,skew_swap,bee6590953ad4dbde992beec36012cd63a183d578b1d708eb3d8ffd43e88ee1d,1.1931324005126953,0.7469126081263835,0.5142014360392443
h100-d512-mix-sk-soft-infra-large-low-seed0-from10pct-20260826-rno2a,skew_swap,1303e34c6fe91cdb0660b4b49f84ced326b5dc83c9763db2560fb834cee28bfa,1.1932613849639893,0.7430358487688822,0.5157508809574605
h100-d512-mix-sk-soft-infra-small-high-seed0-from10pct-20260826-rno2a,skew_swap,d32220a96b5e7fd4be308281bbb6a4aff256746974c99bb3910da3c4a151dfa1,1.1928589344024658,0.744852851646837,0.5186813521289727
h100-d512-mix-sk-soft-infra-small-low-seed0-from10pct-20260826-rno2a,skew_swap,85a5816500f93dcc8ae940c632146f9d7b97dcd69a1659980d4b22cc64fcff73,1.1929126977920532,0.728802283742331,0.5119513143855775
h100-d512-mix-sub-c20-to-c29-seed0-from10pct-20260826-rno2a,floored_ablation,38361d0d5cffaa2c0bd30b022c2e345323b5077712c2fce48cb87155fdbacb4d,1.1932246685028076,0.7460408490209337,0.512016305068889
h100-d512-mix-sub-c21-to-c28-seed0-from10pct-20260826-rno2a,floored_ablation,ec06fc365c7caeb3a9108f2cbf90661f068899a227b0de8ce282f027db89cd93,1.1926349401474,0.7377516945743379,0.5250346003117391
h100-d512-mix-sub-c28-to-c21-seed0-from10pct-20260826-rno2a,floored_ablation,c657482a97aefeae89abf45325d70c52c519d6110da397f17ac6a59a24cb3d26,1.192763090133667,0.7327812324059748,0.5203095466297412
h100-d512-mix-sub-c28-to-c32-seed0-from10pct-20260827-ceguard-use02a,floored_ablation,a371935ac184289eaa7e0978408d817b1b3235dc9ecb40457a213baf16619620,1.1931649446487427,0.745168638967293,0.5279648656710622
h100-d512-mix-sub-c29-to-c20-seed0-from10pct-20260826-rno2a,floored_ablation,0070ec424e80df8afd3f3c01b2e56dd488638518b271a9c472e7c6296516c07f,1.1921839714050293,0.7288014934833588,0.5203238446287871
h100-d512-mix-sub-c32-to-c28-seed0-from10pct-20260826-rno2a,floored_ablation,ebdcf639ff208d7fcf8246757ed15ebc8e9a74ce08ca594aa929e3b8a0c3687d,1.1935532093048096,0.7423136350876854,0.5280867244924907
h100-d512-mix-sw-agent-soft-high-pre-seed0-from10pct-20260826-rno2a,skew_swap,8ff9e3a561cc7a95785c69c1908460883b80192c5a5c23b7558fe72562a9b6b8,1.1932060718536377,0.7301660942810994,0.5263938038663437
h100-d512-mix-sw-agent-soft-low-pre-seed0-from10pct-20260826-rno2a,skew_swap,97c31aefc24b936ceca896e486022c7e2963857fcd6666f083fe901267f87c29,1.1927030086517334,0.7580175471943331,0.5389755140882083
h100-d512-mix-sw-conduct-well-high-pre-seed0-from10pct-20260826-rno2a,skew_swap,82172d51ca453213734ea1c92b4b1b382e064eded387eb56692c8953e5af6845,1.1932295560836792,0.726035184528903,0.5342217693069207
h100-d512-mix-sw-craft-science-high-pre-seed0-from10pct-20260826-rno2a,skew_swap,8040772770580edb29dfe4346d6826e97a846ca8fc0d5bcd013a1fa3cf8e057e,1.1936208009719849,0.7405366913833553,0.5197059350844281
h100-d512-mix-sw-craft-science-low-pre-seed0-from10pct-20260826-rno2a,skew_swap,f556e700b9825f99fbd0a8f25a6cabfde6c2dc53348575a5d04ddf1f4b488e12,1.1930185556411743,0.7390078004361511,0.5262066775920798
h100-d512-mix-sw-faith-infra-high-pre-seed0-from10pct-20260826-rno2a,skew_swap,be72daa9590021499c8960202f65fc19b0c877121816529269bcbc05bffd1bc9,1.1928234100341797,0.7579355743481518,0.5348573312977251
h100-d512-mix-sw-faith-infra-low-pre-seed0-from10pct-20260826-rno2a,skew_swap,7f6e15bbfa6d319310fdf86d9c5373eb895128bf3d9fbd758007f14497820a22,1.1923558712005615,0.7309936256274482,0.5356514694615528
h100-d512-mix-sw-fiction-fan-low-pre-seed0-from10pct-20260826-rno2a,skew_swap,c9ac21d89b5751c6160da1dd3f5d7b21f438e63921a39cbbd197dcd0eea32efc,1.1922858953475952,0.7389435429648076,0.5061266226686816
h100-d512-mix-sw-finance-gamble-high-pre-seed0-from10pct-20260826-rno2a,skew_swap,2310265b261bdcdba6828a1319458af2602b9e96c1215670e19c83621d4877e6,1.1929365396499634,0.7386892172690559,0.5313307778728845
h100-d512-mix-sw-food-math-high-pre-seed0-from10pct-20260826-rno2a,skew_swap,371f9c0e08fdec5c2ae9afe85681df18aeb86a5b87e432bd6172a11c2f521cee,1.193251371383667,0.734177537563327,0.5175790187464041
h100-d512-mix-swap-c13-zero-cool-seed0-from10pct-20260826-rno2a,floored_ablation,55ba9c105f01a460c3df059a50b7b7b3859b4b1a8fdcf15d38ac8ba800a24230,1.1925969123840332,0.7352836808668808,0.58752323450672
h100-d512-mix-swap-c13-zero-pre-seed0-from10pct-20260826-rno2a,floored_ablation,200aeb8b9a740847c628b97193db887daed1c03838b341c9da21736be6473dc5,1.1940828561782837,0.7439875193876465,0.5223832307654159
h100-d512-mix-swap-c30-zero-cool-seed0-from10pct-20260826-rno2a,floored_ablation,f29dfacee94bbbfb7d22a4a10ccfa17606f90cdba84e12804a2ea41d8be5e570,1.1949942111968994,0.7484068620350365,0.5251564518568971
h100-d512-mix-swap-c30-zero-pre-seed0-from10pct-20260826-rno2a,floored_ablation,d34f905ddbb4457b4dfb522399fbec795f8256ef381fa20d72190691f3c1255f,1.1977393627166748,0.7494529987309444,0.5294843611377242
h100-d512-mix-swap-c32-zero-pre-seed0-from10pct-20260826-rno2a,floored_ablation,48d6136670e5af432d16177d148084d7bd91df668def6bdc7d90bd72a3a8955b,1.1941933631896973,0.755163478809968,0.5418700051256302
h100-d512-mix-swap-c39-zero-pre-seed0-from10pct-20260826-rno2a,floored_ablation,2e2502f160748f5277c5edbd27a2bd322feb37a46629cafb5fa1491f2ca427dc,1.1970775127410889,0.7057591023671873,0.526487026353724
h100-d512-mix-u-math-cool-high-seed0-from10pct-20260826-rno2a,core_design,c335b32ab0818549abb73df3a6c62cc564b6b4e177364b9a1f1bddcb24fc336e,1.193894863128662,0.7294991395611865,0.5303236540011904
h100-d512-mix-u-math-cool-low-seed0-from10pct-20260826-rno2a,core_design,d3b81f162beee4674bba7db6fa761ea3967646004fec53565f0661d7c2646774,1.1935486793518066,0.7634989327593593,0.5194116181752881
h100-d512-mix-u-math-high-pre-swap-seed0-from10pct-20260826-rno2a,core_design,a78bb278cf9493c617fd9ccf81367d348528c472a61f71826df964477d06415a,1.1931617259979248,0.7459145645908418,0.5234001328984657
h100-d512-mix-u-math-high-pre-swap-seed1-from10pct-20260826-rno2a,core_design,a78bb278cf9493c617fd9ccf81367d348528c472a61f71826df964477d06415a,1.1941763162612915,0.6551657524591232,0.516280403449469
h100-d512-mix-u-math-low-pre-swap-seed0-from10pct-20260826-rno2a,core_design,cbcecee5673788862a86296b2c9189eb203cd47b48690b2c6b1d89a0ef31b6c3,1.193481206893921,0.717738143894773,0.5194214758157062
h100-d512-mix-u-math-low-pre-swap-seed1-from10pct-20260826-rno2a,core_design,cbcecee5673788862a86296b2c9189eb203cd47b48690b2c6b1d89a0ef31b6c3,1.1938097476959229,0.649143985637335,0.5191897556906643
h100-d512-mix-u-math-pre-high-seed0-from10pct-20260826-rno2a,core_design,1196dbe4141b398322ff734e590fb2177b573588da9e94e145fbf57d339cc1ed,1.1936372518539429,0.7490926761620594,0.5217640277403637
h100-d512-mix-u-math-pre-low-seed0-from10pct-20260826-rno2a,core_design,6b9a31d12084fcb952e2f8fc4350131f5b110b3a5ebebbf8102d3a3098c4c98d,1.194048285484314,0.7295649072653138,0.5054268224181637
h100-d512-mix-zero-c00-seed0-from10pct-20260826-rno2a,floored_ablation,cb653e886d1c236ed341de0d54b51f214e606043554a1205f4b523eb6174ff1e,1.1939693689346313,0.7411777722524462,0.515275768076518
h100-d512-mix-zero-c01-seed0-from10pct-20260826-rno2a,floored_ablation,1b68c8b76a12c353f77b42c73e6dfb5c1287d4a880e0d0c1cea28257a63584ee,1.1927697658538818,0.7502459812040404,0.5205178799877381
h100-d512-mix-zero-c02-seed0-from10pct-20260826-rno2a,floored_ablation,7c7126078273371882f0ecdb676d314dc9e235cc404cb205653cd81ffc2f2eba,1.193379521369934,0.7210581500136131,0.5332377258517568
h100-d512-mix-zero-c03-seed0-from10pct-20260826-rno2a,floored_ablation,d9fbd139176f05e4ff1be76f5f071ba6d188c8f37eeaf2a3c4fb78b3c5deccf8,1.1939890384674072,0.7414467819862919,0.538523287019594
h100-d512-mix-zero-c04-seed0-from10pct-20260826-rno2a,floored_ablation,5fb48573fef882d64ea5ce908a2c34fed6824dfc6cd36cb7041fbdf1166a16a6,1.1931194067001343,0.7325562458124102,0.5217117970216886
h100-d512-mix-zero-c05-seed0-from10pct-20260826-rno2a,floored_ablation,967f0d9de3cd24db6b820acb61500a1faeab6dce682463cec78bae93ceb49859,1.1937243938446045,0.7338773906399255,0.5228390610013951
h100-d512-mix-zero-c06-seed0-from10pct-20260826-rno2a,floored_ablation,4d1b69b67a4337af31eae3076aac040c440efbe49eb8247ea6a376f75a5aa427,1.1938132047653198,0.7327229044416889,0.5377805558658489
h100-d512-mix-zero-c07-seed0-from10pct-20260826-rno2a,floored_ablation,fb85d624160e84eb77f551c55cb5adbd130510ae2e4d0553c53289087b85e84d,1.1942960023880005,0.7285184317197805,0.5281777820241447
h100-d512-mix-zero-c08-seed0-from10pct-20260826-rno2a,floored_ablation,aeadd52c1253e09cd331a7a6b55d33c78e2277767b27205ee96a113db314d52c,1.1930932998657227,0.7225804070126282,0.5417954232133081
h100-d512-mix-zero-c09-seed0-from10pct-20260826-rno2a,floored_ablation,7400bb856ff21daeb7c0b4c4d799f29c2a8a66ca186cc3d8d52b4559053cadcf,1.191641092300415,0.7305312415663657,0.526405466652113
h100-d512-mix-zero-c10-seed0-from10pct-20260826-rno2a,floored_ablation,ad1144070324b1c8679234d158bc75a32e311076e67c4ab0f686c791d5877503,1.193685531616211,0.7180905070722361,0.526301986450911
h100-d512-mix-zero-c11-seed0-from10pct-20260826-rno2a,floored_ablation,63b490bef767eaed379c4fb7400924c5d48ecd5818b6c6a77f31b7a421ea56c5,1.1929936408996582,0.7407238222113067,0.5217745387930512
h100-d512-mix-zero-c12-seed0-from10pct-20260826-rno2a,floored_ablation,fdd3708d17930a1beed6eb441d840057676f150c2e2a3718849905f14da934b7,1.194469690322876,0.7249977432829441,0.5166190053238883
h100-d512-mix-zero-c13-seed0-from10pct-20260826-rno2a,floored_ablation,962d2ab5ab4965b12838220b7916f3c8b110fb854618289a808a87f9ad4c0996,1.1914255619049072,0.7293073096230208,0.60884926739721
h100-d512-mix-zero-c14-seed0-from10pct-20260826-rno2a,floored_ablation,ad31812c81827a1733973a341964743db1f000098db1864a92c8a8764b6e36b1,1.1924537420272827,0.7569075834205835,0.512464559465833
h100-d512-mix-zero-c15-seed0-from10pct-20260826-rno2a,floored_ablation,3711fe2b554ccd8eb2390b3d086c4d433936e8e574a39c3a580d2e653ab9a3e6,1.1932358741760254,0.7432937126835377,0.5473706678544341
h100-d512-mix-zero-c16-seed0-from10pct-20260826-rno2a,floored_ablation,46b68a882dc1f80c6c3507ea217989db1623b45a736affd05d92c62282b8b876,1.1952149868011475,0.7219616441853433,0.5317227903968287
h100-d512-mix-zero-c17-seed0-from10pct-20260826-rno2a,floored_ablation,531792c05195eb92f1673506864cfeba1ac40009031f7075607ca6007dd6a765,1.1946179866790771,0.7246536190419067,0.5285929741629053
h100-d512-mix-zero-c18-seed0-from10pct-20260826-rno2a,floored_ablation,227a59333b0f0ec3c264030bd79e565b01a2e74d06bf5817f38ec7c1b893a966,1.1925771236419678,0.7471273822656781,0.5269528451029513
h100-d512-mix-zero-c19-seed0-from10pct-20260826-rno2a,floored_ablation,0fd5836becb94e2776b44226a6bba0eb5e1a6c9b0417de2e891a3cb204a79254,1.193226933479309,0.7330095563607048,0.532066028184344
h100-d512-mix-zero-c20-seed0-from10pct-20260826-rno2a,floored_ablation,8591d35eb55b00d838e67583c59bcb46917ce3a4b72e79f51bfab95a11ca76ee,1.1921523809432983,0.7363640540679911,0.5115254698541695
h100-d512-mix-zero-c21-seed0-from10pct-20260826-rno2a,floored_ablation,477e4a4b9f912e70bc1f76888f1fe1ccb683fd00d13b55127e254df694306658,1.1920409202575684,0.7401851652251611,0.518476340611542
h100-d512-mix-zero-c22-seed0-from10pct-20260826-rno2a,floored_ablation,91f3108ec4a645bc1428496a1d34b2ba6fc75b1be17c7dcb75cf9902d8004e7a,1.1920952796936035,0.735539403799935,0.5236415940618009
h100-d512-mix-zero-c23-seed0-from10pct-20260826-rno2a,floored_ablation,ac843cdcfff8e7bcd5fbc4f9a350c35fc47235db0f68bce27517fe31553deed9,1.1930866241455078,0.7454374803833752,0.5336475098632034
h100-d512-mix-zero-c24-seed0-from10pct-20260826-rno2a,floored_ablation,16eebc31f2654321cab5d07788dc1740c2dccc8a0a2afcacbbd15dc2f7701ebd,1.1993178129196167,0.7444838444503611,0.5208178922063722
h100-d512-mix-zero-c25-seed0-from10pct-20260826-rno2a,floored_ablation,b8818be5f00e352ffb6aae3621df965cd72ed16a624f04e4621407eeeb66ed4c,1.1998677253723145,0.7203913530969223,0.525409842792231
h100-d512-mix-zero-c26-seed0-from10pct-20260826-rno2a,floored_ablation,f9439741cbf022225d1f6014df7ffaf67c656fdff3015696f889bca86d2100c8,1.1926060914993286,0.7303695009065915,0.536196144645908
h100-d512-mix-zero-c27-seed0-from10pct-20260826-rno2a,floored_ablation,73abf223033f8a5621b6cbec82cb314e845075911a7fae781701d6738bbd6d06,1.1927931308746338,0.7204216553363949,0.5337139830434448
h100-d512-mix-zero-c28-seed0-from10pct-20260826-rno2a,floored_ablation,52f64cb2860fc01f9a747c10dd9eae9ff3681c0d88986d35b4b264e948e176af,1.1924583911895752,0.7311767147171835,0.5359674784608025
h100-d512-mix-zero-c29-seed0-from10pct-20260826-rno2a,floored_ablation,8610e5f2757fc3971670b130835ba15c866b24eadb4b5277cae55732fd0dfdee,1.1940275430679321,0.7244021774172738,0.536393706915244
h100-d512-mix-zero-c30-seed0-from10pct-20260826-rno2a,floored_ablation,8ed9daa9d0a5c26c57c811ba8a6f2a48348ebbe79a20fefa847e8002c8f195a2,1.194575548171997,0.748261387559111,0.5292646944429166
h100-d512-mix-zero-c31-seed0-from10pct-20260826-rno2a,floored_ablation,7a62d382eb7b45dab1b546e1ab934cfc87edad7c3d29c2d31e51ebf8cae3cb86,1.1939129829406738,0.7458147120201619,0.5349860342069169
h100-d512-mix-zero-c32-seed0-from10pct-20260826-rno2a,floored_ablation,3f5cdb52b2191597c8ebf8eac784ccb1b50ff333b646c844e2664812ccde7bbd,1.1927478313446045,0.7283342108676489,0.5351226676704849
h100-d512-mix-zero-c33-seed0-from10pct-20260826-rno2a,floored_ablation,fa81e18461b4ae9e08b0300e1f3a06a88cefe0031bb857b5836575bff380fb24,1.192503809928894,0.7269180082445591,0.5287027087150524
h100-d512-mix-zero-c34-seed0-from10pct-20260826-rno2a,floored_ablation,eafc7446b0e6f21e48c7aa3001351e64c30dfe6765a459972efe02e9f24e951f,1.1924195289611816,0.7385808259626431,0.5134993459065204
h100-d512-mix-zero-c35-seed0-from10pct-20260826-rno2a,floored_ablation,a3089a5cff7557b0bbfc60e788338eef7b3b7b16080b5d853317969fefca26ad,1.193660020828247,0.7488780255170968,0.5317276132436425
h100-d512-mix-zero-c36-seed0-from10pct-20260826-rno2a,floored_ablation,100a1b77a913fe4e920228dc38e6faefa28c537088bb8f58cbcce36d4d9aad06,1.1938531398773193,0.7378511468911193,0.5180883910702889
h100-d512-mix-zero-c37-seed0-from10pct-20260826-rno2a,floored_ablation,ab4caaa75b2640de665e46e942e3d1a00be833f05679a9ecde984e9d0a9fba79,1.196150779724121,0.740255052931769,0.504568365750256
h100-d512-mix-zero-c38-seed0-from10pct-20260826-rno2a,floored_ablation,9177660f7618886018ada89d2584a92f5ee6a0b999822e9fed4aae669ece36fb,1.1943697929382324,0.7351275149368492,0.5283299441881957
h100-d512-mix-zero-c39-seed0-from10pct-20260826-rno2a,floored_ablation,aec2d413856237d195dbcaebd4c7312385b40b47c97e3da2780a89789ddb7e40,1.1924505233764648,0.8936575090452589,0.5290773786706754
h100-d512-mix-zero-q0-seed0-from10pct-20260826-rno2a,floored_ablation,c966f537d4bd1affe8f92f3c5dacb9ab456539e26fa69ce10f15f55237934c95,1.2007642984390259,0.7163848113305219,0.5176180128913053
h100-d512-mix-zero-q2-seed0-from10pct-20260826-rno2a,floored_ablation,be1e964e3e0ae52c78c286c28164a058e8982f1fb16b8ed58ccfbed2405a4417,1.1961512565612793,0.8274278200981986,0.5115492836656631
h100-d512-mix-zero-q3-seed0-from10pct-20260826-rno2a,floored_ablation,7ec5f54484916eb049ed078765fcdf1b2f0bb5bdd14603bfa540cb576668e544,1.1899588108062744,0.7445155581311895,0.5161129385948173
h100-d512-mix-zero-q4-seed0-from10pct-20260826-rno2a,floored_ablation,f32d3990adf684922276beb99102358784cf458975424240d62b8cbcfa7102ab,1.19144868850708,0.7247524614591387,0.5468581676965604
h100-d512-mix-sg-arts-history-p05-high-seed0-from10pct-20260826-rno2a,systematic_grid,5cf99f9842d01736ebb2ffb39758caf4186aca8b6aeaf45a6b2d08b6663d5dc6,1.1929423809051514,0.7402779607254575,0.5428335652491794
h100-d512-mix-sg-arts-history-p05-low-seed0-from10pct-20260826-rno2a,systematic_grid,1c99c04d41e83ea117dc6c6d3cac25951eb2daad2b4cce516bcb23e5a1437998,1.1922640800476074,0.7171620577643258,0.5285021150151187
h100-d512-mix-sg-arts-history-p15-high-seed0-from10pct-20260826-rno2a,systematic_grid,c08a63386f0aeb450fc44f265725b9e16603b08eb030ad5640c75f10233d3b3e,1.192490577697754,0.7305313327528232,0.5324193823506439
h100-d512-mix-sg-arts-history-p15-low-seed0-from10pct-20260826-rno2a,systematic_grid,8e8bc4b1f231138d909e374a5646719028f353504a0138a4c26f636e2e6584d0,1.1924389600753784,0.7332124533930713,0.5223523751689666
h100-d512-mix-sg-arts-history-p35-high-seed0-from10pct-20260826-rno2a,systematic_grid,8a65a686d1051409290b30c3abbdfeafad5327ac21c99e127d3c69b8ab280822,1.1929670572280884,0.7425696552222264,0.5204974605669589
h100-d512-mix-sg-arts-history-p35-low-seed0-from10pct-20260826-rno2a,systematic_grid,b01f5de31ff57bdb00d4fcc9321812dd8cc5a19a65da8fd000de0fff083bd06a,1.1934595108032227,0.7373119869293531,0.5230387836754685
h100-d512-mix-sg-consumertech-devices-p05-high-seed0-from10pct-20260826-rno2a,systematic_grid,c1bb45101ea36a17fdea1bdcea55a0773c53aace748541b9b01262e7b6aad5cf,1.1928644180297852,0.7402450996289516,0.5366995394770514
h100-d512-mix-sg-consumertech-devices-p05-low-seed0-from10pct-20260826-rno2a,systematic_grid,3e77dde5b9ddbb7d4ef298ade4a37af33d1a6efd5e57cf74d36a038f0c91c301,1.1932094097137451,0.7209355635555352,0.5347454054222162
h100-d512-mix-sg-consumertech-devices-p15-high-seed0-from10pct-20260826-rno2a,systematic_grid,68a40a56d1da0817d7fa8a248d6fe52681f439fbce835eb6708cd670bab5f75d,1.1933449506759644,0.7265097610451108,0.5269143196067795
h100-d512-mix-sg-consumertech-devices-p15-low-seed0-from10pct-20260826-rno2a,systematic_grid,c31c6de37146b30e7b65c5ae22210e2ad2f6f6c384db20163e57ca88b57c3756,1.1930723190307617,0.7422084668405586,0.5141980147889282
h100-d512-mix-sg-consumertech-devices-p35-high-seed0-from10pct-20260826-rno2a,systematic_grid,0ef255f1a7d3533471995b5d5fbcee25c45937d0ff2e22410f6e6307756db9c9,1.1924107074737549,0.7437563583347832,0.5262061856981856
h100-d512-mix-sg-consumertech-devices-p35-low-seed0-from10pct-20260826-rno2a,systematic_grid,d293ba3b500ec7821d4e84e05b9a0aa847ba35a71750bfd696f7aa5b171fb8fb,1.192999243736267,0.7421194485635594,0.5154500483870224
h100-d512-mix-sg-games-finserv-p05-high-seed0-from10pct-20260826-rno2a,systematic_grid,0f3aa75937b94146e539710d2c9f3d584b75d9a4602f44b839ab0e35e5353175,1.1932775974273682,0.7426759431152352,0.5265262793287686
h100-d512-mix-sg-games-finserv-p05-low-seed0-from10pct-20260826-rno2a,systematic_grid,5d9f32b0df7bdf34f12f0f33fa5830efc097eec84d2b92a38260af930c18353e,1.1941018104553223,0.7308063686070301,0.5223076091463609
h100-d512-mix-sg-games-finserv-p15-high-seed0-from10pct-20260826-rno2a,systematic_grid,21a0e63d3c61cd7319fd10ad0825a9ae60a366f28e8ba6aaf18245b0335085e7,1.192976713180542,0.7452694218919299,0.5293344642594034
h100-d512-mix-sg-games-finserv-p15-low-seed0-from10pct-20260826-rno2a,systematic_grid,dd8357e6f8e211224ea5b47c043bd38e2102837511dcff8a9af9ab2607efa759,1.1928879022598267,0.7232997022633426,0.5192293000119914
h100-d512-mix-sg-games-finserv-p35-high-seed0-from10pct-20260826-rno2a,systematic_grid,19e6af515e32964fab231f9d93a45609884f57290dd091d0b5ed01f0d89630e8,1.1931802034378052,0.715561146210786,0.5247337913573604
h100-d512-mix-sg-games-finserv-p35-low-seed0-from10pct-20260826-rno2a,systematic_grid,ad5a6fd69c47e410f64816fae3e94effa5d5b22782174f46414281d01135d636,1.1936428546905518,0.7470123563417226,0.5129320636989693
h100-d512-mix-sg-health-clinical-p05-high-seed0-from10pct-20260826-rno2a,systematic_grid,6256e164d4030c1ed019767c9f4e816c93d7539045f34d37777927974247f295,1.1933376789093018,0.737077428218845,0.5156913086778876
h100-d512-mix-sg-health-clinical-p05-low-seed0-from10pct-20260826-rno2a,systematic_grid,24ff1fa358c0eca870c1cbb842741e864d8e3ee3b7a1e015682222d404cb1b54,1.193345308303833,0.7319093366517364,0.5268685708599922
h100-d512-mix-sg-health-clinical-p15-high-seed0-from10pct-20260826-rno2a,systematic_grid,d71b72f9a239191e1137103bb577298f2c0487212596a4cd051b2e3287f450b9,1.1933257579803467,0.7347766644478355,0.522606133770313
h100-d512-mix-sg-health-clinical-p15-low-seed0-from10pct-20260826-rno2a,systematic_grid,e5a35857c5aaf554e6bde92d6d4a207a97b101429e989691113ad3bdc1a61cee,1.1931573152542114,0.7261052517492947,0.5220959025821162
h100-d512-mix-sg-health-clinical-p35-high-seed0-from10pct-20260826-rno2a,systematic_grid,c9f6c0a3ee856e830e236981c508cf6cc0e94c48e1d6d46b2e5186594090617f,1.1935126781463623,0.7249518282995512,0.5342529081191443
h100-d512-mix-sg-health-clinical-p35-low-seed0-from10pct-20260826-rno2a,systematic_grid,54076e67be1d3b54404567101ba0a54f283a7bfbba4d9545c2ec96f1961c5ed4,1.1929970979690552,0.7359678088962681,0.5362533323393455
h100-d512-mix-sg-law-policy-p05-high-seed0-from10pct-20260826-rno2a,systematic_grid,1564448d0dc7d1be6f49fd4a78a658b37823af0990f4eb40495c172ab5d69e67,1.192638874053955,0.726739930286784,0.5092866637382734
h100-d512-mix-sg-law-policy-p05-low-seed0-from10pct-20260826-rno2a,systematic_grid,56c65cf62b4f5e43fe98d2b42e43b555a222109a1da02726a2360419757347a2,1.1935769319534302,0.7319443190011149,0.5361425299816023
h100-d512-mix-sg-law-policy-p15-high-seed0-from10pct-20260826-rno2a,systematic_grid,5b5ffd27aac58e33c6d5f1e12e1f6462dbab83e486e535bd71e58976a8102fcd,1.1929363012313843,0.7494573682916281,0.529480204273029
h100-d512-mix-sg-law-policy-p15-low-seed0-from10pct-20260826-rno2a,systematic_grid,2a692ab483f3d35130fd9ea5942673867fa982936c8f012f5ceef65b1a54f142,1.1923258304595947,0.7354687468739061,0.5299512591052706
h100-d512-mix-sg-law-policy-p35-high-seed0-from10pct-20260826-rno2a,systematic_grid,ec61b458ee4999bb127b40a6ca0edc97e858beba07a0f59ca974c2b2f6505560,1.1927378177642822,0.7356092014523973,0.5282683935304393
h100-d512-mix-sg-law-policy-p35-low-seed0-from10pct-20260826-rno2a,systematic_grid,2150e5140494886ab202309a5bc049727c07ba8cad518513f5682c701c6860dc,1.1933947801589966,0.734949554782628,0.5288997394608042
h100-d512-mix-sg-lowlevel-infra-p05-high-seed0-from10pct-20260826-rno2a,systematic_grid,8f93449b93480cef3679cf617e9838a4bea0a5bf80fc98f40f4f877cf78baa20,1.1933507919311523,0.7376517107193824,0.5293409519827732
h100-d512-mix-sg-lowlevel-infra-p05-low-seed0-from10pct-20260826-rno2a,systematic_grid,126546295987e35172558a11734c0addaf5abc41b9e44d9a99ad92f6b029a86a,1.1932494640350342,0.7354441606217419,0.5274252375611169
h100-d512-mix-sg-lowlevel-infra-p15-high-seed0-from10pct-20260826-rno2a,systematic_grid,5496ba1ec4fc944ab71f0f4e143eda38e39c9010b578088fe2c2d4dc3084de3c,1.1929304599761963,0.7374539611813922,0.5274167026769749
h100-d512-mix-sg-lowlevel-infra-p15-low-seed0-from10pct-20260826-rno2a,systematic_grid,0b05f64a03a3f13745290b85d70e4276af3940285e6f2a95028d3f6b0bdc8d35,1.1938683986663818,0.7391287948800422,0.5307783536163596
h100-d512-mix-sg-lowlevel-infra-p35-high-seed0-from10pct-20260826-rno2a,systematic_grid,655f426d148b55a0bcac4bd50bfc6233faa75ccfab31b52a34f3029beb3f9ed2,1.1933395862579346,0.7458508441109065,0.5238812653545657
h100-d512-mix-sg-lowlevel-infra-p35-low-seed0-from10pct-20260826-rno2a,systematic_grid,ab2eb39dc2640cb62755d42f3a000ed5f810b60e0fc2145a8f7db1fe8ce44995,1.193244218826294,0.7452389686406394,0.5264907136417241
h100-d512-mix-sg-records-wellbeing-p05-high-seed0-from10pct-20260826-rno2a,systematic_grid,87ffc8ecae990ca9dec19dfdd9f2bca6cf19bc0bb0d94b8f68f973730b42a35b,1.193312644958496,0.735483077729386,0.5262926640022455
h100-d512-mix-sg-records-wellbeing-p05-low-seed0-from10pct-20260826-rno2a,systematic_grid,2157f09dc1f55cff82e2f8f50ef6bfb91acb65b4aa74f5f89d0b59d9404be74d,1.1932293176651,0.7368628709126398,0.519295321467218
h100-d512-mix-sg-records-wellbeing-p15-high-seed0-from10pct-20260826-rno2a,systematic_grid,cf181ff39c2eb0aa98be0a65899b03032c90aeec7116d44f9a836612ed1e83d1,1.1927061080932617,0.729218321782527,0.5225586956972558
h100-d512-mix-sg-records-wellbeing-p15-low-seed0-from10pct-20260826-rno2a,systematic_grid,42b5fa5ad9da4a9819e31fc7273c068ee1547a9bf78a7ee5f9808bb688c397a3,1.1932827234268188,0.7321466475735797,0.5286122684713017
h100-d512-mix-sg-records-wellbeing-p35-high-seed0-from10pct-20260826-rno2a,systematic_grid,a7aeae3f83f4d71be112f7f05ebd1138a822d944f17931096fb0a8a8f8e598a2,1.1933164596557617,0.7376447324901882,0.5325255758697629
h100-d512-mix-sg-records-wellbeing-p35-low-seed0-from10pct-20260826-rno2a,systematic_grid,f1133c7d6ae307bf154490cd7c99d3a53f026d7a7219e815e1748f2aea386850,1.1931512355804443,0.7567525423540843,0.5394357508416264
h100-d512-mix-sg-science-math-p05-high-seed0-from10pct-20260826-rno2a,systematic_grid,bb3c985080cc57c8453c69efebeb5c5c53ac6ba067b2d525224ef3c9a9f814a2,1.1931052207946777,0.7329406614732842,0.5303675648417363
h100-d512-mix-sg-science-math-p05-low-seed0-from10pct-20260826-rno2a,systematic_grid,4aa445f787e0041370f56fe4513b0988168e4d3b50c631264081bd903b29b186,1.1926859617233276,0.7355888860152263,0.5261383174812414
h100-d512-mix-sg-science-math-p15-high-seed0-from10pct-20260826-rno2a,systematic_grid,606bb531011b14abf252e168752be12154299cf78101f579e24ffb28fe8be264,1.193126916885376,0.7760136730686188,0.5287893992669729
h100-d512-mix-sg-science-math-p15-low-seed0-from10pct-20260826-rno2a,systematic_grid,ab2c9782f4a43db26366221ea319131727b3044e74eada2def8b3d690b9dd9bd,1.1923967599868774,0.7400562532886319,0.5419330040880962
h100-d512-mix-sg-science-math-p35-high-seed0-from10pct-20260826-rno2a,systematic_grid,5c66072b9798112e7da6d21a443fe735352a23ee540f0e107b6a71ad1ff40c3b,1.1929595470428467,0.7358255568341047,0.5238900056741556
h100-d512-mix-sg-science-math-p35-low-seed0-from10pct-20260826-rno2a,systematic_grid,532acbb542d181e99f2a6f40ddf4006c947bb2298d4f36a7f5e55d6d0e4a5deb,1.1923301219940186,0.7441731674013495,0.534173920488017
h100-d512-mix-sg-travel-agents-p05-high-seed0-from10pct-20260826-rno2a,systematic_grid,41cdf1a8d9bff68a593cbe3e05668ef9212624a1b7482bfa029d761011c60f6f,1.1925289630889893,0.7344926849248143,0.5285942344242426
h100-d512-mix-sg-travel-agents-p05-low-seed0-from10pct-20260826-rno2a,systematic_grid,c3d1ef2a07afd10b2f938de3a541bd908e5ba7bb9fa35b525b2f202929dee41a,1.1932461261749268,0.7302691062136684,0.5186271866073588
h100-d512-mix-sg-travel-agents-p15-high-seed0-from10pct-20260826-rno2a,systematic_grid,6a10b0b1ad16bf1f512c240818461f8ac53fe14baf8949acacb275a5a25b255e,1.1931405067443848,0.746086088095397,0.5259408480840112
h100-d512-mix-sg-travel-agents-p15-low-seed0-from10pct-20260826-rno2a,systematic_grid,84e21d0e3823bb027f5676aa97b8b5b36c8849aa83163d05b788000b5685e2bd,1.1926532983779907,0.7370245296010052,0.5165674662666944
h100-d512-mix-sg-travel-agents-p35-high-seed0-from10pct-20260826-rno2a,systematic_grid,9ab3081200dc89bfa507ff86c58ca52bf4428459552775cd464c48af14bcfa9d,1.1933729648590088,0.7530705000688674,0.5165009210571795
h100-d512-mix-sg-travel-agents-p35-low-seed0-from10pct-20260826-rno2a,systematic_grid,f4ffb91a3ff2135048811654a65025fa7eba1e77a6bde365e718e7bb2cfe275b,1.1930272579193115,0.7370896122428882,0.5390723543313707
h100-d512-mix-sg-tutor-curric-p05-high-seed0-from10pct-20260826-rno2a,systematic_grid,a8810b81a9a64ab2ffa2e8e0c8c1b4d035faad26c5b341177575bc29a5054adc,1.1936836242675781,0.7417289422014387,0.5296230684712981
h100-d512-mix-sg-tutor-curric-p05-low-seed0-from10pct-20260826-rno2a,systematic_grid,e61abf3ef3c13635a0a8de8d270bb759f6898eaf91939b9b538ffd7b8a561a44,1.1926240921020508,0.7375909124320884,0.5130140014404542
h100-d512-mix-sg-tutor-curric-p15-high-seed0-from10pct-20260826-rno2a,systematic_grid,030512ca550e86928f4bf2e4d0b567ab67b4113617594ac6f67e8dba81dcb235,1.1929683685302734,0.7366037461637305,0.5272006900933616
h100-d512-mix-sg-tutor-curric-p15-low-seed0-from10pct-20260826-rno2a,systematic_grid,a8fb7b0f431e027d0ac76c91a1c680afce1e8d3c261fb1668d37cc8e6e11d035,1.192124366760254,0.7316554532956023,0.5223529053819191
h100-d512-mix-sg-tutor-curric-p35-high-seed0-from10pct-20260826-rno2a,systematic_grid,3546a28f4ad04d0db40a108b2ad7dd9b83a1ae042deaf0789f8a6ae8d7b8d723,1.1926512718200684,0.754291113129234,0.5194979792225546
h100-d512-mix-sg-tutor-curric-p35-low-seed0-from10pct-20260826-rno2a,systematic_grid,b6328bc5c7fb644c5d6af3fa80a26fdbf9eccb57f43827e6ef70ff0a6bb7e4ea,1.192617416381836,0.7304520204330025,0.51741128231117
h100-d512-mix-sk-conduct-well-small-high-seed0-from10pct-20260826-rno2a,skew_swap,d74f1b37a04531da37679c15119647e34874a6b5b002a863dcdfc9071c3d914b,1.1935144662857056,0.7307378018685733,0.5219475925821061
h100-d512-mix-sk-conduct-well-small-low-seed0-from10pct-20260826-rno2a,skew_swap,d25216eafdfa5be569432a0f78b76f101c074b76ab8931caf6ebab67f8cb908b,1.1933677196502686,0.7387114672582077,0.5350277964009909
h100-d512-mix-sk-craft-science-large-low-seed0-from10pct-20260826-rno2a,skew_swap,4e4bbb2d554a794490454784ccd47e7f5827ca994c9fabd1da9d9d1351763e95,1.1930803060531616,0.7418692829833183,0.519200448242497
h100-d512-mix-sk-craft-science-small-low-seed0-from10pct-20260826-rno2a,skew_swap,8e18437087a66677cea1766682b617f5d33cb15901b53da4f8a61609c1d13ec6,1.192874789237976,0.7514916404783537,0.5296756324809141
h100-d512-mix-sk-fiction-fan-large-high-seed0-from10pct-20260826-rno2a,skew_swap,64588777422b5c21df54e7fc337a24378995596ecd88e7e2623f616bad833adc,1.1940767765045166,0.7360220038119972,0.5228227428146943
h100-d512-mix-sk-fiction-fan-small-low-seed0-from10pct-20260826-rno2a,skew_swap,937d255c507d916a735f7e8b42dd00cf2c65c0c18cf13fe33b0b8bb6af7ea147,1.1935536861419678,0.746290591849546,0.5246892105146698
h100-d512-mix-sk-finance-gamble-large-low-seed0-from10pct-20260826-rno2a,skew_swap,68d757939ea2d5d9a958d81b24f6299abae02851d2e1573b87297b7d69b179c0,1.1932958364486694,0.7402099394048609,0.5232742824724731
h100-d512-mix-ss-arts-history-w10-high-pre-seed0-from10pct-20260826-rno2a,systematic_grid,5e0d7d46b158fbbc8cf45140d1a9a4b108781b463c98069134d3c6975b6d9306,1.193455696105957,0.7450136637306689,0.5255962233843323
h100-d512-mix-ss-arts-history-w10-low-pre-seed0-from10pct-20260826-rno2a,systematic_grid,f9c8c594872cdac4b8577a75258e881b1de981ea9421a00368f4a31e590f66c2,1.1931859254837036,0.7444086415058412,0.5280447103366854
h100-d512-mix-ss-arts-history-w40-high-pre-seed0-from10pct-20260826-rno2a,systematic_grid,fdf40c0176c6e88e3d00b037ced250e04d22dbebec061df0f2fc051f7430b1f7,1.1930458545684814,0.7362121573563383,0.5316357947794367
h100-d512-mix-ss-arts-history-w40-low-pre-seed0-from10pct-20260826-rno2a,systematic_grid,c3ef60d72dab2b9ae0b9453add93e5ac6521934e94bdbafdf0d390929f04889e,1.193289041519165,0.7175077283778817,0.5190963476669181
h100-d512-mix-ss-consumertech-devices-w10-high-pre-seed0-from10pct-20260826-rno2a,systematic_grid,67a616cedba7a6d695e7cfc209ae76ca222687b9b365d3eb4a0d6cdda0ad5a2c,1.1939709186553955,0.7259942508122027,0.5208164881960315
h100-d512-mix-ss-consumertech-devices-w10-low-pre-seed0-from10pct-20260826-rno2a,systematic_grid,b174c2e7a25d7f17356bb310d856cea4902fe38a72b228efc110e052d87a5fe2,1.192847728729248,0.7336678929098163,0.5194603855275856
h100-d512-mix-ss-consumertech-devices-w40-high-pre-seed0-from10pct-20260826-rno2a,systematic_grid,daafc4254dc2095709db3b11404e54f849ffb221eacfdfa56c2b90403f624e49,1.1929562091827393,0.7550689042321216,0.5062608159066779
h100-d512-mix-ss-consumertech-devices-w40-low-pre-seed0-from10pct-20260826-rno2a,systematic_grid,34e5b96e7e501ad877bedab8e8fc4a53541b9e5be0357981ee7ce082e860b064,1.1936132907867432,0.7350038849095879,0.5221034373539143
h100-d512-mix-ss-games-finserv-w10-high-pre-seed0-from10pct-20260826-rno2a,systematic_grid,72a18c7f4091b6b1ca8eb62c6909007d8558a8c6b27c4d49c0a4121bb05f2027,1.192857027053833,0.7596838261326337,0.530611656400985
h100-d512-mix-ss-games-finserv-w10-low-pre-seed0-from10pct-20260826-rno2a,systematic_grid,21dd81b1a6d194f8554d0e1e326a856c364ad211381c68591f07bca84aafa21e,1.1939034461975098,0.751193723757904,0.5370397565362807
h100-d512-mix-ss-games-finserv-w40-high-pre-seed0-from10pct-20260826-rno2a,systematic_grid,eef0a2241b9cc298bde62bde413ee4935b496bedc58fcdf53d9460e5cec4b112,1.192497968673706,0.742327327636114,0.5184959495497162
h100-d512-mix-ss-games-finserv-w40-low-pre-seed0-from10pct-20260826-rno2a,systematic_grid,71b35418e3ba5bc8392c2e8a823a7508c055aa316e865e26584781b5d602975e,1.1930947303771973,0.7435427307546384,0.5219523358994201
h100-d512-mix-ss-health-clinical-w10-high-pre-seed0-from10pct-20260826-rno2a,systematic_grid,d7f3a3b5d4507cf1522c9fd142c3c4ec14e6991787ef01e9a15e3eafae79b6a7,1.1934568881988525,0.7258133643066405,0.5181387236670405
h100-d512-mix-ss-health-clinical-w10-low-pre-seed0-from10pct-20260826-rno2a,systematic_grid,ef9b26505366482163d23b49c144713a18b4a96b042b9ad77f6545ff6212ef04,1.1932549476623535,0.73469122845502,0.5243029334297299
h100-d512-mix-ss-health-clinical-w40-high-pre-seed0-from10pct-20260826-rno2a,systematic_grid,10a867d3897ef0a9db651b3af9a98566e10094b8b25d140ef72532f4b44c3453,1.1932425498962402,0.7331933424449293,0.5263841806538365
h100-d512-mix-ss-health-clinical-w40-low-pre-seed0-from10pct-20260826-rno2a,systematic_grid,2a19730f2bc0ed1c0711a7b96f5b4ba87ff2a74a59c79ff2ddc4d0821bf13f0e,1.193312644958496,0.7297315385636741,0.5379375461903484
h100-d512-mix-ss-law-policy-w10-high-pre-seed0-from10pct-20260826-rno2a,systematic_grid,db8ab2e412226b5e0edceb95d18283b210235858d448d6441b5b2048842842b9,1.1937131881713867,0.731520907821767,0.5287624270311546
h100-d512-mix-ss-law-policy-w10-low-pre-seed0-from10pct-20260826-rno2a,systematic_grid,2da4c30f704bc69d4a435ca5d065dd55bbd2b2777c1e65916b78ba81bedfd28f,1.1934579610824585,0.7389937869793614,0.5310276589739472
h100-d512-mix-ss-law-policy-w40-high-pre-seed0-from10pct-20260826-rno2a,systematic_grid,0eb190880e9f98a5778d320f322ac34906c8092af8f83227614f9f3bd3c3b5a5,1.1924142837524414,0.747795263967171,0.5234456933971329
h100-d512-mix-ss-law-policy-w40-low-pre-seed0-from10pct-20260826-rno2a,systematic_grid,02983f1c35a55f1da04333173d5a8efc404eac3ade2a8bf304bedf82944149e9,1.1934263706207275,0.7288099619298487,0.523006426498424
h100-d512-mix-ss-lowlevel-infra-w10-high-pre-seed0-from10pct-20260826-rno2a,systematic_grid,8aa4acdf1c62724658edd5f2bb55f2363bcd1567bd7fcad52161e46873b59c07,1.1930904388427734,0.7320752281498296,0.5283570951398568
h100-d512-mix-ss-lowlevel-infra-w10-low-pre-seed0-from10pct-20260826-rno2a,systematic_grid,32fbcf45d418526701f6e9b0c02df605638e97fc8be46021a822d14e331417d9,1.1933950185775757,0.7282999443259648,0.5217540591053065
h100-d512-mix-ss-lowlevel-infra-w40-high-pre-seed0-from10pct-20260826-rno2a,systematic_grid,d79f0ba7e01321b072511adb3210c7eaebcbb1073ea190894e93bafd3a0717b2,1.1927679777145386,0.7378718393081771,0.5245363697319587
h100-d512-mix-ss-lowlevel-infra-w40-low-pre-seed0-from10pct-20260826-rno2a,systematic_grid,90d61536d41fe4655838016abe232ec5a3a43f45039a46a4d5c978cc18e9428d,1.192968726158142,0.7338321498309903,0.5225955455843497
h100-d512-mix-ss-records-wellbeing-w10-high-pre-seed0-from10pct-20260826-rno2a,systematic_grid,032be08ee9f63b235c874ac99e834574208ed8ce70fa4a04e083210a324a4753,1.192756175994873,0.7561681692407487,0.5328103148573842
h100-d512-mix-ss-records-wellbeing-w10-low-pre-seed0-from10pct-20260826-rno2a,systematic_grid,d6212546c93ca213bb2c3b6a4128e63b5d2fb59272e9ebe433e84c5512871c4f,1.1924432516098022,0.7277609373268249,0.5323419148400493
h100-d512-mix-ss-records-wellbeing-w40-high-pre-seed0-from10pct-20260826-rno2a,systematic_grid,7bd0afbb60f565b52d8bf6def094d1c8d3cb7b137d3968fa237d473ff4c8b688,1.1933878660202026,0.7352257439355181,0.5473966271368653
h100-d512-mix-ss-records-wellbeing-w40-low-pre-seed0-from10pct-20260826-rno2a,systematic_grid,570907482b4d673f1e4df7906dbbc91afd1fdac9419b3874def938f32a2fa8a7,1.193157434463501,0.7383208459316241,0.5304042773806409
h100-d512-mix-ss-science-math-w10-high-pre-seed0-from10pct-20260826-rno2a,systematic_grid,0ca35e302c8e182d9e14586d3c842422b162ae9f4eb6efdaeba98246045b31be,1.1926730871200562,0.7304999401583547,0.5341876571916567
h100-d512-mix-ss-science-math-w10-low-pre-seed0-from10pct-20260826-rno2a,systematic_grid,e15a70d106bb2a697cf886378d448fd444a688bfa19956ce2c16172c8b6a658f,1.1926114559173584,0.7546762305239252,0.52000160232033
h100-d512-mix-ss-science-math-w40-high-pre-seed0-from10pct-20260826-rno2a,systematic_grid,7b9790fea2fadbf8c3eea03292d5813770af1be2c3fd28ccba8ca36225f8e792,1.1928561925888062,0.7504550707073587,0.5225595991516118
h100-d512-mix-ss-science-math-w40-low-pre-seed0-from10pct-20260826-rno2a,systematic_grid,16002d5966465bfdb78aefd719d7fc3cb37ff081ca29139fe738b78c4991749e,1.1938247680664062,0.740192641660476,0.5285545696969319
h100-d512-mix-ss-travel-agents-w10-high-pre-seed0-from10pct-20260826-rno2a,systematic_grid,6010f21cb8c4a93b95d51c2a6b8626ac903416bb51dffc15c1e64568fd95b77c,1.1930571794509888,0.7497292394292716,0.5157770911320338
h100-d512-mix-ss-travel-agents-w10-low-pre-seed0-from10pct-20260826-rno2a,systematic_grid,fe7fe82481f158f1f05fabae2312b7435f2195bb254b90555b31f043d96065e2,1.193027138710022,0.7291927389036834,0.5219232844702475
h100-d512-mix-ss-travel-agents-w40-high-pre-seed0-from10pct-20260826-rno2a,systematic_grid,a755507eb6de59e63de1fbe675a439647891e1bb7ef5f4f854a0776b14636006,1.1927685737609863,0.7384108249677823,0.529466569212335
h100-d512-mix-ss-travel-agents-w40-low-pre-seed0-from10pct-20260826-rno2a,systematic_grid,bc2acc02f6d1cdcd43df13ba0c67427d055b8dc07c3e657564a5cbb2c5a9a047,1.1931824684143066,0.7486599106208232,0.5204302839236533
h100-d512-mix-ss-tutor-curric-w10-high-pre-seed0-from10pct-20260826-rno2a,systematic_grid,512a4bbd5b99883acb086df35c45373f4ddded7a8b4a66ba6c04c83bb5325629,1.1935884952545166,0.7235521590244024,0.5402623695163439
h100-d512-mix-ss-tutor-curric-w10-low-pre-seed0-from10pct-20260826-rno2a,systematic_grid,5a527a72d5d207667d39b8d767404e4c81340ce56990c6ba9b88fba88a1d01ba,1.1931049823760986,0.7513760396763571,0.5285216909163174
h100-d512-mix-ss-tutor-curric-w40-high-pre-seed0-from10pct-20260826-rno2a,systematic_grid,9155f3b0914e6c9a57e451411561b0f70464427f187139f65ec0bfc402dfb523,1.192989468574524,0.7164731068050412,0.5311636112467742
h100-d512-mix-ss-tutor-curric-w40-low-pre-seed0-from10pct-20260826-rno2a,systematic_grid,8de204dcbedf5db18f16c87548e371040398b9e7c9bb751f6ffbdd12e5923450,1.19162118434906,0.7263421566460581,0.5186848944606262
h100-d512-mix-sw-conduct-well-low-pre-seed0-from10pct-20260826-rno2a,skew_swap,e0836ea6cb4bbc2c64fafde2d5735cec02796b682802fee6bf2246e5a345094d,1.1929891109466553,0.736621357712259,0.5300043604048472
h100-d512-mix-sw-fiction-fan-high-pre-seed0-from10pct-20260826-rno2a,skew_swap,96d17fd4db59f1d7bb5c11902d8c98e60aa3c4497ed41c3a692ea673f39417a2,1.193489909172058,0.7542395332780297,0.5227951332788943
h100-d512-mix-sw-finance-gamble-low-pre-seed0-from10pct-20260826-rno2a,skew_swap,0165da82afa729c6da2f9fc867256a3f486099d5aa62db5bcd81e70ac27c021e,1.1933726072311401,0.7333711656079002,0.5145296568948835
h100-d512-mix-sw-food-math-low-pre-seed0-from10pct-20260826-rno2a,skew_swap,3cc29d348de8e80cc750ba58a4a4ece20c3e4d1d0946447a65dc921a22ee341b,1.1934196949005127,0.7449641455612566,0.5334039162974692
h100-d512-mix-sw-soft-infra-high-pre-seed0-from10pct-20260826-rno2a,skew_swap,c6426dc604e79b8b90c0402d63c482b72d836cd9e2962112afc8f28a485c2c69,1.1926252841949463,0.7255639619926945,0.5230382708012896
h100-d512-mix-sw-soft-infra-low-pre-seed0-from10pct-20260826-rno2a,skew_swap,b5988943be6110ae34c64071f96bbcffb1c0ba2d8af343a59a9c2fa3ccfba3c3,1.1930134296417236,0.7493642137860019,0.5115113035215344
h100-d512-mix-swap-c32-zero-cool-seed0-from10pct-20260826-rno2a,floored_ablation,69654bad7fb23a4e6b07b0363af2e2fd3c63a874a3cd053523d63b82d8168402,1.1932990550994873,0.7425286993057496,0.5337686877262122
h100-d512-mix-swap-c39-zero-cool-seed0-from10pct-20260826-rno2a,floored_ablation,3a6de663588a25cc014ff62d75649faf330c899f97a6cd520bd45d6de3864bcd,1.1930694580078125,0.8119272680865991,0.5208715463256355
h100-d512-mix-zero-q1-seed0-from10pct-20260826-rno2a,floored_ablation,8a4ff66a1ea04b92cb7436b3691775abb3c2546ec0dcfce816a47fce971177e0,1.1987249851226807,0.7358747757103805,0.5454012013572928
h100-d512-mix-semantic-zero-c00-seed0-from10pct-20260826-rno2a,semantic_domain_ablation,58f9b1d5f964ae2e3df26cd0a4cdc88f5f7c0da92659614a24b711b15e2432aa,1.191622018814087,0.7632301178044416,0.5229008327074616
h100-d512-mix-semantic-zero-c01-seed0-from10pct-20260826-rno2a,semantic_domain_ablation,8f22967ef383bb017bd3feb08e36ecfec7e45b0b77c1fc80d3d6acf8eafc753a,1.1901466846466064,0.7407817141521804,0.5314501452576746
h100-d512-mix-semantic-zero-c02-seed0-from10pct-20260826-rno2a,semantic_domain_ablation,1ca087eb1c6cdbae497ea2e2cc7a19550559e99ce1d60e3570a05c90d8561c6d,1.1911067962646484,0.7543949182355668,0.5216017827202722
h100-d512-mix-semantic-zero-c03-seed0-from10pct-20260826-rno2a,semantic_domain_ablation,f2cfa5d847cfa2192bd2b366ca77270b236fb38bc36c5aed969cb259a108032a,1.1906229257583618,0.7560441503656767,0.5320066270079437
h100-d512-mix-semantic-zero-c04-seed0-from10pct-20260826-rno2a,semantic_domain_ablation,658d40a8afb9a82374e5981c677a6ccff13b86fd6439fa9039401d96c96faa35,1.1897921562194824,0.7550413056126789,0.527405705438849
h100-d512-mix-semantic-zero-c05-seed0-from10pct-20260826-rno2a,semantic_domain_ablation,f5b99d061a384d041f1a0c3f3ca59f646fc7577fa5e9b96880809fa0061aaf98,1.1914474964141846,0.7688766336725009,0.5354092300674692
h100-d512-mix-semantic-zero-c06-seed0-from10pct-20260826-rno2a,semantic_domain_ablation,4716cbb0ed993e84d1d501e7b7e81b3f2129ba3a0d373bab2ae87f92b4a7d307,1.1903343200683594,0.7385632836284699,0.5240150522609771
h100-d512-mix-semantic-zero-c07-seed0-from10pct-20260826-rno2a,semantic_domain_ablation,257faf38048bb94fd3fd329bc5478cf64d31a16bd1947819f65e179863e4b4e6,1.1918978691101074,0.7601280360229801,0.5179373220573308
h100-d512-mix-semantic-zero-c08-seed0-from10pct-20260826-rno2a,semantic_domain_ablation,49442fe84a5455102d3458921ec6bfac1e0ce756daef8de5d55af714f6cdea3d,1.190610408782959,0.7653200157532543,0.5331671153739779
h100-d512-mix-semantic-zero-c09-seed0-from10pct-20260826-rno2a,semantic_domain_ablation,30f3c326019cd7a128aa9f4c3effb95ae0a9178e36afba7e2f36375422070d12,1.1891913414001465,0.7511932434786779,0.5227903184206003
h100-d512-mix-semantic-zero-c10-seed0-from10pct-20260826-rno2a,semantic_domain_ablation,880fc3e07a45d467a49bca61be6d7ff44ae3295f33a096cc989c7bedc08ad0cf,1.1906535625457764,0.744188368477355,0.51798617175613
h100-d512-mix-semantic-zero-c11-seed0-from10pct-20260826-rno2a,semantic_domain_ablation,689d067c1422f23fb641a27b8aa7253025c07384a0ae6e2af1d5d90dd2e3072f,1.1909446716308594,0.7613458804099442,0.5209420886820957
h100-d512-mix-semantic-zero-c12-seed0-from10pct-20260826-rno2a,semantic_domain_ablation,5986b18eb6fdfef42e4e380a164f6e8f5766dc7996eee4ea8fdc6b13ed3a19c7,1.1912741661071777,0.7620546462558773,0.5282273107851932
h100-d512-mix-semantic-zero-c13-seed0-from10pct-20260826-rno2a,semantic_domain_ablation,03f4d890d9c979e82ab31ec58e0dd004a202931b02614487054ffb66695010c3,1.1885308027267456,0.7612340883681854,0.5867333930064039
h100-d512-mix-semantic-zero-c14-seed0-from10pct-20260826-rno2a,semantic_domain_ablation,f82af0371502d1ddb9d9d059defbde4fc5edf2a2efb25333dbf7259e79bdbd8d,1.1890416145324707,0.7567830359385099,0.5269717271395902
h100-d512-mix-semantic-zero-c15-seed0-from10pct-20260826-rno2a,semantic_domain_ablation,e976148d3bd6570fab602c6250d07ea6ef5078df31e47fe22c3216599cd92eef,1.1897642612457275,0.7499077457758163,0.5272709928661556
h100-d512-mix-semantic-zero-c16-seed0-from10pct-20260826-rno2a,semantic_domain_ablation,fc4e0f3bccc40b61126b3585024f2b042bb31eff4047138e5b254a1afbd7ede9,1.1930484771728516,0.7496716585513956,0.5181596044058003
h100-d512-mix-semantic-zero-c17-seed0-from10pct-20260826-rno2a,semantic_domain_ablation,fa551b272a56845b7e506e81bc14b12c9afd27b447a9ce24553425065af22d63,1.1918835639953613,0.7845208386940719,0.538920695369855
h100-d512-mix-semantic-zero-c18-seed0-from10pct-20260826-rno2a,semantic_domain_ablation,f68026811faa996cb742852aa2247a4c79a20d4f0862aa188d747ef3e409d043,1.1895756721496582,0.7361239766263484,0.5203475334363146
h100-d512-mix-semantic-zero-c19-seed0-from10pct-20260826-rno2a,semantic_domain_ablation,cc0209f8f46253046bb533457df2cb8d34d07549e42d7e1b07a9ec7eb5430c14,1.1897263526916504,0.7548551945705273,0.5273869402352952
h100-d512-mix-semantic-zero-c20-seed0-from10pct-20260826-rno2a,semantic_domain_ablation,0de29f1b2261b10dc2d027779cc3c0b1aa16f278f336931bc4f17f2fd9962cf4,1.1898128986358643,0.7555183793981147,0.5197897285810743
h100-d512-mix-semantic-zero-c21-seed0-from10pct-20260826-rno2a,semantic_domain_ablation,5a6ef8b0f1b11a8d74363124fb04e1f6a3e15e4b1aff1bc9d522c6602d272486,1.1894192695617676,0.7673565795229977,0.5237503617838706
h100-d512-mix-semantic-zero-c22-seed0-from10pct-20260826-rno2a,semantic_domain_ablation,914e0969bafb9d71dae996de8521b0afc7fe4a49567d1123f2b72567df42ebd7,1.190321683883667,0.7597852791643185,0.5129291595819725
h100-d512-mix-semantic-zero-c23-seed0-from10pct-20260826-rno2a,semantic_domain_ablation,8597a6006c9f99981f3b2be32d879d4385a018f8d8d178db37695bc33c8bf763,1.1910427808761597,0.7540587463392514,0.5299144209014232
h100-d512-mix-semantic-zero-c24-seed0-from10pct-20260826-rno2a,semantic_domain_ablation,4869c1f4ad2498d13c6b995197a1731e044c699bf008a0a1796c0831e12ee7fe,1.193284511566162,0.7459755871668291,0.535401082474467
h100-d512-mix-semantic-zero-c25-seed0-from10pct-20260826-rno2a,semantic_domain_ablation,5088fc283cb89d59a0b137de5cd777ec18a3ae322c1cdbd97e8062f89f068b40,1.1968350410461426,0.7660688206326126,0.5242076742291236
h100-d512-mix-semantic-zero-c26-seed0-from10pct-20260826-rno2a,semantic_domain_ablation,88bb54986bd8732057423e1c449576a6ae73ac694a763f58e1d4051728bf9096,1.1881341934204102,0.7605332384049879,0.5318760657894911
h100-d512-mix-semantic-zero-c27-seed0-from10pct-20260826-rno2a,semantic_domain_ablation,9fbc47760249842aa16c9d0d6a35253007017eae2b72fc5668805ada8b6e5076,1.1906919479370117,0.7758641918910725,0.5188627064902104
h100-d512-mix-semantic-zero-c28-seed0-from10pct-20260826-rno2a,semantic_domain_ablation,c6130fac0060140059b5c943fa7f3ac44180f7f8ccff8019b710e29d93b82630,1.1880757808685303,0.7727915131589256,0.5566880546163526
h100-d512-mix-semantic-zero-c29-seed0-from10pct-20260826-rno2a,semantic_domain_ablation,cb5d4420d2db37d9454afb26f21cdd6cd1af62d2b8522abb060de9665d9de863,1.1916301250457764,0.7690923420059725,0.5220305492525177
h100-d512-mix-semantic-zero-c30-seed0-from10pct-20260826-rno2a,semantic_domain_ablation,64ab41913c039f733845fd51d72bae69e4a6044ddc131619d900b4a61e54c4f0,1.1921255588531494,0.7483357319799467,0.5216609240695936
h100-d512-mix-semantic-zero-c31-seed0-from10pct-20260826-rno2a,semantic_domain_ablation,b99e51bc13a094479859471cb12c1c83056d57e373614ab19b6bce976180567a,1.1906574964523315,0.7512885780147016,0.5346209599990193
h100-d512-mix-semantic-zero-c32-seed0-from10pct-20260826-rno2a,semantic_domain_ablation,90cd2e38febe3ee5c8998783a297427e9f2a2653f7d8909c9e80ec39b0628292,1.1904529333114624,0.7480625295022787,0.5343771498174256
h100-d512-mix-semantic-zero-c33-seed0-from10pct-20260826-rno2a,semantic_domain_ablation,d4de3e656e85a90e1093b4e819ff148cb2c63fb3c506e0528214c96bf172c907,1.190417766571045,0.7726144096149703,0.5350846966314419
h100-d512-mix-semantic-zero-c34-seed0-from10pct-20260826-rno2a,semantic_domain_ablation,a3e69e9668f5a34b73bda361b2d3156094ba976fa95670fc13e7377dc2e0761a,1.1911234855651855,0.7580907041325289,0.5260480181585091
h100-d512-mix-semantic-zero-c35-seed0-from10pct-20260826-rno2a,semantic_domain_ablation,eb61b628eabe110909815f7c4622d164f61eb0cb3cb23f2db8b4fa29a5f98248,1.1906487941741943,0.7634247110074107,0.5177800859472431
h100-d512-mix-semantic-zero-c36-seed0-from10pct-20260826-rno2a,semantic_domain_ablation,eba42918d4b1a6179d935e19b096fe4f4fd290ea36e76f62b3449b494e53e975,1.190523624420166,0.7443250480977411,0.5130902342112093
h100-d512-mix-semantic-zero-c37-seed0-from10pct-20260826-rno2a,semantic_domain_ablation,e33192c5bb2584029a13fbef51d2063b7d109f40e8924a52db56f5212185b1f1,1.1941537857055664,0.762320038434624,0.5273736106957817
h100-d512-mix-semantic-zero-c38-seed0-from10pct-20260826-rno2a,semantic_domain_ablation,071588385e848e4fb000cc4370850565736b53ff1767b22793f5acd23f66cf85,1.1926085948944092,0.7474288611879647,0.5273587120225566
h100-d512-mix-semantic-zero-c39-seed0-from10pct-20260826-rno2a,semantic_domain_ablation,9faeb5c78e60fa68530f6e08b6c26c57462e7d29ca02954659f42f18700b1727,1.188783884048462,0.8915284816907179,0.5353047222720269
h100-d512-mix-semantic-zero-q0-q2-seed0-from10pct-20260826-rno2a,semantic_quality_ablation,8a3f45ee392677195e85ef57ca1e95fa6f6237a97a11e6fd96cf147276b0639c,1.2052868604660034,0.8606293784443279,0.5184435699447596
h100-d512-mix-semantic-zero-q1-seed0-from10pct-20260826-rno2a,semantic_quality_ablation,4a442974533e6c4a6d779ef5a9c8d755b9871d59f286d77b8d72833d6affd237,1.192436933517456,0.7499645846362709,0.5405668904429418
h100-d512-mix-semantic-zero-q2-seed0-from10pct-20260826-rno2a,semantic_quality_ablation,3f98ba1213b20e15a45272a24845b13804f303e9fcf3fb163543ff75202f8bd7,1.1910014152526855,0.7917299528453084,0.5249478005563261
h100-d512-mix-semantic-zero-q3-seed0-from10pct-20260826-rno2a,semantic_quality_ablation,c87e237d2d5f9a4861e04efe7f2c2a157d9fc4183f283a9a71854ed0c0d3d4ae,1.1886110305786133,0.7382387132017537,0.543405137364862
h100-d512-mix-sk-craft-science-small-high-seed0-from10pct-20260826-rno2a,skew_swap,ccc168020a5897a46052ae40eba2ac3af951e3db11d28db471a59649a9545169,1.1933008432388306,0.7193086644079967,0.518449718471599
h100-d512-mix-proportional-seed0-from10pct-20260826-rno2a,proportional_baseline,f71dca141a12db66ef3f6774457ee86a8984b52ec0da21af00db7612dfe95ac8,1.1864715814590454,0.7830996624184536,0.5364480372544744
h100-d512-mix-proportional-seed1-from10pct-20260826-rno2a,proportional_baseline,f71dca141a12db66ef3f6774457ee86a8984b52ec0da21af00db7612dfe95ac8,1.1868433952331543,0.7482157394742247,0.5401764709964223
h100-d512-mix-proportional-seed2-from10pct-20260826-rno2a,proportional_baseline,f71dca141a12db66ef3f6774457ee86a8984b52ec0da21af00db7612dfe95ac8,1.1864781379699707,0.7751726145774539,0.5343788343871457
h100-d512-mix-proportional-only-q1-seed0-from10pct-20260826-rno2a,proportional_quality_isolation,014a0aef2de9bf00b7812363c3d59b0614a13eb96c3bed6d0f6e4d61f47359ec,1.2248154878616333,0.8990530983238956,0.549039279426977
h100-d512-mix-proportional-only-q2-seed0-from10pct-20260826-rno2a,proportional_quality_isolation,99598f65ff73eb7a0aa0485ce2bc01bdd4e59aa7a0e56bee1facf0a9c3ced957,1.2102773189544678,0.7983261404040016,0.5743244425939794
h100-d512-mix-proportional-only-q3-seed0-from10pct-20260826-rno2a,proportional_quality_isolation,e2efac5e65c8632b260f5a0a2f0e22001c0f62ab2ffa94e38eb283221a570743,1.2252495288848877,0.8977642276079614,0.5495598056926596
h100-d512-mix-proportional-only-q4-seed0-from10pct-20260826-rno2a,proportional_quality_isolation,6fbb3970ce57f4b986c2e7728a274d90f207476feb76d289662bb619c97aafdc,1.2961490154266357,0.8667613963847322,0.5490452654577216
h100-d512-mix-proportional-zero-c00-seed0-from10pct-20260826-rno2a,proportional_domain_ablation,8192b3246fb598c07ee4f9bef8f49696177c6c60da36a5c72de5e07b72e59bb7,1.1877182722091675,0.7906685876406254,0.5430156811716728
h100-d512-mix-proportional-zero-c01-seed0-from10pct-20260826-rno2a,proportional_domain_ablation,8f7d0aea7efb92a6f98b11d65bc1c78f595b932a7089e872b4f9c42a9350f086,1.1876355409622192,0.7925662903238151,0.5407865470530917
h100-d512-mix-proportional-zero-c02-seed0-from10pct-20260826-rno2a,proportional_domain_ablation,25227132da98b8a33d2f4ef0a0d83e4c7458850a21ed9491066669eac33e88d0,1.1874666213989258,0.8151088866003559,0.5373358541308852
h100-d512-mix-proportional-zero-c03-seed0-from10pct-20260826-rno2a,proportional_domain_ablation,12a264b97cea09f2ff1dd59461e3c90addade91556d62dbd07216adaf0185fd7,1.1869584321975708,0.8172427756895042,0.5377344007689688
h100-d512-mix-proportional-zero-c04-seed0-from10pct-20260826-rno2a,proportional_domain_ablation,75a71f2f3388f09543961b26ec6f0c90852311d7dbe36ac43c7118c81279421a,1.186729907989502,0.7951018608333864,0.5481891974705709
h100-d512-mix-proportional-zero-c05-seed0-from10pct-20260826-rno2a,proportional_domain_ablation,bf11acca22d30cbd3a4e2427552e691d9f109576671b4cf01198263bb12538ad,1.188066005706787,0.8021329891379626,0.5438522949811513
h100-d512-mix-proportional-zero-c06-seed0-from10pct-20260826-rno2a,proportional_domain_ablation,d2414064d5e3dde1eb1a4ba34e1f8e834399de2c4771887a34fc56cc1d3a21f0,1.1876311302185059,0.8149084224706068,0.53695401521339
h100-d512-mix-proportional-zero-c07-seed0-from10pct-20260826-rno2a,proportional_domain_ablation,7cf749aa4f04886f086f08357b46908ff0714e76f4007f5816a35afc57037cea,1.1882023811340332,0.7838753791490791,0.5321009945141972
h100-d512-mix-proportional-zero-c09-seed0-from10pct-20260826-rno2a,proportional_domain_ablation,9717b620cce32e4a0f3f07a66b89a9a3178c1cff7ee1ca8cec8aa7f2ed8e87e2,1.1868348121643066,0.7919046910182704,0.5390312133995516
h100-d512-mix-proportional-zero-c10-seed0-from10pct-20260826-rno2a,proportional_domain_ablation,c11710cf870309561ea260c34ead4664529a6737274aeede7b0d24c29112a625,1.1866176128387451,0.7855832907144588,0.5479700731428796
h100-d512-mix-proportional-zero-c11-seed0-from10pct-20260826-rno2a,proportional_domain_ablation,4be67921105c87acefe0b5f489a8889ca8746fdec6a7d3a001ade20663f56da5,1.187255859375,0.7926681713837161,0.5388567672071024
h100-d512-mix-proportional-zero-c13-seed0-from10pct-20260826-rno2a,proportional_domain_ablation,0efcf1629aa29fa3725fb2f2420dcb293ab03870d00d946f6dc4a2e7ff022a7e,1.1863763332366943,0.7647136360065974,0.6040623546398814
h100-d512-mix-proportional-zero-c14-seed0-from10pct-20260826-rno2a,proportional_domain_ablation,fa66aa5574519b2374176228e0dccf9b9098cc975f702d27bb7417a9fb7c2d47,1.1855719089508057,0.8037500523613333,0.5355499392419755
h100-d512-mix-proportional-zero-c15-seed0-from10pct-20260826-rno2a,proportional_domain_ablation,6d50fbd30e5c52f6f456c9363fb8cfd03bd71b0ae8abf56132053dd21535bbf1,1.186589241027832,0.7981269090687773,0.532031888840146
h100-d512-mix-proportional-zero-c16-seed0-from10pct-20260826-rno2a,proportional_domain_ablation,acc060c229d7a3bff2435888946e5766040ef58114d832029c56422a52cd088a,1.189095377922058,0.7922346221855122,0.5337527335066433
h100-d512-mix-proportional-zero-c18-seed0-from10pct-20260826-rno2a,proportional_domain_ablation,d3a55d882d88422f029969090e91009f9cef9060c2cce2dbb4fe842d563380a8,1.1860835552215576,0.8130652202142622,0.5414227296267705
h100-d512-mix-proportional-zero-c19-seed0-from10pct-20260826-rno2a,proportional_domain_ablation,1eabbccada658f01b24c4043b0cc368ffbb3ebc01c5c29a0e7351bea58af7a86,1.1859660148620605,0.7835614933665861,0.5368154630103835
h100-d512-mix-proportional-zero-c20-seed0-from10pct-20260826-rno2a,proportional_domain_ablation,fe8086cd0fdd48b0daafe2d201c95d6bde4345105eb29e9edc31051ccb318aa7,1.1858149766921997,0.7893920501996312,0.5514171837128691
h100-d512-mix-proportional-zero-c21-seed0-from10pct-20260826-rno2a,proportional_domain_ablation,9d69503ed7aa7a4657a96b63eafb288d916039269e110c657e91d7cd1e9dde93,1.1870163679122925,0.8062090129877667,0.5450077526319537
h100-d512-mix-proportional-zero-c22-seed0-from10pct-20260826-rno2a,proportional_domain_ablation,1b6bb1d21133bc9545b3ee20e723ed1f81edd659b3865f57950ef00bbc19a26c,1.1871747970581055,0.8101384062276871,0.5319703149755923
h100-d512-mix-proportional-zero-c23-seed0-from10pct-20260826-rno2a,proportional_domain_ablation,438fd432bfd0bb5a1ce42c1a9702e1e5f0c07543f99b65db21eb7a9d602ee0bc,1.1873581409454346,0.8054417596917021,0.5477134187718001
h100-d512-mix-proportional-zero-c24-seed0-from10pct-20260826-rno2a,proportional_domain_ablation,3124588d02d334e89706054334d4af3c2cd8aa7d5fc25d9a5483f03d5612ca6a,1.1891050338745117,0.8000937890228748,0.552883622393067
h100-d512-mix-proportional-zero-c25-seed0-from10pct-20260826-rno2a,proportional_domain_ablation,3ed240422c952eef2eb54adc8a03653b3da39528c4eeac06cb16bf5018945b33,1.1953251361846924,0.7951452688619559,0.5480208798600366
h100-d512-mix-proportional-zero-c26-seed0-from10pct-20260826-rno2a,proportional_domain_ablation,03f3a2e62c6fcc8d4c4e2d9c55fb1ac1698dd65848eebee0dfd4c6daf7d1fd8f,1.1826447248458862,0.789761461385667,0.5477418820409626
h100-d512-mix-proportional-zero-c27-seed0-from10pct-20260826-rno2a,proportional_domain_ablation,c0879d3247daf70aa79e3e8c6e5ff0e9189d3dc118555ec74f3c5a0f4ded7aa1,1.18672776222229,0.8037544688001053,0.5443949643748817
h100-d512-mix-proportional-zero-c29-seed0-from10pct-20260826-rno2a,proportional_domain_ablation,f121facc93ba8e2361a3238ed6e4b902133bd19a2037614a678e4ee0da00c1f9,1.1888643503189087,0.7839795924909706,0.5332944625107884
h100-d512-mix-proportional-zero-c30-seed0-from10pct-20260826-rno2a,proportional_domain_ablation,5316c4eefa70be5196cd6459cc59fbaac1c512b7460b9b254c823c0abe39ee21,1.1895751953125,0.8314145449259335,0.5518149447782154
h100-d512-mix-proportional-zero-c32-seed0-from10pct-20260826-rno2a,proportional_domain_ablation,6c9bf90f88232bcbb1ee43eb27d6dc131dce7c7efdac5a903b16b26b0b009478,1.1877529621124268,0.7752006768652263,0.5423496379183586
h100-d512-mix-proportional-zero-c33-seed0-from10pct-20260826-rno2a,proportional_domain_ablation,89254c2191fd231d3097777a54d7bc894d35fe72c8e935bf05d8fd9824def468,1.1856882572174072,0.8139221255654511,0.5296457235147454
h100-d512-mix-proportional-zero-c34-seed0-from10pct-20260826-rno2a,proportional_domain_ablation,10dbc558ca849da8431eeb2bd8c0171e4fc34e05bb70aad90f9f2d2b39462b9e,1.186579942703247,0.8243331149442428,0.545396349987771
h100-d512-mix-proportional-zero-c36-seed0-from10pct-20260826-rno2a,proportional_domain_ablation,24415f44c4ff3eedbd27ee3cb762bf7bf8434ddf3701b30d3e221c2944d522d5,1.1869670152664185,0.7801211816487904,0.5403241849168838
h100-d512-mix-proportional-zero-c37-seed0-from10pct-20260826-rno2a,proportional_domain_ablation,5a660e57c72fac1a55bfc161e9aec5fb91305fee46e5181a4c1d99d3c7018d41,1.1910016536712646,0.7976117851324954,0.5374959332245827
h100-d512-mix-proportional-zero-c38-seed0-from10pct-20260826-rno2a,proportional_domain_ablation,4facd64af5ae93ae3537e2156ba3f217eeecff5759debb26d8b80a03f5655a6e,1.1894793510437012,0.8006754010430165,0.5454640128690886
h100-d512-mix-semantic-zero-q0-seed0-from10pct-20260826-rno2a,semantic_quality_ablation,9bdb9e7d9d461aa5416143f044ede640946280086b58fcac8b0432915f5160dd,1.2024216651916504,0.7580187988382745,0.5233652890093174
h100-d512-mix-semantic-zero-q4-seed0-from10pct-20260826-rno2a,semantic_quality_ablation,3332874aa4883149f9baad78b17c1ef223ad12d6f15f859440a9c581240a3628,1.1889433860778809,0.7635311004835339,0.5424120396528066
h100-d512-mix-proportional-seed3-from10pct-20260826-rno2a,proportional_baseline,f71dca141a12db66ef3f6774457ee86a8984b52ec0da21af00db7612dfe95ac8,1.1870229244232178,0.6699054501824406,0.5461553106672079
h100-d512-mix-proportional-seed4-from10pct-20260826-rno2a,proportional_baseline,f71dca141a12db66ef3f6774457ee86a8984b52ec0da21af00db7612dfe95ac8,1.1866447925567627,0.6552802074396176,0.5436004838356644
h100-d512-mix-proportional-seed5-from10pct-20260826-rno2a,proportional_baseline,f71dca141a12db66ef3f6774457ee86a8984b52ec0da21af00db7612dfe95ac8,1.1873407363891602,0.7341830091781014,0.525892703485143
h100-d512-mix-proportional-seed6-from10pct-20260826-rno2a,proportional_baseline,f71dca141a12db66ef3f6774457ee86a8984b52ec0da21af00db7612dfe95ac8,1.1857120990753174,0.8069854525559331,0.5479427548749387
h100-d512-mix-proportional-seed7-from10pct-20260826-rno2a,proportional_baseline,f71dca141a12db66ef3f6774457ee86a8984b52ec0da21af00db7612dfe95ac8,1.1874154806137085,0.8245553042626078,0.521757970175153
h100-d512-mix-proportional-seed8-from10pct-20260826-rno2a,proportional_baseline,f71dca141a12db66ef3f6774457ee86a8984b52ec0da21af00db7612dfe95ac8,1.1866517066955566,0.8064076484118853,0.5247892990756583
h100-d512-mix-proportional-seed9-from10pct-20260826-rno2a,proportional_baseline,f71dca141a12db66ef3f6774457ee86a8984b52ec0da21af00db7612dfe95ac8,1.185279130935669,0.6721225242920509,0.542083713483194
h100-d512-mix-proportional-zero-c08-seed0-from10pct-20260826-rno2a,proportional_domain_ablation,ee54a93077d083959ac92549e93f2f97bac841a319dfcb925c698e035d9b21f2,1.1869962215423584,0.7896893293770069,0.550874870456411
h100-d512-mix-proportional-zero-c12-seed0-from10pct-20260826-rno2a,proportional_domain_ablation,aa91f7eae24e76567a91ba0459c3581e3f2ba66480acac8ca513a51af734e1dc,1.1873183250427246,0.7929777241541772,0.5386980123816062
h100-d512-mix-proportional-zero-c17-seed0-from10pct-20260826-rno2a,proportional_domain_ablation,07232d6c212a44dbce68da358d7ccb07b21dd3e6505d421003028351bb4d554e,1.188019037246704,0.783157404741185,0.5427898959134639
h100-d512-mix-proportional-zero-c28-seed0-from10pct-20260826-rno2a,proportional_domain_ablation,d40696d2bf0588227330a49f0899afc0a3898ae06410a852643b11b011786f51,1.1857078075408936,0.7984839084035744,0.5740695922482484
h100-d512-mix-proportional-zero-c31-seed0-from10pct-20260826-rno2a,proportional_domain_ablation,dd9964cadc815ffc12fa3095610c015fe4b22fed219562db3621666f96be67c1,1.187818169593811,0.7939852071996888,0.5379488695035837
h100-d512-mix-proportional-zero-c35-seed0-from10pct-20260826-rno2a,proportional_domain_ablation,f622fdf1d0602e805181dc5348a41f7f92e9f976f9030430371ee50c90cfa300,1.1874221563339233,0.804173147967987,0.539359653168931
h100-d512-mix-proportional-zero-c39-seed0-from10pct-20260826-rno2a,proportional_domain_ablation,a11553da4a8189976be1b6e4e41fd57701be42939db3d181bfcb889fd3bce5ca,1.1865460872650146,0.8415175849336403,0.5466557781425334
h100-d512-mixprior-07e4a9dd18ba90fd-seed0-from10pct-20260829,mixprior_candidate,d672aa3ce6c4456eea47cc0df193d76d1bee1d5cb8ff96fd753e6f996048ac41,1.25059175491333,0.9821797146789851,0.5632542570966469
h100-d512-mixprior-0c9b4263d0d81a50-seed0-from10pct-20260829,mixprior_candidate,598e4ea5962fc1ec4fae19d1cf316abfcc3a618bad555f2307a6f33e4cb561cb,1.1873501539230347,0.7891564471370399,0.5420434715935539
h100-d512-mixprior-0cf507df51077784-seed0-from10pct-20260829,mixprior_candidate,24ab7fd26dc586bc70333efd2659203b72210b2d6e88bef3e91531de7cd89b42,1.2120270729064941,0.8412668310799231,0.5273144441568641
h100-d512-mixprior-1cc91e15d5c7e2b4-seed0-from10pct-20260829,mixprior_candidate,60435d2e092faf2540fb5570e099f3ad697ce7f5be7a24082dce2242ac393cbe,1.188361644744873,0.7709841483169009,0.5560249139396127
h100-d512-mixprior-2139fb1bbb28a736-seed0-from10pct-20260829,mixprior_candidate,549888d7234db0140fffdcd3168f385db26e61ee283d54f03a03c1961726dfb3,1.2221529483795166,0.8267847656748413,0.6003580684633306
h100-d512-mixprior-24e1e8a3940391e4-seed0-from10pct-20260829,mixprior_candidate,c3e8f6e9095a005313b326d58b1e2854c6d930067afcad4f82bd9a6aec8f64ac,1.215193510055542,0.8734461112119736,0.5719870031844475
h100-d512-mixprior-287d02f276c7764b-seed0-from10pct-20260829,mixprior_candidate,d1ccb170d07e8c73c5cee59d54b45453499fae8d918c5b60a5c03ae63e2ab82b,1.1957859992980957,0.7428254208696669,0.5291337632118399
h100-d512-mixprior-3c677350cb19e8de-seed0-from10pct-20260829,mixprior_candidate,cdc626dc3da5d279e295d4a3aadf4863d68d6d3d5df835916815780e4bfa2d0d,1.1876803636550903,0.8178698689859059,0.540979817110917
h100-d512-mixprior-4876fec103d84439-seed0-from10pct-20260829,mixprior_candidate,9555c65e6362f5429ed0aa52d823e500ab13f95828fc0ab1cb38b14e81f8ee88,1.1862741708755493,0.819520959870083,0.5648787501677012
h100-d512-mixprior-54bb9b7961f34f10-seed0-from10pct-20260829,mixprior_candidate,92de49fa25796db11c8e2813d904c9adb0acbd155264e48de37153c9049d9b49,1.1868669986724854,0.7791648288414748,0.5404974132809808
h100-d512-mixprior-644ecf6538f09c28-seed0-from10pct-20260829,mixprior_candidate,88027cdb322fd53b5ea7e7197bb7532ceaff56494566cd99cbaa559cd9819c03,1.1995383501052856,0.8173699378094679,0.5649764214065343
h100-d512-mixprior-69fc416e254e2a6e-seed0-from10pct-20260829,mixprior_candidate,d78da8c6d35aff62fb4ba2f2d52ea6a4cda75d4558bd045cc3ef8e5609a14e2b,1.1874794960021973,0.805199859063281,0.5560269057371168
h100-d512-mixprior-6c40cafa822eefc2-seed0-from10pct-20260829,mixprior_candidate,f3fe3e7d6125ccfb871f552007e4ff5667687bacc64b6b7e4d19ad259737dd7a,1.1829646825790405,0.8624002040940447,0.5550774514430561
h100-d512-mixprior-76caf97062d1705b-seed0-from10pct-20260829,mixprior_candidate,b04b4551ef1ae9b1a68e0f21b63918fa337ef27bb3509e511140f0e3986872dd,1.2424393892288208,1.0085325477944653,0.6456114580978312
h100-d512-mixprior-7b1ad7e4ae77a16b-seed0-from10pct-20260829,mixprior_candidate,f63b4f7dfeacdb549ae04f4d021a9b2e1e7bca76918ffa7c295ef578780c88df,1.1876338720321655,0.8100525519859133,0.5469013327114545
h100-d512-mixprior-8545b0cf2a88fc82-seed0-from10pct-20260829,mixprior_candidate,51f85736679dd12a3c3535da21ede2ea651e912744f554f4319582465319c843,1.1897478103637695,0.8708344772628135,0.5423230480565652
h100-d512-mixprior-9570b9a1addc7609-seed0-from10pct-20260829,mixprior_candidate,d7437f47d7afa90e5956728e4f458f424ac1cf45f0011ef9da150d02b44488b0,1.2015691995620728,0.7871323840362336,0.5555609347960717
h100-d512-mixprior-9a67f8bf4c811bdf-seed0-from10pct-20260829,mixprior_candidate,689800bef17dae7b94ff1c183dc24a9c838d4b349e775ad804794d382b042445,1.1970709562301636,0.7599277941999377,0.5334904532265147
h100-d512-mixprior-a61e63b32c974bff-seed0-from10pct-20260829,mixprior_candidate,0df80a72959b0e1a72289ae4ebeda60339de866ae5a20128975f9cb7e89ca4a9,1.1862356662750244,0.8056817388572836,0.5503959075781834
h100-d512-mixprior-a8abfdc64b07f0ca-seed0-from10pct-20260829,mixprior_candidate,732d74a1d9424414495b905c3884df4df945360af6f3ede2e9bf756da6799832,1.1877391338348389,0.7959983878200925,0.5442099558903857
h100-d512-mixprior-addb78a07c22a234-seed0-from10pct-20260829,mixprior_candidate,a6b88c755bef1e5f250dade7379e5749ce9eae8f75e326bc09ff5e9978383cc2,1.1891677379608154,0.8129111904683913,0.562232463424901
h100-d512-mixprior-afc4d729688170f9-seed0-from10pct-20260829,mixprior_candidate,7c4d89e358f523d360c592c721eddc612abb441f085ff24f7a5270daba83d8c1,1.2927780151367188,1.0199511450000958,0.700874765765191
h100-d512-mixprior-b21cb7d90123bd74-seed0-from10pct-20260829,mixprior_candidate,c9a792ffa644c49922e33d8bffbecb5217f1e33d851e38536f377c5bd2d87e2c,1.1885640621185303,0.7852121370612251,0.5642735371089554
h100-d512-mixprior-d247d16b43f071dc-seed0-from10pct-20260829,mixprior_candidate,38c3504fb609f24f0541cfd4010be65d7ba06176831eb24a87b26d5e58c374b2,1.2004568576812744,0.8628993517193684,0.5448617364115104
h100-d512-mixprior-d2e720778d1e30c4-seed0-from10pct-20260829,mixprior_candidate,dfecab727913dde76c6201392f8ca1992d47eb91269d2bc3cebcb29a7c7d1469,1.1873478889465332,0.7941137557633485,0.5462858666263978
h100-d512-mixprior-d33fb4b5d3c5d890-seed0-from10pct-20260829,mixprior_candidate,91d3aa913b937b56d0c4de19628c091e4c480d912583d878dc5db8ea244eb0d8,1.1888446807861328,0.8144360005782799,0.5594107786506743
h100-d512-mixprior-e4edeb1593bf4231-seed0-from10pct-20260829,mixprior_candidate,4655f9825ab31e546407c26667e1b76e4ef00e5ad1514f0dfe1b021b62dc44aa,1.1851445436477661,0.8062725681194811,0.5578260140830013
h100-d512-mixprior-f52ef26a56fb325f-seed0-from10pct-20260829,mixprior_candidate,f78eb527fc2fe0da8558c57926380908b323c3726e6c88e312aeb99868d7faec,1.2066798210144043,0.7420733125857826,0.4912263976896933
h100-d512-mixprior-fc227dd366b4aecf-seed0-from10pct-20260829,mixprior_candidate,f52e2626ad30535607b207e295a382ee4a51bc553a31e902ab0f76e12cb77811,1.2364833354949951,0.8917075543673593,0.5198821058893296
h100-d512-mixprior-fd01b8ff1c477518-seed0-from10pct-20260829,mixprior_candidate,ec740c7fc77be7cf4943dd19c1fc28d0510f20a2d3c3c99a8adf4f0910a08a64,1.1877367496490479,0.8096068358281961,0.5383901655453249
h100-d512-mixprior-fd3b8a5fab2b223a-seed0-from10pct-20260829,mixprior_candidate,442669ceabf2627877874f49ecf22bb09e882f6815780dd5056b86114f0df81b,1.2022209167480469,0.8328629785371664,0.5595617432261688
h100-d512-mixprior-4f9aa64918e3ebbc-seed0-from10pct-20260829,mixprior_candidate,96731e280558d1f86862b764062962b40f4d3a1a9d2197999a37054975f3756b,1.1851121187210083,0.8259376293077442,0.5695667057097925
h100-d512-mixprior-581bdbeffb597d70-seed0-from10pct-20260829,mixprior_candidate,7632593ac096099785a82b3e143b291604998ba0544fd20170aef54c4b9c8192,1.1858487129211426,0.8612551457932052,0.5469112419917033
h100-d512-mixprior-72e92d64ff271cca-seed0-from10pct-20260829,mixprior_candidate,31a1263d24a2ae1a38dac1d100b0231e24151088903e49145ca3cb010394e6ee,1.1940944194793701,0.8709118640767237,0.589505813741476
h100-d512-mixprior-8477a804615faec6-seed0-from10pct-20260829,mixprior_candidate,f8f18b4729b43db0129d8bc22eb53348f036d8336abdd4172f4b0301fef89a17,1.1859691143035889,0.7753899309693629,0.5739357662509793
h100-d512-mixprior-a9ea53cee6ddb556-seed0-from10pct-20260829,mixprior_candidate,c3ea644d3d16d89dbb4397fe6a869ad660ac99b54e69bba9ed13f772ca45c71c,1.1880574226379395,0.8279687119284542,0.5364371762498149
h100-d512-mixprior-aaa77e23b9d43a45-seed0-from10pct-20260829,mixprior_candidate,d481bf8218557b9f466dd05b3ff5189c14eff37b5f7350fd5e4e1f00d188a9d5,1.2183811664581299,0.8410061198775349,0.5616052530323659
h100-d512-mixprior-afa5813dd8364235-seed0-from10pct-20260829,mixprior_candidate,df1f0272b5878ac03ef2d987f783c3d07f9524c1b70657ed02d7aca553be2a98,1.208211064338684,0.8595368580624788,0.5729224226259813
h100-d512-mixprior-c0f2c0402e2df7c1-seed0-from10pct-20260829,mixprior_candidate,8e334ffa110785ff38c38857d61c7db17fa6688b92550df8c599d7e74eb8d110,1.196399450302124,0.8019059512421146,0.532950091484593
h100-d512-mixprior-d327cbd5e7737f19-seed0-from10pct-20260829,mixprior_candidate,41e3807e7db1dae052ff3a4426285822cae622bbc2327100ebe9a333689af96c,1.1961572170257568,0.823544906968971,0.542278921067132
h100-d512-mixprior-33627e1885f02699-seed0-from10pct-20260829,mixprior_candidate,2b68b09b5b5c21a668f893704f4cd84abacedbfdea1b687de6ab39999c2e7fdf,1.219862699508667,0.8608987022984075,0.5457731782942898
h100-d512-mixprior-36f2c725675aa23c-seed0-from10pct-20260829,mixprior_candidate,878f2ea5313dfce000e14d7f24379292bd6fcbb9df60f4e412c10c119273f889,1.1866397857666016,0.781489676264298,0.5841696483512943
h100-d512-mixprior-41c1d397c6c0a764-seed0-from10pct-20260829,mixprior_candidate,e86e895836396100e4bd625e224ca0d2e728ff9a563d8ca4ea18bcb26475c5e5,1.2284494638442993,0.7573290383050996,0.5880627653280637
h100-d512-mixprior-6e12571a6c4cb720-seed0-from10pct-20260829,mixprior_candidate,2b3de678e04356c662160359d4073ba19c0b35bf8b4756d831b26e726358afb1,1.2127485275268555,0.8375761770203675,0.5554957519111158
h100-d512-mixprior-9b463c08d3fb93ab-seed0-from10pct-20260829,mixprior_candidate,98c5b1cdfd9949bd9a4b4c65a9263dd1c9adab9833b3b4eb0aa87c722c3c0b03,1.2088733911514282,0.8642270814928723,0.5696244114208652
h100-d512-mixprior-a9785eb1e7d34697-seed0-from10pct-20260829,mixprior_candidate,9d6aaad8bc6a654da9740610e1715b8316077f0484630c0a1fdc02f1d71e9869,1.1836764812469482,0.7909104051169412,0.5597969233948591
h100-d512-mixprior-e6d0e879647f8f4f-seed0-from10pct-20260829,mixprior_candidate,c125dc758429a1d4e81e1853e9ad5c1db3323729f0eb91fd71d1407ad80a7d36,1.4566624164581299,1.0446285065715692,0.6609140396267851
h100-d512-mixprior-0a9d2b0bbf3daf66-seed0-from10pct-20260829,mixprior_candidate,6cceed38183abe6d027d1b56eaf9dd1bdf973356f94a974117886e2c6df11051,1.2249373197555542,0.8584334368845261,0.5418071127780425
h100-d512-mixprior-0ee84179b53369e3-seed0-from10pct-20260829,mixprior_candidate,61c50144c03a19b52cdd1d013b1435f3208326e7d7db100a80ae431da8ccdf23,1.1899937391281128,0.8772065246567093,0.6123810022991673
h100-d512-mixprior-13019d3f55320745-seed0-from10pct-20260829,mixprior_candidate,09a4d5dd3ac39070726e861d7b42dd45a0484cecedf2c73852da79f3db3bda42,1.2105056047439575,0.8665018293183409,0.5801473499669304
h100-d512-mixprior-13e60514b5b53b6f-seed0-from10pct-20260829,mixprior_candidate,eb5f141a0105d3bc9a18a1ea81da11a2ed29575959e4f1c41676569ad1b22840,1.2022373676300049,0.7962605187253957,0.5681050734612058
h100-d512-mixprior-141c450cf0507271-seed0-from10pct-20260829,mixprior_candidate,bddb115586572610432fee6a0e1ecb4fd8521da5049118f70d7a84fc85340532,1.1974384784698486,0.8620227417184265,0.5650430670866096
h100-d512-mixprior-1a5051b64465b554-seed0-from10pct-20260829,mixprior_candidate,b40779b0794ab08a0d17b69f06c84cc38e006f4c1bb272ba2d4e7d8893ce5b5e,1.2433104515075684,0.8903910984490373,0.5372858926207814
h100-d512-mixprior-1a518eba7f8e2ce1-seed0-from10pct-20260829,mixprior_candidate,5e2ea891c7458b90f9456a92f99c61a9f6bfdc92a84e8470ea98744618a10064,1.1951191425323486,0.798391867109006,0.5800809727195126
h100-d512-mixprior-1a80fc799b1601dd-seed0-from10pct-20260829,mixprior_candidate,b1428d6cbd958f0546d9734dc36738d64c4817c92782c6b9e316c4b980905d21,1.2107887268066406,0.8490942466328546,0.6459015085210419
h100-d512-mixprior-1b63a0784aab669b-seed0-from10pct-20260829,mixprior_candidate,bc8d5ab17be49567a05309157c2db024ac1eb2c618a96287597498fba30dc2a0,1.2567706108093262,0.9311434189720981,0.6578133847157516
h100-d512-mixprior-21483711c74c1dcf-seed0-from10pct-20260829,mixprior_candidate,9743bf0c88b0d16db1e9826ced9f6657a371a1dfad9643864723189fd12913e9,1.1874938011169434,0.8181519500469991,0.5365372644208996
h100-d512-mixprior-23486f7450468dd4-seed0-from10pct-20260829,mixprior_candidate,208a054379585ecdd70d6966f2a717c87fc01c8eed5b94c8641ee0a837dee639,1.187528371810913,0.810342343244672,0.5497827516940624
h100-d512-mixprior-2a0cf2e4a2940c0e-seed0-from10pct-20260829,mixprior_candidate,3ac3f930d5f1df24e7988edbff65f444838eee323c2d2670d7c6425c71dd306c,1.1936044692993164,0.8312953310574761,0.551281870828941
h100-d512-mixprior-335f8138ede56816-seed0-from10pct-20260829,mixprior_candidate,452b58fd38f473f32076b3d4a1a84df8bf14e9175fd85b02b86046a14196a95e,1.2445836067199707,0.9635495911444409,0.5382207349637174
h100-d512-mixprior-37f35acba24bc712-seed0-from10pct-20260829,mixprior_candidate,475e8b5acedc7f1b0221bfd55c25b934cf5603e294714bc5ba77187c1c79d566,1.2599941492080688,0.8629327914420466,0.585037574938684
h100-d512-mixprior-3c277c03d5ff1641-seed0-from10pct-20260829,mixprior_candidate,4e96de0b84a687f5f0f567e2072446c19dc820547ed073febe7c1c69b2d2bb6d,1.1870962381362915,0.8012451243815087,0.5587865476256211
h100-d512-mixprior-3f369589d7c9e61d-seed0-from10pct-20260829,mixprior_candidate,99972c24ba976d9bbfc714defd5ac779be720784bb8f759f3ef507bd692b84f1,1.1937614679336548,0.9450550768752783,0.5960231301007758
h100-d512-mixprior-45589c05695d24b0-seed0-from10pct-20260829,mixprior_candidate,d5839dc7aea53e451dc51b84a431653add2cb07bb7d152867cd38051cbf5a632,1.2016019821166992,0.7126212637602248,0.5634459607755864
h100-d512-mixprior-47ea8a75dd61e300-seed0-from10pct-20260829,mixprior_candidate,663c53207181cafb06f27d7489ec71056b2923750e009a754703b45c2d03f1df,1.2304339408874512,0.7673934612481752,0.5169355311371431
h100-d512-mixprior-4929d2cd9729ae19-seed0-from10pct-20260829,mixprior_candidate,5e18b2be46db42582fda9d0a86c3b0b72aabd8b0c558730f4a0faa0e28752a26,1.2202959060668945,0.9100613116861598,0.5785492884623171
h100-d512-mixprior-4c4d15f30dfd25c6-seed0-from10pct-20260829,mixprior_candidate,628b22cc576cf6dfaccaeac1c28a1ba4e5ac316c45e1285c983cc764b3dfba88,1.2131121158599854,0.8081573145772019,0.6098250789265977
h100-d512-mixprior-4c837661dc3215e0-seed0-from10pct-20260829,mixprior_candidate,0122673d5800f63c1ea638712a232eaa153120a44a940b18c518782121f205bc,1.2007935047149658,0.89572969081272,0.5316567214873937
h100-d512-mixprior-5724863c1bffb78f-seed0-from10pct-20260829,mixprior_candidate,39842e71a108c367e84754617559079bb01a1af91bc2ab24ea37a7a4f90d68fd,1.2002522945404053,0.9136910285629808,0.5413901496110737
h100-d512-mixprior-594bc8263f59d85a-seed0-from10pct-20260829,mixprior_candidate,87ad54c05726541c4d0a72aeed09a8071c043db41cc8a79e20a582c8d2d46015,1.2522025108337402,0.9529475143868724,0.6025707471689754
h100-d512-mixprior-5b8551bc416666b0-seed0-from10pct-20260829,mixprior_candidate,11e0a0aef5e779282cc320b1fa7ccaedac6ebda62021c80a935cd6e9d47808b4,1.1862388849258423,0.8142519101585162,0.5435669508997646
h100-d512-mixprior-5be83cabcb42b9cc-seed0-from10pct-20260829,mixprior_candidate,6f55e483cb410f1c39357e00e08cea515154649e76f22e3813281ba6dfc5d24f,1.1913816928863525,0.7732243419285482,0.5840482430277985
h100-d512-mixprior-677ede520a446348-seed0-from10pct-20260829,mixprior_candidate,025ddcaa6279ddbaf951dae3bd2ed9521bcbb19cd10ae77483623c80506bd4a7,1.2045812606811523,0.7396293716426554,0.6105501002619315
h100-d512-mixprior-69bd43f3a2239659-seed0-from10pct-20260829,mixprior_candidate,43654ceaf0df78248a0e847f694597972a19925672728362cc35045b43c8656b,1.2051141262054443,0.9017359685386798,0.5912788065064006
h100-d512-mixprior-6a3a310e5b81ff13-seed0-from10pct-20260829,mixprior_candidate,7bd0033e73a573fdd534fe01bcdbb9675519f1f7de3f6a4899ab7bc0c7944012,1.199774980545044,0.8883729157443446,0.5188945789575962
h100-d512-mixprior-6b361a4dac398960-seed0-from10pct-20260829,mixprior_candidate,604aea8b74a9902a5b05eeab4eeb47f94846caf14bfecb4b5d4ed758f114bdcf,1.1886616945266724,0.8182358508204197,0.5481694816007772
h100-d512-mixprior-6ba35130af6fc176-seed0-from10pct-20260829,mixprior_candidate,fddbff5c491c1c41765fbf5bd04675a86cf66c597c095646355d8145fd1331ff,1.1960258483886719,0.7981722508508634,0.605060331703886
h100-d512-mixprior-6d449b840a4ebddf-seed0-from10pct-20260829,mixprior_candidate,94a0d0fc68ca78cf07bfc3a4d1e32738c3913214f623f04fa3499c413baf14b0,1.1882622241973877,0.7322895172343002,0.5478457903870675
h100-d512-mixprior-6d9ada21dd91bc53-seed0-from10pct-20260829,mixprior_candidate,001e566f3d2ae69ca7046cd1f482b45cfa4b94689383b52c238445b0c43fe549,1.1921147108078003,0.7303197832797387,0.5564512514250115
h100-d512-mixprior-746316ea93988941-seed0-from10pct-20260829,mixprior_candidate,3a7552ddb78941ce487779198be888435dd4278becc790329f51c156d8c5686d,1.2091387510299683,0.8513335681196305,0.5801459124660752
h100-d512-mixprior-75c70f4afa83464f-seed0-from10pct-20260829,mixprior_candidate,a39891be58ddd7d536be0601f18e541afb63f19d14ddb3702df1f2703ac9a9c6,1.1967849731445312,0.8842477065464437,0.5713097130039786
h100-d512-mixprior-79d5e1f2dc9b0e9e-seed0-from10pct-20260829,mixprior_candidate,974c8b7d4d6d067afbf43a07dec8aa606ac14d41cadc746e20ce35e61405288f,1.2035624980926514,0.898670229267889,0.5624079204486194
h100-d512-mixprior-7b1b543996ec2dd0-seed0-from10pct-20260829,mixprior_candidate,1651d63a2fd9d76938c7ea64947afd6beab4bb3e2f2c727472d6d579b1491327,1.2003403902053833,0.8956466926257948,0.5421243592743659
h100-d512-mixprior-7edc0b6652e997af-seed0-from10pct-20260829,mixprior_candidate,e398bd96d40b8052f2b6cd0e4c3ae4178e51ef5761da14dac7e6aa5fc158708d,1.2061206102371216,0.7167329155210467,0.5721884995434111
h100-d512-mixprior-802909d3ba5a7a05-seed0-from10pct-20260829,mixprior_candidate,3c11ba1fc786fd770cbeea87f52c40a9e846090b82961ef478f5e40b7b5cce11,1.1901342868804932,0.824710030264557,0.5400782929612058
h100-d512-mixprior-820ba7e0b2aae1da-seed0-from10pct-20260829,mixprior_candidate,7c1e1eb3f96063f11abdc828658e9d5a05c2e6d0907de6b5456c55e844d2e81c,1.1861741542816162,0.7926372988881311,0.5361723765145938
h100-d512-mixprior-85cd6a9b15f543f5-seed0-from10pct-20260829,mixprior_candidate,d465dd9a0218a8b516a88450e056ae01018835d6d27703181bffff9f3a004e2b,1.2537429332733154,0.9051316410718803,0.5380034456706945
h100-d512-mixprior-8c8563930c7330da-seed0-from10pct-20260829,mixprior_candidate,6bcebdd0ebb00bacbe08a427c7aa34a72f6e03f6394927b374f564b0d649e0be,1.208486795425415,0.7899741475929406,0.5713397201060721
h100-d512-mixprior-93ecc93549747763-seed0-from10pct-20260829,mixprior_candidate,27da7fb2a8576b067efa1a0228a96118eb32e6c7bba78cf01731e55b42af19da,1.210953712463379,0.888240633334501,0.6369756218387801
h100-d512-mixprior-999ca81314d9aad4-seed0-from10pct-20260829,mixprior_candidate,e88b7c21251de038bc6186f26ebead1f54f7a4c961948f2d205ac4982d2910b8,1.1874028444290161,0.8078923588684893,0.5534439817726017
h100-d512-mixprior-a019f8428001fd06-seed0-from10pct-20260829,mixprior_candidate,6231ba404502497a1ff37c8bb3d68e84ce64ff1903b8cf73a4c71b00c930ac93,1.214504361152649,0.9578658273059683,0.5495097721418405
h100-d512-mixprior-a123fb2e07edd770-seed0-from10pct-20260829,mixprior_candidate,0cb4820568f58a0662d3204bad246ec727e8536405bad03078757db8dc079928,1.2520771026611328,0.7741026515234976,0.5222835973180564
h100-d512-mixprior-a347a21f183f77ec-seed0-from10pct-20260829,mixprior_candidate,38bd6f099c6ef660d27cae13d8706730280aae60a57887c5a04d0fc1ceb7ac84,1.2864489555358887,0.9442492161708068,0.6393923332436033
h100-d512-mixprior-a711b399e2644b43-seed0-from10pct-20260829,mixprior_candidate,022d7da6e4f494b6299eb3a8d1b032fdc3baaf988d7e1a92dcbfa5e3eb37640a,1.214045524597168,0.8929816718759368,0.6284701126802699
h100-d512-mixprior-aa7f5099237ab215-seed0-from10pct-20260829,mixprior_candidate,031a8c7dc64315561feb1c13b04038a4588ef8efd0bdb44d435308d8e852d6c9,1.2225589752197266,0.8841449263897302,0.6061881638705015
h100-d512-mixprior-aea5507b2faf6cc0-seed0-from10pct-20260829,mixprior_candidate,3f2c28a606c74625ea9ea628838f83592c6125cd00a7d5559a791d511b870178,1.2565276622772217,0.886520884138742,0.5383480752482988
h100-d512-mixprior-b6c09da7647228fd-seed0-from10pct-20260829,mixprior_candidate,7d30b7ede85f1d6986fdd70418c7dedbc3f0527a05f3c5ca3310d7586f85f941,1.198580265045166,0.8903991417137234,0.6107262176920474
h100-d512-mixprior-b95075f40a26326c-seed0-from10pct-20260829,mixprior_candidate,79fb25068e81ae03b4435e424612cab3394c2a6b50fb644dfc397e9b9b51779a,1.1983760595321655,0.9011253617106167,0.6226117087554126
h100-d512-mixprior-bc55739f36618d49-seed0-from10pct-20260829,mixprior_candidate,3c683b29e4f05802e280df68907d1a77cf1b7cfc7c66611fe6d334b8dd4d4236,1.2111220359802246,0.8627506628764378,0.5522448814820076
h100-d512-mixprior-be7861749b7148ab-seed0-from10pct-20260829,mixprior_candidate,92845b9aac88f216f97d5dd86771970568c83ce4c3ec69d8e5d46d59e575ed63,1.1896377801895142,0.8007527760927383,0.6021069462714502
h100-d512-mixprior-c18a69630b160de2-seed0-from10pct-20260829,mixprior_candidate,f42736a333ba1e2eca266bce378923e5bf2a578fb161fb7f7fb655a0bab00bc5,1.2053642272949219,0.8731538928891827,0.5174008705690976
h100-d512-mixprior-c750928622501c61-seed0-from10pct-20260829,mixprior_candidate,ca6e6a5d97d23e0403e33ff945d42385f068094f74ebf35973491b28be670d7c,1.2433054447174072,0.9061351054495419,0.5360850339728319
h100-d512-mixprior-c85e2545e398782b-seed0-from10pct-20260829,mixprior_candidate,2829fb16db68d254692eb0f83f14d65eaae4f7ec30e04722a3c0cb91a88e4fc4,1.2149617671966553,0.9002171543887708,0.5623876807073669
h100-d512-mixprior-ce01aea8f221620d-seed0-from10pct-20260829,mixprior_candidate,a746dabc7bd1e6f42aeefa0e5ab10051b22496b302fd6c60c390dc9da55acab2,1.1974740028381348,0.8453222113399963,0.5948646000960358
h100-d512-mixprior-cf4932c50025f78f-seed0-from10pct-20260829,mixprior_candidate,9bba3233b7368f015573548e8124b362194a440b75f0df9a5e750a1dbc9a521f,1.19926118850708,0.8487314636878034,0.5924764631290889
h100-d512-mixprior-d028e4309583a786-seed0-from10pct-20260829,mixprior_candidate,bdb4850364fd2e90a520cdbfab026f9366ac215816db7b19f54ba1fb217fddb6,1.1882312297821045,0.7909038931437509,0.534073642459046
h100-d512-mixprior-d4e205c4928423fb-seed0-from10pct-20260829,mixprior_candidate,9e6f5178966b9dbb3653b871cf81d638a56ec160c6d4aa01bf0202574a37b852,1.1887798309326172,0.82778291451528,0.5648713036020317
h100-d512-mixprior-d964ba6acc589feb-seed0-from10pct-20260829,mixprior_candidate,3c08849a08009ee35e0086363c54f1c94fb430527979e8b9adc9f3bce6cda5a9,1.2245213985443115,0.9545559470032586,0.681068953576884
h100-d512-mixprior-da4e765d63fe2fdc-seed0-from10pct-20260829,mixprior_candidate,5dfee868cb5077350d5a1dbf60cb3fe12f64d29eeb7b0d0480b682e4a71af099,1.1927590370178223,0.8735565134065223,0.634659223266447
h100-d512-mixprior-db6b914b3853f093-seed0-from10pct-20260829,mixprior_candidate,6cf227941fb480f333a1c557cef9ccd8b75d6828493f4854696a88032b3d7071,1.2923007011413574,1.0126464500816987,0.6249836728318928
h100-d512-mixprior-e67649e32bf5ebe5-seed0-from10pct-20260829,mixprior_candidate,ba12d19ea617930d2518b0c3d864a06e76b9282db65c9bbc45d4f3ccec4f59d2,1.1958107948303223,0.8776724673419739,0.6162706864145044
h100-d512-mixprior-e7810a258aacd4e5-seed0-from10pct-20260829,mixprior_candidate,7919aebd800682aa33f92aea69223dfa4117f6335a3c31c77fa433937931e360,1.2050564289093018,0.8343273158248627,0.5407748870168249
h100-d512-mixprior-ea6a0d2f2aaea13c-seed0-from10pct-20260829,mixprior_candidate,e5b8cb8859b686a830de1be32bbd4fafb370fad86a2de25e8d2113f7e64999d3,1.2003555297851562,0.9178402331863345,0.5454912984735452
h100-d512-mixprior-f1c1ed44640b7b92-seed0-from10pct-20260829,mixprior_candidate,741d5b7bc7b504d8b94ba03ac070bfe61cd6cf00ddf47a19edd5a6335f09065e,1.268191933631897,0.8519620456663732,0.5537734814862045
h100-d512-mixprior-fac35357f8815bab-seed0-from10pct-20260829,mixprior_candidate,6aeffcb3198a31a1ed013fb41e5a158d400935a82e1f542bf9e1c972685c87d6,1.1901781558990479,0.8804451483510102,0.5792957314115552
h100-d512-mixprior-02d7e4261304488f-seed0-from10pct-20260829,mixprior_candidate,97cf330a05223194f4814e537ce42680dcdbdb56540ad827c1f012a616aa9160,1.2019743919372559,0.8956483418045184,0.5699926408774492
h100-d512-mixprior-069e3529f9da5eae-seed0-from10pct-20260829,mixprior_candidate,b69d4d140c99fb6aac7439d5267779111556a3108b8da70ac8df02c9ff526dbb,1.2386378049850464,0.8885891458090016,0.5795802546680371
h100-d512-mixprior-09b08408bc10bac1-seed0-from10pct-20260829,mixprior_candidate,05f42eafc70cc35e51b7601ce88c9a58f03e4d743b82944eb581727bf2e4b229,1.189981460571289,0.8232337638328345,0.5490642878207361
h100-d512-mixprior-0a1eb11215ebf1d9-seed0-from10pct-20260829,mixprior_candidate,ffae7d63ef12f4f2f62483c288f323c447ec725401fddb8b9116ec526d4e266d,1.1944286823272705,0.8865191125174556,0.5824459899227575
h100-d512-mixprior-0d5bf72ba9c34aca-seed0-from10pct-20260829,mixprior_candidate,4a08753eb7013d4f235fb1f39c0ee0676ff0db09b43f9e8198632f7c0248e860,1.238869071006775,0.8192182619878892,0.5612484779421496
h100-d512-mixprior-0efa8adf369bd3f6-seed0-from10pct-20260829,mixprior_candidate,5ba78868a9cb4358f726f59aaa0d94dcf85bb9a350ee6dac068ce6bb328aaaa2,1.199636697769165,0.8517185124130511,0.6202346122126605
h100-d512-mixprior-0f6f49441a783695-seed0-from10pct-20260829,mixprior_candidate,d130bb65e1dad8ea0ca8676b4f4d680600cbb460cd5d0ee3567fcdbed7744c62,1.1850097179412842,0.7955495231655707,0.5416304764176936
h100-d512-mixprior-1166a91e4999b611-seed0-from10pct-20260829,mixprior_candidate,2f5710a6ec30fdd5ddb299bbc66933da14f3d8b55fca45c5a1e6bea4367b33ec,1.2464179992675781,0.9192117824001941,0.5972124725936182
h100-d512-mixprior-1f5080a873321eed-seed0-from10pct-20260829,mixprior_candidate,16de2546a5151a8b3ad6fb38470754802c1ceb3f757e9ff0ef77a7030a62b97d,1.1870238780975342,0.8250446570854528,0.5319562148946111
h100-d512-mixprior-2452ca7449eabe33-seed0-from10pct-20260829,mixprior_candidate,f410437032e106122660c8606c27d301ea2f3886ea431ba8e67bff34308ec40d,1.226304054260254,0.8677459097594875,0.5307520514543113
h100-d512-mixprior-2b67a00f1a8c02e8-seed0-from10pct-20260829,mixprior_candidate,6991192b136dc0af491593f050cc28f79e2ffb52eb81a46d6d32f7294d58a5be,1.202327847480774,0.8558802063187817,0.568087453471281
h100-d512-mixprior-2c9276d95ce66c4a-seed0-from10pct-20260829,mixprior_candidate,0fa342d44c268f3f2ae374f4b23305efca44aa8c14653fc3f05d167403976fa6,1.1875395774841309,0.8305332164540071,0.5420930669351436
h100-d512-mixprior-2d352a161240dd1a-seed0-from10pct-20260829,mixprior_candidate,2c50a9c5e79363238c2b1183cf276a8249ed8f6d2452d6dfa4fdfe967d3eded9,1.2026433944702148,0.9082400707794094,0.5250320645664553
h100-d512-mixprior-345b89e2db132d33-seed0-from10pct-20260829,mixprior_candidate,bfd91136f09d0fd13ed5fef3a8e517ac4ba9a5466e554ed4babd098ee6b10eb4,1.2003955841064453,0.9165144317959723,0.5670905418365084
h100-d512-mixprior-36aa314d90852d37-seed0-from10pct-20260829,mixprior_candidate,8a16c09fc904dbadb9582ea97e14f0460de39a80265d43f194b184644f6277c4,1.211148977279663,0.888949478109612,0.5822438563948045
h100-d512-mixprior-4235c0156b1031dc-seed0-from10pct-20260829,mixprior_candidate,2f943ccf96287f663277cf70f445fdd9fbc0e09ea29540ef5e23f1e4ac67d837,1.1901159286499023,0.7918126084168843,0.5293307441752763
h100-d512-mixprior-4477041d9b53957f-seed0-from10pct-20260829,mixprior_candidate,218f006237e9797cb69c83b16eb3c529996ae18b743352794e7dbd5a27b68c28,1.4038548469543457,1.1083208753934426,0.857669297811122
h100-d512-mixprior-5393f377902b6a03-seed0-from10pct-20260829,mixprior_candidate,dacb39c5f428b29f0cd61f5476a6a25b48d70426c7145b3a621884dad216298f,1.2076117992401123,0.8800017322204838,0.5447417856393008
h100-d512-mixprior-56da79c0296d6caf-seed0-from10pct-20260829,mixprior_candidate,e9582dbacff124ee56f21ca90d9792456f6e90f4df4e1cdac5c5b78f1c531fde,1.19102144241333,0.8825103385136102,0.5349201010495128
h100-d512-mixprior-57dbf5f0d4b905de-seed0-from10pct-20260829,mixprior_candidate,9d3f3af91f834056982b057c3ebac4bad4d9e13106e3190e37dd8b3720fb3e51,1.1932287216186523,0.7850310358023372,0.5718181742922303
h100-d512-mixprior-640bc9ec8f8b1fbf-seed0-from10pct-20260829,mixprior_candidate,fbcc4431afe0308c1217f071f0a47d4d0e214e142cfdd58bc122eed68934fe8e,1.1883516311645508,0.734494127046837,0.5373005347202162
h100-d512-mixprior-6863c557d2d04298-seed0-from10pct-20260829,mixprior_candidate,d67d22126f093619c18e6bf4a3950fc6af4ec817b85cd4f7e1b7025966db9dfc,1.2056336402893066,0.8453744079579627,0.5608734052905958
h100-d512-mixprior-6e74ed85dd3be4bd-seed0-from10pct-20260829,mixprior_candidate,3bf70784f78af1b32f1ca53ffc8d4d9a606e231c9fe05c546e3f458a81fe5e5b,1.1875202655792236,0.793072539491824,0.542987006206159
h100-d512-mixprior-844026b35cf13b21-seed0-from10pct-20260829,mixprior_candidate,0bf526fa13f1dc74bfeeffc30789bec567a06cdd944b1a5d77437e4af7a08411,1.187009572982788,0.7718794096111232,0.5584732740175407
h100-d512-mixprior-875913f308c37210-seed0-from10pct-20260829,mixprior_candidate,454ac2355bf1c7196cbc6159046dbc81c32f797d32e2a032188676ef876d32b9,1.246004343032837,0.8925835479233728,0.5908095289591749
h100-d512-mixprior-8787ef6e5831db5e-seed0-from10pct-20260829,mixprior_candidate,1f477e3816a4c4bb6921c70b76ce5160ac60cbdbe8e508fe9f51de73e45c1299,1.2221801280975342,0.7883067730707878,0.5669608450353074
h100-d512-mixprior-87a539c488350371-seed0-from10pct-20260829,mixprior_candidate,03ef3ad1735f15bd8b89b993dca3b2d272400f0d0b122598a1a62cc87276d78b,1.1895220279693604,0.7947814959961976,0.5574862854561149
h100-d512-mixprior-8c18711b506ae3fd-seed0-from10pct-20260829,mixprior_candidate,acfb4ee69676ac2c6af2aa5306862527aa8a1deeb23c3a500e79817bafab860d,1.1915538311004639,0.8146601006062497,0.5597626077983412
h100-d512-mixprior-91f99dd358ceaecc-seed0-from10pct-20260829,mixprior_candidate,82167abb96a7cbd1b2d44edd86e00910bb0f893b7cde4811d7d72cef43b56f57,1.188392162322998,0.7877906578414174,0.5307138511247491
h100-d512-mixprior-99e0332bee9e15d6-seed0-from10pct-20260829,mixprior_candidate,d8463272fd55a1c7f73ab15caae85173e3751c828c5743a6dc4918389bcd38c5,1.1942527294158936,0.8117376006528323,0.5341108862813319
h100-d512-mixprior-a3832a83d0c085d7-seed0-from10pct-20260829,mixprior_candidate,ec011fcf0ae5b0f57d994378573a3db0a2f6bd5b81325b8ab90d3ca8e32af45a,1.184715986251831,0.8233903104032559,0.5745082460397365
h100-d512-mixprior-aa404c214196bbdc-seed0-from10pct-20260829,mixprior_candidate,1a0b123105f4f70357982fe5de1a9e448da0722a019295a968e374acd5e1040f,1.4650200605392456,0.8809910186063548,0.6316478514279464
h100-d512-mixprior-b0eadc88573196e1-seed0-from10pct-20260829,mixprior_candidate,79e74b09a684c649facc28b2a16b8048abef63950e722babaad6e25ec1bd034b,1.1897287368774414,0.8514895572274569,0.5347632881210034
h100-d512-mixprior-bb15ba3b039c811f-seed0-from10pct-20260829,mixprior_candidate,245e27c74a9323652c4324f4c02906fe4c725c1d379a11c7fa6c25df9500f635,1.1952106952667236,0.8322215797909452,0.5906540268962126
h100-d512-mixprior-c7adaa0855a19abc-seed0-from10pct-20260829,mixprior_candidate,c3d703816966ac01dbcc4364c15e5202f0fab4b8d1f8a268bf15639be8d6c584,1.1877564191818237,0.8225428179112364,0.5623097507672158
h100-d512-mixprior-c8ae98a4795d8070-seed0-from10pct-20260829,mixprior_candidate,a5ebddb8e92fbd0888bcb31054de516d0909f5e167090425aef4aafeafde73db,1.1888532638549805,0.8119569403663061,0.5600290357386897
h100-d512-mixprior-ccfce9549b754fe9-seed0-from10pct-20260829,mixprior_candidate,0a66f2b473b52914b1e54e7a1a61644d4f0f0e439442b6ea9390207842fa8d2b,1.7896251678466797,2.2882799831173664,1.2680075116795424
h100-d512-mixprior-d7e7df52a91f7859-seed0-from10pct-20260829,mixprior_candidate,24216e17aefc781312f89d5c1fa01468c6b48095938b2c62fc33a03eb35ed639,1.194580316543579,0.7863752330771072,0.616292102711394
h100-d512-mixprior-d9feb7e36aa5485a-seed0-from10pct-20260829,mixprior_candidate,517e8cba0bda30160444cfc90960f88fdad1e779d0fd7c1849dd7e650c2161b5,1.2377097606658936,0.875337982956494,0.5355233448177232
h100-d512-mixprior-dd7d0d63baae9fed-seed0-from10pct-20260829,mixprior_candidate,1a1b61d52b78010be7b869e315992d3948986315d592d8a1649af6880cb5bdb8,1.228040337562561,0.8941199614673747,0.5283567229738875
h100-d512-mixprior-e22b9471932a44ff-seed0-from10pct-20260829,mixprior_candidate,1592a94038d984cf489aed1c20270d8e293d8edb0c6ef0cb7acc7899f9c2ed2a,1.1954567432403564,0.8528089640800377,0.5872974603174662
h100-d512-mixprior-e39cb6b882e121cd-seed0-from10pct-20260829,mixprior_candidate,0c28069684e619096450a1e2307a390c36bec32b9ddb729b2fe6fa2e3e9c9f82,1.1833481788635254,0.7852256219011912,0.5735868930093432
h100-d512-mixprior-e3f194f5882e2619-seed0-from10pct-20260829,mixprior_candidate,7feebb42af26bf9434c4b3286d1d367aa4e082b246d949a23f9af03d260347bb,1.1934796571731567,0.7547873417678216,0.5754558369521916
h100-d512-mixprior-e45191f5acf9bcb9-seed0-from10pct-20260829,mixprior_candidate,0c96b861b762c4b000e1af392169515263bfe407a43e89feaa7a55c8a712772d,1.1857001781463623,0.8036856798798618,0.5730305583242126
h100-d512-mixprior-f5931b21e4213e2c-seed0-from10pct-20260829,mixprior_candidate,f2b043bf11abafedf5b95d9d6f8b0f053ab0bb7e321966865cb6e7d9f3a97f87,1.4346612691879272,1.357579124257479,0.6685121647793262
h100-d512-mixprior-f6fe3fcdcc2c4662-seed0-from10pct-20260829,mixprior_candidate,89689bced2ccd4eb9aae317d7ec7ef4e4bfe3136e598ef30215414cd2de41632,1.1874910593032837,0.8084540072538347,0.5459624802236296
h100-d512-mixprior-fbf572f839d16bf8-seed0-from10pct-20260829,mixprior_candidate,fc5883c5037bcb77ca6def12c865f091052e8eaa30f60202f0392a287c60c77d,1.2200963497161865,0.8748288001542653,0.585893786825281
h100-d512-mixprior-fcc1684c46a09c74-seed0-from10pct-20260829,mixprior_candidate,ee0289cc0b9892a690053f263dbbac7827b58db2af9681cfb9ddc1ae05eb30c9,1.1904420852661133,0.8284987011092949,0.5611518592950457
h100-d512-mixprior-0553844b2f315524-seed0-from10pct-20260829,mixprior_candidate,f7949642e50b044c73642714556d68847a7e03291ec0e77bd09ce45769660f5d,1.1928954124450684,0.7103841210231341,0.5269599289330286
h100-d512-mixprior-05afaff63f3039cf-seed0-from10pct-20260829,mixprior_candidate,9cb0b5573cd17c08c6136ebc0d11bd878de5874f303f6a47be86d5e70bbb0e21,1.1938145160675049,0.7445257648354195,0.5171497936304008
h100-d512-mixprior-082e965cea6c0f4f-seed0-from10pct-20260829,mixprior_candidate,96c1d31580f354a8173a87b6e5605c4082b632e405f9c11a0ce1153e470fa80c,1.194471001625061,0.7504111518850679,0.5438919059259334
h100-d512-mixprior-0ac5153108adeda0-seed0-from10pct-20260829,mixprior_candidate,5ce260dd97f0e1ea30c3a54038e8a617c1f2cb2620a577c8cf029896aaff38d3,1.1880706548690796,0.8268004782519668,0.5439987937112366
h100-d512-mixprior-0d2a6d6eff335c86-seed0-from10pct-20260829,mixprior_candidate,ced975b09c6e5d6c378cb9331fcf6a7cb46d91151f61d8eba400382dd7c312c1,1.191042184829712,0.7802952792104215,0.5209422850906474
h100-d512-mixprior-10795ba658da50f4-seed0-from10pct-20260829,mixprior_candidate,334b371a5daf529841db5e0e06bd88d5addc45413e3665b65275169dae16b7a2,1.1945030689239502,0.7374946726228097,0.5227380866256142
h100-d512-mixprior-14fc700aaf496db5-seed0-from10pct-20260829,mixprior_candidate,7032da357a80cb73d0e2af5dc8560f004025bad6aaf59bf9562cd2c47f616fb5,1.1911556720733643,0.7244834595554427,0.5319454182005541
h100-d512-mixprior-1c28ccf162fc48e0-seed0-from10pct-20260829,mixprior_candidate,60a232a6bb7b1ab35a2d019a1d583d00caa8e6f511605be84082c457b74068e8,1.1916441917419434,0.7167048814256036,0.5517799214089505
h100-d512-mixprior-210a3fb337ffcf71-seed0-from10pct-20260829,mixprior_candidate,a377394211938bf3d7452cdefa67747b3953471735555cf3bfcc48a80dfa19df,1.197699785232544,0.8905356662480316,0.5838585393164243
h100-d512-mixprior-229f654442189f5b-seed0-from10pct-20260829,mixprior_candidate,4cb6cce75ad951ff16f60507241bbf42be7489b0f006648dfadf640e021e185d,1.2628495693206787,0.9489653433519257,0.5839964937631626
h100-d512-mixprior-2720d2d0a3450e73-seed0-from10pct-20260829,mixprior_candidate,3e0410860e554df89ddcaccf97e94e3cf5ae95df83893a10b2dd6dcf9199e0f4,1.1956210136413574,0.7030293625439171,0.5222550675615252
h100-d512-mixprior-2e640867c4db6a14-seed0-from10pct-20260829,mixprior_candidate,25f5ee2a2c97b9fa1e756094b56ffe69fa6ff34997398e48c4663f3a7e99082a,1.1976478099822998,0.7313892984893904,0.5486372325745185
h100-d512-mixprior-2e685ad54efbcdb8-seed0-from10pct-20260829,mixprior_candidate,f4df53693f4b923827e526d51c84fb77be8f73e2752e3598cba1e0318835fa49,1.1942636966705322,0.7971209633987483,0.5403911608933962
h100-d512-mixprior-338fd3e16a53916c-seed0-from10pct-20260829,mixprior_candidate,e7142da54289e8a8a448cc006c2da0ba61f8f8bfa5c39a8c5fa931db23af766f,1.1940975189208984,0.7872620478033328,0.5196854107396022
h100-d512-mixprior-35162aa6e772c8b2-seed0-from10pct-20260829,mixprior_candidate,418e93a80dcb57abb099b3544352b17333c91571642ccbeb04ce3ca994f15dc9,1.1897212266921997,0.7747668069305735,0.5291519095201769
h100-d512-mixprior-3fb3c4f577d43fe8-seed0-from10pct-20260829,mixprior_candidate,e745a8c19aeb5ba91846fd7cb30f4b615d3baa8211d98ab6814d34778bbcfc2d,1.1879632472991943,0.7943090383869678,0.5354320336715553
h100-d512-mixprior-435043dab334ff11-seed0-from10pct-20260829,mixprior_candidate,3adeeeafcd2d378d46a5103487e933336a1411a379985cf7c28aa1555ac00e4e,1.1870453357696533,0.8014238351310586,0.5349973199605463
h100-d512-mixprior-59113e7d55221188-seed0-from10pct-20260829,mixprior_candidate,2975528034ed6b9aa53ac54c7ad6bae350c4b5c666085542176aecfbf8a06c4b,1.192969560623169,0.7758488099352456,0.5271780730286147
h100-d512-mixprior-62d207415f290c1a-seed0-from10pct-20260829,mixprior_candidate,33034856410bfe8688e4565611214f0dc00803b112e67099a1f5c0c79b4fa617,1.2398371696472168,0.9121986511469276,0.6130159203673053
h100-d512-mixprior-6c72edc7eb3e9ae9-seed0-from10pct-20260829,mixprior_candidate,225bb7a4fb7eb4535415b144ba409ef32b2c05d580742ba3590515faacfe1646,1.2020832300186157,0.9147452619680072,0.6090353654008552
h100-d512-mixprior-78ec150499bfd59e-seed0-from10pct-20260829,mixprior_candidate,5d2d22708773974cd7e81a670538796b93736d27941f97ab34467fe19f33e814,1.1911039352416992,0.757782209642488,0.5338466553796084
h100-d512-mixprior-79d8462c1071710e-seed0-from10pct-20260829,mixprior_candidate,7c8e973b84858fc002d704d0ec2cc45164d7087d75ac61938f11aae86c31f7eb,1.1939464807510376,0.7290478509175268,0.5360073658348358
h100-d512-mixprior-79dcb036268b818a-seed0-from10pct-20260829,mixprior_candidate,05950debd4391b40e365e735d93557d949b5dd77112d17f9e0440b195e5cb7e7,1.1929683685302734,0.7882858533240757,0.5531369338496935
h100-d512-mixprior-7c5491522eb5a546-seed0-from10pct-20260829,mixprior_candidate,3735ca3730b2d27457499eaae904d07ae32640efb023405a62ee9b8f407d2e27,1.1966623067855835,0.7259821615271125,0.5189952275635763
h100-d512-mixprior-8c57c44ad6977a50-seed0-from10pct-20260829,mixprior_candidate,844f5c6be4db3f99cd0795b94c98ac0dd0febebc58998fc666beb86d4574439a,1.2068098783493042,0.8024995718716854,0.5712868390645764
h100-d512-mixprior-9773fd06b1c5f006-seed0-from10pct-20260829,mixprior_candidate,8a36ca4669c92012306ec76f99d9290bce1ec6df92a4db1e19bc18e55ab62f1c,1.1954822540283203,0.7145972813500514,0.5127601909938879
h100-d512-mixprior-9a572e81a5ee3b2c-seed0-from10pct-20260829,mixprior_candidate,a88f811e2ea4c705e757cb3263cfa32fe515a205872a83163c080a354a77b46c,1.1872795820236206,0.8522370949972454,0.5413436162129983
h100-d512-mixprior-9b979784016e69f4-seed0-from10pct-20260829,mixprior_candidate,f3dc6f9e2a1e8d912822b9bf0c3d5974ef4f2e6dcdeb2100cd8e6ed07a787a48,1.1923859119415283,0.7422822304033907,0.5657645559783075
h100-d512-mixprior-a0e487d31afaad89-seed0-from10pct-20260829,mixprior_candidate,f2c2eb634612c9006655aa6ab2d767ffe375811541273ae3e0ef9aa1c52159eb,1.195712685585022,0.7256887458551033,0.5319407594943919
h100-d512-mixprior-a6e8bed89f313323-seed0-from10pct-20260829,mixprior_candidate,33d084b3df5c2a89be150a71df367216ceb1ac216868397dace7cdfb9546bcf5,1.1978046894073486,0.7339809429298809,0.5461453112197868
h100-d512-mixprior-a9e8a563c81f2c00-seed0-from10pct-20260829,mixprior_candidate,9735b9b586c5fb73f14ebe6deac32e7eb6b1e5ed03bcc10974d275d19c8c2d64,1.208351969718933,0.7983821204426786,0.5752141479224995
h100-d512-mixprior-aca7156440e23631-seed0-from10pct-20260829,mixprior_candidate,3069b23081cdb99ec0df84f21a19b8fbcea0ea4b1f71de8f7aea08595e37e78b,1.1872169971466064,0.7954288894610959,0.5481178085808375
h100-d512-mixprior-b75429a62e62e0a9-seed0-from10pct-20260829,mixprior_candidate,1ac8d594c8dcad7f647c6a84e383645b48b49a6f612b9c3f03afd218a70b85b7,1.1859827041625977,0.8012010618356836,0.5344424899074207
h100-d512-mixprior-bc051d3b5158e13b-seed0-from10pct-20260829,mixprior_candidate,0d523608970e85bd4eebf865b18bfa16b7d4777520abdebce9d127af30928f97,1.1861778497695923,0.8176109672293937,0.5352357179655053
h100-d512-mixprior-bcb87404d37f1ed4-seed0-from10pct-20260829,mixprior_candidate,8d203a87187ae86fe39dc74d14d9563a3ad649d2a4c4a5373eea115321fbf576,1.190359115600586,0.787185928162917,0.5375166029963765
h100-d512-mixprior-d3313d35561e0104-seed0-from10pct-20260829,mixprior_candidate,dadbc8fb9becc895c24f1eedf9ee6aab6316239f15ae1a6d998809c4dbbda84a,1.206225037574768,0.7681571746249406,0.5779975104712075
h100-d512-mixprior-da3869e92cfed3e2-seed0-from10pct-20260829,mixprior_candidate,fe8a221085b01ec8f093c268be50ba0c35963c6a74c88c1b59605d70bf918cf6,1.1929306983947754,0.755505096725558,0.5403929297330701
h100-d512-mixprior-dd99167fb9dfc0fb-seed0-from10pct-20260829,mixprior_candidate,0f36b8528f74f69ffa185f83188f6e1969edbccf87d373485ddca06f67ac56ae,1.1942888498306274,0.7281786015341025,0.5235289740599788
h100-d512-mixprior-df861bf630231bd2-seed0-from10pct-20260829,mixprior_candidate,20ed9cd753b2db8d684b66441066d1f6f8226b2ee4d75b14506fa66654ecf83c,1.1963627338409424,0.7753421124143289,0.48512468585016116
h100-d512-mixprior-e4903bf744cfaf0f-seed0-from10pct-20260829,mixprior_candidate,3607b0a5da92af8516fb68adf5c4b39ee6a0a77875ee08bf6a313ee7b73b8395,1.1954292058944702,0.7203729288115747,0.5163808138956747
h100-d512-mixprior-eaa80514ede0d82a-seed0-from10pct-20260829,mixprior_candidate,e70ce6638ea8172aaddcca748671f2ee862e23bbfb00af392fdb1fbb49a88203,1.1942095756530762,0.7672655342260898,0.5282844955943925
h100-d512-mixprior-eba9ad8f4ce1a5c4-seed0-from10pct-20260829,mixprior_candidate,299e28e9bc777c5ec3c8f4973ee3a10f98f592d76ad36043b234c39873abc558,1.1901501417160034,0.7280430378118959,0.5154185083061283
h100-d512-mixprior-ebd6f40d955c87e1-seed0-from10pct-20260829,mixprior_candidate,008eafb321f4a98e613ab84fa6199fbcc35a17fe83d3474bec38d58886d51f29,1.1931333541870117,0.707932244684317,0.5219807437165737
h100-d512-mixprior-f3cd248ecb1913f3-seed0-from10pct-20260829,mixprior_candidate,d056afa4d13c2b42a88d932791c18a25d87486d732f2c029b976bedb55edd328,1.1930943727493286,0.7272702522127449,0.5227187509476413
h100-d512-mixprior-f74bee0193e92cdc-seed0-from10pct-20260829,mixprior_candidate,6d47caf882298f3682eea7454b0c63356474682e5c32669438bc6c73c847fdeb,1.2137329578399658,0.8110289159378175,0.5938490789414236
h100-d512-mixprior-fbb520da8e55242a-seed0-from10pct-20260829,mixprior_candidate,8bd123e83049dadcfa6b0b9ccfad09393703fcbe152610aadd238b7a971ab91c,1.186112880706787,0.8060474448156701,0.5441775621610413
h100-d512-mixprior-fd1e0006e6c035c4-seed0-from10pct-20260829,mixprior_candidate,03738207a9941bdbda6777a689836286d5d278d7368c7ece16ed8a3958b4cd72,1.1912695169448853,0.7248557913722733,0.5501636632086342
h100-d512-mixprior-09975a72097cc7fa-seed0-from10pct-20260829,mixprior_candidate,ef8235add62864dec6abf0bd8d5c2760ea94f42a1563e0072c16c808cf5ab63a,1.1932737827301025,0.7203084709163062,0.533309692196198
h100-d512-mixprior-0bf0278d285e79e4-seed0-from10pct-20260829,mixprior_candidate,fb4cd14fc50e26919e3189cb855071a79509998cfaa4702a252131f8238830d8,1.1903328895568848,0.7140943769032191,0.5190067447410112
h100-d512-mixprior-0c15d06e8063d3dd-seed0-from10pct-20260829,mixprior_candidate,74eca398a9e9cb3ecdf201f7475fe41c23b1fee495253d73afd9100b6c1ab72c,1.2039716243743896,0.8205371136919284,0.5198407839873078
h100-d512-mixprior-0d833543e7e6c72a-seed0-from10pct-20260829,mixprior_candidate,dc9d3183ab98bda2ef9f98e12b1b654d85fe409d720fa0c2a919acccc1b4b20c,1.1920082569122314,0.7463163244972904,0.5195161464324403
h100-d512-mixprior-0dbee2f7fb65d440-seed0-from10pct-20260829,mixprior_candidate,97258d3003c9dfd0824d658cd6b086588cfb1d3ff5f1a01c340a649f250c9aa3,1.1891875267028809,0.712281385166832,0.5296960312288816
h100-d512-mixprior-133392ebbce1cb5e-seed0-from10pct-20260829,mixprior_candidate,bd0ac42fba61674da97215744c3645bda126b5cd93be4aa10da4245b3329deac,1.1909282207489014,0.7359982993892473,0.5112718894134788
h100-d512-mixprior-17d6f84b966dfd9e-seed0-from10pct-20260829,mixprior_candidate,c2d93b58c527cde31b6c16e73629885e70e22e48b8c080aad2e573f7616d1010,1.2034685611724854,0.8186910499173227,0.5136001181215836
h100-d512-mixprior-28ee5719a759aa6a-seed0-from10pct-20260829,mixprior_candidate,ab8280c13a6b6c27890110d7d830e36fa1b42a8220e49ca0eb35e10c0e945554,1.2054708003997803,0.8101762113846884,0.5241544158273261
h100-d512-mixprior-34c3ab956c91a9fe-seed0-from10pct-20260829,mixprior_candidate,87fd7b5eb4cb1245a05cf4c0d943f949d4aa2bb1eb4c8033bdf2111fbbd0391d,1.2029719352722168,0.7971252255171031,0.521554148385972
h100-d512-mixprior-4796bf1a8edaa048-seed0-from10pct-20260829,mixprior_candidate,d8335da0b0d4fc5dcd44db81edb6ab1727fadec3b36fc637e686377038f3764b,1.201684594154358,0.7816782930307365,0.5179412423714681
h100-d512-mixprior-56db3c816d2dcfaa-seed0-from10pct-20260829,mixprior_candidate,e89419948456d195a673f8ac1e45d505ef21edc74a42c7757849b27bfea76770,1.2049633264541626,0.8112435169281902,0.5251252633512202
h100-d512-mixprior-64dc46d0bcb64c99-seed0-from10pct-20260829,mixprior_candidate,a6adeb450c153f50924e27f4bce696fa13ea5024f9c88031bcc74005580561e9,1.206604242324829,0.7920815264541352,0.5305868925980933
h100-d512-mixprior-70a032f42e062281-seed0-from10pct-20260829,mixprior_candidate,3b663b7f75f4b14b3ccf14c9624ad4f8fa5a8c85a12893b11eb487be240cffc6,1.1906720399856567,0.7387724664261216,0.5214556279268682
h100-d512-mixprior-74c234cb3fd3874e-seed0-from10pct-20260829,mixprior_candidate,91e446678a44762890ef524e19d639b7ba7b16ae4fb3de39bb87742f3815b064,1.1907607316970825,0.7489743312285537,0.5075666480483392
h100-d512-mixprior-74e1717ff57bbd5b-seed0-from10pct-20260829,mixprior_candidate,dcd0ffb4edecdbf68a42b113396b43e2f0e092843ddaf6fb463b6dbf033be377,1.205207347869873,0.8192909935782864,0.5279672106578666
h100-d512-mixprior-9180fb50c1677454-seed0-from10pct-20260829,mixprior_candidate,82910a68f92e6472e15d8657930c71b5dc8b9ebbcf96114c760bf020d7dcae52,1.2033230066299438,0.8035244062456858,0.5254366028788119
h100-d512-mixprior-91ed0f670e0373d5-seed0-from10pct-20260829,mixprior_candidate,d8759bd07998b6a23e99d2ea94a9124c54e42288ed0c70e32b2cc2eac18a4312,1.205106258392334,0.814636540345957,0.519351135572616
h100-d512-mixprior-9bd2696821360007-seed0-from10pct-20260829,mixprior_candidate,2c09cfed123472f28dcfd89ede0a74f976f7da58af3ba551d873bd045ccc239e,1.204582691192627,0.7990923656410667,0.5263249901970509
h100-d512-mixprior-b67964eae7551dd7-seed0-from10pct-20260829,mixprior_candidate,60d0de1d50c0170066c15b683ee09d58d9ed58577551c8b7d510d4e5961f5c21,1.2039248943328857,0.7867208531724378,0.5240529795727299
h100-d512-mixprior-b8c634fa591db7ca-seed0-from10pct-20260829,mixprior_candidate,9651dd4aec1afa105df2af2c24be6bd25e5183486012177273686f89bad9e0cc,1.204474925994873,0.798463933060901,0.5200037427261993
h100-d512-mixprior-c43a76ee7499fc4d-seed0-from10pct-20260829,mixprior_candidate,adc4d881af7b43b20ae37765b578808c26aa510099961a12840dd1323837cb90,1.2058762311935425,0.7869663771504207,0.5249637708240219
h100-d512-mixprior-cbb5a07c918bb6db-seed0-from10pct-20260829,mixprior_candidate,a809abab96e37bb48902ad696d6b383947ad5038b2025bca6dcacf80f13e6ac3,1.204896330833435,0.7985159082129544,0.5050708406878335
h100-d512-mixprior-d2e05e718308cb4a-seed0-from10pct-20260829,mixprior_candidate,2127bf9a2a2ea4552bc658af8621351da285192187090b46cb823e3ee8d468fc,1.2038832902908325,0.8138833684674176,0.5190410578679363
h100-d512-mixprior-d672e3933a6613a2-seed0-from10pct-20260829,mixprior_candidate,694bc90c1601e8c96e0f0b73b2e871666646f0278b03ca12a27c16dbd28bfd57,1.19174063205719,0.7193496375835994,0.5271272220121319
h100-d512-mixprior-f0d6463d4cebcf13-seed0-from10pct-20260829,mixprior_candidate,c914b5c63273550188cac727aa8a9bc0f52cb2a1536e38404d7d083b634a88c5,1.2046756744384766,0.8068661038638839,0.5128362145918174
h100-d512-mixprior-f4ae860fc310b301-seed0-from10pct-20260829,mixprior_candidate,43be75db3aa22c566b8474bfa439cf2e0afd6b641d5e11f54d51e9a32a2c2133,1.1897783279418945,0.7326150915226174,0.5169535105154847
h100-d512-mixprior-0f8ab1ad6f5720d8-seed0-from10pct-20260829,mixprior_candidate,6a182a7026e3e408d2478a53d2d2d76967764e9c2e76eb801105fbaac6245060,1.1903047561645508,0.7375222637341003,0.5156505960727956
h100-d512-mixprior-1a4e947ecf6d16c0-seed0-from10pct-20260829,mixprior_candidate,e62b04f1f478c38c1894fb7d187431758d9b994b5079f1f39b5cfdc5b687d19a,1.191338300704956,0.7099622518036225,0.5249053642040091
h100-d512-mixprior-1bf78e5c97ec351f-seed0-from10pct-20260829,mixprior_candidate,5136fe7428e552f33f97976bfb615a5766d6ab47fe3adadd9c46b48dc78f02df,1.1909735202789307,0.7263904253284453,0.521118942701202
h100-d512-mixprior-2458b832ddc1a897-seed0-from10pct-20260829,mixprior_candidate,b1e1429aac96770464b3426a11eb47b20676ee90d49305ea6cd8aa881b73fa0e,1.1905158758163452,0.7210840352373621,0.5252327830088428
h100-d512-mixprior-251339b3ff104c74-seed0-from10pct-20260829,mixprior_candidate,e7c1649b1970913305f6f1ac5ba02d0ec07f8b09d5d0ba964ad49ca3f1f99797,1.1896693706512451,0.7151264134842864,0.5098614253052305
h100-d512-mixprior-2b21399fe748ca4a-seed0-from10pct-20260829,mixprior_candidate,da83cada138aea025ef7b19fb3dac1e47d420ad5f27b622c383eb84bbac62d17,1.1906349658966064,0.7209688658914336,0.5241989392831652
h100-d512-mixprior-3b0f08ccb72e2327-seed0-from10pct-20260829,mixprior_candidate,8740aedaa1d45a12397ae6576a62ca947863c10218bf88f8f1902782dba33e6c,1.191236972808838,0.7268210255535534,0.5276530894271886
h100-d512-mixprior-3d214c809d68084c-seed0-from10pct-20260829,mixprior_candidate,ac56b68c2998eb4f01949f0b43cc9fdf3d9ca740e38369a33b293034b2dd9531,1.203291416168213,0.8008327948265932,0.5308092776156508
h100-d512-mixprior-456a60ec0914df1b-seed0-from10pct-20260829,mixprior_candidate,9c8a0b36c1586aca012c58b0732dd0c4f2e59dbecac2ca9d7aee15a18d42bf69,1.1898233890533447,0.7170237457830665,0.5434637630688636
h100-d512-mixprior-61beca394d4923b9-seed0-from10pct-20260829,mixprior_candidate,50e72b44f454fbc9812d188cb766fa968922cd0c9fbcad42c93f8f940121e26b,1.2040461301803589,0.7926240154809723,0.5138481561138926
h100-d512-mixprior-627e9d2454efe8b0-seed0-from10pct-20260829,mixprior_candidate,33c8c97b0bc80df63a8f40de01069642ff6d216069258ff88678fd5107b63dee,1.190345287322998,0.7235856051557226,0.5339217438734797
h100-d512-mixprior-6869d1034f3e3798-seed0-from10pct-20260829,mixprior_candidate,4ab2cd3b0c900e34d55110f93f9f29e6b35b090d437f64339becf59c17c10c5d,1.1905534267425537,0.7239430797822222,0.5221592976682848
h100-d512-mixprior-68c203ef6e628303-seed0-from10pct-20260829,mixprior_candidate,e79dcd6a8c450654591165974a3d4019704f74bab21351761be8774cb7f56b90,1.1905931234359741,0.7180117667508248,0.5160777530106027
h100-d512-mixprior-69f49cea9f4ce5c3-seed0-from10pct-20260829,mixprior_candidate,4790267fd06c2b51e56f294207123c4a22cfe539cf7296e601af3de8130a6100,1.1912404298782349,0.717741748156268,0.5231340175328772
h100-d512-mixprior-6e38c829805f0565-seed0-from10pct-20260829,mixprior_candidate,8e383e90a9bab32d7f08320d81465ca3134623bca2e5b676192c2b5195f5f27d,1.1909706592559814,0.7136595384021531,0.5234884134493287
h100-d512-mixprior-76913c74622da36b-seed0-from10pct-20260829,mixprior_candidate,7cebba97393db567598ca0f8b05815adca7843ef56d90c7b0f74e999dc8ac98a,1.1908671855926514,0.7023648905898374,0.5171714488309203
h100-d512-mixprior-76d150d73e9ddd97-seed0-from10pct-20260829,mixprior_candidate,beb3c612c16b2311aae76a5352958205460c2b3c2359e088cefe938de75197af,1.190415620803833,0.709732519558477,0.5155235303120193
h100-d512-mixprior-79ffb24e136b86e0-seed0-from10pct-20260829,mixprior_candidate,021cb7cd0875af1a9eaf23b5b2651abd9d2266ce271441ba55fa15f518a1a8e9,1.1905386447906494,0.7272241368908654,0.5189611582833513
h100-d512-mixprior-7b4244b3ffa89286-seed0-from10pct-20260829,mixprior_candidate,650d9a3724e03d7c53ea7d7b7b5ee910ba30f37356b4f4f72afee33527e88e20,1.190048336982727,0.7317802430228318,0.5274494509737176
h100-d512-mixprior-8165d589b06b36cc-seed0-from10pct-20260829,mixprior_candidate,44638b2e78eead94d38afc779044cbcdc239c86da69853f1c120fd4fcb0b0783,1.189375400543213,0.7149765273922776,0.5175090961790577
h100-d512-mixprior-88051d55e6072420-seed0-from10pct-20260829,mixprior_candidate,8c8e3716f31d1f118021f2b2cf00ecbfb5c2898e1ec2c2cb92a4502de0e92809,1.1904454231262207,0.7081012841316897,0.5163418104234354
h100-d512-mixprior-97f431ef779ca9ff-seed0-from10pct-20260829,mixprior_candidate,1a77a9bde83984b764e609253499bf45e865bf21f89d5e0273d50571e68dee62,1.1911922693252563,0.7245629413106153,0.5208099831052164
h100-d512-mixprior-a300d4c4b5ffb114-seed0-from10pct-20260829,mixprior_candidate,eae61a286cda173431df1cc871ab428595220cbeed4c5a12a7864eb4a0031d80,1.190310001373291,0.7204623681716604,0.503651761604767
h100-d512-mixprior-afbe0619750ff7ea-seed0-from10pct-20260829,mixprior_candidate,f32f52862cef7b175f0255d06c6fd35aa4ee8aa0bb4076424832d8271bd88728,1.1910390853881836,0.7109892720603238,0.5257707202546049
h100-d512-mixprior-b552ca938de4c985-seed0-from10pct-20260829,mixprior_candidate,c5e3a0031391403dbb149c6928996d73b1ea7fc5b34e348f38404f234b42703d,1.1900862455368042,0.7239269149901181,0.5222031735506854
h100-d512-mixprior-bdbe23ef1374113c-seed0-from10pct-20260829,mixprior_candidate,7dd11809c8bf6f1a9c08ea099bf0eb41eec302aae4c264aacc8c9947e06e8e96,1.1905186176300049,0.7172159222299468,0.5205436823138582
h100-d512-mixprior-c1ee385a1f396714-seed0-from10pct-20260829,mixprior_candidate,093cf3884783cb1f503a3e8fef6db721871e89825fb905ba52b292d7d6075714,1.1893680095672607,0.7133605180536539,0.5190139502137093
h100-d512-mixprior-c504e775dff267e8-seed0-from10pct-20260829,mixprior_candidate,bb9d8522f6e6f62eb6488e5f2c6ea27afbbc2b8810bbcea2bc03581f79a34e22,1.2037568092346191,0.8315067131903516,0.5213752596855499
h100-d512-mixprior-c65b096589c54574-seed0-from10pct-20260829,mixprior_candidate,4be030cf1c1ad9bd7931d4a735d6e9db5d084ab8f42dea2c855bfc29d1fd096f,1.1909149885177612,0.714328596562952,0.5217658642842875
h100-d512-mixprior-d1b02a57809c41d1-seed0-from10pct-20260829,mixprior_candidate,815829b00cf8483590dbda714b3fc4991c439ab82eb1ae0792dcb6a5481c559d,1.1892321109771729,0.7120510359528561,0.5118289493388101
h100-d512-mixprior-d2560cd833f16b67-seed0-from10pct-20260829,mixprior_candidate,666ec2e7b419667c1db908385e7b38ed84d19c935e50b64a91259aae93523220,1.191150426864624,0.7277017062479242,0.5253715429716375
h100-d512-mixprior-d44625acc6e4054c-seed0-from10pct-20260829,mixprior_candidate,ba847b1003dc9b3dc764bcc5acbeea3e0840b177e42159c059dd9fcb9722cb1c,1.1904990673065186,0.7121938494434534,0.5157145290027684
h100-d512-mixprior-e24a4e73a2c92c3b-seed0-from10pct-20260829,mixprior_candidate,2b7d3b3a7f27294c917d02c86b94ebc1a81874503b8cdfefff47ce3e8fb18810,1.191365361213684,0.7102857611596327,0.5369327457142102
h100-d512-mixprior-e4b373f9f3e38f83-seed0-from10pct-20260829,mixprior_candidate,f52c278170829dcf60768fee02aa28882fe3a78b292e686315bdcffebadc5f9e,1.1907811164855957,0.7207501178009863,0.5149958121763683
h100-d512-mixprior-1d28fbf0c12e9932-seed0-from10pct-20260829,mixprior_candidate,b90c3d3ac2128984bc19a8088b28410e73d1d63f7b07a79009377abab800546d,1.1911985874176025,0.7110909971033952,0.5017146802076493
h100-d512-mixprior-a919317585f5b904-seed0-from10pct-20260829,mixprior_candidate,8cc4852f9deab62b1444e9866823ae51453c49c3c79d27fede03adb19f6c7aed,1.1900134086608887,0.7140266383197299,0.5180211456032371
h100-d512-mixprior-07dc1a9209e1ef25-seed0-from10pct-20260829,mixprior_candidate,2bcd3acc12cb9e524720cfe57025528c8d40e46d3d5f709a9e32f45fc427db94,1.1892808675765991,0.7193480431689678,0.530739962306333
h100-d512-mixprior-2e74ba8298c85f96-seed0-from10pct-20260829,mixprior_candidate,cf07f321228d7f7274d24290850676bc98f18c4e20fe1c3a92ede8b9a69cfe56,1.189568281173706,0.7230893917759469,0.518404549283965
h100-d512-mixprior-517b0641fbcca443-seed0-from10pct-20260829,mixprior_candidate,559bcddc9cc682c97e08a4fd187171bf14630a9f6c57458bc5afa67a54d78be1,1.1905457973480225,0.7285202189950631,0.5225031080056421
h100-d512-mixprior-556d6a2b3df762ab-seed0-from10pct-20260829,mixprior_candidate,61624dfe4429941419adaa3227c82961bd90c1133de0548decd4bf9975cc0d5b,1.1898829936981201,0.7037184274579965,0.5166758815333369
h100-d512-mixprior-9d9c0cca770584a6-seed0-from10pct-20260829,mixprior_candidate,2fd42fdf3bd5163a4bdb36241e3d895bf84ee7bfc7624969775b6698cefaf2e5,1.190890908241272,0.7054766354374453,0.5190648872396192
h100-d512-mixprior-dc9b4233818a4473-seed0-from10pct-20260829,mixprior_candidate,cdc076df11987479a22c02dd151e014e5fffb40bf8c31cd93856958cbaff6d87,1.1905293464660645,0.7297496832882405,0.5169186988112208
h100-d512-mixprior-e6b706b35fcbb79c-seed0-from10pct-20260829,mixprior_candidate,f8c3ca27e939f82ff415053aa0b5e6cd8d2b75635d8d1315c5325a16661642e0,1.190089225769043,0.7158253754037823,0.524755587918446
h100-d512-mixprior-0113e750ada1e50a-seed0-from10pct-20260829,mixprior_candidate,0ee39c17b29df41ee4e3ce32372730f2d01e6652a62c16fe4c9a331794171917,1.185333490371704,0.8460771274993902,0.5419501117163007
h100-d512-mixprior-03590486b7eca14d-seed0-from10pct-20260829,mixprior_candidate,37ebf1a6fbfcb0449708131c64a8219be7b240f4e51076b042578e4725112a5d,1.187455177307129,0.8062257579722901,0.5440990350307665
h100-d512-mixprior-03fc648318802486-seed0-from10pct-20260829,mixprior_candidate,9b6fd391878d6146602a2cdcc666b4994d02d40307c58c444337e5431a1062d9,1.1859745979309082,0.8252746466174633,0.5404115414145506
h100-d512-mixprior-11f07b2a6f6260ee-seed0-from10pct-20260829,mixprior_candidate,2f939f6d7191a8344b747963deb6c8c6023a4a3f0ad133e9bf4db10a73c850ee,1.186991810798645,0.8171947529532285,0.5593595033731137
h100-d512-mixprior-1d687b849a887005-seed0-from10pct-20260829,mixprior_candidate,75688eb4ce4c9290fb7f38ad07888295044d883b32150ba24a35822212742371,1.1855487823486328,0.8032567866366831,0.5337426708084845
h100-d512-mixprior-20de59ca6c8c0c12-seed0-from10pct-20260829,mixprior_candidate,5212a1a4a986ba16b7561fb377a5fb1467384f30861f0f534810530c0aedb4a9,1.1854634284973145,0.8395715926097432,0.5392067943670512
h100-d512-mixprior-23fd78fc21fb8fe6-seed0-from10pct-20260829,mixprior_candidate,cd5571fe7a35c35224f21919b347e537c09fe70f4e945e12a500aa3100b6c5d8,1.1869332790374756,0.7858198863598729,0.5454454437038383
h100-d512-mixprior-2601f6d0aa07a769-seed0-from10pct-20260829,mixprior_candidate,167dd362aeb1d0e6420a36c33871ebdc57e337b8b18e8a94fcc30c4b306a5d74,1.1832990646362305,0.8277010820064272,0.5191450335803256
h100-d512-mixprior-2bcf4203095401eb-seed0-from10pct-20260829,mixprior_candidate,e953ea7a2d74116b19043342c82bcb20723546e1d905d093c4b7c59ae00b881f,1.1844170093536377,0.7958633324645656,0.5468155538008866
h100-d512-mixprior-2dcc54c5621c4d05-seed0-from10pct-20260829,mixprior_candidate,8586c2e4621a65f003e701e3f79f5ead61b4a058d1434c350035846195f02fa6,1.186469316482544,0.7852236771685787,0.519208011281231
h100-d512-mixprior-36b332854e352ace-seed0-from10pct-20260829,mixprior_candidate,a3b7219e56fa65838a8792bebdc2e849a187d32d596765b4b2ab024b4ffc8d11,1.1854523420333862,0.8484638466132791,0.5629871144599592
h100-d512-mixprior-39df24a1b1712398-seed0-from10pct-20260829,mixprior_candidate,efe197405f6bdbd56a9070764842137b0c16ca9cf3f7f5cd320fce7ae7b6d7f1,1.1875429153442383,0.7971772006386827,0.5549522766174537
h100-d512-mixprior-3a28bd8105cdf925-seed0-from10pct-20260829,mixprior_candidate,f3e3ac9519f500021160329d52925d6a4c328c07f7ef9472566e4ae5f6ea4bb9,1.1840002536773682,0.8307634074678953,0.5475531806334245
h100-d512-mixprior-3dd208617edeaad0-seed0-from10pct-20260829,mixprior_candidate,7ce0e52550380df0977d7fdf1c19ec0dc0b2e9a66e31db573a6299ae81ada2a3,1.187259554862976,0.798855169234371,0.548074894258382
h100-d512-mixprior-42c06ea0c85ae453-seed0-from10pct-20260829,mixprior_candidate,69355fd1d1a7ca1b8c41d9dc2239faad248b2a09d0e72b9f13075a6fb9826df3,1.1859958171844482,0.7969191143773577,0.5460933461907967
h100-d512-mixprior-45beb675eebd1798-seed0-from10pct-20260829,mixprior_candidate,ed020583a946a2083243eea6721034aa8bae153b471fe9a1b0c11b3749396a70,1.186863660812378,0.8053548628037981,0.5537478384973189
h100-d512-mixprior-4602cace15312bd4-seed0-from10pct-20260829,mixprior_candidate,0eef1e83d5369e95ceb816e84c70e6e2aed22e7a3860d2377ed095dd09cc79ed,1.1815509796142578,0.8126898214746365,0.5632423876537244
h100-d512-mixprior-47e4ca8a4f5ab79f-seed0-from10pct-20260829,mixprior_candidate,88cb59e59500751a25962102e5700801a205b7c901f508cee7548f0c6b94892f,1.1874126195907593,0.8041304822221386,0.5260469312098331
h100-d512-mixprior-546f0dd1bf3bca74-seed0-from10pct-20260829,mixprior_candidate,621cc8d1f1be0d1c0adee9df7cca4a80582b708ce7d2b78b974c8a5061a2a460,1.1873582601547241,0.8187175829147392,0.5382301866129863
h100-d512-mixprior-5b6b4b3fea8ef1f3-seed0-from10pct-20260829,mixprior_candidate,acb33b63a363eceb413d5a42d64f1e9a1cc90f30824d3412780e56c54977678c,1.1867454051971436,0.7894754319243507,0.5609511301699855
h100-d512-mixprior-5d1abdd2eff4974f-seed0-from10pct-20260829,mixprior_candidate,01ad32bd69c6cd158ee7b39bea28e3cc45690aa4b9d542c88ce3d411bb46233e,1.1886066198349,0.833614293021334,0.5357554443273825
h100-d512-mixprior-5d5910bbd8b96a73-seed0-from10pct-20260829,mixprior_candidate,454fa49d2de813392621c56558e5b9715b3975c12d6deacb1f5091626706e494,1.1873447895050049,0.792470821874514,0.5586137411690474
h100-d512-mixprior-6008f9351fb382c9-seed0-from10pct-20260829,mixprior_candidate,268ef0e0bfec90fd9cb8ea9e4a63e3949d0d7b00b59bee7e2fb7fd5bd06d9cd7,1.185903787612915,0.8046315260485323,0.5512153476736495
h100-d512-mixprior-6ca9873dc2ef0b25-seed0-from10pct-20260829,mixprior_candidate,825e7216f346b7631a32e934a526de1ae2744ddd843dd310bf10b1cd75b8f762,1.1843023300170898,0.7915694439395332,0.5439372479900302
h100-d512-mixprior-710a09071584754a-seed0-from10pct-20260829,mixprior_candidate,3186c3f724159401d97227055f1d6aede6722f80aa8ba1ddaa211030c2d61ad7,1.1865005493164062,0.7813347191329275,0.5400068404325915
h100-d512-mixprior-72f4d0cf1bf300be-seed0-from10pct-20260829,mixprior_candidate,523d628983700b8d0c9de64c14e549e08ea5d407c739bea1411a76a415760577,1.1860913038253784,0.8076725405409424,0.5495113794588137
h100-d512-mixprior-78dc0f0ebb2ea3c2-seed0-from10pct-20260829,mixprior_candidate,1f8fee687fa8bfbcdf9ad23125510390a8da174fdaba168b3504745e1b588ee5,1.1861963272094727,0.7946984104940039,0.5372904050155127
h100-d512-mixprior-8d2bb165618c15cb-seed0-from10pct-20260829,mixprior_candidate,092a44c49c33388947942491d35fe8beabcfc72740343721380478860fdeeac7,1.1863267421722412,0.8064513938710531,0.5354552969645763
h100-d512-mixprior-a5e3ed7ed8564c57-seed0-from10pct-20260829,mixprior_candidate,bdeadc9b53ff8efc1b4fe905a9cdd687a3964c1be119c5b26d77de18243dec89,1.1867733001708984,0.8207997479095154,0.5217324506207964
h100-d512-mixprior-b66b22307886d151-seed0-from10pct-20260829,mixprior_candidate,3f903e0c32a056d68be7b923f81bfff3d3cd39943121f1470ac5abde78591610,1.1865136623382568,0.8560613020144333,0.5277855178654579
h100-d512-mixprior-c29bb575f3cb12cc-seed0-from10pct-20260829,mixprior_candidate,851f0040dfcfbb95ed53bf5decdc74ba57a63a5925ff36f158b151c1db7d3208,1.188258409500122,0.8076339767136859,0.558979827608701
h100-d512-mixprior-c792b1ae19e42572-seed0-from10pct-20260829,mixprior_candidate,9fd9a4a14f52947e804438d4beb20a9140094b4aa2e1a2d3ef5ae000938c8bca,1.1848857402801514,0.8041452618001635,0.5497907729279113
h100-d512-mixprior-cc31fbdedabfb74d-seed0-from10pct-20260829,mixprior_candidate,adc9f724d6a6adc8e29cfa6993707809f779ba2abd64749ba31b5c9f842203c2,1.1885979175567627,0.8067102350061566,0.5351982990168254
h100-d512-mixprior-d11d9fc0f6865db3-seed0-from10pct-20260829,mixprior_candidate,7b20b90c2a6c7e7464b8ab09b60cb09195bbdc0d2494dcd8a48bc170fd531834,1.1879936456680298,0.7908614050777618,0.5430642686512154
h100-d512-mixprior-d4bad85275e7122f-seed0-from10pct-20260829,mixprior_candidate,9c2dc0ee8d4d06660ed329845101c4f42ed0e52cd8a675181990edd86228cccd,1.1839994192123413,0.7813182546263987,0.5374256764276911
h100-d512-mixprior-d5fd60e236dc9576-seed0-from10pct-20260829,mixprior_candidate,02666958741347fb61a17d7017d8f9cae0a9b03ccc9712d9e56394ca5a21e061,1.1835310459136963,0.7878053985889732,0.5601353453999222
h100-d512-mixprior-ed2e80d65d0d6d08-seed0-from10pct-20260829,mixprior_candidate,2fff14e5ce161b97705d8c17239e293f7e96175c92b9984e72de703d6c4576d6,1.1838631629943848,0.791040202577034,0.5819384927969151
h100-d512-mixprior-88573650eb0eca3c-seed0-from10pct-20260829,mixprior_candidate,e7f668b8100612003d1e9eaf64bac538339c3d92c7e81dd08bfe6d6c32353aac,1.1853742599487305,0.8330966789591481,0.541490851294903
h100-d512-mixprior-b19bb39756c5bf1e-seed0-from10pct-20260829,mixprior_candidate,fd504447ae191413d56ac83f2cfd519b171d6fba9c64f22b8eca8654ed3fb12d,1.1855549812316895,0.7995177443336859,0.5261620589174765
h100-d512-mixprior-feaa8bc74ca55f38-seed0-from10pct-20260829,mixprior_candidate,3f309f5dc120c8c42751f49ce0c3162a4dc9391c0e34c91eadc94652e90fdf1c,1.18536376953125,0.8121259246522036,0.5416969987773693
h100-d512-mixprior-37ec07c629628d08-seed0-from10pct-20260829,mixprior_candidate,0d403aa7ac762bf10351d8f42fd49847e0af847cbedf9f1ec7ba7a1dcda0446d,1.1848435401916504,0.7960302128215334,0.5479558054292257
h100-d512-mixprior-5a9b69a5b5cf2154-seed0-from10pct-20260829,mixprior_candidate,f7788005a1c6bc36084ba1fc7987c3b390c7aae63c005919773af3489a5b23b0,1.187712550163269,0.8060199019755444,0.566969400738956
h100-d512-mixprior-6069c2ed2a1aa6b0-seed0-from10pct-20260829,mixprior_candidate,935183c3b036983661e71093d58206c4c170102458d943805ffd86a3ffd0c077,1.189164161682129,0.7780881712624195,0.5386647935417721
h100-d512-mixprior-77a1d67f3e29712f-seed0-from10pct-20260829,mixprior_candidate,55f3f3b9a01f0c4ab164c25940cc4afafe3e5a6a6a933cf8ba3bb6e1b0b41d3a,1.185415506362915,0.8045112829454008,0.5291306307389418
h100-d512-mixprior-7a096096b0b65260-seed0-from10pct-20260829,mixprior_candidate,c27dd4a9a835a57c158184e5c56f3c7615fc8ead36a70d0b1f6689cb48b3305a,1.186481237411499,0.7891157473557239,0.5213081795734937
h100-d512-mixprior-8bfac23637d69039-seed0-from10pct-20260829,mixprior_candidate,5ee0e8d864b8c2df28204e1e3700832aadc43c6e3243358a9c8a4c57da11dda0,1.1848981380462646,0.8799289615103836,0.5253113745447451
h100-d512-mixprior-8e759513f4e10a3d-seed0-from10pct-20260829,mixprior_candidate,a83066f369b123bf03e7ca4f410482cd18ad0d6b97c82965add86bdd73a80e8b,1.1867423057556152,0.8235875882495575,0.5400819998062242
h100-d512-mixprior-92f4441139dff853-seed0-from10pct-20260829,mixprior_candidate,66363cb3c38c6be8910e235c13ba79a054877c54d436c2cdbb70d4d27c224690,1.1850922107696533,0.8152673429129009,0.5502972862077049
h100-d512-mixprior-a5e17044ce3967a5-seed0-from10pct-20260829,mixprior_candidate,c5e4a715b67bab0c74144ea2e0b4b46873945acede764c777f72bd9b33f75fa5,1.1860337257385254,0.8392338169379654,0.567018440755749
h100-d512-mixprior-b0e324ea911cc855-seed0-from10pct-20260829,mixprior_candidate,89c8a36cedc00aa08eac881684d0e72f893389762cb1c5240ff5df82cc9af5af,1.1867954730987549,0.8190451306299807,0.5457416492833345
h100-d512-mixprior-c5ab9e73a3491601-seed0-from10pct-20260829,mixprior_candidate,0154bc36e5a095eb9356fbf4f4ffa65961845ad55ec817d06c72b423fab22db5,1.1869235038757324,0.778880891122678,0.5482417178026574
h100-d512-mixprior-fc208d30db3fac23-seed0-from10pct-20260829,mixprior_candidate,1aa6c4cb41d9d401d66507e26647674d40f6894c0dbc4b0c52926e373bb91518,1.184718132019043,0.855334200068269,0.5646473702677164
h100-d512-mixprior-700103606fa5897f-seed0-from10pct-20260829,mixprior_candidate,a2979cbebcce6133fbb5e676487cb63b66028d9febcda170d19793c421ea2569,1.1867756843566895,0.8163043323541698,0.5591172474105074
h100-d512-mixprior-b70b4d81af9d0175-seed0-from10pct-20260829,mixprior_candidate,62f9cf78fde64dc052106c71715c71be5b035b0add100255fbc04fe25b93a84e,1.1851489543914795,0.8180845300941765,0.5634319636740625
h100-d512-mixprior-efcd10df0877e5b9-seed0-from10pct-20260829,mixprior_candidate,96c096e3eb545bc751ea089776c09424df91d9b6ffaaebc7226356e5e208893d,1.184360384941101,0.7913428479208079,0.5381804198858036
h100-d512-mixprior-dde7e6c9b887a890-seed0-from10pct-20260829,mixprior_candidate,00907a96fa6e13eb10f5ae78efaab59e29d7779a594f077ff8b8c847a0721b07,1.1858892440795898,0.8020795933388195,0.545502921315592
h100-d512-mixprior-55a6944b494d4d28-seed0-from10pct-20260829,mixprior_candidate,ef7ac831701a56fe1423aa74c917ad9a0777a4c349d5ca68f75e20201d194ce7,1.1867400407791138,0.8000911515347964,0.5611722320180493
h100-d512-mixprior-7c4dfaaac84af74e-seed0-from10pct-20260829,mixprior_candidate,17d164dabef61f01ef7b2152a6802a18b98bc2723d9a032a63cd4c4694d6246c,1.1909098625183105,0.842662038737325,0.5453784780121054
h100-d512-mixprior-b04abe4c7ad0e100-seed0-from10pct-20260829,mixprior_candidate,0624c195e35f4dddc93e83308b6b040d43cf26c88afefd3496565b28011bd817,1.182968258857727,0.7740051136117829,0.5497173549977626
h100-d512-mixprior-02d79e0765f2842f-seed0-from10pct-20260829,mixprior_candidate,155b60f635443b88761579b3c394bebe906d826fa7f8e1b8a2cd61a1302c9ddd,1.1865627765655518,0.7893638848055163,0.550457317275927
h100-d512-mixprior-161c6e2899600f32-seed0-from10pct-20260829,mixprior_candidate,7326c4afa8a5077d010ffa5f32e815238277dce6b0eda774ef3690c08789e447,1.1875436305999756,0.8066828945145184,0.5404513126102983
h100-d512-mixprior-19b7588ccf240f62-seed0-from10pct-20260829,mixprior_candidate,258230fc87a6b16ae1cfcbc49dacc42e7f7d1d9265c1b7084fd153d496e43236,1.1862971782684326,0.8263990179010239,0.5583532355989108
h100-d512-mixprior-1eaebd6ea8c74105-seed0-from10pct-20260829,mixprior_candidate,2ae952fbdd80281a14ff74c3ac4cd397d73458768a072e3bcbb2afada014714a,1.1872289180755615,0.8194097641949768,0.5314745546536321
h100-d512-mixprior-26f67dbc5ddc182c-seed0-from10pct-20260829,mixprior_candidate,197f060bff8e20580393eabb20683917c0bcb1516b7290cc96ec079305494923,1.1868776082992554,0.7988687738221482,0.5355336336671251
h100-d512-mixprior-2f8d37e7f9bf7325-seed0-from10pct-20260829,mixprior_candidate,ed69d3fa05994a75e67bd1b8c0b322900e5716cdf7a27d4edc6a25197b3624b2,1.1854997873306274,0.7824993977094593,0.5756468477935162
h100-d512-mixprior-31ef6faf92f52ba3-seed0-from10pct-20260829,mixprior_candidate,d48c599cfedcaed11a8211a28301c825dec00baddd6670febe30cab58c46181f,1.1855697631835938,0.9013684437952243,0.5441571580338633
h100-d512-mixprior-35982e7a2228788c-seed0-from10pct-20260829,mixprior_candidate,01c7eb5612438db4385bc855bcad12926d35855b2afaf9fe87b05a90a96dc995,1.185745120048523,0.8046281343955952,0.561360544551635
h100-d512-mixprior-3f389bcd9a8dee55-seed0-from10pct-20260829,mixprior_candidate,78c22fa4dc81e2d8c933d3012543c06fbbe365769d3026dd54d9744c1468b5c2,1.1858935356140137,0.8137148404306674,0.5583185411255467
h100-d512-mixprior-4532270316b96ff2-seed0-from10pct-20260829,mixprior_candidate,2e99e4232f34a32620def6af0efdfdbe42c4a06250701e3d01f82019ebb7884d,1.1838150024414062,0.826859842790484,0.5438105169025429
h100-d512-mixprior-52828100edc3b810-seed0-from10pct-20260829,mixprior_candidate,1c4efc8fa17bc0e7dc6d1b93a305199ef4358a407c3f348fb23dccb9c9acca9d,1.186387538909912,0.8164932008000473,0.5680745907321664
h100-d512-mixprior-5ef2bac853a957fc-seed0-from10pct-20260829,mixprior_candidate,8cd84ce8ea9403cb9bd255533e135eeaabbc2ad607720f41023f7279f6dbd549,1.1832990646362305,0.8123002259689425,0.5503232455969838
h100-d512-mixprior-60e7844f8b67a733-seed0-from10pct-20260829,mixprior_candidate,5c3ace055b34a0e932ffeda348ff0c854cd713be1f7436083086037d53d10ae5,1.1861381530761719,0.8277289713868733,0.5550885975009172
h100-d512-mixprior-623128d8a4d14959-seed0-from10pct-20260829,mixprior_candidate,24516bc9ed7605b09e6434466c8bd121d50dd61f1f404ef817bde038021cc344,1.1891934871673584,0.7901349895470817,0.5527367020194677
h100-d512-mixprior-632e1abfa60c7e20-seed0-from10pct-20260829,mixprior_candidate,b9c4c5b1d0dfcc884c7a251fb2f0f77d3133a64e949c33ab63cfba92e07c5c28,1.1850743293762207,0.8041198509849505,0.5683586138599989
h100-d512-mixprior-677450f4e08059aa-seed0-from10pct-20260829,mixprior_candidate,b7ab2e4a1f507d0316e1a243870ca363e6927655dc81d1987d82d29f31f64930,1.1845921277999878,0.8306265107856858,0.5397943597013055
h100-d512-mixprior-6d4d89e570eb64de-seed0-from10pct-20260829,mixprior_candidate,435796f703c4b30dbfafdbafe40a26b71cbb7ada87b251cb81f82c68a844d295,1.1870790719985962,0.7926283456908737,0.5559509620830407
h100-d512-mixprior-6f8e042da99a3cc4-seed0-from10pct-20260829,mixprior_candidate,cd8ae93be8b563dc9e9db1cdf15efa1befcd9aa20310286eb69e37a0f36d6124,1.1867417097091675,0.8441220611315593,0.5466170177999506
h100-d512-mixprior-72b251ddbfd1c16a-seed0-from10pct-20260829,mixprior_candidate,4fc6ae8eb455197f74aea981a0fdf8e0769ad7feba635a8793de698ddc3330fc,1.1853618621826172,0.7843068816784421,0.5474439068048018
h100-d512-mixprior-780ae4a66ec08c0b-seed0-from10pct-20260829,mixprior_candidate,25e33cb56adfa299c132bc4d7b3476195c3e06712dc82b031c081de3746111a4,1.183651328086853,0.7777096762800699,0.5425430412478662
h100-d512-mixprior-7b450c3bcd8b3198-seed0-from10pct-20260829,mixprior_candidate,fe634dfe0fc0523fd3cfc5a63e524cab5d1050b709049c7e69e2ceadd01f0e53,1.189173936843872,0.810862419914663,0.5265320043652104
h100-d512-mixprior-880a1644f63db8bc-seed0-from10pct-20260829,mixprior_candidate,1cdf9fb2d4cdf5c04c200d695dda1854fed733c8e7225824a0ccd85702a1da8f,1.184448003768921,0.8216869052298805,0.543495251789341
h100-d512-mixprior-8862c95728d7d4bd-seed0-from10pct-20260829,mixprior_candidate,8a18ee8425537abd5d6eff7c84ae92be2e21f27e8216df644bd6eb5919d79818,1.1848759651184082,0.7937492865115824,0.5597988764933967
h100-d512-mixprior-896fb6df5ecab978-seed0-from10pct-20260829,mixprior_candidate,5076ad4f4bb6b5a3f5f26b4adb71fbcb77a716cfb19180b9753faa7d3cb7e78e,1.1895976066589355,0.7978365501828012,0.5448820711006355
h100-d512-mixprior-8bc67a341c1d938f-seed0-from10pct-20260829,mixprior_candidate,e4f64b368956b1f4ae4abd3a9e63b11a636af248fc2d89ac457d695e87ec1dce,1.1854336261749268,0.8041978211481983,0.5532953554177237
h100-d512-mixprior-932ecf88a5885062-seed0-from10pct-20260829,mixprior_candidate,52f8cc9255949bc23c4c4b2430f8f90d1afd2391541fe565bd73e2e820a79e9e,1.1868189573287964,0.8159665114011249,0.5355377240435839
h100-d512-mixprior-9d641efab45cf010-seed0-from10pct-20260829,mixprior_candidate,6121da0c0f805af72d1d5f9643923566bf52021481d6edc08a2f2cb1effd87f0,1.1874666213989258,0.7743696801851199,0.5624991027358968
h100-d512-mixprior-a85294b2fc795fa0-seed0-from10pct-20260829,mixprior_candidate,61c38c04a41785f01384c2d2c50a02ef6d26a97306bd296dadaf56bc3806dc69,1.1872633695602417,0.7941496508431463,0.5453870954084904
h100-d512-mixprior-adb894e2fba11b98-seed0-from10pct-20260829,mixprior_candidate,dfe9affcf7c0dbf5e67ff8f9f47940920f32954c6f209c0edee5d563bed8e9ac,1.1854172945022583,0.8039277149826978,0.55881589519612
h100-d512-mixprior-b755da9a2cc03d2b-seed0-from10pct-20260829,mixprior_candidate,6c6cd02d9f2235f911837f3b6b8fb9ea776e17fe4dce59899a979ecab074bca4,1.184801459312439,0.7962541365292412,0.5331127933293518
h100-d512-mixprior-c5291b3eb557db8f-seed0-from10pct-20260829,mixprior_candidate,0491a45a20cc35d98c13b27e33f6051c1aa952498244ba8f401830bbdd07f06a,1.1879310607910156,0.8188883820549662,0.528813676249744
h100-d512-mixprior-cd55b40ac4d3a00c-seed0-from10pct-20260829,mixprior_candidate,4a20773d13d207413db6af06c887db938ff02836b95acedf914fe329426b3a17,1.1867256164550781,0.8073945813749842,0.5504363563750068
h100-d512-mixprior-cf834382a5928b75-seed0-from10pct-20260829,mixprior_candidate,5affa8af0d099ff93fb900c9456c0eb08c9678dc31abc242ef62c21af0eb74d9,1.185913324356079,0.801725174401518,0.5472791000408052
h100-d512-mixprior-dcaf76ed5a36a4b0-seed0-from10pct-20260829,mixprior_candidate,0da0aaa0df94f19f7bf692cdc2f20ef66088d3f13a92cab9e66f64f257c3830e,1.1871414184570312,0.8113772199138857,0.5283889923396656
h100-d512-mixprior-e3c16fbeef6e8681-seed0-from10pct-20260829,mixprior_candidate,3e9a3de5320b61695c685afce47a823bedbe7f06e30d7116ef942e6bdc72b1a4,1.1850261688232422,0.8121527089482228,0.549228581708567
h100-d512-mixprior-e8b41e5d09781037-seed0-from10pct-20260829,mixprior_candidate,c268fa02b6b11e6eed32eba4a851fe9f22b9e1bed7e6f7eb623c33d050db8757,1.1860257387161255,0.7819418174319255,0.5470960371671361
h100-d512-mixprior-ea4bfe2afc061f24-seed0-from10pct-20260829,mixprior_candidate,a0b4b3f615627e0e58eb2047080b52f92eb0409386d716595f06407bfd13a509,1.1880615949630737,0.773336351904207,0.5481094585282656
h100-d512-mixprior-ea9f4ee8552e5169-seed0-from10pct-20260829,mixprior_candidate,d31a6d3748eccb4eaadd837ed0e56f7a8660eef2894abcd20cfd1ec9c7ddd7e9,1.1857173442840576,0.8197724086442013,0.5353198994951696
h100-d512-mixprior-efe3413f960a1478-seed0-from10pct-20260829,mixprior_candidate,d906be6a3ac6b010fe62090ad62f7f5f1778fa3afff006e3df54f52d49cdcb3e,1.1869715452194214,0.7949731389457165,0.5542139310294818
h100-d512-mixprior-f166afb48f0a74b3-seed0-from10pct-20260829,mixprior_candidate,67ddb46002329e0130d8f102cecdf687c6f715279ec11b8e861fac6be65bb9f7,1.1851983070373535,0.8022159902060848,0.5327858356963308
h100-d512-mixprior-f59b4b36dacfd93d-seed0-from10pct-20260829,mixprior_candidate,58dfc6a054e59ead726e81baeb4dd035908d9658ae65990e711b6a143851b34a,1.1867098808288574,0.8579825448055053,0.5360138895419968
h100-d512-mixprior-00c50859e721432f-seed0-from10pct-20260829,mixprior_candidate,a369a57315b32ec82828f47049fb669dd39d7ad4c32413a65937083e0d4020bf,1.189012885093689,0.7769287195884303,0.5187824140430971
h100-d512-mixprior-023bbf8a7dd029ee-seed0-from10pct-20260829,mixprior_candidate,1aae4f9b16d1f0a7a0e42964d025b6cd80c630453fb0b46bcf66a5ae6c96b2e4,1.1910018920898438,0.7730855281648027,0.5093853203056288
h100-d512-mixprior-02d7015c48e44255-seed0-from10pct-20260829,mixprior_candidate,845e108772d77f388c7a47274ca9343292f25eff79aefd9cf60e9e422019eed7,1.1891897916793823,0.7835458548020046,0.5326986003131435
h100-d512-mixprior-0c586af92e358394-seed0-from10pct-20260829,mixprior_candidate,1b541540acc6246d2d4d7c94cf594d30367f8202bd7afa31baae7c724fa75fdf,1.1884524822235107,0.7368740265937819,0.5232298671986683
h100-d512-mixprior-11793816caab5139-seed0-from10pct-20260829,mixprior_candidate,4e64382e4789e73a29ac1e0cff23ef6c7bcfe77ee9b910512d3849ab5f8652c5,1.1942527294158936,0.7283180980381063,0.5648276591644307
h100-d512-mixprior-18472f0c9700a5f8-seed0-from10pct-20260829,mixprior_candidate,85025ed69e0d6db673525c181fcce5d7876096bbbfb759dca8dd55acaad309bd,1.1871376037597656,0.7835808124099594,0.5267903819707833
h100-d512-mixprior-1c21e14e6d03b497-seed0-from10pct-20260829,mixprior_candidate,c7f6f65855da6b1dafa7db631d7d6856aa30280e078ad3e9c36506b154548f51,1.1916285753250122,0.7761166605532382,0.5190103274588748
h100-d512-mixprior-2da8521e82999164-seed0-from10pct-20260829,mixprior_candidate,da8001c4f59216c063913ddb83ce988959c3328c5580b8bd9a50986c6f2d3d15,1.1943280696868896,0.7246526925608661,0.5231544818317877
h100-d512-mixprior-3f75cc0d21c65c7f-seed0-from10pct-20260829,mixprior_candidate,6dc79836c8ff76e9139d2596ef3db23b48db86f0a3c151b536824af9cef49bea,1.1847277879714966,0.7917376738439849,0.529081563426219
h100-d512-mixprior-4163412ee4e95c18-seed0-from10pct-20260829,mixprior_candidate,8d205c7735c0f98678eae3d7d6febff09f06e572dd2fc290ea2dc641f8ec81a4,1.1911650896072388,0.7917483135181435,0.5248360633229677
h100-d512-mixprior-67494aea2e8635a7-seed0-from10pct-20260829,mixprior_candidate,7df23b196173d5c7a92868b1cc8d4ae097bbf84ea46ffa0cbce453dafe006500,1.1965196132659912,0.7245872805942736,0.5102191221946281
h100-d512-mixprior-6c543b21afabf0a8-seed0-from10pct-20260829,mixprior_candidate,4c90d197772b7bd5a4dcad5658aac9f6383bf08d1bcb151666ba19e5ef486a74,1.1886322498321533,0.8295779157015382,0.508900613896042
h100-d512-mixprior-7b18c3de2cb869cb-seed0-from10pct-20260829,mixprior_candidate,6aad1f15772ce90ac1f4593edf23a9374665e3ab3979fed3c7645e4d452dac77,1.1895335912704468,0.9054437088287559,0.5648222496154334
h100-d512-mixprior-868f3a1ced61a40c-seed0-from10pct-20260829,mixprior_candidate,01b6ece1822fd1291dfca70dfa9f59458a3c53a61009e742eb834ff126fb74a5,1.191524863243103,0.7632058589957722,0.5187772383914998
h100-d512-mixprior-a097103d39e68c9c-seed0-from10pct-20260829,mixprior_candidate,a8898e05db296f6fc9a376c157c919f39c5e122d4339ae50f593daba634c12a8,1.1850082874298096,0.7802999523475767,0.5429759807770365
h100-d512-mixprior-a12f25364ca13899-seed0-from10pct-20260829,mixprior_candidate,133bed988021dc439794b0efefea89c1f65635e95bc0da8a9ea15125ace94c5f,1.1891695261001587,0.7698106946892216,0.5293734289488028
h100-d512-mixprior-cb43a2b14dc19d7b-seed0-from10pct-20260829,mixprior_candidate,b412ae552de286563916bbbb026184c9bc704e4d102cf22e4dce17d93ccea0bc,1.1878821849822998,0.7333875242771376,0.5186765554157426
h100-d512-mixprior-debceebb7bdc3d0b-seed0-from10pct-20260829,mixprior_candidate,9ef3e9793c0947cafcfd70f515699ba0022ce4cddf36f2633da8cd80b0ee5726,1.1873153448104858,0.817812586860009,0.5170574397944374
h100-d512-mixprior-fc29f9971a0e63e7-seed0-from10pct-20260829,mixprior_candidate,4325ccac42b9de8ea16d8c91909f16587153ac3108e6d37398e18b5a8bd256e4,1.1923108100891113,0.7341705043852185,0.5167333909479713
h100-d512-mixprior-e8e495f8d0550d72-seed0-from10pct-20260829,mixprior_candidate,7780caa813572c542d64578dc452d0ee59896ecb7865081574c956e0e62e00a3,1.1923527717590332,0.7482116908361556,0.5329125151839906
h100-d512-mixprior-05c4c74ad0d11828-seed0-from10pct-20260829,mixprior_candidate,d737fd56a9a0252d80f27c623ad505fd3d20677986c021f8e9e998a4827850de,1.188366174697876,0.81873942264665,0.522972842025965
h100-d512-mixprior-06afa6725e0335f6-seed0-from10pct-20260829,mixprior_candidate,5956afdfe9538e89c9404d1fb2cedb21cab8f74c070f0d25ecd18ceb41b00a3e,1.1906530857086182,0.8196407800377438,0.5339777932959084
h100-d512-mixprior-1290594d4bf0a79b-seed0-from10pct-20260829,mixprior_candidate,c191a5af22af5efd708cd7f2c32ed5ca310d7e49c99539a80c6a9a9406af12d0,1.186786413192749,0.7968692790882875,0.5145655040113005
h100-d512-mixprior-1760e1ca38c8cf81-seed0-from10pct-20260829,mixprior_candidate,917d4ebc75100a0ce4a12d2445ab3cd80514876ef638a04f1a282652e6d1372b,1.1896166801452637,0.7769584061268664,0.5178597809092774
h100-d512-mixprior-1a534242d875a0c3-seed0-from10pct-20260829,mixprior_candidate,3c914d2841224a9aa2136e9cee7940d7d62d359fe02948f6d89b22d1796100a9,1.1888911724090576,0.8109768533330385,0.5063828281110848
h100-d512-mixprior-23deba6e72ccecfb-seed0-from10pct-20260829,mixprior_candidate,6eece435a8de891c599db2af0e71ee95cd1004a7878376954a09dc66e4cb8272,1.1944823265075684,0.8079084288911034,0.514214376048835
h100-d512-mixprior-26136f33c98f9e46-seed0-from10pct-20260829,mixprior_candidate,56c8b44d32b695ce7bef1f092bb968f2d8ad4400f0ba44de1ab2b5a9ebb76ddd,1.1962149143218994,0.7604942356623469,0.5175616676506459
h100-d512-mixprior-323d18075d8c8021-seed0-from10pct-20260829,mixprior_candidate,98653c27608c6c0f7188499a79b4cef5d921406b77d11374c74227e683b5189e,1.1873308420181274,0.8425251703410498,0.5253066978207039
h100-d512-mixprior-3bd1621144affab9-seed0-from10pct-20260829,mixprior_candidate,a872e120fa0ddd46ed5045253dd231d6ad8ffd74f62f11608a9b48fef55bed74,1.1871896982192993,0.8084929507623093,0.5292455762434586
h100-d512-mixprior-3f09b140712a5538-seed0-from10pct-20260829,mixprior_candidate,8f2751a44b961627ade7dd298278d99ed0eb28e1c5c8672fe7098dc92b981941,1.1914610862731934,0.7084031488069477,0.5034351319671181
h100-d512-mixprior-4236fbe067d9dc67-seed0-from10pct-20260829,mixprior_candidate,f91efc9d788e05dbac9889c4fd3e057f819aeca8c28b44b8d5321a87d700a145,1.1916064023971558,0.7538490416786554,0.5373403958955529
h100-d512-mixprior-49b62d7636c28d8c-seed0-from10pct-20260829,mixprior_candidate,6d09c47332ef331f39a5da9dbe812519fe64014785fc4e5ec3013ea66ec4fdcd,1.1908390522003174,0.882037002947663,0.5390111621996747
h100-d512-mixprior-4c99a96253e06dc5-seed0-from10pct-20260829,mixprior_candidate,7e9dade3c7fbc442afc817746f9235ad7e109b94a1013fd6867cbe6a4de45705,1.1903722286224365,0.7785076686729602,0.4992078594701465
h100-d512-mixprior-571a9596913f856e-seed0-from10pct-20260829,mixprior_candidate,3264b999fd77b464464db26cfad274c193fb787b4b3a893560b3b15f9ce47cf6,1.1882539987564087,0.8240426695759338,0.5182636373254509
h100-d512-mixprior-5e393ad6e8c33b0c-seed0-from10pct-20260829,mixprior_candidate,cf8b9bc87aada4b83b747a3a942d3dd94e7f586a22b5f0026a1626373ec0af1f,1.1879661083221436,0.8420763605416298,0.5078287462362958
h100-d512-mixprior-5f1171435f5d1ba0-seed0-from10pct-20260829,mixprior_candidate,248bc8cd6d7e686558a808ea1df03f2ccd2c47433e98cc24a64633487a336ee0,1.1866508722305298,0.7602523790127735,0.5249796652339971
h100-d512-mixprior-671b04a3920fbd71-seed0-from10pct-20260829,mixprior_candidate,1c5b31f1ed7755c3bb5ebdc2c10f125224dd88c69d2ce5b250ca0f33cbb34dde,1.1962003707885742,0.7796494857816129,0.5038628465028032
h100-d512-mixprior-7215148f42f0114e-seed0-from10pct-20260829,mixprior_candidate,7c7420fb56bf7ee63f33740304176e6038cbda32ec5fb7ef7af52881a482bf9a,1.1841630935668945,0.7931746601009526,0.5415724894224302
h100-d512-mixprior-82f6109c56616bdb-seed0-from10pct-20260829,mixprior_candidate,19061b38afdd68a3d7d06dc954af38db75815f32c0e05f413bd73589462a8bd1,1.18937349319458,0.7870041100810258,0.5201963996358171
h100-d512-mixprior-8e9185b1dc863c16-seed0-from10pct-20260829,mixprior_candidate,e8c1068fabd30f2410dcac25df3f61d27ebfd7b4a3b1f59128f762b61790dabd,1.188044786453247,0.8299333608186893,0.53200883696687
h100-d512-mixprior-9027f599cbdbfcda-seed0-from10pct-20260829,mixprior_candidate,4d016fa21e019647fc19a1e1bef17cd22cee0d31933d09d76a013ef6ab2c09af,1.1904577016830444,0.7859630283918252,0.5032930460240033
h100-d512-mixprior-97c0d9de41484132-seed0-from10pct-20260829,mixprior_candidate,86ea60eb8b2dcbd791fc2d98977f0d0d3e8322c43a6d7ae850bdf51882341271,1.1838260889053345,0.778106465885891,0.525569864294876
h100-d512-mixprior-97e89aef99769599-seed0-from10pct-20260829,mixprior_candidate,37e94bbf8add769033c015ca8878e6281e9210959b9956f20a0e496b1c866758,1.193173885345459,0.7761428080698397,0.5268966000069518
h100-d512-mixprior-a2a4202cc870df1b-seed0-from10pct-20260829,mixprior_candidate,ed5d14ab6076dc750e9b092e607a7f06036e6a3236a00f66ee29122f9954336b,1.1883889436721802,0.8007771000048398,0.533584682445261
h100-d512-mixprior-a6e0a3ffee5a45da-seed0-from10pct-20260829,mixprior_candidate,a134129551605f7b986f69ea4a10d73b16b7e961aeb4ba6804245c3564f5796c,1.1864001750946045,0.8222605217229031,0.5492995207922767
h100-d512-mixprior-a92198dd97d56d3a-seed0-from10pct-20260829,mixprior_candidate,6f542910ab834eb9f94ce70ab6c48ae4f76b637b5b483ff418af38f9a947ba0f,1.1915347576141357,0.7753823322302271,0.5231911532344646
h100-d512-mixprior-a95f674f2a6d91d7-seed0-from10pct-20260829,mixprior_candidate,e6ef4ca97a31979513c51fc2cfc35084e91e06ef1dae33bebff1ac995d681060,1.1878234148025513,0.7715175787284538,0.5366711967220622
h100-d512-mixprior-b4ef64db406d37e7-seed0-from10pct-20260829,mixprior_candidate,c9b7eb4d7059136da2924285dcb496cde70557517f86b67464730eadb9474de1,1.1873023509979248,0.7950909213431764,0.5384274099738872
h100-d512-mixprior-b9467f3748ad573b-seed0-from10pct-20260829,mixprior_candidate,96b36a242e7c90ad790eb11ae20b0708c66a11968f3516c1740f7cd10b63ef32,1.1922334432601929,0.802175851681772,0.4990722359373787
h100-d512-mixprior-c0acf8be41a4907b-seed0-from10pct-20260829,mixprior_candidate,12b7f200e7fc8d86cea239dda89201103bddd8a813049c2429f281c17fa7c8d1,1.1874759197235107,0.7892887117272873,0.5300781402269379
h100-d512-mixprior-c2f7ebd6f58fcbda-seed0-from10pct-20260829,mixprior_candidate,34986897dd1d79f69bec3689157353f0c34d638f2d60ba408ff77377238159ea,1.196495532989502,0.7733174383364233,0.5011670227171117
h100-d512-mixprior-c53832293e4eaf8a-seed0-from10pct-20260829,mixprior_candidate,93eef90187021d39f458846ee18dfc421e2464cd7308ae31e4b490870401761d,1.1872135400772095,0.8057725090272044,0.5383472017291063
h100-d512-mixprior-c63816c9a6efb22d-seed0-from10pct-20260829,mixprior_candidate,d8f89d56d5c5c0bc9180b017e6e3780bc0cfa24479c520ba91f9b59bc19a7f25,1.1874579191207886,0.8093532232416845,0.5661084790597872
h100-d512-mixprior-cb200d97c6033842-seed0-from10pct-20260829,mixprior_candidate,ccad8191915a7c3faa68c19612e79826e1556dd0691e650a3fbad0e0366d5bbc,1.1899659633636475,0.7684691703001271,0.5077859288364441
h100-d512-mixprior-d5a2a05ce6e73c52-seed0-from10pct-20260829,mixprior_candidate,47a7bdfff9479f5049bddb4693b18936aaaef345982f2bd7f603173ac42530c9,1.1904869079589844,0.798055991656371,0.4991520932835713
h100-d512-mixprior-d67d011163100e97-seed0-from10pct-20260829,mixprior_candidate,7f27a1a37988dbef8aede7989c0985d7d5a82d21c65b89a29eded289da18b1c0,1.1950087547302246,0.7962510953889456,0.5191365569850399
h100-d512-mixprior-dc4496213bc705f9-seed0-from10pct-20260829,mixprior_candidate,ebc4a3b5ac8293f281dce07e2ee05dcf67b8858f47bc76e8416641bcf863e05b,1.1852924823760986,0.8102958523090459,0.5247773967637823
h100-d512-mixprior-edf7072459e0c55f-seed0-from10pct-20260829,mixprior_candidate,7e5eab51177034972687bb2484eed950981368412cf6cfcc444b8ccab9e41f98,1.184938669204712,0.8334623498050242,0.5266301862866003
h100-d512-mixprior-f5f1a3bd273d6f40-seed0-from10pct-20260829,mixprior_candidate,da3fb14a3a21cdcc07fe77a4950b3badcda6948a2b32d448ccc0b9c66aa5c1b4,1.1916828155517578,0.751224775054309,0.5219020653626045
h100-d512-mixprior-1660197758b074cd-seed0-from10pct-20260829,mixprior_candidate,399c9572159f3a136e3229efd7307607de6c532faf17cdd214007b6524e5b44f,1.1908674240112305,0.7896176249639313,0.5001702412470309
h100-d512-mixprior-065e903061bc0579-seed0-from10pct-20260829,mixprior_candidate,75879fda83e60f70d56d7c5d70ccfc5b8046ec0fdf6d75fece2986042a63a95d,1.1948537826538086,0.7652642397199028,0.49503147758810734
h100-d512-mixprior-21f4fa1de79dd694-seed0-from10pct-20260829,mixprior_candidate,53ddc837d2c1f5df3002299730789938701a69bb9d57956c835bad0fec8a4c93,1.1901845932006836,0.7744927503139506,0.5145177494234882
h100-d512-mixprior-3498d87e6b9fbbfd-seed0-from10pct-20260829,mixprior_candidate,447d1f544212a0713d3c31ab086498e50b837e4d276080cb6fc6289f95918b06,1.1883258819580078,0.8370749999710609,0.5182171462122762
h100-d512-mixprior-3ad82e3a04dc7102-seed0-from10pct-20260829,mixprior_candidate,bdedfda625814b6ef45d8097f38a0ae05f0774b4e66f2e5f99fd6a9955d6faa3,1.187753677368164,0.7793206691563397,0.4991894765647641
h100-d512-mixprior-5e4359f6aaad30ac-seed0-from10pct-20260829,mixprior_candidate,359ff0f118d86378b86ab8904157f20c49070e3a918f0cdd45fc849ec4b0b0de,1.188509225845337,0.8128529028491096,0.5093741232202506
h100-d512-mixprior-7511ae09e2c63f98-seed0-from10pct-20260829,mixprior_candidate,35acb908324a1feb8fe21b87a97ff4cbd6bf22ccc76277df79a769b968c06dbd,1.1892924308776855,0.7873205713989875,0.51689814414966
h100-d512-mixprior-91610d304fff4f3e-seed0-from10pct-20260829,mixprior_candidate,157d65bcc01ace628e874ddfd070fd60fe0a06a071e461f52cc43b4a103ebb5d,1.1908754110336304,0.7717301087843934,0.5056031508768292
h100-d512-mixprior-934375a0a91405c4-seed0-from10pct-20260829,mixprior_candidate,c7d89fe5678411851299ed9abdc90d5be883199b194a66161158627996a33c59,1.1912338733673096,0.8025423953502296,0.5219735060249404
h100-d512-mixprior-acc19ad5c6ec1893-seed0-from10pct-20260829,mixprior_candidate,f3e10d3f2cded654e370fc5429ebb9f856808aba3c0805cc6812c75b9634ce17,1.1908310651779175,0.8091546730589256,0.5168444661017336
h100-d512-mixprior-afb7ac975159606e-seed0-from10pct-20260829,mixprior_candidate,78ecea44fe58e8665b46aa82d7abde87c4ab5412b0b6cc63fb5029ec81594cf9,1.1918150186538696,0.7770528181263208,0.49291854947749975
h100-d512-mixprior-b78ea0b23c6589c8-seed0-from10pct-20260829,mixprior_candidate,34cda31c501bd2e8840b32b3fe1dc505036d4e7f0943e5098b0091daf5073b0e,1.186962366104126,0.808142877078496,0.5164220196718053
h100-d512-mixprior-c9505fdab05b9752-seed0-from10pct-20260829,mixprior_candidate,58668ddab34ebb0fd5781003a2bcbab7af984450164ddae5b713bb7184814c4a,1.1919665336608887,0.7452591751608496,0.49514733102492675
h100-d512-mixprior-e0c31883510064b2-seed0-from10pct-20260829,mixprior_candidate,1716a315808c2dab539947e68e3d0c33cb47f6259478941d2de290d6c6367102,1.1918232440948486,0.7718886364724705,0.5233299149908442
h100-d512-mixprior-1ce2f14282b572fa-seed0-from10pct-20260829,mixprior_candidate,9ab21686d13d67d03ff4773cf7d2833b7f076a2f544638b9bffd59a41c4d83a6,1.1923807859420776,0.8259127564073696,0.4852007941480927
h100-d512-mixprior-276bc888bb41d7ac-seed0-from10pct-20260829,mixprior_candidate,7b6118224dc4443e5fbe7968c6601891ffdeedd1f07f6aa5bea7934d3b42ae60,1.195967435836792,0.8856818223465316,0.49279417316626717
h100-d512-mixprior-44bfd83cf7199b40-seed0-from10pct-20260829,mixprior_candidate,31c57ec2d857b6f32a2be7cbb6bf939d6ee84b8043ec7a3b8edd76d79b5b6873,1.1903297901153564,0.7273470853657129,0.5126700783817186
h100-d512-mixprior-4c11a151fe37768b-seed0-from10pct-20260829,mixprior_candidate,e1c234ae8a614b14b62b04951dfd998885010b42ae00f1c1fba3f9bce2d032f3,1.1974937915802002,0.8103323475309505,0.4987365950831505
h100-d512-mixprior-92e3dcddc9f1c9b0-seed0-from10pct-20260829,mixprior_candidate,61110de699adf9d9db447e7d78650effee6dfb7014a1cbdd4f9bb7a37337d692,1.1856646537780762,0.8134753802196744,0.49798383956370895
h100-d512-mixprior-4d1d637f86ec3e25-seed0-from10pct-20260829,mixprior_candidate,ca1a1e23d869e8eefcd2404671977052f31aac15c9cfca32cc7382d1fd30b032,1.194375991821289,0.8600117628519308,0.48719490409970323
h100-d512-mixprior-610226e65dd1b174-seed0-from10pct-20260829,mixprior_candidate,803efc0e3fe0b4e0ece2210ca36d920c5b335e9404c56ac2fad58ba40faf9055,1.1890232563018799,0.7810597213288958,0.5127913666804802
h100-d512-mixprior-0381f0ef27de4605-seed0-from10pct-20260829,mixprior_candidate,9af8e0c23faed1e03a82a1057e79216c4f0f56d53411669b5226f0b330d74893,1.2017098665237427,0.7935764383664643,0.5302352425145687
h100-d512-mixprior-05040e528683a5eb-seed0-from10pct-20260829,mixprior_candidate,b9bcba6baca170f421704841f7410df32a1518d50a393a2c8f68a4652f8077cb,1.184149980545044,0.8146073796873488,0.52373706794159
h100-d512-mixprior-10c0562ae66da54f-seed0-from10pct-20260829,mixprior_candidate,8b9e322e9de4ca2e056165d0681beefe28fa2a96442e3db3222089b1401d0eb9,1.186399221420288,0.7926916604075027,0.5383925963697782
h100-d512-mixprior-21b049d9fbfffd15-seed0-from10pct-20260829,mixprior_candidate,20594a204aadff465884d1fe5cb163606a97ee7c6a660a5e74826a0b9eec5ea4,1.1912569999694824,0.7918348587995502,0.5265332644592968
h100-d512-mixprior-300a2a907a91b147-seed0-from10pct-20260829,mixprior_candidate,ccd0920a0f77454875edb1d5d8302d6cc282fe375b304916037a672f8a4ac032,1.1939984560012817,0.8129354273698365,0.5198517527647026
h100-d512-mixprior-30745827d6bb62fa-seed0-from10pct-20260829,mixprior_candidate,79f49f50a8b4ef2d85feb62ad7b307d64b1994c167a31b15a9ae6b9bb0281788,1.187246561050415,0.7913528233239389,0.5436076681091505
h100-d512-mixprior-33965fca6151ba79-seed0-from10pct-20260829,mixprior_candidate,46a8fc1af6bf86b9bd75f5b16a159725945b8c0d2f7dbd2fc02f7ea747351ab4,1.1865015029907227,0.8288705061520596,0.5359192004429626
h100-d512-mixprior-42142ea3811d6f8d-seed0-from10pct-20260829,mixprior_candidate,3f757703aba152dc3f4a403f2f68e75cd54108ed72303d4023bd8ccb3a3847f1,1.1968095302581787,0.8026913875026005,0.5265461237380276
h100-d512-mixprior-43a53f862386e9d7-seed0-from10pct-20260829,mixprior_candidate,cffac1d10027bcca177c8cd7ecc38c1c48766bf45a85747c3e1ac6a2ede96ce2,1.1932623386383057,0.7868718679835258,0.5128215793365138
h100-d512-mixprior-44cc4c4959d2bc1a-seed0-from10pct-20260829,mixprior_candidate,92ca2135432b93d4a6b87cfc84703de1149e8ded4ccc2ab300b31e1b0eb544c7,1.1908767223358154,0.7943809023121733,0.5114791425194212
h100-d512-mixprior-46a02cef9c34ec35-seed0-from10pct-20260829,mixprior_candidate,d4becd58902668b8b7cbd90df6ffc8694a43f49ab85bafffdcce19c9a72ac641,1.1979165077209473,0.8420822754461448,0.5190747867491081
h100-d512-mixprior-483e66f4165b489e-seed0-from10pct-20260829,mixprior_candidate,1a5c104c0348580ea3ea9038a0dc67991cdc85a6761181b73b6bded15c715944,1.1951777935028076,0.8110022311898728,0.5285865512317419
h100-d512-mixprior-4b8e73b1b4900727-seed0-from10pct-20260829,mixprior_candidate,28fa6ea6b046f448d7ae8259c58372a13d864a7e6dad1fa4ac21a6e742c9fed3,1.192706823348999,0.8280568914749259,0.5341789093212832
h100-d512-mixprior-5e420d38b78df844-seed0-from10pct-20260829,mixprior_candidate,ebeb93f2725d1e9411e5ca35d4cf3327e54134e756fc5122fa361abe3471a013,1.192021369934082,0.8223843694190023,0.5457356346809377
h100-d512-mixprior-62e945177b7503ad-seed0-from10pct-20260829,mixprior_candidate,5418edd1809c7e314d92b638799e717e78d27d5278d67e657771a28076fccbfa,1.1917157173156738,0.8235225803048535,0.5150728850307589
h100-d512-mixprior-688fff67de631de9-seed0-from10pct-20260829,mixprior_candidate,0172aca88fd072319935ac19c6c05850fca212ef85f28bcbfa750cc5118f4d04,1.1982722282409668,0.7718740178789069,0.5286088446714293
h100-d512-mixprior-6936390be4ffaff9-seed0-from10pct-20260829,mixprior_candidate,5a7bf7cf839b61c830ccd7ffdd0ea0f286e6dcf0c555b0b6849576911ea0cf7f,1.192706823348999,0.796419463176336,0.5268240880149403
h100-d512-mixprior-699a7ba3a82b0227-seed0-from10pct-20260829,mixprior_candidate,0a8205b2cc10c3fb81d73fe263a8b9d10451ad61046df9dce190423070fb9ad3,1.1925039291381836,0.7972004995523886,0.5424057875708738
h100-d512-mixprior-7b550896261ca2a0-seed0-from10pct-20260829,mixprior_candidate,bfc35c25a483ce8921ca7410f0206303498600aeaf4fb42cff6d4e24692fee11,1.191676378250122,0.7962671436189876,0.5263732879261356
h100-d512-mixprior-7f99017c083bac93-seed0-from10pct-20260829,mixprior_candidate,1699e2db3635f2ce43a3c26fa53a67640e05e209c4bccd09db29b5ae31713994,1.1909520626068115,0.7909783621406515,0.5331745916235018
h100-d512-mixprior-80324df7baf50056-seed0-from10pct-20260829,mixprior_candidate,77590ff3f7dc7a028eb046b792745e94f665d0d4158ef5578eeeea7e7e07c251,1.1848540306091309,0.8073774133778139,0.531518531103494
h100-d512-mixprior-82a9ab40c6f48b71-seed0-from10pct-20260829,mixprior_candidate,89961b099e69a873362716a66d9aae30df1b0fcb9d2ffc166c0d77401cd90aae,1.1969094276428223,0.856267970302742,0.5229649651865189
h100-d512-mixprior-83afcf6935d0d1d8-seed0-from10pct-20260829,mixprior_candidate,bbecfc2492cb86d84e4cb0932633002a46cf323a32d27bf699f9d4f654af54d5,1.1887621879577637,0.8145462437479273,0.5251123440743783
h100-d512-mixprior-8812224dc26519ed-seed0-from10pct-20260829,mixprior_candidate,0ff86f8aa650c6bf8a48c52c0a4c40166cdfca4d98e3462c11d1d8aac77fc885,1.2000000476837158,0.8210023992729935,0.505598982684387
h100-d512-mixprior-888488eac540ccd9-seed0-from10pct-20260829,mixprior_candidate,829098f5e113636adfa092123a1f2882ca11d113fe711208b8a07f011ed72aaf,1.1899760961532593,0.8096803241044306,0.5346586427881544
h100-d512-mixprior-9258df0207f554db-seed0-from10pct-20260829,mixprior_candidate,d0e76c717a4a1adf9b95baf12386b79c221cbe84bc4aa8c72673afd89a5d26ed,1.1885803937911987,0.8515001909493297,0.5276205506878934
h100-d512-mixprior-965a9ad97ffb8c7a-seed0-from10pct-20260829,mixprior_candidate,a2688f291d1596c58580705c7fa9bb3978a6d07ee697bc27000f723b9a8e77cb,1.1932967901229858,0.7976711354120417,0.5193431046430186
h100-d512-mixprior-9f78eb87c559a841-seed0-from10pct-20260829,mixprior_candidate,7c84e217181ca4d8fc02995b00d09df8e37866873a2f5c00a6d4ce8b23c6fc06,1.1938068866729736,0.8523095492958042,0.530635224582257
h100-d512-mixprior-a1d9377e21849993-seed0-from10pct-20260829,mixprior_candidate,6d2f6897b210eb305adac8ebb209a342b026996110678ff8747dbccdc7a26920,1.1910251379013062,0.8397585321755188,0.5352840343898001
h100-d512-mixprior-a4d18ffb2199e909-seed0-from10pct-20260829,mixprior_candidate,37768bc998230ddb0cecf35b1e859d38af7b7b9d9f2ff3b3efae88a6bf71d152,1.1894675493240356,0.8141163651529979,0.5389396166136688
h100-d512-mixprior-a92ed6e1a716619a-seed0-from10pct-20260829,mixprior_candidate,586e2f9cc8bdff524fb3917615fcdfd73c5f7e105a571e757843904b50ee24b8,1.189430594444275,0.8014243539814321,0.5478224907746175
h100-d512-mixprior-b5e87b77dfda3dc0-seed0-from10pct-20260829,mixprior_candidate,f5102455ad9460f73fd54d7ce4afb139ac241fb9e6b2bb55f49521d9e7321d5e,1.1855905055999756,0.8031248856806232,0.5220309227274103
h100-d512-mixprior-ce43eca4fbe83cc6-seed0-from10pct-20260829,mixprior_candidate,d1399a8733f52421ea9659c1b8f07b7c55eb09d5c1c09242432fc0bde3205ebd,1.190198540687561,0.8329964530112604,0.5228675061687053
h100-d512-mixprior-da42fb0cfcfbdba9-seed0-from10pct-20260829,mixprior_candidate,5cc8616c41da3e2e9a35dc3c67136fdfcabb41cfe105f9a4da0d55fd72c8ac51,1.1895146369934082,0.79821289868481,0.548682831958058
h100-d512-mixprior-df03e6bade638df2-seed0-from10pct-20260829,mixprior_candidate,da14a75d9d15e0accd1f0a8d1be96d226931dd032f6f1fe2768f8019b6f320e4,1.1881208419799805,0.8023731173396621,0.5392065379564298
h100-d512-mixprior-e2041aa4f4df4ca1-seed0-from10pct-20260829,mixprior_candidate,41f9d08e40e48d82c2e65b4e1489fc140180f50333f2721113bc847a534beae9,1.2108232975006104,0.866090817570394,0.5122545668844583
h100-d512-mixprior-e46a0b19826295d7-seed0-from10pct-20260829,mixprior_candidate,e5ac03d5e93047d5c29a0354e3f96cde980d8111314cbc43e6b24e85247f19c3,1.1970912218093872,0.8497622593293394,0.5287952692120698
h100-d512-mixprior-e8267274ad55d445-seed0-from10pct-20260829,mixprior_candidate,cd5e89c1417e2d2f6b87ebf098a4a614b6d6b3c429cc6b372e5b442fa57181aa,1.1905949115753174,0.8123818758609056,0.524488003812243
h100-d512-mixprior-ec7fe25116523c36-seed0-from10pct-20260829,mixprior_candidate,af3612a2e7dfc8a0e1b6941ac8191c7493f37870577f1e10032c9a1e194ce940,1.1928740739822388,0.8683265476772023,0.5341202223950966
h100-d512-mixprior-f517bcac6d890d34-seed0-from10pct-20260829,mixprior_candidate,cc9d8940872531aaac36a9360a50eef0ab7a173a0623c8f6a71c22816fb0f69a,1.1989142894744873,0.7882554856733325,0.5160556624262029
h100-d512-mixprior-2197f91b0978c4e1-seed0-from10pct-20260829,mixprior_candidate,4d99402362e7f929a711d78bab63273e5e9e3de20ff58c638ead8d3b930ee085,1.19521963596344,0.7698403170594202,0.5288938875962281
h100-d512-mixprior-2d20571cff58ae7d-seed0-from10pct-20260829,mixprior_candidate,da3c57e118a2e5613c82dfe26e30d7c20e2ab37fd75bca451a969bf56c5d6f75,1.18767249584198,0.8484425246121925,0.537917652628658
h100-d512-mixprior-4137e179e6361a3f-seed0-from10pct-20260829,mixprior_candidate,01c73034c7dedd211ce308e0b4a5957096e62d0d6bf2f7834a1907b33edc76bf,1.1992108821868896,0.7853325435948553,0.5223169880812916
h100-d512-mixprior-4e88f9805c2fcd29-seed0-from10pct-20260829,mixprior_candidate,6b3844354f167f31f84e26fd379995c47026ba2a7e8be1810cdab93e9acbd2e9,1.186739444732666,0.8073772540289738,0.5374836684515171
h100-d512-mixprior-5a363f1fb2758b5f-seed0-from10pct-20260829,mixprior_candidate,d4956a8fec57949850a4969b264154e66e984ef9382bd38764237bc297d84f37,1.187570571899414,0.8115399403879008,0.5430097969563235
h100-d512-mixprior-5c5318013cc0d92b-seed0-from10pct-20260829,mixprior_candidate,b45072fc839c6f627d92c5b7723e8c58b3e81dcf419de9e320c84891dff40c46,1.189805269241333,0.7807944573793394,0.540992138571166
h100-d512-mixprior-5dbbb7617dfe7f8e-seed0-from10pct-20260829,mixprior_candidate,3912cc41454202a6725899a25e140a00039892a1b55d1b190555152b79048d08,1.187704086303711,0.8080660382140648,0.5321913885489593
h100-d512-mixprior-6538607a585aa3a4-seed0-from10pct-20260829,mixprior_candidate,813558074f61cfa0d56257529c91df0cc0e9decac43731d2baaaad636427e777,1.187943696975708,0.8154509529418494,0.55226985238223
h100-d512-mixprior-68756f01b152e98a-seed0-from10pct-20260829,mixprior_candidate,3e1ba110d794fbc2cb7c4d4f7dbff8616c6c9fab8c74301393161a584df02e6b,1.190271258354187,0.8236781786707503,0.5204694196023346
h100-d512-mixprior-73d7b7e6d2aebc2d-seed0-from10pct-20260829,mixprior_candidate,fa586e78cc65177fe096f6f1e2dc7c1e620fd82ad658e3b3eb321e97d4761684,1.1890531778335571,0.8235763546356479,0.5345345540804041
h100-d512-mixprior-7d083fd561eea164-seed0-from10pct-20260829,mixprior_candidate,a17d6f630dac563d5b7d87caf389c8feaa37c973ba374bcba854a7bb043ec3b7,1.1878583431243896,0.7991951416738508,0.5271701917120307
h100-d512-mixprior-8a81fad852828fb3-seed0-from10pct-20260829,mixprior_candidate,6efd1f9a20e85522562535221868f6465f19c19aadb5639f393e766a5fb177cf,1.1882359981536865,0.7832187681476092,0.5303661808984459
h100-d512-mixprior-99be2a8866be8cdf-seed0-from10pct-20260829,mixprior_candidate,8728af0ff626a4874a3c471aaddfb2c2410f7354b6910367e7d0e611642872ec,1.191561222076416,0.8236187421103749,0.5192467914550644
h100-d512-mixprior-a3c31e77bbfd30ed-seed0-from10pct-20260829,mixprior_candidate,7c527530b2a18a98bac03db15d5ef337cd01c94905c53470f6c98e2f424833a6,1.1897177696228027,0.8310352811210341,0.5571036048745365
h100-d512-mixprior-b2025642abcdc3b0-seed0-from10pct-20260829,mixprior_candidate,6e373bc2a94460cfab000237c968481c16c9f70c4c7aa69b0d75d3d49230b598,1.1977627277374268,0.7933094381234713,0.544462768335753
h100-d512-mixprior-ba8dc59240d95785-seed0-from10pct-20260829,mixprior_candidate,f34724715c2bcf1e89492710442ca880fe16ad937878e7f9fe9c4315cbeefbb5,1.188420057296753,0.8374159715627043,0.5396048704286063
h100-d512-mixprior-c53002dd3d3800ec-seed0-from10pct-20260829,mixprior_candidate,db6ee228066286a2f9d48ea0827f1cab3594f44454255dde205d65b036b36732,1.1856497526168823,0.7642411290212734,0.5381475630626178
h100-d512-mixprior-cd1e4960210cd383-seed0-from10pct-20260829,mixprior_candidate,27b199fb83631279a46e2ed3c3b9d028abcf7bee4c6232b71545b0d02100d1e2,1.1917399168014526,0.7987994071675687,0.5432642472566516
h100-d512-mixprior-e12d0ce1af2c60da-seed0-from10pct-20260829,mixprior_candidate,18cf630a9a8e8554bd3274d4871bb833ca7e53644f31e57e896b487b4b1462a6,1.188554286956787,0.7579872472108113,0.5329973709551075
h100-d512-mixprior-fc8d4543b12c9b30-seed0-from10pct-20260829,mixprior_candidate,bf6acbf19bdb6fe7b7d2bb64275ba673fa214860da1cd2452b6071269be43c5f,1.1957108974456787,0.7554265829522476,0.5361984047902093
h100-d512-mixprior-00d76bb7275384bc-seed0-from10pct-20260829,mixprior_candidate,7ea51b9a9f5ba4f130ad726cfe625844027db590d5ba20a0e3f545eb0f5a9739,1.1878166198730469,0.8087399014688985,0.5020913666109098
h100-d512-mixprior-0c01c0abac117c95-seed0-from10pct-20260829,mixprior_candidate,d28f2d86ff13c10b4b14248874dcbac844da297face58440b72eed9445e5195d,1.187234878540039,0.7921252844716984,0.5173896330585436
h100-d512-mixprior-290712d96c329ac3-seed0-from10pct-20260829,mixprior_candidate,2308c0a54fd90831bcfb79f82ec1654cf1d03dd17be03802b285b5cef8734489,1.1871904134750366,0.7988774759601324,0.5393277100390474
h100-d512-mixprior-355b16d07af295ef-seed0-from10pct-20260829,mixprior_candidate,08f560e321dedca287ce11dbd61267eb25b3b363cf036f75baf5a636babf1fd1,1.1885861158370972,0.7898068866195558,0.513900257240248
h100-d512-mixprior-441eaad434c46dc7-seed0-from10pct-20260829,mixprior_candidate,ee15223788addf938f43fdabab161cc082f2be703b81065f5dc9b9640c8f7d4f,1.1869752407073975,0.8033858413656102,0.520176805576118
h100-d512-mixprior-6c9d2526befaf3fd-seed0-from10pct-20260829,mixprior_candidate,feb37d086ec05e784a34247e3764ae0a341509efe4635840f5f8476d9859c19f,1.188480257987976,0.8021742153631438,0.5132203264246681
h100-d512-mixprior-80a4d4891e8356d1-seed0-from10pct-20260829,mixprior_candidate,2ee964e4fb0d39c1723a249efa959c0f03aeb50cbcb7c7b0e39c8854a9e5e741,1.1867930889129639,0.8015885240511917,0.517801152185636
h100-d512-mixprior-85ec179487f33a59-seed0-from10pct-20260829,mixprior_candidate,687ebb3ee10c10e0ba0095f462399ed667078346017e337d9f3f15cacf6e4cf1,1.186976671218872,0.8299578059593808,0.5081895639613201
h100-d512-mixprior-98423eadd06d7642-seed0-from10pct-20260829,mixprior_candidate,1d0d992808ef12236a5cf0a7f425ea21478131452bcaff6c6759258cd92de19a,1.1875838041305542,0.7850116577585599,0.5296399378468156
h100-d512-mixprior-cb440623845164e0-seed0-from10pct-20260829,mixprior_candidate,df98046ad0e66b68596f5dd2957539ec8b3b538e430101bc9af46183e8c34ca7,1.1882392168045044,0.821736000135449,0.5273594546287226
h100-d512-mixprior-f46eb02e668e78a3-seed0-from10pct-20260829,mixprior_candidate,7827bb4eb0f975f87b49dfa558e49681ffd5b65c6370ad3b326c397e4a005fe7,1.1872471570968628,0.8294207521262207,0.5293276172048346
h100-d512-mixprior-3b07a8abe5cd9fc5-seed0-from10pct-20260829,mixprior_candidate,14f939e9f1b20eaf9b629c7ea26d4a0fcbdef257a9cb4d030f57ed89c9212c87,1.1878324747085571,0.8097324676382585,0.5195415300018128
h100-d512-mixprior-d4083ca4e2b35f65-seed0-from10pct-20260829,mixprior_candidate,93df5d1698b736cf83744d5f5e98dc9016e0e247fc0efeba2a9a92d21b494286,1.1861481666564941,0.7931186350207456,0.509702694564153
h100-d512-mixprior-e1eb3ba6a4f89d69-seed0-from10pct-20260829,mixprior_candidate,dd2d661cfa858e2d461338e0f4887305568c982afe03a2d38bef966058e611c3,1.1874468326568604,0.7914749123888557,0.5266930623438864
h100-d512-mixprior-f297c5b7db952caa-seed0-from10pct-20260829,mixprior_candidate,853540fb9a907d2b12164727494873edcb5fb14d9e6cc709349bf50f10288da0,1.1874430179595947,0.7998788364316198,0.5218533667759883
h100-d512-mixprior-09c118154d089543-seed0-from10pct-20260829,mixprior_candidate,55de4c9dbd0a27a1d27083e3d998c9ab077bcb339eb937d06d5abe4986d0b3f8,1.186764121055603,0.8300112657405214,0.5218068017982889
h100-d512-mixprior-654e401d87430d27-seed0-from10pct-20260829,mixprior_candidate,50edd4e946450b0adbbf23c45a7fb8d552d34cbbe41b091b833fdaee90e08576,1.1864266395568848,0.8262840125309292,0.5234195112185769
h100-d512-mixprior-7026cf51fff0f3dc-seed0-from10pct-20260829,mixprior_candidate,70a663dfcd6876ddc8c6c4fe7dc2fd1197c85dd7f2a03f08ddf1b1a889a77efc,1.1872507333755493,0.8173600002001531,0.5197530284711139
h100-d512-mixprior-8b014e072122dbd3-seed0-from10pct-20260829,mixprior_candidate,12b79fdc4c511cf87f058162a1bcee81cdccbdbf6ca5070a1722a8b5c713f629,1.1867555379867554,0.7793594091821594,0.49991954737566885
h100-d512-mixprior-a6b2cadc64e50d67-seed0-from10pct-20260829,mixprior_candidate,b6085dbdf4df10a7a1563c59c37c01999af1f76a4bbe1b4f8fa1ae6aa65aff2e,1.1871044635772705,0.8021600077057807,0.5213722939423393
h100-d512-mixprior-08ce96bd2cfad893-seed0-from10pct-20260829,mixprior_candidate,c3186adc0b1b6261fd2f528eb2fc3bc307343993b1a6b390d587eb14e5886950,1.1860997676849365,0.7956490672258437,0.50807093259914
h100-d512-mixprior-0bf4da1c0f7fcaa9-seed0-from10pct-20260829,mixprior_candidate,9859f1631510016f1dd870bdf0a6cd3644fd10231de4f4c9b9a483ed021fb6df,1.1873587369918823,0.8028950669666769,0.5157161511727799
h100-d512-mixprior-0db801530cba5b32-seed0-from10pct-20260829,mixprior_candidate,4f150a1cd8b3664ba189c4b65649741af291cdf5718f12ec632b655123d157e2,1.1871559619903564,0.7938050987265868,0.506663771051836
h100-d512-mixprior-0f218afbdb299582-seed0-from10pct-20260829,mixprior_candidate,e1e965dfe93a4dee43f99a4c53f84cbad3dbd20db0ccd781c580b4d9aaf03eda,1.1868563890457153,0.7853740450642515,0.5220750201787956
h100-d512-mixprior-15a67c597e772af0-seed0-from10pct-20260829,mixprior_candidate,2f8a18bead26efd00f3bf35b9265fa5690e34b6cdf897ac6f200ce945866c808,1.1867660284042358,0.7951354952749494,0.5065118422582113
h100-d512-mixprior-1dc7ec9995f13e34-seed0-from10pct-20260829,mixprior_candidate,21004a395952131864570f87e5d5908c622a717b99ecdc8960c7ce0205d6d12b,1.187241554260254,0.7882046594176734,0.5190518273790788
h100-d512-mixprior-2083a2346292bb2f-seed0-from10pct-20260829,mixprior_candidate,cc525aae762e99e1ed6bf86c3ee3869a3bbe1623b029462991c32cc2d6f24f27,1.1870336532592773,0.7961375197065915,0.5153167472346191
h100-d512-mixprior-2f88d6030d2730cb-seed0-from10pct-20260829,mixprior_candidate,6c73d9bfd5c17f0881a8b131a55f92e95bf84cba0fd0cc3536d47989da031b08,1.1860442161560059,0.81231122951435,0.5120030922380971
h100-d512-mixprior-335eaec02838b1dc-seed0-from10pct-20260829,mixprior_candidate,ae2ff4dfc2081f12a7da02a6b7b4effa3e6c2017dc78bc9fc643d6d72e12dd5c,1.1857304573059082,0.8782580562125551,0.5197481387196755
h100-d512-mixprior-4ae9496ab07483cc-seed0-from10pct-20260829,mixprior_candidate,9216357691d566a0ec717672a568163868591254b07d91d4888331c82050b0fe,1.1863856315612793,0.8178498396402769,0.5099308811650988
h100-d512-mixprior-4d3d5a776ecb3ccd-seed0-from10pct-20260829,mixprior_candidate,bf1f055f79e9d36ea138ee5b3294ed068a70a7ab7f88e3416ebba92174204951,1.1861045360565186,0.8114079786108638,0.5064818425247523
h100-d512-mixprior-4dd49c1392edf356-seed0-from10pct-20260829,mixprior_candidate,2d7dd7ed6e06ebca9523ed41b44635d0ea7c2f799febf19c39e11c89b46748a6,1.18703031539917,0.8337648853473812,0.507663063927089
h100-d512-mixprior-4ec4c7501ff86c5a-seed0-from10pct-20260829,mixprior_candidate,f08a5863625cce04ba1b8c7a0a374f7f81360a28e7553f7364150553420a9826,1.1857764720916748,0.8062014194485818,0.5023543957560863
h100-d512-mixprior-56c1ec7cf51e7635-seed0-from10pct-20260829,mixprior_candidate,dc9dea13ba2244ab0b9f4d4d6a4415273d8f0f017cc7b3d9155ebde878982fa9,1.1853636503219604,0.8700951912241685,0.5054834614931775
h100-d512-mixprior-6860a62d94f92eaa-seed0-from10pct-20260829,mixprior_candidate,d5392a2c56245f4635377766b0ecfa9bcee958e899b9d837ae9776210273574f,1.1858690977096558,0.8041093585266936,0.51373285228557
h100-d512-mixprior-73bf71b581f13217-seed0-from10pct-20260829,mixprior_candidate,fcfc1c9e66d3901a20b8a48c279b364687efaa10c9258c7151419874502b5d55,1.1870225667953491,0.784322542168023,0.5159317433967203
h100-d512-mixprior-778356a0febae506-seed0-from10pct-20260829,mixprior_candidate,3f117a25a30a4301cddebb3d601408abf1dc9c85ba1645e7df3cadf2e22952fe,1.186387062072754,0.7945094935024797,0.5136107049555875
h100-d512-mixprior-7e8c4a8bf36746ef-seed0-from10pct-20260829,mixprior_candidate,e10a525ba669fb302e8bc6ce95af727d79ec485b486d1a03f0102907abd6a267,1.1878972053527832,0.78194367779177,0.5195985248338507
h100-d512-mixprior-7f5fc51ef4389bdd-seed0-from10pct-20260829,mixprior_candidate,7a461f5ad674f2979b24fb05dcde2054fe385ea6ecc99b241cacdc3b66d3a17e,1.1862962245941162,0.8041384331400449,0.5148498851127415
h100-d512-mixprior-7fe393803dc0185b-seed0-from10pct-20260829,mixprior_candidate,c2bb96ecc09c5412c599667c84db3492e9384802098a71be8115513e6fb0cea4,1.1855132579803467,0.8251370521686192,0.5127557033260771
h100-d512-mixprior-87091e2267556559-seed0-from10pct-20260829,mixprior_candidate,f327d6c8e49143c16405c20c1173c38a9671fbce82170aa098c646c4ac467972,1.185908555984497,0.8278146895031933,0.5019593274766109
h100-d512-mixprior-8cb0432978819d02-seed0-from10pct-20260829,mixprior_candidate,728cd26f1bc9952465c43c6c3f4749cba12e5c13ad463d25c46618a6b2b31e95,1.186920404434204,0.7961979341649028,0.5075204294494017
h100-d512-mixprior-8d615131b2931cb1-seed0-from10pct-20260829,mixprior_candidate,4e2c19a3e83eefad4b6465c75318b16ccdfab2ff54610467e703db8a7e051f56,1.1862211227416992,0.8176789877752009,0.5134840727901111
h100-d512-mixprior-94ca7c07cae4b249-seed0-from10pct-20260829,mixprior_candidate,782380fde7c02e8c8666d679b293bdc285ee5cf6102dc7f2b70a6103e310f9b5,1.1867846250534058,0.8195201752387408,0.4986423307313024
h100-d512-mixprior-996f489106c7b922-seed0-from10pct-20260829,mixprior_candidate,5c59d4fed310a535e1b1f2245a500e3c65f68c931e6587fee7940e3196fcafc2,1.1864409446716309,0.8197130247236325,0.4979298909485227
h100-d512-mixprior-9e0de3be10986119-seed0-from10pct-20260829,mixprior_candidate,ef393fff273b43cf129915f9ca0c19ceb411b94f85f26726b5e06bf18cf378f1,1.186033010482788,0.7761196874133317,0.5058789762871513
h100-d512-mixprior-a1f97c597ddec22b-seed0-from10pct-20260829,mixprior_candidate,f78f354824ac654caf9d5f6e84837bb8cc7bb7a2a8960d866516d68ec0c7473b,1.1853289604187012,0.8650504808992754,0.5168402898287372
h100-d512-mixprior-aa01e09a5667993c-seed0-from10pct-20260829,mixprior_candidate,373531d75f27bf0bd7a4326b36c0cbb49515d8afc8f1fe65be7f7114355135e3,1.1864840984344482,0.8109095663152012,0.5099240223103607
h100-d512-mixprior-b100ad1935c71002-seed0-from10pct-20260829,mixprior_candidate,cee0d9ab9c350afe898e79a28d25ad8a40145d1b14899249a982b30bcbcc6699,1.1862757205963135,0.7657825288138767,0.5048336723022158
h100-d512-mixprior-b76966f86e9a7249-seed0-from10pct-20260829,mixprior_candidate,13b26cb43622cd509af775f7a43799dfa45709611fafbe3adef79aab7753da0c,1.1850111484527588,0.8050057376107331,0.5060416602369779
h100-d512-mixprior-b81a6ce0ada662d3-seed0-from10pct-20260829,mixprior_candidate,7aafcdc66265f6b7ac9759bbec67e10885a768ca151bee769d4396cd4dbcb996,1.1861674785614014,0.7974575451513921,0.5054796325827211
h100-d512-mixprior-c6d64aa5711b6f4e-seed0-from10pct-20260829,mixprior_candidate,9e34c1c0fe1ffc0956a257689b968a5e6c9b673bc7dc1abb2466050bb71320c4,1.1865062713623047,0.8025759612656018,0.5132050513825028
h100-d512-mixprior-cc01c58c08cd0e95-seed0-from10pct-20260829,mixprior_candidate,2f4bab432d98b027f6b571b34d4b0f45d27b9f43f1a4bb29632c45a2d936326e,1.1873202323913574,0.7981339006915383,0.49887810003034677
h100-d512-mixprior-ce86ea0b18ba6102-seed0-from10pct-20260829,mixprior_candidate,f9ec140bb6013e855e6cf5e4244abee9aeb43f24863618f01b3f8a0983f37aee,1.18678879737854,0.8152151872278542,0.5074377589372694
h100-d512-mixprior-cf4d4d80aab84f4e-seed0-from10pct-20260829,mixprior_candidate,8bd1bab0e546f30028b958e34f8528e92cb708cef71c78944ff229011fdc82d7,1.1872583627700806,0.8217327448327488,0.5134409344183722
h100-d512-mixprior-e5b3621f241d9d71-seed0-from10pct-20260829,mixprior_candidate,6a8f20a43add9ccdf564699e736684f6e0ab2e0bf72d19268d029f9c6ab8949f,1.187124252319336,0.8272125270474263,0.5203163779590746
h100-d512-mixprior-ebd4e1bd2387c375-seed0-from10pct-20260829,mixprior_candidate,be60d0acb0873cc9a0d372cc473859aab639fcad3d275c6f1eb12992634e5139,1.1861522197723389,0.7892663670906257,0.502903400070547
h100-d512-mixprior-eea94f18a11cbafc-seed0-from10pct-20260829,mixprior_candidate,18322a02a7d9f69a4ea428b524c3d056e7f2ba0468a158a1ee0e783f9d7a2a33,1.1865836381912231,0.7803509901527271,0.5030917673686957
h100-d512-mixprior-f574d556903353ac-seed0-from10pct-20260829,mixprior_candidate,5298e765e8c3aff15531f7eb9e8b6a1eba5f55bb36edcc0ac31cfd29ebbdfecb,1.1853735446929932,0.7730018776629658,0.5115759858561851
h100-d512-mixprior-f5a6541da0d6ca4a-seed0-from10pct-20260829,mixprior_candidate,71f9215b6a119691f1904e94374492e036b883016ca567c2c3cbd6da2e018f05,1.1861262321472168,0.8127795893418804,0.5179592256556101
h100-d512-mixprior-04043d0c8f96fdbc-seed0-from10pct-20260829,mixprior_candidate,f40503dd901c0489425807ee7fe6f03521b96df4425cb7fd0024bfc8e566bb53,1.1877301931381226,0.8154397494967354,0.5086525797492273
h100-d512-mixprior-197c9f5ceff6b9ee-seed0-from10pct-20260829,mixprior_candidate,4e514cc93b03e3699adfc244c297e3de31d8f2dd6bc5daa3775d18d94fb60206,1.184385061264038,0.7964591451346961,0.4940224050948791
h100-d512-mixprior-19b697225c02a94b-seed0-from10pct-20260829,mixprior_candidate,897ad980b6290b1e6e48f1be990fb4b9eb245589c5d9a137700afe3d02f69270,1.1857891082763672,0.8141205640607424,0.5040231617647062
h100-d512-mixprior-445f6ba88e18307c-seed0-from10pct-20260829,mixprior_candidate,1f59a7175be7c37e409dac3ccc9bd2d9c0597349aa50d23c9bf74ff55990d58b,1.1885110139846802,0.794751508542459,0.4930601551717728
h100-d512-mixprior-5c32d535fde96e01-seed0-from10pct-20260829,mixprior_candidate,2789f3d309f1c5620432ffc78a6c961421e040589aa453cd5d3a500500ae7b75,1.1870818138122559,0.8044149378706712,0.49254123409583733
h100-d512-mixprior-69ed9959dd9cd4e5-seed0-from10pct-20260829,mixprior_candidate,ee1824b46bc7915fd2dcaf2a42f7f9cd3b04d5794069919af9b94be585d1fecc,1.1867163181304932,0.8004333726924829,0.5034852059152312
h100-d512-mixprior-6f3961f6e80a541f-seed0-from10pct-20260829,mixprior_candidate,2e2bcf12e45638977f43cc5dfdbc772afb7b9e972916cca3d6bdebfb6ee6dd4d,1.187619924545288,0.7824271531275823,0.5195359301146599
h100-d512-mixprior-80a4d4891e8356d1-seed1-from10pct-20260829,mixprior_candidate,2ee964e4fb0d39c1723a249efa959c0f03aeb50cbcb7c7b0e39c8854a9e5e741,1.1873142719268799,0.7851535442460402,0.5120466689784661
h100-d512-mixprior-996f489106c7b922-seed1-from10pct-20260829,mixprior_candidate,5c59d4fed310a535e1b1f2245a500e3c65f68c931e6587fee7940e3196fcafc2,1.186340570449829,0.7418909158742591,0.4901367034803909
h100-d512-mixprior-996f489106c7b922-seed2-from10pct-20260829,mixprior_candidate,5c59d4fed310a535e1b1f2245a500e3c65f68c931e6587fee7940e3196fcafc2,1.1852543354034424,0.7790191562477518,0.5021033408284815
h100-d512-mixprior-99ed32f9ee7a3b89-seed0-from10pct-20260829,mixprior_candidate,1c96cf242eecbcb33817e9a5a2b5da7f2ab7276dcb27ee204ec1dddc6fa0bbdf,1.1869239807128906,0.7696045045686257,0.5131705889074875
h100-d512-mixprior-9d15834452a55846-seed0-from10pct-20260829,mixprior_candidate,93cb860b575eb71fdf93ab5890ae32c2d66bcb21a234333b317eee4f396afd43,1.1882719993591309,0.7947637106705151,0.5009491774472036
h100-d512-mixprior-a1ae55056fe63498-seed0-from10pct-20260829,mixprior_candidate,5786fa8752249f8d7c63f53ae1db7a0895808afedefd3d6b3bf60d41337616a4,1.1855961084365845,0.8022606682060618,0.512237979523282
h100-d512-mixprior-b15f19b1c4f4ddf1-seed0-from10pct-20260829,mixprior_candidate,9b336f44917aa042bf9d2729d7b9c40455fafb2f55bd0d08d24507cdfc48c391,1.1873981952667236,0.8079931889949552,0.517185375466278
h100-d512-mixprior-e8e11e24b0382924-seed0-from10pct-20260829,mixprior_candidate,612565ece6f4c12a1c0dcf41839bb9cf5f92e411c78e1d3f2443ccf2b1a4f607,1.1867038011550903,0.7928586957046801,0.5047276177333951
h100-d512-mixprior-2d02e594203d6b7c-seed0-from10pct-20260829,mixprior_candidate,dc2425361e31fdbab9eb1cbe622b72df1b22ea5eb96c5982627ded896a2c4d25,1.1860525608062744,0.8096212320158526,0.5023314952140576
h100-d512-mixprior-5c32d535fde96e01-seed1-from10pct-20260829,mixprior_candidate,2789f3d309f1c5620432ffc78a6c961421e040589aa453cd5d3a500500ae7b75,1.1864702701568604,0.7493172068449022,0.50744406881187
h100-d512-mixprior-5f6e920ed52cd6d0-seed0-from10pct-20260829,mixprior_candidate,272e4550803545b2f9e3b7ee6b5ffd90962a19c630e0a0c29e305ce8ab758419,1.186991810798645,0.8060989263185216,0.5080147315775428
h100-d512-mixprior-8d5f0aed232ce1b7-seed0-from10pct-20260829,mixprior_candidate,eb8a45c8e360d5224160584b673f40defee5b8702e8fd7e33cd623367af139c5,1.1854820251464844,0.7975599277466127,0.5119895250931524
h100-d512-mixprior-b45c8fcea03f37d8-seed0-from10pct-20260829,mixprior_candidate,60ac7e2324c9f79b517c7aec2f9a6117d8fcc4a452c6bd52d2a9cb56bb61f14c,1.1867501735687256,0.8171986987453679,0.49410215746245173
h100-d512-mixprior-df90e8b7f0951a11-seed0-from10pct-20260829,mixprior_candidate,6ef7ccdcdcf451b2179d90305aeecf4cea1eb25b26131c876bcb27ed6921228d,1.1861258745193481,0.8317195307805704,0.4956779644023037
h100-d512-mixprior-ee3799698c71ea8f-seed0-from10pct-20260829,mixprior_candidate,3ff43053e2401abf36dd9c2fa04567f3af456e5c26fc8fdb9b007b33c20efc40,1.1860092878341675,0.8281953007690454,0.4981026783807093
