donor,arm,cell,continuous_nominal_tokens,full_block_nominal_tokens,error_tokens
26,M0Q0,c00q0,610351562.5,610351562.5,0.0
26,M0Q0,c00q1,61035156250.0,61035156250.0,0.0
26,M0Q0,c00q2,298156738281.25,298156738281.25,0.0
26,M0Q0,c00q3,18920898437.5,18920898437.5,0.0
26,M0Q0,c00q4,36888122558.59375,36888122558.59375,0.0
26,M0Q0,c01q0,64086914062.5,64086914062.5,0.0
26,M0Q0,c01q1,64353942871.09375,64353942871.09375,0.0
26,M0Q0,c01q2,93498229980.46875,93498229980.46875,0.0
26,M0Q0,c01q3,161437988281.25,161437988281.25,0.0
26,M0Q0,c01q4,190925598144.53125,190925598144.53125,0.0
26,M0Q0,c02q0,686645507.8125,686645507.8125,0.0
26,M0Q0,c02q1,6637573242.1875,6637573242.1875,0.0
26,M0Q0,c02q2,30670166015.625,30670166015.625,0.0
26,M0Q0,c02q3,28305053710.9375,28305053710.9375,0.0
26,M0Q0,c02q4,32272338867.1875,32272338867.1875,0.0
26,M0Q0,c03q0,10604858398.4375,10604858398.4375,0.0
26,M0Q0,c03q1,87661743164.0625,87661743164.0625,0.0
26,M0Q0,c03q2,83694458007.8125,83694458007.8125,0.0
26,M0Q0,c03q3,190086364746.09375,190086364746.09375,0.0
26,M0Q0,c03q4,50544738769.53125,50544738769.53125,0.0
26,M0Q0,c04q0,686645507.8125,686645507.8125,0.0
26,M0Q0,c04q1,62866210937.5,62866210937.5,0.0
26,M0Q0,c04q2,35667419433.59375,35667419433.59375,0.0
26,M0Q0,c04q3,45051574707.03125,45051574707.03125,0.0
26,M0Q0,c04q4,9422302246.09375,9422302246.09375,0.0
26,M0Q0,c05q0,1716613769.53125,1716613769.53125,0.0
26,M0Q0,c05q1,7514953613.28125,7514953613.28125,0.0
26,M0Q0,c05q2,103912353515.625,103912353515.625,0.0
26,M0Q0,c05q3,79994201660.15625,79994201660.15625,0.0
26,M0Q0,c05q4,320053100585.9375,320053100585.9375,0.0
26,M0Q0,c06q0,686645507.8125,686645507.8125,0.0
26,M0Q0,c06q1,3700256347.65625,3700256347.65625,0.0
26,M0Q0,c06q2,56724548339.84375,56724548339.84375,0.0
26,M0Q0,c06q3,144920349121.09375,144920349121.09375,0.0
26,M0Q0,c06q4,51383972167.96875,51383972167.96875,0.0
26,M0Q0,c07q0,6752014160.15625,6752014160.15625,0.0
26,M0Q0,c07q1,18348693847.65625,18348693847.65625,0.0
26,M0Q0,c07q2,56037902832.03125,56037902832.03125,0.0
26,M0Q0,c07q3,135192871093.75,135192871093.75,0.0
26,M0Q0,c07q4,15449523925.78125,15449523925.78125,0.0
26,M0Q0,c08q0,1296997070.3125,1296997070.3125,0.0
26,M0Q0,c08q1,1716613769.53125,1716613769.53125,0.0
26,M0Q0,c08q2,45242309570.3125,45242309570.3125,0.0
26,M0Q0,c08q3,91171264648.4375,91171264648.4375,0.0
26,M0Q0,c08q4,4119873046.875,4119873046.875,0.0
26,M0Q0,c09q0,6942749023.4375,6942749023.4375,0.0
26,M0Q0,c09q1,17814636230.46875,17814636230.46875,0.0
26,M0Q0,c09q2,26779174804.6875,26779174804.6875,0.0
26,M0Q0,c09q3,93727111816.40625,93727111816.40625,0.0
26,M0Q0,c09q4,2365112304.6875,2365112304.6875,0.0
26,M0Q0,c10q0,3776550292.96875,3776550292.96875,0.0
26,M0Q0,c10q1,55923461914.0625,55923461914.0625,0.0
26,M0Q0,c10q2,125694274902.34375,125694274902.34375,0.0
26,M0Q0,c10q3,22659301757.8125,22659301757.8125,0.0
26,M0Q0,c10q4,5302429199.21875,5302429199.21875,0.0
26,M0Q0,c11q0,686645507.8125,686645507.8125,0.0
26,M0Q0,c11q1,17204284667.96875,17204284667.96875,0.0
26,M0Q0,c11q2,155296325683.59375,155296325683.59375,0.0
26,M0Q0,c11q3,29182434082.03125,29182434082.03125,0.0
26,M0Q0,c11q4,4043579101.5625,4043579101.5625,0.0
26,M0Q0,c12q0,5226135253.90625,5226135253.90625,0.0
26,M0Q0,c12q1,199508666992.1875,199508666992.1875,0.0
26,M0Q0,c12q2,34408569335.9375,34408569335.9375,0.0
26,M0Q0,c12q3,226211547851.5625,226211547851.5625,0.0
26,M0Q0,c12q4,9460449218.75,9460449218.75,0.0
26,M0Q0,c13q0,1220703125.0,1220703125.0,0.0
26,M0Q0,c13q1,105056762695.3125,105056762695.3125,0.0
26,M0Q0,c13q2,70724487304.6875,70724487304.6875,0.0
26,M0Q0,c13q3,687789916992.1875,687789916992.1875,0.0
26,M0Q0,c13q4,174369812011.71875,174369812011.71875,0.0
26,M0Q0,c14q0,44326782226.5625,44326782226.5625,0.0
26,M0Q0,c14q1,235671997070.3125,235671997070.3125,0.0
26,M0Q0,c14q2,64430236816.40625,64430236816.40625,0.0
26,M0Q0,c14q3,338973999023.4375,338973999023.4375,0.0
26,M0Q0,c14q4,17662048339.84375,17662048339.84375,0.0
26,M0Q0,c15q0,3700256347.65625,3700256347.65625,0.0
26,M0Q0,c15q1,61759948730.46875,61759948730.46875,0.0
26,M0Q0,c15q2,108757019042.96875,108757019042.96875,0.0
26,M0Q0,c15q3,26664733886.71875,26664733886.71875,0.0
26,M0Q0,c15q4,60081481933.59375,60081481933.59375,0.0
26,M0Q0,c16q0,6065368652.34375,6065368652.34375,0.0
26,M0Q0,c16q1,22811889648.4375,22811889648.4375,0.0
26,M0Q0,c16q2,81558227539.0625,81558227539.0625,0.0
26,M0Q0,c16q3,253791809082.03125,253791809082.03125,0.0
26,M0Q0,c16q4,22430419921.875,22430419921.875,0.0
26,M0Q0,c17q0,38909912109.375,38909912109.375,0.0
26,M0Q0,c17q1,69885253906.25,69885253906.25,0.0
26,M0Q0,c17q2,225791931152.34375,225791931152.34375,0.0
26,M0Q0,c17q3,128211975097.65625,128211975097.65625,0.0
26,M0Q0,c17q4,22163391113.28125,22163391113.28125,0.0
26,M0Q0,c18q0,4577636718.75,4577636718.75,0.0
26,M0Q0,c18q1,26550292968.75,26550292968.75,0.0
26,M0Q0,c18q2,102157592773.4375,102157592773.4375,0.0
26,M0Q0,c18q3,55007934570.3125,55007934570.3125,0.0
26,M0Q0,c18q4,13618469238.28125,13618469238.28125,0.0
26,M0Q0,c19q0,5264282226.5625,5264282226.5625,0.0
26,M0Q0,c19q1,19454956054.6875,19454956054.6875,0.0
26,M0Q0,c19q2,33264160156.25,33264160156.25,0.0
26,M0Q0,c19q3,41503906250.0,41503906250.0,0.0
26,M0Q0,c19q4,8239746093.75,8239746093.75,0.0
26,M0Q0,c20q0,3433227539.0625,3433227539.0625,0.0
26,M0Q0,c20q1,48294067382.8125,48294067382.8125,0.0
26,M0Q0,c20q2,37384033203.125,37384033203.125,0.0
26,M0Q0,c20q3,42877197265.625,42877197265.625,0.0
26,M0Q0,c20q4,23155212402.34375,23155212402.34375,0.0
26,M0Q0,c21q0,7133483886.71875,7133483886.71875,0.0
26,M0Q0,c21q1,15563964843.75,15563964843.75,0.0
26,M0Q0,c21q2,248451232910.15625,248451232910.15625,0.0
26,M0Q0,c21q3,63018798828.125,63018798828.125,0.0
26,M0Q0,c21q4,36735534667.96875,36735534667.96875,0.0
26,M0Q0,c22q0,0.0,0.0,0.0
26,M0Q0,c22q1,2517700195.3125,2517700195.3125,0.0
26,M0Q0,c22q2,12207031250.0,12207031250.0,0.0
26,M0Q0,c22q3,13198852539.0625,13198852539.0625,0.0
26,M0Q0,c22q4,10337829589.84375,10337829589.84375,0.0
26,M0Q0,c23q0,12054443359.375,12054443359.375,0.0
26,M0Q0,c23q1,127677917480.46875,127677917480.46875,0.0
26,M0Q0,c23q2,158424377441.40625,158424377441.40625,0.0
26,M0Q0,c23q3,60615539550.78125,60615539550.78125,0.0
26,M0Q0,c23q4,32539367675.78125,32539367675.78125,0.0
26,M0Q0,c24q0,44364929199.21875,44364929199.21875,0.0
26,M0Q0,c24q1,32501220703.125,32501220703.125,0.0
26,M0Q0,c24q2,126228332519.53125,126228332519.53125,0.0
26,M0Q0,c24q3,61225891113.28125,61225891113.28125,0.0
26,M0Q0,c24q4,66604614257.8125,66604614257.8125,0.0
26,M0Q0,c25q0,94985961914.0625,94985961914.0625,0.0
26,M0Q0,c25q1,150375366210.9375,150375366210.9375,0.0
26,M0Q0,c25q2,260925292968.75,260925292968.75,0.0
26,M0Q0,c25q3,156936645507.8125,156936645507.8125,0.0
26,M0Q0,c25q4,88958740234.375,88958740234.375,0.0
26,M0Q0,c26q0,18348693847.65625,18348693847.65625,0.0
26,M0Q0,c26q1,101280212402.34375,101280212402.34375,0.0
26,M0Q0,c26q2,95787048339.84375,95787048339.84375,0.0
26,M0Q0,c26q3,69236755371.09375,69236755371.09375,0.0
26,M0Q0,c26q4,111656188964.84375,111656188964.84375,0.0
26,M0Q0,c27q0,953674316.40625,953674316.40625,0.0
26,M0Q0,c27q1,3128051757.8125,3128051757.8125,0.0
26,M0Q0,c27q2,13236999511.71875,13236999511.71875,0.0
26,M0Q0,c27q3,8850097656.25,8850097656.25,0.0
26,M0Q0,c27q4,7705688476.5625,7705688476.5625,0.0
26,M0Q0,c28q0,5798339843.75,5798339843.75,0.0
26,M0Q0,c28q1,172729492187.5,172729492187.5,0.0
26,M0Q0,c28q2,218620300292.96875,218620300292.96875,0.0
26,M0Q0,c28q3,512809753417.96875,512809753417.96875,0.0
26,M0Q0,c28q4,910606384277.3438,910606384277.3438,0.0
26,M0Q0,c29q0,54855346679.6875,54855346679.6875,0.0
26,M0Q0,c29q1,40283203125.0,40283203125.0,0.0
26,M0Q0,c29q2,242080688476.5625,242080688476.5625,0.0
26,M0Q0,c29q3,210876464843.75,210876464843.75,0.0
26,M0Q0,c29q4,30670166015.625,30670166015.625,0.0
26,M0Q0,c30q0,1678466796.875,1678466796.875,0.0
26,M0Q0,c30q1,9918212890.625,9918212890.625,0.0
26,M0Q0,c30q2,85334777832.03125,85334777832.03125,0.0
26,M0Q0,c30q3,240135192871.09375,240135192871.09375,0.0
26,M0Q0,c30q4,985145568847.6562,985145568847.6562,0.0
26,M0Q0,c31q0,1640319824.21875,1640319824.21875,0.0
26,M0Q0,c31q1,18272399902.34375,18272399902.34375,0.0
26,M0Q0,c31q2,42381286621.09375,42381286621.09375,0.0
26,M0Q0,c31q3,33149719238.28125,33149719238.28125,0.0
26,M0Q0,c31q4,29830932617.1875,29830932617.1875,0.0
26,M0Q0,c32q0,44097900390.625,44097900390.625,0.0
26,M0Q0,c32q1,213661193847.65625,213661193847.65625,0.0
26,M0Q0,c32q2,316352844238.28125,316352844238.28125,0.0
26,M0Q0,c32q3,489501953125.0,489501953125.0,0.0
26,M0Q0,c32q4,324440002441.40625,324440002441.40625,0.0
26,M0Q0,c33q0,1831054687.5,1831054687.5,0.0
26,M0Q0,c33q1,28877258300.78125,28877258300.78125,0.0
26,M0Q0,c33q2,25939941406.25,25939941406.25,0.0
26,M0Q0,c33q3,75492858886.71875,75492858886.71875,0.0
26,M0Q0,c33q4,51155090332.03125,51155090332.03125,0.0
26,M0Q0,c34q0,1296997070.3125,1296997070.3125,0.0
26,M0Q0,c34q1,38909912109.375,38909912109.375,0.0
26,M0Q0,c34q2,7820129394.53125,7820129394.53125,0.0
26,M0Q0,c34q3,33988952636.71875,33988952636.71875,0.0
26,M0Q0,c34q4,5645751953.125,5645751953.125,0.0
26,M0Q0,c35q0,7591247558.59375,7591247558.59375,0.0
26,M0Q0,c35q1,109634399414.0625,109634399414.0625,0.0
26,M0Q0,c35q2,68931579589.84375,68931579589.84375,0.0
26,M0Q0,c35q3,29220581054.6875,29220581054.6875,0.0
26,M0Q0,c35q4,41007995605.46875,41007995605.46875,0.0
26,M0Q0,c36q0,5607604980.46875,5607604980.46875,0.0
26,M0Q0,c36q1,39863586425.78125,39863586425.78125,0.0
26,M0Q0,c36q2,25177001953.125,25177001953.125,0.0
26,M0Q0,c36q3,43716430664.0625,43716430664.0625,0.0
26,M0Q0,c36q4,4692077636.71875,4692077636.71875,0.0
26,M0Q0,c37q0,11405944824.21875,11405944824.21875,0.0
26,M0Q0,c37q1,15602111816.40625,15602111816.40625,0.0
26,M0Q0,c37q2,135841369628.90625,135841369628.90625,0.0
26,M0Q0,c37q3,345001220703.125,345001220703.125,0.0
26,M0Q0,c37q4,76408386230.46875,76408386230.46875,0.0
26,M0Q0,c38q0,20256042480.46875,20256042480.46875,0.0
26,M0Q0,c38q1,93193054199.21875,93193054199.21875,0.0
26,M0Q0,c38q2,311203002929.6875,311203002929.6875,0.0
26,M0Q0,c38q3,66261291503.90625,66261291503.90625,0.0
26,M0Q0,c38q4,127716064453.125,127716064453.125,0.0
26,M0Q0,c39q0,2822875976.5625,2822875976.5625,0.0
26,M0Q0,c39q1,14572143554.6875,14572143554.6875,0.0
26,M0Q0,c39q2,120811462402.34375,120811462402.34375,0.0
26,M0Q0,c39q3,116081237792.96875,116081237792.96875,0.0
26,M0Q0,c39q4,32272338867.1875,32272338867.1875,0.0
26,M1Q0,c00q0,610351562.5,610351562.5,0.0
26,M1Q0,c00q1,61035156250.0,61035156250.0,0.0
26,M1Q0,c00q2,298156738281.25,298156738281.25,0.0
26,M1Q0,c00q3,18920898437.5,18920898437.5,0.0
26,M1Q0,c00q4,36888122558.59375,36888122558.59375,0.0
26,M1Q0,c01q0,64086914062.5,64086914062.5,0.0
26,M1Q0,c01q1,64353942871.09375,64353942871.09375,0.0
26,M1Q0,c01q2,93498229980.46875,93498229980.46875,0.0
26,M1Q0,c01q3,161437988281.25,161437988281.25,0.0
26,M1Q0,c01q4,190925598144.53125,190925598144.53125,0.0
26,M1Q0,c02q0,686645507.8125,686645507.8125,0.0
26,M1Q0,c02q1,6637573242.1875,6637573242.1875,0.0
26,M1Q0,c02q2,30670166015.625,30670166015.625,0.0
26,M1Q0,c02q3,28305053710.9375,28305053710.9375,0.0
26,M1Q0,c02q4,32272338867.1875,32272338867.1875,0.0
26,M1Q0,c03q0,10604858398.4375,10604858398.4375,0.0
26,M1Q0,c03q1,87661743164.0625,87661743164.0625,0.0
26,M1Q0,c03q2,83694458007.8125,83694458007.8125,0.0
26,M1Q0,c03q3,190086364746.09375,190086364746.09375,0.0
26,M1Q0,c03q4,50544738769.53125,50544738769.53125,0.0
26,M1Q0,c04q0,686645507.8125,686645507.8125,0.0
26,M1Q0,c04q1,62866210937.5,62866210937.5,0.0
26,M1Q0,c04q2,35667419433.59375,35667419433.59375,0.0
26,M1Q0,c04q3,45051574707.03125,45051574707.03125,0.0
26,M1Q0,c04q4,9422302246.09375,9422302246.09375,0.0
26,M1Q0,c05q0,1716613769.53125,1716613769.53125,0.0
26,M1Q0,c05q1,7514953613.28125,7514953613.28125,0.0
26,M1Q0,c05q2,103912353515.625,103912353515.625,0.0
26,M1Q0,c05q3,79994201660.15625,79994201660.15625,0.0
26,M1Q0,c05q4,320053100585.9375,320053100585.9375,0.0
26,M1Q0,c06q0,686645507.8125,686645507.8125,0.0
26,M1Q0,c06q1,3700256347.65625,3700256347.65625,0.0
26,M1Q0,c06q2,56724548339.84375,56724548339.84375,0.0
26,M1Q0,c06q3,144920349121.09375,144920349121.09375,0.0
26,M1Q0,c06q4,51383972167.96875,51383972167.96875,0.0
26,M1Q0,c07q0,6752014160.15625,6752014160.15625,0.0
26,M1Q0,c07q1,18348693847.65625,18348693847.65625,0.0
26,M1Q0,c07q2,56037902832.03125,56037902832.03125,0.0
26,M1Q0,c07q3,135192871093.75,135192871093.75,0.0
26,M1Q0,c07q4,15449523925.78125,15449523925.78125,0.0
26,M1Q0,c08q0,1296997070.3125,1296997070.3125,0.0
26,M1Q0,c08q1,1716613769.53125,1716613769.53125,0.0
26,M1Q0,c08q2,45242309570.3125,45242309570.3125,0.0
26,M1Q0,c08q3,91171264648.4375,91171264648.4375,0.0
26,M1Q0,c08q4,4119873046.875,4119873046.875,0.0
26,M1Q0,c09q0,6942749023.4375,6942749023.4375,0.0
26,M1Q0,c09q1,17814636230.46875,17814636230.46875,0.0
26,M1Q0,c09q2,26779174804.6875,26779174804.6875,0.0
26,M1Q0,c09q3,93727111816.40625,93727111816.40625,0.0
26,M1Q0,c09q4,2365112304.6875,2365112304.6875,0.0
26,M1Q0,c10q0,3776550292.96875,3776550292.96875,0.0
26,M1Q0,c10q1,55923461914.0625,55923461914.0625,0.0
26,M1Q0,c10q2,125694274902.34375,125694274902.34375,0.0
26,M1Q0,c10q3,22659301757.8125,22659301757.8125,0.0
26,M1Q0,c10q4,5302429199.21875,5302429199.21875,0.0
26,M1Q0,c11q0,686645507.8125,686645507.8125,0.0
26,M1Q0,c11q1,17204284667.96875,17204284667.96875,0.0
26,M1Q0,c11q2,155296325683.59375,155296325683.59375,0.0
26,M1Q0,c11q3,29182434082.03125,29182434082.03125,0.0
26,M1Q0,c11q4,4043579101.5625,4043579101.5625,0.0
26,M1Q0,c12q0,5226135253.90625,5226135253.90625,0.0
26,M1Q0,c12q1,199508666992.1875,199508666992.1875,0.0
26,M1Q0,c12q2,34408569335.9375,34408569335.9375,0.0
26,M1Q0,c12q3,226211547851.5625,226211547851.5625,0.0
26,M1Q0,c12q4,9460449218.75,9460449218.75,0.0
26,M1Q0,c13q0,1220703125.0,1220703125.0,0.0
26,M1Q0,c13q1,105056762695.3125,105056762695.3125,0.0
26,M1Q0,c13q2,70724487304.6875,70724487304.6875,0.0
26,M1Q0,c13q3,687789916992.1875,687789916992.1875,0.0
26,M1Q0,c13q4,174369812011.71875,174369812011.71875,0.0
26,M1Q0,c14q0,44326782226.5625,44326782226.5625,0.0
26,M1Q0,c14q1,235671997070.3125,235671997070.3125,0.0
26,M1Q0,c14q2,64430236816.40625,64430236816.40625,0.0
26,M1Q0,c14q3,338973999023.4375,338973999023.4375,0.0
26,M1Q0,c14q4,17662048339.84375,17662048339.84375,0.0
26,M1Q0,c15q0,3700256347.65625,3700256347.65625,0.0
26,M1Q0,c15q1,61759948730.46875,61759948730.46875,0.0
26,M1Q0,c15q2,108757019042.96875,108757019042.96875,0.0
26,M1Q0,c15q3,26664733886.71875,26664733886.71875,0.0
26,M1Q0,c15q4,60081481933.59375,60081481933.59375,0.0
26,M1Q0,c16q0,6065368652.34375,6065368652.34375,0.0
26,M1Q0,c16q1,22811889648.4375,22811889648.4375,0.0
26,M1Q0,c16q2,81558227539.0625,81558227539.0625,0.0
26,M1Q0,c16q3,253791809082.03125,253791809082.03125,0.0
26,M1Q0,c16q4,22430419921.875,22430419921.875,0.0
26,M1Q0,c17q0,38909912109.375,38909912109.375,0.0
26,M1Q0,c17q1,69885253906.25,69885253906.25,0.0
26,M1Q0,c17q2,225791931152.34375,225791931152.34375,0.0
26,M1Q0,c17q3,128211975097.65625,128211975097.65625,0.0
26,M1Q0,c17q4,22163391113.28125,22163391113.28125,0.0
26,M1Q0,c18q0,4577636718.75,4577636718.75,0.0
26,M1Q0,c18q1,26550292968.75,26550292968.75,0.0
26,M1Q0,c18q2,102157592773.4375,102157592773.4375,0.0
26,M1Q0,c18q3,55007934570.3125,55007934570.3125,0.0
26,M1Q0,c18q4,13618469238.28125,13618469238.28125,0.0
26,M1Q0,c19q0,5264282226.5625,5264282226.5625,0.0
26,M1Q0,c19q1,19454956054.6875,19454956054.6875,0.0
26,M1Q0,c19q2,33264160156.25,33264160156.25,0.0
26,M1Q0,c19q3,41503906250.0,41503906250.0,0.0
26,M1Q0,c19q4,8239746093.75,8239746093.75,0.0
26,M1Q0,c20q0,3433227539.0625,3433227539.0625,0.0
26,M1Q0,c20q1,48294067382.8125,48294067382.8125,0.0
26,M1Q0,c20q2,37384033203.125,37384033203.125,0.0
26,M1Q0,c20q3,42877197265.625,42877197265.625,0.0
26,M1Q0,c20q4,23155212402.34375,23155212402.34375,0.0
26,M1Q0,c21q0,7133483886.71875,7133483886.71875,0.0
26,M1Q0,c21q1,15563964843.75,15563964843.75,0.0
26,M1Q0,c21q2,248451232910.15625,248451232910.15625,0.0
26,M1Q0,c21q3,63018798828.125,63018798828.125,0.0
26,M1Q0,c21q4,36735534667.96875,36735534667.96875,0.0
26,M1Q0,c22q0,0.0,0.0,0.0
26,M1Q0,c22q1,2517700195.3125,2517700195.3125,0.0
26,M1Q0,c22q2,12207031250.0,12207031250.0,0.0
26,M1Q0,c22q3,13198852539.0625,13198852539.0625,0.0
26,M1Q0,c22q4,10337829589.84375,10337829589.84375,0.0
26,M1Q0,c23q0,12054443359.375,12054443359.375,0.0
26,M1Q0,c23q1,127677917480.46875,127677917480.46875,0.0
26,M1Q0,c23q2,158424377441.40625,158424377441.40625,0.0
26,M1Q0,c23q3,60615539550.78125,60615539550.78125,0.0
26,M1Q0,c23q4,32539367675.78125,32539367675.78125,0.0
26,M1Q0,c24q0,44364929199.21875,44364929199.21875,0.0
26,M1Q0,c24q1,32501220703.125,32501220703.125,0.0
26,M1Q0,c24q2,126228332519.53125,126228332519.53125,0.0
26,M1Q0,c24q3,61225891113.28125,61225891113.28125,0.0
26,M1Q0,c24q4,66604614257.8125,66604614257.8125,0.0
26,M1Q0,c25q0,94985961914.0625,94985961914.0625,0.0
26,M1Q0,c25q1,150375366210.9375,150375366210.9375,0.0
26,M1Q0,c25q2,260925292968.75,260925292968.75,0.0
26,M1Q0,c25q3,156936645507.8125,156936645507.8125,0.0
26,M1Q0,c25q4,88958740234.375,88958740234.375,0.0
26,M1Q0,c26q0,17382601294.50696,17318725585.9375,-63875708.56946182
26,M1Q0,c26q1,95947622529.97086,95787048339.84375,-160574190.1271057
26,M1Q0,c26q2,90743683680.8877,90637207031.25,-106476649.63769531
26,M1Q0,c26q3,65591312576.98572,65460205078.125,-131107498.86071777
26,M1Q0,c26q4,105777284800.46127,105476379394.53125,-300905405.9300232
26,M1Q0,c27q0,953674316.40625,953674316.40625,0.0
26,M1Q0,c27q1,3128051757.8125,3128051757.8125,0.0
26,M1Q0,c27q2,13236999511.71875,13236999511.71875,0.0
26,M1Q0,c27q3,8850097656.25,8850097656.25,0.0
26,M1Q0,c27q4,7705688476.5625,7705688476.5625,0.0
26,M1Q0,c28q0,5798339843.75,5798339843.75,0.0
26,M1Q0,c28q1,172729492187.5,172729492187.5,0.0
26,M1Q0,c28q2,218620300292.96875,218620300292.96875,0.0
26,M1Q0,c28q3,512809753417.96875,512809753417.96875,0.0
26,M1Q0,c28q4,910606384277.3438,911941528320.3125,1335144042.96875
26,M1Q0,c29q0,54855346679.6875,54855346679.6875,0.0
26,M1Q0,c29q1,40283203125.0,40283203125.0,0.0
26,M1Q0,c29q2,242080688476.5625,242080688476.5625,0.0
26,M1Q0,c29q3,210876464843.75,210876464843.75,0.0
26,M1Q0,c29q4,30670166015.625,30670166015.625,0.0
26,M1Q0,c30q0,1678466796.875,1678466796.875,0.0
26,M1Q0,c30q1,9918212890.625,9918212890.625,0.0
26,M1Q0,c30q2,85334777832.03125,85334777832.03125,0.0
26,M1Q0,c30q3,240135192871.09375,240135192871.09375,0.0
26,M1Q0,c30q4,985145568847.6562,985527038574.2188,381469726.5625
26,M1Q0,c31q0,1640319824.21875,1640319824.21875,0.0
26,M1Q0,c31q1,18272399902.34375,18272399902.34375,0.0
26,M1Q0,c31q2,42381286621.09375,42381286621.09375,0.0
26,M1Q0,c31q3,33149719238.28125,33149719238.28125,0.0
26,M1Q0,c31q4,29830932617.1875,29830932617.1875,0.0
26,M1Q0,c32q0,44097900390.625,44097900390.625,0.0
26,M1Q0,c32q1,213661193847.65625,213661193847.65625,0.0
26,M1Q0,c32q2,316352844238.28125,316352844238.28125,0.0
26,M1Q0,c32q3,489501953125.0,489501953125.0,0.0
26,M1Q0,c32q4,324440002441.40625,324440002441.40625,0.0
26,M1Q0,c33q0,1831054687.5,1831054687.5,0.0
26,M1Q0,c33q1,28877258300.78125,28877258300.78125,0.0
26,M1Q0,c33q2,25939941406.25,25939941406.25,0.0
26,M1Q0,c33q3,75492858886.71875,75492858886.71875,0.0
26,M1Q0,c33q4,51155090332.03125,51155090332.03125,0.0
26,M1Q0,c34q0,1296997070.3125,1296997070.3125,0.0
26,M1Q0,c34q1,38909912109.375,38909912109.375,0.0
26,M1Q0,c34q2,7820129394.53125,7820129394.53125,0.0
26,M1Q0,c34q3,33988952636.71875,33988952636.71875,0.0
26,M1Q0,c34q4,5645751953.125,5645751953.125,0.0
26,M1Q0,c35q0,7591247558.59375,7591247558.59375,0.0
26,M1Q0,c35q1,109634399414.0625,109634399414.0625,0.0
26,M1Q0,c35q2,68931579589.84375,68931579589.84375,0.0
26,M1Q0,c35q3,29220581054.6875,29220581054.6875,0.0
26,M1Q0,c35q4,41007995605.46875,41007995605.46875,0.0
26,M1Q0,c36q0,5607604980.46875,5607604980.46875,0.0
26,M1Q0,c36q1,39863586425.78125,39863586425.78125,0.0
26,M1Q0,c36q2,25177001953.125,25177001953.125,0.0
26,M1Q0,c36q3,43716430664.0625,43716430664.0625,0.0
26,M1Q0,c36q4,4692077636.71875,4692077636.71875,0.0
26,M1Q0,c37q0,11405944824.21875,11405944824.21875,0.0
26,M1Q0,c37q1,15602111816.40625,15602111816.40625,0.0
26,M1Q0,c37q2,135841369628.90625,135841369628.90625,0.0
26,M1Q0,c37q3,345001220703.125,345001220703.125,0.0
26,M1Q0,c37q4,76408386230.46875,76408386230.46875,0.0
26,M1Q0,c38q0,20256042480.46875,20256042480.46875,0.0
26,M1Q0,c38q1,93193054199.21875,93193054199.21875,0.0
26,M1Q0,c38q2,311203002929.6875,311203002929.6875,0.0
26,M1Q0,c38q3,66261291503.90625,66261291503.90625,0.0
26,M1Q0,c38q4,127716064453.125,127716064453.125,0.0
26,M1Q0,c39q0,3028428846.5278473,2822875976.5625,-205552869.9653473
26,M1Q0,c39q1,15633240802.346455,15602111816.40625,-31128985.94020462
26,M1Q0,c39q2,129608569688.5634,129394531250.0,-214038438.56340027
26,M1Q0,c39q3,124533905134.92215,124320983886.71875,-212921248.20339966
26,M1Q0,c39q4,34622308164.3589,34332275390.625,-290032773.733902
26,M0Q1,c00q0,610351562.5,610351562.5,0.0
26,M0Q1,c00q1,61035156250.0,61035156250.0,0.0
26,M0Q1,c00q2,298156738281.25,298156738281.25,0.0
26,M0Q1,c00q3,18920898437.5,18920898437.5,0.0
26,M0Q1,c00q4,36888122558.59375,36888122558.59375,0.0
26,M0Q1,c01q0,64086914062.5,64086914062.5,0.0
26,M0Q1,c01q1,64353942871.09375,64353942871.09375,0.0
26,M0Q1,c01q2,93498229980.46875,93498229980.46875,0.0
26,M0Q1,c01q3,161437988281.25,161437988281.25,0.0
26,M0Q1,c01q4,190925598144.53125,190925598144.53125,0.0
26,M0Q1,c02q0,686645507.8125,686645507.8125,0.0
26,M0Q1,c02q1,6637573242.1875,6637573242.1875,0.0
26,M0Q1,c02q2,30670166015.625,30670166015.625,0.0
26,M0Q1,c02q3,28305053710.9375,28305053710.9375,0.0
26,M0Q1,c02q4,32272338867.1875,32272338867.1875,0.0
26,M0Q1,c03q0,10604858398.4375,10604858398.4375,0.0
26,M0Q1,c03q1,87661743164.0625,87661743164.0625,0.0
26,M0Q1,c03q2,83694458007.8125,83694458007.8125,0.0
26,M0Q1,c03q3,190086364746.09375,190086364746.09375,0.0
26,M0Q1,c03q4,50544738769.53125,50544738769.53125,0.0
26,M0Q1,c04q0,686645507.8125,686645507.8125,0.0
26,M0Q1,c04q1,62866210937.5,62866210937.5,0.0
26,M0Q1,c04q2,35667419433.59375,35667419433.59375,0.0
26,M0Q1,c04q3,45051574707.03125,45051574707.03125,0.0
26,M0Q1,c04q4,9422302246.09375,9422302246.09375,0.0
26,M0Q1,c05q0,1716613769.53125,1716613769.53125,0.0
26,M0Q1,c05q1,7514953613.28125,7514953613.28125,0.0
26,M0Q1,c05q2,103912353515.625,103912353515.625,0.0
26,M0Q1,c05q3,79994201660.15625,79994201660.15625,0.0
26,M0Q1,c05q4,320053100585.9375,320053100585.9375,0.0
26,M0Q1,c06q0,686645507.8125,686645507.8125,0.0
26,M0Q1,c06q1,3700256347.65625,3700256347.65625,0.0
26,M0Q1,c06q2,56724548339.84375,56724548339.84375,0.0
26,M0Q1,c06q3,144920349121.09375,144920349121.09375,0.0
26,M0Q1,c06q4,51383972167.96875,51383972167.96875,0.0
26,M0Q1,c07q0,6752014160.15625,6752014160.15625,0.0
26,M0Q1,c07q1,18348693847.65625,18348693847.65625,0.0
26,M0Q1,c07q2,56037902832.03125,56037902832.03125,0.0
26,M0Q1,c07q3,135192871093.75,135192871093.75,0.0
26,M0Q1,c07q4,15449523925.78125,15449523925.78125,0.0
26,M0Q1,c08q0,1296997070.3125,1296997070.3125,0.0
26,M0Q1,c08q1,1716613769.53125,1716613769.53125,0.0
26,M0Q1,c08q2,45242309570.3125,45242309570.3125,0.0
26,M0Q1,c08q3,91171264648.4375,91171264648.4375,0.0
26,M0Q1,c08q4,4119873046.875,4119873046.875,0.0
26,M0Q1,c09q0,6942749023.4375,6942749023.4375,0.0
26,M0Q1,c09q1,17814636230.46875,17814636230.46875,0.0
26,M0Q1,c09q2,26779174804.6875,26779174804.6875,0.0
26,M0Q1,c09q3,93727111816.40625,93727111816.40625,0.0
26,M0Q1,c09q4,2365112304.6875,2365112304.6875,0.0
26,M0Q1,c10q0,3776550292.96875,3776550292.96875,0.0
26,M0Q1,c10q1,55923461914.0625,55923461914.0625,0.0
26,M0Q1,c10q2,125694274902.34375,125694274902.34375,0.0
26,M0Q1,c10q3,22659301757.8125,22659301757.8125,0.0
26,M0Q1,c10q4,5302429199.21875,5302429199.21875,0.0
26,M0Q1,c11q0,686645507.8125,686645507.8125,0.0
26,M0Q1,c11q1,17204284667.96875,17204284667.96875,0.0
26,M0Q1,c11q2,155296325683.59375,155296325683.59375,0.0
26,M0Q1,c11q3,29182434082.03125,29182434082.03125,0.0
26,M0Q1,c11q4,4043579101.5625,4043579101.5625,0.0
26,M0Q1,c12q0,5226135253.90625,5226135253.90625,0.0
26,M0Q1,c12q1,199508666992.1875,199508666992.1875,0.0
26,M0Q1,c12q2,34408569335.9375,34408569335.9375,0.0
26,M0Q1,c12q3,226211547851.5625,226211547851.5625,0.0
26,M0Q1,c12q4,9460449218.75,9460449218.75,0.0
26,M0Q1,c13q0,1220703125.0,1220703125.0,0.0
26,M0Q1,c13q1,105056762695.3125,105056762695.3125,0.0
26,M0Q1,c13q2,70724487304.6875,70724487304.6875,0.0
26,M0Q1,c13q3,687789916992.1875,687789916992.1875,0.0
26,M0Q1,c13q4,174369812011.71875,174369812011.71875,0.0
26,M0Q1,c14q0,44326782226.5625,44326782226.5625,0.0
26,M0Q1,c14q1,235671997070.3125,235671997070.3125,0.0
26,M0Q1,c14q2,64430236816.40625,64430236816.40625,0.0
26,M0Q1,c14q3,338973999023.4375,338973999023.4375,0.0
26,M0Q1,c14q4,17662048339.84375,17662048339.84375,0.0
26,M0Q1,c15q0,3700256347.65625,3700256347.65625,0.0
26,M0Q1,c15q1,61759948730.46875,61759948730.46875,0.0
26,M0Q1,c15q2,108757019042.96875,108757019042.96875,0.0
26,M0Q1,c15q3,26664733886.71875,26664733886.71875,0.0
26,M0Q1,c15q4,60081481933.59375,60081481933.59375,0.0
26,M0Q1,c16q0,6065368652.34375,6065368652.34375,0.0
26,M0Q1,c16q1,22811889648.4375,22811889648.4375,0.0
26,M0Q1,c16q2,81558227539.0625,81558227539.0625,0.0
26,M0Q1,c16q3,253791809082.03125,253791809082.03125,0.0
26,M0Q1,c16q4,22430419921.875,22430419921.875,0.0
26,M0Q1,c17q0,38909912109.375,38909912109.375,0.0
26,M0Q1,c17q1,69885253906.25,69885253906.25,0.0
26,M0Q1,c17q2,225791931152.34375,225791931152.34375,0.0
26,M0Q1,c17q3,128211975097.65625,128211975097.65625,0.0
26,M0Q1,c17q4,22163391113.28125,22163391113.28125,0.0
26,M0Q1,c18q0,4577636718.75,4577636718.75,0.0
26,M0Q1,c18q1,26550292968.75,26550292968.75,0.0
26,M0Q1,c18q2,102157592773.4375,102157592773.4375,0.0
26,M0Q1,c18q3,55007934570.3125,55007934570.3125,0.0
26,M0Q1,c18q4,13618469238.28125,13618469238.28125,0.0
26,M0Q1,c19q0,5264282226.5625,5264282226.5625,0.0
26,M0Q1,c19q1,19454956054.6875,19454956054.6875,0.0
26,M0Q1,c19q2,33264160156.25,33264160156.25,0.0
26,M0Q1,c19q3,41503906250.0,41503906250.0,0.0
26,M0Q1,c19q4,8239746093.75,8239746093.75,0.0
26,M0Q1,c20q0,3433227539.0625,3433227539.0625,0.0
26,M0Q1,c20q1,48294067382.8125,48294067382.8125,0.0
26,M0Q1,c20q2,37384033203.125,37384033203.125,0.0
26,M0Q1,c20q3,42877197265.625,42877197265.625,0.0
26,M0Q1,c20q4,23155212402.34375,23155212402.34375,0.0
26,M0Q1,c21q0,7133483886.71875,7133483886.71875,0.0
26,M0Q1,c21q1,15563964843.75,15563964843.75,0.0
26,M0Q1,c21q2,248451232910.15625,248451232910.15625,0.0
26,M0Q1,c21q3,63018798828.125,63018798828.125,0.0
26,M0Q1,c21q4,36735534667.96875,36735534667.96875,0.0
26,M0Q1,c22q0,0.0,0.0,0.0
26,M0Q1,c22q1,2517700195.3125,2517700195.3125,0.0
26,M0Q1,c22q2,12207031250.0,12207031250.0,0.0
26,M0Q1,c22q3,13198852539.0625,13198852539.0625,0.0
26,M0Q1,c22q4,10337829589.84375,10337829589.84375,0.0
26,M0Q1,c23q0,12054443359.375,12054443359.375,0.0
26,M0Q1,c23q1,127677917480.46875,127677917480.46875,0.0
26,M0Q1,c23q2,158424377441.40625,158424377441.40625,0.0
26,M0Q1,c23q3,60615539550.78125,60615539550.78125,0.0
26,M0Q1,c23q4,32539367675.78125,32539367675.78125,0.0
26,M0Q1,c24q0,44364929199.21875,44364929199.21875,0.0
26,M0Q1,c24q1,32501220703.125,32501220703.125,0.0
26,M0Q1,c24q2,126228332519.53125,126228332519.53125,0.0
26,M0Q1,c24q3,61225891113.28125,61225891113.28125,0.0
26,M0Q1,c24q4,66604614257.8125,66604614257.8125,0.0
26,M0Q1,c25q0,94985961914.0625,94985961914.0625,0.0
26,M0Q1,c25q1,150375366210.9375,150375366210.9375,0.0
26,M0Q1,c25q2,260925292968.75,260925292968.75,0.0
26,M0Q1,c25q3,156936645507.8125,156936645507.8125,0.0
26,M0Q1,c25q4,88958740234.375,88958740234.375,0.0
26,M0Q1,c26q0,18348693847.65625,18348693847.65625,0.0
26,M0Q1,c26q1,101280212402.34375,101280212402.34375,0.0
26,M0Q1,c26q2,95787048339.84375,95787048339.84375,0.0
26,M0Q1,c26q3,69236755371.09375,69236755371.09375,0.0
26,M0Q1,c26q4,111656188964.84375,111656188964.84375,0.0
26,M0Q1,c27q0,953674316.40625,953674316.40625,0.0
26,M0Q1,c27q1,3128051757.8125,3128051757.8125,0.0
26,M0Q1,c27q2,13236999511.71875,13236999511.71875,0.0
26,M0Q1,c27q3,8850097656.25,8850097656.25,0.0
26,M0Q1,c27q4,7705688476.5625,7705688476.5625,0.0
26,M0Q1,c28q0,5798339843.75,5798339843.75,0.0
26,M0Q1,c28q1,172729492187.5,172729492187.5,0.0
26,M0Q1,c28q2,218620300292.96875,218620300292.96875,0.0
26,M0Q1,c28q3,512809753417.96875,512809753417.96875,0.0
26,M0Q1,c28q4,910606384277.3438,910873413085.9375,267028808.59375
26,M0Q1,c29q0,54855346679.6875,54855346679.6875,0.0
26,M0Q1,c29q1,40283203125.0,40283203125.0,0.0
26,M0Q1,c29q2,242080688476.5625,242080688476.5625,0.0
26,M0Q1,c29q3,210876464843.75,210876464843.75,0.0
26,M0Q1,c29q4,30670166015.625,30670166015.625,0.0
26,M0Q1,c30q0,1678466796.875,1678466796.875,0.0
26,M0Q1,c30q1,9918212890.625,9918212890.625,0.0
26,M0Q1,c30q2,85334777832.03125,85334777832.03125,0.0
26,M0Q1,c30q3,240135192871.09375,240135192871.09375,0.0
26,M0Q1,c30q4,985145568847.6562,985221862792.9688,76293945.3125
26,M0Q1,c31q0,1640319824.21875,1640319824.21875,0.0
26,M0Q1,c31q1,18272399902.34375,18272399902.34375,0.0
26,M0Q1,c31q2,42381286621.09375,42381286621.09375,0.0
26,M0Q1,c31q3,33149719238.28125,33149719238.28125,0.0
26,M0Q1,c31q4,29830932617.1875,29830932617.1875,0.0
26,M0Q1,c32q0,44097900390.625,44097900390.625,0.0
26,M0Q1,c32q1,213661193847.65625,213661193847.65625,0.0
26,M0Q1,c32q2,316352844238.28125,316352844238.28125,0.0
26,M0Q1,c32q3,489501953125.0,489501953125.0,0.0
26,M0Q1,c32q4,324440002441.40625,324440002441.40625,0.0
26,M0Q1,c33q0,1831054687.5,1831054687.5,0.0
26,M0Q1,c33q1,28877258300.78125,28877258300.78125,0.0
26,M0Q1,c33q2,25939941406.25,25939941406.25,0.0
26,M0Q1,c33q3,75492858886.71875,75492858886.71875,0.0
26,M0Q1,c33q4,51155090332.03125,51155090332.03125,0.0
26,M0Q1,c34q0,1296997070.3125,1296997070.3125,0.0
26,M0Q1,c34q1,38909912109.375,38909912109.375,0.0
26,M0Q1,c34q2,7820129394.53125,7820129394.53125,0.0
26,M0Q1,c34q3,33988952636.71875,33988952636.71875,0.0
26,M0Q1,c34q4,5645751953.125,5645751953.125,0.0
26,M0Q1,c35q0,7591247558.59375,7591247558.59375,0.0
26,M0Q1,c35q1,109634399414.0625,109634399414.0625,0.0
26,M0Q1,c35q2,68931579589.84375,68931579589.84375,0.0
26,M0Q1,c35q3,29220581054.6875,29220581054.6875,0.0
26,M0Q1,c35q4,41007995605.46875,41007995605.46875,0.0
26,M0Q1,c36q0,5607604980.46875,5607604980.46875,0.0
26,M0Q1,c36q1,39863586425.78125,39863586425.78125,0.0
26,M0Q1,c36q2,25177001953.125,25177001953.125,0.0
26,M0Q1,c36q3,43716430664.0625,43716430664.0625,0.0
26,M0Q1,c36q4,4692077636.71875,4692077636.71875,0.0
26,M0Q1,c37q0,11405944824.21875,11405944824.21875,0.0
26,M0Q1,c37q1,15602111816.40625,15602111816.40625,0.0
26,M0Q1,c37q2,135841369628.90625,135841369628.90625,0.0
26,M0Q1,c37q3,345001220703.125,345001220703.125,0.0
26,M0Q1,c37q4,76408386230.46875,76408386230.46875,0.0
26,M0Q1,c38q0,20256042480.46875,20256042480.46875,0.0
26,M0Q1,c38q1,93193054199.21875,93193054199.21875,0.0
26,M0Q1,c38q2,311203002929.6875,311203002929.6875,0.0
26,M0Q1,c38q3,66261291503.90625,66261291503.90625,0.0
26,M0Q1,c38q4,127716064453.125,127716064453.125,0.0
26,M0Q1,c39q0,3626892415.505956,3509521484.375,-117370931.13095617
26,M0Q1,c39q1,10845119477.7384,10795593261.71875,-49526216.019649506
26,M0Q1,c39q2,109162350152.97339,109138488769.53125,-23861383.442138672
26,M0Q1,c39q3,125092230566.17603,125007629394.53125,-84601171.64477539
26,M0Q1,c39q4,37833465981.35625,37765502929.6875,-67963051.66874695
26,M1Q1,c00q0,610351562.5,610351562.5,0.0
26,M1Q1,c00q1,61035156250.0,61035156250.0,0.0
26,M1Q1,c00q2,298156738281.25,298156738281.25,0.0
26,M1Q1,c00q3,18920898437.5,18920898437.5,0.0
26,M1Q1,c00q4,36888122558.59375,36888122558.59375,0.0
26,M1Q1,c01q0,64086914062.5,64086914062.5,0.0
26,M1Q1,c01q1,64353942871.09375,64353942871.09375,0.0
26,M1Q1,c01q2,93498229980.46875,93498229980.46875,0.0
26,M1Q1,c01q3,161437988281.25,161437988281.25,0.0
26,M1Q1,c01q4,190925598144.53125,190925598144.53125,0.0
26,M1Q1,c02q0,686645507.8125,686645507.8125,0.0
26,M1Q1,c02q1,6637573242.1875,6637573242.1875,0.0
26,M1Q1,c02q2,30670166015.625,30670166015.625,0.0
26,M1Q1,c02q3,28305053710.9375,28305053710.9375,0.0
26,M1Q1,c02q4,32272338867.1875,32272338867.1875,0.0
26,M1Q1,c03q0,10604858398.4375,10604858398.4375,0.0
26,M1Q1,c03q1,87661743164.0625,87661743164.0625,0.0
26,M1Q1,c03q2,83694458007.8125,83694458007.8125,0.0
26,M1Q1,c03q3,190086364746.09375,190086364746.09375,0.0
26,M1Q1,c03q4,50544738769.53125,50544738769.53125,0.0
26,M1Q1,c04q0,686645507.8125,686645507.8125,0.0
26,M1Q1,c04q1,62866210937.5,62866210937.5,0.0
26,M1Q1,c04q2,35667419433.59375,35667419433.59375,0.0
26,M1Q1,c04q3,45051574707.03125,45051574707.03125,0.0
26,M1Q1,c04q4,9422302246.09375,9422302246.09375,0.0
26,M1Q1,c05q0,1716613769.53125,1716613769.53125,0.0
26,M1Q1,c05q1,7514953613.28125,7514953613.28125,0.0
26,M1Q1,c05q2,103912353515.625,103912353515.625,0.0
26,M1Q1,c05q3,79994201660.15625,79994201660.15625,0.0
26,M1Q1,c05q4,320053100585.9375,320053100585.9375,0.0
26,M1Q1,c06q0,686645507.8125,686645507.8125,0.0
26,M1Q1,c06q1,3700256347.65625,3700256347.65625,0.0
26,M1Q1,c06q2,56724548339.84375,56724548339.84375,0.0
26,M1Q1,c06q3,144920349121.09375,144920349121.09375,0.0
26,M1Q1,c06q4,51383972167.96875,51383972167.96875,0.0
26,M1Q1,c07q0,6752014160.15625,6752014160.15625,0.0
26,M1Q1,c07q1,18348693847.65625,18348693847.65625,0.0
26,M1Q1,c07q2,56037902832.03125,56037902832.03125,0.0
26,M1Q1,c07q3,135192871093.75,135192871093.75,0.0
26,M1Q1,c07q4,15449523925.78125,15449523925.78125,0.0
26,M1Q1,c08q0,1296997070.3125,1296997070.3125,0.0
26,M1Q1,c08q1,1716613769.53125,1716613769.53125,0.0
26,M1Q1,c08q2,45242309570.3125,45242309570.3125,0.0
26,M1Q1,c08q3,91171264648.4375,91171264648.4375,0.0
26,M1Q1,c08q4,4119873046.875,4119873046.875,0.0
26,M1Q1,c09q0,6942749023.4375,6942749023.4375,0.0
26,M1Q1,c09q1,17814636230.46875,17814636230.46875,0.0
26,M1Q1,c09q2,26779174804.6875,26779174804.6875,0.0
26,M1Q1,c09q3,93727111816.40625,93727111816.40625,0.0
26,M1Q1,c09q4,2365112304.6875,2365112304.6875,0.0
26,M1Q1,c10q0,3776550292.96875,3776550292.96875,0.0
26,M1Q1,c10q1,55923461914.0625,55923461914.0625,0.0
26,M1Q1,c10q2,125694274902.34375,125694274902.34375,0.0
26,M1Q1,c10q3,22659301757.8125,22659301757.8125,0.0
26,M1Q1,c10q4,5302429199.21875,5302429199.21875,0.0
26,M1Q1,c11q0,686645507.8125,686645507.8125,0.0
26,M1Q1,c11q1,17204284667.96875,17204284667.96875,0.0
26,M1Q1,c11q2,155296325683.59375,155296325683.59375,0.0
26,M1Q1,c11q3,29182434082.03125,29182434082.03125,0.0
26,M1Q1,c11q4,4043579101.5625,4043579101.5625,0.0
26,M1Q1,c12q0,5226135253.90625,5226135253.90625,0.0
26,M1Q1,c12q1,199508666992.1875,199508666992.1875,0.0
26,M1Q1,c12q2,34408569335.9375,34408569335.9375,0.0
26,M1Q1,c12q3,226211547851.5625,226211547851.5625,0.0
26,M1Q1,c12q4,9460449218.75,9460449218.75,0.0
26,M1Q1,c13q0,1220703125.0,1220703125.0,0.0
26,M1Q1,c13q1,105056762695.3125,105056762695.3125,0.0
26,M1Q1,c13q2,70724487304.6875,70724487304.6875,0.0
26,M1Q1,c13q3,687789916992.1875,687789916992.1875,0.0
26,M1Q1,c13q4,174369812011.71875,174369812011.71875,0.0
26,M1Q1,c14q0,44326782226.5625,44326782226.5625,0.0
26,M1Q1,c14q1,235671997070.3125,235671997070.3125,0.0
26,M1Q1,c14q2,64430236816.40625,64430236816.40625,0.0
26,M1Q1,c14q3,338973999023.4375,338973999023.4375,0.0
26,M1Q1,c14q4,17662048339.84375,17662048339.84375,0.0
26,M1Q1,c15q0,3700256347.65625,3700256347.65625,0.0
26,M1Q1,c15q1,61759948730.46875,61759948730.46875,0.0
26,M1Q1,c15q2,108757019042.96875,108757019042.96875,0.0
26,M1Q1,c15q3,26664733886.71875,26664733886.71875,0.0
26,M1Q1,c15q4,60081481933.59375,60081481933.59375,0.0
26,M1Q1,c16q0,6065368652.34375,6065368652.34375,0.0
26,M1Q1,c16q1,22811889648.4375,22811889648.4375,0.0
26,M1Q1,c16q2,81558227539.0625,81558227539.0625,0.0
26,M1Q1,c16q3,253791809082.03125,253791809082.03125,0.0
26,M1Q1,c16q4,22430419921.875,22430419921.875,0.0
26,M1Q1,c17q0,38909912109.375,38909912109.375,0.0
26,M1Q1,c17q1,69885253906.25,69885253906.25,0.0
26,M1Q1,c17q2,225791931152.34375,225791931152.34375,0.0
26,M1Q1,c17q3,128211975097.65625,128211975097.65625,0.0
26,M1Q1,c17q4,22163391113.28125,22163391113.28125,0.0
26,M1Q1,c18q0,4577636718.75,4577636718.75,0.0
26,M1Q1,c18q1,26550292968.75,26550292968.75,0.0
26,M1Q1,c18q2,102157592773.4375,102157592773.4375,0.0
26,M1Q1,c18q3,55007934570.3125,55007934570.3125,0.0
26,M1Q1,c18q4,13618469238.28125,13618469238.28125,0.0
26,M1Q1,c19q0,5264282226.5625,5264282226.5625,0.0
26,M1Q1,c19q1,19454956054.6875,19454956054.6875,0.0
26,M1Q1,c19q2,33264160156.25,33264160156.25,0.0
26,M1Q1,c19q3,41503906250.0,41503906250.0,0.0
26,M1Q1,c19q4,8239746093.75,8239746093.75,0.0
26,M1Q1,c20q0,3433227539.0625,3433227539.0625,0.0
26,M1Q1,c20q1,48294067382.8125,48294067382.8125,0.0
26,M1Q1,c20q2,37384033203.125,37384033203.125,0.0
26,M1Q1,c20q3,42877197265.625,42877197265.625,0.0
26,M1Q1,c20q4,23155212402.34375,23155212402.34375,0.0
26,M1Q1,c21q0,7133483886.71875,7133483886.71875,0.0
26,M1Q1,c21q1,15563964843.75,15563964843.75,0.0
26,M1Q1,c21q2,248451232910.15625,248451232910.15625,0.0
26,M1Q1,c21q3,63018798828.125,63018798828.125,0.0
26,M1Q1,c21q4,36735534667.96875,36735534667.96875,0.0
26,M1Q1,c22q0,0.0,0.0,0.0
26,M1Q1,c22q1,2517700195.3125,2517700195.3125,0.0
26,M1Q1,c22q2,12207031250.0,12207031250.0,0.0
26,M1Q1,c22q3,13198852539.0625,13198852539.0625,0.0
26,M1Q1,c22q4,10337829589.84375,10337829589.84375,0.0
26,M1Q1,c23q0,12054443359.375,12054443359.375,0.0
26,M1Q1,c23q1,127677917480.46875,127677917480.46875,0.0
26,M1Q1,c23q2,158424377441.40625,158424377441.40625,0.0
26,M1Q1,c23q3,60615539550.78125,60615539550.78125,0.0
26,M1Q1,c23q4,32539367675.78125,32539367675.78125,0.0
26,M1Q1,c24q0,44364929199.21875,44364929199.21875,0.0
26,M1Q1,c24q1,32501220703.125,32501220703.125,0.0
26,M1Q1,c24q2,126228332519.53125,126228332519.53125,0.0
26,M1Q1,c24q3,61225891113.28125,61225891113.28125,0.0
26,M1Q1,c24q4,66604614257.8125,66604614257.8125,0.0
26,M1Q1,c25q0,94985961914.0625,94985961914.0625,0.0
26,M1Q1,c25q1,150375366210.9375,150375366210.9375,0.0
26,M1Q1,c25q2,260925292968.75,260925292968.75,0.0
26,M1Q1,c25q3,156936645507.8125,156936645507.8125,0.0
26,M1Q1,c25q4,88958740234.375,88958740234.375,0.0
26,M1Q1,c26q0,17382601294.50696,17318725585.9375,-63875708.56946182
26,M1Q1,c26q1,95947622529.97086,95787048339.84375,-160574190.1271057
26,M1Q1,c26q2,90743683680.8877,90637207031.25,-106476649.63769531
26,M1Q1,c26q3,65591312576.98572,65460205078.125,-131107498.86071777
26,M1Q1,c26q4,105777284800.46127,105476379394.53125,-300905405.9300232
26,M1Q1,c27q0,953674316.40625,953674316.40625,0.0
26,M1Q1,c27q1,3128051757.8125,3128051757.8125,0.0
26,M1Q1,c27q2,13236999511.71875,13236999511.71875,0.0
26,M1Q1,c27q3,8850097656.25,8850097656.25,0.0
26,M1Q1,c27q4,7705688476.5625,7705688476.5625,0.0
26,M1Q1,c28q0,5798339843.75,5798339843.75,0.0
26,M1Q1,c28q1,172729492187.5,172729492187.5,0.0
26,M1Q1,c28q2,218620300292.96875,218620300292.96875,0.0
26,M1Q1,c28q3,512809753417.96875,512809753417.96875,0.0
26,M1Q1,c28q4,910606384277.3438,911674499511.7188,1068115234.375
26,M1Q1,c29q0,54855346679.6875,54855346679.6875,0.0
26,M1Q1,c29q1,40283203125.0,40283203125.0,0.0
26,M1Q1,c29q2,242080688476.5625,242080688476.5625,0.0
26,M1Q1,c29q3,210876464843.75,210876464843.75,0.0
26,M1Q1,c29q4,30670166015.625,30670166015.625,0.0
26,M1Q1,c30q0,1678466796.875,1678466796.875,0.0
26,M1Q1,c30q1,9918212890.625,9918212890.625,0.0
26,M1Q1,c30q2,85334777832.03125,85334777832.03125,0.0
26,M1Q1,c30q3,240135192871.09375,240135192871.09375,0.0
26,M1Q1,c30q4,985145568847.6562,985450744628.9062,305175781.25
26,M1Q1,c31q0,1640319824.21875,1640319824.21875,0.0
26,M1Q1,c31q1,18272399902.34375,18272399902.34375,0.0
26,M1Q1,c31q2,42381286621.09375,42381286621.09375,0.0
26,M1Q1,c31q3,33149719238.28125,33149719238.28125,0.0
26,M1Q1,c31q4,29830932617.1875,29830932617.1875,0.0
26,M1Q1,c32q0,44097900390.625,44097900390.625,0.0
26,M1Q1,c32q1,213661193847.65625,213661193847.65625,0.0
26,M1Q1,c32q2,316352844238.28125,316352844238.28125,0.0
26,M1Q1,c32q3,489501953125.0,489501953125.0,0.0
26,M1Q1,c32q4,324440002441.40625,324440002441.40625,0.0
26,M1Q1,c33q0,1831054687.5,1831054687.5,0.0
26,M1Q1,c33q1,28877258300.78125,28877258300.78125,0.0
26,M1Q1,c33q2,25939941406.25,25939941406.25,0.0
26,M1Q1,c33q3,75492858886.71875,75492858886.71875,0.0
26,M1Q1,c33q4,51155090332.03125,51155090332.03125,0.0
26,M1Q1,c34q0,1296997070.3125,1296997070.3125,0.0
26,M1Q1,c34q1,38909912109.375,38909912109.375,0.0
26,M1Q1,c34q2,7820129394.53125,7820129394.53125,0.0
26,M1Q1,c34q3,33988952636.71875,33988952636.71875,0.0
26,M1Q1,c34q4,5645751953.125,5645751953.125,0.0
26,M1Q1,c35q0,7591247558.59375,7591247558.59375,0.0
26,M1Q1,c35q1,109634399414.0625,109634399414.0625,0.0
26,M1Q1,c35q2,68931579589.84375,68931579589.84375,0.0
26,M1Q1,c35q3,29220581054.6875,29220581054.6875,0.0
26,M1Q1,c35q4,41007995605.46875,41007995605.46875,0.0
26,M1Q1,c36q0,5607604980.46875,5607604980.46875,0.0
26,M1Q1,c36q1,39863586425.78125,39863586425.78125,0.0
26,M1Q1,c36q2,25177001953.125,25177001953.125,0.0
26,M1Q1,c36q3,43716430664.0625,43716430664.0625,0.0
26,M1Q1,c36q4,4692077636.71875,4692077636.71875,0.0
26,M1Q1,c37q0,11405944824.21875,11405944824.21875,0.0
26,M1Q1,c37q1,15602111816.40625,15602111816.40625,0.0
26,M1Q1,c37q2,135841369628.90625,135841369628.90625,0.0
26,M1Q1,c37q3,345001220703.125,345001220703.125,0.0
26,M1Q1,c37q4,76408386230.46875,76408386230.46875,0.0
26,M1Q1,c38q0,20256042480.46875,20256042480.46875,0.0
26,M1Q1,c38q1,93193054199.21875,93193054199.21875,0.0
26,M1Q1,c38q2,311203002929.6875,311203002929.6875,0.0
26,M1Q1,c38q3,66261291503.90625,66261291503.90625,0.0
26,M1Q1,c38q4,127716064453.125,127716064453.125,0.0
26,M1Q1,c39q0,3890991210.9375,3852844238.28125,-38146972.65625
26,M1Q1,c39q1,11634826660.15625,11482238769.53125,-152587890.625
26,M1Q1,c39q2,117111206054.6875,117034912109.375,-76293945.3125
26,M1Q1,c39q3,134201049804.68752,133934020996.09375,-267028808.59376526
26,M1Q1,c39q4,40588378906.25,40512084960.9375,-76293945.3125
37,M0Q0,c00q0,610351562.5,610351562.5,0.0
37,M0Q0,c00q1,61035156250.0,61035156250.0,0.0
37,M0Q0,c00q2,298156738281.25,298156738281.25,0.0
37,M0Q0,c00q3,18920898437.5,18920898437.5,0.0
37,M0Q0,c00q4,36888122558.59375,36888122558.59375,0.0
37,M0Q0,c01q0,64086914062.5,64086914062.5,0.0
37,M0Q0,c01q1,64353942871.09375,64353942871.09375,0.0
37,M0Q0,c01q2,93498229980.46875,93498229980.46875,0.0
37,M0Q0,c01q3,161437988281.25,161437988281.25,0.0
37,M0Q0,c01q4,190925598144.53125,190925598144.53125,0.0
37,M0Q0,c02q0,686645507.8125,686645507.8125,0.0
37,M0Q0,c02q1,6637573242.1875,6637573242.1875,0.0
37,M0Q0,c02q2,30670166015.625,30670166015.625,0.0
37,M0Q0,c02q3,28305053710.9375,28305053710.9375,0.0
37,M0Q0,c02q4,32272338867.1875,32272338867.1875,0.0
37,M0Q0,c03q0,10604858398.4375,10604858398.4375,0.0
37,M0Q0,c03q1,87661743164.0625,87661743164.0625,0.0
37,M0Q0,c03q2,83694458007.8125,83694458007.8125,0.0
37,M0Q0,c03q3,190086364746.09375,190086364746.09375,0.0
37,M0Q0,c03q4,50544738769.53125,50544738769.53125,0.0
37,M0Q0,c04q0,686645507.8125,686645507.8125,0.0
37,M0Q0,c04q1,62866210937.5,62866210937.5,0.0
37,M0Q0,c04q2,35667419433.59375,35667419433.59375,0.0
37,M0Q0,c04q3,45051574707.03125,45051574707.03125,0.0
37,M0Q0,c04q4,9422302246.09375,9422302246.09375,0.0
37,M0Q0,c05q0,1716613769.53125,1716613769.53125,0.0
37,M0Q0,c05q1,7514953613.28125,7514953613.28125,0.0
37,M0Q0,c05q2,103912353515.625,103912353515.625,0.0
37,M0Q0,c05q3,79994201660.15625,79994201660.15625,0.0
37,M0Q0,c05q4,320053100585.9375,320053100585.9375,0.0
37,M0Q0,c06q0,686645507.8125,686645507.8125,0.0
37,M0Q0,c06q1,3700256347.65625,3700256347.65625,0.0
37,M0Q0,c06q2,56724548339.84375,56724548339.84375,0.0
37,M0Q0,c06q3,144920349121.09375,144920349121.09375,0.0
37,M0Q0,c06q4,51383972167.96875,51383972167.96875,0.0
37,M0Q0,c07q0,6752014160.15625,6752014160.15625,0.0
37,M0Q0,c07q1,18348693847.65625,18348693847.65625,0.0
37,M0Q0,c07q2,56037902832.03125,56037902832.03125,0.0
37,M0Q0,c07q3,135192871093.75,135192871093.75,0.0
37,M0Q0,c07q4,15449523925.78125,15449523925.78125,0.0
37,M0Q0,c08q0,1296997070.3125,1296997070.3125,0.0
37,M0Q0,c08q1,1716613769.53125,1716613769.53125,0.0
37,M0Q0,c08q2,45242309570.3125,45242309570.3125,0.0
37,M0Q0,c08q3,91171264648.4375,91171264648.4375,0.0
37,M0Q0,c08q4,4119873046.875,4119873046.875,0.0
37,M0Q0,c09q0,6942749023.4375,6942749023.4375,0.0
37,M0Q0,c09q1,17814636230.46875,17814636230.46875,0.0
37,M0Q0,c09q2,26779174804.6875,26779174804.6875,0.0
37,M0Q0,c09q3,93727111816.40625,93727111816.40625,0.0
37,M0Q0,c09q4,2365112304.6875,2365112304.6875,0.0
37,M0Q0,c10q0,3776550292.96875,3776550292.96875,0.0
37,M0Q0,c10q1,55923461914.0625,55923461914.0625,0.0
37,M0Q0,c10q2,125694274902.34375,125694274902.34375,0.0
37,M0Q0,c10q3,22659301757.8125,22659301757.8125,0.0
37,M0Q0,c10q4,5302429199.21875,5302429199.21875,0.0
37,M0Q0,c11q0,686645507.8125,686645507.8125,0.0
37,M0Q0,c11q1,17204284667.96875,17204284667.96875,0.0
37,M0Q0,c11q2,155296325683.59375,155296325683.59375,0.0
37,M0Q0,c11q3,29182434082.03125,29182434082.03125,0.0
37,M0Q0,c11q4,4043579101.5625,4043579101.5625,0.0
37,M0Q0,c12q0,5226135253.90625,5226135253.90625,0.0
37,M0Q0,c12q1,199508666992.1875,199508666992.1875,0.0
37,M0Q0,c12q2,34408569335.9375,34408569335.9375,0.0
37,M0Q0,c12q3,226211547851.5625,226211547851.5625,0.0
37,M0Q0,c12q4,9460449218.75,9460449218.75,0.0
37,M0Q0,c13q0,1220703125.0,1220703125.0,0.0
37,M0Q0,c13q1,105056762695.3125,105056762695.3125,0.0
37,M0Q0,c13q2,70724487304.6875,70724487304.6875,0.0
37,M0Q0,c13q3,687789916992.1875,687789916992.1875,0.0
37,M0Q0,c13q4,174369812011.71875,174369812011.71875,0.0
37,M0Q0,c14q0,44326782226.5625,44326782226.5625,0.0
37,M0Q0,c14q1,235671997070.3125,235671997070.3125,0.0
37,M0Q0,c14q2,64430236816.40625,64430236816.40625,0.0
37,M0Q0,c14q3,338973999023.4375,338973999023.4375,0.0
37,M0Q0,c14q4,17662048339.84375,17662048339.84375,0.0
37,M0Q0,c15q0,3700256347.65625,3700256347.65625,0.0
37,M0Q0,c15q1,61759948730.46875,61759948730.46875,0.0
37,M0Q0,c15q2,108757019042.96875,108757019042.96875,0.0
37,M0Q0,c15q3,26664733886.71875,26664733886.71875,0.0
37,M0Q0,c15q4,60081481933.59375,60081481933.59375,0.0
37,M0Q0,c16q0,6065368652.34375,6065368652.34375,0.0
37,M0Q0,c16q1,22811889648.4375,22811889648.4375,0.0
37,M0Q0,c16q2,81558227539.0625,81558227539.0625,0.0
37,M0Q0,c16q3,253791809082.03125,253791809082.03125,0.0
37,M0Q0,c16q4,22430419921.875,22430419921.875,0.0
37,M0Q0,c17q0,38909912109.375,38909912109.375,0.0
37,M0Q0,c17q1,69885253906.25,69885253906.25,0.0
37,M0Q0,c17q2,225791931152.34375,225791931152.34375,0.0
37,M0Q0,c17q3,128211975097.65625,128211975097.65625,0.0
37,M0Q0,c17q4,22163391113.28125,22163391113.28125,0.0
37,M0Q0,c18q0,4577636718.75,4577636718.75,0.0
37,M0Q0,c18q1,26550292968.75,26550292968.75,0.0
37,M0Q0,c18q2,102157592773.4375,102157592773.4375,0.0
37,M0Q0,c18q3,55007934570.3125,55007934570.3125,0.0
37,M0Q0,c18q4,13618469238.28125,13618469238.28125,0.0
37,M0Q0,c19q0,5264282226.5625,5264282226.5625,0.0
37,M0Q0,c19q1,19454956054.6875,19454956054.6875,0.0
37,M0Q0,c19q2,33264160156.25,33264160156.25,0.0
37,M0Q0,c19q3,41503906250.0,41503906250.0,0.0
37,M0Q0,c19q4,8239746093.75,8239746093.75,0.0
37,M0Q0,c20q0,3433227539.0625,3433227539.0625,0.0
37,M0Q0,c20q1,48294067382.8125,48294067382.8125,0.0
37,M0Q0,c20q2,37384033203.125,37384033203.125,0.0
37,M0Q0,c20q3,42877197265.625,42877197265.625,0.0
37,M0Q0,c20q4,23155212402.34375,23155212402.34375,0.0
37,M0Q0,c21q0,7133483886.71875,7133483886.71875,0.0
37,M0Q0,c21q1,15563964843.75,15563964843.75,0.0
37,M0Q0,c21q2,248451232910.15625,248451232910.15625,0.0
37,M0Q0,c21q3,63018798828.125,63018798828.125,0.0
37,M0Q0,c21q4,36735534667.96875,36735534667.96875,0.0
37,M0Q0,c22q0,0.0,0.0,0.0
37,M0Q0,c22q1,2517700195.3125,2517700195.3125,0.0
37,M0Q0,c22q2,12207031250.0,12207031250.0,0.0
37,M0Q0,c22q3,13198852539.0625,13198852539.0625,0.0
37,M0Q0,c22q4,10337829589.84375,10337829589.84375,0.0
37,M0Q0,c23q0,12054443359.375,12054443359.375,0.0
37,M0Q0,c23q1,127677917480.46875,127677917480.46875,0.0
37,M0Q0,c23q2,158424377441.40625,158424377441.40625,0.0
37,M0Q0,c23q3,60615539550.78125,60615539550.78125,0.0
37,M0Q0,c23q4,32539367675.78125,32539367675.78125,0.0
37,M0Q0,c24q0,44364929199.21875,44364929199.21875,0.0
37,M0Q0,c24q1,32501220703.125,32501220703.125,0.0
37,M0Q0,c24q2,126228332519.53125,126228332519.53125,0.0
37,M0Q0,c24q3,61225891113.28125,61225891113.28125,0.0
37,M0Q0,c24q4,66604614257.8125,66604614257.8125,0.0
37,M0Q0,c25q0,94985961914.0625,94985961914.0625,0.0
37,M0Q0,c25q1,150375366210.9375,150375366210.9375,0.0
37,M0Q0,c25q2,260925292968.75,260925292968.75,0.0
37,M0Q0,c25q3,156936645507.8125,156936645507.8125,0.0
37,M0Q0,c25q4,88958740234.375,88958740234.375,0.0
37,M0Q0,c26q0,18348693847.65625,18348693847.65625,0.0
37,M0Q0,c26q1,101280212402.34375,101280212402.34375,0.0
37,M0Q0,c26q2,95787048339.84375,95787048339.84375,0.0
37,M0Q0,c26q3,69236755371.09375,69236755371.09375,0.0
37,M0Q0,c26q4,111656188964.84375,111656188964.84375,0.0
37,M0Q0,c27q0,953674316.40625,953674316.40625,0.0
37,M0Q0,c27q1,3128051757.8125,3128051757.8125,0.0
37,M0Q0,c27q2,13236999511.71875,13236999511.71875,0.0
37,M0Q0,c27q3,8850097656.25,8850097656.25,0.0
37,M0Q0,c27q4,7705688476.5625,7705688476.5625,0.0
37,M0Q0,c28q0,5798339843.75,5798339843.75,0.0
37,M0Q0,c28q1,172729492187.5,172729492187.5,0.0
37,M0Q0,c28q2,218620300292.96875,218620300292.96875,0.0
37,M0Q0,c28q3,512809753417.96875,512809753417.96875,0.0
37,M0Q0,c28q4,910606384277.3438,910606384277.3438,0.0
37,M0Q0,c29q0,54855346679.6875,54855346679.6875,0.0
37,M0Q0,c29q1,40283203125.0,40283203125.0,0.0
37,M0Q0,c29q2,242080688476.5625,242080688476.5625,0.0
37,M0Q0,c29q3,210876464843.75,210876464843.75,0.0
37,M0Q0,c29q4,30670166015.625,30670166015.625,0.0
37,M0Q0,c30q0,1678466796.875,1678466796.875,0.0
37,M0Q0,c30q1,9918212890.625,9918212890.625,0.0
37,M0Q0,c30q2,85334777832.03125,85334777832.03125,0.0
37,M0Q0,c30q3,240135192871.09375,240135192871.09375,0.0
37,M0Q0,c30q4,985145568847.6562,985145568847.6562,0.0
37,M0Q0,c31q0,1640319824.21875,1640319824.21875,0.0
37,M0Q0,c31q1,18272399902.34375,18272399902.34375,0.0
37,M0Q0,c31q2,42381286621.09375,42381286621.09375,0.0
37,M0Q0,c31q3,33149719238.28125,33149719238.28125,0.0
37,M0Q0,c31q4,29830932617.1875,29830932617.1875,0.0
37,M0Q0,c32q0,44097900390.625,44097900390.625,0.0
37,M0Q0,c32q1,213661193847.65625,213661193847.65625,0.0
37,M0Q0,c32q2,316352844238.28125,316352844238.28125,0.0
37,M0Q0,c32q3,489501953125.0,489501953125.0,0.0
37,M0Q0,c32q4,324440002441.40625,324440002441.40625,0.0
37,M0Q0,c33q0,1831054687.5,1831054687.5,0.0
37,M0Q0,c33q1,28877258300.78125,28877258300.78125,0.0
37,M0Q0,c33q2,25939941406.25,25939941406.25,0.0
37,M0Q0,c33q3,75492858886.71875,75492858886.71875,0.0
37,M0Q0,c33q4,51155090332.03125,51155090332.03125,0.0
37,M0Q0,c34q0,1296997070.3125,1296997070.3125,0.0
37,M0Q0,c34q1,38909912109.375,38909912109.375,0.0
37,M0Q0,c34q2,7820129394.53125,7820129394.53125,0.0
37,M0Q0,c34q3,33988952636.71875,33988952636.71875,0.0
37,M0Q0,c34q4,5645751953.125,5645751953.125,0.0
37,M0Q0,c35q0,7591247558.59375,7591247558.59375,0.0
37,M0Q0,c35q1,109634399414.0625,109634399414.0625,0.0
37,M0Q0,c35q2,68931579589.84375,68931579589.84375,0.0
37,M0Q0,c35q3,29220581054.6875,29220581054.6875,0.0
37,M0Q0,c35q4,41007995605.46875,41007995605.46875,0.0
37,M0Q0,c36q0,5607604980.46875,5607604980.46875,0.0
37,M0Q0,c36q1,39863586425.78125,39863586425.78125,0.0
37,M0Q0,c36q2,25177001953.125,25177001953.125,0.0
37,M0Q0,c36q3,43716430664.0625,43716430664.0625,0.0
37,M0Q0,c36q4,4692077636.71875,4692077636.71875,0.0
37,M0Q0,c37q0,11405944824.21875,11405944824.21875,0.0
37,M0Q0,c37q1,15602111816.40625,15602111816.40625,0.0
37,M0Q0,c37q2,135841369628.90625,135841369628.90625,0.0
37,M0Q0,c37q3,345001220703.125,345001220703.125,0.0
37,M0Q0,c37q4,76408386230.46875,76408386230.46875,0.0
37,M0Q0,c38q0,20256042480.46875,20256042480.46875,0.0
37,M0Q0,c38q1,93193054199.21875,93193054199.21875,0.0
37,M0Q0,c38q2,311203002929.6875,311203002929.6875,0.0
37,M0Q0,c38q3,66261291503.90625,66261291503.90625,0.0
37,M0Q0,c38q4,127716064453.125,127716064453.125,0.0
37,M0Q0,c39q0,2822875976.5625,2822875976.5625,0.0
37,M0Q0,c39q1,14572143554.6875,14572143554.6875,0.0
37,M0Q0,c39q2,120811462402.34375,120811462402.34375,0.0
37,M0Q0,c39q3,116081237792.96875,116081237792.96875,0.0
37,M0Q0,c39q4,32272338867.1875,32272338867.1875,0.0
37,M1Q0,c00q0,610351562.5,610351562.5,0.0
37,M1Q0,c00q1,61035156250.0,61035156250.0,0.0
37,M1Q0,c00q2,298156738281.25,298156738281.25,0.0
37,M1Q0,c00q3,18920898437.5,18920898437.5,0.0
37,M1Q0,c00q4,36888122558.59375,36888122558.59375,0.0
37,M1Q0,c01q0,64086914062.5,64086914062.5,0.0
37,M1Q0,c01q1,64353942871.09375,64353942871.09375,0.0
37,M1Q0,c01q2,93498229980.46875,93498229980.46875,0.0
37,M1Q0,c01q3,161437988281.25,161437988281.25,0.0
37,M1Q0,c01q4,190925598144.53125,190925598144.53125,0.0
37,M1Q0,c02q0,686645507.8125,686645507.8125,0.0
37,M1Q0,c02q1,6637573242.1875,6637573242.1875,0.0
37,M1Q0,c02q2,30670166015.625,30670166015.625,0.0
37,M1Q0,c02q3,28305053710.9375,28305053710.9375,0.0
37,M1Q0,c02q4,32272338867.1875,32272338867.1875,0.0
37,M1Q0,c03q0,10604858398.4375,10604858398.4375,0.0
37,M1Q0,c03q1,87661743164.0625,87661743164.0625,0.0
37,M1Q0,c03q2,83694458007.8125,83694458007.8125,0.0
37,M1Q0,c03q3,190086364746.09375,190086364746.09375,0.0
37,M1Q0,c03q4,50544738769.53125,50544738769.53125,0.0
37,M1Q0,c04q0,686645507.8125,686645507.8125,0.0
37,M1Q0,c04q1,62866210937.5,62866210937.5,0.0
37,M1Q0,c04q2,35667419433.59375,35667419433.59375,0.0
37,M1Q0,c04q3,45051574707.03125,45051574707.03125,0.0
37,M1Q0,c04q4,9422302246.09375,9422302246.09375,0.0
37,M1Q0,c05q0,1716613769.53125,1716613769.53125,0.0
37,M1Q0,c05q1,7514953613.28125,7514953613.28125,0.0
37,M1Q0,c05q2,103912353515.625,103912353515.625,0.0
37,M1Q0,c05q3,79994201660.15625,79994201660.15625,0.0
37,M1Q0,c05q4,320053100585.9375,320053100585.9375,0.0
37,M1Q0,c06q0,686645507.8125,686645507.8125,0.0
37,M1Q0,c06q1,3700256347.65625,3700256347.65625,0.0
37,M1Q0,c06q2,56724548339.84375,56724548339.84375,0.0
37,M1Q0,c06q3,144920349121.09375,144920349121.09375,0.0
37,M1Q0,c06q4,51383972167.96875,51383972167.96875,0.0
37,M1Q0,c07q0,6752014160.15625,6752014160.15625,0.0
37,M1Q0,c07q1,18348693847.65625,18348693847.65625,0.0
37,M1Q0,c07q2,56037902832.03125,56037902832.03125,0.0
37,M1Q0,c07q3,135192871093.75,135192871093.75,0.0
37,M1Q0,c07q4,15449523925.78125,15449523925.78125,0.0
37,M1Q0,c08q0,1296997070.3125,1296997070.3125,0.0
37,M1Q0,c08q1,1716613769.53125,1716613769.53125,0.0
37,M1Q0,c08q2,45242309570.3125,45242309570.3125,0.0
37,M1Q0,c08q3,91171264648.4375,91171264648.4375,0.0
37,M1Q0,c08q4,4119873046.875,4119873046.875,0.0
37,M1Q0,c09q0,6942749023.4375,6942749023.4375,0.0
37,M1Q0,c09q1,17814636230.46875,17814636230.46875,0.0
37,M1Q0,c09q2,26779174804.6875,26779174804.6875,0.0
37,M1Q0,c09q3,93727111816.40625,93727111816.40625,0.0
37,M1Q0,c09q4,2365112304.6875,2365112304.6875,0.0
37,M1Q0,c10q0,3776550292.96875,3776550292.96875,0.0
37,M1Q0,c10q1,55923461914.0625,55923461914.0625,0.0
37,M1Q0,c10q2,125694274902.34375,125694274902.34375,0.0
37,M1Q0,c10q3,22659301757.8125,22659301757.8125,0.0
37,M1Q0,c10q4,5302429199.21875,5302429199.21875,0.0
37,M1Q0,c11q0,686645507.8125,686645507.8125,0.0
37,M1Q0,c11q1,17204284667.96875,17204284667.96875,0.0
37,M1Q0,c11q2,155296325683.59375,155296325683.59375,0.0
37,M1Q0,c11q3,29182434082.03125,29182434082.03125,0.0
37,M1Q0,c11q4,4043579101.5625,4043579101.5625,0.0
37,M1Q0,c12q0,5226135253.90625,5226135253.90625,0.0
37,M1Q0,c12q1,199508666992.1875,199508666992.1875,0.0
37,M1Q0,c12q2,34408569335.9375,34408569335.9375,0.0
37,M1Q0,c12q3,226211547851.5625,226211547851.5625,0.0
37,M1Q0,c12q4,9460449218.75,9460449218.75,0.0
37,M1Q0,c13q0,1220703125.0,1220703125.0,0.0
37,M1Q0,c13q1,105056762695.3125,105056762695.3125,0.0
37,M1Q0,c13q2,70724487304.6875,70724487304.6875,0.0
37,M1Q0,c13q3,687789916992.1875,687789916992.1875,0.0
37,M1Q0,c13q4,174369812011.71875,174369812011.71875,0.0
37,M1Q0,c14q0,44326782226.5625,44326782226.5625,0.0
37,M1Q0,c14q1,235671997070.3125,235671997070.3125,0.0
37,M1Q0,c14q2,64430236816.40625,64430236816.40625,0.0
37,M1Q0,c14q3,338973999023.4375,338973999023.4375,0.0
37,M1Q0,c14q4,17662048339.84375,17662048339.84375,0.0
37,M1Q0,c15q0,3700256347.65625,3700256347.65625,0.0
37,M1Q0,c15q1,61759948730.46875,61759948730.46875,0.0
37,M1Q0,c15q2,108757019042.96875,108757019042.96875,0.0
37,M1Q0,c15q3,26664733886.71875,26664733886.71875,0.0
37,M1Q0,c15q4,60081481933.59375,60081481933.59375,0.0
37,M1Q0,c16q0,6065368652.34375,6065368652.34375,0.0
37,M1Q0,c16q1,22811889648.4375,22811889648.4375,0.0
37,M1Q0,c16q2,81558227539.0625,81558227539.0625,0.0
37,M1Q0,c16q3,253791809082.03125,253791809082.03125,0.0
37,M1Q0,c16q4,22430419921.875,22430419921.875,0.0
37,M1Q0,c17q0,38909912109.375,38909912109.375,0.0
37,M1Q0,c17q1,69885253906.25,69885253906.25,0.0
37,M1Q0,c17q2,225791931152.34375,225791931152.34375,0.0
37,M1Q0,c17q3,128211975097.65625,128211975097.65625,0.0
37,M1Q0,c17q4,22163391113.28125,22163391113.28125,0.0
37,M1Q0,c18q0,4577636718.75,4577636718.75,0.0
37,M1Q0,c18q1,26550292968.75,26550292968.75,0.0
37,M1Q0,c18q2,102157592773.4375,102157592773.4375,0.0
37,M1Q0,c18q3,55007934570.3125,55007934570.3125,0.0
37,M1Q0,c18q4,13618469238.28125,13618469238.28125,0.0
37,M1Q0,c19q0,5264282226.5625,5264282226.5625,0.0
37,M1Q0,c19q1,19454956054.6875,19454956054.6875,0.0
37,M1Q0,c19q2,33264160156.25,33264160156.25,0.0
37,M1Q0,c19q3,41503906250.0,41503906250.0,0.0
37,M1Q0,c19q4,8239746093.75,8239746093.75,0.0
37,M1Q0,c20q0,3433227539.0625,3433227539.0625,0.0
37,M1Q0,c20q1,48294067382.8125,48294067382.8125,0.0
37,M1Q0,c20q2,37384033203.125,37384033203.125,0.0
37,M1Q0,c20q3,42877197265.625,42877197265.625,0.0
37,M1Q0,c20q4,23155212402.34375,23155212402.34375,0.0
37,M1Q0,c21q0,7133483886.71875,7133483886.71875,0.0
37,M1Q0,c21q1,15563964843.75,15563964843.75,0.0
37,M1Q0,c21q2,248451232910.15625,248451232910.15625,0.0
37,M1Q0,c21q3,63018798828.125,63018798828.125,0.0
37,M1Q0,c21q4,36735534667.96875,36735534667.96875,0.0
37,M1Q0,c22q0,0.0,0.0,0.0
37,M1Q0,c22q1,2517700195.3125,2517700195.3125,0.0
37,M1Q0,c22q2,12207031250.0,12207031250.0,0.0
37,M1Q0,c22q3,13198852539.0625,13198852539.0625,0.0
37,M1Q0,c22q4,10337829589.84375,10337829589.84375,0.0
37,M1Q0,c23q0,12054443359.375,12054443359.375,0.0
37,M1Q0,c23q1,127677917480.46875,127677917480.46875,0.0
37,M1Q0,c23q2,158424377441.40625,158424377441.40625,0.0
37,M1Q0,c23q3,60615539550.78125,60615539550.78125,0.0
37,M1Q0,c23q4,32539367675.78125,32539367675.78125,0.0
37,M1Q0,c24q0,44364929199.21875,44364929199.21875,0.0
37,M1Q0,c24q1,32501220703.125,32501220703.125,0.0
37,M1Q0,c24q2,126228332519.53125,126228332519.53125,0.0
37,M1Q0,c24q3,61225891113.28125,61225891113.28125,0.0
37,M1Q0,c24q4,66604614257.8125,66604614257.8125,0.0
37,M1Q0,c25q0,94985961914.0625,94985961914.0625,0.0
37,M1Q0,c25q1,150375366210.9375,150375366210.9375,0.0
37,M1Q0,c25q2,260925292968.75,260925292968.75,0.0
37,M1Q0,c25q3,156936645507.8125,156936645507.8125,0.0
37,M1Q0,c25q4,88958740234.375,88958740234.375,0.0
37,M1Q0,c26q0,18348693847.65625,18348693847.65625,0.0
37,M1Q0,c26q1,101280212402.34375,101280212402.34375,0.0
37,M1Q0,c26q2,95787048339.84375,95787048339.84375,0.0
37,M1Q0,c26q3,69236755371.09375,69236755371.09375,0.0
37,M1Q0,c26q4,111656188964.84375,111656188964.84375,0.0
37,M1Q0,c27q0,953674316.40625,953674316.40625,0.0
37,M1Q0,c27q1,3128051757.8125,3128051757.8125,0.0
37,M1Q0,c27q2,13236999511.71875,13236999511.71875,0.0
37,M1Q0,c27q3,8850097656.25,8850097656.25,0.0
37,M1Q0,c27q4,7705688476.5625,7705688476.5625,0.0
37,M1Q0,c28q0,5798339843.75,5798339843.75,0.0
37,M1Q0,c28q1,172729492187.5,172729492187.5,0.0
37,M1Q0,c28q2,218620300292.96875,218620300292.96875,0.0
37,M1Q0,c28q3,512809753417.96875,512809753417.96875,0.0
37,M1Q0,c28q4,910606384277.3438,911941528320.3125,1335144042.96875
37,M1Q0,c29q0,54855346679.6875,54855346679.6875,0.0
37,M1Q0,c29q1,40283203125.0,40283203125.0,0.0
37,M1Q0,c29q2,242080688476.5625,242080688476.5625,0.0
37,M1Q0,c29q3,210876464843.75,210876464843.75,0.0
37,M1Q0,c29q4,30670166015.625,30670166015.625,0.0
37,M1Q0,c30q0,1678466796.875,1678466796.875,0.0
37,M1Q0,c30q1,9918212890.625,9918212890.625,0.0
37,M1Q0,c30q2,85334777832.03125,85334777832.03125,0.0
37,M1Q0,c30q3,240135192871.09375,240135192871.09375,0.0
37,M1Q0,c30q4,985145568847.6562,985527038574.2188,381469726.5625
37,M1Q0,c31q0,1640319824.21875,1640319824.21875,0.0
37,M1Q0,c31q1,18272399902.34375,18272399902.34375,0.0
37,M1Q0,c31q2,42381286621.09375,42381286621.09375,0.0
37,M1Q0,c31q3,33149719238.28125,33149719238.28125,0.0
37,M1Q0,c31q4,29830932617.1875,29830932617.1875,0.0
37,M1Q0,c32q0,44097900390.625,44097900390.625,0.0
37,M1Q0,c32q1,213661193847.65625,213661193847.65625,0.0
37,M1Q0,c32q2,316352844238.28125,316352844238.28125,0.0
37,M1Q0,c32q3,489501953125.0,489501953125.0,0.0
37,M1Q0,c32q4,324440002441.40625,324440002441.40625,0.0
37,M1Q0,c33q0,1831054687.5,1831054687.5,0.0
37,M1Q0,c33q1,28877258300.78125,28877258300.78125,0.0
37,M1Q0,c33q2,25939941406.25,25939941406.25,0.0
37,M1Q0,c33q3,75492858886.71875,75492858886.71875,0.0
37,M1Q0,c33q4,51155090332.03125,51155090332.03125,0.0
37,M1Q0,c34q0,1296997070.3125,1296997070.3125,0.0
37,M1Q0,c34q1,38909912109.375,38909912109.375,0.0
37,M1Q0,c34q2,7820129394.53125,7820129394.53125,0.0
37,M1Q0,c34q3,33988952636.71875,33988952636.71875,0.0
37,M1Q0,c34q4,5645751953.125,5645751953.125,0.0
37,M1Q0,c35q0,7591247558.59375,7591247558.59375,0.0
37,M1Q0,c35q1,109634399414.0625,109634399414.0625,0.0
37,M1Q0,c35q2,68931579589.84375,68931579589.84375,0.0
37,M1Q0,c35q3,29220581054.6875,29220581054.6875,0.0
37,M1Q0,c35q4,41007995605.46875,41007995605.46875,0.0
37,M1Q0,c36q0,5607604980.46875,5607604980.46875,0.0
37,M1Q0,c36q1,39863586425.78125,39863586425.78125,0.0
37,M1Q0,c36q2,25177001953.125,25177001953.125,0.0
37,M1Q0,c36q3,43716430664.0625,43716430664.0625,0.0
37,M1Q0,c36q4,4692077636.71875,4692077636.71875,0.0
37,M1Q0,c37q0,10998589651.925224,10719299316.40625,-279290335.5189743
37,M1Q0,c37q1,15044893537.248884,14915466308.59375,-129427228.6551342
37,M1Q0,c37q2,130989892142.15959,130691528320.3125,-298363821.8470917
37,M1Q0,c37q3,332679748535.15625,332641601562.5,-38146972.65625
37,M1Q0,c37q4,73679515293.66629,73661804199.21875,-17711094.447540283
37,M1Q0,c38q0,20256042480.46875,20256042480.46875,0.0
37,M1Q0,c38q1,93193054199.21875,93193054199.21875,0.0
37,M1Q0,c38q2,311203002929.6875,311203002929.6875,0.0
37,M1Q0,c38q3,66261291503.90625,66261291503.90625,0.0
37,M1Q0,c38q4,127716064453.125,127716064453.125,0.0
37,M1Q0,c39q0,3028428846.5278473,2822875976.5625,-205552869.9653473
37,M1Q0,c39q1,15633240802.346455,15602111816.40625,-31128985.94020462
37,M1Q0,c39q2,129608569688.5634,129394531250.0,-214038438.56340027
37,M1Q0,c39q3,124533905134.92215,124320983886.71875,-212921248.20339966
37,M1Q0,c39q4,34622308164.3589,34332275390.625,-290032773.733902
37,M0Q1,c00q0,610351562.5,610351562.5,0.0
37,M0Q1,c00q1,61035156250.0,61035156250.0,0.0
37,M0Q1,c00q2,298156738281.25,298156738281.25,0.0
37,M0Q1,c00q3,18920898437.5,18920898437.5,0.0
37,M0Q1,c00q4,36888122558.59375,36888122558.59375,0.0
37,M0Q1,c01q0,64086914062.5,64086914062.5,0.0
37,M0Q1,c01q1,64353942871.09375,64353942871.09375,0.0
37,M0Q1,c01q2,93498229980.46875,93498229980.46875,0.0
37,M0Q1,c01q3,161437988281.25,161437988281.25,0.0
37,M0Q1,c01q4,190925598144.53125,190925598144.53125,0.0
37,M0Q1,c02q0,686645507.8125,686645507.8125,0.0
37,M0Q1,c02q1,6637573242.1875,6637573242.1875,0.0
37,M0Q1,c02q2,30670166015.625,30670166015.625,0.0
37,M0Q1,c02q3,28305053710.9375,28305053710.9375,0.0
37,M0Q1,c02q4,32272338867.1875,32272338867.1875,0.0
37,M0Q1,c03q0,10604858398.4375,10604858398.4375,0.0
37,M0Q1,c03q1,87661743164.0625,87661743164.0625,0.0
37,M0Q1,c03q2,83694458007.8125,83694458007.8125,0.0
37,M0Q1,c03q3,190086364746.09375,190086364746.09375,0.0
37,M0Q1,c03q4,50544738769.53125,50544738769.53125,0.0
37,M0Q1,c04q0,686645507.8125,686645507.8125,0.0
37,M0Q1,c04q1,62866210937.5,62866210937.5,0.0
37,M0Q1,c04q2,35667419433.59375,35667419433.59375,0.0
37,M0Q1,c04q3,45051574707.03125,45051574707.03125,0.0
37,M0Q1,c04q4,9422302246.09375,9422302246.09375,0.0
37,M0Q1,c05q0,1716613769.53125,1716613769.53125,0.0
37,M0Q1,c05q1,7514953613.28125,7514953613.28125,0.0
37,M0Q1,c05q2,103912353515.625,103912353515.625,0.0
37,M0Q1,c05q3,79994201660.15625,79994201660.15625,0.0
37,M0Q1,c05q4,320053100585.9375,320053100585.9375,0.0
37,M0Q1,c06q0,686645507.8125,686645507.8125,0.0
37,M0Q1,c06q1,3700256347.65625,3700256347.65625,0.0
37,M0Q1,c06q2,56724548339.84375,56724548339.84375,0.0
37,M0Q1,c06q3,144920349121.09375,144920349121.09375,0.0
37,M0Q1,c06q4,51383972167.96875,51383972167.96875,0.0
37,M0Q1,c07q0,6752014160.15625,6752014160.15625,0.0
37,M0Q1,c07q1,18348693847.65625,18348693847.65625,0.0
37,M0Q1,c07q2,56037902832.03125,56037902832.03125,0.0
37,M0Q1,c07q3,135192871093.75,135192871093.75,0.0
37,M0Q1,c07q4,15449523925.78125,15449523925.78125,0.0
37,M0Q1,c08q0,1296997070.3125,1296997070.3125,0.0
37,M0Q1,c08q1,1716613769.53125,1716613769.53125,0.0
37,M0Q1,c08q2,45242309570.3125,45242309570.3125,0.0
37,M0Q1,c08q3,91171264648.4375,91171264648.4375,0.0
37,M0Q1,c08q4,4119873046.875,4119873046.875,0.0
37,M0Q1,c09q0,6942749023.4375,6942749023.4375,0.0
37,M0Q1,c09q1,17814636230.46875,17814636230.46875,0.0
37,M0Q1,c09q2,26779174804.6875,26779174804.6875,0.0
37,M0Q1,c09q3,93727111816.40625,93727111816.40625,0.0
37,M0Q1,c09q4,2365112304.6875,2365112304.6875,0.0
37,M0Q1,c10q0,3776550292.96875,3776550292.96875,0.0
37,M0Q1,c10q1,55923461914.0625,55923461914.0625,0.0
37,M0Q1,c10q2,125694274902.34375,125694274902.34375,0.0
37,M0Q1,c10q3,22659301757.8125,22659301757.8125,0.0
37,M0Q1,c10q4,5302429199.21875,5302429199.21875,0.0
37,M0Q1,c11q0,686645507.8125,686645507.8125,0.0
37,M0Q1,c11q1,17204284667.96875,17204284667.96875,0.0
37,M0Q1,c11q2,155296325683.59375,155296325683.59375,0.0
37,M0Q1,c11q3,29182434082.03125,29182434082.03125,0.0
37,M0Q1,c11q4,4043579101.5625,4043579101.5625,0.0
37,M0Q1,c12q0,5226135253.90625,5226135253.90625,0.0
37,M0Q1,c12q1,199508666992.1875,199508666992.1875,0.0
37,M0Q1,c12q2,34408569335.9375,34408569335.9375,0.0
37,M0Q1,c12q3,226211547851.5625,226211547851.5625,0.0
37,M0Q1,c12q4,9460449218.75,9460449218.75,0.0
37,M0Q1,c13q0,1220703125.0,1220703125.0,0.0
37,M0Q1,c13q1,105056762695.3125,105056762695.3125,0.0
37,M0Q1,c13q2,70724487304.6875,70724487304.6875,0.0
37,M0Q1,c13q3,687789916992.1875,687789916992.1875,0.0
37,M0Q1,c13q4,174369812011.71875,174369812011.71875,0.0
37,M0Q1,c14q0,44326782226.5625,44326782226.5625,0.0
37,M0Q1,c14q1,235671997070.3125,235671997070.3125,0.0
37,M0Q1,c14q2,64430236816.40625,64430236816.40625,0.0
37,M0Q1,c14q3,338973999023.4375,338973999023.4375,0.0
37,M0Q1,c14q4,17662048339.84375,17662048339.84375,0.0
37,M0Q1,c15q0,3700256347.65625,3700256347.65625,0.0
37,M0Q1,c15q1,61759948730.46875,61759948730.46875,0.0
37,M0Q1,c15q2,108757019042.96875,108757019042.96875,0.0
37,M0Q1,c15q3,26664733886.71875,26664733886.71875,0.0
37,M0Q1,c15q4,60081481933.59375,60081481933.59375,0.0
37,M0Q1,c16q0,6065368652.34375,6065368652.34375,0.0
37,M0Q1,c16q1,22811889648.4375,22811889648.4375,0.0
37,M0Q1,c16q2,81558227539.0625,81558227539.0625,0.0
37,M0Q1,c16q3,253791809082.03125,253791809082.03125,0.0
37,M0Q1,c16q4,22430419921.875,22430419921.875,0.0
37,M0Q1,c17q0,38909912109.375,38909912109.375,0.0
37,M0Q1,c17q1,69885253906.25,69885253906.25,0.0
37,M0Q1,c17q2,225791931152.34375,225791931152.34375,0.0
37,M0Q1,c17q3,128211975097.65625,128211975097.65625,0.0
37,M0Q1,c17q4,22163391113.28125,22163391113.28125,0.0
37,M0Q1,c18q0,4577636718.75,4577636718.75,0.0
37,M0Q1,c18q1,26550292968.75,26550292968.75,0.0
37,M0Q1,c18q2,102157592773.4375,102157592773.4375,0.0
37,M0Q1,c18q3,55007934570.3125,55007934570.3125,0.0
37,M0Q1,c18q4,13618469238.28125,13618469238.28125,0.0
37,M0Q1,c19q0,5264282226.5625,5264282226.5625,0.0
37,M0Q1,c19q1,19454956054.6875,19454956054.6875,0.0
37,M0Q1,c19q2,33264160156.25,33264160156.25,0.0
37,M0Q1,c19q3,41503906250.0,41503906250.0,0.0
37,M0Q1,c19q4,8239746093.75,8239746093.75,0.0
37,M0Q1,c20q0,3433227539.0625,3433227539.0625,0.0
37,M0Q1,c20q1,48294067382.8125,48294067382.8125,0.0
37,M0Q1,c20q2,37384033203.125,37384033203.125,0.0
37,M0Q1,c20q3,42877197265.625,42877197265.625,0.0
37,M0Q1,c20q4,23155212402.34375,23155212402.34375,0.0
37,M0Q1,c21q0,7133483886.71875,7133483886.71875,0.0
37,M0Q1,c21q1,15563964843.75,15563964843.75,0.0
37,M0Q1,c21q2,248451232910.15625,248451232910.15625,0.0
37,M0Q1,c21q3,63018798828.125,63018798828.125,0.0
37,M0Q1,c21q4,36735534667.96875,36735534667.96875,0.0
37,M0Q1,c22q0,0.0,0.0,0.0
37,M0Q1,c22q1,2517700195.3125,2517700195.3125,0.0
37,M0Q1,c22q2,12207031250.0,12207031250.0,0.0
37,M0Q1,c22q3,13198852539.0625,13198852539.0625,0.0
37,M0Q1,c22q4,10337829589.84375,10337829589.84375,0.0
37,M0Q1,c23q0,12054443359.375,12054443359.375,0.0
37,M0Q1,c23q1,127677917480.46875,127677917480.46875,0.0
37,M0Q1,c23q2,158424377441.40625,158424377441.40625,0.0
37,M0Q1,c23q3,60615539550.78125,60615539550.78125,0.0
37,M0Q1,c23q4,32539367675.78125,32539367675.78125,0.0
37,M0Q1,c24q0,44364929199.21875,44364929199.21875,0.0
37,M0Q1,c24q1,32501220703.125,32501220703.125,0.0
37,M0Q1,c24q2,126228332519.53125,126228332519.53125,0.0
37,M0Q1,c24q3,61225891113.28125,61225891113.28125,0.0
37,M0Q1,c24q4,66604614257.8125,66604614257.8125,0.0
37,M0Q1,c25q0,94985961914.0625,94985961914.0625,0.0
37,M0Q1,c25q1,150375366210.9375,150375366210.9375,0.0
37,M0Q1,c25q2,260925292968.75,260925292968.75,0.0
37,M0Q1,c25q3,156936645507.8125,156936645507.8125,0.0
37,M0Q1,c25q4,88958740234.375,88958740234.375,0.0
37,M0Q1,c26q0,18348693847.65625,18348693847.65625,0.0
37,M0Q1,c26q1,101280212402.34375,101280212402.34375,0.0
37,M0Q1,c26q2,95787048339.84375,95787048339.84375,0.0
37,M0Q1,c26q3,69236755371.09375,69236755371.09375,0.0
37,M0Q1,c26q4,111656188964.84375,111656188964.84375,0.0
37,M0Q1,c27q0,953674316.40625,953674316.40625,0.0
37,M0Q1,c27q1,3128051757.8125,3128051757.8125,0.0
37,M0Q1,c27q2,13236999511.71875,13236999511.71875,0.0
37,M0Q1,c27q3,8850097656.25,8850097656.25,0.0
37,M0Q1,c27q4,7705688476.5625,7705688476.5625,0.0
37,M0Q1,c28q0,5798339843.75,5798339843.75,0.0
37,M0Q1,c28q1,172729492187.5,172729492187.5,0.0
37,M0Q1,c28q2,218620300292.96875,218620300292.96875,0.0
37,M0Q1,c28q3,512809753417.96875,512809753417.96875,0.0
37,M0Q1,c28q4,910606384277.3438,910873413085.9375,267028808.59375
37,M0Q1,c29q0,54855346679.6875,54855346679.6875,0.0
37,M0Q1,c29q1,40283203125.0,40283203125.0,0.0
37,M0Q1,c29q2,242080688476.5625,242080688476.5625,0.0
37,M0Q1,c29q3,210876464843.75,210876464843.75,0.0
37,M0Q1,c29q4,30670166015.625,30670166015.625,0.0
37,M0Q1,c30q0,1678466796.875,1678466796.875,0.0
37,M0Q1,c30q1,9918212890.625,9918212890.625,0.0
37,M0Q1,c30q2,85334777832.03125,85334777832.03125,0.0
37,M0Q1,c30q3,240135192871.09375,240135192871.09375,0.0
37,M0Q1,c30q4,985145568847.6562,985221862792.9688,76293945.3125
37,M0Q1,c31q0,1640319824.21875,1640319824.21875,0.0
37,M0Q1,c31q1,18272399902.34375,18272399902.34375,0.0
37,M0Q1,c31q2,42381286621.09375,42381286621.09375,0.0
37,M0Q1,c31q3,33149719238.28125,33149719238.28125,0.0
37,M0Q1,c31q4,29830932617.1875,29830932617.1875,0.0
37,M0Q1,c32q0,44097900390.625,44097900390.625,0.0
37,M0Q1,c32q1,213661193847.65625,213661193847.65625,0.0
37,M0Q1,c32q2,316352844238.28125,316352844238.28125,0.0
37,M0Q1,c32q3,489501953125.0,489501953125.0,0.0
37,M0Q1,c32q4,324440002441.40625,324440002441.40625,0.0
37,M0Q1,c33q0,1831054687.5,1831054687.5,0.0
37,M0Q1,c33q1,28877258300.78125,28877258300.78125,0.0
37,M0Q1,c33q2,25939941406.25,25939941406.25,0.0
37,M0Q1,c33q3,75492858886.71875,75492858886.71875,0.0
37,M0Q1,c33q4,51155090332.03125,51155090332.03125,0.0
37,M0Q1,c34q0,1296997070.3125,1296997070.3125,0.0
37,M0Q1,c34q1,38909912109.375,38909912109.375,0.0
37,M0Q1,c34q2,7820129394.53125,7820129394.53125,0.0
37,M0Q1,c34q3,33988952636.71875,33988952636.71875,0.0
37,M0Q1,c34q4,5645751953.125,5645751953.125,0.0
37,M0Q1,c35q0,7591247558.59375,7591247558.59375,0.0
37,M0Q1,c35q1,109634399414.0625,109634399414.0625,0.0
37,M0Q1,c35q2,68931579589.84375,68931579589.84375,0.0
37,M0Q1,c35q3,29220581054.6875,29220581054.6875,0.0
37,M0Q1,c35q4,41007995605.46875,41007995605.46875,0.0
37,M0Q1,c36q0,5607604980.46875,5607604980.46875,0.0
37,M0Q1,c36q1,39863586425.78125,39863586425.78125,0.0
37,M0Q1,c36q2,25177001953.125,25177001953.125,0.0
37,M0Q1,c36q3,43716430664.0625,43716430664.0625,0.0
37,M0Q1,c36q4,4692077636.71875,4692077636.71875,0.0
37,M0Q1,c37q0,11405944824.21875,11405944824.21875,0.0
37,M0Q1,c37q1,15602111816.40625,15602111816.40625,0.0
37,M0Q1,c37q2,135841369628.90625,135841369628.90625,0.0
37,M0Q1,c37q3,345001220703.125,345001220703.125,0.0
37,M0Q1,c37q4,76408386230.46875,76408386230.46875,0.0
37,M0Q1,c38q0,20256042480.46875,20256042480.46875,0.0
37,M0Q1,c38q1,93193054199.21875,93193054199.21875,0.0
37,M0Q1,c38q2,311203002929.6875,311203002929.6875,0.0
37,M0Q1,c38q3,66261291503.90625,66261291503.90625,0.0
37,M0Q1,c38q4,127716064453.125,127716064453.125,0.0
37,M0Q1,c39q0,3626892415.505956,3509521484.375,-117370931.13095617
37,M0Q1,c39q1,10845119477.7384,10795593261.71875,-49526216.019649506
37,M0Q1,c39q2,109162350152.97339,109138488769.53125,-23861383.442138672
37,M0Q1,c39q3,125092230566.17603,125007629394.53125,-84601171.64477539
37,M0Q1,c39q4,37833465981.35625,37765502929.6875,-67963051.66874695
37,M1Q1,c00q0,610351562.5,610351562.5,0.0
37,M1Q1,c00q1,61035156250.0,61035156250.0,0.0
37,M1Q1,c00q2,298156738281.25,298156738281.25,0.0
37,M1Q1,c00q3,18920898437.5,18920898437.5,0.0
37,M1Q1,c00q4,36888122558.59375,36888122558.59375,0.0
37,M1Q1,c01q0,64086914062.5,64086914062.5,0.0
37,M1Q1,c01q1,64353942871.09375,64353942871.09375,0.0
37,M1Q1,c01q2,93498229980.46875,93498229980.46875,0.0
37,M1Q1,c01q3,161437988281.25,161437988281.25,0.0
37,M1Q1,c01q4,190925598144.53125,190925598144.53125,0.0
37,M1Q1,c02q0,686645507.8125,686645507.8125,0.0
37,M1Q1,c02q1,6637573242.1875,6637573242.1875,0.0
37,M1Q1,c02q2,30670166015.625,30670166015.625,0.0
37,M1Q1,c02q3,28305053710.9375,28305053710.9375,0.0
37,M1Q1,c02q4,32272338867.1875,32272338867.1875,0.0
37,M1Q1,c03q0,10604858398.4375,10604858398.4375,0.0
37,M1Q1,c03q1,87661743164.0625,87661743164.0625,0.0
37,M1Q1,c03q2,83694458007.8125,83694458007.8125,0.0
37,M1Q1,c03q3,190086364746.09375,190086364746.09375,0.0
37,M1Q1,c03q4,50544738769.53125,50544738769.53125,0.0
37,M1Q1,c04q0,686645507.8125,686645507.8125,0.0
37,M1Q1,c04q1,62866210937.5,62866210937.5,0.0
37,M1Q1,c04q2,35667419433.59375,35667419433.59375,0.0
37,M1Q1,c04q3,45051574707.03125,45051574707.03125,0.0
37,M1Q1,c04q4,9422302246.09375,9422302246.09375,0.0
37,M1Q1,c05q0,1716613769.53125,1716613769.53125,0.0
37,M1Q1,c05q1,7514953613.28125,7514953613.28125,0.0
37,M1Q1,c05q2,103912353515.625,103912353515.625,0.0
37,M1Q1,c05q3,79994201660.15625,79994201660.15625,0.0
37,M1Q1,c05q4,320053100585.9375,320053100585.9375,0.0
37,M1Q1,c06q0,686645507.8125,686645507.8125,0.0
37,M1Q1,c06q1,3700256347.65625,3700256347.65625,0.0
37,M1Q1,c06q2,56724548339.84375,56724548339.84375,0.0
37,M1Q1,c06q3,144920349121.09375,144920349121.09375,0.0
37,M1Q1,c06q4,51383972167.96875,51383972167.96875,0.0
37,M1Q1,c07q0,6752014160.15625,6752014160.15625,0.0
37,M1Q1,c07q1,18348693847.65625,18348693847.65625,0.0
37,M1Q1,c07q2,56037902832.03125,56037902832.03125,0.0
37,M1Q1,c07q3,135192871093.75,135192871093.75,0.0
37,M1Q1,c07q4,15449523925.78125,15449523925.78125,0.0
37,M1Q1,c08q0,1296997070.3125,1296997070.3125,0.0
37,M1Q1,c08q1,1716613769.53125,1716613769.53125,0.0
37,M1Q1,c08q2,45242309570.3125,45242309570.3125,0.0
37,M1Q1,c08q3,91171264648.4375,91171264648.4375,0.0
37,M1Q1,c08q4,4119873046.875,4119873046.875,0.0
37,M1Q1,c09q0,6942749023.4375,6942749023.4375,0.0
37,M1Q1,c09q1,17814636230.46875,17814636230.46875,0.0
37,M1Q1,c09q2,26779174804.6875,26779174804.6875,0.0
37,M1Q1,c09q3,93727111816.40625,93727111816.40625,0.0
37,M1Q1,c09q4,2365112304.6875,2365112304.6875,0.0
37,M1Q1,c10q0,3776550292.96875,3776550292.96875,0.0
37,M1Q1,c10q1,55923461914.0625,55923461914.0625,0.0
37,M1Q1,c10q2,125694274902.34375,125694274902.34375,0.0
37,M1Q1,c10q3,22659301757.8125,22659301757.8125,0.0
37,M1Q1,c10q4,5302429199.21875,5302429199.21875,0.0
37,M1Q1,c11q0,686645507.8125,686645507.8125,0.0
37,M1Q1,c11q1,17204284667.96875,17204284667.96875,0.0
37,M1Q1,c11q2,155296325683.59375,155296325683.59375,0.0
37,M1Q1,c11q3,29182434082.03125,29182434082.03125,0.0
37,M1Q1,c11q4,4043579101.5625,4043579101.5625,0.0
37,M1Q1,c12q0,5226135253.90625,5226135253.90625,0.0
37,M1Q1,c12q1,199508666992.1875,199508666992.1875,0.0
37,M1Q1,c12q2,34408569335.9375,34408569335.9375,0.0
37,M1Q1,c12q3,226211547851.5625,226211547851.5625,0.0
37,M1Q1,c12q4,9460449218.75,9460449218.75,0.0
37,M1Q1,c13q0,1220703125.0,1220703125.0,0.0
37,M1Q1,c13q1,105056762695.3125,105056762695.3125,0.0
37,M1Q1,c13q2,70724487304.6875,70724487304.6875,0.0
37,M1Q1,c13q3,687789916992.1875,687789916992.1875,0.0
37,M1Q1,c13q4,174369812011.71875,174369812011.71875,0.0
37,M1Q1,c14q0,44326782226.5625,44326782226.5625,0.0
37,M1Q1,c14q1,235671997070.3125,235671997070.3125,0.0
37,M1Q1,c14q2,64430236816.40625,64430236816.40625,0.0
37,M1Q1,c14q3,338973999023.4375,338973999023.4375,0.0
37,M1Q1,c14q4,17662048339.84375,17662048339.84375,0.0
37,M1Q1,c15q0,3700256347.65625,3700256347.65625,0.0
37,M1Q1,c15q1,61759948730.46875,61759948730.46875,0.0
37,M1Q1,c15q2,108757019042.96875,108757019042.96875,0.0
37,M1Q1,c15q3,26664733886.71875,26664733886.71875,0.0
37,M1Q1,c15q4,60081481933.59375,60081481933.59375,0.0
37,M1Q1,c16q0,6065368652.34375,6065368652.34375,0.0
37,M1Q1,c16q1,22811889648.4375,22811889648.4375,0.0
37,M1Q1,c16q2,81558227539.0625,81558227539.0625,0.0
37,M1Q1,c16q3,253791809082.03125,253791809082.03125,0.0
37,M1Q1,c16q4,22430419921.875,22430419921.875,0.0
37,M1Q1,c17q0,38909912109.375,38909912109.375,0.0
37,M1Q1,c17q1,69885253906.25,69885253906.25,0.0
37,M1Q1,c17q2,225791931152.34375,225791931152.34375,0.0
37,M1Q1,c17q3,128211975097.65625,128211975097.65625,0.0
37,M1Q1,c17q4,22163391113.28125,22163391113.28125,0.0
37,M1Q1,c18q0,4577636718.75,4577636718.75,0.0
37,M1Q1,c18q1,26550292968.75,26550292968.75,0.0
37,M1Q1,c18q2,102157592773.4375,102157592773.4375,0.0
37,M1Q1,c18q3,55007934570.3125,55007934570.3125,0.0
37,M1Q1,c18q4,13618469238.28125,13618469238.28125,0.0
37,M1Q1,c19q0,5264282226.5625,5264282226.5625,0.0
37,M1Q1,c19q1,19454956054.6875,19454956054.6875,0.0
37,M1Q1,c19q2,33264160156.25,33264160156.25,0.0
37,M1Q1,c19q3,41503906250.0,41503906250.0,0.0
37,M1Q1,c19q4,8239746093.75,8239746093.75,0.0
37,M1Q1,c20q0,3433227539.0625,3433227539.0625,0.0
37,M1Q1,c20q1,48294067382.8125,48294067382.8125,0.0
37,M1Q1,c20q2,37384033203.125,37384033203.125,0.0
37,M1Q1,c20q3,42877197265.625,42877197265.625,0.0
37,M1Q1,c20q4,23155212402.34375,23155212402.34375,0.0
37,M1Q1,c21q0,7133483886.71875,7133483886.71875,0.0
37,M1Q1,c21q1,15563964843.75,15563964843.75,0.0
37,M1Q1,c21q2,248451232910.15625,248451232910.15625,0.0
37,M1Q1,c21q3,63018798828.125,63018798828.125,0.0
37,M1Q1,c21q4,36735534667.96875,36735534667.96875,0.0
37,M1Q1,c22q0,0.0,0.0,0.0
37,M1Q1,c22q1,2517700195.3125,2517700195.3125,0.0
37,M1Q1,c22q2,12207031250.0,12207031250.0,0.0
37,M1Q1,c22q3,13198852539.0625,13198852539.0625,0.0
37,M1Q1,c22q4,10337829589.84375,10337829589.84375,0.0
37,M1Q1,c23q0,12054443359.375,12054443359.375,0.0
37,M1Q1,c23q1,127677917480.46875,127677917480.46875,0.0
37,M1Q1,c23q2,158424377441.40625,158424377441.40625,0.0
37,M1Q1,c23q3,60615539550.78125,60615539550.78125,0.0
37,M1Q1,c23q4,32539367675.78125,32539367675.78125,0.0
37,M1Q1,c24q0,44364929199.21875,44364929199.21875,0.0
37,M1Q1,c24q1,32501220703.125,32501220703.125,0.0
37,M1Q1,c24q2,126228332519.53125,126228332519.53125,0.0
37,M1Q1,c24q3,61225891113.28125,61225891113.28125,0.0
37,M1Q1,c24q4,66604614257.8125,66604614257.8125,0.0
37,M1Q1,c25q0,94985961914.0625,94985961914.0625,0.0
37,M1Q1,c25q1,150375366210.9375,150375366210.9375,0.0
37,M1Q1,c25q2,260925292968.75,260925292968.75,0.0
37,M1Q1,c25q3,156936645507.8125,156936645507.8125,0.0
37,M1Q1,c25q4,88958740234.375,88958740234.375,0.0
37,M1Q1,c26q0,18348693847.65625,18348693847.65625,0.0
37,M1Q1,c26q1,101280212402.34375,101280212402.34375,0.0
37,M1Q1,c26q2,95787048339.84375,95787048339.84375,0.0
37,M1Q1,c26q3,69236755371.09375,69236755371.09375,0.0
37,M1Q1,c26q4,111656188964.84375,111656188964.84375,0.0
37,M1Q1,c27q0,953674316.40625,953674316.40625,0.0
37,M1Q1,c27q1,3128051757.8125,3128051757.8125,0.0
37,M1Q1,c27q2,13236999511.71875,13236999511.71875,0.0
37,M1Q1,c27q3,8850097656.25,8850097656.25,0.0
37,M1Q1,c27q4,7705688476.5625,7705688476.5625,0.0
37,M1Q1,c28q0,5798339843.75,5798339843.75,0.0
37,M1Q1,c28q1,172729492187.5,172729492187.5,0.0
37,M1Q1,c28q2,218620300292.96875,218620300292.96875,0.0
37,M1Q1,c28q3,512809753417.96875,512809753417.96875,0.0
37,M1Q1,c28q4,910606384277.3438,911674499511.7188,1068115234.375
37,M1Q1,c29q0,54855346679.6875,54855346679.6875,0.0
37,M1Q1,c29q1,40283203125.0,40283203125.0,0.0
37,M1Q1,c29q2,242080688476.5625,242080688476.5625,0.0
37,M1Q1,c29q3,210876464843.75,210876464843.75,0.0
37,M1Q1,c29q4,30670166015.625,30670166015.625,0.0
37,M1Q1,c30q0,1678466796.875,1678466796.875,0.0
37,M1Q1,c30q1,9918212890.625,9918212890.625,0.0
37,M1Q1,c30q2,85334777832.03125,85334777832.03125,0.0
37,M1Q1,c30q3,240135192871.09375,240135192871.09375,0.0
37,M1Q1,c30q4,985145568847.6562,985450744628.9062,305175781.25
37,M1Q1,c31q0,1640319824.21875,1640319824.21875,0.0
37,M1Q1,c31q1,18272399902.34375,18272399902.34375,0.0
37,M1Q1,c31q2,42381286621.09375,42381286621.09375,0.0
37,M1Q1,c31q3,33149719238.28125,33149719238.28125,0.0
37,M1Q1,c31q4,29830932617.1875,29830932617.1875,0.0
37,M1Q1,c32q0,44097900390.625,44097900390.625,0.0
37,M1Q1,c32q1,213661193847.65625,213661193847.65625,0.0
37,M1Q1,c32q2,316352844238.28125,316352844238.28125,0.0
37,M1Q1,c32q3,489501953125.0,489501953125.0,0.0
37,M1Q1,c32q4,324440002441.40625,324440002441.40625,0.0
37,M1Q1,c33q0,1831054687.5,1831054687.5,0.0
37,M1Q1,c33q1,28877258300.78125,28877258300.78125,0.0
37,M1Q1,c33q2,25939941406.25,25939941406.25,0.0
37,M1Q1,c33q3,75492858886.71875,75492858886.71875,0.0
37,M1Q1,c33q4,51155090332.03125,51155090332.03125,0.0
37,M1Q1,c34q0,1296997070.3125,1296997070.3125,0.0
37,M1Q1,c34q1,38909912109.375,38909912109.375,0.0
37,M1Q1,c34q2,7820129394.53125,7820129394.53125,0.0
37,M1Q1,c34q3,33988952636.71875,33988952636.71875,0.0
37,M1Q1,c34q4,5645751953.125,5645751953.125,0.0
37,M1Q1,c35q0,7591247558.59375,7591247558.59375,0.0
37,M1Q1,c35q1,109634399414.0625,109634399414.0625,0.0
37,M1Q1,c35q2,68931579589.84375,68931579589.84375,0.0
37,M1Q1,c35q3,29220581054.6875,29220581054.6875,0.0
37,M1Q1,c35q4,41007995605.46875,41007995605.46875,0.0
37,M1Q1,c36q0,5607604980.46875,5607604980.46875,0.0
37,M1Q1,c36q1,39863586425.78125,39863586425.78125,0.0
37,M1Q1,c36q2,25177001953.125,25177001953.125,0.0
37,M1Q1,c36q3,43716430664.0625,43716430664.0625,0.0
37,M1Q1,c36q4,4692077636.71875,4692077636.71875,0.0
37,M1Q1,c37q0,10998589651.925224,10719299316.40625,-279290335.5189743
37,M1Q1,c37q1,15044893537.248884,14915466308.59375,-129427228.6551342
37,M1Q1,c37q2,130989892142.15959,130691528320.3125,-298363821.8470917
37,M1Q1,c37q3,332679748535.15625,332641601562.5,-38146972.65625
37,M1Q1,c37q4,73679515293.66629,73661804199.21875,-17711094.447540283
37,M1Q1,c38q0,20256042480.46875,20256042480.46875,0.0
37,M1Q1,c38q1,93193054199.21875,93193054199.21875,0.0
37,M1Q1,c38q2,311203002929.6875,311203002929.6875,0.0
37,M1Q1,c38q3,66261291503.90625,66261291503.90625,0.0
37,M1Q1,c38q4,127716064453.125,127716064453.125,0.0
37,M1Q1,c39q0,3890991210.9375,3852844238.28125,-38146972.65625
37,M1Q1,c39q1,11634826660.15625,11482238769.53125,-152587890.625
37,M1Q1,c39q2,117111206054.6875,117034912109.375,-76293945.3125
37,M1Q1,c39q3,134201049804.68752,133934020996.09375,-267028808.59376526
37,M1Q1,c39q4,40588378906.25,40512084960.9375,-76293945.3125
14,M0Q0,c00q0,610351562.5,610351562.5,0.0
14,M0Q0,c00q1,61035156250.0,61035156250.0,0.0
14,M0Q0,c00q2,298156738281.25,298156738281.25,0.0
14,M0Q0,c00q3,18920898437.5,18920898437.5,0.0
14,M0Q0,c00q4,36888122558.59375,36888122558.59375,0.0
14,M0Q0,c01q0,64086914062.5,64086914062.5,0.0
14,M0Q0,c01q1,64353942871.09375,64353942871.09375,0.0
14,M0Q0,c01q2,93498229980.46875,93498229980.46875,0.0
14,M0Q0,c01q3,161437988281.25,161437988281.25,0.0
14,M0Q0,c01q4,190925598144.53125,190925598144.53125,0.0
14,M0Q0,c02q0,686645507.8125,686645507.8125,0.0
14,M0Q0,c02q1,6637573242.1875,6637573242.1875,0.0
14,M0Q0,c02q2,30670166015.625,30670166015.625,0.0
14,M0Q0,c02q3,28305053710.9375,28305053710.9375,0.0
14,M0Q0,c02q4,32272338867.1875,32272338867.1875,0.0
14,M0Q0,c03q0,10604858398.4375,10604858398.4375,0.0
14,M0Q0,c03q1,87661743164.0625,87661743164.0625,0.0
14,M0Q0,c03q2,83694458007.8125,83694458007.8125,0.0
14,M0Q0,c03q3,190086364746.09375,190086364746.09375,0.0
14,M0Q0,c03q4,50544738769.53125,50544738769.53125,0.0
14,M0Q0,c04q0,686645507.8125,686645507.8125,0.0
14,M0Q0,c04q1,62866210937.5,62866210937.5,0.0
14,M0Q0,c04q2,35667419433.59375,35667419433.59375,0.0
14,M0Q0,c04q3,45051574707.03125,45051574707.03125,0.0
14,M0Q0,c04q4,9422302246.09375,9422302246.09375,0.0
14,M0Q0,c05q0,1716613769.53125,1716613769.53125,0.0
14,M0Q0,c05q1,7514953613.28125,7514953613.28125,0.0
14,M0Q0,c05q2,103912353515.625,103912353515.625,0.0
14,M0Q0,c05q3,79994201660.15625,79994201660.15625,0.0
14,M0Q0,c05q4,320053100585.9375,320053100585.9375,0.0
14,M0Q0,c06q0,686645507.8125,686645507.8125,0.0
14,M0Q0,c06q1,3700256347.65625,3700256347.65625,0.0
14,M0Q0,c06q2,56724548339.84375,56724548339.84375,0.0
14,M0Q0,c06q3,144920349121.09375,144920349121.09375,0.0
14,M0Q0,c06q4,51383972167.96875,51383972167.96875,0.0
14,M0Q0,c07q0,6752014160.15625,6752014160.15625,0.0
14,M0Q0,c07q1,18348693847.65625,18348693847.65625,0.0
14,M0Q0,c07q2,56037902832.03125,56037902832.03125,0.0
14,M0Q0,c07q3,135192871093.75,135192871093.75,0.0
14,M0Q0,c07q4,15449523925.78125,15449523925.78125,0.0
14,M0Q0,c08q0,1296997070.3125,1296997070.3125,0.0
14,M0Q0,c08q1,1716613769.53125,1716613769.53125,0.0
14,M0Q0,c08q2,45242309570.3125,45242309570.3125,0.0
14,M0Q0,c08q3,91171264648.4375,91171264648.4375,0.0
14,M0Q0,c08q4,4119873046.875,4119873046.875,0.0
14,M0Q0,c09q0,6942749023.4375,6942749023.4375,0.0
14,M0Q0,c09q1,17814636230.46875,17814636230.46875,0.0
14,M0Q0,c09q2,26779174804.6875,26779174804.6875,0.0
14,M0Q0,c09q3,93727111816.40625,93727111816.40625,0.0
14,M0Q0,c09q4,2365112304.6875,2365112304.6875,0.0
14,M0Q0,c10q0,3776550292.96875,3776550292.96875,0.0
14,M0Q0,c10q1,55923461914.0625,55923461914.0625,0.0
14,M0Q0,c10q2,125694274902.34375,125694274902.34375,0.0
14,M0Q0,c10q3,22659301757.8125,22659301757.8125,0.0
14,M0Q0,c10q4,5302429199.21875,5302429199.21875,0.0
14,M0Q0,c11q0,686645507.8125,686645507.8125,0.0
14,M0Q0,c11q1,17204284667.96875,17204284667.96875,0.0
14,M0Q0,c11q2,155296325683.59375,155296325683.59375,0.0
14,M0Q0,c11q3,29182434082.03125,29182434082.03125,0.0
14,M0Q0,c11q4,4043579101.5625,4043579101.5625,0.0
14,M0Q0,c12q0,5226135253.90625,5226135253.90625,0.0
14,M0Q0,c12q1,199508666992.1875,199508666992.1875,0.0
14,M0Q0,c12q2,34408569335.9375,34408569335.9375,0.0
14,M0Q0,c12q3,226211547851.5625,226211547851.5625,0.0
14,M0Q0,c12q4,9460449218.75,9460449218.75,0.0
14,M0Q0,c13q0,1220703125.0,1220703125.0,0.0
14,M0Q0,c13q1,105056762695.3125,105056762695.3125,0.0
14,M0Q0,c13q2,70724487304.6875,70724487304.6875,0.0
14,M0Q0,c13q3,687789916992.1875,687789916992.1875,0.0
14,M0Q0,c13q4,174369812011.71875,174369812011.71875,0.0
14,M0Q0,c14q0,44326782226.5625,44326782226.5625,0.0
14,M0Q0,c14q1,235671997070.3125,235671997070.3125,0.0
14,M0Q0,c14q2,64430236816.40625,64430236816.40625,0.0
14,M0Q0,c14q3,338973999023.4375,338973999023.4375,0.0
14,M0Q0,c14q4,17662048339.84375,17662048339.84375,0.0
14,M0Q0,c15q0,3700256347.65625,3700256347.65625,0.0
14,M0Q0,c15q1,61759948730.46875,61759948730.46875,0.0
14,M0Q0,c15q2,108757019042.96875,108757019042.96875,0.0
14,M0Q0,c15q3,26664733886.71875,26664733886.71875,0.0
14,M0Q0,c15q4,60081481933.59375,60081481933.59375,0.0
14,M0Q0,c16q0,6065368652.34375,6065368652.34375,0.0
14,M0Q0,c16q1,22811889648.4375,22811889648.4375,0.0
14,M0Q0,c16q2,81558227539.0625,81558227539.0625,0.0
14,M0Q0,c16q3,253791809082.03125,253791809082.03125,0.0
14,M0Q0,c16q4,22430419921.875,22430419921.875,0.0
14,M0Q0,c17q0,38909912109.375,38909912109.375,0.0
14,M0Q0,c17q1,69885253906.25,69885253906.25,0.0
14,M0Q0,c17q2,225791931152.34375,225791931152.34375,0.0
14,M0Q0,c17q3,128211975097.65625,128211975097.65625,0.0
14,M0Q0,c17q4,22163391113.28125,22163391113.28125,0.0
14,M0Q0,c18q0,4577636718.75,4577636718.75,0.0
14,M0Q0,c18q1,26550292968.75,26550292968.75,0.0
14,M0Q0,c18q2,102157592773.4375,102157592773.4375,0.0
14,M0Q0,c18q3,55007934570.3125,55007934570.3125,0.0
14,M0Q0,c18q4,13618469238.28125,13618469238.28125,0.0
14,M0Q0,c19q0,5264282226.5625,5264282226.5625,0.0
14,M0Q0,c19q1,19454956054.6875,19454956054.6875,0.0
14,M0Q0,c19q2,33264160156.25,33264160156.25,0.0
14,M0Q0,c19q3,41503906250.0,41503906250.0,0.0
14,M0Q0,c19q4,8239746093.75,8239746093.75,0.0
14,M0Q0,c20q0,3433227539.0625,3433227539.0625,0.0
14,M0Q0,c20q1,48294067382.8125,48294067382.8125,0.0
14,M0Q0,c20q2,37384033203.125,37384033203.125,0.0
14,M0Q0,c20q3,42877197265.625,42877197265.625,0.0
14,M0Q0,c20q4,23155212402.34375,23155212402.34375,0.0
14,M0Q0,c21q0,7133483886.71875,7133483886.71875,0.0
14,M0Q0,c21q1,15563964843.75,15563964843.75,0.0
14,M0Q0,c21q2,248451232910.15625,248451232910.15625,0.0
14,M0Q0,c21q3,63018798828.125,63018798828.125,0.0
14,M0Q0,c21q4,36735534667.96875,36735534667.96875,0.0
14,M0Q0,c22q0,0.0,0.0,0.0
14,M0Q0,c22q1,2517700195.3125,2517700195.3125,0.0
14,M0Q0,c22q2,12207031250.0,12207031250.0,0.0
14,M0Q0,c22q3,13198852539.0625,13198852539.0625,0.0
14,M0Q0,c22q4,10337829589.84375,10337829589.84375,0.0
14,M0Q0,c23q0,12054443359.375,12054443359.375,0.0
14,M0Q0,c23q1,127677917480.46875,127677917480.46875,0.0
14,M0Q0,c23q2,158424377441.40625,158424377441.40625,0.0
14,M0Q0,c23q3,60615539550.78125,60615539550.78125,0.0
14,M0Q0,c23q4,32539367675.78125,32539367675.78125,0.0
14,M0Q0,c24q0,44364929199.21875,44364929199.21875,0.0
14,M0Q0,c24q1,32501220703.125,32501220703.125,0.0
14,M0Q0,c24q2,126228332519.53125,126228332519.53125,0.0
14,M0Q0,c24q3,61225891113.28125,61225891113.28125,0.0
14,M0Q0,c24q4,66604614257.8125,66604614257.8125,0.0
14,M0Q0,c25q0,94985961914.0625,94985961914.0625,0.0
14,M0Q0,c25q1,150375366210.9375,150375366210.9375,0.0
14,M0Q0,c25q2,260925292968.75,260925292968.75,0.0
14,M0Q0,c25q3,156936645507.8125,156936645507.8125,0.0
14,M0Q0,c25q4,88958740234.375,88958740234.375,0.0
14,M0Q0,c26q0,18348693847.65625,18348693847.65625,0.0
14,M0Q0,c26q1,101280212402.34375,101280212402.34375,0.0
14,M0Q0,c26q2,95787048339.84375,95787048339.84375,0.0
14,M0Q0,c26q3,69236755371.09375,69236755371.09375,0.0
14,M0Q0,c26q4,111656188964.84375,111656188964.84375,0.0
14,M0Q0,c27q0,953674316.40625,953674316.40625,0.0
14,M0Q0,c27q1,3128051757.8125,3128051757.8125,0.0
14,M0Q0,c27q2,13236999511.71875,13236999511.71875,0.0
14,M0Q0,c27q3,8850097656.25,8850097656.25,0.0
14,M0Q0,c27q4,7705688476.5625,7705688476.5625,0.0
14,M0Q0,c28q0,5798339843.75,5798339843.75,0.0
14,M0Q0,c28q1,172729492187.5,172729492187.5,0.0
14,M0Q0,c28q2,218620300292.96875,218620300292.96875,0.0
14,M0Q0,c28q3,512809753417.96875,512809753417.96875,0.0
14,M0Q0,c28q4,910606384277.3438,910606384277.3438,0.0
14,M0Q0,c29q0,54855346679.6875,54855346679.6875,0.0
14,M0Q0,c29q1,40283203125.0,40283203125.0,0.0
14,M0Q0,c29q2,242080688476.5625,242080688476.5625,0.0
14,M0Q0,c29q3,210876464843.75,210876464843.75,0.0
14,M0Q0,c29q4,30670166015.625,30670166015.625,0.0
14,M0Q0,c30q0,1678466796.875,1678466796.875,0.0
14,M0Q0,c30q1,9918212890.625,9918212890.625,0.0
14,M0Q0,c30q2,85334777832.03125,85334777832.03125,0.0
14,M0Q0,c30q3,240135192871.09375,240135192871.09375,0.0
14,M0Q0,c30q4,985145568847.6562,985145568847.6562,0.0
14,M0Q0,c31q0,1640319824.21875,1640319824.21875,0.0
14,M0Q0,c31q1,18272399902.34375,18272399902.34375,0.0
14,M0Q0,c31q2,42381286621.09375,42381286621.09375,0.0
14,M0Q0,c31q3,33149719238.28125,33149719238.28125,0.0
14,M0Q0,c31q4,29830932617.1875,29830932617.1875,0.0
14,M0Q0,c32q0,44097900390.625,44097900390.625,0.0
14,M0Q0,c32q1,213661193847.65625,213661193847.65625,0.0
14,M0Q0,c32q2,316352844238.28125,316352844238.28125,0.0
14,M0Q0,c32q3,489501953125.0,489501953125.0,0.0
14,M0Q0,c32q4,324440002441.40625,324440002441.40625,0.0
14,M0Q0,c33q0,1831054687.5,1831054687.5,0.0
14,M0Q0,c33q1,28877258300.78125,28877258300.78125,0.0
14,M0Q0,c33q2,25939941406.25,25939941406.25,0.0
14,M0Q0,c33q3,75492858886.71875,75492858886.71875,0.0
14,M0Q0,c33q4,51155090332.03125,51155090332.03125,0.0
14,M0Q0,c34q0,1296997070.3125,1296997070.3125,0.0
14,M0Q0,c34q1,38909912109.375,38909912109.375,0.0
14,M0Q0,c34q2,7820129394.53125,7820129394.53125,0.0
14,M0Q0,c34q3,33988952636.71875,33988952636.71875,0.0
14,M0Q0,c34q4,5645751953.125,5645751953.125,0.0
14,M0Q0,c35q0,7591247558.59375,7591247558.59375,0.0
14,M0Q0,c35q1,109634399414.0625,109634399414.0625,0.0
14,M0Q0,c35q2,68931579589.84375,68931579589.84375,0.0
14,M0Q0,c35q3,29220581054.6875,29220581054.6875,0.0
14,M0Q0,c35q4,41007995605.46875,41007995605.46875,0.0
14,M0Q0,c36q0,5607604980.46875,5607604980.46875,0.0
14,M0Q0,c36q1,39863586425.78125,39863586425.78125,0.0
14,M0Q0,c36q2,25177001953.125,25177001953.125,0.0
14,M0Q0,c36q3,43716430664.0625,43716430664.0625,0.0
14,M0Q0,c36q4,4692077636.71875,4692077636.71875,0.0
14,M0Q0,c37q0,11405944824.21875,11405944824.21875,0.0
14,M0Q0,c37q1,15602111816.40625,15602111816.40625,0.0
14,M0Q0,c37q2,135841369628.90625,135841369628.90625,0.0
14,M0Q0,c37q3,345001220703.125,345001220703.125,0.0
14,M0Q0,c37q4,76408386230.46875,76408386230.46875,0.0
14,M0Q0,c38q0,20256042480.46875,20256042480.46875,0.0
14,M0Q0,c38q1,93193054199.21875,93193054199.21875,0.0
14,M0Q0,c38q2,311203002929.6875,311203002929.6875,0.0
14,M0Q0,c38q3,66261291503.90625,66261291503.90625,0.0
14,M0Q0,c38q4,127716064453.125,127716064453.125,0.0
14,M0Q0,c39q0,2822875976.5625,2822875976.5625,0.0
14,M0Q0,c39q1,14572143554.6875,14572143554.6875,0.0
14,M0Q0,c39q2,120811462402.34375,120811462402.34375,0.0
14,M0Q0,c39q3,116081237792.96875,116081237792.96875,0.0
14,M0Q0,c39q4,32272338867.1875,32272338867.1875,0.0
14,M1Q0,c00q0,610351562.5,610351562.5,0.0
14,M1Q0,c00q1,61035156250.0,61035156250.0,0.0
14,M1Q0,c00q2,298156738281.25,298156738281.25,0.0
14,M1Q0,c00q3,18920898437.5,18920898437.5,0.0
14,M1Q0,c00q4,36888122558.59375,36888122558.59375,0.0
14,M1Q0,c01q0,64086914062.5,64086914062.5,0.0
14,M1Q0,c01q1,64353942871.09375,64353942871.09375,0.0
14,M1Q0,c01q2,93498229980.46875,93498229980.46875,0.0
14,M1Q0,c01q3,161437988281.25,161437988281.25,0.0
14,M1Q0,c01q4,190925598144.53125,190925598144.53125,0.0
14,M1Q0,c02q0,686645507.8125,686645507.8125,0.0
14,M1Q0,c02q1,6637573242.1875,6637573242.1875,0.0
14,M1Q0,c02q2,30670166015.625,30670166015.625,0.0
14,M1Q0,c02q3,28305053710.9375,28305053710.9375,0.0
14,M1Q0,c02q4,32272338867.1875,32272338867.1875,0.0
14,M1Q0,c03q0,10604858398.4375,10604858398.4375,0.0
14,M1Q0,c03q1,87661743164.0625,87661743164.0625,0.0
14,M1Q0,c03q2,83694458007.8125,83694458007.8125,0.0
14,M1Q0,c03q3,190086364746.09375,190086364746.09375,0.0
14,M1Q0,c03q4,50544738769.53125,50544738769.53125,0.0
14,M1Q0,c04q0,686645507.8125,686645507.8125,0.0
14,M1Q0,c04q1,62866210937.5,62866210937.5,0.0
14,M1Q0,c04q2,35667419433.59375,35667419433.59375,0.0
14,M1Q0,c04q3,45051574707.03125,45051574707.03125,0.0
14,M1Q0,c04q4,9422302246.09375,9422302246.09375,0.0
14,M1Q0,c05q0,1716613769.53125,1716613769.53125,0.0
14,M1Q0,c05q1,7514953613.28125,7514953613.28125,0.0
14,M1Q0,c05q2,103912353515.625,103912353515.625,0.0
14,M1Q0,c05q3,79994201660.15625,79994201660.15625,0.0
14,M1Q0,c05q4,320053100585.9375,320053100585.9375,0.0
14,M1Q0,c06q0,686645507.8125,686645507.8125,0.0
14,M1Q0,c06q1,3700256347.65625,3700256347.65625,0.0
14,M1Q0,c06q2,56724548339.84375,56724548339.84375,0.0
14,M1Q0,c06q3,144920349121.09375,144920349121.09375,0.0
14,M1Q0,c06q4,51383972167.96875,51383972167.96875,0.0
14,M1Q0,c07q0,6752014160.15625,6752014160.15625,0.0
14,M1Q0,c07q1,18348693847.65625,18348693847.65625,0.0
14,M1Q0,c07q2,56037902832.03125,56037902832.03125,0.0
14,M1Q0,c07q3,135192871093.75,135192871093.75,0.0
14,M1Q0,c07q4,15449523925.78125,15449523925.78125,0.0
14,M1Q0,c08q0,1296997070.3125,1296997070.3125,0.0
14,M1Q0,c08q1,1716613769.53125,1716613769.53125,0.0
14,M1Q0,c08q2,45242309570.3125,45242309570.3125,0.0
14,M1Q0,c08q3,91171264648.4375,91171264648.4375,0.0
14,M1Q0,c08q4,4119873046.875,4119873046.875,0.0
14,M1Q0,c09q0,6942749023.4375,6942749023.4375,0.0
14,M1Q0,c09q1,17814636230.46875,17814636230.46875,0.0
14,M1Q0,c09q2,26779174804.6875,26779174804.6875,0.0
14,M1Q0,c09q3,93727111816.40625,93727111816.40625,0.0
14,M1Q0,c09q4,2365112304.6875,2365112304.6875,0.0
14,M1Q0,c10q0,3776550292.96875,3776550292.96875,0.0
14,M1Q0,c10q1,55923461914.0625,55923461914.0625,0.0
14,M1Q0,c10q2,125694274902.34375,125694274902.34375,0.0
14,M1Q0,c10q3,22659301757.8125,22659301757.8125,0.0
14,M1Q0,c10q4,5302429199.21875,5302429199.21875,0.0
14,M1Q0,c11q0,686645507.8125,686645507.8125,0.0
14,M1Q0,c11q1,17204284667.96875,17204284667.96875,0.0
14,M1Q0,c11q2,155296325683.59375,155296325683.59375,0.0
14,M1Q0,c11q3,29182434082.03125,29182434082.03125,0.0
14,M1Q0,c11q4,4043579101.5625,4043579101.5625,0.0
14,M1Q0,c12q0,5226135253.90625,5226135253.90625,0.0
14,M1Q0,c12q1,199508666992.1875,199508666992.1875,0.0
14,M1Q0,c12q2,34408569335.9375,34408569335.9375,0.0
14,M1Q0,c12q3,226211547851.5625,226211547851.5625,0.0
14,M1Q0,c12q4,9460449218.75,9460449218.75,0.0
14,M1Q0,c13q0,1220703125.0,1220703125.0,0.0
14,M1Q0,c13q1,105056762695.3125,105056762695.3125,0.0
14,M1Q0,c13q2,70724487304.6875,70724487304.6875,0.0
14,M1Q0,c13q3,687789916992.1875,687789916992.1875,0.0
14,M1Q0,c13q4,174369812011.71875,174369812011.71875,0.0
14,M1Q0,c14q0,43007446614.5302,42953491210.9375,-53955403.59269714
14,M1Q0,c14q1,228657491552.98413,228462219238.28125,-195272314.70288086
14,M1Q0,c14q2,62512545036.09424,62370300292.96875,-142244743.12548828
14,M1Q0,c14q3,328884828413.69653,328674316406.25,-210512007.4465332
14,M1Q0,c14q4,17136357816.288712,16975402832.03125,-160954984.25746155
14,M1Q0,c15q0,3700256347.65625,3700256347.65625,0.0
14,M1Q0,c15q1,61759948730.46875,61759948730.46875,0.0
14,M1Q0,c15q2,108757019042.96875,108757019042.96875,0.0
14,M1Q0,c15q3,26664733886.71875,26664733886.71875,0.0
14,M1Q0,c15q4,60081481933.59375,60081481933.59375,0.0
14,M1Q0,c16q0,6065368652.34375,6065368652.34375,0.0
14,M1Q0,c16q1,22811889648.4375,22811889648.4375,0.0
14,M1Q0,c16q2,81558227539.0625,81558227539.0625,0.0
14,M1Q0,c16q3,253791809082.03125,253791809082.03125,0.0
14,M1Q0,c16q4,22430419921.875,22430419921.875,0.0
14,M1Q0,c17q0,38909912109.375,38909912109.375,0.0
14,M1Q0,c17q1,69885253906.25,69885253906.25,0.0
14,M1Q0,c17q2,225791931152.34375,225791931152.34375,0.0
14,M1Q0,c17q3,128211975097.65625,128211975097.65625,0.0
14,M1Q0,c17q4,22163391113.28125,22163391113.28125,0.0
14,M1Q0,c18q0,4577636718.75,4577636718.75,0.0
14,M1Q0,c18q1,26550292968.75,26550292968.75,0.0
14,M1Q0,c18q2,102157592773.4375,102157592773.4375,0.0
14,M1Q0,c18q3,55007934570.3125,55007934570.3125,0.0
14,M1Q0,c18q4,13618469238.28125,13618469238.28125,0.0
14,M1Q0,c19q0,5264282226.5625,5264282226.5625,0.0
14,M1Q0,c19q1,19454956054.6875,19454956054.6875,0.0
14,M1Q0,c19q2,33264160156.25,33264160156.25,0.0
14,M1Q0,c19q3,41503906250.0,41503906250.0,0.0
14,M1Q0,c19q4,8239746093.75,8239746093.75,0.0
14,M1Q0,c20q0,3433227539.0625,3433227539.0625,0.0
14,M1Q0,c20q1,48294067382.8125,48294067382.8125,0.0
14,M1Q0,c20q2,37384033203.125,37384033203.125,0.0
14,M1Q0,c20q3,42877197265.625,42877197265.625,0.0
14,M1Q0,c20q4,23155212402.34375,23155212402.34375,0.0
14,M1Q0,c21q0,7133483886.71875,7133483886.71875,0.0
14,M1Q0,c21q1,15563964843.75,15563964843.75,0.0
14,M1Q0,c21q2,248451232910.15625,248451232910.15625,0.0
14,M1Q0,c21q3,63018798828.125,63018798828.125,0.0
14,M1Q0,c21q4,36735534667.96875,36735534667.96875,0.0
14,M1Q0,c22q0,0.0,0.0,0.0
14,M1Q0,c22q1,2517700195.3125,2517700195.3125,0.0
14,M1Q0,c22q2,12207031250.0,12207031250.0,0.0
14,M1Q0,c22q3,13198852539.0625,13198852539.0625,0.0
14,M1Q0,c22q4,10337829589.84375,10337829589.84375,0.0
14,M1Q0,c23q0,12054443359.375,12054443359.375,0.0
14,M1Q0,c23q1,127677917480.46875,127677917480.46875,0.0
14,M1Q0,c23q2,158424377441.40625,158424377441.40625,0.0
14,M1Q0,c23q3,60615539550.78125,60615539550.78125,0.0
14,M1Q0,c23q4,32539367675.78125,32539367675.78125,0.0
14,M1Q0,c24q0,44364929199.21875,44364929199.21875,0.0
14,M1Q0,c24q1,32501220703.125,32501220703.125,0.0
14,M1Q0,c24q2,126228332519.53125,126228332519.53125,0.0
14,M1Q0,c24q3,61225891113.28125,61225891113.28125,0.0
14,M1Q0,c24q4,66604614257.8125,66604614257.8125,0.0
14,M1Q0,c25q0,94985961914.0625,94985961914.0625,0.0
14,M1Q0,c25q1,150375366210.9375,150375366210.9375,0.0
14,M1Q0,c25q2,260925292968.75,260925292968.75,0.0
14,M1Q0,c25q3,156936645507.8125,156936645507.8125,0.0
14,M1Q0,c25q4,88958740234.375,88958740234.375,0.0
14,M1Q0,c26q0,18348693847.65625,18348693847.65625,0.0
14,M1Q0,c26q1,101280212402.34375,101280212402.34375,0.0
14,M1Q0,c26q2,95787048339.84375,95787048339.84375,0.0
14,M1Q0,c26q3,69236755371.09375,69236755371.09375,0.0
14,M1Q0,c26q4,111656188964.84375,111656188964.84375,0.0
14,M1Q0,c27q0,953674316.40625,953674316.40625,0.0
14,M1Q0,c27q1,3128051757.8125,3128051757.8125,0.0
14,M1Q0,c27q2,13236999511.71875,13236999511.71875,0.0
14,M1Q0,c27q3,8850097656.25,8850097656.25,0.0
14,M1Q0,c27q4,7705688476.5625,7705688476.5625,0.0
14,M1Q0,c28q0,5798339843.75,5798339843.75,0.0
14,M1Q0,c28q1,172729492187.5,172729492187.5,0.0
14,M1Q0,c28q2,218620300292.96875,218620300292.96875,0.0
14,M1Q0,c28q3,512809753417.96875,512809753417.96875,0.0
14,M1Q0,c28q4,910606384277.3438,911941528320.3125,1335144042.96875
14,M1Q0,c29q0,54855346679.6875,54855346679.6875,0.0
14,M1Q0,c29q1,40283203125.0,40283203125.0,0.0
14,M1Q0,c29q2,242080688476.5625,242080688476.5625,0.0
14,M1Q0,c29q3,210876464843.75,210876464843.75,0.0
14,M1Q0,c29q4,30670166015.625,30670166015.625,0.0
14,M1Q0,c30q0,1678466796.875,1678466796.875,0.0
14,M1Q0,c30q1,9918212890.625,9918212890.625,0.0
14,M1Q0,c30q2,85334777832.03125,85334777832.03125,0.0
14,M1Q0,c30q3,240135192871.09375,240135192871.09375,0.0
14,M1Q0,c30q4,985145568847.6562,985527038574.2188,381469726.5625
14,M1Q0,c31q0,1640319824.21875,1640319824.21875,0.0
14,M1Q0,c31q1,18272399902.34375,18272399902.34375,0.0
14,M1Q0,c31q2,42381286621.09375,42381286621.09375,0.0
14,M1Q0,c31q3,33149719238.28125,33149719238.28125,0.0
14,M1Q0,c31q4,29830932617.1875,29830932617.1875,0.0
14,M1Q0,c32q0,44097900390.625,44097900390.625,0.0
14,M1Q0,c32q1,213661193847.65625,213661193847.65625,0.0
14,M1Q0,c32q2,316352844238.28125,316352844238.28125,0.0
14,M1Q0,c32q3,489501953125.0,489501953125.0,0.0
14,M1Q0,c32q4,324440002441.40625,324440002441.40625,0.0
14,M1Q0,c33q0,1831054687.5,1831054687.5,0.0
14,M1Q0,c33q1,28877258300.78125,28877258300.78125,0.0
14,M1Q0,c33q2,25939941406.25,25939941406.25,0.0
14,M1Q0,c33q3,75492858886.71875,75492858886.71875,0.0
14,M1Q0,c33q4,51155090332.03125,51155090332.03125,0.0
14,M1Q0,c34q0,1296997070.3125,1296997070.3125,0.0
14,M1Q0,c34q1,38909912109.375,38909912109.375,0.0
14,M1Q0,c34q2,7820129394.53125,7820129394.53125,0.0
14,M1Q0,c34q3,33988952636.71875,33988952636.71875,0.0
14,M1Q0,c34q4,5645751953.125,5645751953.125,0.0
14,M1Q0,c35q0,7591247558.59375,7591247558.59375,0.0
14,M1Q0,c35q1,109634399414.0625,109634399414.0625,0.0
14,M1Q0,c35q2,68931579589.84375,68931579589.84375,0.0
14,M1Q0,c35q3,29220581054.6875,29220581054.6875,0.0
14,M1Q0,c35q4,41007995605.46875,41007995605.46875,0.0
14,M1Q0,c36q0,5607604980.46875,5607604980.46875,0.0
14,M1Q0,c36q1,39863586425.78125,39863586425.78125,0.0
14,M1Q0,c36q2,25177001953.125,25177001953.125,0.0
14,M1Q0,c36q3,43716430664.0625,43716430664.0625,0.0
14,M1Q0,c36q4,4692077636.71875,4692077636.71875,0.0
14,M1Q0,c37q0,11405944824.21875,11405944824.21875,0.0
14,M1Q0,c37q1,15602111816.40625,15602111816.40625,0.0
14,M1Q0,c37q2,135841369628.90625,135841369628.90625,0.0
14,M1Q0,c37q3,345001220703.125,345001220703.125,0.0
14,M1Q0,c37q4,76408386230.46875,76408386230.46875,0.0
14,M1Q0,c38q0,20256042480.46875,20256042480.46875,0.0
14,M1Q0,c38q1,93193054199.21875,93193054199.21875,0.0
14,M1Q0,c38q2,311203002929.6875,311203002929.6875,0.0
14,M1Q0,c38q3,66261291503.90625,66261291503.90625,0.0
14,M1Q0,c38q4,127716064453.125,127716064453.125,0.0
14,M1Q0,c39q0,3028428846.5278473,2822875976.5625,-205552869.9653473
14,M1Q0,c39q1,15633240802.346455,15602111816.40625,-31128985.94020462
14,M1Q0,c39q2,129608569688.5634,129394531250.0,-214038438.56340027
14,M1Q0,c39q3,124533905134.92215,124320983886.71875,-212921248.20339966
14,M1Q0,c39q4,34622308164.3589,34332275390.625,-290032773.733902
14,M0Q1,c00q0,610351562.5,610351562.5,0.0
14,M0Q1,c00q1,61035156250.0,61035156250.0,0.0
14,M0Q1,c00q2,298156738281.25,298156738281.25,0.0
14,M0Q1,c00q3,18920898437.5,18920898437.5,0.0
14,M0Q1,c00q4,36888122558.59375,36888122558.59375,0.0
14,M0Q1,c01q0,64086914062.5,64086914062.5,0.0
14,M0Q1,c01q1,64353942871.09375,64353942871.09375,0.0
14,M0Q1,c01q2,93498229980.46875,93498229980.46875,0.0
14,M0Q1,c01q3,161437988281.25,161437988281.25,0.0
14,M0Q1,c01q4,190925598144.53125,190925598144.53125,0.0
14,M0Q1,c02q0,686645507.8125,686645507.8125,0.0
14,M0Q1,c02q1,6637573242.1875,6637573242.1875,0.0
14,M0Q1,c02q2,30670166015.625,30670166015.625,0.0
14,M0Q1,c02q3,28305053710.9375,28305053710.9375,0.0
14,M0Q1,c02q4,32272338867.1875,32272338867.1875,0.0
14,M0Q1,c03q0,10604858398.4375,10604858398.4375,0.0
14,M0Q1,c03q1,87661743164.0625,87661743164.0625,0.0
14,M0Q1,c03q2,83694458007.8125,83694458007.8125,0.0
14,M0Q1,c03q3,190086364746.09375,190086364746.09375,0.0
14,M0Q1,c03q4,50544738769.53125,50544738769.53125,0.0
14,M0Q1,c04q0,686645507.8125,686645507.8125,0.0
14,M0Q1,c04q1,62866210937.5,62866210937.5,0.0
14,M0Q1,c04q2,35667419433.59375,35667419433.59375,0.0
14,M0Q1,c04q3,45051574707.03125,45051574707.03125,0.0
14,M0Q1,c04q4,9422302246.09375,9422302246.09375,0.0
14,M0Q1,c05q0,1716613769.53125,1716613769.53125,0.0
14,M0Q1,c05q1,7514953613.28125,7514953613.28125,0.0
14,M0Q1,c05q2,103912353515.625,103912353515.625,0.0
14,M0Q1,c05q3,79994201660.15625,79994201660.15625,0.0
14,M0Q1,c05q4,320053100585.9375,320053100585.9375,0.0
14,M0Q1,c06q0,686645507.8125,686645507.8125,0.0
14,M0Q1,c06q1,3700256347.65625,3700256347.65625,0.0
14,M0Q1,c06q2,56724548339.84375,56724548339.84375,0.0
14,M0Q1,c06q3,144920349121.09375,144920349121.09375,0.0
14,M0Q1,c06q4,51383972167.96875,51383972167.96875,0.0
14,M0Q1,c07q0,6752014160.15625,6752014160.15625,0.0
14,M0Q1,c07q1,18348693847.65625,18348693847.65625,0.0
14,M0Q1,c07q2,56037902832.03125,56037902832.03125,0.0
14,M0Q1,c07q3,135192871093.75,135192871093.75,0.0
14,M0Q1,c07q4,15449523925.78125,15449523925.78125,0.0
14,M0Q1,c08q0,1296997070.3125,1296997070.3125,0.0
14,M0Q1,c08q1,1716613769.53125,1716613769.53125,0.0
14,M0Q1,c08q2,45242309570.3125,45242309570.3125,0.0
14,M0Q1,c08q3,91171264648.4375,91171264648.4375,0.0
14,M0Q1,c08q4,4119873046.875,4119873046.875,0.0
14,M0Q1,c09q0,6942749023.4375,6942749023.4375,0.0
14,M0Q1,c09q1,17814636230.46875,17814636230.46875,0.0
14,M0Q1,c09q2,26779174804.6875,26779174804.6875,0.0
14,M0Q1,c09q3,93727111816.40625,93727111816.40625,0.0
14,M0Q1,c09q4,2365112304.6875,2365112304.6875,0.0
14,M0Q1,c10q0,3776550292.96875,3776550292.96875,0.0
14,M0Q1,c10q1,55923461914.0625,55923461914.0625,0.0
14,M0Q1,c10q2,125694274902.34375,125694274902.34375,0.0
14,M0Q1,c10q3,22659301757.8125,22659301757.8125,0.0
14,M0Q1,c10q4,5302429199.21875,5302429199.21875,0.0
14,M0Q1,c11q0,686645507.8125,686645507.8125,0.0
14,M0Q1,c11q1,17204284667.96875,17204284667.96875,0.0
14,M0Q1,c11q2,155296325683.59375,155296325683.59375,0.0
14,M0Q1,c11q3,29182434082.03125,29182434082.03125,0.0
14,M0Q1,c11q4,4043579101.5625,4043579101.5625,0.0
14,M0Q1,c12q0,5226135253.90625,5226135253.90625,0.0
14,M0Q1,c12q1,199508666992.1875,199508666992.1875,0.0
14,M0Q1,c12q2,34408569335.9375,34408569335.9375,0.0
14,M0Q1,c12q3,226211547851.5625,226211547851.5625,0.0
14,M0Q1,c12q4,9460449218.75,9460449218.75,0.0
14,M0Q1,c13q0,1220703125.0,1220703125.0,0.0
14,M0Q1,c13q1,105056762695.3125,105056762695.3125,0.0
14,M0Q1,c13q2,70724487304.6875,70724487304.6875,0.0
14,M0Q1,c13q3,687789916992.1875,687789916992.1875,0.0
14,M0Q1,c13q4,174369812011.71875,174369812011.71875,0.0
14,M0Q1,c14q0,44326782226.5625,44326782226.5625,0.0
14,M0Q1,c14q1,235671997070.3125,235671997070.3125,0.0
14,M0Q1,c14q2,64430236816.40625,64430236816.40625,0.0
14,M0Q1,c14q3,338973999023.4375,338973999023.4375,0.0
14,M0Q1,c14q4,17662048339.84375,17662048339.84375,0.0
14,M0Q1,c15q0,3700256347.65625,3700256347.65625,0.0
14,M0Q1,c15q1,61759948730.46875,61759948730.46875,0.0
14,M0Q1,c15q2,108757019042.96875,108757019042.96875,0.0
14,M0Q1,c15q3,26664733886.71875,26664733886.71875,0.0
14,M0Q1,c15q4,60081481933.59375,60081481933.59375,0.0
14,M0Q1,c16q0,6065368652.34375,6065368652.34375,0.0
14,M0Q1,c16q1,22811889648.4375,22811889648.4375,0.0
14,M0Q1,c16q2,81558227539.0625,81558227539.0625,0.0
14,M0Q1,c16q3,253791809082.03125,253791809082.03125,0.0
14,M0Q1,c16q4,22430419921.875,22430419921.875,0.0
14,M0Q1,c17q0,38909912109.375,38909912109.375,0.0
14,M0Q1,c17q1,69885253906.25,69885253906.25,0.0
14,M0Q1,c17q2,225791931152.34375,225791931152.34375,0.0
14,M0Q1,c17q3,128211975097.65625,128211975097.65625,0.0
14,M0Q1,c17q4,22163391113.28125,22163391113.28125,0.0
14,M0Q1,c18q0,4577636718.75,4577636718.75,0.0
14,M0Q1,c18q1,26550292968.75,26550292968.75,0.0
14,M0Q1,c18q2,102157592773.4375,102157592773.4375,0.0
14,M0Q1,c18q3,55007934570.3125,55007934570.3125,0.0
14,M0Q1,c18q4,13618469238.28125,13618469238.28125,0.0
14,M0Q1,c19q0,5264282226.5625,5264282226.5625,0.0
14,M0Q1,c19q1,19454956054.6875,19454956054.6875,0.0
14,M0Q1,c19q2,33264160156.25,33264160156.25,0.0
14,M0Q1,c19q3,41503906250.0,41503906250.0,0.0
14,M0Q1,c19q4,8239746093.75,8239746093.75,0.0
14,M0Q1,c20q0,3433227539.0625,3433227539.0625,0.0
14,M0Q1,c20q1,48294067382.8125,48294067382.8125,0.0
14,M0Q1,c20q2,37384033203.125,37384033203.125,0.0
14,M0Q1,c20q3,42877197265.625,42877197265.625,0.0
14,M0Q1,c20q4,23155212402.34375,23155212402.34375,0.0
14,M0Q1,c21q0,7133483886.71875,7133483886.71875,0.0
14,M0Q1,c21q1,15563964843.75,15563964843.75,0.0
14,M0Q1,c21q2,248451232910.15625,248451232910.15625,0.0
14,M0Q1,c21q3,63018798828.125,63018798828.125,0.0
14,M0Q1,c21q4,36735534667.96875,36735534667.96875,0.0
14,M0Q1,c22q0,0.0,0.0,0.0
14,M0Q1,c22q1,2517700195.3125,2517700195.3125,0.0
14,M0Q1,c22q2,12207031250.0,12207031250.0,0.0
14,M0Q1,c22q3,13198852539.0625,13198852539.0625,0.0
14,M0Q1,c22q4,10337829589.84375,10337829589.84375,0.0
14,M0Q1,c23q0,12054443359.375,12054443359.375,0.0
14,M0Q1,c23q1,127677917480.46875,127677917480.46875,0.0
14,M0Q1,c23q2,158424377441.40625,158424377441.40625,0.0
14,M0Q1,c23q3,60615539550.78125,60615539550.78125,0.0
14,M0Q1,c23q4,32539367675.78125,32539367675.78125,0.0
14,M0Q1,c24q0,44364929199.21875,44364929199.21875,0.0
14,M0Q1,c24q1,32501220703.125,32501220703.125,0.0
14,M0Q1,c24q2,126228332519.53125,126228332519.53125,0.0
14,M0Q1,c24q3,61225891113.28125,61225891113.28125,0.0
14,M0Q1,c24q4,66604614257.8125,66604614257.8125,0.0
14,M0Q1,c25q0,94985961914.0625,94985961914.0625,0.0
14,M0Q1,c25q1,150375366210.9375,150375366210.9375,0.0
14,M0Q1,c25q2,260925292968.75,260925292968.75,0.0
14,M0Q1,c25q3,156936645507.8125,156936645507.8125,0.0
14,M0Q1,c25q4,88958740234.375,88958740234.375,0.0
14,M0Q1,c26q0,18348693847.65625,18348693847.65625,0.0
14,M0Q1,c26q1,101280212402.34375,101280212402.34375,0.0
14,M0Q1,c26q2,95787048339.84375,95787048339.84375,0.0
14,M0Q1,c26q3,69236755371.09375,69236755371.09375,0.0
14,M0Q1,c26q4,111656188964.84375,111656188964.84375,0.0
14,M0Q1,c27q0,953674316.40625,953674316.40625,0.0
14,M0Q1,c27q1,3128051757.8125,3128051757.8125,0.0
14,M0Q1,c27q2,13236999511.71875,13236999511.71875,0.0
14,M0Q1,c27q3,8850097656.25,8850097656.25,0.0
14,M0Q1,c27q4,7705688476.5625,7705688476.5625,0.0
14,M0Q1,c28q0,5798339843.75,5798339843.75,0.0
14,M0Q1,c28q1,172729492187.5,172729492187.5,0.0
14,M0Q1,c28q2,218620300292.96875,218620300292.96875,0.0
14,M0Q1,c28q3,512809753417.96875,512809753417.96875,0.0
14,M0Q1,c28q4,910606384277.3438,910873413085.9375,267028808.59375
14,M0Q1,c29q0,54855346679.6875,54855346679.6875,0.0
14,M0Q1,c29q1,40283203125.0,40283203125.0,0.0
14,M0Q1,c29q2,242080688476.5625,242080688476.5625,0.0
14,M0Q1,c29q3,210876464843.75,210876464843.75,0.0
14,M0Q1,c29q4,30670166015.625,30670166015.625,0.0
14,M0Q1,c30q0,1678466796.875,1678466796.875,0.0
14,M0Q1,c30q1,9918212890.625,9918212890.625,0.0
14,M0Q1,c30q2,85334777832.03125,85334777832.03125,0.0
14,M0Q1,c30q3,240135192871.09375,240135192871.09375,0.0
14,M0Q1,c30q4,985145568847.6562,985221862792.9688,76293945.3125
14,M0Q1,c31q0,1640319824.21875,1640319824.21875,0.0
14,M0Q1,c31q1,18272399902.34375,18272399902.34375,0.0
14,M0Q1,c31q2,42381286621.09375,42381286621.09375,0.0
14,M0Q1,c31q3,33149719238.28125,33149719238.28125,0.0
14,M0Q1,c31q4,29830932617.1875,29830932617.1875,0.0
14,M0Q1,c32q0,44097900390.625,44097900390.625,0.0
14,M0Q1,c32q1,213661193847.65625,213661193847.65625,0.0
14,M0Q1,c32q2,316352844238.28125,316352844238.28125,0.0
14,M0Q1,c32q3,489501953125.0,489501953125.0,0.0
14,M0Q1,c32q4,324440002441.40625,324440002441.40625,0.0
14,M0Q1,c33q0,1831054687.5,1831054687.5,0.0
14,M0Q1,c33q1,28877258300.78125,28877258300.78125,0.0
14,M0Q1,c33q2,25939941406.25,25939941406.25,0.0
14,M0Q1,c33q3,75492858886.71875,75492858886.71875,0.0
14,M0Q1,c33q4,51155090332.03125,51155090332.03125,0.0
14,M0Q1,c34q0,1296997070.3125,1296997070.3125,0.0
14,M0Q1,c34q1,38909912109.375,38909912109.375,0.0
14,M0Q1,c34q2,7820129394.53125,7820129394.53125,0.0
14,M0Q1,c34q3,33988952636.71875,33988952636.71875,0.0
14,M0Q1,c34q4,5645751953.125,5645751953.125,0.0
14,M0Q1,c35q0,7591247558.59375,7591247558.59375,0.0
14,M0Q1,c35q1,109634399414.0625,109634399414.0625,0.0
14,M0Q1,c35q2,68931579589.84375,68931579589.84375,0.0
14,M0Q1,c35q3,29220581054.6875,29220581054.6875,0.0
14,M0Q1,c35q4,41007995605.46875,41007995605.46875,0.0
14,M0Q1,c36q0,5607604980.46875,5607604980.46875,0.0
14,M0Q1,c36q1,39863586425.78125,39863586425.78125,0.0
14,M0Q1,c36q2,25177001953.125,25177001953.125,0.0
14,M0Q1,c36q3,43716430664.0625,43716430664.0625,0.0
14,M0Q1,c36q4,4692077636.71875,4692077636.71875,0.0
14,M0Q1,c37q0,11405944824.21875,11405944824.21875,0.0
14,M0Q1,c37q1,15602111816.40625,15602111816.40625,0.0
14,M0Q1,c37q2,135841369628.90625,135841369628.90625,0.0
14,M0Q1,c37q3,345001220703.125,345001220703.125,0.0
14,M0Q1,c37q4,76408386230.46875,76408386230.46875,0.0
14,M0Q1,c38q0,20256042480.46875,20256042480.46875,0.0
14,M0Q1,c38q1,93193054199.21875,93193054199.21875,0.0
14,M0Q1,c38q2,311203002929.6875,311203002929.6875,0.0
14,M0Q1,c38q3,66261291503.90625,66261291503.90625,0.0
14,M0Q1,c38q4,127716064453.125,127716064453.125,0.0
14,M0Q1,c39q0,3626892415.505956,3509521484.375,-117370931.13095617
14,M0Q1,c39q1,10845119477.7384,10795593261.71875,-49526216.019649506
14,M0Q1,c39q2,109162350152.97339,109138488769.53125,-23861383.442138672
14,M0Q1,c39q3,125092230566.17603,125007629394.53125,-84601171.64477539
14,M0Q1,c39q4,37833465981.35625,37765502929.6875,-67963051.66874695
14,M1Q1,c00q0,610351562.5,610351562.5,0.0
14,M1Q1,c00q1,61035156250.0,61035156250.0,0.0
14,M1Q1,c00q2,298156738281.25,298156738281.25,0.0
14,M1Q1,c00q3,18920898437.5,18920898437.5,0.0
14,M1Q1,c00q4,36888122558.59375,36888122558.59375,0.0
14,M1Q1,c01q0,64086914062.5,64086914062.5,0.0
14,M1Q1,c01q1,64353942871.09375,64353942871.09375,0.0
14,M1Q1,c01q2,93498229980.46875,93498229980.46875,0.0
14,M1Q1,c01q3,161437988281.25,161437988281.25,0.0
14,M1Q1,c01q4,190925598144.53125,190925598144.53125,0.0
14,M1Q1,c02q0,686645507.8125,686645507.8125,0.0
14,M1Q1,c02q1,6637573242.1875,6637573242.1875,0.0
14,M1Q1,c02q2,30670166015.625,30670166015.625,0.0
14,M1Q1,c02q3,28305053710.9375,28305053710.9375,0.0
14,M1Q1,c02q4,32272338867.1875,32272338867.1875,0.0
14,M1Q1,c03q0,10604858398.4375,10604858398.4375,0.0
14,M1Q1,c03q1,87661743164.0625,87661743164.0625,0.0
14,M1Q1,c03q2,83694458007.8125,83694458007.8125,0.0
14,M1Q1,c03q3,190086364746.09375,190086364746.09375,0.0
14,M1Q1,c03q4,50544738769.53125,50544738769.53125,0.0
14,M1Q1,c04q0,686645507.8125,686645507.8125,0.0
14,M1Q1,c04q1,62866210937.5,62866210937.5,0.0
14,M1Q1,c04q2,35667419433.59375,35667419433.59375,0.0
14,M1Q1,c04q3,45051574707.03125,45051574707.03125,0.0
14,M1Q1,c04q4,9422302246.09375,9422302246.09375,0.0
14,M1Q1,c05q0,1716613769.53125,1716613769.53125,0.0
14,M1Q1,c05q1,7514953613.28125,7514953613.28125,0.0
14,M1Q1,c05q2,103912353515.625,103912353515.625,0.0
14,M1Q1,c05q3,79994201660.15625,79994201660.15625,0.0
14,M1Q1,c05q4,320053100585.9375,320053100585.9375,0.0
14,M1Q1,c06q0,686645507.8125,686645507.8125,0.0
14,M1Q1,c06q1,3700256347.65625,3700256347.65625,0.0
14,M1Q1,c06q2,56724548339.84375,56724548339.84375,0.0
14,M1Q1,c06q3,144920349121.09375,144920349121.09375,0.0
14,M1Q1,c06q4,51383972167.96875,51383972167.96875,0.0
14,M1Q1,c07q0,6752014160.15625,6752014160.15625,0.0
14,M1Q1,c07q1,18348693847.65625,18348693847.65625,0.0
14,M1Q1,c07q2,56037902832.03125,56037902832.03125,0.0
14,M1Q1,c07q3,135192871093.75,135192871093.75,0.0
14,M1Q1,c07q4,15449523925.78125,15449523925.78125,0.0
14,M1Q1,c08q0,1296997070.3125,1296997070.3125,0.0
14,M1Q1,c08q1,1716613769.53125,1716613769.53125,0.0
14,M1Q1,c08q2,45242309570.3125,45242309570.3125,0.0
14,M1Q1,c08q3,91171264648.4375,91171264648.4375,0.0
14,M1Q1,c08q4,4119873046.875,4119873046.875,0.0
14,M1Q1,c09q0,6942749023.4375,6942749023.4375,0.0
14,M1Q1,c09q1,17814636230.46875,17814636230.46875,0.0
14,M1Q1,c09q2,26779174804.6875,26779174804.6875,0.0
14,M1Q1,c09q3,93727111816.40625,93727111816.40625,0.0
14,M1Q1,c09q4,2365112304.6875,2365112304.6875,0.0
14,M1Q1,c10q0,3776550292.96875,3776550292.96875,0.0
14,M1Q1,c10q1,55923461914.0625,55923461914.0625,0.0
14,M1Q1,c10q2,125694274902.34375,125694274902.34375,0.0
14,M1Q1,c10q3,22659301757.8125,22659301757.8125,0.0
14,M1Q1,c10q4,5302429199.21875,5302429199.21875,0.0
14,M1Q1,c11q0,686645507.8125,686645507.8125,0.0
14,M1Q1,c11q1,17204284667.96875,17204284667.96875,0.0
14,M1Q1,c11q2,155296325683.59375,155296325683.59375,0.0
14,M1Q1,c11q3,29182434082.03125,29182434082.03125,0.0
14,M1Q1,c11q4,4043579101.5625,4043579101.5625,0.0
14,M1Q1,c12q0,5226135253.90625,5226135253.90625,0.0
14,M1Q1,c12q1,199508666992.1875,199508666992.1875,0.0
14,M1Q1,c12q2,34408569335.9375,34408569335.9375,0.0
14,M1Q1,c12q3,226211547851.5625,226211547851.5625,0.0
14,M1Q1,c12q4,9460449218.75,9460449218.75,0.0
14,M1Q1,c13q0,1220703125.0,1220703125.0,0.0
14,M1Q1,c13q1,105056762695.3125,105056762695.3125,0.0
14,M1Q1,c13q2,70724487304.6875,70724487304.6875,0.0
14,M1Q1,c13q3,687789916992.1875,687789916992.1875,0.0
14,M1Q1,c13q4,174369812011.71875,174369812011.71875,0.0
14,M1Q1,c14q0,43007446614.5302,42953491210.9375,-53955403.59269714
14,M1Q1,c14q1,228657491552.98413,228462219238.28125,-195272314.70288086
14,M1Q1,c14q2,62512545036.09424,62370300292.96875,-142244743.12548828
14,M1Q1,c14q3,328884828413.69653,328674316406.25,-210512007.4465332
14,M1Q1,c14q4,17136357816.288712,16975402832.03125,-160954984.25746155
14,M1Q1,c15q0,3700256347.65625,3700256347.65625,0.0
14,M1Q1,c15q1,61759948730.46875,61759948730.46875,0.0
14,M1Q1,c15q2,108757019042.96875,108757019042.96875,0.0
14,M1Q1,c15q3,26664733886.71875,26664733886.71875,0.0
14,M1Q1,c15q4,60081481933.59375,60081481933.59375,0.0
14,M1Q1,c16q0,6065368652.34375,6065368652.34375,0.0
14,M1Q1,c16q1,22811889648.4375,22811889648.4375,0.0
14,M1Q1,c16q2,81558227539.0625,81558227539.0625,0.0
14,M1Q1,c16q3,253791809082.03125,253791809082.03125,0.0
14,M1Q1,c16q4,22430419921.875,22430419921.875,0.0
14,M1Q1,c17q0,38909912109.375,38909912109.375,0.0
14,M1Q1,c17q1,69885253906.25,69885253906.25,0.0
14,M1Q1,c17q2,225791931152.34375,225791931152.34375,0.0
14,M1Q1,c17q3,128211975097.65625,128211975097.65625,0.0
14,M1Q1,c17q4,22163391113.28125,22163391113.28125,0.0
14,M1Q1,c18q0,4577636718.75,4577636718.75,0.0
14,M1Q1,c18q1,26550292968.75,26550292968.75,0.0
14,M1Q1,c18q2,102157592773.4375,102157592773.4375,0.0
14,M1Q1,c18q3,55007934570.3125,55007934570.3125,0.0
14,M1Q1,c18q4,13618469238.28125,13618469238.28125,0.0
14,M1Q1,c19q0,5264282226.5625,5264282226.5625,0.0
14,M1Q1,c19q1,19454956054.6875,19454956054.6875,0.0
14,M1Q1,c19q2,33264160156.25,33264160156.25,0.0
14,M1Q1,c19q3,41503906250.0,41503906250.0,0.0
14,M1Q1,c19q4,8239746093.75,8239746093.75,0.0
14,M1Q1,c20q0,3433227539.0625,3433227539.0625,0.0
14,M1Q1,c20q1,48294067382.8125,48294067382.8125,0.0
14,M1Q1,c20q2,37384033203.125,37384033203.125,0.0
14,M1Q1,c20q3,42877197265.625,42877197265.625,0.0
14,M1Q1,c20q4,23155212402.34375,23155212402.34375,0.0
14,M1Q1,c21q0,7133483886.71875,7133483886.71875,0.0
14,M1Q1,c21q1,15563964843.75,15563964843.75,0.0
14,M1Q1,c21q2,248451232910.15625,248451232910.15625,0.0
14,M1Q1,c21q3,63018798828.125,63018798828.125,0.0
14,M1Q1,c21q4,36735534667.96875,36735534667.96875,0.0
14,M1Q1,c22q0,0.0,0.0,0.0
14,M1Q1,c22q1,2517700195.3125,2517700195.3125,0.0
14,M1Q1,c22q2,12207031250.0,12207031250.0,0.0
14,M1Q1,c22q3,13198852539.0625,13198852539.0625,0.0
14,M1Q1,c22q4,10337829589.84375,10337829589.84375,0.0
14,M1Q1,c23q0,12054443359.375,12054443359.375,0.0
14,M1Q1,c23q1,127677917480.46875,127677917480.46875,0.0
14,M1Q1,c23q2,158424377441.40625,158424377441.40625,0.0
14,M1Q1,c23q3,60615539550.78125,60615539550.78125,0.0
14,M1Q1,c23q4,32539367675.78125,32539367675.78125,0.0
14,M1Q1,c24q0,44364929199.21875,44364929199.21875,0.0
14,M1Q1,c24q1,32501220703.125,32501220703.125,0.0
14,M1Q1,c24q2,126228332519.53125,126228332519.53125,0.0
14,M1Q1,c24q3,61225891113.28125,61225891113.28125,0.0
14,M1Q1,c24q4,66604614257.8125,66604614257.8125,0.0
14,M1Q1,c25q0,94985961914.0625,94985961914.0625,0.0
14,M1Q1,c25q1,150375366210.9375,150375366210.9375,0.0
14,M1Q1,c25q2,260925292968.75,260925292968.75,0.0
14,M1Q1,c25q3,156936645507.8125,156936645507.8125,0.0
14,M1Q1,c25q4,88958740234.375,88958740234.375,0.0
14,M1Q1,c26q0,18348693847.65625,18348693847.65625,0.0
14,M1Q1,c26q1,101280212402.34375,101280212402.34375,0.0
14,M1Q1,c26q2,95787048339.84375,95787048339.84375,0.0
14,M1Q1,c26q3,69236755371.09375,69236755371.09375,0.0
14,M1Q1,c26q4,111656188964.84375,111656188964.84375,0.0
14,M1Q1,c27q0,953674316.40625,953674316.40625,0.0
14,M1Q1,c27q1,3128051757.8125,3128051757.8125,0.0
14,M1Q1,c27q2,13236999511.71875,13236999511.71875,0.0
14,M1Q1,c27q3,8850097656.25,8850097656.25,0.0
14,M1Q1,c27q4,7705688476.5625,7705688476.5625,0.0
14,M1Q1,c28q0,5798339843.75,5798339843.75,0.0
14,M1Q1,c28q1,172729492187.5,172729492187.5,0.0
14,M1Q1,c28q2,218620300292.96875,218620300292.96875,0.0
14,M1Q1,c28q3,512809753417.96875,512809753417.96875,0.0
14,M1Q1,c28q4,910606384277.3438,911674499511.7188,1068115234.375
14,M1Q1,c29q0,54855346679.6875,54855346679.6875,0.0
14,M1Q1,c29q1,40283203125.0,40283203125.0,0.0
14,M1Q1,c29q2,242080688476.5625,242080688476.5625,0.0
14,M1Q1,c29q3,210876464843.75,210876464843.75,0.0
14,M1Q1,c29q4,30670166015.625,30670166015.625,0.0
14,M1Q1,c30q0,1678466796.875,1678466796.875,0.0
14,M1Q1,c30q1,9918212890.625,9918212890.625,0.0
14,M1Q1,c30q2,85334777832.03125,85334777832.03125,0.0
14,M1Q1,c30q3,240135192871.09375,240135192871.09375,0.0
14,M1Q1,c30q4,985145568847.6562,985450744628.9062,305175781.25
14,M1Q1,c31q0,1640319824.21875,1640319824.21875,0.0
14,M1Q1,c31q1,18272399902.34375,18272399902.34375,0.0
14,M1Q1,c31q2,42381286621.09375,42381286621.09375,0.0
14,M1Q1,c31q3,33149719238.28125,33149719238.28125,0.0
14,M1Q1,c31q4,29830932617.1875,29830932617.1875,0.0
14,M1Q1,c32q0,44097900390.625,44097900390.625,0.0
14,M1Q1,c32q1,213661193847.65625,213661193847.65625,0.0
14,M1Q1,c32q2,316352844238.28125,316352844238.28125,0.0
14,M1Q1,c32q3,489501953125.0,489501953125.0,0.0
14,M1Q1,c32q4,324440002441.40625,324440002441.40625,0.0
14,M1Q1,c33q0,1831054687.5,1831054687.5,0.0
14,M1Q1,c33q1,28877258300.78125,28877258300.78125,0.0
14,M1Q1,c33q2,25939941406.25,25939941406.25,0.0
14,M1Q1,c33q3,75492858886.71875,75492858886.71875,0.0
14,M1Q1,c33q4,51155090332.03125,51155090332.03125,0.0
14,M1Q1,c34q0,1296997070.3125,1296997070.3125,0.0
14,M1Q1,c34q1,38909912109.375,38909912109.375,0.0
14,M1Q1,c34q2,7820129394.53125,7820129394.53125,0.0
14,M1Q1,c34q3,33988952636.71875,33988952636.71875,0.0
14,M1Q1,c34q4,5645751953.125,5645751953.125,0.0
14,M1Q1,c35q0,7591247558.59375,7591247558.59375,0.0
14,M1Q1,c35q1,109634399414.0625,109634399414.0625,0.0
14,M1Q1,c35q2,68931579589.84375,68931579589.84375,0.0
14,M1Q1,c35q3,29220581054.6875,29220581054.6875,0.0
14,M1Q1,c35q4,41007995605.46875,41007995605.46875,0.0
14,M1Q1,c36q0,5607604980.46875,5607604980.46875,0.0
14,M1Q1,c36q1,39863586425.78125,39863586425.78125,0.0
14,M1Q1,c36q2,25177001953.125,25177001953.125,0.0
14,M1Q1,c36q3,43716430664.0625,43716430664.0625,0.0
14,M1Q1,c36q4,4692077636.71875,4692077636.71875,0.0
14,M1Q1,c37q0,11405944824.21875,11405944824.21875,0.0
14,M1Q1,c37q1,15602111816.40625,15602111816.40625,0.0
14,M1Q1,c37q2,135841369628.90625,135841369628.90625,0.0
14,M1Q1,c37q3,345001220703.125,345001220703.125,0.0
14,M1Q1,c37q4,76408386230.46875,76408386230.46875,0.0
14,M1Q1,c38q0,20256042480.46875,20256042480.46875,0.0
14,M1Q1,c38q1,93193054199.21875,93193054199.21875,0.0
14,M1Q1,c38q2,311203002929.6875,311203002929.6875,0.0
14,M1Q1,c38q3,66261291503.90625,66261291503.90625,0.0
14,M1Q1,c38q4,127716064453.125,127716064453.125,0.0
14,M1Q1,c39q0,3890991210.9375,3852844238.28125,-38146972.65625
14,M1Q1,c39q1,11634826660.15625,11482238769.53125,-152587890.625
14,M1Q1,c39q2,117111206054.6875,117034912109.375,-76293945.3125
14,M1Q1,c39q3,134201049804.68752,133934020996.09375,-267028808.59376526
14,M1Q1,c39q4,40588378906.25,40512084960.9375,-76293945.3125
