donor,arm,cell,continuous_nominal_tokens,integer_controlled_nominal_tokens,error_tokens,phase0_count,phase1_count
26,M0Q0,c00q0,610351562.5,610351562.5,0.0,2,1
26,M0Q0,c00q1,61035156250.0,61035156250.0,0.0,206,79
26,M0Q0,c00q2,298156738281.25,298156738281.25,0.0,930,653
26,M0Q0,c00q3,18920898437.5,18920898437.5,0.0,58,45
26,M0Q0,c00q4,36888122558.59375,36888122558.59375,0.0,107,109
26,M0Q0,c01q0,64086914062.5,64086914062.5,0.0,224,56
26,M0Q0,c01q1,64353942871.09375,64353942871.09375,0.0,213,98
26,M0Q0,c01q2,93498229980.46875,93498229980.46875,0.0,313,130
26,M0Q0,c01q3,161437988281.25,161437988281.25,0.0,514,317
26,M0Q0,c01q4,190925598144.53125,190925598144.53125,0.0,561,539
26,M0Q0,c02q0,686645507.8125,686645507.8125,0.0,2,2
26,M0Q0,c02q1,6637573242.1875,6637573242.1875,0.0,14,38
26,M0Q0,c02q2,30670166015.625,30670166015.625,0.0,78,129
26,M0Q0,c02q3,28305053710.9375,28305053710.9375,0.0,96,35
26,M0Q0,c02q4,32272338867.1875,32272338867.1875,0.0,102,66
26,M0Q0,c03q0,10604858398.4375,10604858398.4375,0.0,34,20
26,M0Q0,c03q1,87661743164.0625,87661743164.0625,0.0,242,302
26,M0Q0,c03q2,83694458007.8125,83694458007.8125,0.0,212,355
26,M0Q0,c03q3,190086364746.09375,190086364746.09375,0.0,549,570
26,M0Q0,c03q4,50544738769.53125,50544738769.53125,0.0,155,120
26,M0Q0,c04q0,686645507.8125,686645507.8125,0.0,2,2
26,M0Q0,c04q1,62866210937.5,62866210937.5,0.0,206,103
26,M0Q0,c04q2,35667419433.59375,35667419433.59375,0.0,119,51
26,M0Q0,c04q3,45051574707.03125,45051574707.03125,0.0,153,55
26,M0Q0,c04q4,9422302246.09375,9422302246.09375,0.0,33,8
26,M0Q0,c05q0,1716613769.53125,1716613769.53125,0.0,5,5
26,M0Q0,c05q1,7514953613.28125,7514953613.28125,0.0,17,39
26,M0Q0,c05q2,103912353515.625,103912353515.625,0.0,280,382
26,M0Q0,c05q3,79994201660.15625,79994201660.15625,0.0,231,240
26,M0Q0,c05q4,320053100585.9375,320053100585.9375,0.0,838,1262
26,M0Q0,c06q0,686645507.8125,686645507.8125,0.0,2,2
26,M0Q0,c06q1,3700256347.65625,3700256347.65625,0.0,13,3
26,M0Q0,c06q2,56724548339.84375,56724548339.84375,0.0,151,215
26,M0Q0,c06q3,144920349121.09375,144920349121.09375,0.0,479,223
26,M0Q0,c06q4,51383972167.96875,51383972167.96875,0.0,165,96
26,M0Q0,c07q0,6752014160.15625,6752014160.15625,0.0,23,8
26,M0Q0,c07q1,18348693847.65625,18348693847.65625,0.0,57,41
26,M0Q0,c07q2,56037902832.03125,56037902832.03125,0.0,141,241
26,M0Q0,c07q3,135192871093.75,135192871093.75,0.0,380,442
26,M0Q0,c07q4,15449523925.78125,15449523925.78125,0.0,51,24
26,M0Q0,c08q0,1296997070.3125,1296997070.3125,0.0,4,3
26,M0Q0,c08q1,1716613769.53125,1716613769.53125,0.0,5,5
26,M0Q0,c08q2,45242309570.3125,45242309570.3125,0.0,138,110
26,M0Q0,c08q3,91171264648.4375,91171264648.4375,0.0,258,292
26,M0Q0,c08q4,4119873046.875,4119873046.875,0.0,10,19
26,M0Q0,c09q0,6942749023.4375,6942749023.4375,0.0,8,63
26,M0Q0,c09q1,17814636230.46875,17814636230.46875,0.0,55,41
26,M0Q0,c09q2,26779174804.6875,26779174804.6875,0.0,58,148
26,M0Q0,c09q3,93727111816.40625,93727111816.40625,0.0,321,105
26,M0Q0,c09q4,2365112304.6875,2365112304.6875,0.0,6,10
26,M0Q0,c10q0,3776550292.96875,3776550292.96875,0.0,13,4
26,M0Q0,c10q1,55923461914.0625,55923461914.0625,0.0,166,152
26,M0Q0,c10q2,125694274902.34375,125694274902.34375,0.0,359,391
26,M0Q0,c10q3,22659301757.8125,22659301757.8125,0.0,74,38
26,M0Q0,c10q4,5302429199.21875,5302429199.21875,0.0,9,38
26,M0Q0,c11q0,686645507.8125,686645507.8125,0.0,2,2
26,M0Q0,c11q1,17204284667.96875,17204284667.96875,0.0,55,33
26,M0Q0,c11q2,155296325683.59375,155296325683.59375,0.0,509,254
26,M0Q0,c11q3,29182434082.03125,29182434082.03125,0.0,71,134
26,M0Q0,c11q4,4043579101.5625,4043579101.5625,0.0,14,4
26,M0Q0,c12q0,5226135253.90625,5226135253.90625,0.0,19,2
26,M0Q0,c12q1,199508666992.1875,199508666992.1875,0.0,520,795
26,M0Q0,c12q2,34408569335.9375,34408569335.9375,0.0,98,108
26,M0Q0,c12q3,226211547851.5625,226211547851.5625,0.0,634,746
26,M0Q0,c12q4,9460449218.75,9460449218.75,0.0,28,26
26,M0Q0,c13q0,1220703125.0,1220703125.0,0.0,4,2
26,M0Q0,c13q1,105056762695.3125,105056762695.3125,0.0,268,439
26,M0Q0,c13q2,70724487304.6875,70724487304.6875,0.0,182,290
26,M0Q0,c13q3,687789916992.1875,687789916992.1875,0.0,2026,1924
26,M0Q0,c13q4,174369812011.71875,174369812011.71875,0.0,491,567
26,M0Q0,c14q0,44326782226.5625,44326782226.5625,0.0,158,28
26,M0Q0,c14q1,235671997070.3125,235671997070.3125,0.0,726,548
26,M0Q0,c14q2,64430236816.40625,64430236816.40625,0.0,177,225
26,M0Q0,c14q3,338973999023.4375,338973999023.4375,0.0,1082,656
26,M0Q0,c14q4,17662048339.84375,17662048339.84375,0.0,51,53
26,M0Q0,c15q0,3700256347.65625,3700256347.65625,0.0,9,17
26,M0Q0,c15q1,61759948730.46875,61759948730.46875,0.0,187,155
26,M0Q0,c15q2,108757019042.96875,108757019042.96875,0.0,327,281
26,M0Q0,c15q3,26664733886.71875,26664733886.71875,0.0,85,52
26,M0Q0,c15q4,60081481933.59375,60081481933.59375,0.0,199,91
26,M0Q0,c16q0,6065368652.34375,6065368652.34375,0.0,9,48
26,M0Q0,c16q1,22811889648.4375,22811889648.4375,0.0,60,89
26,M0Q0,c16q2,81558227539.0625,81558227539.0625,0.0,250,194
26,M0Q0,c16q3,253791809082.03125,253791809082.03125,0.0,757,677
26,M0Q0,c16q4,22430419921.875,22430419921.875,0.0,60,84
26,M0Q0,c17q0,38909912109.375,38909912109.375,0.0,102,153
26,M0Q0,c17q1,69885253906.25,69885253906.25,0.0,226,125
26,M0Q0,c17q2,225791931152.34375,225791931152.34375,0.0,733,394
26,M0Q0,c17q3,128211975097.65625,128211975097.65625,0.0,321,557
26,M0Q0,c17q4,22163391113.28125,22163391113.28125,0.0,67,56
26,M0Q0,c18q0,4577636718.75,4577636718.75,0.0,12,18
26,M0Q0,c18q1,26550292968.75,26550292968.75,0.0,66,117
26,M0Q0,c18q2,102157592773.4375,102157592773.4375,0.0,314,240
26,M0Q0,c18q3,55007934570.3125,55007934570.3125,0.0,184,77
26,M0Q0,c18q4,13618469238.28125,13618469238.28125,0.0,19,112
26,M0Q0,c19q0,5264282226.5625,5264282226.5625,0.0,6,48
26,M0Q0,c19q1,19454956054.6875,19454956054.6875,0.0,60,45
26,M0Q0,c19q2,33264160156.25,33264160156.25,0.0,102,79
26,M0Q0,c19q3,41503906250.0,41503906250.0,0.0,94,215
26,M0Q0,c19q4,8239746093.75,8239746093.75,0.0,16,52
26,M0Q0,c20q0,3433227539.0625,3433227539.0625,0.0,10,10
26,M0Q0,c20q1,48294067382.8125,48294067382.8125,0.0,126,192
26,M0Q0,c20q2,37384033203.125,37384033203.125,0.0,118,77
26,M0Q0,c20q3,42877197265.625,42877197265.625,0.0,138,79
26,M0Q0,c20q4,23155212402.34375,23155212402.34375,0.0,75,41
26,M0Q0,c21q0,7133483886.71875,7133483886.71875,0.0,25,6
26,M0Q0,c21q1,15563964843.75,15563964843.75,0.0,46,43
26,M0Q0,c21q2,248451232910.15625,248451232910.15625,0.0,751,628
26,M0Q0,c21q3,63018798828.125,63018798828.125,0.0,180,196
26,M0Q0,c21q4,36735534667.96875,36735534667.96875,0.0,105,114
26,M0Q0,c22q0,0.0,0.0,0.0,0,0
26,M0Q0,c22q1,2517700195.3125,2517700195.3125,0.0,8,5
26,M0Q0,c22q2,12207031250.0,12207031250.0,0.0,40,20
26,M0Q0,c22q3,13198852539.0625,13198852539.0625,0.0,44,19
26,M0Q0,c22q4,10337829589.84375,10337829589.84375,0.0,33,20
26,M0Q0,c23q0,12054443359.375,12054443359.375,0.0,38,25
26,M0Q0,c23q1,127677917480.46875,127677917480.46875,0.0,399,277
26,M0Q0,c23q2,158424377441.40625,158424377441.40625,0.0,493,351
26,M0Q0,c23q3,60615539550.78125,60615539550.78125,0.0,193,119
26,M0Q0,c23q4,32539367675.78125,32539367675.78125,0.0,81,143
26,M0Q0,c24q0,44364929199.21875,44364929199.21875,0.0,151,53
26,M0Q0,c24q1,32501220703.125,32501220703.125,0.0,96,90
26,M0Q0,c24q2,126228332519.53125,126228332519.53125,0.0,395,272
26,M0Q0,c24q3,61225891113.28125,61225891113.28125,0.0,181,169
26,M0Q0,c24q4,66604614257.8125,66604614257.8125,0.0,224,89
26,M0Q0,c25q0,94985961914.0625,94985961914.0625,0.0,290,230
26,M0Q0,c25q1,150375366210.9375,150375366210.9375,0.0,436,445
26,M0Q0,c25q2,260925292968.75,260925292968.75,0.0,732,858
26,M0Q0,c25q3,156936645507.8125,156936645507.8125,0.0,482,370
26,M0Q0,c25q4,88958740234.375,88958740234.375,0.0,206,445
26,M0Q0,c26q0,18348693847.65625,18348693847.65625,0.0,59,34
26,M0Q0,c26q1,101280212402.34375,101280212402.34375,0.0,263,407
26,M0Q0,c26q2,95787048339.84375,95787048339.84375,0.0,315,153
26,M0Q0,c26q3,69236755371.09375,69236755371.09375,0.0,199,211
26,M0Q0,c26q4,111656188964.84375,111656188964.84375,0.0,299,417
26,M0Q0,c27q0,953674316.40625,953674316.40625,0.0,3,2
26,M0Q0,c27q1,3128051757.8125,3128051757.8125,0.0,10,6
26,M0Q0,c27q2,13236999511.71875,13236999511.71875,0.0,43,23
26,M0Q0,c27q3,8850097656.25,8850097656.25,0.0,28,18
26,M0Q0,c27q4,7705688476.5625,7705688476.5625,0.0,26,10
26,M0Q0,c28q0,5798339843.75,5798339843.75,0.0,20,6
26,M0Q0,c28q1,172729492187.5,172729492187.5,0.0,530,409
26,M0Q0,c28q2,218620300292.96875,218620300292.96875,0.0,683,475
26,M0Q0,c28q3,512809753417.96875,512809753417.96875,0.0,1327,2077
26,M0Q0,c28q4,910606384277.3438,910606384277.3438,0.0,2663,2615
26,M0Q0,c29q0,54855346679.6875,54855346679.6875,0.0,104,355
26,M0Q0,c29q1,40283203125.0,40283203125.0,0.0,106,157
26,M0Q0,c29q2,242080688476.5625,242080688476.5625,0.0,720,653
26,M0Q0,c29q3,210876464843.75,210876464843.75,0.0,580,734
26,M0Q0,c29q4,30670166015.625,30670166015.625,0.0,102,45
26,M0Q0,c30q0,1678466796.875,1678466796.875,0.0,2,15
26,M0Q0,c30q1,9918212890.625,9918212890.625,0.0,30,25
26,M0Q0,c30q2,85334777832.03125,85334777832.03125,0.0,223,338
26,M0Q0,c30q3,240135192871.09375,240135192871.09375,0.0,703,687
26,M0Q0,c30q4,985145568847.6562,985145568847.6562,0.0,2409,4481
26,M0Q0,c31q0,1640319824.21875,1640319824.21875,0.0,5,4
26,M0Q0,c31q1,18272399902.34375,18272399902.34375,0.0,55,47
26,M0Q0,c31q2,42381286621.09375,42381286621.09375,0.0,125,118
26,M0Q0,c31q3,33149719238.28125,33149719238.28125,0.0,93,109
26,M0Q0,c31q4,29830932617.1875,29830932617.1875,0.0,102,34
26,M0Q0,c32q0,44097900390.625,44097900390.625,0.0,146,67
26,M0Q0,c32q1,213661193847.65625,213661193847.65625,0.0,587,746
26,M0Q0,c32q2,316352844238.28125,316352844238.28125,0.0,989,685
26,M0Q0,c32q3,489501953125.0,489501953125.0,0.0,1350,1691
26,M0Q0,c32q4,324440002441.40625,324440002441.40625,0.0,997,763
26,M0Q0,c33q0,1831054687.5,1831054687.5,0.0,6,3
26,M0Q0,c33q1,28877258300.78125,28877258300.78125,0.0,79,102
26,M0Q0,c33q2,25939941406.25,25939941406.25,0.0,58,137
26,M0Q0,c33q3,75492858886.71875,75492858886.71875,0.0,227,195
26,M0Q0,c33q4,51155090332.03125,51155090332.03125,0.0,147,156
26,M0Q0,c34q0,1296997070.3125,1296997070.3125,0.0,4,3
26,M0Q0,c34q1,38909912109.375,38909912109.375,0.0,142,13
26,M0Q0,c34q2,7820129394.53125,7820129394.53125,0.0,25,15
26,M0Q0,c34q3,33988952636.71875,33988952636.71875,0.0,113,50
26,M0Q0,c34q4,5645751953.125,5645751953.125,0.0,16,18
26,M0Q0,c35q0,7591247558.59375,7591247558.59375,0.0,13,54
26,M0Q0,c35q1,109634399414.0625,109634399414.0625,0.0,310,352
26,M0Q0,c35q2,68931579589.84375,68931579589.84375,0.0,213,158
26,M0Q0,c35q3,29220581054.6875,29220581054.6875,0.0,76,117
26,M0Q0,c35q4,41007995605.46875,41007995605.46875,0.0,133,72
26,M0Q0,c36q0,5607604980.46875,5607604980.46875,0.0,19,7
26,M0Q0,c36q1,39863586425.78125,39863586425.78125,0.0,89,211
26,M0Q0,c36q2,25177001953.125,25177001953.125,0.0,68,92
26,M0Q0,c36q3,43716430664.0625,43716430664.0625,0.0,124,139
26,M0Q0,c36q4,4692077636.71875,4692077636.71875,0.0,15,9
26,M0Q0,c37q0,11405944824.21875,11405944824.21875,0.0,37,20
26,M0Q0,c37q1,15602111816.40625,15602111816.40625,0.0,43,54
26,M0Q0,c37q2,135841369628.90625,135841369628.90625,0.0,415,328
26,M0Q0,c37q3,345001220703.125,345001220703.125,0.0,1102,665
26,M0Q0,c37q4,76408386230.46875,76408386230.46875,0.0,187,347
26,M0Q0,c38q0,20256042480.46875,20256042480.46875,0.0,59,59
26,M0Q0,c38q1,93193054199.21875,93193054199.21875,0.0,253,336
26,M0Q0,c38q2,311203002929.6875,311203002929.6875,0.0,948,761
26,M0Q0,c38q3,66261291503.90625,66261291503.90625,0.0,199,172
26,M0Q0,c38q4,127716064453.125,127716064453.125,0.0,342,477
26,M0Q0,c39q0,2822875976.5625,2822875976.5625,0.0,8,9
26,M0Q0,c39q1,14572143554.6875,14572143554.6875,0.0,40,51
26,M0Q0,c39q2,120811462402.34375,120811462402.34375,0.0,383,243
26,M0Q0,c39q3,116081237792.96875,116081237792.96875,0.0,357,272
26,M0Q0,c39q4,32272338867.1875,32272338867.1875,0.0,88,115
26,M1Q0,c00q0,610351562.5,610351562.5,0.0,2,1
26,M1Q0,c00q1,61035156250.0,61035156250.0,0.0,206,79
26,M1Q0,c00q2,298156738281.25,298156738281.25,0.0,930,653
26,M1Q0,c00q3,18920898437.5,18920898437.5,0.0,58,45
26,M1Q0,c00q4,36888122558.59375,36888122558.59375,0.0,107,109
26,M1Q0,c01q0,64086914062.5,64086914062.5,0.0,224,56
26,M1Q0,c01q1,64353942871.09375,64353942871.09375,0.0,213,98
26,M1Q0,c01q2,93498229980.46875,93498229980.46875,0.0,313,130
26,M1Q0,c01q3,161437988281.25,161437988281.25,0.0,514,317
26,M1Q0,c01q4,190925598144.53125,190925598144.53125,0.0,561,539
26,M1Q0,c02q0,686645507.8125,686645507.8125,0.0,2,2
26,M1Q0,c02q1,6637573242.1875,6637573242.1875,0.0,14,38
26,M1Q0,c02q2,30670166015.625,30670166015.625,0.0,78,129
26,M1Q0,c02q3,28305053710.9375,28305053710.9375,0.0,96,35
26,M1Q0,c02q4,32272338867.1875,32272338867.1875,0.0,102,66
26,M1Q0,c03q0,10604858398.4375,10604858398.4375,0.0,34,20
26,M1Q0,c03q1,87661743164.0625,87661743164.0625,0.0,242,302
26,M1Q0,c03q2,83694458007.8125,83694458007.8125,0.0,212,355
26,M1Q0,c03q3,190086364746.09375,190086364746.09375,0.0,549,570
26,M1Q0,c03q4,50544738769.53125,50544738769.53125,0.0,155,120
26,M1Q0,c04q0,686645507.8125,686645507.8125,0.0,2,2
26,M1Q0,c04q1,62866210937.5,62866210937.5,0.0,206,103
26,M1Q0,c04q2,35667419433.59375,35667419433.59375,0.0,119,51
26,M1Q0,c04q3,45051574707.03125,45051574707.03125,0.0,153,55
26,M1Q0,c04q4,9422302246.09375,9422302246.09375,0.0,33,8
26,M1Q0,c05q0,1716613769.53125,1716613769.53125,0.0,5,5
26,M1Q0,c05q1,7514953613.28125,7514953613.28125,0.0,17,39
26,M1Q0,c05q2,103912353515.625,103912353515.625,0.0,280,382
26,M1Q0,c05q3,79994201660.15625,79994201660.15625,0.0,231,240
26,M1Q0,c05q4,320053100585.9375,320053100585.9375,0.0,838,1262
26,M1Q0,c06q0,686645507.8125,686645507.8125,0.0,2,2
26,M1Q0,c06q1,3700256347.65625,3700256347.65625,0.0,13,3
26,M1Q0,c06q2,56724548339.84375,56724548339.84375,0.0,151,215
26,M1Q0,c06q3,144920349121.09375,144920349121.09375,0.0,479,223
26,M1Q0,c06q4,51383972167.96875,51383972167.96875,0.0,165,96
26,M1Q0,c07q0,6752014160.15625,6752014160.15625,0.0,23,8
26,M1Q0,c07q1,18348693847.65625,18348693847.65625,0.0,57,41
26,M1Q0,c07q2,56037902832.03125,56037902832.03125,0.0,141,241
26,M1Q0,c07q3,135192871093.75,135192871093.75,0.0,380,442
26,M1Q0,c07q4,15449523925.78125,15449523925.78125,0.0,51,24
26,M1Q0,c08q0,1296997070.3125,1296997070.3125,0.0,4,3
26,M1Q0,c08q1,1716613769.53125,1716613769.53125,0.0,5,5
26,M1Q0,c08q2,45242309570.3125,45242309570.3125,0.0,138,110
26,M1Q0,c08q3,91171264648.4375,91171264648.4375,0.0,258,292
26,M1Q0,c08q4,4119873046.875,4119873046.875,0.0,10,19
26,M1Q0,c09q0,6942749023.4375,6942749023.4375,0.0,8,63
26,M1Q0,c09q1,17814636230.46875,17814636230.46875,0.0,55,41
26,M1Q0,c09q2,26779174804.6875,26779174804.6875,0.0,58,148
26,M1Q0,c09q3,93727111816.40625,93727111816.40625,0.0,321,105
26,M1Q0,c09q4,2365112304.6875,2365112304.6875,0.0,6,10
26,M1Q0,c10q0,3776550292.96875,3776550292.96875,0.0,13,4
26,M1Q0,c10q1,55923461914.0625,55923461914.0625,0.0,166,152
26,M1Q0,c10q2,125694274902.34375,125694274902.34375,0.0,359,391
26,M1Q0,c10q3,22659301757.8125,22659301757.8125,0.0,74,38
26,M1Q0,c10q4,5302429199.21875,5302429199.21875,0.0,9,38
26,M1Q0,c11q0,686645507.8125,686645507.8125,0.0,2,2
26,M1Q0,c11q1,17204284667.96875,17204284667.96875,0.0,55,33
26,M1Q0,c11q2,155296325683.59375,155296325683.59375,0.0,509,254
26,M1Q0,c11q3,29182434082.03125,29182434082.03125,0.0,71,134
26,M1Q0,c11q4,4043579101.5625,4043579101.5625,0.0,14,4
26,M1Q0,c12q0,5226135253.90625,5226135253.90625,0.0,19,2
26,M1Q0,c12q1,199508666992.1875,199508666992.1875,0.0,520,795
26,M1Q0,c12q2,34408569335.9375,34408569335.9375,0.0,98,108
26,M1Q0,c12q3,226211547851.5625,226211547851.5625,0.0,634,746
26,M1Q0,c12q4,9460449218.75,9460449218.75,0.0,28,26
26,M1Q0,c13q0,1220703125.0,1220703125.0,0.0,4,2
26,M1Q0,c13q1,105056762695.3125,105056762695.3125,0.0,268,439
26,M1Q0,c13q2,70724487304.6875,70724487304.6875,0.0,182,290
26,M1Q0,c13q3,687789916992.1875,687789916992.1875,0.0,2026,1924
26,M1Q0,c13q4,174369812011.71875,174369812011.71875,0.0,491,567
26,M1Q0,c14q0,44326782226.5625,44326782226.5625,0.0,158,28
26,M1Q0,c14q1,235671997070.3125,235671997070.3125,0.0,726,548
26,M1Q0,c14q2,64430236816.40625,64430236816.40625,0.0,177,225
26,M1Q0,c14q3,338973999023.4375,338973999023.4375,0.0,1082,656
26,M1Q0,c14q4,17662048339.84375,17662048339.84375,0.0,51,53
26,M1Q0,c15q0,3700256347.65625,3700256347.65625,0.0,9,17
26,M1Q0,c15q1,61759948730.46875,61759948730.46875,0.0,187,155
26,M1Q0,c15q2,108757019042.96875,108757019042.96875,0.0,327,281
26,M1Q0,c15q3,26664733886.71875,26664733886.71875,0.0,85,52
26,M1Q0,c15q4,60081481933.59375,60081481933.59375,0.0,199,91
26,M1Q0,c16q0,6065368652.34375,6065368652.34375,0.0,9,48
26,M1Q0,c16q1,22811889648.4375,22811889648.4375,0.0,60,89
26,M1Q0,c16q2,81558227539.0625,81558227539.0625,0.0,250,194
26,M1Q0,c16q3,253791809082.03125,253791809082.03125,0.0,757,677
26,M1Q0,c16q4,22430419921.875,22430419921.875,0.0,60,84
26,M1Q0,c17q0,38909912109.375,38909912109.375,0.0,102,153
26,M1Q0,c17q1,69885253906.25,69885253906.25,0.0,226,125
26,M1Q0,c17q2,225791931152.34375,225791931152.34375,0.0,733,394
26,M1Q0,c17q3,128211975097.65625,128211975097.65625,0.0,321,557
26,M1Q0,c17q4,22163391113.28125,22163391113.28125,0.0,67,56
26,M1Q0,c18q0,4577636718.75,4577636718.75,0.0,12,18
26,M1Q0,c18q1,26550292968.75,26550292968.75,0.0,66,117
26,M1Q0,c18q2,102157592773.4375,102157592773.4375,0.0,314,240
26,M1Q0,c18q3,55007934570.3125,55007934570.3125,0.0,184,77
26,M1Q0,c18q4,13618469238.28125,13618469238.28125,0.0,19,112
26,M1Q0,c19q0,5264282226.5625,5264282226.5625,0.0,6,48
26,M1Q0,c19q1,19454956054.6875,19454956054.6875,0.0,60,45
26,M1Q0,c19q2,33264160156.25,33264160156.25,0.0,102,79
26,M1Q0,c19q3,41503906250.0,41503906250.0,0.0,94,215
26,M1Q0,c19q4,8239746093.75,8239746093.75,0.0,16,52
26,M1Q0,c20q0,3433227539.0625,3433227539.0625,0.0,10,10
26,M1Q0,c20q1,48294067382.8125,48294067382.8125,0.0,126,192
26,M1Q0,c20q2,37384033203.125,37384033203.125,0.0,118,77
26,M1Q0,c20q3,42877197265.625,42877197265.625,0.0,138,79
26,M1Q0,c20q4,23155212402.34375,23155212402.34375,0.0,75,41
26,M1Q0,c21q0,7133483886.71875,7133483886.71875,0.0,25,6
26,M1Q0,c21q1,15563964843.75,15563964843.75,0.0,46,43
26,M1Q0,c21q2,248451232910.15625,248451232910.15625,0.0,751,628
26,M1Q0,c21q3,63018798828.125,63018798828.125,0.0,180,196
26,M1Q0,c21q4,36735534667.96875,36735534667.96875,0.0,105,114
26,M1Q0,c22q0,0.0,0.0,0.0,0,0
26,M1Q0,c22q1,2517700195.3125,2517700195.3125,0.0,8,5
26,M1Q0,c22q2,12207031250.0,12207031250.0,0.0,40,20
26,M1Q0,c22q3,13198852539.0625,13198852539.0625,0.0,44,19
26,M1Q0,c22q4,10337829589.84375,10337829589.84375,0.0,33,20
26,M1Q0,c23q0,12054443359.375,12054443359.375,0.0,38,25
26,M1Q0,c23q1,127677917480.46875,127677917480.46875,0.0,399,277
26,M1Q0,c23q2,158424377441.40625,158424377441.40625,0.0,493,351
26,M1Q0,c23q3,60615539550.78125,60615539550.78125,0.0,193,119
26,M1Q0,c23q4,32539367675.78125,32539367675.78125,0.0,81,143
26,M1Q0,c24q0,44364929199.21875,44364929199.21875,0.0,151,53
26,M1Q0,c24q1,32501220703.125,32501220703.125,0.0,96,90
26,M1Q0,c24q2,126228332519.53125,126228332519.53125,0.0,395,272
26,M1Q0,c24q3,61225891113.28125,61225891113.28125,0.0,181,169
26,M1Q0,c24q4,66604614257.8125,66604614257.8125,0.0,224,89
26,M1Q0,c25q0,94985961914.0625,94985961914.0625,0.0,290,230
26,M1Q0,c25q1,150375366210.9375,150375366210.9375,0.0,436,445
26,M1Q0,c25q2,260925292968.75,260925292968.75,0.0,732,858
26,M1Q0,c25q3,156936645507.8125,156936645507.8125,0.0,482,370
26,M1Q0,c25q4,88958740234.375,88958740234.375,0.0,206,445
26,M1Q0,c26q0,17382601294.50696,17318725585.9375,-63875708.56946182,56,31
26,M1Q0,c26q1,95947622529.97086,96130371093.75,182748563.7791443,248,392
26,M1Q0,c26q2,90743683680.8877,90637207031.25,-106476649.63769531,300,138
26,M1Q0,c26q3,65591312576.98572,65460205078.125,-131107498.86071777,188,200
26,M1Q0,c26q4,105777284800.46127,105819702148.4375,42417347.97622681,282,400
26,M1Q0,c27q0,953674316.40625,953674316.40625,0.0,3,2
26,M1Q0,c27q1,3128051757.8125,3128051757.8125,0.0,10,6
26,M1Q0,c27q2,13236999511.71875,13236999511.71875,0.0,43,23
26,M1Q0,c27q3,8850097656.25,8850097656.25,0.0,28,18
26,M1Q0,c27q4,7705688476.5625,7705688476.5625,0.0,26,10
26,M1Q0,c28q0,5798339843.75,5798339843.75,0.0,20,6
26,M1Q0,c28q1,172729492187.5,172729492187.5,0.0,530,409
26,M1Q0,c28q2,218620300292.96875,218620300292.96875,0.0,683,475
26,M1Q0,c28q3,512809753417.96875,512809753417.96875,0.0,1327,2077
26,M1Q0,c28q4,910606384277.3438,910606384277.3438,0.0,2663,2615
26,M1Q0,c29q0,54855346679.6875,54855346679.6875,0.0,104,355
26,M1Q0,c29q1,40283203125.0,40283203125.0,0.0,106,157
26,M1Q0,c29q2,242080688476.5625,242080688476.5625,0.0,720,653
26,M1Q0,c29q3,210876464843.75,210876464843.75,0.0,580,734
26,M1Q0,c29q4,30670166015.625,30670166015.625,0.0,102,45
26,M1Q0,c30q0,1678466796.875,1678466796.875,0.0,2,15
26,M1Q0,c30q1,9918212890.625,9918212890.625,0.0,30,25
26,M1Q0,c30q2,85334777832.03125,85334777832.03125,0.0,223,338
26,M1Q0,c30q3,240135192871.09375,240135192871.09375,0.0,703,687
26,M1Q0,c30q4,985145568847.6562,985145568847.6562,0.0,2409,4481
26,M1Q0,c31q0,1640319824.21875,1640319824.21875,0.0,5,4
26,M1Q0,c31q1,18272399902.34375,18272399902.34375,0.0,55,47
26,M1Q0,c31q2,42381286621.09375,42381286621.09375,0.0,125,118
26,M1Q0,c31q3,33149719238.28125,33149719238.28125,0.0,93,109
26,M1Q0,c31q4,29830932617.1875,29830932617.1875,0.0,102,34
26,M1Q0,c32q0,44097900390.625,44097900390.625,0.0,146,67
26,M1Q0,c32q1,213661193847.65625,213661193847.65625,0.0,587,746
26,M1Q0,c32q2,316352844238.28125,316352844238.28125,0.0,989,685
26,M1Q0,c32q3,489501953125.0,489501953125.0,0.0,1350,1691
26,M1Q0,c32q4,324440002441.40625,324440002441.40625,0.0,997,763
26,M1Q0,c33q0,1831054687.5,1831054687.5,0.0,6,3
26,M1Q0,c33q1,28877258300.78125,28877258300.78125,0.0,79,102
26,M1Q0,c33q2,25939941406.25,25939941406.25,0.0,58,137
26,M1Q0,c33q3,75492858886.71875,75492858886.71875,0.0,227,195
26,M1Q0,c33q4,51155090332.03125,51155090332.03125,0.0,147,156
26,M1Q0,c34q0,1296997070.3125,1296997070.3125,0.0,4,3
26,M1Q0,c34q1,38909912109.375,38909912109.375,0.0,142,13
26,M1Q0,c34q2,7820129394.53125,7820129394.53125,0.0,25,15
26,M1Q0,c34q3,33988952636.71875,33988952636.71875,0.0,113,50
26,M1Q0,c34q4,5645751953.125,5645751953.125,0.0,16,18
26,M1Q0,c35q0,7591247558.59375,7591247558.59375,0.0,13,54
26,M1Q0,c35q1,109634399414.0625,109634399414.0625,0.0,310,352
26,M1Q0,c35q2,68931579589.84375,68931579589.84375,0.0,213,158
26,M1Q0,c35q3,29220581054.6875,29220581054.6875,0.0,76,117
26,M1Q0,c35q4,41007995605.46875,41007995605.46875,0.0,133,72
26,M1Q0,c36q0,5607604980.46875,5607604980.46875,0.0,19,7
26,M1Q0,c36q1,39863586425.78125,39863586425.78125,0.0,89,211
26,M1Q0,c36q2,25177001953.125,25177001953.125,0.0,68,92
26,M1Q0,c36q3,43716430664.0625,43716430664.0625,0.0,124,139
26,M1Q0,c36q4,4692077636.71875,4692077636.71875,0.0,15,9
26,M1Q0,c37q0,11405944824.21875,11405944824.21875,0.0,37,20
26,M1Q0,c37q1,15602111816.40625,15602111816.40625,0.0,43,54
26,M1Q0,c37q2,135841369628.90625,135841369628.90625,0.0,415,328
26,M1Q0,c37q3,345001220703.125,345001220703.125,0.0,1102,665
26,M1Q0,c37q4,76408386230.46875,76408386230.46875,0.0,187,347
26,M1Q0,c38q0,20256042480.46875,20256042480.46875,0.0,59,59
26,M1Q0,c38q1,93193054199.21875,93193054199.21875,0.0,253,336
26,M1Q0,c38q2,311203002929.6875,311203002929.6875,0.0,948,761
26,M1Q0,c38q3,66261291503.90625,66261291503.90625,0.0,199,172
26,M1Q0,c38q4,127716064453.125,127716064453.125,0.0,342,477
26,M1Q0,c39q0,3028428846.5278473,2822875976.5625,-205552869.9653473,8,9
26,M1Q0,c39q1,15633240802.346455,15602111816.40625,-31128985.94020462,43,54
26,M1Q0,c39q2,129608569688.5634,129737854003.90625,129284315.34284973,409,269
26,M1Q0,c39q3,124533905134.92215,124664306640.625,130401505.70285034,382,297
26,M1Q0,c39q4,34622308164.3589,34675598144.53125,53289980.17234802,95,122
26,M0Q1,c00q0,610351562.5,610351562.5,0.0,2,1
26,M0Q1,c00q1,61035156250.0,61035156250.0,0.0,206,79
26,M0Q1,c00q2,298156738281.25,298156738281.25,0.0,930,653
26,M0Q1,c00q3,18920898437.5,18920898437.5,0.0,58,45
26,M0Q1,c00q4,36888122558.59375,36888122558.59375,0.0,107,109
26,M0Q1,c01q0,64086914062.5,64086914062.5,0.0,224,56
26,M0Q1,c01q1,64353942871.09375,64353942871.09375,0.0,213,98
26,M0Q1,c01q2,93498229980.46875,93498229980.46875,0.0,313,130
26,M0Q1,c01q3,161437988281.25,161437988281.25,0.0,514,317
26,M0Q1,c01q4,190925598144.53125,190925598144.53125,0.0,561,539
26,M0Q1,c02q0,686645507.8125,686645507.8125,0.0,2,2
26,M0Q1,c02q1,6637573242.1875,6637573242.1875,0.0,14,38
26,M0Q1,c02q2,30670166015.625,30670166015.625,0.0,78,129
26,M0Q1,c02q3,28305053710.9375,28305053710.9375,0.0,96,35
26,M0Q1,c02q4,32272338867.1875,32272338867.1875,0.0,102,66
26,M0Q1,c03q0,10604858398.4375,10604858398.4375,0.0,34,20
26,M0Q1,c03q1,87661743164.0625,87661743164.0625,0.0,242,302
26,M0Q1,c03q2,83694458007.8125,83694458007.8125,0.0,212,355
26,M0Q1,c03q3,190086364746.09375,190086364746.09375,0.0,549,570
26,M0Q1,c03q4,50544738769.53125,50544738769.53125,0.0,155,120
26,M0Q1,c04q0,686645507.8125,686645507.8125,0.0,2,2
26,M0Q1,c04q1,62866210937.5,62866210937.5,0.0,206,103
26,M0Q1,c04q2,35667419433.59375,35667419433.59375,0.0,119,51
26,M0Q1,c04q3,45051574707.03125,45051574707.03125,0.0,153,55
26,M0Q1,c04q4,9422302246.09375,9422302246.09375,0.0,33,8
26,M0Q1,c05q0,1716613769.53125,1716613769.53125,0.0,5,5
26,M0Q1,c05q1,7514953613.28125,7514953613.28125,0.0,17,39
26,M0Q1,c05q2,103912353515.625,103912353515.625,0.0,280,382
26,M0Q1,c05q3,79994201660.15625,79994201660.15625,0.0,231,240
26,M0Q1,c05q4,320053100585.9375,320053100585.9375,0.0,838,1262
26,M0Q1,c06q0,686645507.8125,686645507.8125,0.0,2,2
26,M0Q1,c06q1,3700256347.65625,3700256347.65625,0.0,13,3
26,M0Q1,c06q2,56724548339.84375,56724548339.84375,0.0,151,215
26,M0Q1,c06q3,144920349121.09375,144920349121.09375,0.0,479,223
26,M0Q1,c06q4,51383972167.96875,51383972167.96875,0.0,165,96
26,M0Q1,c07q0,6752014160.15625,6752014160.15625,0.0,23,8
26,M0Q1,c07q1,18348693847.65625,18348693847.65625,0.0,57,41
26,M0Q1,c07q2,56037902832.03125,56037902832.03125,0.0,141,241
26,M0Q1,c07q3,135192871093.75,135192871093.75,0.0,380,442
26,M0Q1,c07q4,15449523925.78125,15449523925.78125,0.0,51,24
26,M0Q1,c08q0,1296997070.3125,1296997070.3125,0.0,4,3
26,M0Q1,c08q1,1716613769.53125,1716613769.53125,0.0,5,5
26,M0Q1,c08q2,45242309570.3125,45242309570.3125,0.0,138,110
26,M0Q1,c08q3,91171264648.4375,91171264648.4375,0.0,258,292
26,M0Q1,c08q4,4119873046.875,4119873046.875,0.0,10,19
26,M0Q1,c09q0,6942749023.4375,6942749023.4375,0.0,8,63
26,M0Q1,c09q1,17814636230.46875,17814636230.46875,0.0,55,41
26,M0Q1,c09q2,26779174804.6875,26779174804.6875,0.0,58,148
26,M0Q1,c09q3,93727111816.40625,93727111816.40625,0.0,321,105
26,M0Q1,c09q4,2365112304.6875,2365112304.6875,0.0,6,10
26,M0Q1,c10q0,3776550292.96875,3776550292.96875,0.0,13,4
26,M0Q1,c10q1,55923461914.0625,55923461914.0625,0.0,166,152
26,M0Q1,c10q2,125694274902.34375,125694274902.34375,0.0,359,391
26,M0Q1,c10q3,22659301757.8125,22659301757.8125,0.0,74,38
26,M0Q1,c10q4,5302429199.21875,5302429199.21875,0.0,9,38
26,M0Q1,c11q0,686645507.8125,686645507.8125,0.0,2,2
26,M0Q1,c11q1,17204284667.96875,17204284667.96875,0.0,55,33
26,M0Q1,c11q2,155296325683.59375,155296325683.59375,0.0,509,254
26,M0Q1,c11q3,29182434082.03125,29182434082.03125,0.0,71,134
26,M0Q1,c11q4,4043579101.5625,4043579101.5625,0.0,14,4
26,M0Q1,c12q0,5226135253.90625,5226135253.90625,0.0,19,2
26,M0Q1,c12q1,199508666992.1875,199508666992.1875,0.0,520,795
26,M0Q1,c12q2,34408569335.9375,34408569335.9375,0.0,98,108
26,M0Q1,c12q3,226211547851.5625,226211547851.5625,0.0,634,746
26,M0Q1,c12q4,9460449218.75,9460449218.75,0.0,28,26
26,M0Q1,c13q0,1220703125.0,1220703125.0,0.0,4,2
26,M0Q1,c13q1,105056762695.3125,105056762695.3125,0.0,268,439
26,M0Q1,c13q2,70724487304.6875,70724487304.6875,0.0,182,290
26,M0Q1,c13q3,687789916992.1875,687789916992.1875,0.0,2026,1924
26,M0Q1,c13q4,174369812011.71875,174369812011.71875,0.0,491,567
26,M0Q1,c14q0,44326782226.5625,44326782226.5625,0.0,158,28
26,M0Q1,c14q1,235671997070.3125,235671997070.3125,0.0,726,548
26,M0Q1,c14q2,64430236816.40625,64430236816.40625,0.0,177,225
26,M0Q1,c14q3,338973999023.4375,338973999023.4375,0.0,1082,656
26,M0Q1,c14q4,17662048339.84375,17662048339.84375,0.0,51,53
26,M0Q1,c15q0,3700256347.65625,3700256347.65625,0.0,9,17
26,M0Q1,c15q1,61759948730.46875,61759948730.46875,0.0,187,155
26,M0Q1,c15q2,108757019042.96875,108757019042.96875,0.0,327,281
26,M0Q1,c15q3,26664733886.71875,26664733886.71875,0.0,85,52
26,M0Q1,c15q4,60081481933.59375,60081481933.59375,0.0,199,91
26,M0Q1,c16q0,6065368652.34375,6065368652.34375,0.0,9,48
26,M0Q1,c16q1,22811889648.4375,22811889648.4375,0.0,60,89
26,M0Q1,c16q2,81558227539.0625,81558227539.0625,0.0,250,194
26,M0Q1,c16q3,253791809082.03125,253791809082.03125,0.0,757,677
26,M0Q1,c16q4,22430419921.875,22430419921.875,0.0,60,84
26,M0Q1,c17q0,38909912109.375,38909912109.375,0.0,102,153
26,M0Q1,c17q1,69885253906.25,69885253906.25,0.0,226,125
26,M0Q1,c17q2,225791931152.34375,225791931152.34375,0.0,733,394
26,M0Q1,c17q3,128211975097.65625,128211975097.65625,0.0,321,557
26,M0Q1,c17q4,22163391113.28125,22163391113.28125,0.0,67,56
26,M0Q1,c18q0,4577636718.75,4577636718.75,0.0,12,18
26,M0Q1,c18q1,26550292968.75,26550292968.75,0.0,66,117
26,M0Q1,c18q2,102157592773.4375,102157592773.4375,0.0,314,240
26,M0Q1,c18q3,55007934570.3125,55007934570.3125,0.0,184,77
26,M0Q1,c18q4,13618469238.28125,13618469238.28125,0.0,19,112
26,M0Q1,c19q0,5264282226.5625,5264282226.5625,0.0,6,48
26,M0Q1,c19q1,19454956054.6875,19454956054.6875,0.0,60,45
26,M0Q1,c19q2,33264160156.25,33264160156.25,0.0,102,79
26,M0Q1,c19q3,41503906250.0,41503906250.0,0.0,94,215
26,M0Q1,c19q4,8239746093.75,8239746093.75,0.0,16,52
26,M0Q1,c20q0,3433227539.0625,3433227539.0625,0.0,10,10
26,M0Q1,c20q1,48294067382.8125,48294067382.8125,0.0,126,192
26,M0Q1,c20q2,37384033203.125,37384033203.125,0.0,118,77
26,M0Q1,c20q3,42877197265.625,42877197265.625,0.0,138,79
26,M0Q1,c20q4,23155212402.34375,23155212402.34375,0.0,75,41
26,M0Q1,c21q0,7133483886.71875,7133483886.71875,0.0,25,6
26,M0Q1,c21q1,15563964843.75,15563964843.75,0.0,46,43
26,M0Q1,c21q2,248451232910.15625,248451232910.15625,0.0,751,628
26,M0Q1,c21q3,63018798828.125,63018798828.125,0.0,180,196
26,M0Q1,c21q4,36735534667.96875,36735534667.96875,0.0,105,114
26,M0Q1,c22q0,0.0,0.0,0.0,0,0
26,M0Q1,c22q1,2517700195.3125,2517700195.3125,0.0,8,5
26,M0Q1,c22q2,12207031250.0,12207031250.0,0.0,40,20
26,M0Q1,c22q3,13198852539.0625,13198852539.0625,0.0,44,19
26,M0Q1,c22q4,10337829589.84375,10337829589.84375,0.0,33,20
26,M0Q1,c23q0,12054443359.375,12054443359.375,0.0,38,25
26,M0Q1,c23q1,127677917480.46875,127677917480.46875,0.0,399,277
26,M0Q1,c23q2,158424377441.40625,158424377441.40625,0.0,493,351
26,M0Q1,c23q3,60615539550.78125,60615539550.78125,0.0,193,119
26,M0Q1,c23q4,32539367675.78125,32539367675.78125,0.0,81,143
26,M0Q1,c24q0,44364929199.21875,44364929199.21875,0.0,151,53
26,M0Q1,c24q1,32501220703.125,32501220703.125,0.0,96,90
26,M0Q1,c24q2,126228332519.53125,126228332519.53125,0.0,395,272
26,M0Q1,c24q3,61225891113.28125,61225891113.28125,0.0,181,169
26,M0Q1,c24q4,66604614257.8125,66604614257.8125,0.0,224,89
26,M0Q1,c25q0,94985961914.0625,94985961914.0625,0.0,290,230
26,M0Q1,c25q1,150375366210.9375,150375366210.9375,0.0,436,445
26,M0Q1,c25q2,260925292968.75,260925292968.75,0.0,732,858
26,M0Q1,c25q3,156936645507.8125,156936645507.8125,0.0,482,370
26,M0Q1,c25q4,88958740234.375,88958740234.375,0.0,206,445
26,M0Q1,c26q0,18348693847.65625,18348693847.65625,0.0,59,34
26,M0Q1,c26q1,101280212402.34375,101280212402.34375,0.0,263,407
26,M0Q1,c26q2,95787048339.84375,95787048339.84375,0.0,315,153
26,M0Q1,c26q3,69236755371.09375,69236755371.09375,0.0,199,211
26,M0Q1,c26q4,111656188964.84375,111656188964.84375,0.0,299,417
26,M0Q1,c27q0,953674316.40625,953674316.40625,0.0,3,2
26,M0Q1,c27q1,3128051757.8125,3128051757.8125,0.0,10,6
26,M0Q1,c27q2,13236999511.71875,13236999511.71875,0.0,43,23
26,M0Q1,c27q3,8850097656.25,8850097656.25,0.0,28,18
26,M0Q1,c27q4,7705688476.5625,7705688476.5625,0.0,26,10
26,M0Q1,c28q0,5798339843.75,5798339843.75,0.0,20,6
26,M0Q1,c28q1,172729492187.5,172729492187.5,0.0,530,409
26,M0Q1,c28q2,218620300292.96875,218620300292.96875,0.0,683,475
26,M0Q1,c28q3,512809753417.96875,512809753417.96875,0.0,1327,2077
26,M0Q1,c28q4,910606384277.3438,910606384277.3438,0.0,2663,2615
26,M0Q1,c29q0,54855346679.6875,54855346679.6875,0.0,104,355
26,M0Q1,c29q1,40283203125.0,40283203125.0,0.0,106,157
26,M0Q1,c29q2,242080688476.5625,242080688476.5625,0.0,720,653
26,M0Q1,c29q3,210876464843.75,210876464843.75,0.0,580,734
26,M0Q1,c29q4,30670166015.625,30670166015.625,0.0,102,45
26,M0Q1,c30q0,1678466796.875,1678466796.875,0.0,2,15
26,M0Q1,c30q1,9918212890.625,9918212890.625,0.0,30,25
26,M0Q1,c30q2,85334777832.03125,85334777832.03125,0.0,223,338
26,M0Q1,c30q3,240135192871.09375,240135192871.09375,0.0,703,687
26,M0Q1,c30q4,985145568847.6562,985145568847.6562,0.0,2409,4481
26,M0Q1,c31q0,1640319824.21875,1640319824.21875,0.0,5,4
26,M0Q1,c31q1,18272399902.34375,18272399902.34375,0.0,55,47
26,M0Q1,c31q2,42381286621.09375,42381286621.09375,0.0,125,118
26,M0Q1,c31q3,33149719238.28125,33149719238.28125,0.0,93,109
26,M0Q1,c31q4,29830932617.1875,29830932617.1875,0.0,102,34
26,M0Q1,c32q0,44097900390.625,44097900390.625,0.0,146,67
26,M0Q1,c32q1,213661193847.65625,213661193847.65625,0.0,587,746
26,M0Q1,c32q2,316352844238.28125,316352844238.28125,0.0,989,685
26,M0Q1,c32q3,489501953125.0,489501953125.0,0.0,1350,1691
26,M0Q1,c32q4,324440002441.40625,324440002441.40625,0.0,997,763
26,M0Q1,c33q0,1831054687.5,1831054687.5,0.0,6,3
26,M0Q1,c33q1,28877258300.78125,28877258300.78125,0.0,79,102
26,M0Q1,c33q2,25939941406.25,25939941406.25,0.0,58,137
26,M0Q1,c33q3,75492858886.71875,75492858886.71875,0.0,227,195
26,M0Q1,c33q4,51155090332.03125,51155090332.03125,0.0,147,156
26,M0Q1,c34q0,1296997070.3125,1296997070.3125,0.0,4,3
26,M0Q1,c34q1,38909912109.375,38909912109.375,0.0,142,13
26,M0Q1,c34q2,7820129394.53125,7820129394.53125,0.0,25,15
26,M0Q1,c34q3,33988952636.71875,33988952636.71875,0.0,113,50
26,M0Q1,c34q4,5645751953.125,5645751953.125,0.0,16,18
26,M0Q1,c35q0,7591247558.59375,7591247558.59375,0.0,13,54
26,M0Q1,c35q1,109634399414.0625,109634399414.0625,0.0,310,352
26,M0Q1,c35q2,68931579589.84375,68931579589.84375,0.0,213,158
26,M0Q1,c35q3,29220581054.6875,29220581054.6875,0.0,76,117
26,M0Q1,c35q4,41007995605.46875,41007995605.46875,0.0,133,72
26,M0Q1,c36q0,5607604980.46875,5607604980.46875,0.0,19,7
26,M0Q1,c36q1,39863586425.78125,39863586425.78125,0.0,89,211
26,M0Q1,c36q2,25177001953.125,25177001953.125,0.0,68,92
26,M0Q1,c36q3,43716430664.0625,43716430664.0625,0.0,124,139
26,M0Q1,c36q4,4692077636.71875,4692077636.71875,0.0,15,9
26,M0Q1,c37q0,11405944824.21875,11405944824.21875,0.0,37,20
26,M0Q1,c37q1,15602111816.40625,15602111816.40625,0.0,43,54
26,M0Q1,c37q2,135841369628.90625,135841369628.90625,0.0,415,328
26,M0Q1,c37q3,345001220703.125,345001220703.125,0.0,1102,665
26,M0Q1,c37q4,76408386230.46875,76408386230.46875,0.0,187,347
26,M0Q1,c38q0,20256042480.46875,20256042480.46875,0.0,59,59
26,M0Q1,c38q1,93193054199.21875,93193054199.21875,0.0,253,336
26,M0Q1,c38q2,311203002929.6875,311203002929.6875,0.0,948,761
26,M0Q1,c38q3,66261291503.90625,66261291503.90625,0.0,199,172
26,M0Q1,c38q4,127716064453.125,127716064453.125,0.0,342,477
26,M0Q1,c39q0,3626892415.505956,3852844238.28125,225951822.77529383,11,12
26,M0Q1,c39q1,10845119477.7384,10795593261.71875,-49526216.019649506,29,40
26,M0Q1,c39q2,109162350152.97339,109138488769.53125,-23861383.442138672,349,209
26,M0Q1,c39q3,125092230566.17603,125007629394.53125,-84601171.64477539,383,298
26,M0Q1,c39q4,37833465981.35625,37765502929.6875,-67963051.66874695,104,131
26,M1Q1,c00q0,610351562.5,610351562.5,0.0,2,1
26,M1Q1,c00q1,61035156250.0,61035156250.0,0.0,206,79
26,M1Q1,c00q2,298156738281.25,298156738281.25,0.0,930,653
26,M1Q1,c00q3,18920898437.5,18920898437.5,0.0,58,45
26,M1Q1,c00q4,36888122558.59375,36888122558.59375,0.0,107,109
26,M1Q1,c01q0,64086914062.5,64086914062.5,0.0,224,56
26,M1Q1,c01q1,64353942871.09375,64353942871.09375,0.0,213,98
26,M1Q1,c01q2,93498229980.46875,93498229980.46875,0.0,313,130
26,M1Q1,c01q3,161437988281.25,161437988281.25,0.0,514,317
26,M1Q1,c01q4,190925598144.53125,190925598144.53125,0.0,561,539
26,M1Q1,c02q0,686645507.8125,686645507.8125,0.0,2,2
26,M1Q1,c02q1,6637573242.1875,6637573242.1875,0.0,14,38
26,M1Q1,c02q2,30670166015.625,30670166015.625,0.0,78,129
26,M1Q1,c02q3,28305053710.9375,28305053710.9375,0.0,96,35
26,M1Q1,c02q4,32272338867.1875,32272338867.1875,0.0,102,66
26,M1Q1,c03q0,10604858398.4375,10604858398.4375,0.0,34,20
26,M1Q1,c03q1,87661743164.0625,87661743164.0625,0.0,242,302
26,M1Q1,c03q2,83694458007.8125,83694458007.8125,0.0,212,355
26,M1Q1,c03q3,190086364746.09375,190086364746.09375,0.0,549,570
26,M1Q1,c03q4,50544738769.53125,50544738769.53125,0.0,155,120
26,M1Q1,c04q0,686645507.8125,686645507.8125,0.0,2,2
26,M1Q1,c04q1,62866210937.5,62866210937.5,0.0,206,103
26,M1Q1,c04q2,35667419433.59375,35667419433.59375,0.0,119,51
26,M1Q1,c04q3,45051574707.03125,45051574707.03125,0.0,153,55
26,M1Q1,c04q4,9422302246.09375,9422302246.09375,0.0,33,8
26,M1Q1,c05q0,1716613769.53125,1716613769.53125,0.0,5,5
26,M1Q1,c05q1,7514953613.28125,7514953613.28125,0.0,17,39
26,M1Q1,c05q2,103912353515.625,103912353515.625,0.0,280,382
26,M1Q1,c05q3,79994201660.15625,79994201660.15625,0.0,231,240
26,M1Q1,c05q4,320053100585.9375,320053100585.9375,0.0,838,1262
26,M1Q1,c06q0,686645507.8125,686645507.8125,0.0,2,2
26,M1Q1,c06q1,3700256347.65625,3700256347.65625,0.0,13,3
26,M1Q1,c06q2,56724548339.84375,56724548339.84375,0.0,151,215
26,M1Q1,c06q3,144920349121.09375,144920349121.09375,0.0,479,223
26,M1Q1,c06q4,51383972167.96875,51383972167.96875,0.0,165,96
26,M1Q1,c07q0,6752014160.15625,6752014160.15625,0.0,23,8
26,M1Q1,c07q1,18348693847.65625,18348693847.65625,0.0,57,41
26,M1Q1,c07q2,56037902832.03125,56037902832.03125,0.0,141,241
26,M1Q1,c07q3,135192871093.75,135192871093.75,0.0,380,442
26,M1Q1,c07q4,15449523925.78125,15449523925.78125,0.0,51,24
26,M1Q1,c08q0,1296997070.3125,1296997070.3125,0.0,4,3
26,M1Q1,c08q1,1716613769.53125,1716613769.53125,0.0,5,5
26,M1Q1,c08q2,45242309570.3125,45242309570.3125,0.0,138,110
26,M1Q1,c08q3,91171264648.4375,91171264648.4375,0.0,258,292
26,M1Q1,c08q4,4119873046.875,4119873046.875,0.0,10,19
26,M1Q1,c09q0,6942749023.4375,6942749023.4375,0.0,8,63
26,M1Q1,c09q1,17814636230.46875,17814636230.46875,0.0,55,41
26,M1Q1,c09q2,26779174804.6875,26779174804.6875,0.0,58,148
26,M1Q1,c09q3,93727111816.40625,93727111816.40625,0.0,321,105
26,M1Q1,c09q4,2365112304.6875,2365112304.6875,0.0,6,10
26,M1Q1,c10q0,3776550292.96875,3776550292.96875,0.0,13,4
26,M1Q1,c10q1,55923461914.0625,55923461914.0625,0.0,166,152
26,M1Q1,c10q2,125694274902.34375,125694274902.34375,0.0,359,391
26,M1Q1,c10q3,22659301757.8125,22659301757.8125,0.0,74,38
26,M1Q1,c10q4,5302429199.21875,5302429199.21875,0.0,9,38
26,M1Q1,c11q0,686645507.8125,686645507.8125,0.0,2,2
26,M1Q1,c11q1,17204284667.96875,17204284667.96875,0.0,55,33
26,M1Q1,c11q2,155296325683.59375,155296325683.59375,0.0,509,254
26,M1Q1,c11q3,29182434082.03125,29182434082.03125,0.0,71,134
26,M1Q1,c11q4,4043579101.5625,4043579101.5625,0.0,14,4
26,M1Q1,c12q0,5226135253.90625,5226135253.90625,0.0,19,2
26,M1Q1,c12q1,199508666992.1875,199508666992.1875,0.0,520,795
26,M1Q1,c12q2,34408569335.9375,34408569335.9375,0.0,98,108
26,M1Q1,c12q3,226211547851.5625,226211547851.5625,0.0,634,746
26,M1Q1,c12q4,9460449218.75,9460449218.75,0.0,28,26
26,M1Q1,c13q0,1220703125.0,1220703125.0,0.0,4,2
26,M1Q1,c13q1,105056762695.3125,105056762695.3125,0.0,268,439
26,M1Q1,c13q2,70724487304.6875,70724487304.6875,0.0,182,290
26,M1Q1,c13q3,687789916992.1875,687789916992.1875,0.0,2026,1924
26,M1Q1,c13q4,174369812011.71875,174369812011.71875,0.0,491,567
26,M1Q1,c14q0,44326782226.5625,44326782226.5625,0.0,158,28
26,M1Q1,c14q1,235671997070.3125,235671997070.3125,0.0,726,548
26,M1Q1,c14q2,64430236816.40625,64430236816.40625,0.0,177,225
26,M1Q1,c14q3,338973999023.4375,338973999023.4375,0.0,1082,656
26,M1Q1,c14q4,17662048339.84375,17662048339.84375,0.0,51,53
26,M1Q1,c15q0,3700256347.65625,3700256347.65625,0.0,9,17
26,M1Q1,c15q1,61759948730.46875,61759948730.46875,0.0,187,155
26,M1Q1,c15q2,108757019042.96875,108757019042.96875,0.0,327,281
26,M1Q1,c15q3,26664733886.71875,26664733886.71875,0.0,85,52
26,M1Q1,c15q4,60081481933.59375,60081481933.59375,0.0,199,91
26,M1Q1,c16q0,6065368652.34375,6065368652.34375,0.0,9,48
26,M1Q1,c16q1,22811889648.4375,22811889648.4375,0.0,60,89
26,M1Q1,c16q2,81558227539.0625,81558227539.0625,0.0,250,194
26,M1Q1,c16q3,253791809082.03125,253791809082.03125,0.0,757,677
26,M1Q1,c16q4,22430419921.875,22430419921.875,0.0,60,84
26,M1Q1,c17q0,38909912109.375,38909912109.375,0.0,102,153
26,M1Q1,c17q1,69885253906.25,69885253906.25,0.0,226,125
26,M1Q1,c17q2,225791931152.34375,225791931152.34375,0.0,733,394
26,M1Q1,c17q3,128211975097.65625,128211975097.65625,0.0,321,557
26,M1Q1,c17q4,22163391113.28125,22163391113.28125,0.0,67,56
26,M1Q1,c18q0,4577636718.75,4577636718.75,0.0,12,18
26,M1Q1,c18q1,26550292968.75,26550292968.75,0.0,66,117
26,M1Q1,c18q2,102157592773.4375,102157592773.4375,0.0,314,240
26,M1Q1,c18q3,55007934570.3125,55007934570.3125,0.0,184,77
26,M1Q1,c18q4,13618469238.28125,13618469238.28125,0.0,19,112
26,M1Q1,c19q0,5264282226.5625,5264282226.5625,0.0,6,48
26,M1Q1,c19q1,19454956054.6875,19454956054.6875,0.0,60,45
26,M1Q1,c19q2,33264160156.25,33264160156.25,0.0,102,79
26,M1Q1,c19q3,41503906250.0,41503906250.0,0.0,94,215
26,M1Q1,c19q4,8239746093.75,8239746093.75,0.0,16,52
26,M1Q1,c20q0,3433227539.0625,3433227539.0625,0.0,10,10
26,M1Q1,c20q1,48294067382.8125,48294067382.8125,0.0,126,192
26,M1Q1,c20q2,37384033203.125,37384033203.125,0.0,118,77
26,M1Q1,c20q3,42877197265.625,42877197265.625,0.0,138,79
26,M1Q1,c20q4,23155212402.34375,23155212402.34375,0.0,75,41
26,M1Q1,c21q0,7133483886.71875,7133483886.71875,0.0,25,6
26,M1Q1,c21q1,15563964843.75,15563964843.75,0.0,46,43
26,M1Q1,c21q2,248451232910.15625,248451232910.15625,0.0,751,628
26,M1Q1,c21q3,63018798828.125,63018798828.125,0.0,180,196
26,M1Q1,c21q4,36735534667.96875,36735534667.96875,0.0,105,114
26,M1Q1,c22q0,0.0,0.0,0.0,0,0
26,M1Q1,c22q1,2517700195.3125,2517700195.3125,0.0,8,5
26,M1Q1,c22q2,12207031250.0,12207031250.0,0.0,40,20
26,M1Q1,c22q3,13198852539.0625,13198852539.0625,0.0,44,19
26,M1Q1,c22q4,10337829589.84375,10337829589.84375,0.0,33,20
26,M1Q1,c23q0,12054443359.375,12054443359.375,0.0,38,25
26,M1Q1,c23q1,127677917480.46875,127677917480.46875,0.0,399,277
26,M1Q1,c23q2,158424377441.40625,158424377441.40625,0.0,493,351
26,M1Q1,c23q3,60615539550.78125,60615539550.78125,0.0,193,119
26,M1Q1,c23q4,32539367675.78125,32539367675.78125,0.0,81,143
26,M1Q1,c24q0,44364929199.21875,44364929199.21875,0.0,151,53
26,M1Q1,c24q1,32501220703.125,32501220703.125,0.0,96,90
26,M1Q1,c24q2,126228332519.53125,126228332519.53125,0.0,395,272
26,M1Q1,c24q3,61225891113.28125,61225891113.28125,0.0,181,169
26,M1Q1,c24q4,66604614257.8125,66604614257.8125,0.0,224,89
26,M1Q1,c25q0,94985961914.0625,94985961914.0625,0.0,290,230
26,M1Q1,c25q1,150375366210.9375,150375366210.9375,0.0,436,445
26,M1Q1,c25q2,260925292968.75,260925292968.75,0.0,732,858
26,M1Q1,c25q3,156936645507.8125,156936645507.8125,0.0,482,370
26,M1Q1,c25q4,88958740234.375,88958740234.375,0.0,206,445
26,M1Q1,c26q0,17382601294.50696,17318725585.9375,-63875708.56946182,56,31
26,M1Q1,c26q1,95947622529.97086,96130371093.75,182748563.7791443,248,392
26,M1Q1,c26q2,90743683680.8877,90637207031.25,-106476649.63769531,300,138
26,M1Q1,c26q3,65591312576.98572,65460205078.125,-131107498.86071777,188,200
26,M1Q1,c26q4,105777284800.46127,105819702148.4375,42417347.97622681,282,400
26,M1Q1,c27q0,953674316.40625,953674316.40625,0.0,3,2
26,M1Q1,c27q1,3128051757.8125,3128051757.8125,0.0,10,6
26,M1Q1,c27q2,13236999511.71875,13236999511.71875,0.0,43,23
26,M1Q1,c27q3,8850097656.25,8850097656.25,0.0,28,18
26,M1Q1,c27q4,7705688476.5625,7705688476.5625,0.0,26,10
26,M1Q1,c28q0,5798339843.75,5798339843.75,0.0,20,6
26,M1Q1,c28q1,172729492187.5,172729492187.5,0.0,530,409
26,M1Q1,c28q2,218620300292.96875,218620300292.96875,0.0,683,475
26,M1Q1,c28q3,512809753417.96875,512809753417.96875,0.0,1327,2077
26,M1Q1,c28q4,910606384277.3438,910606384277.3438,0.0,2663,2615
26,M1Q1,c29q0,54855346679.6875,54855346679.6875,0.0,104,355
26,M1Q1,c29q1,40283203125.0,40283203125.0,0.0,106,157
26,M1Q1,c29q2,242080688476.5625,242080688476.5625,0.0,720,653
26,M1Q1,c29q3,210876464843.75,210876464843.75,0.0,580,734
26,M1Q1,c29q4,30670166015.625,30670166015.625,0.0,102,45
26,M1Q1,c30q0,1678466796.875,1678466796.875,0.0,2,15
26,M1Q1,c30q1,9918212890.625,9918212890.625,0.0,30,25
26,M1Q1,c30q2,85334777832.03125,85334777832.03125,0.0,223,338
26,M1Q1,c30q3,240135192871.09375,240135192871.09375,0.0,703,687
26,M1Q1,c30q4,985145568847.6562,985145568847.6562,0.0,2409,4481
26,M1Q1,c31q0,1640319824.21875,1640319824.21875,0.0,5,4
26,M1Q1,c31q1,18272399902.34375,18272399902.34375,0.0,55,47
26,M1Q1,c31q2,42381286621.09375,42381286621.09375,0.0,125,118
26,M1Q1,c31q3,33149719238.28125,33149719238.28125,0.0,93,109
26,M1Q1,c31q4,29830932617.1875,29830932617.1875,0.0,102,34
26,M1Q1,c32q0,44097900390.625,44097900390.625,0.0,146,67
26,M1Q1,c32q1,213661193847.65625,213661193847.65625,0.0,587,746
26,M1Q1,c32q2,316352844238.28125,316352844238.28125,0.0,989,685
26,M1Q1,c32q3,489501953125.0,489501953125.0,0.0,1350,1691
26,M1Q1,c32q4,324440002441.40625,324440002441.40625,0.0,997,763
26,M1Q1,c33q0,1831054687.5,1831054687.5,0.0,6,3
26,M1Q1,c33q1,28877258300.78125,28877258300.78125,0.0,79,102
26,M1Q1,c33q2,25939941406.25,25939941406.25,0.0,58,137
26,M1Q1,c33q3,75492858886.71875,75492858886.71875,0.0,227,195
26,M1Q1,c33q4,51155090332.03125,51155090332.03125,0.0,147,156
26,M1Q1,c34q0,1296997070.3125,1296997070.3125,0.0,4,3
26,M1Q1,c34q1,38909912109.375,38909912109.375,0.0,142,13
26,M1Q1,c34q2,7820129394.53125,7820129394.53125,0.0,25,15
26,M1Q1,c34q3,33988952636.71875,33988952636.71875,0.0,113,50
26,M1Q1,c34q4,5645751953.125,5645751953.125,0.0,16,18
26,M1Q1,c35q0,7591247558.59375,7591247558.59375,0.0,13,54
26,M1Q1,c35q1,109634399414.0625,109634399414.0625,0.0,310,352
26,M1Q1,c35q2,68931579589.84375,68931579589.84375,0.0,213,158
26,M1Q1,c35q3,29220581054.6875,29220581054.6875,0.0,76,117
26,M1Q1,c35q4,41007995605.46875,41007995605.46875,0.0,133,72
26,M1Q1,c36q0,5607604980.46875,5607604980.46875,0.0,19,7
26,M1Q1,c36q1,39863586425.78125,39863586425.78125,0.0,89,211
26,M1Q1,c36q2,25177001953.125,25177001953.125,0.0,68,92
26,M1Q1,c36q3,43716430664.0625,43716430664.0625,0.0,124,139
26,M1Q1,c36q4,4692077636.71875,4692077636.71875,0.0,15,9
26,M1Q1,c37q0,11405944824.21875,11405944824.21875,0.0,37,20
26,M1Q1,c37q1,15602111816.40625,15602111816.40625,0.0,43,54
26,M1Q1,c37q2,135841369628.90625,135841369628.90625,0.0,415,328
26,M1Q1,c37q3,345001220703.125,345001220703.125,0.0,1102,665
26,M1Q1,c37q4,76408386230.46875,76408386230.46875,0.0,187,347
26,M1Q1,c38q0,20256042480.46875,20256042480.46875,0.0,59,59
26,M1Q1,c38q1,93193054199.21875,93193054199.21875,0.0,253,336
26,M1Q1,c38q2,311203002929.6875,311203002929.6875,0.0,948,761
26,M1Q1,c38q3,66261291503.90625,66261291503.90625,0.0,199,172
26,M1Q1,c38q4,127716064453.125,127716064453.125,0.0,342,477
26,M1Q1,c39q0,3890991210.9375,3852844238.28125,-38146972.65625,11,12
26,M1Q1,c39q1,11634826660.15625,11825561523.4375,190734863.28125,32,43
26,M1Q1,c39q2,117111206054.6875,117034912109.375,-76293945.3125,372,232
26,M1Q1,c39q3,134201049804.68752,134277343750.0,76293945.31248474,410,325
26,M1Q1,c39q4,40588378906.25,40512084960.9375,-76293945.3125,112,139
37,M0Q0,c00q0,610351562.5,610351562.5,0.0,2,1
37,M0Q0,c00q1,61035156250.0,61035156250.0,0.0,206,79
37,M0Q0,c00q2,298156738281.25,298156738281.25,0.0,930,653
37,M0Q0,c00q3,18920898437.5,18920898437.5,0.0,58,45
37,M0Q0,c00q4,36888122558.59375,36888122558.59375,0.0,107,109
37,M0Q0,c01q0,64086914062.5,64086914062.5,0.0,224,56
37,M0Q0,c01q1,64353942871.09375,64353942871.09375,0.0,213,98
37,M0Q0,c01q2,93498229980.46875,93498229980.46875,0.0,313,130
37,M0Q0,c01q3,161437988281.25,161437988281.25,0.0,514,317
37,M0Q0,c01q4,190925598144.53125,190925598144.53125,0.0,561,539
37,M0Q0,c02q0,686645507.8125,686645507.8125,0.0,2,2
37,M0Q0,c02q1,6637573242.1875,6637573242.1875,0.0,14,38
37,M0Q0,c02q2,30670166015.625,30670166015.625,0.0,78,129
37,M0Q0,c02q3,28305053710.9375,28305053710.9375,0.0,96,35
37,M0Q0,c02q4,32272338867.1875,32272338867.1875,0.0,102,66
37,M0Q0,c03q0,10604858398.4375,10604858398.4375,0.0,34,20
37,M0Q0,c03q1,87661743164.0625,87661743164.0625,0.0,242,302
37,M0Q0,c03q2,83694458007.8125,83694458007.8125,0.0,212,355
37,M0Q0,c03q3,190086364746.09375,190086364746.09375,0.0,549,570
37,M0Q0,c03q4,50544738769.53125,50544738769.53125,0.0,155,120
37,M0Q0,c04q0,686645507.8125,686645507.8125,0.0,2,2
37,M0Q0,c04q1,62866210937.5,62866210937.5,0.0,206,103
37,M0Q0,c04q2,35667419433.59375,35667419433.59375,0.0,119,51
37,M0Q0,c04q3,45051574707.03125,45051574707.03125,0.0,153,55
37,M0Q0,c04q4,9422302246.09375,9422302246.09375,0.0,33,8
37,M0Q0,c05q0,1716613769.53125,1716613769.53125,0.0,5,5
37,M0Q0,c05q1,7514953613.28125,7514953613.28125,0.0,17,39
37,M0Q0,c05q2,103912353515.625,103912353515.625,0.0,280,382
37,M0Q0,c05q3,79994201660.15625,79994201660.15625,0.0,231,240
37,M0Q0,c05q4,320053100585.9375,320053100585.9375,0.0,838,1262
37,M0Q0,c06q0,686645507.8125,686645507.8125,0.0,2,2
37,M0Q0,c06q1,3700256347.65625,3700256347.65625,0.0,13,3
37,M0Q0,c06q2,56724548339.84375,56724548339.84375,0.0,151,215
37,M0Q0,c06q3,144920349121.09375,144920349121.09375,0.0,479,223
37,M0Q0,c06q4,51383972167.96875,51383972167.96875,0.0,165,96
37,M0Q0,c07q0,6752014160.15625,6752014160.15625,0.0,23,8
37,M0Q0,c07q1,18348693847.65625,18348693847.65625,0.0,57,41
37,M0Q0,c07q2,56037902832.03125,56037902832.03125,0.0,141,241
37,M0Q0,c07q3,135192871093.75,135192871093.75,0.0,380,442
37,M0Q0,c07q4,15449523925.78125,15449523925.78125,0.0,51,24
37,M0Q0,c08q0,1296997070.3125,1296997070.3125,0.0,4,3
37,M0Q0,c08q1,1716613769.53125,1716613769.53125,0.0,5,5
37,M0Q0,c08q2,45242309570.3125,45242309570.3125,0.0,138,110
37,M0Q0,c08q3,91171264648.4375,91171264648.4375,0.0,258,292
37,M0Q0,c08q4,4119873046.875,4119873046.875,0.0,10,19
37,M0Q0,c09q0,6942749023.4375,6942749023.4375,0.0,8,63
37,M0Q0,c09q1,17814636230.46875,17814636230.46875,0.0,55,41
37,M0Q0,c09q2,26779174804.6875,26779174804.6875,0.0,58,148
37,M0Q0,c09q3,93727111816.40625,93727111816.40625,0.0,321,105
37,M0Q0,c09q4,2365112304.6875,2365112304.6875,0.0,6,10
37,M0Q0,c10q0,3776550292.96875,3776550292.96875,0.0,13,4
37,M0Q0,c10q1,55923461914.0625,55923461914.0625,0.0,166,152
37,M0Q0,c10q2,125694274902.34375,125694274902.34375,0.0,359,391
37,M0Q0,c10q3,22659301757.8125,22659301757.8125,0.0,74,38
37,M0Q0,c10q4,5302429199.21875,5302429199.21875,0.0,9,38
37,M0Q0,c11q0,686645507.8125,686645507.8125,0.0,2,2
37,M0Q0,c11q1,17204284667.96875,17204284667.96875,0.0,55,33
37,M0Q0,c11q2,155296325683.59375,155296325683.59375,0.0,509,254
37,M0Q0,c11q3,29182434082.03125,29182434082.03125,0.0,71,134
37,M0Q0,c11q4,4043579101.5625,4043579101.5625,0.0,14,4
37,M0Q0,c12q0,5226135253.90625,5226135253.90625,0.0,19,2
37,M0Q0,c12q1,199508666992.1875,199508666992.1875,0.0,520,795
37,M0Q0,c12q2,34408569335.9375,34408569335.9375,0.0,98,108
37,M0Q0,c12q3,226211547851.5625,226211547851.5625,0.0,634,746
37,M0Q0,c12q4,9460449218.75,9460449218.75,0.0,28,26
37,M0Q0,c13q0,1220703125.0,1220703125.0,0.0,4,2
37,M0Q0,c13q1,105056762695.3125,105056762695.3125,0.0,268,439
37,M0Q0,c13q2,70724487304.6875,70724487304.6875,0.0,182,290
37,M0Q0,c13q3,687789916992.1875,687789916992.1875,0.0,2026,1924
37,M0Q0,c13q4,174369812011.71875,174369812011.71875,0.0,491,567
37,M0Q0,c14q0,44326782226.5625,44326782226.5625,0.0,158,28
37,M0Q0,c14q1,235671997070.3125,235671997070.3125,0.0,726,548
37,M0Q0,c14q2,64430236816.40625,64430236816.40625,0.0,177,225
37,M0Q0,c14q3,338973999023.4375,338973999023.4375,0.0,1082,656
37,M0Q0,c14q4,17662048339.84375,17662048339.84375,0.0,51,53
37,M0Q0,c15q0,3700256347.65625,3700256347.65625,0.0,9,17
37,M0Q0,c15q1,61759948730.46875,61759948730.46875,0.0,187,155
37,M0Q0,c15q2,108757019042.96875,108757019042.96875,0.0,327,281
37,M0Q0,c15q3,26664733886.71875,26664733886.71875,0.0,85,52
37,M0Q0,c15q4,60081481933.59375,60081481933.59375,0.0,199,91
37,M0Q0,c16q0,6065368652.34375,6065368652.34375,0.0,9,48
37,M0Q0,c16q1,22811889648.4375,22811889648.4375,0.0,60,89
37,M0Q0,c16q2,81558227539.0625,81558227539.0625,0.0,250,194
37,M0Q0,c16q3,253791809082.03125,253791809082.03125,0.0,757,677
37,M0Q0,c16q4,22430419921.875,22430419921.875,0.0,60,84
37,M0Q0,c17q0,38909912109.375,38909912109.375,0.0,102,153
37,M0Q0,c17q1,69885253906.25,69885253906.25,0.0,226,125
37,M0Q0,c17q2,225791931152.34375,225791931152.34375,0.0,733,394
37,M0Q0,c17q3,128211975097.65625,128211975097.65625,0.0,321,557
37,M0Q0,c17q4,22163391113.28125,22163391113.28125,0.0,67,56
37,M0Q0,c18q0,4577636718.75,4577636718.75,0.0,12,18
37,M0Q0,c18q1,26550292968.75,26550292968.75,0.0,66,117
37,M0Q0,c18q2,102157592773.4375,102157592773.4375,0.0,314,240
37,M0Q0,c18q3,55007934570.3125,55007934570.3125,0.0,184,77
37,M0Q0,c18q4,13618469238.28125,13618469238.28125,0.0,19,112
37,M0Q0,c19q0,5264282226.5625,5264282226.5625,0.0,6,48
37,M0Q0,c19q1,19454956054.6875,19454956054.6875,0.0,60,45
37,M0Q0,c19q2,33264160156.25,33264160156.25,0.0,102,79
37,M0Q0,c19q3,41503906250.0,41503906250.0,0.0,94,215
37,M0Q0,c19q4,8239746093.75,8239746093.75,0.0,16,52
37,M0Q0,c20q0,3433227539.0625,3433227539.0625,0.0,10,10
37,M0Q0,c20q1,48294067382.8125,48294067382.8125,0.0,126,192
37,M0Q0,c20q2,37384033203.125,37384033203.125,0.0,118,77
37,M0Q0,c20q3,42877197265.625,42877197265.625,0.0,138,79
37,M0Q0,c20q4,23155212402.34375,23155212402.34375,0.0,75,41
37,M0Q0,c21q0,7133483886.71875,7133483886.71875,0.0,25,6
37,M0Q0,c21q1,15563964843.75,15563964843.75,0.0,46,43
37,M0Q0,c21q2,248451232910.15625,248451232910.15625,0.0,751,628
37,M0Q0,c21q3,63018798828.125,63018798828.125,0.0,180,196
37,M0Q0,c21q4,36735534667.96875,36735534667.96875,0.0,105,114
37,M0Q0,c22q0,0.0,0.0,0.0,0,0
37,M0Q0,c22q1,2517700195.3125,2517700195.3125,0.0,8,5
37,M0Q0,c22q2,12207031250.0,12207031250.0,0.0,40,20
37,M0Q0,c22q3,13198852539.0625,13198852539.0625,0.0,44,19
37,M0Q0,c22q4,10337829589.84375,10337829589.84375,0.0,33,20
37,M0Q0,c23q0,12054443359.375,12054443359.375,0.0,38,25
37,M0Q0,c23q1,127677917480.46875,127677917480.46875,0.0,399,277
37,M0Q0,c23q2,158424377441.40625,158424377441.40625,0.0,493,351
37,M0Q0,c23q3,60615539550.78125,60615539550.78125,0.0,193,119
37,M0Q0,c23q4,32539367675.78125,32539367675.78125,0.0,81,143
37,M0Q0,c24q0,44364929199.21875,44364929199.21875,0.0,151,53
37,M0Q0,c24q1,32501220703.125,32501220703.125,0.0,96,90
37,M0Q0,c24q2,126228332519.53125,126228332519.53125,0.0,395,272
37,M0Q0,c24q3,61225891113.28125,61225891113.28125,0.0,181,169
37,M0Q0,c24q4,66604614257.8125,66604614257.8125,0.0,224,89
37,M0Q0,c25q0,94985961914.0625,94985961914.0625,0.0,290,230
37,M0Q0,c25q1,150375366210.9375,150375366210.9375,0.0,436,445
37,M0Q0,c25q2,260925292968.75,260925292968.75,0.0,732,858
37,M0Q0,c25q3,156936645507.8125,156936645507.8125,0.0,482,370
37,M0Q0,c25q4,88958740234.375,88958740234.375,0.0,206,445
37,M0Q0,c26q0,18348693847.65625,18348693847.65625,0.0,59,34
37,M0Q0,c26q1,101280212402.34375,101280212402.34375,0.0,263,407
37,M0Q0,c26q2,95787048339.84375,95787048339.84375,0.0,315,153
37,M0Q0,c26q3,69236755371.09375,69236755371.09375,0.0,199,211
37,M0Q0,c26q4,111656188964.84375,111656188964.84375,0.0,299,417
37,M0Q0,c27q0,953674316.40625,953674316.40625,0.0,3,2
37,M0Q0,c27q1,3128051757.8125,3128051757.8125,0.0,10,6
37,M0Q0,c27q2,13236999511.71875,13236999511.71875,0.0,43,23
37,M0Q0,c27q3,8850097656.25,8850097656.25,0.0,28,18
37,M0Q0,c27q4,7705688476.5625,7705688476.5625,0.0,26,10
37,M0Q0,c28q0,5798339843.75,5798339843.75,0.0,20,6
37,M0Q0,c28q1,172729492187.5,172729492187.5,0.0,530,409
37,M0Q0,c28q2,218620300292.96875,218620300292.96875,0.0,683,475
37,M0Q0,c28q3,512809753417.96875,512809753417.96875,0.0,1327,2077
37,M0Q0,c28q4,910606384277.3438,910606384277.3438,0.0,2663,2615
37,M0Q0,c29q0,54855346679.6875,54855346679.6875,0.0,104,355
37,M0Q0,c29q1,40283203125.0,40283203125.0,0.0,106,157
37,M0Q0,c29q2,242080688476.5625,242080688476.5625,0.0,720,653
37,M0Q0,c29q3,210876464843.75,210876464843.75,0.0,580,734
37,M0Q0,c29q4,30670166015.625,30670166015.625,0.0,102,45
37,M0Q0,c30q0,1678466796.875,1678466796.875,0.0,2,15
37,M0Q0,c30q1,9918212890.625,9918212890.625,0.0,30,25
37,M0Q0,c30q2,85334777832.03125,85334777832.03125,0.0,223,338
37,M0Q0,c30q3,240135192871.09375,240135192871.09375,0.0,703,687
37,M0Q0,c30q4,985145568847.6562,985145568847.6562,0.0,2409,4481
37,M0Q0,c31q0,1640319824.21875,1640319824.21875,0.0,5,4
37,M0Q0,c31q1,18272399902.34375,18272399902.34375,0.0,55,47
37,M0Q0,c31q2,42381286621.09375,42381286621.09375,0.0,125,118
37,M0Q0,c31q3,33149719238.28125,33149719238.28125,0.0,93,109
37,M0Q0,c31q4,29830932617.1875,29830932617.1875,0.0,102,34
37,M0Q0,c32q0,44097900390.625,44097900390.625,0.0,146,67
37,M0Q0,c32q1,213661193847.65625,213661193847.65625,0.0,587,746
37,M0Q0,c32q2,316352844238.28125,316352844238.28125,0.0,989,685
37,M0Q0,c32q3,489501953125.0,489501953125.0,0.0,1350,1691
37,M0Q0,c32q4,324440002441.40625,324440002441.40625,0.0,997,763
37,M0Q0,c33q0,1831054687.5,1831054687.5,0.0,6,3
37,M0Q0,c33q1,28877258300.78125,28877258300.78125,0.0,79,102
37,M0Q0,c33q2,25939941406.25,25939941406.25,0.0,58,137
37,M0Q0,c33q3,75492858886.71875,75492858886.71875,0.0,227,195
37,M0Q0,c33q4,51155090332.03125,51155090332.03125,0.0,147,156
37,M0Q0,c34q0,1296997070.3125,1296997070.3125,0.0,4,3
37,M0Q0,c34q1,38909912109.375,38909912109.375,0.0,142,13
37,M0Q0,c34q2,7820129394.53125,7820129394.53125,0.0,25,15
37,M0Q0,c34q3,33988952636.71875,33988952636.71875,0.0,113,50
37,M0Q0,c34q4,5645751953.125,5645751953.125,0.0,16,18
37,M0Q0,c35q0,7591247558.59375,7591247558.59375,0.0,13,54
37,M0Q0,c35q1,109634399414.0625,109634399414.0625,0.0,310,352
37,M0Q0,c35q2,68931579589.84375,68931579589.84375,0.0,213,158
37,M0Q0,c35q3,29220581054.6875,29220581054.6875,0.0,76,117
37,M0Q0,c35q4,41007995605.46875,41007995605.46875,0.0,133,72
37,M0Q0,c36q0,5607604980.46875,5607604980.46875,0.0,19,7
37,M0Q0,c36q1,39863586425.78125,39863586425.78125,0.0,89,211
37,M0Q0,c36q2,25177001953.125,25177001953.125,0.0,68,92
37,M0Q0,c36q3,43716430664.0625,43716430664.0625,0.0,124,139
37,M0Q0,c36q4,4692077636.71875,4692077636.71875,0.0,15,9
37,M0Q0,c37q0,11405944824.21875,11405944824.21875,0.0,37,20
37,M0Q0,c37q1,15602111816.40625,15602111816.40625,0.0,43,54
37,M0Q0,c37q2,135841369628.90625,135841369628.90625,0.0,415,328
37,M0Q0,c37q3,345001220703.125,345001220703.125,0.0,1102,665
37,M0Q0,c37q4,76408386230.46875,76408386230.46875,0.0,187,347
37,M0Q0,c38q0,20256042480.46875,20256042480.46875,0.0,59,59
37,M0Q0,c38q1,93193054199.21875,93193054199.21875,0.0,253,336
37,M0Q0,c38q2,311203002929.6875,311203002929.6875,0.0,948,761
37,M0Q0,c38q3,66261291503.90625,66261291503.90625,0.0,199,172
37,M0Q0,c38q4,127716064453.125,127716064453.125,0.0,342,477
37,M0Q0,c39q0,2822875976.5625,2822875976.5625,0.0,8,9
37,M0Q0,c39q1,14572143554.6875,14572143554.6875,0.0,40,51
37,M0Q0,c39q2,120811462402.34375,120811462402.34375,0.0,383,243
37,M0Q0,c39q3,116081237792.96875,116081237792.96875,0.0,357,272
37,M0Q0,c39q4,32272338867.1875,32272338867.1875,0.0,88,115
37,M1Q0,c00q0,610351562.5,610351562.5,0.0,2,1
37,M1Q0,c00q1,61035156250.0,61035156250.0,0.0,206,79
37,M1Q0,c00q2,298156738281.25,298156738281.25,0.0,930,653
37,M1Q0,c00q3,18920898437.5,18920898437.5,0.0,58,45
37,M1Q0,c00q4,36888122558.59375,36888122558.59375,0.0,107,109
37,M1Q0,c01q0,64086914062.5,64086914062.5,0.0,224,56
37,M1Q0,c01q1,64353942871.09375,64353942871.09375,0.0,213,98
37,M1Q0,c01q2,93498229980.46875,93498229980.46875,0.0,313,130
37,M1Q0,c01q3,161437988281.25,161437988281.25,0.0,514,317
37,M1Q0,c01q4,190925598144.53125,190925598144.53125,0.0,561,539
37,M1Q0,c02q0,686645507.8125,686645507.8125,0.0,2,2
37,M1Q0,c02q1,6637573242.1875,6637573242.1875,0.0,14,38
37,M1Q0,c02q2,30670166015.625,30670166015.625,0.0,78,129
37,M1Q0,c02q3,28305053710.9375,28305053710.9375,0.0,96,35
37,M1Q0,c02q4,32272338867.1875,32272338867.1875,0.0,102,66
37,M1Q0,c03q0,10604858398.4375,10604858398.4375,0.0,34,20
37,M1Q0,c03q1,87661743164.0625,87661743164.0625,0.0,242,302
37,M1Q0,c03q2,83694458007.8125,83694458007.8125,0.0,212,355
37,M1Q0,c03q3,190086364746.09375,190086364746.09375,0.0,549,570
37,M1Q0,c03q4,50544738769.53125,50544738769.53125,0.0,155,120
37,M1Q0,c04q0,686645507.8125,686645507.8125,0.0,2,2
37,M1Q0,c04q1,62866210937.5,62866210937.5,0.0,206,103
37,M1Q0,c04q2,35667419433.59375,35667419433.59375,0.0,119,51
37,M1Q0,c04q3,45051574707.03125,45051574707.03125,0.0,153,55
37,M1Q0,c04q4,9422302246.09375,9422302246.09375,0.0,33,8
37,M1Q0,c05q0,1716613769.53125,1716613769.53125,0.0,5,5
37,M1Q0,c05q1,7514953613.28125,7514953613.28125,0.0,17,39
37,M1Q0,c05q2,103912353515.625,103912353515.625,0.0,280,382
37,M1Q0,c05q3,79994201660.15625,79994201660.15625,0.0,231,240
37,M1Q0,c05q4,320053100585.9375,320053100585.9375,0.0,838,1262
37,M1Q0,c06q0,686645507.8125,686645507.8125,0.0,2,2
37,M1Q0,c06q1,3700256347.65625,3700256347.65625,0.0,13,3
37,M1Q0,c06q2,56724548339.84375,56724548339.84375,0.0,151,215
37,M1Q0,c06q3,144920349121.09375,144920349121.09375,0.0,479,223
37,M1Q0,c06q4,51383972167.96875,51383972167.96875,0.0,165,96
37,M1Q0,c07q0,6752014160.15625,6752014160.15625,0.0,23,8
37,M1Q0,c07q1,18348693847.65625,18348693847.65625,0.0,57,41
37,M1Q0,c07q2,56037902832.03125,56037902832.03125,0.0,141,241
37,M1Q0,c07q3,135192871093.75,135192871093.75,0.0,380,442
37,M1Q0,c07q4,15449523925.78125,15449523925.78125,0.0,51,24
37,M1Q0,c08q0,1296997070.3125,1296997070.3125,0.0,4,3
37,M1Q0,c08q1,1716613769.53125,1716613769.53125,0.0,5,5
37,M1Q0,c08q2,45242309570.3125,45242309570.3125,0.0,138,110
37,M1Q0,c08q3,91171264648.4375,91171264648.4375,0.0,258,292
37,M1Q0,c08q4,4119873046.875,4119873046.875,0.0,10,19
37,M1Q0,c09q0,6942749023.4375,6942749023.4375,0.0,8,63
37,M1Q0,c09q1,17814636230.46875,17814636230.46875,0.0,55,41
37,M1Q0,c09q2,26779174804.6875,26779174804.6875,0.0,58,148
37,M1Q0,c09q3,93727111816.40625,93727111816.40625,0.0,321,105
37,M1Q0,c09q4,2365112304.6875,2365112304.6875,0.0,6,10
37,M1Q0,c10q0,3776550292.96875,3776550292.96875,0.0,13,4
37,M1Q0,c10q1,55923461914.0625,55923461914.0625,0.0,166,152
37,M1Q0,c10q2,125694274902.34375,125694274902.34375,0.0,359,391
37,M1Q0,c10q3,22659301757.8125,22659301757.8125,0.0,74,38
37,M1Q0,c10q4,5302429199.21875,5302429199.21875,0.0,9,38
37,M1Q0,c11q0,686645507.8125,686645507.8125,0.0,2,2
37,M1Q0,c11q1,17204284667.96875,17204284667.96875,0.0,55,33
37,M1Q0,c11q2,155296325683.59375,155296325683.59375,0.0,509,254
37,M1Q0,c11q3,29182434082.03125,29182434082.03125,0.0,71,134
37,M1Q0,c11q4,4043579101.5625,4043579101.5625,0.0,14,4
37,M1Q0,c12q0,5226135253.90625,5226135253.90625,0.0,19,2
37,M1Q0,c12q1,199508666992.1875,199508666992.1875,0.0,520,795
37,M1Q0,c12q2,34408569335.9375,34408569335.9375,0.0,98,108
37,M1Q0,c12q3,226211547851.5625,226211547851.5625,0.0,634,746
37,M1Q0,c12q4,9460449218.75,9460449218.75,0.0,28,26
37,M1Q0,c13q0,1220703125.0,1220703125.0,0.0,4,2
37,M1Q0,c13q1,105056762695.3125,105056762695.3125,0.0,268,439
37,M1Q0,c13q2,70724487304.6875,70724487304.6875,0.0,182,290
37,M1Q0,c13q3,687789916992.1875,687789916992.1875,0.0,2026,1924
37,M1Q0,c13q4,174369812011.71875,174369812011.71875,0.0,491,567
37,M1Q0,c14q0,44326782226.5625,44326782226.5625,0.0,158,28
37,M1Q0,c14q1,235671997070.3125,235671997070.3125,0.0,726,548
37,M1Q0,c14q2,64430236816.40625,64430236816.40625,0.0,177,225
37,M1Q0,c14q3,338973999023.4375,338973999023.4375,0.0,1082,656
37,M1Q0,c14q4,17662048339.84375,17662048339.84375,0.0,51,53
37,M1Q0,c15q0,3700256347.65625,3700256347.65625,0.0,9,17
37,M1Q0,c15q1,61759948730.46875,61759948730.46875,0.0,187,155
37,M1Q0,c15q2,108757019042.96875,108757019042.96875,0.0,327,281
37,M1Q0,c15q3,26664733886.71875,26664733886.71875,0.0,85,52
37,M1Q0,c15q4,60081481933.59375,60081481933.59375,0.0,199,91
37,M1Q0,c16q0,6065368652.34375,6065368652.34375,0.0,9,48
37,M1Q0,c16q1,22811889648.4375,22811889648.4375,0.0,60,89
37,M1Q0,c16q2,81558227539.0625,81558227539.0625,0.0,250,194
37,M1Q0,c16q3,253791809082.03125,253791809082.03125,0.0,757,677
37,M1Q0,c16q4,22430419921.875,22430419921.875,0.0,60,84
37,M1Q0,c17q0,38909912109.375,38909912109.375,0.0,102,153
37,M1Q0,c17q1,69885253906.25,69885253906.25,0.0,226,125
37,M1Q0,c17q2,225791931152.34375,225791931152.34375,0.0,733,394
37,M1Q0,c17q3,128211975097.65625,128211975097.65625,0.0,321,557
37,M1Q0,c17q4,22163391113.28125,22163391113.28125,0.0,67,56
37,M1Q0,c18q0,4577636718.75,4577636718.75,0.0,12,18
37,M1Q0,c18q1,26550292968.75,26550292968.75,0.0,66,117
37,M1Q0,c18q2,102157592773.4375,102157592773.4375,0.0,314,240
37,M1Q0,c18q3,55007934570.3125,55007934570.3125,0.0,184,77
37,M1Q0,c18q4,13618469238.28125,13618469238.28125,0.0,19,112
37,M1Q0,c19q0,5264282226.5625,5264282226.5625,0.0,6,48
37,M1Q0,c19q1,19454956054.6875,19454956054.6875,0.0,60,45
37,M1Q0,c19q2,33264160156.25,33264160156.25,0.0,102,79
37,M1Q0,c19q3,41503906250.0,41503906250.0,0.0,94,215
37,M1Q0,c19q4,8239746093.75,8239746093.75,0.0,16,52
37,M1Q0,c20q0,3433227539.0625,3433227539.0625,0.0,10,10
37,M1Q0,c20q1,48294067382.8125,48294067382.8125,0.0,126,192
37,M1Q0,c20q2,37384033203.125,37384033203.125,0.0,118,77
37,M1Q0,c20q3,42877197265.625,42877197265.625,0.0,138,79
37,M1Q0,c20q4,23155212402.34375,23155212402.34375,0.0,75,41
37,M1Q0,c21q0,7133483886.71875,7133483886.71875,0.0,25,6
37,M1Q0,c21q1,15563964843.75,15563964843.75,0.0,46,43
37,M1Q0,c21q2,248451232910.15625,248451232910.15625,0.0,751,628
37,M1Q0,c21q3,63018798828.125,63018798828.125,0.0,180,196
37,M1Q0,c21q4,36735534667.96875,36735534667.96875,0.0,105,114
37,M1Q0,c22q0,0.0,0.0,0.0,0,0
37,M1Q0,c22q1,2517700195.3125,2517700195.3125,0.0,8,5
37,M1Q0,c22q2,12207031250.0,12207031250.0,0.0,40,20
37,M1Q0,c22q3,13198852539.0625,13198852539.0625,0.0,44,19
37,M1Q0,c22q4,10337829589.84375,10337829589.84375,0.0,33,20
37,M1Q0,c23q0,12054443359.375,12054443359.375,0.0,38,25
37,M1Q0,c23q1,127677917480.46875,127677917480.46875,0.0,399,277
37,M1Q0,c23q2,158424377441.40625,158424377441.40625,0.0,493,351
37,M1Q0,c23q3,60615539550.78125,60615539550.78125,0.0,193,119
37,M1Q0,c23q4,32539367675.78125,32539367675.78125,0.0,81,143
37,M1Q0,c24q0,44364929199.21875,44364929199.21875,0.0,151,53
37,M1Q0,c24q1,32501220703.125,32501220703.125,0.0,96,90
37,M1Q0,c24q2,126228332519.53125,126228332519.53125,0.0,395,272
37,M1Q0,c24q3,61225891113.28125,61225891113.28125,0.0,181,169
37,M1Q0,c24q4,66604614257.8125,66604614257.8125,0.0,224,89
37,M1Q0,c25q0,94985961914.0625,94985961914.0625,0.0,290,230
37,M1Q0,c25q1,150375366210.9375,150375366210.9375,0.0,436,445
37,M1Q0,c25q2,260925292968.75,260925292968.75,0.0,732,858
37,M1Q0,c25q3,156936645507.8125,156936645507.8125,0.0,482,370
37,M1Q0,c25q4,88958740234.375,88958740234.375,0.0,206,445
37,M1Q0,c26q0,18348693847.65625,18348693847.65625,0.0,59,34
37,M1Q0,c26q1,101280212402.34375,101280212402.34375,0.0,263,407
37,M1Q0,c26q2,95787048339.84375,95787048339.84375,0.0,315,153
37,M1Q0,c26q3,69236755371.09375,69236755371.09375,0.0,199,211
37,M1Q0,c26q4,111656188964.84375,111656188964.84375,0.0,299,417
37,M1Q0,c27q0,953674316.40625,953674316.40625,0.0,3,2
37,M1Q0,c27q1,3128051757.8125,3128051757.8125,0.0,10,6
37,M1Q0,c27q2,13236999511.71875,13236999511.71875,0.0,43,23
37,M1Q0,c27q3,8850097656.25,8850097656.25,0.0,28,18
37,M1Q0,c27q4,7705688476.5625,7705688476.5625,0.0,26,10
37,M1Q0,c28q0,5798339843.75,5798339843.75,0.0,20,6
37,M1Q0,c28q1,172729492187.5,172729492187.5,0.0,530,409
37,M1Q0,c28q2,218620300292.96875,218620300292.96875,0.0,683,475
37,M1Q0,c28q3,512809753417.96875,512809753417.96875,0.0,1327,2077
37,M1Q0,c28q4,910606384277.3438,910606384277.3438,0.0,2663,2615
37,M1Q0,c29q0,54855346679.6875,54855346679.6875,0.0,104,355
37,M1Q0,c29q1,40283203125.0,40283203125.0,0.0,106,157
37,M1Q0,c29q2,242080688476.5625,242080688476.5625,0.0,720,653
37,M1Q0,c29q3,210876464843.75,210876464843.75,0.0,580,734
37,M1Q0,c29q4,30670166015.625,30670166015.625,0.0,102,45
37,M1Q0,c30q0,1678466796.875,1678466796.875,0.0,2,15
37,M1Q0,c30q1,9918212890.625,9918212890.625,0.0,30,25
37,M1Q0,c30q2,85334777832.03125,85334777832.03125,0.0,223,338
37,M1Q0,c30q3,240135192871.09375,240135192871.09375,0.0,703,687
37,M1Q0,c30q4,985145568847.6562,985145568847.6562,0.0,2409,4481
37,M1Q0,c31q0,1640319824.21875,1640319824.21875,0.0,5,4
37,M1Q0,c31q1,18272399902.34375,18272399902.34375,0.0,55,47
37,M1Q0,c31q2,42381286621.09375,42381286621.09375,0.0,125,118
37,M1Q0,c31q3,33149719238.28125,33149719238.28125,0.0,93,109
37,M1Q0,c31q4,29830932617.1875,29830932617.1875,0.0,102,34
37,M1Q0,c32q0,44097900390.625,44097900390.625,0.0,146,67
37,M1Q0,c32q1,213661193847.65625,213661193847.65625,0.0,587,746
37,M1Q0,c32q2,316352844238.28125,316352844238.28125,0.0,989,685
37,M1Q0,c32q3,489501953125.0,489501953125.0,0.0,1350,1691
37,M1Q0,c32q4,324440002441.40625,324440002441.40625,0.0,997,763
37,M1Q0,c33q0,1831054687.5,1831054687.5,0.0,6,3
37,M1Q0,c33q1,28877258300.78125,28877258300.78125,0.0,79,102
37,M1Q0,c33q2,25939941406.25,25939941406.25,0.0,58,137
37,M1Q0,c33q3,75492858886.71875,75492858886.71875,0.0,227,195
37,M1Q0,c33q4,51155090332.03125,51155090332.03125,0.0,147,156
37,M1Q0,c34q0,1296997070.3125,1296997070.3125,0.0,4,3
37,M1Q0,c34q1,38909912109.375,38909912109.375,0.0,142,13
37,M1Q0,c34q2,7820129394.53125,7820129394.53125,0.0,25,15
37,M1Q0,c34q3,33988952636.71875,33988952636.71875,0.0,113,50
37,M1Q0,c34q4,5645751953.125,5645751953.125,0.0,16,18
37,M1Q0,c35q0,7591247558.59375,7591247558.59375,0.0,13,54
37,M1Q0,c35q1,109634399414.0625,109634399414.0625,0.0,310,352
37,M1Q0,c35q2,68931579589.84375,68931579589.84375,0.0,213,158
37,M1Q0,c35q3,29220581054.6875,29220581054.6875,0.0,76,117
37,M1Q0,c35q4,41007995605.46875,41007995605.46875,0.0,133,72
37,M1Q0,c36q0,5607604980.46875,5607604980.46875,0.0,19,7
37,M1Q0,c36q1,39863586425.78125,39863586425.78125,0.0,89,211
37,M1Q0,c36q2,25177001953.125,25177001953.125,0.0,68,92
37,M1Q0,c36q3,43716430664.0625,43716430664.0625,0.0,124,139
37,M1Q0,c36q4,4692077636.71875,4692077636.71875,0.0,15,9
37,M1Q0,c37q0,10998589651.925224,11062622070.3125,64032418.387275696,36,19
37,M1Q0,c37q1,15044893537.248884,14915466308.59375,-129427228.6551342,41,52
37,M1Q0,c37q2,130989892142.15959,131034851074.21875,44958932.059158325,401,314
37,M1Q0,c37q3,332679748535.15625,332641601562.5,-38146972.65625,1066,629
37,M1Q0,c37q4,73679515293.66629,73661804199.21875,-17711094.447540283,179,339
37,M1Q0,c38q0,20256042480.46875,20256042480.46875,0.0,59,59
37,M1Q0,c38q1,93193054199.21875,93193054199.21875,0.0,253,336
37,M1Q0,c38q2,311203002929.6875,311203002929.6875,0.0,948,761
37,M1Q0,c38q3,66261291503.90625,66261291503.90625,0.0,199,172
37,M1Q0,c38q4,127716064453.125,127716064453.125,0.0,342,477
37,M1Q0,c39q0,3028428846.5278473,2822875976.5625,-205552869.9653473,8,9
37,M1Q0,c39q1,15633240802.346455,15602111816.40625,-31128985.94020462,43,54
37,M1Q0,c39q2,129608569688.5634,129737854003.90625,129284315.34284973,409,269
37,M1Q0,c39q3,124533905134.92215,124664306640.625,130401505.70285034,382,297
37,M1Q0,c39q4,34622308164.3589,34675598144.53125,53289980.17234802,95,122
37,M0Q1,c00q0,610351562.5,610351562.5,0.0,2,1
37,M0Q1,c00q1,61035156250.0,61035156250.0,0.0,206,79
37,M0Q1,c00q2,298156738281.25,298156738281.25,0.0,930,653
37,M0Q1,c00q3,18920898437.5,18920898437.5,0.0,58,45
37,M0Q1,c00q4,36888122558.59375,36888122558.59375,0.0,107,109
37,M0Q1,c01q0,64086914062.5,64086914062.5,0.0,224,56
37,M0Q1,c01q1,64353942871.09375,64353942871.09375,0.0,213,98
37,M0Q1,c01q2,93498229980.46875,93498229980.46875,0.0,313,130
37,M0Q1,c01q3,161437988281.25,161437988281.25,0.0,514,317
37,M0Q1,c01q4,190925598144.53125,190925598144.53125,0.0,561,539
37,M0Q1,c02q0,686645507.8125,686645507.8125,0.0,2,2
37,M0Q1,c02q1,6637573242.1875,6637573242.1875,0.0,14,38
37,M0Q1,c02q2,30670166015.625,30670166015.625,0.0,78,129
37,M0Q1,c02q3,28305053710.9375,28305053710.9375,0.0,96,35
37,M0Q1,c02q4,32272338867.1875,32272338867.1875,0.0,102,66
37,M0Q1,c03q0,10604858398.4375,10604858398.4375,0.0,34,20
37,M0Q1,c03q1,87661743164.0625,87661743164.0625,0.0,242,302
37,M0Q1,c03q2,83694458007.8125,83694458007.8125,0.0,212,355
37,M0Q1,c03q3,190086364746.09375,190086364746.09375,0.0,549,570
37,M0Q1,c03q4,50544738769.53125,50544738769.53125,0.0,155,120
37,M0Q1,c04q0,686645507.8125,686645507.8125,0.0,2,2
37,M0Q1,c04q1,62866210937.5,62866210937.5,0.0,206,103
37,M0Q1,c04q2,35667419433.59375,35667419433.59375,0.0,119,51
37,M0Q1,c04q3,45051574707.03125,45051574707.03125,0.0,153,55
37,M0Q1,c04q4,9422302246.09375,9422302246.09375,0.0,33,8
37,M0Q1,c05q0,1716613769.53125,1716613769.53125,0.0,5,5
37,M0Q1,c05q1,7514953613.28125,7514953613.28125,0.0,17,39
37,M0Q1,c05q2,103912353515.625,103912353515.625,0.0,280,382
37,M0Q1,c05q3,79994201660.15625,79994201660.15625,0.0,231,240
37,M0Q1,c05q4,320053100585.9375,320053100585.9375,0.0,838,1262
37,M0Q1,c06q0,686645507.8125,686645507.8125,0.0,2,2
37,M0Q1,c06q1,3700256347.65625,3700256347.65625,0.0,13,3
37,M0Q1,c06q2,56724548339.84375,56724548339.84375,0.0,151,215
37,M0Q1,c06q3,144920349121.09375,144920349121.09375,0.0,479,223
37,M0Q1,c06q4,51383972167.96875,51383972167.96875,0.0,165,96
37,M0Q1,c07q0,6752014160.15625,6752014160.15625,0.0,23,8
37,M0Q1,c07q1,18348693847.65625,18348693847.65625,0.0,57,41
37,M0Q1,c07q2,56037902832.03125,56037902832.03125,0.0,141,241
37,M0Q1,c07q3,135192871093.75,135192871093.75,0.0,380,442
37,M0Q1,c07q4,15449523925.78125,15449523925.78125,0.0,51,24
37,M0Q1,c08q0,1296997070.3125,1296997070.3125,0.0,4,3
37,M0Q1,c08q1,1716613769.53125,1716613769.53125,0.0,5,5
37,M0Q1,c08q2,45242309570.3125,45242309570.3125,0.0,138,110
37,M0Q1,c08q3,91171264648.4375,91171264648.4375,0.0,258,292
37,M0Q1,c08q4,4119873046.875,4119873046.875,0.0,10,19
37,M0Q1,c09q0,6942749023.4375,6942749023.4375,0.0,8,63
37,M0Q1,c09q1,17814636230.46875,17814636230.46875,0.0,55,41
37,M0Q1,c09q2,26779174804.6875,26779174804.6875,0.0,58,148
37,M0Q1,c09q3,93727111816.40625,93727111816.40625,0.0,321,105
37,M0Q1,c09q4,2365112304.6875,2365112304.6875,0.0,6,10
37,M0Q1,c10q0,3776550292.96875,3776550292.96875,0.0,13,4
37,M0Q1,c10q1,55923461914.0625,55923461914.0625,0.0,166,152
37,M0Q1,c10q2,125694274902.34375,125694274902.34375,0.0,359,391
37,M0Q1,c10q3,22659301757.8125,22659301757.8125,0.0,74,38
37,M0Q1,c10q4,5302429199.21875,5302429199.21875,0.0,9,38
37,M0Q1,c11q0,686645507.8125,686645507.8125,0.0,2,2
37,M0Q1,c11q1,17204284667.96875,17204284667.96875,0.0,55,33
37,M0Q1,c11q2,155296325683.59375,155296325683.59375,0.0,509,254
37,M0Q1,c11q3,29182434082.03125,29182434082.03125,0.0,71,134
37,M0Q1,c11q4,4043579101.5625,4043579101.5625,0.0,14,4
37,M0Q1,c12q0,5226135253.90625,5226135253.90625,0.0,19,2
37,M0Q1,c12q1,199508666992.1875,199508666992.1875,0.0,520,795
37,M0Q1,c12q2,34408569335.9375,34408569335.9375,0.0,98,108
37,M0Q1,c12q3,226211547851.5625,226211547851.5625,0.0,634,746
37,M0Q1,c12q4,9460449218.75,9460449218.75,0.0,28,26
37,M0Q1,c13q0,1220703125.0,1220703125.0,0.0,4,2
37,M0Q1,c13q1,105056762695.3125,105056762695.3125,0.0,268,439
37,M0Q1,c13q2,70724487304.6875,70724487304.6875,0.0,182,290
37,M0Q1,c13q3,687789916992.1875,687789916992.1875,0.0,2026,1924
37,M0Q1,c13q4,174369812011.71875,174369812011.71875,0.0,491,567
37,M0Q1,c14q0,44326782226.5625,44326782226.5625,0.0,158,28
37,M0Q1,c14q1,235671997070.3125,235671997070.3125,0.0,726,548
37,M0Q1,c14q2,64430236816.40625,64430236816.40625,0.0,177,225
37,M0Q1,c14q3,338973999023.4375,338973999023.4375,0.0,1082,656
37,M0Q1,c14q4,17662048339.84375,17662048339.84375,0.0,51,53
37,M0Q1,c15q0,3700256347.65625,3700256347.65625,0.0,9,17
37,M0Q1,c15q1,61759948730.46875,61759948730.46875,0.0,187,155
37,M0Q1,c15q2,108757019042.96875,108757019042.96875,0.0,327,281
37,M0Q1,c15q3,26664733886.71875,26664733886.71875,0.0,85,52
37,M0Q1,c15q4,60081481933.59375,60081481933.59375,0.0,199,91
37,M0Q1,c16q0,6065368652.34375,6065368652.34375,0.0,9,48
37,M0Q1,c16q1,22811889648.4375,22811889648.4375,0.0,60,89
37,M0Q1,c16q2,81558227539.0625,81558227539.0625,0.0,250,194
37,M0Q1,c16q3,253791809082.03125,253791809082.03125,0.0,757,677
37,M0Q1,c16q4,22430419921.875,22430419921.875,0.0,60,84
37,M0Q1,c17q0,38909912109.375,38909912109.375,0.0,102,153
37,M0Q1,c17q1,69885253906.25,69885253906.25,0.0,226,125
37,M0Q1,c17q2,225791931152.34375,225791931152.34375,0.0,733,394
37,M0Q1,c17q3,128211975097.65625,128211975097.65625,0.0,321,557
37,M0Q1,c17q4,22163391113.28125,22163391113.28125,0.0,67,56
37,M0Q1,c18q0,4577636718.75,4577636718.75,0.0,12,18
37,M0Q1,c18q1,26550292968.75,26550292968.75,0.0,66,117
37,M0Q1,c18q2,102157592773.4375,102157592773.4375,0.0,314,240
37,M0Q1,c18q3,55007934570.3125,55007934570.3125,0.0,184,77
37,M0Q1,c18q4,13618469238.28125,13618469238.28125,0.0,19,112
37,M0Q1,c19q0,5264282226.5625,5264282226.5625,0.0,6,48
37,M0Q1,c19q1,19454956054.6875,19454956054.6875,0.0,60,45
37,M0Q1,c19q2,33264160156.25,33264160156.25,0.0,102,79
37,M0Q1,c19q3,41503906250.0,41503906250.0,0.0,94,215
37,M0Q1,c19q4,8239746093.75,8239746093.75,0.0,16,52
37,M0Q1,c20q0,3433227539.0625,3433227539.0625,0.0,10,10
37,M0Q1,c20q1,48294067382.8125,48294067382.8125,0.0,126,192
37,M0Q1,c20q2,37384033203.125,37384033203.125,0.0,118,77
37,M0Q1,c20q3,42877197265.625,42877197265.625,0.0,138,79
37,M0Q1,c20q4,23155212402.34375,23155212402.34375,0.0,75,41
37,M0Q1,c21q0,7133483886.71875,7133483886.71875,0.0,25,6
37,M0Q1,c21q1,15563964843.75,15563964843.75,0.0,46,43
37,M0Q1,c21q2,248451232910.15625,248451232910.15625,0.0,751,628
37,M0Q1,c21q3,63018798828.125,63018798828.125,0.0,180,196
37,M0Q1,c21q4,36735534667.96875,36735534667.96875,0.0,105,114
37,M0Q1,c22q0,0.0,0.0,0.0,0,0
37,M0Q1,c22q1,2517700195.3125,2517700195.3125,0.0,8,5
37,M0Q1,c22q2,12207031250.0,12207031250.0,0.0,40,20
37,M0Q1,c22q3,13198852539.0625,13198852539.0625,0.0,44,19
37,M0Q1,c22q4,10337829589.84375,10337829589.84375,0.0,33,20
37,M0Q1,c23q0,12054443359.375,12054443359.375,0.0,38,25
37,M0Q1,c23q1,127677917480.46875,127677917480.46875,0.0,399,277
37,M0Q1,c23q2,158424377441.40625,158424377441.40625,0.0,493,351
37,M0Q1,c23q3,60615539550.78125,60615539550.78125,0.0,193,119
37,M0Q1,c23q4,32539367675.78125,32539367675.78125,0.0,81,143
37,M0Q1,c24q0,44364929199.21875,44364929199.21875,0.0,151,53
37,M0Q1,c24q1,32501220703.125,32501220703.125,0.0,96,90
37,M0Q1,c24q2,126228332519.53125,126228332519.53125,0.0,395,272
37,M0Q1,c24q3,61225891113.28125,61225891113.28125,0.0,181,169
37,M0Q1,c24q4,66604614257.8125,66604614257.8125,0.0,224,89
37,M0Q1,c25q0,94985961914.0625,94985961914.0625,0.0,290,230
37,M0Q1,c25q1,150375366210.9375,150375366210.9375,0.0,436,445
37,M0Q1,c25q2,260925292968.75,260925292968.75,0.0,732,858
37,M0Q1,c25q3,156936645507.8125,156936645507.8125,0.0,482,370
37,M0Q1,c25q4,88958740234.375,88958740234.375,0.0,206,445
37,M0Q1,c26q0,18348693847.65625,18348693847.65625,0.0,59,34
37,M0Q1,c26q1,101280212402.34375,101280212402.34375,0.0,263,407
37,M0Q1,c26q2,95787048339.84375,95787048339.84375,0.0,315,153
37,M0Q1,c26q3,69236755371.09375,69236755371.09375,0.0,199,211
37,M0Q1,c26q4,111656188964.84375,111656188964.84375,0.0,299,417
37,M0Q1,c27q0,953674316.40625,953674316.40625,0.0,3,2
37,M0Q1,c27q1,3128051757.8125,3128051757.8125,0.0,10,6
37,M0Q1,c27q2,13236999511.71875,13236999511.71875,0.0,43,23
37,M0Q1,c27q3,8850097656.25,8850097656.25,0.0,28,18
37,M0Q1,c27q4,7705688476.5625,7705688476.5625,0.0,26,10
37,M0Q1,c28q0,5798339843.75,5798339843.75,0.0,20,6
37,M0Q1,c28q1,172729492187.5,172729492187.5,0.0,530,409
37,M0Q1,c28q2,218620300292.96875,218620300292.96875,0.0,683,475
37,M0Q1,c28q3,512809753417.96875,512809753417.96875,0.0,1327,2077
37,M0Q1,c28q4,910606384277.3438,910606384277.3438,0.0,2663,2615
37,M0Q1,c29q0,54855346679.6875,54855346679.6875,0.0,104,355
37,M0Q1,c29q1,40283203125.0,40283203125.0,0.0,106,157
37,M0Q1,c29q2,242080688476.5625,242080688476.5625,0.0,720,653
37,M0Q1,c29q3,210876464843.75,210876464843.75,0.0,580,734
37,M0Q1,c29q4,30670166015.625,30670166015.625,0.0,102,45
37,M0Q1,c30q0,1678466796.875,1678466796.875,0.0,2,15
37,M0Q1,c30q1,9918212890.625,9918212890.625,0.0,30,25
37,M0Q1,c30q2,85334777832.03125,85334777832.03125,0.0,223,338
37,M0Q1,c30q3,240135192871.09375,240135192871.09375,0.0,703,687
37,M0Q1,c30q4,985145568847.6562,985145568847.6562,0.0,2409,4481
37,M0Q1,c31q0,1640319824.21875,1640319824.21875,0.0,5,4
37,M0Q1,c31q1,18272399902.34375,18272399902.34375,0.0,55,47
37,M0Q1,c31q2,42381286621.09375,42381286621.09375,0.0,125,118
37,M0Q1,c31q3,33149719238.28125,33149719238.28125,0.0,93,109
37,M0Q1,c31q4,29830932617.1875,29830932617.1875,0.0,102,34
37,M0Q1,c32q0,44097900390.625,44097900390.625,0.0,146,67
37,M0Q1,c32q1,213661193847.65625,213661193847.65625,0.0,587,746
37,M0Q1,c32q2,316352844238.28125,316352844238.28125,0.0,989,685
37,M0Q1,c32q3,489501953125.0,489501953125.0,0.0,1350,1691
37,M0Q1,c32q4,324440002441.40625,324440002441.40625,0.0,997,763
37,M0Q1,c33q0,1831054687.5,1831054687.5,0.0,6,3
37,M0Q1,c33q1,28877258300.78125,28877258300.78125,0.0,79,102
37,M0Q1,c33q2,25939941406.25,25939941406.25,0.0,58,137
37,M0Q1,c33q3,75492858886.71875,75492858886.71875,0.0,227,195
37,M0Q1,c33q4,51155090332.03125,51155090332.03125,0.0,147,156
37,M0Q1,c34q0,1296997070.3125,1296997070.3125,0.0,4,3
37,M0Q1,c34q1,38909912109.375,38909912109.375,0.0,142,13
37,M0Q1,c34q2,7820129394.53125,7820129394.53125,0.0,25,15
37,M0Q1,c34q3,33988952636.71875,33988952636.71875,0.0,113,50
37,M0Q1,c34q4,5645751953.125,5645751953.125,0.0,16,18
37,M0Q1,c35q0,7591247558.59375,7591247558.59375,0.0,13,54
37,M0Q1,c35q1,109634399414.0625,109634399414.0625,0.0,310,352
37,M0Q1,c35q2,68931579589.84375,68931579589.84375,0.0,213,158
37,M0Q1,c35q3,29220581054.6875,29220581054.6875,0.0,76,117
37,M0Q1,c35q4,41007995605.46875,41007995605.46875,0.0,133,72
37,M0Q1,c36q0,5607604980.46875,5607604980.46875,0.0,19,7
37,M0Q1,c36q1,39863586425.78125,39863586425.78125,0.0,89,211
37,M0Q1,c36q2,25177001953.125,25177001953.125,0.0,68,92
37,M0Q1,c36q3,43716430664.0625,43716430664.0625,0.0,124,139
37,M0Q1,c36q4,4692077636.71875,4692077636.71875,0.0,15,9
37,M0Q1,c37q0,11405944824.21875,11405944824.21875,0.0,37,20
37,M0Q1,c37q1,15602111816.40625,15602111816.40625,0.0,43,54
37,M0Q1,c37q2,135841369628.90625,135841369628.90625,0.0,415,328
37,M0Q1,c37q3,345001220703.125,345001220703.125,0.0,1102,665
37,M0Q1,c37q4,76408386230.46875,76408386230.46875,0.0,187,347
37,M0Q1,c38q0,20256042480.46875,20256042480.46875,0.0,59,59
37,M0Q1,c38q1,93193054199.21875,93193054199.21875,0.0,253,336
37,M0Q1,c38q2,311203002929.6875,311203002929.6875,0.0,948,761
37,M0Q1,c38q3,66261291503.90625,66261291503.90625,0.0,199,172
37,M0Q1,c38q4,127716064453.125,127716064453.125,0.0,342,477
37,M0Q1,c39q0,3626892415.505956,3852844238.28125,225951822.77529383,11,12
37,M0Q1,c39q1,10845119477.7384,10795593261.71875,-49526216.019649506,29,40
37,M0Q1,c39q2,109162350152.97339,109138488769.53125,-23861383.442138672,349,209
37,M0Q1,c39q3,125092230566.17603,125007629394.53125,-84601171.64477539,383,298
37,M0Q1,c39q4,37833465981.35625,37765502929.6875,-67963051.66874695,104,131
37,M1Q1,c00q0,610351562.5,610351562.5,0.0,2,1
37,M1Q1,c00q1,61035156250.0,61035156250.0,0.0,206,79
37,M1Q1,c00q2,298156738281.25,298156738281.25,0.0,930,653
37,M1Q1,c00q3,18920898437.5,18920898437.5,0.0,58,45
37,M1Q1,c00q4,36888122558.59375,36888122558.59375,0.0,107,109
37,M1Q1,c01q0,64086914062.5,64086914062.5,0.0,224,56
37,M1Q1,c01q1,64353942871.09375,64353942871.09375,0.0,213,98
37,M1Q1,c01q2,93498229980.46875,93498229980.46875,0.0,313,130
37,M1Q1,c01q3,161437988281.25,161437988281.25,0.0,514,317
37,M1Q1,c01q4,190925598144.53125,190925598144.53125,0.0,561,539
37,M1Q1,c02q0,686645507.8125,686645507.8125,0.0,2,2
37,M1Q1,c02q1,6637573242.1875,6637573242.1875,0.0,14,38
37,M1Q1,c02q2,30670166015.625,30670166015.625,0.0,78,129
37,M1Q1,c02q3,28305053710.9375,28305053710.9375,0.0,96,35
37,M1Q1,c02q4,32272338867.1875,32272338867.1875,0.0,102,66
37,M1Q1,c03q0,10604858398.4375,10604858398.4375,0.0,34,20
37,M1Q1,c03q1,87661743164.0625,87661743164.0625,0.0,242,302
37,M1Q1,c03q2,83694458007.8125,83694458007.8125,0.0,212,355
37,M1Q1,c03q3,190086364746.09375,190086364746.09375,0.0,549,570
37,M1Q1,c03q4,50544738769.53125,50544738769.53125,0.0,155,120
37,M1Q1,c04q0,686645507.8125,686645507.8125,0.0,2,2
37,M1Q1,c04q1,62866210937.5,62866210937.5,0.0,206,103
37,M1Q1,c04q2,35667419433.59375,35667419433.59375,0.0,119,51
37,M1Q1,c04q3,45051574707.03125,45051574707.03125,0.0,153,55
37,M1Q1,c04q4,9422302246.09375,9422302246.09375,0.0,33,8
37,M1Q1,c05q0,1716613769.53125,1716613769.53125,0.0,5,5
37,M1Q1,c05q1,7514953613.28125,7514953613.28125,0.0,17,39
37,M1Q1,c05q2,103912353515.625,103912353515.625,0.0,280,382
37,M1Q1,c05q3,79994201660.15625,79994201660.15625,0.0,231,240
37,M1Q1,c05q4,320053100585.9375,320053100585.9375,0.0,838,1262
37,M1Q1,c06q0,686645507.8125,686645507.8125,0.0,2,2
37,M1Q1,c06q1,3700256347.65625,3700256347.65625,0.0,13,3
37,M1Q1,c06q2,56724548339.84375,56724548339.84375,0.0,151,215
37,M1Q1,c06q3,144920349121.09375,144920349121.09375,0.0,479,223
37,M1Q1,c06q4,51383972167.96875,51383972167.96875,0.0,165,96
37,M1Q1,c07q0,6752014160.15625,6752014160.15625,0.0,23,8
37,M1Q1,c07q1,18348693847.65625,18348693847.65625,0.0,57,41
37,M1Q1,c07q2,56037902832.03125,56037902832.03125,0.0,141,241
37,M1Q1,c07q3,135192871093.75,135192871093.75,0.0,380,442
37,M1Q1,c07q4,15449523925.78125,15449523925.78125,0.0,51,24
37,M1Q1,c08q0,1296997070.3125,1296997070.3125,0.0,4,3
37,M1Q1,c08q1,1716613769.53125,1716613769.53125,0.0,5,5
37,M1Q1,c08q2,45242309570.3125,45242309570.3125,0.0,138,110
37,M1Q1,c08q3,91171264648.4375,91171264648.4375,0.0,258,292
37,M1Q1,c08q4,4119873046.875,4119873046.875,0.0,10,19
37,M1Q1,c09q0,6942749023.4375,6942749023.4375,0.0,8,63
37,M1Q1,c09q1,17814636230.46875,17814636230.46875,0.0,55,41
37,M1Q1,c09q2,26779174804.6875,26779174804.6875,0.0,58,148
37,M1Q1,c09q3,93727111816.40625,93727111816.40625,0.0,321,105
37,M1Q1,c09q4,2365112304.6875,2365112304.6875,0.0,6,10
37,M1Q1,c10q0,3776550292.96875,3776550292.96875,0.0,13,4
37,M1Q1,c10q1,55923461914.0625,55923461914.0625,0.0,166,152
37,M1Q1,c10q2,125694274902.34375,125694274902.34375,0.0,359,391
37,M1Q1,c10q3,22659301757.8125,22659301757.8125,0.0,74,38
37,M1Q1,c10q4,5302429199.21875,5302429199.21875,0.0,9,38
37,M1Q1,c11q0,686645507.8125,686645507.8125,0.0,2,2
37,M1Q1,c11q1,17204284667.96875,17204284667.96875,0.0,55,33
37,M1Q1,c11q2,155296325683.59375,155296325683.59375,0.0,509,254
37,M1Q1,c11q3,29182434082.03125,29182434082.03125,0.0,71,134
37,M1Q1,c11q4,4043579101.5625,4043579101.5625,0.0,14,4
37,M1Q1,c12q0,5226135253.90625,5226135253.90625,0.0,19,2
37,M1Q1,c12q1,199508666992.1875,199508666992.1875,0.0,520,795
37,M1Q1,c12q2,34408569335.9375,34408569335.9375,0.0,98,108
37,M1Q1,c12q3,226211547851.5625,226211547851.5625,0.0,634,746
37,M1Q1,c12q4,9460449218.75,9460449218.75,0.0,28,26
37,M1Q1,c13q0,1220703125.0,1220703125.0,0.0,4,2
37,M1Q1,c13q1,105056762695.3125,105056762695.3125,0.0,268,439
37,M1Q1,c13q2,70724487304.6875,70724487304.6875,0.0,182,290
37,M1Q1,c13q3,687789916992.1875,687789916992.1875,0.0,2026,1924
37,M1Q1,c13q4,174369812011.71875,174369812011.71875,0.0,491,567
37,M1Q1,c14q0,44326782226.5625,44326782226.5625,0.0,158,28
37,M1Q1,c14q1,235671997070.3125,235671997070.3125,0.0,726,548
37,M1Q1,c14q2,64430236816.40625,64430236816.40625,0.0,177,225
37,M1Q1,c14q3,338973999023.4375,338973999023.4375,0.0,1082,656
37,M1Q1,c14q4,17662048339.84375,17662048339.84375,0.0,51,53
37,M1Q1,c15q0,3700256347.65625,3700256347.65625,0.0,9,17
37,M1Q1,c15q1,61759948730.46875,61759948730.46875,0.0,187,155
37,M1Q1,c15q2,108757019042.96875,108757019042.96875,0.0,327,281
37,M1Q1,c15q3,26664733886.71875,26664733886.71875,0.0,85,52
37,M1Q1,c15q4,60081481933.59375,60081481933.59375,0.0,199,91
37,M1Q1,c16q0,6065368652.34375,6065368652.34375,0.0,9,48
37,M1Q1,c16q1,22811889648.4375,22811889648.4375,0.0,60,89
37,M1Q1,c16q2,81558227539.0625,81558227539.0625,0.0,250,194
37,M1Q1,c16q3,253791809082.03125,253791809082.03125,0.0,757,677
37,M1Q1,c16q4,22430419921.875,22430419921.875,0.0,60,84
37,M1Q1,c17q0,38909912109.375,38909912109.375,0.0,102,153
37,M1Q1,c17q1,69885253906.25,69885253906.25,0.0,226,125
37,M1Q1,c17q2,225791931152.34375,225791931152.34375,0.0,733,394
37,M1Q1,c17q3,128211975097.65625,128211975097.65625,0.0,321,557
37,M1Q1,c17q4,22163391113.28125,22163391113.28125,0.0,67,56
37,M1Q1,c18q0,4577636718.75,4577636718.75,0.0,12,18
37,M1Q1,c18q1,26550292968.75,26550292968.75,0.0,66,117
37,M1Q1,c18q2,102157592773.4375,102157592773.4375,0.0,314,240
37,M1Q1,c18q3,55007934570.3125,55007934570.3125,0.0,184,77
37,M1Q1,c18q4,13618469238.28125,13618469238.28125,0.0,19,112
37,M1Q1,c19q0,5264282226.5625,5264282226.5625,0.0,6,48
37,M1Q1,c19q1,19454956054.6875,19454956054.6875,0.0,60,45
37,M1Q1,c19q2,33264160156.25,33264160156.25,0.0,102,79
37,M1Q1,c19q3,41503906250.0,41503906250.0,0.0,94,215
37,M1Q1,c19q4,8239746093.75,8239746093.75,0.0,16,52
37,M1Q1,c20q0,3433227539.0625,3433227539.0625,0.0,10,10
37,M1Q1,c20q1,48294067382.8125,48294067382.8125,0.0,126,192
37,M1Q1,c20q2,37384033203.125,37384033203.125,0.0,118,77
37,M1Q1,c20q3,42877197265.625,42877197265.625,0.0,138,79
37,M1Q1,c20q4,23155212402.34375,23155212402.34375,0.0,75,41
37,M1Q1,c21q0,7133483886.71875,7133483886.71875,0.0,25,6
37,M1Q1,c21q1,15563964843.75,15563964843.75,0.0,46,43
37,M1Q1,c21q2,248451232910.15625,248451232910.15625,0.0,751,628
37,M1Q1,c21q3,63018798828.125,63018798828.125,0.0,180,196
37,M1Q1,c21q4,36735534667.96875,36735534667.96875,0.0,105,114
37,M1Q1,c22q0,0.0,0.0,0.0,0,0
37,M1Q1,c22q1,2517700195.3125,2517700195.3125,0.0,8,5
37,M1Q1,c22q2,12207031250.0,12207031250.0,0.0,40,20
37,M1Q1,c22q3,13198852539.0625,13198852539.0625,0.0,44,19
37,M1Q1,c22q4,10337829589.84375,10337829589.84375,0.0,33,20
37,M1Q1,c23q0,12054443359.375,12054443359.375,0.0,38,25
37,M1Q1,c23q1,127677917480.46875,127677917480.46875,0.0,399,277
37,M1Q1,c23q2,158424377441.40625,158424377441.40625,0.0,493,351
37,M1Q1,c23q3,60615539550.78125,60615539550.78125,0.0,193,119
37,M1Q1,c23q4,32539367675.78125,32539367675.78125,0.0,81,143
37,M1Q1,c24q0,44364929199.21875,44364929199.21875,0.0,151,53
37,M1Q1,c24q1,32501220703.125,32501220703.125,0.0,96,90
37,M1Q1,c24q2,126228332519.53125,126228332519.53125,0.0,395,272
37,M1Q1,c24q3,61225891113.28125,61225891113.28125,0.0,181,169
37,M1Q1,c24q4,66604614257.8125,66604614257.8125,0.0,224,89
37,M1Q1,c25q0,94985961914.0625,94985961914.0625,0.0,290,230
37,M1Q1,c25q1,150375366210.9375,150375366210.9375,0.0,436,445
37,M1Q1,c25q2,260925292968.75,260925292968.75,0.0,732,858
37,M1Q1,c25q3,156936645507.8125,156936645507.8125,0.0,482,370
37,M1Q1,c25q4,88958740234.375,88958740234.375,0.0,206,445
37,M1Q1,c26q0,18348693847.65625,18348693847.65625,0.0,59,34
37,M1Q1,c26q1,101280212402.34375,101280212402.34375,0.0,263,407
37,M1Q1,c26q2,95787048339.84375,95787048339.84375,0.0,315,153
37,M1Q1,c26q3,69236755371.09375,69236755371.09375,0.0,199,211
37,M1Q1,c26q4,111656188964.84375,111656188964.84375,0.0,299,417
37,M1Q1,c27q0,953674316.40625,953674316.40625,0.0,3,2
37,M1Q1,c27q1,3128051757.8125,3128051757.8125,0.0,10,6
37,M1Q1,c27q2,13236999511.71875,13236999511.71875,0.0,43,23
37,M1Q1,c27q3,8850097656.25,8850097656.25,0.0,28,18
37,M1Q1,c27q4,7705688476.5625,7705688476.5625,0.0,26,10
37,M1Q1,c28q0,5798339843.75,5798339843.75,0.0,20,6
37,M1Q1,c28q1,172729492187.5,172729492187.5,0.0,530,409
37,M1Q1,c28q2,218620300292.96875,218620300292.96875,0.0,683,475
37,M1Q1,c28q3,512809753417.96875,512809753417.96875,0.0,1327,2077
37,M1Q1,c28q4,910606384277.3438,910606384277.3438,0.0,2663,2615
37,M1Q1,c29q0,54855346679.6875,54855346679.6875,0.0,104,355
37,M1Q1,c29q1,40283203125.0,40283203125.0,0.0,106,157
37,M1Q1,c29q2,242080688476.5625,242080688476.5625,0.0,720,653
37,M1Q1,c29q3,210876464843.75,210876464843.75,0.0,580,734
37,M1Q1,c29q4,30670166015.625,30670166015.625,0.0,102,45
37,M1Q1,c30q0,1678466796.875,1678466796.875,0.0,2,15
37,M1Q1,c30q1,9918212890.625,9918212890.625,0.0,30,25
37,M1Q1,c30q2,85334777832.03125,85334777832.03125,0.0,223,338
37,M1Q1,c30q3,240135192871.09375,240135192871.09375,0.0,703,687
37,M1Q1,c30q4,985145568847.6562,985145568847.6562,0.0,2409,4481
37,M1Q1,c31q0,1640319824.21875,1640319824.21875,0.0,5,4
37,M1Q1,c31q1,18272399902.34375,18272399902.34375,0.0,55,47
37,M1Q1,c31q2,42381286621.09375,42381286621.09375,0.0,125,118
37,M1Q1,c31q3,33149719238.28125,33149719238.28125,0.0,93,109
37,M1Q1,c31q4,29830932617.1875,29830932617.1875,0.0,102,34
37,M1Q1,c32q0,44097900390.625,44097900390.625,0.0,146,67
37,M1Q1,c32q1,213661193847.65625,213661193847.65625,0.0,587,746
37,M1Q1,c32q2,316352844238.28125,316352844238.28125,0.0,989,685
37,M1Q1,c32q3,489501953125.0,489501953125.0,0.0,1350,1691
37,M1Q1,c32q4,324440002441.40625,324440002441.40625,0.0,997,763
37,M1Q1,c33q0,1831054687.5,1831054687.5,0.0,6,3
37,M1Q1,c33q1,28877258300.78125,28877258300.78125,0.0,79,102
37,M1Q1,c33q2,25939941406.25,25939941406.25,0.0,58,137
37,M1Q1,c33q3,75492858886.71875,75492858886.71875,0.0,227,195
37,M1Q1,c33q4,51155090332.03125,51155090332.03125,0.0,147,156
37,M1Q1,c34q0,1296997070.3125,1296997070.3125,0.0,4,3
37,M1Q1,c34q1,38909912109.375,38909912109.375,0.0,142,13
37,M1Q1,c34q2,7820129394.53125,7820129394.53125,0.0,25,15
37,M1Q1,c34q3,33988952636.71875,33988952636.71875,0.0,113,50
37,M1Q1,c34q4,5645751953.125,5645751953.125,0.0,16,18
37,M1Q1,c35q0,7591247558.59375,7591247558.59375,0.0,13,54
37,M1Q1,c35q1,109634399414.0625,109634399414.0625,0.0,310,352
37,M1Q1,c35q2,68931579589.84375,68931579589.84375,0.0,213,158
37,M1Q1,c35q3,29220581054.6875,29220581054.6875,0.0,76,117
37,M1Q1,c35q4,41007995605.46875,41007995605.46875,0.0,133,72
37,M1Q1,c36q0,5607604980.46875,5607604980.46875,0.0,19,7
37,M1Q1,c36q1,39863586425.78125,39863586425.78125,0.0,89,211
37,M1Q1,c36q2,25177001953.125,25177001953.125,0.0,68,92
37,M1Q1,c36q3,43716430664.0625,43716430664.0625,0.0,124,139
37,M1Q1,c36q4,4692077636.71875,4692077636.71875,0.0,15,9
37,M1Q1,c37q0,10998589651.925224,11062622070.3125,64032418.387275696,36,19
37,M1Q1,c37q1,15044893537.248884,14915466308.59375,-129427228.6551342,41,52
37,M1Q1,c37q2,130989892142.15959,131034851074.21875,44958932.059158325,401,314
37,M1Q1,c37q3,332679748535.15625,332641601562.5,-38146972.65625,1066,629
37,M1Q1,c37q4,73679515293.66629,73661804199.21875,-17711094.447540283,179,339
37,M1Q1,c38q0,20256042480.46875,20256042480.46875,0.0,59,59
37,M1Q1,c38q1,93193054199.21875,93193054199.21875,0.0,253,336
37,M1Q1,c38q2,311203002929.6875,311203002929.6875,0.0,948,761
37,M1Q1,c38q3,66261291503.90625,66261291503.90625,0.0,199,172
37,M1Q1,c38q4,127716064453.125,127716064453.125,0.0,342,477
37,M1Q1,c39q0,3890991210.9375,3852844238.28125,-38146972.65625,11,12
37,M1Q1,c39q1,11634826660.15625,11825561523.4375,190734863.28125,32,43
37,M1Q1,c39q2,117111206054.6875,117034912109.375,-76293945.3125,372,232
37,M1Q1,c39q3,134201049804.68752,134277343750.0,76293945.31248474,410,325
37,M1Q1,c39q4,40588378906.25,40512084960.9375,-76293945.3125,112,139
14,M0Q0,c00q0,610351562.5,610351562.5,0.0,2,1
14,M0Q0,c00q1,61035156250.0,61035156250.0,0.0,206,79
14,M0Q0,c00q2,298156738281.25,298156738281.25,0.0,930,653
14,M0Q0,c00q3,18920898437.5,18920898437.5,0.0,58,45
14,M0Q0,c00q4,36888122558.59375,36888122558.59375,0.0,107,109
14,M0Q0,c01q0,64086914062.5,64086914062.5,0.0,224,56
14,M0Q0,c01q1,64353942871.09375,64353942871.09375,0.0,213,98
14,M0Q0,c01q2,93498229980.46875,93498229980.46875,0.0,313,130
14,M0Q0,c01q3,161437988281.25,161437988281.25,0.0,514,317
14,M0Q0,c01q4,190925598144.53125,190925598144.53125,0.0,561,539
14,M0Q0,c02q0,686645507.8125,686645507.8125,0.0,2,2
14,M0Q0,c02q1,6637573242.1875,6637573242.1875,0.0,14,38
14,M0Q0,c02q2,30670166015.625,30670166015.625,0.0,78,129
14,M0Q0,c02q3,28305053710.9375,28305053710.9375,0.0,96,35
14,M0Q0,c02q4,32272338867.1875,32272338867.1875,0.0,102,66
14,M0Q0,c03q0,10604858398.4375,10604858398.4375,0.0,34,20
14,M0Q0,c03q1,87661743164.0625,87661743164.0625,0.0,242,302
14,M0Q0,c03q2,83694458007.8125,83694458007.8125,0.0,212,355
14,M0Q0,c03q3,190086364746.09375,190086364746.09375,0.0,549,570
14,M0Q0,c03q4,50544738769.53125,50544738769.53125,0.0,155,120
14,M0Q0,c04q0,686645507.8125,686645507.8125,0.0,2,2
14,M0Q0,c04q1,62866210937.5,62866210937.5,0.0,206,103
14,M0Q0,c04q2,35667419433.59375,35667419433.59375,0.0,119,51
14,M0Q0,c04q3,45051574707.03125,45051574707.03125,0.0,153,55
14,M0Q0,c04q4,9422302246.09375,9422302246.09375,0.0,33,8
14,M0Q0,c05q0,1716613769.53125,1716613769.53125,0.0,5,5
14,M0Q0,c05q1,7514953613.28125,7514953613.28125,0.0,17,39
14,M0Q0,c05q2,103912353515.625,103912353515.625,0.0,280,382
14,M0Q0,c05q3,79994201660.15625,79994201660.15625,0.0,231,240
14,M0Q0,c05q4,320053100585.9375,320053100585.9375,0.0,838,1262
14,M0Q0,c06q0,686645507.8125,686645507.8125,0.0,2,2
14,M0Q0,c06q1,3700256347.65625,3700256347.65625,0.0,13,3
14,M0Q0,c06q2,56724548339.84375,56724548339.84375,0.0,151,215
14,M0Q0,c06q3,144920349121.09375,144920349121.09375,0.0,479,223
14,M0Q0,c06q4,51383972167.96875,51383972167.96875,0.0,165,96
14,M0Q0,c07q0,6752014160.15625,6752014160.15625,0.0,23,8
14,M0Q0,c07q1,18348693847.65625,18348693847.65625,0.0,57,41
14,M0Q0,c07q2,56037902832.03125,56037902832.03125,0.0,141,241
14,M0Q0,c07q3,135192871093.75,135192871093.75,0.0,380,442
14,M0Q0,c07q4,15449523925.78125,15449523925.78125,0.0,51,24
14,M0Q0,c08q0,1296997070.3125,1296997070.3125,0.0,4,3
14,M0Q0,c08q1,1716613769.53125,1716613769.53125,0.0,5,5
14,M0Q0,c08q2,45242309570.3125,45242309570.3125,0.0,138,110
14,M0Q0,c08q3,91171264648.4375,91171264648.4375,0.0,258,292
14,M0Q0,c08q4,4119873046.875,4119873046.875,0.0,10,19
14,M0Q0,c09q0,6942749023.4375,6942749023.4375,0.0,8,63
14,M0Q0,c09q1,17814636230.46875,17814636230.46875,0.0,55,41
14,M0Q0,c09q2,26779174804.6875,26779174804.6875,0.0,58,148
14,M0Q0,c09q3,93727111816.40625,93727111816.40625,0.0,321,105
14,M0Q0,c09q4,2365112304.6875,2365112304.6875,0.0,6,10
14,M0Q0,c10q0,3776550292.96875,3776550292.96875,0.0,13,4
14,M0Q0,c10q1,55923461914.0625,55923461914.0625,0.0,166,152
14,M0Q0,c10q2,125694274902.34375,125694274902.34375,0.0,359,391
14,M0Q0,c10q3,22659301757.8125,22659301757.8125,0.0,74,38
14,M0Q0,c10q4,5302429199.21875,5302429199.21875,0.0,9,38
14,M0Q0,c11q0,686645507.8125,686645507.8125,0.0,2,2
14,M0Q0,c11q1,17204284667.96875,17204284667.96875,0.0,55,33
14,M0Q0,c11q2,155296325683.59375,155296325683.59375,0.0,509,254
14,M0Q0,c11q3,29182434082.03125,29182434082.03125,0.0,71,134
14,M0Q0,c11q4,4043579101.5625,4043579101.5625,0.0,14,4
14,M0Q0,c12q0,5226135253.90625,5226135253.90625,0.0,19,2
14,M0Q0,c12q1,199508666992.1875,199508666992.1875,0.0,520,795
14,M0Q0,c12q2,34408569335.9375,34408569335.9375,0.0,98,108
14,M0Q0,c12q3,226211547851.5625,226211547851.5625,0.0,634,746
14,M0Q0,c12q4,9460449218.75,9460449218.75,0.0,28,26
14,M0Q0,c13q0,1220703125.0,1220703125.0,0.0,4,2
14,M0Q0,c13q1,105056762695.3125,105056762695.3125,0.0,268,439
14,M0Q0,c13q2,70724487304.6875,70724487304.6875,0.0,182,290
14,M0Q0,c13q3,687789916992.1875,687789916992.1875,0.0,2026,1924
14,M0Q0,c13q4,174369812011.71875,174369812011.71875,0.0,491,567
14,M0Q0,c14q0,44326782226.5625,44326782226.5625,0.0,158,28
14,M0Q0,c14q1,235671997070.3125,235671997070.3125,0.0,726,548
14,M0Q0,c14q2,64430236816.40625,64430236816.40625,0.0,177,225
14,M0Q0,c14q3,338973999023.4375,338973999023.4375,0.0,1082,656
14,M0Q0,c14q4,17662048339.84375,17662048339.84375,0.0,51,53
14,M0Q0,c15q0,3700256347.65625,3700256347.65625,0.0,9,17
14,M0Q0,c15q1,61759948730.46875,61759948730.46875,0.0,187,155
14,M0Q0,c15q2,108757019042.96875,108757019042.96875,0.0,327,281
14,M0Q0,c15q3,26664733886.71875,26664733886.71875,0.0,85,52
14,M0Q0,c15q4,60081481933.59375,60081481933.59375,0.0,199,91
14,M0Q0,c16q0,6065368652.34375,6065368652.34375,0.0,9,48
14,M0Q0,c16q1,22811889648.4375,22811889648.4375,0.0,60,89
14,M0Q0,c16q2,81558227539.0625,81558227539.0625,0.0,250,194
14,M0Q0,c16q3,253791809082.03125,253791809082.03125,0.0,757,677
14,M0Q0,c16q4,22430419921.875,22430419921.875,0.0,60,84
14,M0Q0,c17q0,38909912109.375,38909912109.375,0.0,102,153
14,M0Q0,c17q1,69885253906.25,69885253906.25,0.0,226,125
14,M0Q0,c17q2,225791931152.34375,225791931152.34375,0.0,733,394
14,M0Q0,c17q3,128211975097.65625,128211975097.65625,0.0,321,557
14,M0Q0,c17q4,22163391113.28125,22163391113.28125,0.0,67,56
14,M0Q0,c18q0,4577636718.75,4577636718.75,0.0,12,18
14,M0Q0,c18q1,26550292968.75,26550292968.75,0.0,66,117
14,M0Q0,c18q2,102157592773.4375,102157592773.4375,0.0,314,240
14,M0Q0,c18q3,55007934570.3125,55007934570.3125,0.0,184,77
14,M0Q0,c18q4,13618469238.28125,13618469238.28125,0.0,19,112
14,M0Q0,c19q0,5264282226.5625,5264282226.5625,0.0,6,48
14,M0Q0,c19q1,19454956054.6875,19454956054.6875,0.0,60,45
14,M0Q0,c19q2,33264160156.25,33264160156.25,0.0,102,79
14,M0Q0,c19q3,41503906250.0,41503906250.0,0.0,94,215
14,M0Q0,c19q4,8239746093.75,8239746093.75,0.0,16,52
14,M0Q0,c20q0,3433227539.0625,3433227539.0625,0.0,10,10
14,M0Q0,c20q1,48294067382.8125,48294067382.8125,0.0,126,192
14,M0Q0,c20q2,37384033203.125,37384033203.125,0.0,118,77
14,M0Q0,c20q3,42877197265.625,42877197265.625,0.0,138,79
14,M0Q0,c20q4,23155212402.34375,23155212402.34375,0.0,75,41
14,M0Q0,c21q0,7133483886.71875,7133483886.71875,0.0,25,6
14,M0Q0,c21q1,15563964843.75,15563964843.75,0.0,46,43
14,M0Q0,c21q2,248451232910.15625,248451232910.15625,0.0,751,628
14,M0Q0,c21q3,63018798828.125,63018798828.125,0.0,180,196
14,M0Q0,c21q4,36735534667.96875,36735534667.96875,0.0,105,114
14,M0Q0,c22q0,0.0,0.0,0.0,0,0
14,M0Q0,c22q1,2517700195.3125,2517700195.3125,0.0,8,5
14,M0Q0,c22q2,12207031250.0,12207031250.0,0.0,40,20
14,M0Q0,c22q3,13198852539.0625,13198852539.0625,0.0,44,19
14,M0Q0,c22q4,10337829589.84375,10337829589.84375,0.0,33,20
14,M0Q0,c23q0,12054443359.375,12054443359.375,0.0,38,25
14,M0Q0,c23q1,127677917480.46875,127677917480.46875,0.0,399,277
14,M0Q0,c23q2,158424377441.40625,158424377441.40625,0.0,493,351
14,M0Q0,c23q3,60615539550.78125,60615539550.78125,0.0,193,119
14,M0Q0,c23q4,32539367675.78125,32539367675.78125,0.0,81,143
14,M0Q0,c24q0,44364929199.21875,44364929199.21875,0.0,151,53
14,M0Q0,c24q1,32501220703.125,32501220703.125,0.0,96,90
14,M0Q0,c24q2,126228332519.53125,126228332519.53125,0.0,395,272
14,M0Q0,c24q3,61225891113.28125,61225891113.28125,0.0,181,169
14,M0Q0,c24q4,66604614257.8125,66604614257.8125,0.0,224,89
14,M0Q0,c25q0,94985961914.0625,94985961914.0625,0.0,290,230
14,M0Q0,c25q1,150375366210.9375,150375366210.9375,0.0,436,445
14,M0Q0,c25q2,260925292968.75,260925292968.75,0.0,732,858
14,M0Q0,c25q3,156936645507.8125,156936645507.8125,0.0,482,370
14,M0Q0,c25q4,88958740234.375,88958740234.375,0.0,206,445
14,M0Q0,c26q0,18348693847.65625,18348693847.65625,0.0,59,34
14,M0Q0,c26q1,101280212402.34375,101280212402.34375,0.0,263,407
14,M0Q0,c26q2,95787048339.84375,95787048339.84375,0.0,315,153
14,M0Q0,c26q3,69236755371.09375,69236755371.09375,0.0,199,211
14,M0Q0,c26q4,111656188964.84375,111656188964.84375,0.0,299,417
14,M0Q0,c27q0,953674316.40625,953674316.40625,0.0,3,2
14,M0Q0,c27q1,3128051757.8125,3128051757.8125,0.0,10,6
14,M0Q0,c27q2,13236999511.71875,13236999511.71875,0.0,43,23
14,M0Q0,c27q3,8850097656.25,8850097656.25,0.0,28,18
14,M0Q0,c27q4,7705688476.5625,7705688476.5625,0.0,26,10
14,M0Q0,c28q0,5798339843.75,5798339843.75,0.0,20,6
14,M0Q0,c28q1,172729492187.5,172729492187.5,0.0,530,409
14,M0Q0,c28q2,218620300292.96875,218620300292.96875,0.0,683,475
14,M0Q0,c28q3,512809753417.96875,512809753417.96875,0.0,1327,2077
14,M0Q0,c28q4,910606384277.3438,910606384277.3438,0.0,2663,2615
14,M0Q0,c29q0,54855346679.6875,54855346679.6875,0.0,104,355
14,M0Q0,c29q1,40283203125.0,40283203125.0,0.0,106,157
14,M0Q0,c29q2,242080688476.5625,242080688476.5625,0.0,720,653
14,M0Q0,c29q3,210876464843.75,210876464843.75,0.0,580,734
14,M0Q0,c29q4,30670166015.625,30670166015.625,0.0,102,45
14,M0Q0,c30q0,1678466796.875,1678466796.875,0.0,2,15
14,M0Q0,c30q1,9918212890.625,9918212890.625,0.0,30,25
14,M0Q0,c30q2,85334777832.03125,85334777832.03125,0.0,223,338
14,M0Q0,c30q3,240135192871.09375,240135192871.09375,0.0,703,687
14,M0Q0,c30q4,985145568847.6562,985145568847.6562,0.0,2409,4481
14,M0Q0,c31q0,1640319824.21875,1640319824.21875,0.0,5,4
14,M0Q0,c31q1,18272399902.34375,18272399902.34375,0.0,55,47
14,M0Q0,c31q2,42381286621.09375,42381286621.09375,0.0,125,118
14,M0Q0,c31q3,33149719238.28125,33149719238.28125,0.0,93,109
14,M0Q0,c31q4,29830932617.1875,29830932617.1875,0.0,102,34
14,M0Q0,c32q0,44097900390.625,44097900390.625,0.0,146,67
14,M0Q0,c32q1,213661193847.65625,213661193847.65625,0.0,587,746
14,M0Q0,c32q2,316352844238.28125,316352844238.28125,0.0,989,685
14,M0Q0,c32q3,489501953125.0,489501953125.0,0.0,1350,1691
14,M0Q0,c32q4,324440002441.40625,324440002441.40625,0.0,997,763
14,M0Q0,c33q0,1831054687.5,1831054687.5,0.0,6,3
14,M0Q0,c33q1,28877258300.78125,28877258300.78125,0.0,79,102
14,M0Q0,c33q2,25939941406.25,25939941406.25,0.0,58,137
14,M0Q0,c33q3,75492858886.71875,75492858886.71875,0.0,227,195
14,M0Q0,c33q4,51155090332.03125,51155090332.03125,0.0,147,156
14,M0Q0,c34q0,1296997070.3125,1296997070.3125,0.0,4,3
14,M0Q0,c34q1,38909912109.375,38909912109.375,0.0,142,13
14,M0Q0,c34q2,7820129394.53125,7820129394.53125,0.0,25,15
14,M0Q0,c34q3,33988952636.71875,33988952636.71875,0.0,113,50
14,M0Q0,c34q4,5645751953.125,5645751953.125,0.0,16,18
14,M0Q0,c35q0,7591247558.59375,7591247558.59375,0.0,13,54
14,M0Q0,c35q1,109634399414.0625,109634399414.0625,0.0,310,352
14,M0Q0,c35q2,68931579589.84375,68931579589.84375,0.0,213,158
14,M0Q0,c35q3,29220581054.6875,29220581054.6875,0.0,76,117
14,M0Q0,c35q4,41007995605.46875,41007995605.46875,0.0,133,72
14,M0Q0,c36q0,5607604980.46875,5607604980.46875,0.0,19,7
14,M0Q0,c36q1,39863586425.78125,39863586425.78125,0.0,89,211
14,M0Q0,c36q2,25177001953.125,25177001953.125,0.0,68,92
14,M0Q0,c36q3,43716430664.0625,43716430664.0625,0.0,124,139
14,M0Q0,c36q4,4692077636.71875,4692077636.71875,0.0,15,9
14,M0Q0,c37q0,11405944824.21875,11405944824.21875,0.0,37,20
14,M0Q0,c37q1,15602111816.40625,15602111816.40625,0.0,43,54
14,M0Q0,c37q2,135841369628.90625,135841369628.90625,0.0,415,328
14,M0Q0,c37q3,345001220703.125,345001220703.125,0.0,1102,665
14,M0Q0,c37q4,76408386230.46875,76408386230.46875,0.0,187,347
14,M0Q0,c38q0,20256042480.46875,20256042480.46875,0.0,59,59
14,M0Q0,c38q1,93193054199.21875,93193054199.21875,0.0,253,336
14,M0Q0,c38q2,311203002929.6875,311203002929.6875,0.0,948,761
14,M0Q0,c38q3,66261291503.90625,66261291503.90625,0.0,199,172
14,M0Q0,c38q4,127716064453.125,127716064453.125,0.0,342,477
14,M0Q0,c39q0,2822875976.5625,2822875976.5625,0.0,8,9
14,M0Q0,c39q1,14572143554.6875,14572143554.6875,0.0,40,51
14,M0Q0,c39q2,120811462402.34375,120811462402.34375,0.0,383,243
14,M0Q0,c39q3,116081237792.96875,116081237792.96875,0.0,357,272
14,M0Q0,c39q4,32272338867.1875,32272338867.1875,0.0,88,115
14,M1Q0,c00q0,610351562.5,610351562.5,0.0,2,1
14,M1Q0,c00q1,61035156250.0,61035156250.0,0.0,206,79
14,M1Q0,c00q2,298156738281.25,298156738281.25,0.0,930,653
14,M1Q0,c00q3,18920898437.5,18920898437.5,0.0,58,45
14,M1Q0,c00q4,36888122558.59375,36888122558.59375,0.0,107,109
14,M1Q0,c01q0,64086914062.5,64086914062.5,0.0,224,56
14,M1Q0,c01q1,64353942871.09375,64353942871.09375,0.0,213,98
14,M1Q0,c01q2,93498229980.46875,93498229980.46875,0.0,313,130
14,M1Q0,c01q3,161437988281.25,161437988281.25,0.0,514,317
14,M1Q0,c01q4,190925598144.53125,190925598144.53125,0.0,561,539
14,M1Q0,c02q0,686645507.8125,686645507.8125,0.0,2,2
14,M1Q0,c02q1,6637573242.1875,6637573242.1875,0.0,14,38
14,M1Q0,c02q2,30670166015.625,30670166015.625,0.0,78,129
14,M1Q0,c02q3,28305053710.9375,28305053710.9375,0.0,96,35
14,M1Q0,c02q4,32272338867.1875,32272338867.1875,0.0,102,66
14,M1Q0,c03q0,10604858398.4375,10604858398.4375,0.0,34,20
14,M1Q0,c03q1,87661743164.0625,87661743164.0625,0.0,242,302
14,M1Q0,c03q2,83694458007.8125,83694458007.8125,0.0,212,355
14,M1Q0,c03q3,190086364746.09375,190086364746.09375,0.0,549,570
14,M1Q0,c03q4,50544738769.53125,50544738769.53125,0.0,155,120
14,M1Q0,c04q0,686645507.8125,686645507.8125,0.0,2,2
14,M1Q0,c04q1,62866210937.5,62866210937.5,0.0,206,103
14,M1Q0,c04q2,35667419433.59375,35667419433.59375,0.0,119,51
14,M1Q0,c04q3,45051574707.03125,45051574707.03125,0.0,153,55
14,M1Q0,c04q4,9422302246.09375,9422302246.09375,0.0,33,8
14,M1Q0,c05q0,1716613769.53125,1716613769.53125,0.0,5,5
14,M1Q0,c05q1,7514953613.28125,7514953613.28125,0.0,17,39
14,M1Q0,c05q2,103912353515.625,103912353515.625,0.0,280,382
14,M1Q0,c05q3,79994201660.15625,79994201660.15625,0.0,231,240
14,M1Q0,c05q4,320053100585.9375,320053100585.9375,0.0,838,1262
14,M1Q0,c06q0,686645507.8125,686645507.8125,0.0,2,2
14,M1Q0,c06q1,3700256347.65625,3700256347.65625,0.0,13,3
14,M1Q0,c06q2,56724548339.84375,56724548339.84375,0.0,151,215
14,M1Q0,c06q3,144920349121.09375,144920349121.09375,0.0,479,223
14,M1Q0,c06q4,51383972167.96875,51383972167.96875,0.0,165,96
14,M1Q0,c07q0,6752014160.15625,6752014160.15625,0.0,23,8
14,M1Q0,c07q1,18348693847.65625,18348693847.65625,0.0,57,41
14,M1Q0,c07q2,56037902832.03125,56037902832.03125,0.0,141,241
14,M1Q0,c07q3,135192871093.75,135192871093.75,0.0,380,442
14,M1Q0,c07q4,15449523925.78125,15449523925.78125,0.0,51,24
14,M1Q0,c08q0,1296997070.3125,1296997070.3125,0.0,4,3
14,M1Q0,c08q1,1716613769.53125,1716613769.53125,0.0,5,5
14,M1Q0,c08q2,45242309570.3125,45242309570.3125,0.0,138,110
14,M1Q0,c08q3,91171264648.4375,91171264648.4375,0.0,258,292
14,M1Q0,c08q4,4119873046.875,4119873046.875,0.0,10,19
14,M1Q0,c09q0,6942749023.4375,6942749023.4375,0.0,8,63
14,M1Q0,c09q1,17814636230.46875,17814636230.46875,0.0,55,41
14,M1Q0,c09q2,26779174804.6875,26779174804.6875,0.0,58,148
14,M1Q0,c09q3,93727111816.40625,93727111816.40625,0.0,321,105
14,M1Q0,c09q4,2365112304.6875,2365112304.6875,0.0,6,10
14,M1Q0,c10q0,3776550292.96875,3776550292.96875,0.0,13,4
14,M1Q0,c10q1,55923461914.0625,55923461914.0625,0.0,166,152
14,M1Q0,c10q2,125694274902.34375,125694274902.34375,0.0,359,391
14,M1Q0,c10q3,22659301757.8125,22659301757.8125,0.0,74,38
14,M1Q0,c10q4,5302429199.21875,5302429199.21875,0.0,9,38
14,M1Q0,c11q0,686645507.8125,686645507.8125,0.0,2,2
14,M1Q0,c11q1,17204284667.96875,17204284667.96875,0.0,55,33
14,M1Q0,c11q2,155296325683.59375,155296325683.59375,0.0,509,254
14,M1Q0,c11q3,29182434082.03125,29182434082.03125,0.0,71,134
14,M1Q0,c11q4,4043579101.5625,4043579101.5625,0.0,14,4
14,M1Q0,c12q0,5226135253.90625,5226135253.90625,0.0,19,2
14,M1Q0,c12q1,199508666992.1875,199508666992.1875,0.0,520,795
14,M1Q0,c12q2,34408569335.9375,34408569335.9375,0.0,98,108
14,M1Q0,c12q3,226211547851.5625,226211547851.5625,0.0,634,746
14,M1Q0,c12q4,9460449218.75,9460449218.75,0.0,28,26
14,M1Q0,c13q0,1220703125.0,1220703125.0,0.0,4,2
14,M1Q0,c13q1,105056762695.3125,105056762695.3125,0.0,268,439
14,M1Q0,c13q2,70724487304.6875,70724487304.6875,0.0,182,290
14,M1Q0,c13q3,687789916992.1875,687789916992.1875,0.0,2026,1924
14,M1Q0,c13q4,174369812011.71875,174369812011.71875,0.0,491,567
14,M1Q0,c14q0,43007446614.5302,42953491210.9375,-53955403.59269714,154,24
14,M1Q0,c14q1,228657491552.98413,228805541992.1875,148050439.20336914,706,528
14,M1Q0,c14q2,62512545036.09424,62370300292.96875,-142244743.12548828,171,219
14,M1Q0,c14q3,328884828413.69653,329017639160.15625,132810746.4597168,1053,627
14,M1Q0,c14q4,17136357816.288712,16975402832.03125,-160954984.25746155,49,51
14,M1Q0,c15q0,3700256347.65625,3700256347.65625,0.0,9,17
14,M1Q0,c15q1,61759948730.46875,61759948730.46875,0.0,187,155
14,M1Q0,c15q2,108757019042.96875,108757019042.96875,0.0,327,281
14,M1Q0,c15q3,26664733886.71875,26664733886.71875,0.0,85,52
14,M1Q0,c15q4,60081481933.59375,60081481933.59375,0.0,199,91
14,M1Q0,c16q0,6065368652.34375,6065368652.34375,0.0,9,48
14,M1Q0,c16q1,22811889648.4375,22811889648.4375,0.0,60,89
14,M1Q0,c16q2,81558227539.0625,81558227539.0625,0.0,250,194
14,M1Q0,c16q3,253791809082.03125,253791809082.03125,0.0,757,677
14,M1Q0,c16q4,22430419921.875,22430419921.875,0.0,60,84
14,M1Q0,c17q0,38909912109.375,38909912109.375,0.0,102,153
14,M1Q0,c17q1,69885253906.25,69885253906.25,0.0,226,125
14,M1Q0,c17q2,225791931152.34375,225791931152.34375,0.0,733,394
14,M1Q0,c17q3,128211975097.65625,128211975097.65625,0.0,321,557
14,M1Q0,c17q4,22163391113.28125,22163391113.28125,0.0,67,56
14,M1Q0,c18q0,4577636718.75,4577636718.75,0.0,12,18
14,M1Q0,c18q1,26550292968.75,26550292968.75,0.0,66,117
14,M1Q0,c18q2,102157592773.4375,102157592773.4375,0.0,314,240
14,M1Q0,c18q3,55007934570.3125,55007934570.3125,0.0,184,77
14,M1Q0,c18q4,13618469238.28125,13618469238.28125,0.0,19,112
14,M1Q0,c19q0,5264282226.5625,5264282226.5625,0.0,6,48
14,M1Q0,c19q1,19454956054.6875,19454956054.6875,0.0,60,45
14,M1Q0,c19q2,33264160156.25,33264160156.25,0.0,102,79
14,M1Q0,c19q3,41503906250.0,41503906250.0,0.0,94,215
14,M1Q0,c19q4,8239746093.75,8239746093.75,0.0,16,52
14,M1Q0,c20q0,3433227539.0625,3433227539.0625,0.0,10,10
14,M1Q0,c20q1,48294067382.8125,48294067382.8125,0.0,126,192
14,M1Q0,c20q2,37384033203.125,37384033203.125,0.0,118,77
14,M1Q0,c20q3,42877197265.625,42877197265.625,0.0,138,79
14,M1Q0,c20q4,23155212402.34375,23155212402.34375,0.0,75,41
14,M1Q0,c21q0,7133483886.71875,7133483886.71875,0.0,25,6
14,M1Q0,c21q1,15563964843.75,15563964843.75,0.0,46,43
14,M1Q0,c21q2,248451232910.15625,248451232910.15625,0.0,751,628
14,M1Q0,c21q3,63018798828.125,63018798828.125,0.0,180,196
14,M1Q0,c21q4,36735534667.96875,36735534667.96875,0.0,105,114
14,M1Q0,c22q0,0.0,0.0,0.0,0,0
14,M1Q0,c22q1,2517700195.3125,2517700195.3125,0.0,8,5
14,M1Q0,c22q2,12207031250.0,12207031250.0,0.0,40,20
14,M1Q0,c22q3,13198852539.0625,13198852539.0625,0.0,44,19
14,M1Q0,c22q4,10337829589.84375,10337829589.84375,0.0,33,20
14,M1Q0,c23q0,12054443359.375,12054443359.375,0.0,38,25
14,M1Q0,c23q1,127677917480.46875,127677917480.46875,0.0,399,277
14,M1Q0,c23q2,158424377441.40625,158424377441.40625,0.0,493,351
14,M1Q0,c23q3,60615539550.78125,60615539550.78125,0.0,193,119
14,M1Q0,c23q4,32539367675.78125,32539367675.78125,0.0,81,143
14,M1Q0,c24q0,44364929199.21875,44364929199.21875,0.0,151,53
14,M1Q0,c24q1,32501220703.125,32501220703.125,0.0,96,90
14,M1Q0,c24q2,126228332519.53125,126228332519.53125,0.0,395,272
14,M1Q0,c24q3,61225891113.28125,61225891113.28125,0.0,181,169
14,M1Q0,c24q4,66604614257.8125,66604614257.8125,0.0,224,89
14,M1Q0,c25q0,94985961914.0625,94985961914.0625,0.0,290,230
14,M1Q0,c25q1,150375366210.9375,150375366210.9375,0.0,436,445
14,M1Q0,c25q2,260925292968.75,260925292968.75,0.0,732,858
14,M1Q0,c25q3,156936645507.8125,156936645507.8125,0.0,482,370
14,M1Q0,c25q4,88958740234.375,88958740234.375,0.0,206,445
14,M1Q0,c26q0,18348693847.65625,18348693847.65625,0.0,59,34
14,M1Q0,c26q1,101280212402.34375,101280212402.34375,0.0,263,407
14,M1Q0,c26q2,95787048339.84375,95787048339.84375,0.0,315,153
14,M1Q0,c26q3,69236755371.09375,69236755371.09375,0.0,199,211
14,M1Q0,c26q4,111656188964.84375,111656188964.84375,0.0,299,417
14,M1Q0,c27q0,953674316.40625,953674316.40625,0.0,3,2
14,M1Q0,c27q1,3128051757.8125,3128051757.8125,0.0,10,6
14,M1Q0,c27q2,13236999511.71875,13236999511.71875,0.0,43,23
14,M1Q0,c27q3,8850097656.25,8850097656.25,0.0,28,18
14,M1Q0,c27q4,7705688476.5625,7705688476.5625,0.0,26,10
14,M1Q0,c28q0,5798339843.75,5798339843.75,0.0,20,6
14,M1Q0,c28q1,172729492187.5,172729492187.5,0.0,530,409
14,M1Q0,c28q2,218620300292.96875,218620300292.96875,0.0,683,475
14,M1Q0,c28q3,512809753417.96875,512809753417.96875,0.0,1327,2077
14,M1Q0,c28q4,910606384277.3438,910606384277.3438,0.0,2663,2615
14,M1Q0,c29q0,54855346679.6875,54855346679.6875,0.0,104,355
14,M1Q0,c29q1,40283203125.0,40283203125.0,0.0,106,157
14,M1Q0,c29q2,242080688476.5625,242080688476.5625,0.0,720,653
14,M1Q0,c29q3,210876464843.75,210876464843.75,0.0,580,734
14,M1Q0,c29q4,30670166015.625,30670166015.625,0.0,102,45
14,M1Q0,c30q0,1678466796.875,1678466796.875,0.0,2,15
14,M1Q0,c30q1,9918212890.625,9918212890.625,0.0,30,25
14,M1Q0,c30q2,85334777832.03125,85334777832.03125,0.0,223,338
14,M1Q0,c30q3,240135192871.09375,240135192871.09375,0.0,703,687
14,M1Q0,c30q4,985145568847.6562,985145568847.6562,0.0,2409,4481
14,M1Q0,c31q0,1640319824.21875,1640319824.21875,0.0,5,4
14,M1Q0,c31q1,18272399902.34375,18272399902.34375,0.0,55,47
14,M1Q0,c31q2,42381286621.09375,42381286621.09375,0.0,125,118
14,M1Q0,c31q3,33149719238.28125,33149719238.28125,0.0,93,109
14,M1Q0,c31q4,29830932617.1875,29830932617.1875,0.0,102,34
14,M1Q0,c32q0,44097900390.625,44097900390.625,0.0,146,67
14,M1Q0,c32q1,213661193847.65625,213661193847.65625,0.0,587,746
14,M1Q0,c32q2,316352844238.28125,316352844238.28125,0.0,989,685
14,M1Q0,c32q3,489501953125.0,489501953125.0,0.0,1350,1691
14,M1Q0,c32q4,324440002441.40625,324440002441.40625,0.0,997,763
14,M1Q0,c33q0,1831054687.5,1831054687.5,0.0,6,3
14,M1Q0,c33q1,28877258300.78125,28877258300.78125,0.0,79,102
14,M1Q0,c33q2,25939941406.25,25939941406.25,0.0,58,137
14,M1Q0,c33q3,75492858886.71875,75492858886.71875,0.0,227,195
14,M1Q0,c33q4,51155090332.03125,51155090332.03125,0.0,147,156
14,M1Q0,c34q0,1296997070.3125,1296997070.3125,0.0,4,3
14,M1Q0,c34q1,38909912109.375,38909912109.375,0.0,142,13
14,M1Q0,c34q2,7820129394.53125,7820129394.53125,0.0,25,15
14,M1Q0,c34q3,33988952636.71875,33988952636.71875,0.0,113,50
14,M1Q0,c34q4,5645751953.125,5645751953.125,0.0,16,18
14,M1Q0,c35q0,7591247558.59375,7591247558.59375,0.0,13,54
14,M1Q0,c35q1,109634399414.0625,109634399414.0625,0.0,310,352
14,M1Q0,c35q2,68931579589.84375,68931579589.84375,0.0,213,158
14,M1Q0,c35q3,29220581054.6875,29220581054.6875,0.0,76,117
14,M1Q0,c35q4,41007995605.46875,41007995605.46875,0.0,133,72
14,M1Q0,c36q0,5607604980.46875,5607604980.46875,0.0,19,7
14,M1Q0,c36q1,39863586425.78125,39863586425.78125,0.0,89,211
14,M1Q0,c36q2,25177001953.125,25177001953.125,0.0,68,92
14,M1Q0,c36q3,43716430664.0625,43716430664.0625,0.0,124,139
14,M1Q0,c36q4,4692077636.71875,4692077636.71875,0.0,15,9
14,M1Q0,c37q0,11405944824.21875,11405944824.21875,0.0,37,20
14,M1Q0,c37q1,15602111816.40625,15602111816.40625,0.0,43,54
14,M1Q0,c37q2,135841369628.90625,135841369628.90625,0.0,415,328
14,M1Q0,c37q3,345001220703.125,345001220703.125,0.0,1102,665
14,M1Q0,c37q4,76408386230.46875,76408386230.46875,0.0,187,347
14,M1Q0,c38q0,20256042480.46875,20256042480.46875,0.0,59,59
14,M1Q0,c38q1,93193054199.21875,93193054199.21875,0.0,253,336
14,M1Q0,c38q2,311203002929.6875,311203002929.6875,0.0,948,761
14,M1Q0,c38q3,66261291503.90625,66261291503.90625,0.0,199,172
14,M1Q0,c38q4,127716064453.125,127716064453.125,0.0,342,477
14,M1Q0,c39q0,3028428846.5278473,2822875976.5625,-205552869.9653473,8,9
14,M1Q0,c39q1,15633240802.346455,15602111816.40625,-31128985.94020462,43,54
14,M1Q0,c39q2,129608569688.5634,129737854003.90625,129284315.34284973,409,269
14,M1Q0,c39q3,124533905134.92215,124664306640.625,130401505.70285034,382,297
14,M1Q0,c39q4,34622308164.3589,34675598144.53125,53289980.17234802,95,122
14,M0Q1,c00q0,610351562.5,610351562.5,0.0,2,1
14,M0Q1,c00q1,61035156250.0,61035156250.0,0.0,206,79
14,M0Q1,c00q2,298156738281.25,298156738281.25,0.0,930,653
14,M0Q1,c00q3,18920898437.5,18920898437.5,0.0,58,45
14,M0Q1,c00q4,36888122558.59375,36888122558.59375,0.0,107,109
14,M0Q1,c01q0,64086914062.5,64086914062.5,0.0,224,56
14,M0Q1,c01q1,64353942871.09375,64353942871.09375,0.0,213,98
14,M0Q1,c01q2,93498229980.46875,93498229980.46875,0.0,313,130
14,M0Q1,c01q3,161437988281.25,161437988281.25,0.0,514,317
14,M0Q1,c01q4,190925598144.53125,190925598144.53125,0.0,561,539
14,M0Q1,c02q0,686645507.8125,686645507.8125,0.0,2,2
14,M0Q1,c02q1,6637573242.1875,6637573242.1875,0.0,14,38
14,M0Q1,c02q2,30670166015.625,30670166015.625,0.0,78,129
14,M0Q1,c02q3,28305053710.9375,28305053710.9375,0.0,96,35
14,M0Q1,c02q4,32272338867.1875,32272338867.1875,0.0,102,66
14,M0Q1,c03q0,10604858398.4375,10604858398.4375,0.0,34,20
14,M0Q1,c03q1,87661743164.0625,87661743164.0625,0.0,242,302
14,M0Q1,c03q2,83694458007.8125,83694458007.8125,0.0,212,355
14,M0Q1,c03q3,190086364746.09375,190086364746.09375,0.0,549,570
14,M0Q1,c03q4,50544738769.53125,50544738769.53125,0.0,155,120
14,M0Q1,c04q0,686645507.8125,686645507.8125,0.0,2,2
14,M0Q1,c04q1,62866210937.5,62866210937.5,0.0,206,103
14,M0Q1,c04q2,35667419433.59375,35667419433.59375,0.0,119,51
14,M0Q1,c04q3,45051574707.03125,45051574707.03125,0.0,153,55
14,M0Q1,c04q4,9422302246.09375,9422302246.09375,0.0,33,8
14,M0Q1,c05q0,1716613769.53125,1716613769.53125,0.0,5,5
14,M0Q1,c05q1,7514953613.28125,7514953613.28125,0.0,17,39
14,M0Q1,c05q2,103912353515.625,103912353515.625,0.0,280,382
14,M0Q1,c05q3,79994201660.15625,79994201660.15625,0.0,231,240
14,M0Q1,c05q4,320053100585.9375,320053100585.9375,0.0,838,1262
14,M0Q1,c06q0,686645507.8125,686645507.8125,0.0,2,2
14,M0Q1,c06q1,3700256347.65625,3700256347.65625,0.0,13,3
14,M0Q1,c06q2,56724548339.84375,56724548339.84375,0.0,151,215
14,M0Q1,c06q3,144920349121.09375,144920349121.09375,0.0,479,223
14,M0Q1,c06q4,51383972167.96875,51383972167.96875,0.0,165,96
14,M0Q1,c07q0,6752014160.15625,6752014160.15625,0.0,23,8
14,M0Q1,c07q1,18348693847.65625,18348693847.65625,0.0,57,41
14,M0Q1,c07q2,56037902832.03125,56037902832.03125,0.0,141,241
14,M0Q1,c07q3,135192871093.75,135192871093.75,0.0,380,442
14,M0Q1,c07q4,15449523925.78125,15449523925.78125,0.0,51,24
14,M0Q1,c08q0,1296997070.3125,1296997070.3125,0.0,4,3
14,M0Q1,c08q1,1716613769.53125,1716613769.53125,0.0,5,5
14,M0Q1,c08q2,45242309570.3125,45242309570.3125,0.0,138,110
14,M0Q1,c08q3,91171264648.4375,91171264648.4375,0.0,258,292
14,M0Q1,c08q4,4119873046.875,4119873046.875,0.0,10,19
14,M0Q1,c09q0,6942749023.4375,6942749023.4375,0.0,8,63
14,M0Q1,c09q1,17814636230.46875,17814636230.46875,0.0,55,41
14,M0Q1,c09q2,26779174804.6875,26779174804.6875,0.0,58,148
14,M0Q1,c09q3,93727111816.40625,93727111816.40625,0.0,321,105
14,M0Q1,c09q4,2365112304.6875,2365112304.6875,0.0,6,10
14,M0Q1,c10q0,3776550292.96875,3776550292.96875,0.0,13,4
14,M0Q1,c10q1,55923461914.0625,55923461914.0625,0.0,166,152
14,M0Q1,c10q2,125694274902.34375,125694274902.34375,0.0,359,391
14,M0Q1,c10q3,22659301757.8125,22659301757.8125,0.0,74,38
14,M0Q1,c10q4,5302429199.21875,5302429199.21875,0.0,9,38
14,M0Q1,c11q0,686645507.8125,686645507.8125,0.0,2,2
14,M0Q1,c11q1,17204284667.96875,17204284667.96875,0.0,55,33
14,M0Q1,c11q2,155296325683.59375,155296325683.59375,0.0,509,254
14,M0Q1,c11q3,29182434082.03125,29182434082.03125,0.0,71,134
14,M0Q1,c11q4,4043579101.5625,4043579101.5625,0.0,14,4
14,M0Q1,c12q0,5226135253.90625,5226135253.90625,0.0,19,2
14,M0Q1,c12q1,199508666992.1875,199508666992.1875,0.0,520,795
14,M0Q1,c12q2,34408569335.9375,34408569335.9375,0.0,98,108
14,M0Q1,c12q3,226211547851.5625,226211547851.5625,0.0,634,746
14,M0Q1,c12q4,9460449218.75,9460449218.75,0.0,28,26
14,M0Q1,c13q0,1220703125.0,1220703125.0,0.0,4,2
14,M0Q1,c13q1,105056762695.3125,105056762695.3125,0.0,268,439
14,M0Q1,c13q2,70724487304.6875,70724487304.6875,0.0,182,290
14,M0Q1,c13q3,687789916992.1875,687789916992.1875,0.0,2026,1924
14,M0Q1,c13q4,174369812011.71875,174369812011.71875,0.0,491,567
14,M0Q1,c14q0,44326782226.5625,44326782226.5625,0.0,158,28
14,M0Q1,c14q1,235671997070.3125,235671997070.3125,0.0,726,548
14,M0Q1,c14q2,64430236816.40625,64430236816.40625,0.0,177,225
14,M0Q1,c14q3,338973999023.4375,338973999023.4375,0.0,1082,656
14,M0Q1,c14q4,17662048339.84375,17662048339.84375,0.0,51,53
14,M0Q1,c15q0,3700256347.65625,3700256347.65625,0.0,9,17
14,M0Q1,c15q1,61759948730.46875,61759948730.46875,0.0,187,155
14,M0Q1,c15q2,108757019042.96875,108757019042.96875,0.0,327,281
14,M0Q1,c15q3,26664733886.71875,26664733886.71875,0.0,85,52
14,M0Q1,c15q4,60081481933.59375,60081481933.59375,0.0,199,91
14,M0Q1,c16q0,6065368652.34375,6065368652.34375,0.0,9,48
14,M0Q1,c16q1,22811889648.4375,22811889648.4375,0.0,60,89
14,M0Q1,c16q2,81558227539.0625,81558227539.0625,0.0,250,194
14,M0Q1,c16q3,253791809082.03125,253791809082.03125,0.0,757,677
14,M0Q1,c16q4,22430419921.875,22430419921.875,0.0,60,84
14,M0Q1,c17q0,38909912109.375,38909912109.375,0.0,102,153
14,M0Q1,c17q1,69885253906.25,69885253906.25,0.0,226,125
14,M0Q1,c17q2,225791931152.34375,225791931152.34375,0.0,733,394
14,M0Q1,c17q3,128211975097.65625,128211975097.65625,0.0,321,557
14,M0Q1,c17q4,22163391113.28125,22163391113.28125,0.0,67,56
14,M0Q1,c18q0,4577636718.75,4577636718.75,0.0,12,18
14,M0Q1,c18q1,26550292968.75,26550292968.75,0.0,66,117
14,M0Q1,c18q2,102157592773.4375,102157592773.4375,0.0,314,240
14,M0Q1,c18q3,55007934570.3125,55007934570.3125,0.0,184,77
14,M0Q1,c18q4,13618469238.28125,13618469238.28125,0.0,19,112
14,M0Q1,c19q0,5264282226.5625,5264282226.5625,0.0,6,48
14,M0Q1,c19q1,19454956054.6875,19454956054.6875,0.0,60,45
14,M0Q1,c19q2,33264160156.25,33264160156.25,0.0,102,79
14,M0Q1,c19q3,41503906250.0,41503906250.0,0.0,94,215
14,M0Q1,c19q4,8239746093.75,8239746093.75,0.0,16,52
14,M0Q1,c20q0,3433227539.0625,3433227539.0625,0.0,10,10
14,M0Q1,c20q1,48294067382.8125,48294067382.8125,0.0,126,192
14,M0Q1,c20q2,37384033203.125,37384033203.125,0.0,118,77
14,M0Q1,c20q3,42877197265.625,42877197265.625,0.0,138,79
14,M0Q1,c20q4,23155212402.34375,23155212402.34375,0.0,75,41
14,M0Q1,c21q0,7133483886.71875,7133483886.71875,0.0,25,6
14,M0Q1,c21q1,15563964843.75,15563964843.75,0.0,46,43
14,M0Q1,c21q2,248451232910.15625,248451232910.15625,0.0,751,628
14,M0Q1,c21q3,63018798828.125,63018798828.125,0.0,180,196
14,M0Q1,c21q4,36735534667.96875,36735534667.96875,0.0,105,114
14,M0Q1,c22q0,0.0,0.0,0.0,0,0
14,M0Q1,c22q1,2517700195.3125,2517700195.3125,0.0,8,5
14,M0Q1,c22q2,12207031250.0,12207031250.0,0.0,40,20
14,M0Q1,c22q3,13198852539.0625,13198852539.0625,0.0,44,19
14,M0Q1,c22q4,10337829589.84375,10337829589.84375,0.0,33,20
14,M0Q1,c23q0,12054443359.375,12054443359.375,0.0,38,25
14,M0Q1,c23q1,127677917480.46875,127677917480.46875,0.0,399,277
14,M0Q1,c23q2,158424377441.40625,158424377441.40625,0.0,493,351
14,M0Q1,c23q3,60615539550.78125,60615539550.78125,0.0,193,119
14,M0Q1,c23q4,32539367675.78125,32539367675.78125,0.0,81,143
14,M0Q1,c24q0,44364929199.21875,44364929199.21875,0.0,151,53
14,M0Q1,c24q1,32501220703.125,32501220703.125,0.0,96,90
14,M0Q1,c24q2,126228332519.53125,126228332519.53125,0.0,395,272
14,M0Q1,c24q3,61225891113.28125,61225891113.28125,0.0,181,169
14,M0Q1,c24q4,66604614257.8125,66604614257.8125,0.0,224,89
14,M0Q1,c25q0,94985961914.0625,94985961914.0625,0.0,290,230
14,M0Q1,c25q1,150375366210.9375,150375366210.9375,0.0,436,445
14,M0Q1,c25q2,260925292968.75,260925292968.75,0.0,732,858
14,M0Q1,c25q3,156936645507.8125,156936645507.8125,0.0,482,370
14,M0Q1,c25q4,88958740234.375,88958740234.375,0.0,206,445
14,M0Q1,c26q0,18348693847.65625,18348693847.65625,0.0,59,34
14,M0Q1,c26q1,101280212402.34375,101280212402.34375,0.0,263,407
14,M0Q1,c26q2,95787048339.84375,95787048339.84375,0.0,315,153
14,M0Q1,c26q3,69236755371.09375,69236755371.09375,0.0,199,211
14,M0Q1,c26q4,111656188964.84375,111656188964.84375,0.0,299,417
14,M0Q1,c27q0,953674316.40625,953674316.40625,0.0,3,2
14,M0Q1,c27q1,3128051757.8125,3128051757.8125,0.0,10,6
14,M0Q1,c27q2,13236999511.71875,13236999511.71875,0.0,43,23
14,M0Q1,c27q3,8850097656.25,8850097656.25,0.0,28,18
14,M0Q1,c27q4,7705688476.5625,7705688476.5625,0.0,26,10
14,M0Q1,c28q0,5798339843.75,5798339843.75,0.0,20,6
14,M0Q1,c28q1,172729492187.5,172729492187.5,0.0,530,409
14,M0Q1,c28q2,218620300292.96875,218620300292.96875,0.0,683,475
14,M0Q1,c28q3,512809753417.96875,512809753417.96875,0.0,1327,2077
14,M0Q1,c28q4,910606384277.3438,910606384277.3438,0.0,2663,2615
14,M0Q1,c29q0,54855346679.6875,54855346679.6875,0.0,104,355
14,M0Q1,c29q1,40283203125.0,40283203125.0,0.0,106,157
14,M0Q1,c29q2,242080688476.5625,242080688476.5625,0.0,720,653
14,M0Q1,c29q3,210876464843.75,210876464843.75,0.0,580,734
14,M0Q1,c29q4,30670166015.625,30670166015.625,0.0,102,45
14,M0Q1,c30q0,1678466796.875,1678466796.875,0.0,2,15
14,M0Q1,c30q1,9918212890.625,9918212890.625,0.0,30,25
14,M0Q1,c30q2,85334777832.03125,85334777832.03125,0.0,223,338
14,M0Q1,c30q3,240135192871.09375,240135192871.09375,0.0,703,687
14,M0Q1,c30q4,985145568847.6562,985145568847.6562,0.0,2409,4481
14,M0Q1,c31q0,1640319824.21875,1640319824.21875,0.0,5,4
14,M0Q1,c31q1,18272399902.34375,18272399902.34375,0.0,55,47
14,M0Q1,c31q2,42381286621.09375,42381286621.09375,0.0,125,118
14,M0Q1,c31q3,33149719238.28125,33149719238.28125,0.0,93,109
14,M0Q1,c31q4,29830932617.1875,29830932617.1875,0.0,102,34
14,M0Q1,c32q0,44097900390.625,44097900390.625,0.0,146,67
14,M0Q1,c32q1,213661193847.65625,213661193847.65625,0.0,587,746
14,M0Q1,c32q2,316352844238.28125,316352844238.28125,0.0,989,685
14,M0Q1,c32q3,489501953125.0,489501953125.0,0.0,1350,1691
14,M0Q1,c32q4,324440002441.40625,324440002441.40625,0.0,997,763
14,M0Q1,c33q0,1831054687.5,1831054687.5,0.0,6,3
14,M0Q1,c33q1,28877258300.78125,28877258300.78125,0.0,79,102
14,M0Q1,c33q2,25939941406.25,25939941406.25,0.0,58,137
14,M0Q1,c33q3,75492858886.71875,75492858886.71875,0.0,227,195
14,M0Q1,c33q4,51155090332.03125,51155090332.03125,0.0,147,156
14,M0Q1,c34q0,1296997070.3125,1296997070.3125,0.0,4,3
14,M0Q1,c34q1,38909912109.375,38909912109.375,0.0,142,13
14,M0Q1,c34q2,7820129394.53125,7820129394.53125,0.0,25,15
14,M0Q1,c34q3,33988952636.71875,33988952636.71875,0.0,113,50
14,M0Q1,c34q4,5645751953.125,5645751953.125,0.0,16,18
14,M0Q1,c35q0,7591247558.59375,7591247558.59375,0.0,13,54
14,M0Q1,c35q1,109634399414.0625,109634399414.0625,0.0,310,352
14,M0Q1,c35q2,68931579589.84375,68931579589.84375,0.0,213,158
14,M0Q1,c35q3,29220581054.6875,29220581054.6875,0.0,76,117
14,M0Q1,c35q4,41007995605.46875,41007995605.46875,0.0,133,72
14,M0Q1,c36q0,5607604980.46875,5607604980.46875,0.0,19,7
14,M0Q1,c36q1,39863586425.78125,39863586425.78125,0.0,89,211
14,M0Q1,c36q2,25177001953.125,25177001953.125,0.0,68,92
14,M0Q1,c36q3,43716430664.0625,43716430664.0625,0.0,124,139
14,M0Q1,c36q4,4692077636.71875,4692077636.71875,0.0,15,9
14,M0Q1,c37q0,11405944824.21875,11405944824.21875,0.0,37,20
14,M0Q1,c37q1,15602111816.40625,15602111816.40625,0.0,43,54
14,M0Q1,c37q2,135841369628.90625,135841369628.90625,0.0,415,328
14,M0Q1,c37q3,345001220703.125,345001220703.125,0.0,1102,665
14,M0Q1,c37q4,76408386230.46875,76408386230.46875,0.0,187,347
14,M0Q1,c38q0,20256042480.46875,20256042480.46875,0.0,59,59
14,M0Q1,c38q1,93193054199.21875,93193054199.21875,0.0,253,336
14,M0Q1,c38q2,311203002929.6875,311203002929.6875,0.0,948,761
14,M0Q1,c38q3,66261291503.90625,66261291503.90625,0.0,199,172
14,M0Q1,c38q4,127716064453.125,127716064453.125,0.0,342,477
14,M0Q1,c39q0,3626892415.505956,3852844238.28125,225951822.77529383,11,12
14,M0Q1,c39q1,10845119477.7384,10795593261.71875,-49526216.019649506,29,40
14,M0Q1,c39q2,109162350152.97339,109138488769.53125,-23861383.442138672,349,209
14,M0Q1,c39q3,125092230566.17603,125007629394.53125,-84601171.64477539,383,298
14,M0Q1,c39q4,37833465981.35625,37765502929.6875,-67963051.66874695,104,131
14,M1Q1,c00q0,610351562.5,610351562.5,0.0,2,1
14,M1Q1,c00q1,61035156250.0,61035156250.0,0.0,206,79
14,M1Q1,c00q2,298156738281.25,298156738281.25,0.0,930,653
14,M1Q1,c00q3,18920898437.5,18920898437.5,0.0,58,45
14,M1Q1,c00q4,36888122558.59375,36888122558.59375,0.0,107,109
14,M1Q1,c01q0,64086914062.5,64086914062.5,0.0,224,56
14,M1Q1,c01q1,64353942871.09375,64353942871.09375,0.0,213,98
14,M1Q1,c01q2,93498229980.46875,93498229980.46875,0.0,313,130
14,M1Q1,c01q3,161437988281.25,161437988281.25,0.0,514,317
14,M1Q1,c01q4,190925598144.53125,190925598144.53125,0.0,561,539
14,M1Q1,c02q0,686645507.8125,686645507.8125,0.0,2,2
14,M1Q1,c02q1,6637573242.1875,6637573242.1875,0.0,14,38
14,M1Q1,c02q2,30670166015.625,30670166015.625,0.0,78,129
14,M1Q1,c02q3,28305053710.9375,28305053710.9375,0.0,96,35
14,M1Q1,c02q4,32272338867.1875,32272338867.1875,0.0,102,66
14,M1Q1,c03q0,10604858398.4375,10604858398.4375,0.0,34,20
14,M1Q1,c03q1,87661743164.0625,87661743164.0625,0.0,242,302
14,M1Q1,c03q2,83694458007.8125,83694458007.8125,0.0,212,355
14,M1Q1,c03q3,190086364746.09375,190086364746.09375,0.0,549,570
14,M1Q1,c03q4,50544738769.53125,50544738769.53125,0.0,155,120
14,M1Q1,c04q0,686645507.8125,686645507.8125,0.0,2,2
14,M1Q1,c04q1,62866210937.5,62866210937.5,0.0,206,103
14,M1Q1,c04q2,35667419433.59375,35667419433.59375,0.0,119,51
14,M1Q1,c04q3,45051574707.03125,45051574707.03125,0.0,153,55
14,M1Q1,c04q4,9422302246.09375,9422302246.09375,0.0,33,8
14,M1Q1,c05q0,1716613769.53125,1716613769.53125,0.0,5,5
14,M1Q1,c05q1,7514953613.28125,7514953613.28125,0.0,17,39
14,M1Q1,c05q2,103912353515.625,103912353515.625,0.0,280,382
14,M1Q1,c05q3,79994201660.15625,79994201660.15625,0.0,231,240
14,M1Q1,c05q4,320053100585.9375,320053100585.9375,0.0,838,1262
14,M1Q1,c06q0,686645507.8125,686645507.8125,0.0,2,2
14,M1Q1,c06q1,3700256347.65625,3700256347.65625,0.0,13,3
14,M1Q1,c06q2,56724548339.84375,56724548339.84375,0.0,151,215
14,M1Q1,c06q3,144920349121.09375,144920349121.09375,0.0,479,223
14,M1Q1,c06q4,51383972167.96875,51383972167.96875,0.0,165,96
14,M1Q1,c07q0,6752014160.15625,6752014160.15625,0.0,23,8
14,M1Q1,c07q1,18348693847.65625,18348693847.65625,0.0,57,41
14,M1Q1,c07q2,56037902832.03125,56037902832.03125,0.0,141,241
14,M1Q1,c07q3,135192871093.75,135192871093.75,0.0,380,442
14,M1Q1,c07q4,15449523925.78125,15449523925.78125,0.0,51,24
14,M1Q1,c08q0,1296997070.3125,1296997070.3125,0.0,4,3
14,M1Q1,c08q1,1716613769.53125,1716613769.53125,0.0,5,5
14,M1Q1,c08q2,45242309570.3125,45242309570.3125,0.0,138,110
14,M1Q1,c08q3,91171264648.4375,91171264648.4375,0.0,258,292
14,M1Q1,c08q4,4119873046.875,4119873046.875,0.0,10,19
14,M1Q1,c09q0,6942749023.4375,6942749023.4375,0.0,8,63
14,M1Q1,c09q1,17814636230.46875,17814636230.46875,0.0,55,41
14,M1Q1,c09q2,26779174804.6875,26779174804.6875,0.0,58,148
14,M1Q1,c09q3,93727111816.40625,93727111816.40625,0.0,321,105
14,M1Q1,c09q4,2365112304.6875,2365112304.6875,0.0,6,10
14,M1Q1,c10q0,3776550292.96875,3776550292.96875,0.0,13,4
14,M1Q1,c10q1,55923461914.0625,55923461914.0625,0.0,166,152
14,M1Q1,c10q2,125694274902.34375,125694274902.34375,0.0,359,391
14,M1Q1,c10q3,22659301757.8125,22659301757.8125,0.0,74,38
14,M1Q1,c10q4,5302429199.21875,5302429199.21875,0.0,9,38
14,M1Q1,c11q0,686645507.8125,686645507.8125,0.0,2,2
14,M1Q1,c11q1,17204284667.96875,17204284667.96875,0.0,55,33
14,M1Q1,c11q2,155296325683.59375,155296325683.59375,0.0,509,254
14,M1Q1,c11q3,29182434082.03125,29182434082.03125,0.0,71,134
14,M1Q1,c11q4,4043579101.5625,4043579101.5625,0.0,14,4
14,M1Q1,c12q0,5226135253.90625,5226135253.90625,0.0,19,2
14,M1Q1,c12q1,199508666992.1875,199508666992.1875,0.0,520,795
14,M1Q1,c12q2,34408569335.9375,34408569335.9375,0.0,98,108
14,M1Q1,c12q3,226211547851.5625,226211547851.5625,0.0,634,746
14,M1Q1,c12q4,9460449218.75,9460449218.75,0.0,28,26
14,M1Q1,c13q0,1220703125.0,1220703125.0,0.0,4,2
14,M1Q1,c13q1,105056762695.3125,105056762695.3125,0.0,268,439
14,M1Q1,c13q2,70724487304.6875,70724487304.6875,0.0,182,290
14,M1Q1,c13q3,687789916992.1875,687789916992.1875,0.0,2026,1924
14,M1Q1,c13q4,174369812011.71875,174369812011.71875,0.0,491,567
14,M1Q1,c14q0,43007446614.5302,42953491210.9375,-53955403.59269714,154,24
14,M1Q1,c14q1,228657491552.98413,228805541992.1875,148050439.20336914,706,528
14,M1Q1,c14q2,62512545036.09424,62370300292.96875,-142244743.12548828,171,219
14,M1Q1,c14q3,328884828413.69653,329017639160.15625,132810746.4597168,1053,627
14,M1Q1,c14q4,17136357816.288712,16975402832.03125,-160954984.25746155,49,51
14,M1Q1,c15q0,3700256347.65625,3700256347.65625,0.0,9,17
14,M1Q1,c15q1,61759948730.46875,61759948730.46875,0.0,187,155
14,M1Q1,c15q2,108757019042.96875,108757019042.96875,0.0,327,281
14,M1Q1,c15q3,26664733886.71875,26664733886.71875,0.0,85,52
14,M1Q1,c15q4,60081481933.59375,60081481933.59375,0.0,199,91
14,M1Q1,c16q0,6065368652.34375,6065368652.34375,0.0,9,48
14,M1Q1,c16q1,22811889648.4375,22811889648.4375,0.0,60,89
14,M1Q1,c16q2,81558227539.0625,81558227539.0625,0.0,250,194
14,M1Q1,c16q3,253791809082.03125,253791809082.03125,0.0,757,677
14,M1Q1,c16q4,22430419921.875,22430419921.875,0.0,60,84
14,M1Q1,c17q0,38909912109.375,38909912109.375,0.0,102,153
14,M1Q1,c17q1,69885253906.25,69885253906.25,0.0,226,125
14,M1Q1,c17q2,225791931152.34375,225791931152.34375,0.0,733,394
14,M1Q1,c17q3,128211975097.65625,128211975097.65625,0.0,321,557
14,M1Q1,c17q4,22163391113.28125,22163391113.28125,0.0,67,56
14,M1Q1,c18q0,4577636718.75,4577636718.75,0.0,12,18
14,M1Q1,c18q1,26550292968.75,26550292968.75,0.0,66,117
14,M1Q1,c18q2,102157592773.4375,102157592773.4375,0.0,314,240
14,M1Q1,c18q3,55007934570.3125,55007934570.3125,0.0,184,77
14,M1Q1,c18q4,13618469238.28125,13618469238.28125,0.0,19,112
14,M1Q1,c19q0,5264282226.5625,5264282226.5625,0.0,6,48
14,M1Q1,c19q1,19454956054.6875,19454956054.6875,0.0,60,45
14,M1Q1,c19q2,33264160156.25,33264160156.25,0.0,102,79
14,M1Q1,c19q3,41503906250.0,41503906250.0,0.0,94,215
14,M1Q1,c19q4,8239746093.75,8239746093.75,0.0,16,52
14,M1Q1,c20q0,3433227539.0625,3433227539.0625,0.0,10,10
14,M1Q1,c20q1,48294067382.8125,48294067382.8125,0.0,126,192
14,M1Q1,c20q2,37384033203.125,37384033203.125,0.0,118,77
14,M1Q1,c20q3,42877197265.625,42877197265.625,0.0,138,79
14,M1Q1,c20q4,23155212402.34375,23155212402.34375,0.0,75,41
14,M1Q1,c21q0,7133483886.71875,7133483886.71875,0.0,25,6
14,M1Q1,c21q1,15563964843.75,15563964843.75,0.0,46,43
14,M1Q1,c21q2,248451232910.15625,248451232910.15625,0.0,751,628
14,M1Q1,c21q3,63018798828.125,63018798828.125,0.0,180,196
14,M1Q1,c21q4,36735534667.96875,36735534667.96875,0.0,105,114
14,M1Q1,c22q0,0.0,0.0,0.0,0,0
14,M1Q1,c22q1,2517700195.3125,2517700195.3125,0.0,8,5
14,M1Q1,c22q2,12207031250.0,12207031250.0,0.0,40,20
14,M1Q1,c22q3,13198852539.0625,13198852539.0625,0.0,44,19
14,M1Q1,c22q4,10337829589.84375,10337829589.84375,0.0,33,20
14,M1Q1,c23q0,12054443359.375,12054443359.375,0.0,38,25
14,M1Q1,c23q1,127677917480.46875,127677917480.46875,0.0,399,277
14,M1Q1,c23q2,158424377441.40625,158424377441.40625,0.0,493,351
14,M1Q1,c23q3,60615539550.78125,60615539550.78125,0.0,193,119
14,M1Q1,c23q4,32539367675.78125,32539367675.78125,0.0,81,143
14,M1Q1,c24q0,44364929199.21875,44364929199.21875,0.0,151,53
14,M1Q1,c24q1,32501220703.125,32501220703.125,0.0,96,90
14,M1Q1,c24q2,126228332519.53125,126228332519.53125,0.0,395,272
14,M1Q1,c24q3,61225891113.28125,61225891113.28125,0.0,181,169
14,M1Q1,c24q4,66604614257.8125,66604614257.8125,0.0,224,89
14,M1Q1,c25q0,94985961914.0625,94985961914.0625,0.0,290,230
14,M1Q1,c25q1,150375366210.9375,150375366210.9375,0.0,436,445
14,M1Q1,c25q2,260925292968.75,260925292968.75,0.0,732,858
14,M1Q1,c25q3,156936645507.8125,156936645507.8125,0.0,482,370
14,M1Q1,c25q4,88958740234.375,88958740234.375,0.0,206,445
14,M1Q1,c26q0,18348693847.65625,18348693847.65625,0.0,59,34
14,M1Q1,c26q1,101280212402.34375,101280212402.34375,0.0,263,407
14,M1Q1,c26q2,95787048339.84375,95787048339.84375,0.0,315,153
14,M1Q1,c26q3,69236755371.09375,69236755371.09375,0.0,199,211
14,M1Q1,c26q4,111656188964.84375,111656188964.84375,0.0,299,417
14,M1Q1,c27q0,953674316.40625,953674316.40625,0.0,3,2
14,M1Q1,c27q1,3128051757.8125,3128051757.8125,0.0,10,6
14,M1Q1,c27q2,13236999511.71875,13236999511.71875,0.0,43,23
14,M1Q1,c27q3,8850097656.25,8850097656.25,0.0,28,18
14,M1Q1,c27q4,7705688476.5625,7705688476.5625,0.0,26,10
14,M1Q1,c28q0,5798339843.75,5798339843.75,0.0,20,6
14,M1Q1,c28q1,172729492187.5,172729492187.5,0.0,530,409
14,M1Q1,c28q2,218620300292.96875,218620300292.96875,0.0,683,475
14,M1Q1,c28q3,512809753417.96875,512809753417.96875,0.0,1327,2077
14,M1Q1,c28q4,910606384277.3438,910606384277.3438,0.0,2663,2615
14,M1Q1,c29q0,54855346679.6875,54855346679.6875,0.0,104,355
14,M1Q1,c29q1,40283203125.0,40283203125.0,0.0,106,157
14,M1Q1,c29q2,242080688476.5625,242080688476.5625,0.0,720,653
14,M1Q1,c29q3,210876464843.75,210876464843.75,0.0,580,734
14,M1Q1,c29q4,30670166015.625,30670166015.625,0.0,102,45
14,M1Q1,c30q0,1678466796.875,1678466796.875,0.0,2,15
14,M1Q1,c30q1,9918212890.625,9918212890.625,0.0,30,25
14,M1Q1,c30q2,85334777832.03125,85334777832.03125,0.0,223,338
14,M1Q1,c30q3,240135192871.09375,240135192871.09375,0.0,703,687
14,M1Q1,c30q4,985145568847.6562,985145568847.6562,0.0,2409,4481
14,M1Q1,c31q0,1640319824.21875,1640319824.21875,0.0,5,4
14,M1Q1,c31q1,18272399902.34375,18272399902.34375,0.0,55,47
14,M1Q1,c31q2,42381286621.09375,42381286621.09375,0.0,125,118
14,M1Q1,c31q3,33149719238.28125,33149719238.28125,0.0,93,109
14,M1Q1,c31q4,29830932617.1875,29830932617.1875,0.0,102,34
14,M1Q1,c32q0,44097900390.625,44097900390.625,0.0,146,67
14,M1Q1,c32q1,213661193847.65625,213661193847.65625,0.0,587,746
14,M1Q1,c32q2,316352844238.28125,316352844238.28125,0.0,989,685
14,M1Q1,c32q3,489501953125.0,489501953125.0,0.0,1350,1691
14,M1Q1,c32q4,324440002441.40625,324440002441.40625,0.0,997,763
14,M1Q1,c33q0,1831054687.5,1831054687.5,0.0,6,3
14,M1Q1,c33q1,28877258300.78125,28877258300.78125,0.0,79,102
14,M1Q1,c33q2,25939941406.25,25939941406.25,0.0,58,137
14,M1Q1,c33q3,75492858886.71875,75492858886.71875,0.0,227,195
14,M1Q1,c33q4,51155090332.03125,51155090332.03125,0.0,147,156
14,M1Q1,c34q0,1296997070.3125,1296997070.3125,0.0,4,3
14,M1Q1,c34q1,38909912109.375,38909912109.375,0.0,142,13
14,M1Q1,c34q2,7820129394.53125,7820129394.53125,0.0,25,15
14,M1Q1,c34q3,33988952636.71875,33988952636.71875,0.0,113,50
14,M1Q1,c34q4,5645751953.125,5645751953.125,0.0,16,18
14,M1Q1,c35q0,7591247558.59375,7591247558.59375,0.0,13,54
14,M1Q1,c35q1,109634399414.0625,109634399414.0625,0.0,310,352
14,M1Q1,c35q2,68931579589.84375,68931579589.84375,0.0,213,158
14,M1Q1,c35q3,29220581054.6875,29220581054.6875,0.0,76,117
14,M1Q1,c35q4,41007995605.46875,41007995605.46875,0.0,133,72
14,M1Q1,c36q0,5607604980.46875,5607604980.46875,0.0,19,7
14,M1Q1,c36q1,39863586425.78125,39863586425.78125,0.0,89,211
14,M1Q1,c36q2,25177001953.125,25177001953.125,0.0,68,92
14,M1Q1,c36q3,43716430664.0625,43716430664.0625,0.0,124,139
14,M1Q1,c36q4,4692077636.71875,4692077636.71875,0.0,15,9
14,M1Q1,c37q0,11405944824.21875,11405944824.21875,0.0,37,20
14,M1Q1,c37q1,15602111816.40625,15602111816.40625,0.0,43,54
14,M1Q1,c37q2,135841369628.90625,135841369628.90625,0.0,415,328
14,M1Q1,c37q3,345001220703.125,345001220703.125,0.0,1102,665
14,M1Q1,c37q4,76408386230.46875,76408386230.46875,0.0,187,347
14,M1Q1,c38q0,20256042480.46875,20256042480.46875,0.0,59,59
14,M1Q1,c38q1,93193054199.21875,93193054199.21875,0.0,253,336
14,M1Q1,c38q2,311203002929.6875,311203002929.6875,0.0,948,761
14,M1Q1,c38q3,66261291503.90625,66261291503.90625,0.0,199,172
14,M1Q1,c38q4,127716064453.125,127716064453.125,0.0,342,477
14,M1Q1,c39q0,3890991210.9375,3852844238.28125,-38146972.65625,11,12
14,M1Q1,c39q1,11634826660.15625,11825561523.4375,190734863.28125,32,43
14,M1Q1,c39q2,117111206054.6875,117034912109.375,-76293945.3125,372,232
14,M1Q1,c39q3,134201049804.68752,134277343750.0,76293945.31248474,410,325
14,M1Q1,c39q4,40588378906.25,40512084960.9375,-76293945.3125,112,139
