candidate,budget_convention,cell,domain,quality,base_tokens,target_tokens,delta_tokens
197c9f5ceff6b9ee,nominal,c00q0,0,0,610351562.5,610351562.5,0.0
197c9f5ceff6b9ee,nominal,c00q1,0,1,61035156250.0,44822692871.09375,-16212463378.90625
197c9f5ceff6b9ee,nominal,c00q2,0,2,298156738281.25,253524780273.4375,-44631958007.8125
197c9f5ceff6b9ee,nominal,c00q3,0,3,18920898437.5,17013549804.6875,-1907348632.8125
197c9f5ceff6b9ee,nominal,c00q4,0,4,36888122558.59375,26817321777.34375,-10070800781.25
197c9f5ceff6b9ee,nominal,c01q0,1,0,64086914062.5,90942382812.5,26855468750.0
197c9f5ceff6b9ee,nominal,c01q1,1,1,64353942871.09375,45166015625.0,-19187927246.09375
197c9f5ceff6b9ee,nominal,c01q2,1,2,93498229980.46875,86288452148.4375,-7209777832.03125
197c9f5ceff6b9ee,nominal,c01q3,1,3,161437988281.25,92811584472.65625,-68626403808.59375
197c9f5ceff6b9ee,nominal,c01q4,1,4,190925598144.53125,239372253417.96875,48446655273.4375
197c9f5ceff6b9ee,nominal,c02q0,2,0,686645507.8125,686645507.8125,0.0
197c9f5ceff6b9ee,nominal,c02q1,2,1,6637573242.1875,4425048828.125,-2212524414.0625
197c9f5ceff6b9ee,nominal,c02q2,2,2,30670166015.625,44898986816.40625,14228820800.78125
197c9f5ceff6b9ee,nominal,c02q3,2,3,28305053710.9375,29869079589.84375,1564025878.90625
197c9f5ceff6b9ee,nominal,c02q4,2,4,32272338867.1875,43945312500.0,11672973632.8125
197c9f5ceff6b9ee,nominal,c03q0,3,0,10604858398.4375,8659362792.96875,-1945495605.46875
197c9f5ceff6b9ee,nominal,c03q1,3,1,87661743164.0625,79727172851.5625,-7934570312.5
197c9f5ceff6b9ee,nominal,c03q2,3,2,83694458007.8125,149459838867.1875,65765380859.375
197c9f5ceff6b9ee,nominal,c03q3,3,3,190086364746.09375,257987976074.21875,67901611328.125
197c9f5ceff6b9ee,nominal,c03q4,3,4,50544738769.53125,48408508300.78125,-2136230468.75
197c9f5ceff6b9ee,nominal,c04q0,4,0,686645507.8125,686645507.8125,0.0
197c9f5ceff6b9ee,nominal,c04q1,4,1,62866210937.5,35247802734.375,-27618408203.125
197c9f5ceff6b9ee,nominal,c04q2,4,2,35667419433.59375,33836364746.09375,-1831054687.5
197c9f5ceff6b9ee,nominal,c04q3,4,3,45051574707.03125,43983459472.65625,-1068115234.375
197c9f5ceff6b9ee,nominal,c04q4,4,4,9422302246.09375,9765625000.0,343322753.90625
197c9f5ceff6b9ee,nominal,c05q0,5,0,1716613769.53125,2822875976.5625,1106262207.03125
197c9f5ceff6b9ee,nominal,c05q1,5,1,7514953613.28125,7286071777.34375,-228881835.9375
197c9f5ceff6b9ee,nominal,c05q2,5,2,103912353515.625,98915100097.65625,-4997253417.96875
197c9f5ceff6b9ee,nominal,c05q3,5,3,79994201660.15625,104255676269.53125,24261474609.375
197c9f5ceff6b9ee,nominal,c05q4,5,4,320053100585.9375,265388488769.53125,-54664611816.40625
197c9f5ceff6b9ee,nominal,c06q0,6,0,686645507.8125,343322753.90625,-343322753.90625
197c9f5ceff6b9ee,nominal,c06q1,6,1,3700256347.65625,4234313964.84375,534057617.1875
197c9f5ceff6b9ee,nominal,c06q2,6,2,56724548339.84375,42037963867.1875,-14686584472.65625
197c9f5ceff6b9ee,nominal,c06q3,6,3,144920349121.09375,196266174316.40625,51345825195.3125
197c9f5ceff6b9ee,nominal,c06q4,6,4,51383972167.96875,38108825683.59375,-13275146484.375
197c9f5ceff6b9ee,nominal,c07q0,7,0,6752014160.15625,5874633789.0625,-877380371.09375
197c9f5ceff6b9ee,nominal,c07q1,7,1,18348693847.65625,12893676757.8125,-5455017089.84375
197c9f5ceff6b9ee,nominal,c07q2,7,2,56037902832.03125,78659057617.1875,22621154785.15625
197c9f5ceff6b9ee,nominal,c07q3,7,3,135192871093.75,83427429199.21875,-51765441894.53125
197c9f5ceff6b9ee,nominal,c07q4,7,4,15449523925.78125,13923645019.53125,-1525878906.25
197c9f5ceff6b9ee,nominal,c08q0,8,0,1296997070.3125,1983642578.125,686645507.8125
197c9f5ceff6b9ee,nominal,c08q1,8,1,1716613769.53125,2593994140.625,877380371.09375
197c9f5ceff6b9ee,nominal,c08q2,8,2,45242309570.3125,33493041992.1875,-11749267578.125
197c9f5ceff6b9ee,nominal,c08q3,8,3,91171264648.4375,87127685546.875,-4043579101.5625
197c9f5ceff6b9ee,nominal,c08q4,8,4,4119873046.875,4425048828.125,305175781.25
197c9f5ceff6b9ee,nominal,c09q0,9,0,6942749023.4375,5340576171.875,-1602172851.5625
197c9f5ceff6b9ee,nominal,c09q1,9,1,17814636230.46875,20179748535.15625,2365112304.6875
197c9f5ceff6b9ee,nominal,c09q2,9,2,26779174804.6875,25520324707.03125,-1258850097.65625
197c9f5ceff6b9ee,nominal,c09q3,9,3,93727111816.40625,89874267578.125,-3852844238.28125
197c9f5ceff6b9ee,nominal,c09q4,9,4,2365112304.6875,2212524414.0625,-152587890.625
197c9f5ceff6b9ee,nominal,c10q0,10,0,3776550292.96875,3509521484.375,-267028808.59375
197c9f5ceff6b9ee,nominal,c10q1,10,1,55923461914.0625,66184997558.59375,10261535644.53125
197c9f5ceff6b9ee,nominal,c10q2,10,2,125694274902.34375,172843933105.46875,47149658203.125
197c9f5ceff6b9ee,nominal,c10q3,10,3,22659301757.8125,20103454589.84375,-2555847167.96875
197c9f5ceff6b9ee,nominal,c10q4,10,4,5302429199.21875,7095336914.0625,1792907714.84375
197c9f5ceff6b9ee,nominal,c11q0,11,0,686645507.8125,953674316.40625,267028808.59375
197c9f5ceff6b9ee,nominal,c11q1,11,1,17204284667.96875,12779235839.84375,-4425048828.125
197c9f5ceff6b9ee,nominal,c11q2,11,2,155296325683.59375,128479003906.25,-26817321777.34375
197c9f5ceff6b9ee,nominal,c11q3,11,3,29182434082.03125,32997131347.65625,3814697265.625
197c9f5ceff6b9ee,nominal,c11q4,11,4,4043579101.5625,4310607910.15625,267028808.59375
197c9f5ceff6b9ee,nominal,c12q0,12,0,5226135253.90625,8163452148.4375,2937316894.53125
197c9f5ceff6b9ee,nominal,c12q1,12,1,199508666992.1875,166587829589.84375,-32920837402.34375
197c9f5ceff6b9ee,nominal,c12q2,12,2,34408569335.9375,44746398925.78125,10337829589.84375
197c9f5ceff6b9ee,nominal,c12q3,12,3,226211547851.5625,201263427734.375,-24948120117.1875
197c9f5ceff6b9ee,nominal,c12q4,12,4,9460449218.75,7476806640.625,-1983642578.125
197c9f5ceff6b9ee,nominal,c13q0,13,0,1220703125.0,953674316.40625,-267028808.59375
197c9f5ceff6b9ee,nominal,c13q1,13,1,105056762695.3125,101280212402.34375,-3776550292.96875
197c9f5ceff6b9ee,nominal,c13q2,13,2,70724487304.6875,82130432128.90625,11405944824.21875
197c9f5ceff6b9ee,nominal,c13q3,13,3,687789916992.1875,671577453613.2812,-16212463378.90625
197c9f5ceff6b9ee,nominal,c13q4,13,4,174369812011.71875,231971740722.65625,57601928710.9375
197c9f5ceff6b9ee,nominal,c14q0,14,0,44326782226.5625,44898986816.40625,572204589.84375
197c9f5ceff6b9ee,nominal,c14q1,14,1,235671997070.3125,194854736328.125,-40817260742.1875
197c9f5ceff6b9ee,nominal,c14q2,14,2,64430236816.40625,66490173339.84375,2059936523.4375
197c9f5ceff6b9ee,nominal,c14q3,14,3,338973999023.4375,313644409179.6875,-25329589843.75
197c9f5ceff6b9ee,nominal,c14q4,14,4,17662048339.84375,13389587402.34375,-4272460937.5
197c9f5ceff6b9ee,nominal,c15q0,15,0,3700256347.65625,2441406250.0,-1258850097.65625
197c9f5ceff6b9ee,nominal,c15q1,15,1,61759948730.46875,62980651855.46875,1220703125.0
197c9f5ceff6b9ee,nominal,c15q2,15,2,108757019042.96875,97808837890.625,-10948181152.34375
197c9f5ceff6b9ee,nominal,c15q3,15,3,26664733886.71875,44021606445.3125,17356872558.59375
197c9f5ceff6b9ee,nominal,c15q4,15,4,60081481933.59375,37689208984.375,-22392272949.21875
197c9f5ceff6b9ee,nominal,c16q0,16,0,6065368652.34375,3814697265.625,-2250671386.71875
197c9f5ceff6b9ee,nominal,c16q1,16,1,22811889648.4375,30364990234.375,7553100585.9375
197c9f5ceff6b9ee,nominal,c16q2,16,2,81558227539.0625,90560913085.9375,9002685546.875
197c9f5ceff6b9ee,nominal,c16q3,16,3,253791809082.03125,234336853027.34375,-19454956054.6875
197c9f5ceff6b9ee,nominal,c16q4,16,4,22430419921.875,23727416992.1875,1296997070.3125
197c9f5ceff6b9ee,nominal,c17q0,17,0,38909912109.375,28648376464.84375,-10261535644.53125
197c9f5ceff6b9ee,nominal,c17q1,17,1,69885253906.25,82817077636.71875,12931823730.46875
197c9f5ceff6b9ee,nominal,c17q2,17,2,225791931152.34375,238800048828.125,13008117675.78125
197c9f5ceff6b9ee,nominal,c17q3,17,3,128211975097.65625,104560852050.78125,-23651123046.875
197c9f5ceff6b9ee,nominal,c17q4,17,4,22163391113.28125,18539428710.9375,-3623962402.34375
197c9f5ceff6b9ee,nominal,c18q0,18,0,4577636718.75,5035400390.625,457763671.875
197c9f5ceff6b9ee,nominal,c18q1,18,1,26550292968.75,30441284179.6875,3890991210.9375
197c9f5ceff6b9ee,nominal,c18q2,18,2,102157592773.4375,85258483886.71875,-16899108886.71875
197c9f5ceff6b9ee,nominal,c18q3,18,3,55007934570.3125,59509277343.75,4501342773.4375
197c9f5ceff6b9ee,nominal,c18q4,18,4,13618469238.28125,14190673828.125,572204589.84375
197c9f5ceff6b9ee,nominal,c19q0,19,0,5264282226.5625,7095336914.0625,1831054687.5
197c9f5ceff6b9ee,nominal,c19q1,19,1,19454956054.6875,15411376953.125,-4043579101.5625
197c9f5ceff6b9ee,nominal,c19q2,19,2,33264160156.25,40512084960.9375,7247924804.6875
197c9f5ceff6b9ee,nominal,c19q3,19,3,41503906250.0,40550231933.59375,-953674316.40625
197c9f5ceff6b9ee,nominal,c19q4,19,4,8239746093.75,8316040039.0625,76293945.3125
197c9f5ceff6b9ee,nominal,c20q0,20,0,3433227539.0625,4196166992.1875,762939453.125
197c9f5ceff6b9ee,nominal,c20q1,20,1,48294067382.8125,62255859375.0,13961791992.1875
197c9f5ceff6b9ee,nominal,c20q2,20,2,37384033203.125,41084289550.78125,3700256347.65625
197c9f5ceff6b9ee,nominal,c20q3,20,3,42877197265.625,40664672851.5625,-2212524414.0625
197c9f5ceff6b9ee,nominal,c20q4,20,4,23155212402.34375,19264221191.40625,-3890991210.9375
197c9f5ceff6b9ee,nominal,c21q0,21,0,7133483886.71875,10223388671.875,3089904785.15625
197c9f5ceff6b9ee,nominal,c21q1,21,1,15563964843.75,14114379882.8125,-1449584960.9375
197c9f5ceff6b9ee,nominal,c21q2,21,2,248451232910.15625,195159912109.375,-53291320800.78125
197c9f5ceff6b9ee,nominal,c21q3,21,3,63018798828.125,43525695800.78125,-19493103027.34375
197c9f5ceff6b9ee,nominal,c21q4,21,4,36735534667.96875,38948059082.03125,2212524414.0625
197c9f5ceff6b9ee,nominal,c22q0,22,0,0.0,0.0,0.0
197c9f5ceff6b9ee,nominal,c22q1,22,1,2517700195.3125,1640319824.21875,-877380371.09375
197c9f5ceff6b9ee,nominal,c22q2,22,2,12207031250.0,10452270507.8125,-1754760742.1875
197c9f5ceff6b9ee,nominal,c22q3,22,3,13198852539.0625,15449523925.78125,2250671386.71875
197c9f5ceff6b9ee,nominal,c22q4,22,4,10337829589.84375,9498596191.40625,-839233398.4375
197c9f5ceff6b9ee,nominal,c23q0,23,0,12054443359.375,11177062988.28125,-877380371.09375
197c9f5ceff6b9ee,nominal,c23q1,23,1,127677917480.46875,169181823730.46875,41503906250.0
197c9f5ceff6b9ee,nominal,c23q2,23,2,158424377441.40625,205345153808.59375,46920776367.1875
197c9f5ceff6b9ee,nominal,c23q3,23,3,60615539550.78125,70037841796.875,9422302246.09375
197c9f5ceff6b9ee,nominal,c23q4,23,4,32539367675.78125,22125244140.625,-10414123535.15625
197c9f5ceff6b9ee,nominal,c24q0,24,0,44364929199.21875,55541992187.5,11177062988.28125
197c9f5ceff6b9ee,nominal,c24q1,24,1,32501220703.125,40092468261.71875,7591247558.59375
197c9f5ceff6b9ee,nominal,c24q2,24,2,126228332519.53125,105247497558.59375,-20980834960.9375
197c9f5ceff6b9ee,nominal,c24q3,24,3,61225891113.28125,59394836425.78125,-1831054687.5
197c9f5ceff6b9ee,nominal,c24q4,24,4,66604614257.8125,55389404296.875,-11215209960.9375
197c9f5ceff6b9ee,nominal,c25q0,25,0,94985961914.0625,112876892089.84375,17890930175.78125
197c9f5ceff6b9ee,nominal,c25q1,25,1,150375366210.9375,207138061523.4375,56762695312.5
197c9f5ceff6b9ee,nominal,c25q2,25,2,260925292968.75,246429443359.375,-14495849609.375
197c9f5ceff6b9ee,nominal,c25q3,25,3,156936645507.8125,144538879394.53125,-12397766113.28125
197c9f5ceff6b9ee,nominal,c25q4,25,4,88958740234.375,110244750976.5625,21286010742.1875
197c9f5ceff6b9ee,nominal,c26q0,26,0,18348693847.65625,15907287597.65625,-2441406250.0
197c9f5ceff6b9ee,nominal,c26q1,26,1,101280212402.34375,73089599609.375,-28190612792.96875
197c9f5ceff6b9ee,nominal,c26q2,26,2,95787048339.84375,71907043457.03125,-23880004882.8125
197c9f5ceff6b9ee,nominal,c26q3,26,3,69236755371.09375,57983398437.5,-11253356933.59375
197c9f5ceff6b9ee,nominal,c26q4,26,4,111656188964.84375,94337463378.90625,-17318725585.9375
197c9f5ceff6b9ee,nominal,c27q0,27,0,953674316.40625,686645507.8125,-267028808.59375
197c9f5ceff6b9ee,nominal,c27q1,27,1,3128051757.8125,3471374511.71875,343322753.90625
197c9f5ceff6b9ee,nominal,c27q2,27,2,13236999511.71875,13427734375.0,190734863.28125
197c9f5ceff6b9ee,nominal,c27q3,27,3,8850097656.25,8163452148.4375,-686645507.8125
197c9f5ceff6b9ee,nominal,c27q4,27,4,7705688476.5625,4730224609.375,-2975463867.1875
197c9f5ceff6b9ee,nominal,c28q0,28,0,5798339843.75,6599426269.53125,801086425.78125
197c9f5ceff6b9ee,nominal,c28q1,28,1,172729492187.5,183639526367.1875,10910034179.6875
197c9f5ceff6b9ee,nominal,c28q2,28,2,218620300292.96875,251159667968.75,32539367675.78125
197c9f5ceff6b9ee,nominal,c28q3,28,3,512809753417.96875,373001098632.8125,-139808654785.15625
197c9f5ceff6b9ee,nominal,c28q4,28,4,910606384277.3438,1028976440429.6875,118370056152.34375
197c9f5ceff6b9ee,nominal,c29q0,29,0,54855346679.6875,66223144531.25,11367797851.5625
197c9f5ceff6b9ee,nominal,c29q1,29,1,40283203125.0,42877197265.625,2593994140.625
197c9f5ceff6b9ee,nominal,c29q2,29,2,242080688476.5625,267524719238.28125,25444030761.71875
197c9f5ceff6b9ee,nominal,c29q3,29,3,210876464843.75,297851562500.0,86975097656.25
197c9f5ceff6b9ee,nominal,c29q4,29,4,30670166015.625,36354064941.40625,5683898925.78125
197c9f5ceff6b9ee,nominal,c30q0,30,0,1678466796.875,2479553222.65625,801086425.78125
197c9f5ceff6b9ee,nominal,c30q1,30,1,9918212890.625,13389587402.34375,3471374511.71875
197c9f5ceff6b9ee,nominal,c30q2,30,2,85334777832.03125,92201232910.15625,6866455078.125
197c9f5ceff6b9ee,nominal,c30q3,30,3,240135192871.09375,305023193359.375,64888000488.28125
197c9f5ceff6b9ee,nominal,c30q4,30,4,985145568847.6562,875740051269.5312,-109405517578.125
197c9f5ceff6b9ee,nominal,c31q0,31,0,1640319824.21875,1029968261.71875,-610351562.5
197c9f5ceff6b9ee,nominal,c31q1,31,1,18272399902.34375,11215209960.9375,-7057189941.40625
197c9f5ceff6b9ee,nominal,c31q2,31,2,42381286621.09375,46005249023.4375,3623962402.34375
197c9f5ceff6b9ee,nominal,c31q3,31,3,33149719238.28125,31356811523.4375,-1792907714.84375
197c9f5ceff6b9ee,nominal,c31q4,31,4,29830932617.1875,30097961425.78125,267028808.59375
197c9f5ceff6b9ee,nominal,c32q0,32,0,44097900390.625,36354064941.40625,-7743835449.21875
197c9f5ceff6b9ee,nominal,c32q1,32,1,213661193847.65625,166816711425.78125,-46844482421.875
197c9f5ceff6b9ee,nominal,c32q2,32,2,316352844238.28125,298004150390.625,-18348693847.65625
197c9f5ceff6b9ee,nominal,c32q3,32,3,489501953125.0,430297851562.5,-59204101562.5
197c9f5ceff6b9ee,nominal,c32q4,32,4,324440002441.40625,444793701171.875,120353698730.46875
197c9f5ceff6b9ee,nominal,c33q0,33,0,1831054687.5,1754760742.1875,-76293945.3125
197c9f5ceff6b9ee,nominal,c33q1,33,1,28877258300.78125,23193359375.0,-5683898925.78125
197c9f5ceff6b9ee,nominal,c33q2,33,2,25939941406.25,25253295898.4375,-686645507.8125
197c9f5ceff6b9ee,nominal,c33q3,33,3,75492858886.71875,72021484375.0,-3471374511.71875
197c9f5ceff6b9ee,nominal,c33q4,33,4,51155090332.03125,56304931640.625,5149841308.59375
197c9f5ceff6b9ee,nominal,c34q0,34,0,1296997070.3125,1296997070.3125,0.0
197c9f5ceff6b9ee,nominal,c34q1,34,1,38909912109.375,42839050292.96875,3929138183.59375
197c9f5ceff6b9ee,nominal,c34q2,34,2,7820129394.53125,7858276367.1875,38146972.65625
197c9f5ceff6b9ee,nominal,c34q3,34,3,33988952636.71875,42190551757.8125,8201599121.09375
197c9f5ceff6b9ee,nominal,c34q4,34,4,5645751953.125,5950927734.375,305175781.25
197c9f5ceff6b9ee,nominal,c35q0,35,0,7591247558.59375,12550354003.90625,4959106445.3125
197c9f5ceff6b9ee,nominal,c35q1,35,1,109634399414.0625,140304565429.6875,30670166015.625
197c9f5ceff6b9ee,nominal,c35q2,35,2,68931579589.84375,64277648925.78125,-4653930664.0625
197c9f5ceff6b9ee,nominal,c35q3,35,3,29220581054.6875,37269592285.15625,8049011230.46875
197c9f5ceff6b9ee,nominal,c35q4,35,4,41007995605.46875,52490234375.0,11482238769.53125
197c9f5ceff6b9ee,nominal,c36q0,36,0,5607604980.46875,8277893066.40625,2670288085.9375
197c9f5ceff6b9ee,nominal,c36q1,36,1,39863586425.78125,30517578125.0,-9346008300.78125
197c9f5ceff6b9ee,nominal,c36q2,36,2,25177001953.125,22735595703.125,-2441406250.0
197c9f5ceff6b9ee,nominal,c36q3,36,3,43716430664.0625,41313171386.71875,-2403259277.34375
197c9f5ceff6b9ee,nominal,c36q4,36,4,4692077636.71875,5226135253.90625,534057617.1875
197c9f5ceff6b9ee,nominal,c37q0,37,0,11405944824.21875,13771057128.90625,2365112304.6875
197c9f5ceff6b9ee,nominal,c37q1,37,1,15602111816.40625,21171569824.21875,5569458007.8125
197c9f5ceff6b9ee,nominal,c37q2,37,2,135841369628.90625,105476379394.53125,-30364990234.375
197c9f5ceff6b9ee,nominal,c37q3,37,3,345001220703.125,299873352050.78125,-45127868652.34375
197c9f5ceff6b9ee,nominal,c37q4,37,4,76408386230.46875,60997009277.34375,-15411376953.125
197c9f5ceff6b9ee,nominal,c38q0,38,0,20256042480.46875,16555786132.8125,-3700256347.65625
197c9f5ceff6b9ee,nominal,c38q1,38,1,93193054199.21875,81520080566.40625,-11672973632.8125
197c9f5ceff6b9ee,nominal,c38q2,38,2,311203002929.6875,358924865722.65625,47721862792.96875
197c9f5ceff6b9ee,nominal,c38q3,38,3,66261291503.90625,75683593750.0,9422302246.09375
197c9f5ceff6b9ee,nominal,c38q4,38,4,127716064453.125,113754272460.9375,-13961791992.1875
197c9f5ceff6b9ee,nominal,c39q0,39,0,2822875976.5625,3890991210.9375,1068115234.375
197c9f5ceff6b9ee,nominal,c39q1,39,1,14572143554.6875,11634826660.15625,-2937316894.53125
197c9f5ceff6b9ee,nominal,c39q2,39,2,120811462402.34375,117111206054.6875,-3700256347.65625
197c9f5ceff6b9ee,nominal,c39q3,39,3,116081237792.96875,134201049804.6875,18119812011.71875
197c9f5ceff6b9ee,nominal,c39q4,39,4,32272338867.1875,40588378906.25,8316040039.0625
197c9f5ceff6b9ee,recorded_physical,c00q0,0,0,534528.0,534528.0,0.0
197c9f5ceff6b9ee,recorded_physical,c00q1,0,1,53397504.0,39271680.0,-14125824.0
197c9f5ceff6b9ee,recorded_physical,c00q2,0,2,261550080.0,222755328.0,-38794752.0
197c9f5ceff6b9ee,recorded_physical,c00q3,0,3,16607232.0,14952960.0,-1654272.0
197c9f5ceff6b9ee,recorded_physical,c00q4,0,4,32433408.0,23604480.0,-8828928.0
197c9f5ceff6b9ee,recorded_physical,c01q0,1,0,55996416.0,79441920.0,23445504.0
197c9f5ceff6b9ee,recorded_physical,c01q1,1,1,56339712.0,39591936.0,-16747776.0
197c9f5ceff6b9ee,recorded_physical,c01q2,1,2,81821952.0,75594240.0,-6227712.0
197c9f5ceff6b9ee,recorded_physical,c01q3,1,3,141520896.0,81513216.0,-60007680.0
197c9f5ceff6b9ee,recorded_physical,c01q4,1,4,167802624.0,210845952.0,43043328.0
197c9f5ceff6b9ee,recorded_physical,c02q0,2,0,603648.0,603648.0,0.0
197c9f5ceff6b9ee,recorded_physical,c02q1,2,1,5884416.0,3916800.0,-1967616.0
197c9f5ceff6b9ee,recorded_physical,c02q2,2,2,27067392.0,39654144.0,12586752.0
197c9f5ceff6b9ee,recorded_physical,c02q3,2,3,24758784.0,26148096.0,1389312.0
197c9f5ceff6b9ee,recorded_physical,c02q4,2,4,28297728.0,38430720.0,10132992.0
197c9f5ceff6b9ee,recorded_physical,c03q0,3,0,9294336.0,7577856.0,-1716480.0
197c9f5ceff6b9ee,recorded_physical,c03q1,3,1,77188608.0,70221312.0,-6967296.0
197c9f5ceff6b9ee,recorded_physical,c03q2,3,2,73870848.0,131443200.0,57572352.0
197c9f5ceff6b9ee,recorded_physical,c03q3,3,3,167152896.0,227010816.0,59857920.0
197c9f5ceff6b9ee,recorded_physical,c03q4,3,4,44363520.0,42465024.0,-1898496.0
197c9f5ceff6b9ee,recorded_physical,c04q0,4,0,603648.0,603648.0,0.0
197c9f5ceff6b9ee,recorded_physical,c04q1,4,1,55056384.0,30901248.0,-24155136.0
197c9f5ceff6b9ee,recorded_physical,c04q2,4,2,31216896.0,29631744.0,-1585152.0
197c9f5ceff6b9ee,recorded_physical,c04q3,4,3,39405312.0,38456064.0,-949248.0
197c9f5ceff6b9ee,recorded_physical,c04q4,4,4,8232192.0,8534016.0,301824.0
197c9f5ceff6b9ee,recorded_physical,c05q0,5,0,1509120.0,2483712.0,974592.0
197c9f5ceff6b9ee,recorded_physical,c05q1,5,1,6651648.0,6462720.0,-188928.0
197c9f5ceff6b9ee,recorded_physical,c05q2,5,2,91560960.0,87005952.0,-4555008.0
197c9f5ceff6b9ee,recorded_physical,c05q3,5,3,70343424.0,91752192.0,21408768.0
197c9f5ceff6b9ee,recorded_physical,c05q4,5,4,282235392.0,234084096.0,-48151296.0
197c9f5ceff6b9ee,recorded_physical,c06q0,6,0,603648.0,301824.0,-301824.0
197c9f5ceff6b9ee,recorded_physical,c06q1,6,1,3232512.0,3697920.0,465408.0
197c9f5ceff6b9ee,recorded_physical,c06q2,6,2,49999104.0,36979200.0,-13019904.0
197c9f5ceff6b9ee,recorded_physical,c06q3,6,3,126878976.0,171811584.0,44932608.0
197c9f5ceff6b9ee,recorded_physical,c06q4,6,4,45031680.0,33373440.0,-11658240.0
197c9f5ceff6b9ee,recorded_physical,c07q0,7,0,5905152.0,5137920.0,-767232.0
197c9f5ceff6b9ee,recorded_physical,c07q1,7,1,16098048.0,11331072.0,-4766976.0
197c9f5ceff6b9ee,recorded_physical,c07q2,7,2,49469184.0,69290496.0,19821312.0
197c9f5ceff6b9ee,recorded_physical,c07q3,7,3,118978560.0,73287936.0,-45690624.0
197c9f5ceff6b9ee,recorded_physical,c07q4,7,4,13526784.0,12199680.0,-1327104.0
197c9f5ceff6b9ee,recorded_physical,c08q0,8,0,1138176.0,1741824.0,603648.0
197c9f5ceff6b9ee,recorded_physical,c08q1,8,1,1509120.0,2276352.0,767232.0
197c9f5ceff6b9ee,recorded_physical,c08q2,8,2,39716352.0,29366784.0,-10349568.0
197c9f5ceff6b9ee,recorded_physical,c08q3,8,3,80220672.0,76704768.0,-3515904.0
197c9f5ceff6b9ee,recorded_physical,c08q4,8,4,3640320.0,3898368.0,258048.0
197c9f5ceff6b9ee,recorded_physical,c09q0,9,0,6216192.0,4783104.0,-1433088.0
197c9f5ceff6b9ee,recorded_physical,c09q1,9,1,15632640.0,17720064.0,2087424.0
197c9f5ceff6b9ee,recorded_physical,c09q2,9,2,23726592.0,22595328.0,-1131264.0
197c9f5ceff6b9ee,recorded_physical,c09q3,9,3,81955584.0,78658560.0,-3297024.0
197c9f5ceff6b9ee,recorded_physical,c09q4,9,4,2087424.0,1949184.0,-138240.0
197c9f5ceff6b9ee,recorded_physical,c10q0,10,0,3301632.0,3068928.0,-232704.0
197c9f5ceff6b9ee,recorded_physical,c10q1,10,1,49135104.0,58127616.0,8992512.0
197c9f5ceff6b9ee,recorded_physical,c10q2,10,2,110566656.0,151992576.0,41425920.0
197c9f5ceff6b9ee,recorded_physical,c10q3,10,3,19846656.0,17614080.0,-2232576.0
197c9f5ceff6b9ee,recorded_physical,c10q4,10,4,4720896.0,6317568.0,1596672.0
197c9f5ceff6b9ee,recorded_physical,c11q0,11,0,603648.0,836352.0,232704.0
197c9f5ceff6b9ee,recorded_physical,c11q1,11,1,15079680.0,11199744.0,-3879936.0
197c9f5ceff6b9ee,recorded_physical,c11q2,11,2,136002816.0,112564224.0,-23438592.0
197c9f5ceff6b9ee,recorded_physical,c11q3,11,3,25784064.0,29184768.0,3400704.0
197c9f5ceff6b9ee,recorded_physical,c11q4,11,4,3534336.0,3767040.0,232704.0
197c9f5ceff6b9ee,recorded_physical,c12q0,12,0,4559616.0,7119360.0,2559744.0
197c9f5ceff6b9ee,recorded_physical,c12q1,12,1,175956480.0,147246336.0,-28710144.0
197c9f5ceff6b9ee,recorded_physical,c12q2,12,2,30269952.0,39294720.0,9024768.0
197c9f5ceff6b9ee,recorded_physical,c12q3,12,3,199097856.0,177232896.0,-21864960.0
197c9f5ceff6b9ee,recorded_physical,c12q4,12,4,8312832.0,6571008.0,-1741824.0
197c9f5ceff6b9ee,recorded_physical,c13q0,13,0,1069056.0,836352.0,-232704.0
197c9f5ceff6b9ee,recorded_physical,c13q1,13,1,92708352.0,89296128.0,-3412224.0
197c9f5ceff6b9ee,recorded_physical,c13q2,13,2,62396928.0,72297216.0,9900288.0
197c9f5ceff6b9ee,recorded_physical,c13q3,13,3,604445184.0,591075072.0,-13370112.0
197c9f5ceff6b9ee,recorded_physical,c13q4,13,4,153448704.0,203846400.0,50397696.0
197c9f5ceff6b9ee,recorded_physical,c14q0,14,0,38702592.0,39193344.0,490752.0
197c9f5ceff6b9ee,recorded_physical,c14q1,14,1,206820864.0,170984448.0,-35836416.0
197c9f5ceff6b9ee,recorded_physical,c14q2,14,2,56740608.0,58551552.0,1810944.0
197c9f5ceff6b9ee,recorded_physical,c14q3,14,3,297128448.0,275231232.0,-21897216.0
197c9f5ceff6b9ee,recorded_physical,c14q4,14,4,15531264.0,11771136.0,-3760128.0
197c9f5ceff6b9ee,recorded_physical,c15q0,15,0,3269376.0,2156544.0,-1112832.0
197c9f5ceff6b9ee,recorded_physical,c15q1,15,1,54229248.0,55206144.0,976896.0
197c9f5ceff6b9ee,recorded_physical,c15q2,15,2,95516928.0,85810176.0,-9706752.0
197c9f5ceff6b9ee,recorded_physical,c15q3,15,3,23374080.0,38592000.0,15217920.0
197c9f5ceff6b9ee,recorded_physical,c15q4,15,4,52598016.0,32984064.0,-19613952.0
197c9f5ceff6b9ee,recorded_physical,c16q0,16,0,5412096.0,3400704.0,-2011392.0
197c9f5ceff6b9ee,recorded_physical,c16q1,16,1,20113920.0,26864640.0,6750720.0
197c9f5ceff6b9ee,recorded_physical,c16q2,16,2,71585280.0,79704576.0,8119296.0
197c9f5ceff6b9ee,recorded_physical,c16q3,16,3,222951168.0,205620480.0,-17330688.0
197c9f5ceff6b9ee,recorded_physical,c16q4,16,4,19768320.0,20906496.0,1138176.0
197c9f5ceff6b9ee,recorded_physical,c17q0,17,0,34311168.0,25244928.0,-9066240.0
197c9f5ceff6b9ee,recorded_physical,c17q1,17,1,61231104.0,72532224.0,11301120.0
197c9f5ceff6b9ee,recorded_physical,c17q2,17,2,197805312.0,209120256.0,11314944.0
197c9f5ceff6b9ee,recorded_physical,c17q3,17,3,113197824.0,92268288.0,-20929536.0
197c9f5ceff6b9ee,recorded_physical,c17q4,17,4,19461888.0,16298496.0,-3163392.0
197c9f5ceff6b9ee,recorded_physical,c18q0,18,0,4036608.0,4432896.0,396288.0
197c9f5ceff6b9ee,recorded_physical,c18q1,18,1,23445504.0,26915328.0,3469824.0
197c9f5ceff6b9ee,recorded_physical,c18q2,18,2,89657856.0,74891520.0,-14766336.0
197c9f5ceff6b9ee,recorded_physical,c18q3,18,3,48139776.0,52088832.0,3949056.0
197c9f5ceff6b9ee,recorded_physical,c18q4,18,4,12162816.0,12708864.0,546048.0
197c9f5ceff6b9ee,recorded_physical,c19q0,19,0,4713984.0,6372864.0,1658880.0
197c9f5ceff6b9ee,recorded_physical,c19q1,19,1,17072640.0,13538304.0,-3534336.0
197c9f5ceff6b9ee,recorded_physical,c19q2,19,2,29196288.0,35504640.0,6308352.0
197c9f5ceff6b9ee,recorded_physical,c19q3,19,3,36734976.0,35824896.0,-910080.0
197c9f5ceff6b9ee,recorded_physical,c19q4,19,4,7317504.0,7405056.0,87552.0
197c9f5ceff6b9ee,recorded_physical,c20q0,20,0,3018240.0,3691008.0,672768.0
197c9f5ceff6b9ee,recorded_physical,c20q1,20,1,42591744.0,54835200.0,12243456.0
197c9f5ceff6b9ee,recorded_physical,c20q2,20,2,32781312.0,35995392.0,3214080.0
197c9f5ceff6b9ee,recorded_physical,c20q3,20,3,37573632.0,35606016.0,-1967616.0
197c9f5ceff6b9ee,recorded_physical,c20q4,20,4,20286720.0,16890624.0,-3396096.0
197c9f5ceff6b9ee,recorded_physical,c21q0,21,0,6232320.0,8930304.0,2697984.0
197c9f5ceff6b9ee,recorded_physical,c21q1,21,1,13676544.0,12363264.0,-1313280.0
197c9f5ceff6b9ee,recorded_physical,c21q2,21,2,218168064.0,171666432.0,-46501632.0
197c9f5ceff6b9ee,recorded_physical,c21q3,21,3,55434240.0,38317824.0,-17116416.0
197c9f5ceff6b9ee,recorded_physical,c21q4,21,4,32313600.0,34262784.0,1949184.0
197c9f5ceff6b9ee,recorded_physical,c22q0,22,0,0.0,0.0,0.0
197c9f5ceff6b9ee,recorded_physical,c22q1,22,1,2207232.0,1440000.0,-767232.0
197c9f5ceff6b9ee,recorded_physical,c22q2,22,2,10690560.0,9156096.0,-1534464.0
197c9f5ceff6b9ee,recorded_physical,c22q3,22,3,11552256.0,13526784.0,1974528.0
197c9f5ceff6b9ee,recorded_physical,c22q4,22,4,9061632.0,8319744.0,-741888.0
197c9f5ceff6b9ee,recorded_physical,c23q0,23,0,10570752.0,9803520.0,-767232.0
197c9f5ceff6b9ee,recorded_physical,c23q1,23,1,111995136.0,148287744.0,36292608.0
197c9f5ceff6b9ee,recorded_physical,c23q2,23,2,138984192.0,180221184.0,41236992.0
197c9f5ceff6b9ee,recorded_physical,c23q3,23,3,53137152.0,61424640.0,8287488.0
197c9f5ceff6b9ee,recorded_physical,c23q4,23,4,28733184.0,19510272.0,-9222912.0
197c9f5ceff6b9ee,recorded_physical,c24q0,24,0,38801664.0,48549888.0,9748224.0
197c9f5ceff6b9ee,recorded_physical,c24q1,24,1,28560384.0,35336448.0,6776064.0
197c9f5ceff6b9ee,recorded_physical,c24q2,24,2,110718720.0,92411136.0,-18307584.0
197c9f5ceff6b9ee,recorded_physical,c24q3,24,3,53800704.0,52123392.0,-1677312.0
197c9f5ceff6b9ee,recorded_physical,c24q4,24,4,58277376.0,48448512.0,-9828864.0
197c9f5ceff6b9ee,recorded_physical,c25q0,25,0,83381760.0,99083520.0,15701760.0
197c9f5ceff6b9ee,recorded_physical,c25q1,25,1,132217344.0,182002176.0,49784832.0
197c9f5ceff6b9ee,recorded_physical,c25q2,25,2,229644288.0,217138176.0,-12506112.0
197c9f5ceff6b9ee,recorded_physical,c25q3,25,3,137737728.0,126938880.0,-10798848.0
197c9f5ceff6b9ee,recorded_physical,c25q4,25,4,78695424.0,97371648.0,18676224.0
197c9f5ceff6b9ee,recorded_physical,c26q0,26,0,16079616.0,13959936.0,-2119680.0
197c9f5ceff6b9ee,recorded_physical,c26q1,26,1,89332992.0,64576512.0,-24756480.0
197c9f5ceff6b9ee,recorded_physical,c26q2,26,2,83877120.0,62961408.0,-20915712.0
197c9f5ceff6b9ee,recorded_physical,c26q3,26,3,60892416.0,50982912.0,-9909504.0
197c9f5ceff6b9ee,recorded_physical,c26q4,26,4,98401536.0,83153664.0,-15247872.0
197c9f5ceff6b9ee,recorded_physical,c27q0,27,0,836352.0,603648.0,-232704.0
197c9f5ceff6b9ee,recorded_physical,c27q1,27,1,2741760.0,3043584.0,301824.0
197c9f5ceff6b9ee,recorded_physical,c27q2,27,2,11596032.0,11741184.0,145152.0
197c9f5ceff6b9ee,recorded_physical,c27q3,27,3,7759872.0,7156224.0,-603648.0
197c9f5ceff6b9ee,recorded_physical,c27q4,27,4,6741504.0,4137984.0,-2603520.0
197c9f5ceff6b9ee,recorded_physical,c28q0,28,0,5068800.0,5766912.0,698112.0
197c9f5ceff6b9ee,recorded_physical,c28q1,28,1,151603200.0,161266176.0,9662976.0
197c9f5ceff6b9ee,recorded_physical,c28q2,28,2,191768832.0,220243968.0,28475136.0
197c9f5ceff6b9ee,recorded_physical,c28q3,28,3,452360448.0,329670144.0,-122690304.0
197c9f5ceff6b9ee,recorded_physical,c28q4,28,4,800439552.0,904610304.0,104170752.0
197c9f5ceff6b9ee,recorded_physical,c29q0,29,0,48738816.0,58853376.0,10114560.0
197c9f5ceff6b9ee,recorded_physical,c29q1,29,1,35518464.0,37776384.0,2257920.0
197c9f5ceff6b9ee,recorded_physical,c29q2,29,2,212682240.0,234968832.0,22286592.0
197c9f5ceff6b9ee,recorded_physical,c29q3,29,3,185702400.0,262490112.0,76787712.0
197c9f5ceff6b9ee,recorded_physical,c29q4,29,4,26846208.0,31802112.0,4955904.0
197c9f5ceff6b9ee,recorded_physical,c30q0,30,0,1502208.0,2218752.0,716544.0
197c9f5ceff6b9ee,recorded_physical,c30q1,30,1,8709120.0,11752704.0,3043584.0
197c9f5ceff6b9ee,recorded_physical,c30q2,30,2,75255552.0,81126144.0,5870592.0
197c9f5ceff6b9ee,recorded_physical,c30q3,30,3,211076352.0,267881472.0,56805120.0
197c9f5ceff6b9ee,recorded_physical,c30q4,30,4,870310656.0,772611840.0,-97698816.0
197c9f5ceff6b9ee,recorded_physical,c31q0,31,0,1440000.0,905472.0,-534528.0
197c9f5ceff6b9ee,recorded_physical,c31q1,31,1,16047360.0,9865728.0,-6181632.0
197c9f5ceff6b9ee,recorded_physical,c31q2,31,2,37244160.0,40499712.0,3255552.0
197c9f5ceff6b9ee,recorded_physical,c31q3,31,3,29175552.0,27634176.0,-1541376.0
197c9f5ceff6b9ee,recorded_physical,c31q4,31,4,26085888.0,26318592.0,232704.0
197c9f5ceff6b9ee,recorded_physical,c32q0,32,0,38605824.0,31820544.0,-6785280.0
197c9f5ceff6b9ee,recorded_physical,c32q1,32,1,188160768.0,147195648.0,-40965120.0
197c9f5ceff6b9ee,recorded_physical,c32q2,32,2,277491456.0,261614592.0,-15876864.0
197c9f5ceff6b9ee,recorded_physical,c32q3,32,3,431032320.0,378648576.0,-52383744.0
197c9f5ceff6b9ee,recorded_physical,c32q4,32,4,284744448.0,390786048.0,106041600.0
197c9f5ceff6b9ee,recorded_physical,c33q0,33,0,1603584.0,1534464.0,-69120.0
197c9f5ceff6b9ee,recorded_physical,c33q1,33,1,25433856.0,20422656.0,-5011200.0
197c9f5ceff6b9ee,recorded_physical,c33q2,33,2,22966272.0,22344192.0,-622080.0
197c9f5ceff6b9ee,recorded_physical,c33q3,33,3,66302208.0,63258624.0,-3043584.0
197c9f5ceff6b9ee,recorded_physical,c33q4,33,4,44990208.0,49554432.0,4564224.0
197c9f5ceff6b9ee,recorded_physical,c34q0,34,0,1138176.0,1138176.0,0.0
197c9f5ceff6b9ee,recorded_physical,c34q1,34,1,33942528.0,37363968.0,3421440.0
197c9f5ceff6b9ee,recorded_physical,c34q2,34,2,6854400.0,6879744.0,25344.0
197c9f5ceff6b9ee,recorded_physical,c34q3,34,3,29751552.0,36933120.0,7181568.0
197c9f5ceff6b9ee,recorded_physical,c34q4,34,4,4967424.0,5225472.0,258048.0
197c9f5ceff6b9ee,recorded_physical,c35q0,35,0,6757632.0,11158272.0,4400640.0
197c9f5ceff6b9ee,recorded_physical,c35q1,35,1,96468480.0,123351552.0,26883072.0
197c9f5ceff6b9ee,recorded_physical,c35q2,35,2,60486912.0,56362752.0,-4124160.0
197c9f5ceff6b9ee,recorded_physical,c35q3,35,3,25772544.0,32889600.0,7117056.0
197c9f5ceff6b9ee,recorded_physical,c35q4,35,4,35926272.0,45987840.0,10061568.0
197c9f5ceff6b9ee,recorded_physical,c36q0,36,0,4905216.0,7232256.0,2327040.0
197c9f5ceff6b9ee,recorded_physical,c36q1,36,1,35294976.0,26984448.0,-8310528.0
197c9f5ceff6b9ee,recorded_physical,c36q2,36,2,22182912.0,20044800.0,-2138112.0
197c9f5ceff6b9ee,recorded_physical,c36q3,36,3,38462976.0,36276480.0,-2186496.0
197c9f5ceff6b9ee,recorded_physical,c36q4,36,4,4112640.0,4578048.0,465408.0
197c9f5ceff6b9ee,recorded_physical,c37q0,37,0,9992448.0,12079872.0,2087424.0
197c9f5ceff6b9ee,recorded_physical,c37q1,37,1,13738752.0,18637056.0,4898304.0
197c9f5ceff6b9ee,recorded_physical,c37q2,37,2,119243520.0,92618496.0,-26625024.0
197c9f5ceff6b9ee,recorded_physical,c37q3,37,3,302404608.0,262985472.0,-39419136.0
197c9f5ceff6b9ee,recorded_physical,c37q4,37,4,67500288.0,53740800.0,-13759488.0
197c9f5ceff6b9ee,recorded_physical,c38q0,38,0,17807616.0,14593536.0,-3214080.0
197c9f5ceff6b9ee,recorded_physical,c38q1,38,1,82098432.0,71725824.0,-10372608.0
197c9f5ceff6b9ee,recorded_physical,c38q2,38,2,273203712.0,314530560.0,41326848.0
197c9f5ceff6b9ee,recorded_physical,c38q3,38,3,58196736.0,66447360.0,8250624.0
197c9f5ceff6b9ee,recorded_physical,c38q4,38,4,112555008.0,100256256.0,-12298752.0
197c9f5ceff6b9ee,recorded_physical,c39q0,39,0,2483712.0,3414528.0,930816.0
197c9f5ceff6b9ee,recorded_physical,c39q1,39,1,12833280.0,10273536.0,-2559744.0
197c9f5ceff6b9ee,recorded_physical,c39q2,39,2,105921792.0,102578688.0,-3343104.0
197c9f5ceff6b9ee,recorded_physical,c39q3,39,3,101875968.0,117600768.0,15724800.0
197c9f5ceff6b9ee,recorded_physical,c39q4,39,4,28426752.0,35739648.0,7312896.0
b100ad1935c71002,nominal,c00q0,0,0,610351562.5,610351562.5,0.0
b100ad1935c71002,nominal,c00q1,0,1,61035156250.0,62980651855.46875,1945495605.46875
b100ad1935c71002,nominal,c00q2,0,2,298156738281.25,296096801757.8125,-2059936523.4375
b100ad1935c71002,nominal,c00q3,0,3,18920898437.5,17967224121.09375,-953674316.40625
b100ad1935c71002,nominal,c00q4,0,4,36888122558.59375,34866333007.8125,-2021789550.78125
b100ad1935c71002,nominal,c01q0,1,0,64086914062.5,62065124511.71875,-2021789550.78125
b100ad1935c71002,nominal,c01q1,1,1,64353942871.09375,66032409667.96875,1678466796.875
b100ad1935c71002,nominal,c01q2,1,2,93498229980.46875,91705322265.625,-1792907714.84375
b100ad1935c71002,nominal,c01q3,1,3,161437988281.25,149993896484.375,-11444091796.875
b100ad1935c71002,nominal,c01q4,1,4,190925598144.53125,186882019042.96875,-4043579101.5625
b100ad1935c71002,nominal,c02q0,2,0,686645507.8125,686645507.8125,0.0
b100ad1935c71002,nominal,c02q1,2,1,6637573242.1875,6217956542.96875,-419616699.21875
b100ad1935c71002,nominal,c02q2,2,2,30670166015.625,29792785644.53125,-877380371.09375
b100ad1935c71002,nominal,c02q3,2,3,28305053710.9375,28381347656.25,76293945.3125
b100ad1935c71002,nominal,c02q4,2,4,32272338867.1875,32005310058.59375,-267028808.59375
b100ad1935c71002,nominal,c03q0,3,0,10604858398.4375,10528564453.125,-76293945.3125
b100ad1935c71002,nominal,c03q1,3,1,87661743164.0625,93917846679.6875,6256103515.625
b100ad1935c71002,nominal,c03q2,3,2,83694458007.8125,85449218750.0,1754760742.1875
b100ad1935c71002,nominal,c03q3,3,3,190086364746.09375,194702148437.5,4615783691.40625
b100ad1935c71002,nominal,c03q4,3,4,50544738769.53125,49743652343.75,-801086425.78125
b100ad1935c71002,nominal,c04q0,4,0,686645507.8125,686645507.8125,0.0
b100ad1935c71002,nominal,c04q1,4,1,62866210937.5,62637329101.5625,-228881835.9375
b100ad1935c71002,nominal,c04q2,4,2,35667419433.59375,36354064941.40625,686645507.8125
b100ad1935c71002,nominal,c04q3,4,3,45051574707.03125,45661926269.53125,610351562.5
b100ad1935c71002,nominal,c04q4,4,4,9422302246.09375,9689331054.6875,267028808.59375
b100ad1935c71002,nominal,c05q0,5,0,1716613769.53125,1716613769.53125,0.0
b100ad1935c71002,nominal,c05q1,5,1,7514953613.28125,7171630859.375,-343322753.90625
b100ad1935c71002,nominal,c05q2,5,2,103912353515.625,105476379394.53125,1564025878.90625
b100ad1935c71002,nominal,c05q3,5,3,79994201660.15625,81329345703.125,1335144042.96875
b100ad1935c71002,nominal,c05q4,5,4,320053100585.9375,299263000488.28125,-20790100097.65625
b100ad1935c71002,nominal,c06q0,6,0,686645507.8125,686645507.8125,0.0
b100ad1935c71002,nominal,c06q1,6,1,3700256347.65625,3433227539.0625,-267028808.59375
b100ad1935c71002,nominal,c06q2,6,2,56724548339.84375,54969787597.65625,-1754760742.1875
b100ad1935c71002,nominal,c06q3,6,3,144920349121.09375,148239135742.1875,3318786621.09375
b100ad1935c71002,nominal,c06q4,6,4,51383972167.96875,54855346679.6875,3471374511.71875
b100ad1935c71002,nominal,c07q0,7,0,6752014160.15625,7019042968.75,267028808.59375
b100ad1935c71002,nominal,c07q1,7,1,18348693847.65625,18920898437.5,572204589.84375
b100ad1935c71002,nominal,c07q2,7,2,56037902832.03125,54740905761.71875,-1296997070.3125
b100ad1935c71002,nominal,c07q3,7,3,135192871093.75,136451721191.40625,1258850097.65625
b100ad1935c71002,nominal,c07q4,7,4,15449523925.78125,16326904296.875,877380371.09375
b100ad1935c71002,nominal,c08q0,8,0,1296997070.3125,1296997070.3125,0.0
b100ad1935c71002,nominal,c08q1,8,1,1716613769.53125,1716613769.53125,0.0
b100ad1935c71002,nominal,c08q2,8,2,45242309570.3125,46997070312.5,1754760742.1875
b100ad1935c71002,nominal,c08q3,8,3,91171264648.4375,96282958984.375,5111694335.9375
b100ad1935c71002,nominal,c08q4,8,4,4119873046.875,4119873046.875,0.0
b100ad1935c71002,nominal,c09q0,9,0,6942749023.4375,7019042968.75,76293945.3125
b100ad1935c71002,nominal,c09q1,9,1,17814636230.46875,17547607421.875,-267028808.59375
b100ad1935c71002,nominal,c09q2,9,2,26779174804.6875,25863647460.9375,-915527343.75
b100ad1935c71002,nominal,c09q3,9,3,93727111816.40625,88424682617.1875,-5302429199.21875
b100ad1935c71002,nominal,c09q4,9,4,2365112304.6875,2365112304.6875,0.0
b100ad1935c71002,nominal,c10q0,10,0,3776550292.96875,3776550292.96875,0.0
b100ad1935c71002,nominal,c10q1,10,1,55923461914.0625,55809020996.09375,-114440917.96875
b100ad1935c71002,nominal,c10q2,10,2,125694274902.34375,128440856933.59375,2746582031.25
b100ad1935c71002,nominal,c10q3,10,3,22659301757.8125,22239685058.59375,-419616699.21875
b100ad1935c71002,nominal,c10q4,10,4,5302429199.21875,5226135253.90625,-76293945.3125
b100ad1935c71002,nominal,c11q0,11,0,686645507.8125,686645507.8125,0.0
b100ad1935c71002,nominal,c11q1,11,1,17204284667.96875,16784667968.75,-419616699.21875
b100ad1935c71002,nominal,c11q2,11,2,155296325683.59375,147132873535.15625,-8163452148.4375
b100ad1935c71002,nominal,c11q3,11,3,29182434082.03125,28572082519.53125,-610351562.5
b100ad1935c71002,nominal,c11q4,11,4,4043579101.5625,4043579101.5625,0.0
b100ad1935c71002,nominal,c12q0,12,0,5226135253.90625,5226135253.90625,0.0
b100ad1935c71002,nominal,c12q1,12,1,199508666992.1875,197944641113.28125,-1564025878.90625
b100ad1935c71002,nominal,c12q2,12,2,34408569335.9375,35591125488.28125,1182556152.34375
b100ad1935c71002,nominal,c12q3,12,3,226211547851.5625,230293273925.78125,4081726074.21875
b100ad1935c71002,nominal,c12q4,12,4,9460449218.75,9117126464.84375,-343322753.90625
b100ad1935c71002,nominal,c13q0,13,0,1220703125.0,1220703125.0,0.0
b100ad1935c71002,nominal,c13q1,13,1,105056762695.3125,103645324707.03125,-1411437988.28125
b100ad1935c71002,nominal,c13q2,13,2,70724487304.6875,70304870605.46875,-419616699.21875
b100ad1935c71002,nominal,c13q3,13,3,687789916992.1875,678405761718.75,-9384155273.4375
b100ad1935c71002,nominal,c13q4,13,4,174369812011.71875,176811218261.71875,2441406250.0
b100ad1935c71002,nominal,c14q0,14,0,44326782226.5625,44059753417.96875,-267028808.59375
b100ad1935c71002,nominal,c14q1,14,1,235671997070.3125,237884521484.375,2212524414.0625
b100ad1935c71002,nominal,c14q2,14,2,64430236816.40625,67710876464.84375,3280639648.4375
b100ad1935c71002,nominal,c14q3,14,3,338973999023.4375,344543457031.25,5569458007.8125
b100ad1935c71002,nominal,c14q4,14,4,17662048339.84375,18424987792.96875,762939453.125
b100ad1935c71002,nominal,c15q0,15,0,3700256347.65625,3700256347.65625,0.0
b100ad1935c71002,nominal,c15q1,15,1,61759948730.46875,58975219726.5625,-2784729003.90625
b100ad1935c71002,nominal,c15q2,15,2,108757019042.96875,103111267089.84375,-5645751953.125
b100ad1935c71002,nominal,c15q3,15,3,26664733886.71875,26397705078.125,-267028808.59375
b100ad1935c71002,nominal,c15q4,15,4,60081481933.59375,61645507812.5,1564025878.90625
b100ad1935c71002,nominal,c16q0,16,0,6065368652.34375,6141662597.65625,76293945.3125
b100ad1935c71002,nominal,c16q1,16,1,22811889648.4375,23498535156.25,686645507.8125
b100ad1935c71002,nominal,c16q2,16,2,81558227539.0625,85945129394.53125,4386901855.46875
b100ad1935c71002,nominal,c16q3,16,3,253791809082.03125,237693786621.09375,-16098022460.9375
b100ad1935c71002,nominal,c16q4,16,4,22430419921.875,22888183593.75,457763671.875
b100ad1935c71002,nominal,c17q0,17,0,38909912109.375,39939880371.09375,1029968261.71875
b100ad1935c71002,nominal,c17q1,17,1,69885253906.25,69694519042.96875,-190734863.28125
b100ad1935c71002,nominal,c17q2,17,2,225791931152.34375,232772827148.4375,6980895996.09375
b100ad1935c71002,nominal,c17q3,17,3,128211975097.65625,125312805175.78125,-2899169921.875
b100ad1935c71002,nominal,c17q4,17,4,22163391113.28125,23307800292.96875,1144409179.6875
b100ad1935c71002,nominal,c18q0,18,0,4577636718.75,4234313964.84375,-343322753.90625
b100ad1935c71002,nominal,c18q1,18,1,26550292968.75,26893615722.65625,343322753.90625
b100ad1935c71002,nominal,c18q2,18,2,102157592773.4375,100364685058.59375,-1792907714.84375
b100ad1935c71002,nominal,c18q3,18,3,55007934570.3125,53176879882.8125,-1831054687.5
b100ad1935c71002,nominal,c18q4,18,4,13618469238.28125,13313293457.03125,-305175781.25
b100ad1935c71002,nominal,c19q0,19,0,5264282226.5625,5264282226.5625,0.0
b100ad1935c71002,nominal,c19q1,19,1,19454956054.6875,18577575683.59375,-877380371.09375
b100ad1935c71002,nominal,c19q2,19,2,33264160156.25,33340454101.5625,76293945.3125
b100ad1935c71002,nominal,c19q3,19,3,41503906250.0,41313171386.71875,-190734863.28125
b100ad1935c71002,nominal,c19q4,19,4,8239746093.75,8163452148.4375,-76293945.3125
b100ad1935c71002,nominal,c20q0,20,0,3433227539.0625,3433227539.0625,0.0
b100ad1935c71002,nominal,c20q1,20,1,48294067382.8125,45661926269.53125,-2632141113.28125
b100ad1935c71002,nominal,c20q2,20,2,37384033203.125,36659240722.65625,-724792480.46875
b100ad1935c71002,nominal,c20q3,20,3,42877197265.625,42572021484.375,-305175781.25
b100ad1935c71002,nominal,c20q4,20,4,23155212402.34375,21667480468.75,-1487731933.59375
b100ad1935c71002,nominal,c21q0,21,0,7133483886.71875,7133483886.71875,0.0
b100ad1935c71002,nominal,c21q1,21,1,15563964843.75,15144348144.53125,-419616699.21875
b100ad1935c71002,nominal,c21q2,21,2,248451232910.15625,232391357421.875,-16059875488.28125
b100ad1935c71002,nominal,c21q3,21,3,63018798828.125,64048767089.84375,1029968261.71875
b100ad1935c71002,nominal,c21q4,21,4,36735534667.96875,36506652832.03125,-228881835.9375
b100ad1935c71002,nominal,c22q0,22,0,0.0,0.0,0.0
b100ad1935c71002,nominal,c22q1,22,1,2517700195.3125,2517700195.3125,0.0
b100ad1935c71002,nominal,c22q2,22,2,12207031250.0,11940002441.40625,-267028808.59375
b100ad1935c71002,nominal,c22q3,22,3,13198852539.0625,13198852539.0625,0.0
b100ad1935c71002,nominal,c22q4,22,4,10337829589.84375,10948181152.34375,610351562.5
b100ad1935c71002,nominal,c23q0,23,0,12054443359.375,12741088867.1875,686645507.8125
b100ad1935c71002,nominal,c23q1,23,1,127677917480.46875,132827758789.0625,5149841308.59375
b100ad1935c71002,nominal,c23q2,23,2,158424377441.40625,151977539062.5,-6446838378.90625
b100ad1935c71002,nominal,c23q3,23,3,60615539550.78125,61073303222.65625,457763671.875
b100ad1935c71002,nominal,c23q4,23,4,32539367675.78125,31356811523.4375,-1182556152.34375
b100ad1935c71002,nominal,c24q0,24,0,44364929199.21875,41275024414.0625,-3089904785.15625
b100ad1935c71002,nominal,c24q1,24,1,32501220703.125,34217834472.65625,1716613769.53125
b100ad1935c71002,nominal,c24q2,24,2,126228332519.53125,132179260253.90625,5950927734.375
b100ad1935c71002,nominal,c24q3,24,3,61225891113.28125,58860778808.59375,-2365112304.6875
b100ad1935c71002,nominal,c24q4,24,4,66604614257.8125,70457458496.09375,3852844238.28125
b100ad1935c71002,nominal,c25q0,25,0,94985961914.0625,94795227050.78125,-190734863.28125
b100ad1935c71002,nominal,c25q1,25,1,150375366210.9375,152206420898.4375,1831054687.5
b100ad1935c71002,nominal,c25q2,25,2,260925292968.75,259246826171.875,-1678466796.875
b100ad1935c71002,nominal,c25q3,25,3,156936645507.8125,159111022949.21875,2174377441.40625
b100ad1935c71002,nominal,c25q4,25,4,88958740234.375,89454650878.90625,495910644.53125
b100ad1935c71002,nominal,c26q0,26,0,18348693847.65625,18692016601.5625,343322753.90625
b100ad1935c71002,nominal,c26q1,26,1,101280212402.34375,100631713867.1875,-648498535.15625
b100ad1935c71002,nominal,c26q2,26,2,95787048339.84375,97770690917.96875,1983642578.125
b100ad1935c71002,nominal,c26q3,26,3,69236755371.09375,68588256835.9375,-648498535.15625
b100ad1935c71002,nominal,c26q4,26,4,111656188964.84375,113945007324.21875,2288818359.375
b100ad1935c71002,nominal,c27q0,27,0,953674316.40625,953674316.40625,0.0
b100ad1935c71002,nominal,c27q1,27,1,3128051757.8125,3128051757.8125,0.0
b100ad1935c71002,nominal,c27q2,27,2,13236999511.71875,13236999511.71875,0.0
b100ad1935c71002,nominal,c27q3,27,3,8850097656.25,9803771972.65625,953674316.40625
b100ad1935c71002,nominal,c27q4,27,4,7705688476.5625,7972717285.15625,267028808.59375
b100ad1935c71002,nominal,c28q0,28,0,5798339843.75,6065368652.34375,267028808.59375
b100ad1935c71002,nominal,c28q1,28,1,172729492187.5,164833068847.65625,-7896423339.84375
b100ad1935c71002,nominal,c28q2,28,2,218620300292.96875,231056213378.90625,12435913085.9375
b100ad1935c71002,nominal,c28q3,28,3,512809753417.96875,505676269531.25,-7133483886.71875
b100ad1935c71002,nominal,c28q4,28,4,910606384277.3438,872344970703.125,-38261413574.21875
b100ad1935c71002,nominal,c29q0,29,0,54855346679.6875,55427551269.53125,572204589.84375
b100ad1935c71002,nominal,c29q1,29,1,40283203125.0,41084289550.78125,801086425.78125
b100ad1935c71002,nominal,c29q2,29,2,242080688476.5625,249023437500.0,6942749023.4375
b100ad1935c71002,nominal,c29q3,29,3,210876464843.75,210227966308.59375,-648498535.15625
b100ad1935c71002,nominal,c29q4,29,4,30670166015.625,31623840332.03125,953674316.40625
b100ad1935c71002,nominal,c30q0,30,0,1678466796.875,1678466796.875,0.0
b100ad1935c71002,nominal,c30q1,30,1,9918212890.625,10604858398.4375,686645507.8125
b100ad1935c71002,nominal,c30q2,30,2,85334777832.03125,84991455078.125,-343322753.90625
b100ad1935c71002,nominal,c30q3,30,3,240135192871.09375,241928100585.9375,1792907714.84375
b100ad1935c71002,nominal,c30q4,30,4,985145568847.6562,1051635742187.5,66490173339.84375
b100ad1935c71002,nominal,c31q0,31,0,1640319824.21875,1640319824.21875,0.0
b100ad1935c71002,nominal,c31q1,31,1,18272399902.34375,17738342285.15625,-534057617.1875
b100ad1935c71002,nominal,c31q2,31,2,42381286621.09375,40321350097.65625,-2059936523.4375
b100ad1935c71002,nominal,c31q3,31,3,33149719238.28125,33607482910.15625,457763671.875
b100ad1935c71002,nominal,c31q4,31,4,29830932617.1875,28419494628.90625,-1411437988.28125
b100ad1935c71002,nominal,c32q0,32,0,44097900390.625,43754577636.71875,-343322753.90625
b100ad1935c71002,nominal,c32q1,32,1,213661193847.65625,216293334960.9375,2632141113.28125
b100ad1935c71002,nominal,c32q2,32,2,316352844238.28125,307464599609.375,-8888244628.90625
b100ad1935c71002,nominal,c32q3,32,3,489501953125.0,490036010742.1875,534057617.1875
b100ad1935c71002,nominal,c32q4,32,4,324440002441.40625,354461669921.875,30021667480.46875
b100ad1935c71002,nominal,c33q0,33,0,1831054687.5,1831054687.5,0.0
b100ad1935c71002,nominal,c33q1,33,1,28877258300.78125,27160644531.25,-1716613769.53125
b100ad1935c71002,nominal,c33q2,33,2,25939941406.25,27961730957.03125,2021789550.78125
b100ad1935c71002,nominal,c33q3,33,3,75492858886.71875,75073242187.5,-419616699.21875
b100ad1935c71002,nominal,c33q4,33,4,51155090332.03125,52223205566.40625,1068115234.375
b100ad1935c71002,nominal,c34q0,34,0,1296997070.3125,1296997070.3125,0.0
b100ad1935c71002,nominal,c34q1,34,1,38909912109.375,40779113769.53125,1869201660.15625
b100ad1935c71002,nominal,c34q2,34,2,7820129394.53125,7820129394.53125,0.0
b100ad1935c71002,nominal,c34q3,34,3,33988952636.71875,32577514648.4375,-1411437988.28125
b100ad1935c71002,nominal,c34q4,34,4,5645751953.125,5989074707.03125,343322753.90625
b100ad1935c71002,nominal,c35q0,35,0,7591247558.59375,7362365722.65625,-228881835.9375
b100ad1935c71002,nominal,c35q1,35,1,109634399414.0625,108871459960.9375,-762939453.125
b100ad1935c71002,nominal,c35q2,35,2,68931579589.84375,64392089843.75,-4539489746.09375
b100ad1935c71002,nominal,c35q3,35,3,29220581054.6875,30479431152.34375,1258850097.65625
b100ad1935c71002,nominal,c35q4,35,4,41007995605.46875,41656494140.625,648498535.15625
b100ad1935c71002,nominal,c36q0,36,0,5607604980.46875,5874633789.0625,267028808.59375
b100ad1935c71002,nominal,c36q1,36,1,39863586425.78125,40168762207.03125,305175781.25
b100ad1935c71002,nominal,c36q2,36,2,25177001953.125,24414062500.0,-762939453.125
b100ad1935c71002,nominal,c36q3,36,3,43716430664.0625,42533874511.71875,-1182556152.34375
b100ad1935c71002,nominal,c36q4,36,4,4692077636.71875,4692077636.71875,0.0
b100ad1935c71002,nominal,c37q0,37,0,11405944824.21875,10528564453.125,-877380371.09375
b100ad1935c71002,nominal,c37q1,37,1,15602111816.40625,15487670898.4375,-114440917.96875
b100ad1935c71002,nominal,c37q2,37,2,135841369628.90625,133171081542.96875,-2670288085.9375
b100ad1935c71002,nominal,c37q3,37,3,345001220703.125,344810485839.84375,-190734863.28125
b100ad1935c71002,nominal,c37q4,37,4,76408386230.46875,79002380371.09375,2593994140.625
b100ad1935c71002,nominal,c38q0,38,0,20256042480.46875,21362304687.5,1106262207.03125
b100ad1935c71002,nominal,c38q1,38,1,93193054199.21875,93383789062.5,190734863.28125
b100ad1935c71002,nominal,c38q2,38,2,311203002929.6875,301589965820.3125,-9613037109.375
b100ad1935c71002,nominal,c38q3,38,3,66261291503.90625,66452026367.1875,190734863.28125
b100ad1935c71002,nominal,c38q4,38,4,127716064453.125,126075744628.90625,-1640319824.21875
b100ad1935c71002,nominal,c39q0,39,0,2822875976.5625,2822875976.5625,0.0
b100ad1935c71002,nominal,c39q1,39,1,14572143554.6875,13084411621.09375,-1487731933.59375
b100ad1935c71002,nominal,c39q2,39,2,120811462402.34375,121307373046.875,495910644.53125
b100ad1935c71002,nominal,c39q3,39,3,116081237792.96875,119247436523.4375,3166198730.46875
b100ad1935c71002,nominal,c39q4,39,4,32272338867.1875,33798217773.4375,1525878906.25
b100ad1935c71002,recorded_physical,c00q0,0,0,534528.0,534528.0,0.0
b100ad1935c71002,recorded_physical,c00q1,0,1,53397504.0,55095552.0,1698048.0
b100ad1935c71002,recorded_physical,c00q2,0,2,261550080.0,259757568.0,-1792512.0
b100ad1935c71002,recorded_physical,c00q3,0,3,16607232.0,15770880.0,-836352.0
b100ad1935c71002,recorded_physical,c00q4,0,4,32433408.0,30666240.0,-1767168.0
b100ad1935c71002,recorded_physical,c01q0,1,0,55996416.0,54229248.0,-1767168.0
b100ad1935c71002,recorded_physical,c01q1,1,1,56339712.0,57823488.0,1483776.0
b100ad1935c71002,recorded_physical,c01q2,1,2,81821952.0,80262144.0,-1559808.0
b100ad1935c71002,recorded_physical,c01q3,1,3,141520896.0,131503104.0,-10017792.0
b100ad1935c71002,recorded_physical,c01q4,1,4,167802624.0,164286720.0,-3515904.0
b100ad1935c71002,recorded_physical,c02q0,2,0,603648.0,603648.0,0.0
b100ad1935c71002,recorded_physical,c02q1,2,1,5884416.0,5513472.0,-370944.0
b100ad1935c71002,recorded_physical,c02q2,2,2,27067392.0,26300160.0,-767232.0
b100ad1935c71002,recorded_physical,c02q3,2,3,24758784.0,24827904.0,69120.0
b100ad1935c71002,recorded_physical,c02q4,2,4,28297728.0,28065024.0,-232704.0
b100ad1935c71002,recorded_physical,c03q0,3,0,9294336.0,9225216.0,-69120.0
b100ad1935c71002,recorded_physical,c03q1,3,1,77188608.0,82690560.0,5501952.0
b100ad1935c71002,recorded_physical,c03q2,3,2,73870848.0,75405312.0,1534464.0
b100ad1935c71002,recorded_physical,c03q3,3,3,167152896.0,171233280.0,4080384.0
b100ad1935c71002,recorded_physical,c03q4,3,4,44363520.0,43665408.0,-698112.0
b100ad1935c71002,recorded_physical,c04q0,4,0,603648.0,603648.0,0.0
b100ad1935c71002,recorded_physical,c04q1,4,1,55056384.0,54849024.0,-207360.0
b100ad1935c71002,recorded_physical,c04q2,4,2,31216896.0,31820544.0,603648.0
b100ad1935c71002,recorded_physical,c04q3,4,3,39405312.0,39939840.0,534528.0
b100ad1935c71002,recorded_physical,c04q4,4,4,8232192.0,8464896.0,232704.0
b100ad1935c71002,recorded_physical,c05q0,5,0,1509120.0,1509120.0,0.0
b100ad1935c71002,recorded_physical,c05q1,5,1,6651648.0,6349824.0,-301824.0
b100ad1935c71002,recorded_physical,c05q2,5,2,91560960.0,92968704.0,1407744.0
b100ad1935c71002,recorded_physical,c05q3,5,3,70343424.0,71525376.0,1181952.0
b100ad1935c71002,recorded_physical,c05q4,5,4,282235392.0,264054528.0,-18180864.0
b100ad1935c71002,recorded_physical,c06q0,6,0,603648.0,603648.0,0.0
b100ad1935c71002,recorded_physical,c06q1,6,1,3232512.0,2999808.0,-232704.0
b100ad1935c71002,recorded_physical,c06q2,6,2,49999104.0,48464640.0,-1534464.0
b100ad1935c71002,recorded_physical,c06q3,6,3,126878976.0,129784320.0,2905344.0
b100ad1935c71002,recorded_physical,c06q4,6,4,45031680.0,48075264.0,3043584.0
b100ad1935c71002,recorded_physical,c07q0,7,0,5905152.0,6137856.0,232704.0
b100ad1935c71002,recorded_physical,c07q1,7,1,16098048.0,16588800.0,490752.0
b100ad1935c71002,recorded_physical,c07q2,7,2,49469184.0,48294144.0,-1175040.0
b100ad1935c71002,recorded_physical,c07q3,7,3,118978560.0,120091392.0,1112832.0
b100ad1935c71002,recorded_physical,c07q4,7,4,13526784.0,14294016.0,767232.0
b100ad1935c71002,recorded_physical,c08q0,8,0,1138176.0,1138176.0,0.0
b100ad1935c71002,recorded_physical,c08q1,8,1,1509120.0,1509120.0,0.0
b100ad1935c71002,recorded_physical,c08q2,8,2,39716352.0,41269248.0,1552896.0
b100ad1935c71002,recorded_physical,c08q3,8,3,80220672.0,84741120.0,4520448.0
b100ad1935c71002,recorded_physical,c08q4,8,4,3640320.0,3640320.0,0.0
b100ad1935c71002,recorded_physical,c09q0,9,0,6216192.0,6285312.0,69120.0
b100ad1935c71002,recorded_physical,c09q1,9,1,15632640.0,15399936.0,-232704.0
b100ad1935c71002,recorded_physical,c09q2,9,2,23726592.0,22915584.0,-811008.0
b100ad1935c71002,recorded_physical,c09q3,9,3,81955584.0,77326848.0,-4628736.0
b100ad1935c71002,recorded_physical,c09q4,9,4,2087424.0,2087424.0,0.0
b100ad1935c71002,recorded_physical,c10q0,10,0,3301632.0,3301632.0,0.0
b100ad1935c71002,recorded_physical,c10q1,10,1,49135104.0,49022208.0,-112896.0
b100ad1935c71002,recorded_physical,c10q2,10,2,110566656.0,112962816.0,2396160.0
b100ad1935c71002,recorded_physical,c10q3,10,3,19846656.0,19475712.0,-370944.0
b100ad1935c71002,recorded_physical,c10q4,10,4,4720896.0,4651776.0,-69120.0
b100ad1935c71002,recorded_physical,c11q0,11,0,603648.0,603648.0,0.0
b100ad1935c71002,recorded_physical,c11q1,11,1,15079680.0,14708736.0,-370944.0
b100ad1935c71002,recorded_physical,c11q2,11,2,136002816.0,128846592.0,-7156224.0
b100ad1935c71002,recorded_physical,c11q3,11,3,25784064.0,25249536.0,-534528.0
b100ad1935c71002,recorded_physical,c11q4,11,4,3534336.0,3534336.0,0.0
b100ad1935c71002,recorded_physical,c12q0,12,0,4559616.0,4559616.0,0.0
b100ad1935c71002,recorded_physical,c12q1,12,1,175956480.0,174585600.0,-1370880.0
b100ad1935c71002,recorded_physical,c12q2,12,2,30269952.0,31313664.0,1043712.0
b100ad1935c71002,recorded_physical,c12q3,12,3,199097856.0,202694400.0,3596544.0
b100ad1935c71002,recorded_physical,c12q4,12,4,8312832.0,8011008.0,-301824.0
b100ad1935c71002,recorded_physical,c13q0,13,0,1069056.0,1069056.0,0.0
b100ad1935c71002,recorded_physical,c13q1,13,1,92708352.0,91457280.0,-1251072.0
b100ad1935c71002,recorded_physical,c13q2,13,2,62396928.0,62044416.0,-352512.0
b100ad1935c71002,recorded_physical,c13q3,13,3,604445184.0,596164608.0,-8280576.0
b100ad1935c71002,recorded_physical,c13q4,13,4,153448704.0,155531520.0,2082816.0
b100ad1935c71002,recorded_physical,c14q0,14,0,38702592.0,38469888.0,-232704.0
b100ad1935c71002,recorded_physical,c14q1,14,1,206820864.0,208733184.0,1912320.0
b100ad1935c71002,recorded_physical,c14q2,14,2,56740608.0,59639040.0,2898432.0
b100ad1935c71002,recorded_physical,c14q3,14,3,297128448.0,302008320.0,4879872.0
b100ad1935c71002,recorded_physical,c14q4,14,4,15531264.0,16204032.0,672768.0
b100ad1935c71002,recorded_physical,c15q0,15,0,3269376.0,3269376.0,0.0
b100ad1935c71002,recorded_physical,c15q1,15,1,54229248.0,51789312.0,-2439936.0
b100ad1935c71002,recorded_physical,c15q2,15,2,95516928.0,90549504.0,-4967424.0
b100ad1935c71002,recorded_physical,c15q3,15,3,23374080.0,23141376.0,-232704.0
b100ad1935c71002,recorded_physical,c15q4,15,4,52598016.0,53968896.0,1370880.0
b100ad1935c71002,recorded_physical,c16q0,16,0,5412096.0,5481216.0,69120.0
b100ad1935c71002,recorded_physical,c16q1,16,1,20113920.0,20717568.0,603648.0
b100ad1935c71002,recorded_physical,c16q2,16,2,71585280.0,75458304.0,3873024.0
b100ad1935c71002,recorded_physical,c16q3,16,3,222951168.0,208790784.0,-14160384.0
b100ad1935c71002,recorded_physical,c16q4,16,4,19768320.0,20164608.0,396288.0
b100ad1935c71002,recorded_physical,c17q0,17,0,34311168.0,35216640.0,905472.0
b100ad1935c71002,recorded_physical,c17q1,17,1,61231104.0,61049088.0,-182016.0
b100ad1935c71002,recorded_physical,c17q2,17,2,197805312.0,203899392.0,6094080.0
b100ad1935c71002,recorded_physical,c17q3,17,3,113197824.0,110663424.0,-2534400.0
b100ad1935c71002,recorded_physical,c17q4,17,4,19461888.0,20461824.0,999936.0
b100ad1935c71002,recorded_physical,c18q0,18,0,4036608.0,3734784.0,-301824.0
b100ad1935c71002,recorded_physical,c18q1,18,1,23445504.0,23747328.0,301824.0
b100ad1935c71002,recorded_physical,c18q2,18,2,89657856.0,88098048.0,-1559808.0
b100ad1935c71002,recorded_physical,c18q3,18,3,48139776.0,46554624.0,-1585152.0
b100ad1935c71002,recorded_physical,c18q4,18,4,12162816.0,11886336.0,-276480.0
b100ad1935c71002,recorded_physical,c19q0,19,0,4713984.0,4713984.0,0.0
b100ad1935c71002,recorded_physical,c19q1,19,1,17072640.0,16305408.0,-767232.0
b100ad1935c71002,recorded_physical,c19q2,19,2,29196288.0,29265408.0,69120.0
b100ad1935c71002,recorded_physical,c19q3,19,3,36734976.0,36571392.0,-163584.0
b100ad1935c71002,recorded_physical,c19q4,19,4,7317504.0,7248384.0,-69120.0
b100ad1935c71002,recorded_physical,c20q0,20,0,3018240.0,3018240.0,0.0
b100ad1935c71002,recorded_physical,c20q1,20,1,42591744.0,40290048.0,-2301696.0
b100ad1935c71002,recorded_physical,c20q2,20,2,32781312.0,32152320.0,-628992.0
b100ad1935c71002,recorded_physical,c20q3,20,3,37573632.0,37315584.0,-258048.0
b100ad1935c71002,recorded_physical,c20q4,20,4,20286720.0,18984960.0,-1301760.0
b100ad1935c71002,recorded_physical,c21q0,21,0,6232320.0,6232320.0,0.0
b100ad1935c71002,recorded_physical,c21q1,21,1,13676544.0,13305600.0,-370944.0
b100ad1935c71002,recorded_physical,c21q2,21,2,218168064.0,204143616.0,-14024448.0
b100ad1935c71002,recorded_physical,c21q3,21,3,55434240.0,56358144.0,923904.0
b100ad1935c71002,recorded_physical,c21q4,21,4,32313600.0,32124672.0,-188928.0
b100ad1935c71002,recorded_physical,c22q0,22,0,0.0,0.0,0.0
b100ad1935c71002,recorded_physical,c22q1,22,1,2207232.0,2207232.0,0.0
b100ad1935c71002,recorded_physical,c22q2,22,2,10690560.0,10457856.0,-232704.0
b100ad1935c71002,recorded_physical,c22q3,22,3,11552256.0,11552256.0,0.0
b100ad1935c71002,recorded_physical,c22q4,22,4,9061632.0,9596160.0,534528.0
b100ad1935c71002,recorded_physical,c23q0,23,0,10570752.0,11174400.0,603648.0
b100ad1935c71002,recorded_physical,c23q1,23,1,111995136.0,116485632.0,4490496.0
b100ad1935c71002,recorded_physical,c23q2,23,2,138984192.0,133337088.0,-5647104.0
b100ad1935c71002,recorded_physical,c23q3,23,3,53137152.0,53533440.0,396288.0
b100ad1935c71002,recorded_physical,c23q4,23,4,28733184.0,27689472.0,-1043712.0
b100ad1935c71002,recorded_physical,c24q0,24,0,38801664.0,36103680.0,-2697984.0
b100ad1935c71002,recorded_physical,c24q1,24,1,28560384.0,30069504.0,1509120.0
b100ad1935c71002,recorded_physical,c24q2,24,2,110718720.0,115944192.0,5225472.0
b100ad1935c71002,recorded_physical,c24q3,24,3,53800704.0,51713280.0,-2087424.0
b100ad1935c71002,recorded_physical,c24q4,24,4,58277376.0,61648128.0,3370752.0
b100ad1935c71002,recorded_physical,c25q0,25,0,83381760.0,83199744.0,-182016.0
b100ad1935c71002,recorded_physical,c25q1,25,1,132217344.0,133765632.0,1548288.0
b100ad1935c71002,recorded_physical,c25q2,25,2,229644288.0,228215808.0,-1428480.0
b100ad1935c71002,recorded_physical,c25q3,25,3,137737728.0,139624704.0,1886976.0
b100ad1935c71002,recorded_physical,c25q4,25,4,78695424.0,79135488.0,440064.0
b100ad1935c71002,recorded_physical,c26q0,26,0,16079616.0,16381440.0,301824.0
b100ad1935c71002,recorded_physical,c26q1,26,1,89332992.0,88791552.0,-541440.0
b100ad1935c71002,recorded_physical,c26q2,26,2,83877120.0,85618944.0,1741824.0
b100ad1935c71002,recorded_physical,c26q3,26,3,60892416.0,60332544.0,-559872.0
b100ad1935c71002,recorded_physical,c26q4,26,4,98401536.0,100475136.0,2073600.0
b100ad1935c71002,recorded_physical,c27q0,27,0,836352.0,836352.0,0.0
b100ad1935c71002,recorded_physical,c27q1,27,1,2741760.0,2741760.0,0.0
b100ad1935c71002,recorded_physical,c27q2,27,2,11596032.0,11596032.0,0.0
b100ad1935c71002,recorded_physical,c27q3,27,3,7759872.0,8596224.0,836352.0
b100ad1935c71002,recorded_physical,c27q4,27,4,6741504.0,6974208.0,232704.0
b100ad1935c71002,recorded_physical,c28q0,28,0,5068800.0,5301504.0,232704.0
b100ad1935c71002,recorded_physical,c28q1,28,1,151603200.0,144661248.0,-6941952.0
b100ad1935c71002,recorded_physical,c28q2,28,2,191768832.0,202685184.0,10916352.0
b100ad1935c71002,recorded_physical,c28q3,28,3,452360448.0,445999104.0,-6361344.0
b100ad1935c71002,recorded_physical,c28q4,28,4,800439552.0,766651392.0,-33788160.0
b100ad1935c71002,recorded_physical,c29q0,29,0,48738816.0,49248000.0,509184.0
b100ad1935c71002,recorded_physical,c29q1,29,1,35518464.0,36216576.0,698112.0
b100ad1935c71002,recorded_physical,c29q2,29,2,212682240.0,218824704.0,6142464.0
b100ad1935c71002,recorded_physical,c29q3,29,3,185702400.0,185197824.0,-504576.0
b100ad1935c71002,recorded_physical,c29q4,29,4,26846208.0,27682560.0,836352.0
b100ad1935c71002,recorded_physical,c30q0,30,0,1502208.0,1502208.0,0.0
b100ad1935c71002,recorded_physical,c30q1,30,1,8709120.0,9312768.0,603648.0
b100ad1935c71002,recorded_physical,c30q2,30,2,75255552.0,74935296.0,-320256.0
b100ad1935c71002,recorded_physical,c30q3,30,3,211076352.0,212654592.0,1578240.0
b100ad1935c71002,recorded_physical,c30q4,30,4,870310656.0,928659456.0,58348800.0
b100ad1935c71002,recorded_physical,c31q0,31,0,1440000.0,1440000.0,0.0
b100ad1935c71002,recorded_physical,c31q1,31,1,16047360.0,15581952.0,-465408.0
b100ad1935c71002,recorded_physical,c31q2,31,2,37244160.0,35433216.0,-1810944.0
b100ad1935c71002,recorded_physical,c31q3,31,3,29175552.0,29571840.0,396288.0
b100ad1935c71002,recorded_physical,c31q4,31,4,26085888.0,24853248.0,-1232640.0
b100ad1935c71002,recorded_physical,c32q0,32,0,38605824.0,38304000.0,-301824.0
b100ad1935c71002,recorded_physical,c32q1,32,1,188160768.0,190462464.0,2301696.0
b100ad1935c71002,recorded_physical,c32q2,32,2,277491456.0,269687808.0,-7803648.0
b100ad1935c71002,recorded_physical,c32q3,32,3,431032320.0,431313408.0,281088.0
b100ad1935c71002,recorded_physical,c32q4,32,4,284744448.0,311086080.0,26341632.0
b100ad1935c71002,recorded_physical,c33q0,33,0,1603584.0,1603584.0,0.0
b100ad1935c71002,recorded_physical,c33q1,33,1,25433856.0,23924736.0,-1509120.0
b100ad1935c71002,recorded_physical,c33q2,33,2,22966272.0,24770304.0,1804032.0
b100ad1935c71002,recorded_physical,c33q3,33,3,66302208.0,65949696.0,-352512.0
b100ad1935c71002,recorded_physical,c33q4,33,4,44990208.0,45939456.0,949248.0
b100ad1935c71002,recorded_physical,c34q0,34,0,1138176.0,1138176.0,0.0
b100ad1935c71002,recorded_physical,c34q1,34,1,33942528.0,35571456.0,1628928.0
b100ad1935c71002,recorded_physical,c34q2,34,2,6854400.0,6854400.0,0.0
b100ad1935c71002,recorded_physical,c34q3,34,3,29751552.0,28518912.0,-1232640.0
b100ad1935c71002,recorded_physical,c34q4,34,4,4967424.0,5269248.0,301824.0
b100ad1935c71002,recorded_physical,c35q0,35,0,6757632.0,6550272.0,-207360.0
b100ad1935c71002,recorded_physical,c35q1,35,1,96468480.0,95795712.0,-672768.0
b100ad1935c71002,recorded_physical,c35q2,35,2,60486912.0,56512512.0,-3974400.0
b100ad1935c71002,recorded_physical,c35q3,35,3,25772544.0,26885376.0,1112832.0
b100ad1935c71002,recorded_physical,c35q4,35,4,35926272.0,36486144.0,559872.0
b100ad1935c71002,recorded_physical,c36q0,36,0,4905216.0,5137920.0,232704.0
b100ad1935c71002,recorded_physical,c36q1,36,1,35294976.0,35589888.0,294912.0
b100ad1935c71002,recorded_physical,c36q2,36,2,22182912.0,21510144.0,-672768.0
b100ad1935c71002,recorded_physical,c36q3,36,3,38462976.0,37437696.0,-1025280.0
b100ad1935c71002,recorded_physical,c36q4,36,4,4112640.0,4112640.0,0.0
b100ad1935c71002,recorded_physical,c37q0,37,0,9992448.0,9225216.0,-767232.0
b100ad1935c71002,recorded_physical,c37q1,37,1,13738752.0,13644288.0,-94464.0
b100ad1935c71002,recorded_physical,c37q2,37,2,119243520.0,116898048.0,-2345472.0
b100ad1935c71002,recorded_physical,c37q3,37,3,302404608.0,302314752.0,-89856.0
b100ad1935c71002,recorded_physical,c37q4,37,4,67500288.0,69758208.0,2257920.0
b100ad1935c71002,recorded_physical,c38q0,38,0,17807616.0,18782208.0,974592.0
b100ad1935c71002,recorded_physical,c38q1,38,1,82098432.0,82262016.0,163584.0
b100ad1935c71002,recorded_physical,c38q2,38,2,273203712.0,264771072.0,-8432640.0
b100ad1935c71002,recorded_physical,c38q3,38,3,58196736.0,58378752.0,182016.0
b100ad1935c71002,recorded_physical,c38q4,38,4,112555008.0,111096576.0,-1458432.0
b100ad1935c71002,recorded_physical,c39q0,39,0,2483712.0,2483712.0,0.0
b100ad1935c71002,recorded_physical,c39q1,39,1,12833280.0,11531520.0,-1301760.0
b100ad1935c71002,recorded_physical,c39q2,39,2,105921792.0,106343424.0,421632.0
b100ad1935c71002,recorded_physical,c39q3,39,3,101875968.0,104661504.0,2785536.0
b100ad1935c71002,recorded_physical,c39q4,39,4,28426752.0,29772288.0,1345536.0
4602cace15312bd4,nominal,c00q0,0,0,610351562.5,343322753.90625,-267028808.59375
4602cace15312bd4,nominal,c00q1,0,1,61035156250.0,21133422851.5625,-39901733398.4375
4602cace15312bd4,nominal,c00q2,0,2,298156738281.25,68168640136.71875,-229988098144.53125
4602cace15312bd4,nominal,c00q3,0,3,18920898437.5,327911376953.125,308990478515.625
4602cace15312bd4,nominal,c00q4,0,4,36888122558.59375,56457519531.25,19569396972.65625
4602cace15312bd4,nominal,c01q0,1,0,64086914062.5,16784667968.750002,-47302246093.75
4602cace15312bd4,nominal,c01q1,1,1,64353942871.09375,31738281250.0,-32615661621.09375
4602cace15312bd4,nominal,c01q2,1,2,93498229980.46875,152435302734.375,58937072753.90625
4602cace15312bd4,nominal,c01q3,1,3,161437988281.25,156517028808.59375,-4920959472.65625
4602cace15312bd4,nominal,c01q4,1,4,190925598144.53125,268859863281.25,77934265136.71875
4602cace15312bd4,nominal,c02q0,2,0,686645507.8125,343322753.90625,-343322753.90625
4602cace15312bd4,nominal,c02q1,2,1,6637573242.1875,7438659667.96875,801086425.78125
4602cace15312bd4,nominal,c02q2,2,2,30670166015.625,6828308105.46875,-23841857910.15625
4602cace15312bd4,nominal,c02q3,2,3,28305053710.9375,95977783203.125,67672729492.1875
4602cace15312bd4,nominal,c02q4,2,4,32272338867.1875,22583007812.5,-9689331054.6875
4602cace15312bd4,nominal,c03q0,3,0,10604858398.4375,9689331054.6875,-915527343.75
4602cace15312bd4,nominal,c03q1,3,1,87661743164.0625,103874206542.96875,16212463378.90625
4602cace15312bd4,nominal,c03q2,3,2,83694458007.8125,76942443847.65625,-6752014160.15625
4602cace15312bd4,nominal,c03q3,3,3,190086364746.09375,132675170898.4375,-57411193847.65625
4602cace15312bd4,nominal,c03q4,3,4,50544738769.53125,88539123535.15625,37994384765.625
4602cace15312bd4,nominal,c04q0,4,0,686645507.8125,572204589.84375,-114440917.96875
4602cace15312bd4,nominal,c04q1,4,1,62866210937.5,13198852539.0625,-49667358398.4375
4602cace15312bd4,nominal,c04q2,4,2,35667419433.59375,19798278808.59375,-15869140625.0
4602cace15312bd4,nominal,c04q3,4,3,45051574707.03125,9384155273.4375,-35667419433.59375
4602cace15312bd4,nominal,c04q4,4,4,9422302246.09375,495910644.53125,-8926391601.5625
4602cace15312bd4,nominal,c05q0,5,0,1716613769.53125,4234313964.8437495,2517700195.3124995
4602cace15312bd4,nominal,c05q1,5,1,7514953613.28125,50621032714.84375,43106079101.5625
4602cace15312bd4,nominal,c05q2,5,2,103912353515.625,56457519531.25,-47454833984.375
4602cace15312bd4,nominal,c05q3,5,3,79994201660.15625,439224243164.0625,359230041503.90625
4602cace15312bd4,nominal,c05q4,5,4,320053100585.9375,194015502929.6875,-126037597656.25
4602cace15312bd4,nominal,c06q0,6,0,686645507.8125,3318786621.09375,2632141113.28125
4602cace15312bd4,nominal,c06q1,6,1,3700256347.65625,686645507.8125,-3013610839.84375
4602cace15312bd4,nominal,c06q2,6,2,56724548339.84375,40473937988.28125,-16250610351.5625
4602cace15312bd4,nominal,c06q3,6,3,144920349121.09375,8392333984.375,-136528015136.71875
4602cace15312bd4,nominal,c06q4,6,4,51383972167.96875,136604309082.03125,85220336914.0625
4602cace15312bd4,nominal,c07q0,7,0,6752014160.15625,5989074707.03125,-762939453.125
4602cace15312bd4,nominal,c07q1,7,1,18348693847.65625,20408630371.09375,2059936523.4375
4602cace15312bd4,nominal,c07q2,7,2,56037902832.03125,43754577636.71875,-12283325195.3125
4602cace15312bd4,nominal,c07q3,7,3,135192871093.75,68855285644.53125,-66337585449.21875
4602cace15312bd4,nominal,c07q4,7,4,15449523925.78125,3776550292.96875,-11672973632.8125
4602cace15312bd4,nominal,c08q0,8,0,1296997070.3125,343322753.90625,-953674316.40625
4602cace15312bd4,nominal,c08q1,8,1,1716613769.53125,14228820800.78125,12512207031.25
4602cace15312bd4,nominal,c08q2,8,2,45242309570.3125,45890808105.46875,648498535.15625
4602cace15312bd4,nominal,c08q3,8,3,91171264648.4375,81329345703.125,-9841918945.3125
4602cace15312bd4,nominal,c08q4,8,4,4119873046.875,7133483886.71875,3013610839.84375
4602cace15312bd4,nominal,c09q0,9,0,6942749023.4375,2059936523.4375,-4882812500.0
4602cace15312bd4,nominal,c09q1,9,1,17814636230.46875,5073547363.28125,-12741088867.1875
4602cace15312bd4,nominal,c09q2,9,2,26779174804.6875,69541931152.34375,42762756347.65625
4602cace15312bd4,nominal,c09q3,9,3,93727111816.40625,17585754394.53125,-76141357421.875
4602cace15312bd4,nominal,c09q4,9,4,2365112304.6875,9346008300.78125,6980895996.09375
4602cace15312bd4,nominal,c10q0,10,0,3776550292.96875,343322753.90625,-3433227539.0625
4602cace15312bd4,nominal,c10q1,10,1,55923461914.0625,19340515136.71875,-36582946777.34375
4602cace15312bd4,nominal,c10q2,10,2,125694274902.34375,24948120117.1875,-100746154785.15625
4602cace15312bd4,nominal,c10q3,10,3,22659301757.8125,60729980468.75,38070678710.9375
4602cace15312bd4,nominal,c10q4,10,4,5302429199.21875,2098083496.09375,-3204345703.125
4602cace15312bd4,nominal,c11q0,11,0,686645507.8125,724792480.46875,38146972.65625
4602cace15312bd4,nominal,c11q1,11,1,17204284667.96875,22926330566.40625,5722045898.4375
4602cace15312bd4,nominal,c11q2,11,2,155296325683.59375,94070434570.3125,-61225891113.28125
4602cace15312bd4,nominal,c11q3,11,3,29182434082.03125,27008056640.625,-2174377441.40625
4602cace15312bd4,nominal,c11q4,11,4,4043579101.5625,724792480.46875,-3318786621.09375
4602cace15312bd4,nominal,c12q0,12,0,5226135253.90625,801086425.78125,-4425048828.125
4602cace15312bd4,nominal,c12q1,12,1,199508666992.1875,9040832519.53125,-190467834472.65625
4602cace15312bd4,nominal,c12q2,12,2,34408569335.9375,63858032226.5625,29449462890.625
4602cace15312bd4,nominal,c12q3,12,3,226211547851.5625,68855285644.53125,-157356262207.03125
4602cace15312bd4,nominal,c12q4,12,4,9460449218.75,2822875976.5625,-6637573242.1875
4602cace15312bd4,nominal,c13q0,13,0,1220703125.0,343322753.90625,-877380371.09375
4602cace15312bd4,nominal,c13q1,13,1,105056762695.3125,63514709472.65625,-41542053222.65625
4602cace15312bd4,nominal,c13q2,13,2,70724487304.6875,57945251464.84375,-12779235839.84375
4602cace15312bd4,nominal,c13q3,13,3,687789916992.1875,176544189453.125,-511245727539.0625
4602cace15312bd4,nominal,c13q4,13,4,174369812011.71875,18882751464.84375,-155487060546.875
4602cace15312bd4,nominal,c14q0,14,0,44326782226.5625,81520080566.40625,37193298339.84375
4602cace15312bd4,nominal,c14q1,14,1,235671997070.3125,252685546875.0,17013549804.6875
4602cace15312bd4,nominal,c14q2,14,2,64430236816.40625,342826843261.71875,278396606445.3125
4602cace15312bd4,nominal,c14q3,14,3,338973999023.4375,272407531738.28125,-66566467285.15625
4602cace15312bd4,nominal,c14q4,14,4,17662048339.84375,26206970214.84375,8544921875.0
4602cace15312bd4,nominal,c15q0,15,0,3700256347.65625,9689331054.6875,5989074707.03125
4602cace15312bd4,nominal,c15q1,15,1,61759948730.46875,13618469238.28125,-48141479492.1875
4602cace15312bd4,nominal,c15q2,15,2,108757019042.96875,22659301757.8125,-86097717285.15625
4602cace15312bd4,nominal,c15q3,15,3,26664733886.71875,153236389160.15625,126571655273.4375
4602cace15312bd4,nominal,c15q4,15,4,60081481933.59375,7171630859.375,-52909851074.21875
4602cace15312bd4,nominal,c16q0,16,0,6065368652.34375,15487670898.4375,9422302246.09375
4602cace15312bd4,nominal,c16q1,16,1,22811889648.4375,8506774902.34375,-14305114746.09375
4602cace15312bd4,nominal,c16q2,16,2,81558227539.0625,288543701171.875,206985473632.8125
4602cace15312bd4,nominal,c16q3,16,3,253791809082.03125,139694213867.1875,-114097595214.84375
4602cace15312bd4,nominal,c16q4,16,4,22430419921.875,21057128906.25,-1373291015.625
4602cace15312bd4,nominal,c17q0,17,0,38909912109.375,301513671875.0,262603759765.625
4602cace15312bd4,nominal,c17q1,17,1,69885253906.25,159378051757.8125,89492797851.5625
4602cace15312bd4,nominal,c17q2,17,2,225791931152.34375,147323608398.4375,-78468322753.90625
4602cace15312bd4,nominal,c17q3,17,3,128211975097.65625,176010131835.9375,47798156738.28125
4602cace15312bd4,nominal,c17q4,17,4,22163391113.28125,14457702636.71875,-7705688476.5625
4602cace15312bd4,nominal,c18q0,18,0,4577636718.75,2937316894.53125,-1640319824.21875
4602cace15312bd4,nominal,c18q1,18,1,26550292968.75,63209533691.40625,36659240722.65625
4602cace15312bd4,nominal,c18q2,18,2,102157592773.4375,15830993652.34375,-86326599121.09375
4602cace15312bd4,nominal,c18q3,18,3,55007934570.3125,24642944335.9375,-30364990234.375
4602cace15312bd4,nominal,c18q4,18,4,13618469238.28125,5455017089.84375,-8163452148.4375
4602cace15312bd4,nominal,c19q0,19,0,5264282226.5625,3814697265.625,-1449584960.9375
4602cace15312bd4,nominal,c19q1,19,1,19454956054.6875,98876953125.0,79421997070.3125
4602cace15312bd4,nominal,c19q2,19,2,33264160156.25,47073364257.8125,13809204101.5625
4602cace15312bd4,nominal,c19q3,19,3,41503906250.0,67558288574.21875,26054382324.21875
4602cace15312bd4,nominal,c19q4,19,4,8239746093.75,648498535.15625,-7591247558.59375
4602cace15312bd4,nominal,c20q0,20,0,3433227539.0625,953674316.40625,-2479553222.65625
4602cace15312bd4,nominal,c20q1,20,1,48294067382.8125,112915039062.5,64620971679.6875
4602cace15312bd4,nominal,c20q2,20,2,37384033203.125,56343078613.28125,18959045410.15625
4602cace15312bd4,nominal,c20q3,20,3,42877197265.625,14839172363.28125,-28038024902.34375
4602cace15312bd4,nominal,c20q4,20,4,23155212402.34375,16098022460.9375,-7057189941.40625
4602cace15312bd4,nominal,c21q0,21,0,7133483886.71875,648498535.15625,-6484985351.5625
4602cace15312bd4,nominal,c21q1,21,1,15563964843.75,24795532226.5625,9231567382.8125
4602cace15312bd4,nominal,c21q2,21,2,248451232910.15625,154533386230.46875,-93917846679.6875
4602cace15312bd4,nominal,c21q3,21,3,63018798828.125,128707885742.1875,65689086914.0625
4602cace15312bd4,nominal,c21q4,21,4,36735534667.96875,20446777343.75,-16288757324.21875
4602cace15312bd4,nominal,c22q0,22,0,0.0,0.0,0.0
4602cace15312bd4,nominal,c22q1,22,1,2517700195.3125,1335144042.96875,-1182556152.34375
4602cace15312bd4,nominal,c22q2,22,2,12207031250.0,724792480.46875,-11482238769.53125
4602cace15312bd4,nominal,c22q3,22,3,13198852539.0625,24986267089.84375,11787414550.78125
4602cace15312bd4,nominal,c22q4,22,4,10337829589.84375,877380371.09375,-9460449218.75
4602cace15312bd4,nominal,c23q0,23,0,12054443359.375,32539367675.78125,20484924316.40625
4602cace15312bd4,nominal,c23q1,23,1,127677917480.46875,158653259277.34375,30975341796.875
4602cace15312bd4,nominal,c23q2,23,2,158424377441.40625,77934265136.71875,-80490112304.6875
4602cace15312bd4,nominal,c23q3,23,3,60615539550.78125,101699829101.5625,41084289550.78125
4602cace15312bd4,nominal,c23q4,23,4,32539367675.78125,46195983886.71875,13656616210.9375
4602cace15312bd4,nominal,c24q0,24,0,44364929199.21875,8888244628.90625,-35476684570.3125
4602cace15312bd4,nominal,c24q1,24,1,32501220703.125,110321044921.875,77819824218.75
4602cace15312bd4,nominal,c24q2,24,2,126228332519.53125,94184875488.28125,-32043457031.25
4602cace15312bd4,nominal,c24q3,24,3,61225891113.28125,196952819824.21875,135726928710.9375
4602cace15312bd4,nominal,c24q4,24,4,66604614257.8125,11749267578.125,-54855346679.6875
4602cace15312bd4,nominal,c25q0,25,0,94985961914.0625,172729492187.5,77743530273.4375
4602cace15312bd4,nominal,c25q1,25,1,150375366210.9375,303611755371.09375,153236389160.15625
4602cace15312bd4,nominal,c25q2,25,2,260925292968.75,377006530761.71875,116081237792.96875
4602cace15312bd4,nominal,c25q3,25,3,156936645507.8125,193710327148.4375,36773681640.625
4602cace15312bd4,nominal,c25q4,25,4,88958740234.375,95901489257.8125,6942749023.4375
4602cace15312bd4,nominal,c26q0,26,0,18348693847.65625,17433166503.90625,-915527343.75
4602cace15312bd4,nominal,c26q1,26,1,101280212402.34375,64659118652.34375,-36621093750.0
4602cace15312bd4,nominal,c26q2,26,2,95787048339.84375,309562683105.46875,213775634765.625
4602cace15312bd4,nominal,c26q3,26,3,69236755371.09375,341835021972.65625,272598266601.5625
4602cace15312bd4,nominal,c26q4,26,4,111656188964.84375,549354553222.65625,437698364257.8125
4602cace15312bd4,nominal,c27q0,27,0,953674316.40625,343322753.90625,-610351562.5
4602cace15312bd4,nominal,c27q1,27,1,3128051757.8125,4158020019.53125,1029968261.71875
4602cace15312bd4,nominal,c27q2,27,2,13236999511.71875,22239685058.59375,9002685546.875
4602cace15312bd4,nominal,c27q3,27,3,8850097656.25,3738403320.3125,-5111694335.9375
4602cace15312bd4,nominal,c27q4,27,4,7705688476.5625,1106262207.03125,-6599426269.53125
4602cace15312bd4,nominal,c28q0,28,0,5798339843.75,343322753.90625,-5455017089.84375
4602cace15312bd4,nominal,c28q1,28,1,172729492187.5,245208740234.375,72479248046.875
4602cace15312bd4,nominal,c28q2,28,2,218620300292.96875,229721069335.9375,11100769042.96875
4602cace15312bd4,nominal,c28q3,28,3,512809753417.96875,289840698242.1875,-222969055175.78125
4602cace15312bd4,nominal,c28q4,28,4,910606384277.3438,296592712402.34375,-614013671875.0
4602cace15312bd4,nominal,c29q0,29,0,54855346679.6875,12969970703.125,-41885375976.5625
4602cace15312bd4,nominal,c29q1,29,1,40283203125.0,54893493652.34375,14610290527.34375
4602cace15312bd4,nominal,c29q2,29,2,242080688476.5625,124702453613.28125,-117378234863.28125
4602cace15312bd4,nominal,c29q3,29,3,210876464843.75,95252990722.65625,-115623474121.09375
4602cace15312bd4,nominal,c29q4,29,4,30670166015.625,142593383789.0625,111923217773.4375
4602cace15312bd4,nominal,c30q0,30,0,1678466796.875,686645507.8125,-991821289.0625
4602cace15312bd4,nominal,c30q1,30,1,9918212890.625,94642639160.15625,84724426269.53125
4602cace15312bd4,nominal,c30q2,30,2,85334777832.03125,127372741699.21875,42037963867.1875
4602cace15312bd4,nominal,c30q3,30,3,240135192871.09375,590820312500.0,350685119628.90625
4602cace15312bd4,nominal,c30q4,30,4,985145568847.6562,752372741699.2188,-232772827148.4375
4602cace15312bd4,nominal,c31q0,31,0,1640319824.21875,343322753.90625,-1296997070.3125
4602cace15312bd4,nominal,c31q1,31,1,18272399902.34375,419616699.21875,-17852783203.125
4602cace15312bd4,nominal,c31q2,31,2,42381286621.09375,6484985351.5625,-35896301269.53125
4602cace15312bd4,nominal,c31q3,31,3,33149719238.28125,10108947753.90625,-23040771484.375
4602cace15312bd4,nominal,c31q4,31,4,29830932617.1875,1564025878.90625,-28266906738.28125
4602cace15312bd4,nominal,c32q0,32,0,44097900390.625,15869140625.0,-28228759765.625
4602cace15312bd4,nominal,c32q1,32,1,213661193847.65625,267791748046.875,54130554199.21875
4602cace15312bd4,nominal,c32q2,32,2,316352844238.28125,144767761230.46875,-171585083007.8125
4602cace15312bd4,nominal,c32q3,32,3,489501953125.0,201950073242.1875,-287551879882.8125
4602cace15312bd4,nominal,c32q4,32,4,324440002441.40625,87738037109.375,-236701965332.03125
4602cace15312bd4,nominal,c33q0,33,0,1831054687.5,343322753.90625,-1487731933.59375
4602cace15312bd4,nominal,c33q1,33,1,28877258300.78125,61149597167.96875,32272338867.1875
4602cace15312bd4,nominal,c33q2,33,2,25939941406.25,351028442382.8125,325088500976.5625
4602cace15312bd4,nominal,c33q3,33,3,75492858886.71875,42724609375.0,-32768249511.71875
4602cace15312bd4,nominal,c33q4,33,4,51155090332.03125,86402893066.40625,35247802734.375
4602cace15312bd4,nominal,c34q0,34,0,1296997070.3125,343322753.90625,-953674316.40625
4602cace15312bd4,nominal,c34q1,34,1,38909912109.375,43907165527.34375,4997253417.96875
4602cace15312bd4,nominal,c34q2,34,2,7820129394.53125,31967163085.9375,24147033691.40625
4602cace15312bd4,nominal,c34q3,34,3,33988952636.71875,41198730468.75,7209777832.03125
4602cace15312bd4,nominal,c34q4,34,4,5645751953.125,2975463867.1875,-2670288085.9375
4602cace15312bd4,nominal,c35q0,35,0,7591247558.59375,8239746093.749999,648498535.156249
4602cace15312bd4,nominal,c35q1,35,1,109634399414.0625,14839172363.28125,-94795227050.78125
4602cace15312bd4,nominal,c35q2,35,2,68931579589.84375,158271789550.78125,89340209960.9375
4602cace15312bd4,nominal,c35q3,35,3,29220581054.6875,205574035644.53125,176353454589.84375
4602cace15312bd4,nominal,c35q4,35,4,41007995605.46875,32157897949.21875,-8850097656.25
4602cace15312bd4,nominal,c36q0,36,0,5607604980.46875,343322753.90625,-5264282226.5625
4602cace15312bd4,nominal,c36q1,36,1,39863586425.78125,52947998046.875,13084411621.09375
4602cace15312bd4,nominal,c36q2,36,2,25177001953.125,6637573242.1875,-18539428710.9375
4602cace15312bd4,nominal,c36q3,36,3,43716430664.0625,15869140625.0,-27847290039.0625
4602cace15312bd4,nominal,c36q4,36,4,4692077636.71875,1335144042.96875,-3356933593.75
4602cace15312bd4,nominal,c37q0,37,0,11405944824.21875,7629394531.25,-3776550292.96875
4602cace15312bd4,nominal,c37q1,37,1,15602111816.40625,10566711425.78125,-5035400390.625
4602cace15312bd4,nominal,c37q2,37,2,135841369628.90625,128097534179.6875,-7743835449.21875
4602cace15312bd4,nominal,c37q3,37,3,345001220703.125,174407958984.375,-170593261718.75
4602cace15312bd4,nominal,c37q4,37,4,76408386230.46875,19683837890.625,-56724548339.84375
4602cace15312bd4,nominal,c38q0,38,0,20256042480.46875,15907287597.65625,-4348754882.8125
4602cace15312bd4,nominal,c38q1,38,1,93193054199.21875,64086914062.5,-29106140136.71875
4602cace15312bd4,nominal,c38q2,38,2,311203002929.6875,177192687988.28125,-134010314941.40625
4602cace15312bd4,nominal,c38q3,38,3,66261291503.90625,286979675292.96875,220718383789.0625
4602cace15312bd4,nominal,c38q4,38,4,127716064453.125,173912048339.84375,46195983886.71875
4602cace15312bd4,nominal,c39q0,39,0,2822875976.5625,3166198730.46875,343322753.90625
4602cace15312bd4,nominal,c39q1,39,1,14572143554.6875,51841735839.84375,37269592285.15625
4602cace15312bd4,nominal,c39q2,39,2,120811462402.34375,212669372558.59375,91857910156.25
4602cace15312bd4,nominal,c39q3,39,3,116081237792.96875,106887817382.8125,-9193420410.15625
4602cace15312bd4,nominal,c39q4,39,4,32272338867.1875,116348266601.5625,84075927734.375
4602cace15312bd4,recorded_physical,c00q0,0,0,534528.0,301824.0,-232704.0
4602cace15312bd4,recorded_physical,c00q1,0,1,53397504.0,18685440.0,-34712064.0
4602cace15312bd4,recorded_physical,c00q2,0,2,261550080.0,60201216.0,-201348864.0
4602cace15312bd4,recorded_physical,c00q3,0,3,16607232.0,286921728.0,270314496.0
4602cace15312bd4,recorded_physical,c00q4,0,4,32433408.0,49563648.0,17130240.0
4602cace15312bd4,recorded_physical,c01q0,1,0,55996416.0,15169536.000000002,-40826880.0
4602cace15312bd4,recorded_physical,c01q1,1,1,56339712.0,28274688.0,-28065024.0
4602cace15312bd4,recorded_physical,c01q2,1,2,81821952.0,133493760.0,51671808.0
4602cace15312bd4,recorded_physical,c01q3,1,3,141520896.0,137403648.0,-4117248.0
4602cace15312bd4,recorded_physical,c01q4,1,4,167802624.0,235819008.0,68016384.0
4602cace15312bd4,recorded_physical,c02q0,2,0,603648.0,301824.0,-301824.0
4602cace15312bd4,recorded_physical,c02q1,2,1,5884416.0,6674688.0,790272.0
4602cace15312bd4,recorded_physical,c02q2,2,2,27067392.0,6140160.0,-20927232.0
4602cace15312bd4,recorded_physical,c02q3,2,3,24758784.0,83745792.0,58987008.0
4602cace15312bd4,recorded_physical,c02q4,2,4,28297728.0,20256768.0,-8040960.0
4602cace15312bd4,recorded_physical,c03q0,3,0,9294336.0,8593920.0,-700416.0
4602cace15312bd4,recorded_physical,c03q1,3,1,77188608.0,91793664.0,14605056.0
4602cace15312bd4,recorded_physical,c03q2,3,2,73870848.0,68352768.0,-5518080.0
4602cace15312bd4,recorded_physical,c03q3,3,3,167152896.0,116789760.0,-50363136.0
4602cace15312bd4,recorded_physical,c03q4,3,4,44363520.0,78140160.0,33776640.0
4602cace15312bd4,recorded_physical,c04q0,4,0,603648.0,509184.0,-94464.0
4602cace15312bd4,recorded_physical,c04q1,4,1,55056384.0,11625984.0,-43430400.0
4602cace15312bd4,recorded_physical,c04q2,4,2,31216896.0,17356032.0,-13860864.0
4602cace15312bd4,recorded_physical,c04q3,4,3,39405312.0,8354304.0,-31051008.0
4602cace15312bd4,recorded_physical,c04q4,4,4,8232192.0,440064.0,-7792128.0
4602cace15312bd4,recorded_physical,c05q0,5,0,1509120.0,3826943.9999999995,2317823.9999999995
4602cace15312bd4,recorded_physical,c05q1,5,1,6651648.0,44303616.0,37651968.0
4602cace15312bd4,recorded_physical,c05q2,5,2,91560960.0,50098176.0,-41462784.0
4602cace15312bd4,recorded_physical,c05q3,5,3,70343424.0,385021440.0,314678016.0
4602cace15312bd4,recorded_physical,c05q4,5,4,282235392.0,170021376.0,-112214016.0
4602cace15312bd4,recorded_physical,c06q0,6,0,603648.0,2997504.0,2393856.0
4602cace15312bd4,recorded_physical,c06q1,6,1,3232512.0,603648.0,-2628864.0
4602cace15312bd4,recorded_physical,c06q2,6,2,49999104.0,35405568.0,-14593536.0
4602cace15312bd4,recorded_physical,c06q3,6,3,126878976.0,7547904.0,-119331072.0
4602cace15312bd4,recorded_physical,c06q4,6,4,45031680.0,119308032.0,74276352.0
4602cace15312bd4,recorded_physical,c07q0,7,0,5905152.0,5416704.0,-488448.0
4602cace15312bd4,recorded_physical,c07q1,7,1,16098048.0,18148608.0,2050560.0
4602cace15312bd4,recorded_physical,c07q2,7,2,49469184.0,38672640.0,-10796544.0
4602cace15312bd4,recorded_physical,c07q3,7,3,118978560.0,60399360.0,-58579200.0
4602cace15312bd4,recorded_physical,c07q4,7,4,13526784.0,3412224.0,-10114560.0
4602cace15312bd4,recorded_physical,c08q0,8,0,1138176.0,301824.0,-836352.0
4602cace15312bd4,recorded_physical,c08q1,8,1,1509120.0,12402432.0,10893312.0
4602cace15312bd4,recorded_physical,c08q2,8,2,39716352.0,40294656.0,578304.0
4602cace15312bd4,recorded_physical,c08q3,8,3,80220672.0,71543808.0,-8676864.0
4602cace15312bd4,recorded_physical,c08q4,8,4,3640320.0,6435072.0,2794752.0
4602cace15312bd4,recorded_physical,c09q0,9,0,6216192.0,1847808.0,-4368384.0
4602cace15312bd4,recorded_physical,c09q1,9,1,15632640.0,4587264.0,-11045376.0
4602cace15312bd4,recorded_physical,c09q2,9,2,23726592.0,60800256.0,37073664.0
4602cace15312bd4,recorded_physical,c09q3,9,3,81955584.0,15554304.0,-66401280.0
4602cace15312bd4,recorded_physical,c09q4,9,4,2087424.0,8310528.0,6223104.0
4602cace15312bd4,recorded_physical,c10q0,10,0,3301632.0,301824.0,-2999808.0
4602cace15312bd4,recorded_physical,c10q1,10,1,49135104.0,17254656.0,-31880448.0
4602cace15312bd4,recorded_physical,c10q2,10,2,110566656.0,22159872.0,-88406784.0
4602cace15312bd4,recorded_physical,c10q3,10,3,19846656.0,53250048.0,33403392.0
4602cace15312bd4,recorded_physical,c10q4,10,4,4720896.0,1891584.0,-2829312.0
4602cace15312bd4,recorded_physical,c11q0,11,0,603648.0,647424.0,43776.0
4602cace15312bd4,recorded_physical,c11q1,11,1,15079680.0,20392704.0,5313024.0
4602cace15312bd4,recorded_physical,c11q2,11,2,136002816.0,82368000.0,-53634816.0
4602cace15312bd4,recorded_physical,c11q3,11,3,25784064.0,24173568.0,-1610496.0
4602cace15312bd4,recorded_physical,c11q4,11,4,3534336.0,647424.0,-2886912.0
4602cace15312bd4,recorded_physical,c12q0,12,0,4559616.0,716544.0,-3843072.0
4602cace15312bd4,recorded_physical,c12q1,12,1,175956480.0,8163072.0,-167793408.0
4602cace15312bd4,recorded_physical,c12q2,12,2,30269952.0,56378880.0,26108928.0
4602cace15312bd4,recorded_physical,c12q3,12,3,199097856.0,60915456.0,-138182400.0
4602cace15312bd4,recorded_physical,c12q4,12,4,8312832.0,2539008.0,-5773824.0
4602cace15312bd4,recorded_physical,c13q0,13,0,1069056.0,301824.0,-767232.0
4602cace15312bd4,recorded_physical,c13q1,13,1,92708352.0,56113920.0,-36594432.0
4602cace15312bd4,recorded_physical,c13q2,13,2,62396928.0,51049728.0,-11347200.0
4602cace15312bd4,recorded_physical,c13q3,13,3,604445184.0,156644352.0,-447800832.0
4602cace15312bd4,recorded_physical,c13q4,13,4,153448704.0,16987392.0,-136461312.0
4602cace15312bd4,recorded_physical,c14q0,14,0,38702592.0,71154432.0,32451840.0
4602cace15312bd4,recorded_physical,c14q1,14,1,206820864.0,223543296.0,16722432.0
4602cace15312bd4,recorded_physical,c14q2,14,2,56740608.0,301641984.0,244901376.0
4602cace15312bd4,recorded_physical,c14q3,14,3,297128448.0,239761152.0,-57367296.0
4602cace15312bd4,recorded_physical,c14q4,14,4,15531264.0,22977792.0,7446528.0
4602cace15312bd4,recorded_physical,c15q0,15,0,3269376.0,8446464.0,5177088.0
4602cace15312bd4,recorded_physical,c15q1,15,1,54229248.0,12328704.0,-41900544.0
4602cace15312bd4,recorded_physical,c15q2,15,2,95516928.0,20178432.0,-75338496.0
4602cace15312bd4,recorded_physical,c15q3,15,3,23374080.0,133749504.0,110375424.0
4602cace15312bd4,recorded_physical,c15q4,15,4,52598016.0,6441984.0,-46156032.0
4602cace15312bd4,recorded_physical,c16q0,16,0,5412096.0,13939200.0,8527104.0
4602cace15312bd4,recorded_physical,c16q1,16,1,20113920.0,7458048.0,-12655872.0
4602cace15312bd4,recorded_physical,c16q2,16,2,71585280.0,252195840.0,180610560.0
4602cace15312bd4,recorded_physical,c16q3,16,3,222951168.0,123056640.0,-99894528.0
4602cace15312bd4,recorded_physical,c16q4,16,4,19768320.0,18726912.0,-1041408.0
4602cace15312bd4,recorded_physical,c17q0,17,0,34311168.0,263098368.0,228787200.0
4602cace15312bd4,recorded_physical,c17q1,17,1,61231104.0,139783680.0,78552576.0
4602cace15312bd4,recorded_physical,c17q2,17,2,197805312.0,129047040.0,-68758272.0
4602cace15312bd4,recorded_physical,c17q3,17,3,113197824.0,154077696.0,40879872.0
4602cace15312bd4,recorded_physical,c17q4,17,4,19461888.0,12996864.0,-6465024.0
4602cace15312bd4,recorded_physical,c18q0,18,0,4036608.0,2578176.0,-1458432.0
4602cace15312bd4,recorded_physical,c18q1,18,1,23445504.0,55745280.0,32299776.0
4602cace15312bd4,recorded_physical,c18q2,18,2,89657856.0,14185728.0,-75472128.0
4602cace15312bd4,recorded_physical,c18q3,18,3,48139776.0,21606912.0,-26532864.0
4602cace15312bd4,recorded_physical,c18q4,18,4,12162816.0,4932864.0,-7229952.0
4602cace15312bd4,recorded_physical,c19q0,19,0,4713984.0,3345408.0,-1368576.0
4602cace15312bd4,recorded_physical,c19q1,19,1,17072640.0,86648832.0,69576192.0
4602cace15312bd4,recorded_physical,c19q2,19,2,29196288.0,41209344.0,12013056.0
4602cace15312bd4,recorded_physical,c19q3,19,3,36734976.0,59482368.0,22747392.0
4602cace15312bd4,recorded_physical,c19q4,19,4,7317504.0,578304.0,-6739200.0
4602cace15312bd4,recorded_physical,c20q0,20,0,3018240.0,854784.0,-2163456.0
4602cace15312bd4,recorded_physical,c20q1,20,1,42591744.0,98555904.0,55964160.0
4602cace15312bd4,recorded_physical,c20q2,20,2,32781312.0,49837824.0,17056512.0
4602cace15312bd4,recorded_physical,c20q3,20,3,37573632.0,13139712.0,-24433920.0
4602cace15312bd4,recorded_physical,c20q4,20,4,20286720.0,14565888.0,-5720832.0
4602cace15312bd4,recorded_physical,c21q0,21,0,6232320.0,578304.0,-5654016.0
4602cace15312bd4,recorded_physical,c21q1,21,1,13676544.0,22316544.0,8640000.0
4602cace15312bd4,recorded_physical,c21q2,21,2,218168064.0,135145728.0,-83022336.0
4602cace15312bd4,recorded_physical,c21q3,21,3,55434240.0,113453568.0,58019328.0
4602cace15312bd4,recorded_physical,c21q4,21,4,32313600.0,18026496.0,-14287104.0
4602cace15312bd4,recorded_physical,c22q0,22,0,0.0,0.0,0.0
4602cace15312bd4,recorded_physical,c22q1,22,1,2207232.0,1200384.0,-1006848.0
4602cace15312bd4,recorded_physical,c22q2,22,2,10690560.0,647424.0,-10043136.0
4602cace15312bd4,recorded_physical,c22q3,22,3,11552256.0,21964032.0,10411776.0
4602cace15312bd4,recorded_physical,c22q4,22,4,9061632.0,785664.0,-8275968.0
4602cace15312bd4,recorded_physical,c23q0,23,0,10570752.0,28788480.0,18217728.0
4602cace15312bd4,recorded_physical,c23q1,23,1,111995136.0,138712320.0,26717184.0
4602cace15312bd4,recorded_physical,c23q2,23,2,138984192.0,68679936.0,-70304256.0
4602cace15312bd4,recorded_physical,c23q3,23,3,53137152.0,89335296.0,36198144.0
4602cace15312bd4,recorded_physical,c23q4,23,4,28733184.0,41068800.0,12335616.0
4602cace15312bd4,recorded_physical,c24q0,24,0,38801664.0,7951104.0,-30850560.0
4602cace15312bd4,recorded_physical,c24q1,24,1,28560384.0,97790976.0,69230592.0
4602cace15312bd4,recorded_physical,c24q2,24,2,110718720.0,82923264.0,-27795456.0
4602cace15312bd4,recorded_physical,c24q3,24,3,53800704.0,172673280.0,118872576.0
4602cace15312bd4,recorded_physical,c24q4,24,4,58277376.0,10515456.0,-47761920.0
4602cace15312bd4,recorded_physical,c25q0,25,0,83381760.0,150976512.0,67594752.0
4602cace15312bd4,recorded_physical,c25q1,25,1,132217344.0,268215552.0,135998208.0
4602cace15312bd4,recorded_physical,c25q2,25,2,229644288.0,330598656.0,100954368.0
4602cace15312bd4,recorded_physical,c25q3,25,3,137737728.0,170242560.0,32504832.0
4602cace15312bd4,recorded_physical,c25q4,25,4,78695424.0,83842560.0,5147136.0
4602cace15312bd4,recorded_physical,c26q0,26,0,16079616.0,15323904.0,-755712.0
4602cace15312bd4,recorded_physical,c26q1,26,1,89332992.0,56966400.0,-32366592.0
4602cace15312bd4,recorded_physical,c26q2,26,2,83877120.0,272906496.0,189029376.0
4602cace15312bd4,recorded_physical,c26q3,26,3,60892416.0,300724992.0,239832576.0
4602cace15312bd4,recorded_physical,c26q4,26,4,98401536.0,483588864.0,385187328.0
4602cace15312bd4,recorded_physical,c27q0,27,0,836352.0,301824.0,-534528.0
4602cace15312bd4,recorded_physical,c27q1,27,1,2741760.0,3757824.0,1016064.0
4602cace15312bd4,recorded_physical,c27q2,27,2,11596032.0,19438848.0,7842816.0
4602cace15312bd4,recorded_physical,c27q3,27,3,7759872.0,3294720.0,-4465152.0
4602cace15312bd4,recorded_physical,c27q4,27,4,6741504.0,993024.0,-5748480.0
4602cace15312bd4,recorded_physical,c28q0,28,0,5068800.0,301824.0,-4766976.0
4602cace15312bd4,recorded_physical,c28q1,28,1,151603200.0,215737344.0,64134144.0
4602cace15312bd4,recorded_physical,c28q2,28,2,191768832.0,203346432.0,11577600.0
4602cace15312bd4,recorded_physical,c28q3,28,3,452360448.0,255269376.0,-197091072.0
4602cace15312bd4,recorded_physical,c28q4,28,4,800439552.0,260234496.0,-540205056.0
4602cace15312bd4,recorded_physical,c29q0,29,0,48738816.0,11731968.0,-37006848.0
4602cace15312bd4,recorded_physical,c29q1,29,1,35518464.0,48856320.0,13337856.0
4602cace15312bd4,recorded_physical,c29q2,29,2,212682240.0,109741824.0,-102940416.0
4602cace15312bd4,recorded_physical,c29q3,29,3,185702400.0,83725056.0,-101977344.0
4602cace15312bd4,recorded_physical,c29q4,29,4,26846208.0,124392960.0,97546752.0
4602cace15312bd4,recorded_physical,c30q0,30,0,1502208.0,603648.0,-898560.0
4602cace15312bd4,recorded_physical,c30q1,30,1,8709120.0,82766592.0,74057472.0
4602cace15312bd4,recorded_physical,c30q2,30,2,75255552.0,112216320.0,36960768.0
4602cace15312bd4,recorded_physical,c30q3,30,3,211076352.0,516943872.0,305867520.0
4602cace15312bd4,recorded_physical,c30q4,30,4,870310656.0,659886336.0,-210424320.0
4602cace15312bd4,recorded_physical,c31q0,31,0,1440000.0,301824.0,-1138176.0
4602cace15312bd4,recorded_physical,c31q1,31,1,16047360.0,370944.0,-15676416.0
4602cace15312bd4,recorded_physical,c31q2,31,2,37244160.0,5727744.0,-31516416.0
4602cace15312bd4,recorded_physical,c31q3,31,3,29175552.0,9130752.0,-20044800.0
4602cace15312bd4,recorded_physical,c31q4,31,4,26085888.0,1389312.0,-24696576.0
4602cace15312bd4,recorded_physical,c32q0,32,0,38605824.0,13989888.0,-24615936.0
4602cace15312bd4,recorded_physical,c32q1,32,1,188160768.0,234759168.0,46598400.0
4602cace15312bd4,recorded_physical,c32q2,32,2,277491456.0,128694528.0,-148796928.0
4602cace15312bd4,recorded_physical,c32q3,32,3,431032320.0,178186752.0,-252845568.0
4602cace15312bd4,recorded_physical,c32q4,32,4,284744448.0,77147136.0,-207597312.0
4602cace15312bd4,recorded_physical,c33q0,33,0,1603584.0,301824.0,-1301760.0
4602cace15312bd4,recorded_physical,c33q1,33,1,25433856.0,53455104.0,28021248.0
4602cace15312bd4,recorded_physical,c33q2,33,2,22966272.0,306630144.0,283663872.0
4602cace15312bd4,recorded_physical,c33q3,33,3,66302208.0,37656576.0,-28645632.0
4602cace15312bd4,recorded_physical,c33q4,33,4,44990208.0,76223232.0,31233024.0
4602cace15312bd4,recorded_physical,c34q0,34,0,1138176.0,301824.0,-836352.0
4602cace15312bd4,recorded_physical,c34q1,34,1,33942528.0,38368512.0,4425984.0
4602cace15312bd4,recorded_physical,c34q2,34,2,6854400.0,28168704.0,21314304.0
4602cace15312bd4,recorded_physical,c34q3,34,3,29751552.0,35942400.0,6190848.0
4602cace15312bd4,recorded_physical,c34q4,34,4,4967424.0,2640384.0,-2327040.0
4602cace15312bd4,recorded_physical,c35q0,35,0,6757632.0,7446527.999999999,688895.9999999991
4602cace15312bd4,recorded_physical,c35q1,35,1,96468480.0,13324032.0,-83144448.0
4602cace15312bd4,recorded_physical,c35q2,35,2,60486912.0,138882816.0,78395904.0
4602cace15312bd4,recorded_physical,c35q3,35,3,25772544.0,180741888.0,154969344.0
4602cace15312bd4,recorded_physical,c35q4,35,4,35926272.0,28240128.0,-7686144.0
4602cace15312bd4,recorded_physical,c36q0,36,0,4905216.0,301824.0,-4603392.0
4602cace15312bd4,recorded_physical,c36q1,36,1,35294976.0,46531584.0,11236608.0
4602cace15312bd4,recorded_physical,c36q2,36,2,22182912.0,5958144.0,-16224768.0
4602cace15312bd4,recorded_physical,c36q3,36,3,38462976.0,13879296.0,-24583680.0
4602cace15312bd4,recorded_physical,c36q4,36,4,4112640.0,1181952.0,-2930688.0
4602cace15312bd4,recorded_physical,c37q0,37,0,9992448.0,6782976.0,-3209472.0
4602cace15312bd4,recorded_physical,c37q1,37,1,13738752.0,9416448.0,-4322304.0
4602cace15312bd4,recorded_physical,c37q2,37,2,119243520.0,113435136.0,-5808384.0
4602cace15312bd4,recorded_physical,c37q3,37,3,302404608.0,153345024.0,-149059584.0
4602cace15312bd4,recorded_physical,c37q4,37,4,67500288.0,17648640.0,-49851648.0
4602cace15312bd4,recorded_physical,c38q0,38,0,17807616.0,14033664.0,-3773952.0
4602cace15312bd4,recorded_physical,c38q1,38,1,82098432.0,56309760.0,-25788672.0
4602cace15312bd4,recorded_physical,c38q2,38,2,273203712.0,156006144.0,-117197568.0
4602cace15312bd4,recorded_physical,c38q3,38,3,58196736.0,252299520.0,194102784.0
4602cace15312bd4,recorded_physical,c38q4,38,4,112555008.0,152554752.0,39999744.0
4602cace15312bd4,recorded_physical,c39q0,39,0,2483712.0,2859264.0,375552.0
4602cace15312bd4,recorded_physical,c39q1,39,1,12833280.0,45280512.0,32447232.0
4602cace15312bd4,recorded_physical,c39q2,39,2,105921792.0,186488064.0,80566272.0
4602cace15312bd4,recorded_physical,c39q3,39,3,101875968.0,94551552.0,-7324416.0
4602cace15312bd4,recorded_physical,c39q4,39,4,28426752.0,101942784.0,73516032.0
44bfd83cf7199b40,nominal,c00q0,0,0,610351562.5,8277893066.40625,7667541503.90625
44bfd83cf7199b40,nominal,c00q1,0,1,61035156250.0,18005371093.75,-43029785156.25
44bfd83cf7199b40,nominal,c00q2,0,2,298156738281.25,130844116210.9375,-167312622070.3125
44bfd83cf7199b40,nominal,c00q3,0,3,18920898437.5,98190307617.1875,79269409179.6875
44bfd83cf7199b40,nominal,c00q4,0,4,36888122558.59375,84915161132.8125,48027038574.21875
44bfd83cf7199b40,nominal,c01q0,1,0,64086914062.5,21514892578.125,-42572021484.375
44bfd83cf7199b40,nominal,c01q1,1,1,64353942871.09375,57525634765.625,-6828308105.46875
44bfd83cf7199b40,nominal,c01q2,1,2,93498229980.46875,126457214355.46875,32958984375.0
44bfd83cf7199b40,nominal,c01q3,1,3,161437988281.25,62103271484.375,-99334716796.875
44bfd83cf7199b40,nominal,c01q4,1,4,190925598144.53125,222091674804.6875,31166076660.15625
44bfd83cf7199b40,nominal,c02q0,2,0,686645507.8125,1029968261.71875,343322753.90625
44bfd83cf7199b40,nominal,c02q1,2,1,6637573242.1875,7247924804.6875,610351562.5
44bfd83cf7199b40,nominal,c02q2,2,2,30670166015.625,33569335937.5,2899169921.875
44bfd83cf7199b40,nominal,c02q3,2,3,28305053710.9375,118598937988.28125,90293884277.34375
44bfd83cf7199b40,nominal,c02q4,2,4,32272338867.1875,27351379394.53125,-4920959472.65625
44bfd83cf7199b40,nominal,c03q0,3,0,10604858398.4375,17547607421.875,6942749023.4375
44bfd83cf7199b40,nominal,c03q1,3,1,87661743164.0625,273246765136.71875,185585021972.65625
44bfd83cf7199b40,nominal,c03q2,3,2,83694458007.8125,138626098632.8125,54931640625.0
44bfd83cf7199b40,nominal,c03q3,3,3,190086364746.09375,205268859863.28125,15182495117.1875
44bfd83cf7199b40,nominal,c03q4,3,4,50544738769.53125,88462829589.84375,37918090820.3125
44bfd83cf7199b40,nominal,c04q0,4,0,686645507.8125,1296997070.3125,610351562.5
44bfd83cf7199b40,nominal,c04q1,4,1,62866210937.5,5645751953.125,-57220458984.375
44bfd83cf7199b40,nominal,c04q2,4,2,35667419433.59375,27732849121.09375,-7934570312.5
44bfd83cf7199b40,nominal,c04q3,4,3,45051574707.03125,11482238769.53125,-33569335937.5
44bfd83cf7199b40,nominal,c04q4,4,4,9422302246.09375,1983642578.125,-7438659667.96875
44bfd83cf7199b40,nominal,c05q0,5,0,1716613769.53125,3700256347.65625,1983642578.125
44bfd83cf7199b40,nominal,c05q1,5,1,7514953613.28125,48522949218.75,41007995605.46875
44bfd83cf7199b40,nominal,c05q2,5,2,103912353515.625,73776245117.1875,-30136108398.4375
44bfd83cf7199b40,nominal,c05q3,5,3,79994201660.15625,298423767089.84375,218429565429.6875
44bfd83cf7199b40,nominal,c05q4,5,4,320053100585.9375,109672546386.71875,-210380554199.21875
44bfd83cf7199b40,nominal,c06q0,6,0,686645507.8125,686645507.8125,0.0
44bfd83cf7199b40,nominal,c06q1,6,1,3700256347.65625,2937316894.53125,-762939453.125
44bfd83cf7199b40,nominal,c06q2,6,2,56724548339.84375,20942687988.28125,-35781860351.5625
44bfd83cf7199b40,nominal,c06q3,6,3,144920349121.09375,13732910156.25,-131187438964.84375
44bfd83cf7199b40,nominal,c06q4,6,4,51383972167.96875,29029846191.40625,-22354125976.5625
44bfd83cf7199b40,nominal,c07q0,7,0,6752014160.15625,24414062500.0,17662048339.84375
44bfd83cf7199b40,nominal,c07q1,7,1,18348693847.65625,109977722167.96875,91629028320.3125
44bfd83cf7199b40,nominal,c07q2,7,2,56037902832.03125,185089111328.125,129051208496.09375
44bfd83cf7199b40,nominal,c07q3,7,3,135192871093.75,41046142578.125,-94146728515.625
44bfd83cf7199b40,nominal,c07q4,7,4,15449523925.78125,12474060058.59375,-2975463867.1875
44bfd83cf7199b40,nominal,c08q0,8,0,1296997070.3125,686645507.8125,-610351562.5
44bfd83cf7199b40,nominal,c08q1,8,1,1716613769.53125,4692077636.71875,2975463867.1875
44bfd83cf7199b40,nominal,c08q2,8,2,45242309570.3125,14801025390.625,-30441284179.6875
44bfd83cf7199b40,nominal,c08q3,8,3,91171264648.4375,26168823242.1875,-65002441406.25
44bfd83cf7199b40,nominal,c08q4,8,4,4119873046.875,28038024902.34375,23918151855.46875
44bfd83cf7199b40,nominal,c09q0,9,0,6942749023.4375,16899108886.71875,9956359863.28125
44bfd83cf7199b40,nominal,c09q1,9,1,17814636230.46875,27885437011.71875,10070800781.25
44bfd83cf7199b40,nominal,c09q2,9,2,26779174804.6875,66795349121.09375,40016174316.40625
44bfd83cf7199b40,nominal,c09q3,9,3,93727111816.40625,19454956054.6875,-74272155761.71875
44bfd83cf7199b40,nominal,c09q4,9,4,2365112304.6875,12016296386.71875,9651184082.03125
44bfd83cf7199b40,nominal,c10q0,10,0,3776550292.96875,3471374511.71875,-305175781.25
44bfd83cf7199b40,nominal,c10q1,10,1,55923461914.0625,55351257324.21875,-572204589.84375
44bfd83cf7199b40,nominal,c10q2,10,2,125694274902.34375,27389526367.1875,-98304748535.15625
44bfd83cf7199b40,nominal,c10q3,10,3,22659301757.8125,17089843750.0,-5569458007.8125
44bfd83cf7199b40,nominal,c10q4,10,4,5302429199.21875,8125305175.78125,2822875976.5625
44bfd83cf7199b40,nominal,c11q0,11,0,686645507.8125,2250671386.71875,1564025878.90625
44bfd83cf7199b40,nominal,c11q1,11,1,17204284667.96875,24719238281.25,7514953613.28125
44bfd83cf7199b40,nominal,c11q2,11,2,155296325683.59375,56877136230.46875,-98419189453.125
44bfd83cf7199b40,nominal,c11q3,11,3,29182434082.03125,30593872070.3125,1411437988.28125
44bfd83cf7199b40,nominal,c11q4,11,4,4043579101.5625,3623962402.34375,-419616699.21875
44bfd83cf7199b40,nominal,c12q0,12,0,5226135253.90625,6370544433.59375,1144409179.6875
44bfd83cf7199b40,nominal,c12q1,12,1,199508666992.1875,71640014648.4375,-127868652343.75
44bfd83cf7199b40,nominal,c12q2,12,2,34408569335.9375,48484802246.09375,14076232910.15625
44bfd83cf7199b40,nominal,c12q3,12,3,226211547851.5625,90255737304.6875,-135955810546.875
44bfd83cf7199b40,nominal,c12q4,12,4,9460449218.75,29525756835.9375,20065307617.1875
44bfd83cf7199b40,nominal,c13q0,13,0,1220703125.0,686645507.8125,-534057617.1875
44bfd83cf7199b40,nominal,c13q1,13,1,105056762695.3125,22354125976.5625,-82702636718.75
44bfd83cf7199b40,nominal,c13q2,13,2,70724487304.6875,134696960449.21875,63972473144.53125
44bfd83cf7199b40,nominal,c13q3,13,3,687789916992.1875,630455017089.8438,-57334899902.34375
44bfd83cf7199b40,nominal,c13q4,13,4,174369812011.71875,98075866699.21875,-76293945312.5
44bfd83cf7199b40,nominal,c14q0,14,0,44326782226.5625,19798278808.59375,-24528503417.96875
44bfd83cf7199b40,nominal,c14q1,14,1,235671997070.3125,507392883300.78125,271720886230.46875
44bfd83cf7199b40,nominal,c14q2,14,2,64430236816.40625,353813171386.71875,289382934570.3125
44bfd83cf7199b40,nominal,c14q3,14,3,338973999023.4375,295944213867.1875,-43029785156.25
44bfd83cf7199b40,nominal,c14q4,14,4,17662048339.84375,19798278808.59375,2136230468.75
44bfd83cf7199b40,nominal,c15q0,15,0,3700256347.65625,1831054687.5,-1869201660.15625
44bfd83cf7199b40,nominal,c15q1,15,1,61759948730.46875,7171630859.375,-54588317871.09375
44bfd83cf7199b40,nominal,c15q2,15,2,108757019042.96875,4806518554.6875,-103950500488.28125
44bfd83cf7199b40,nominal,c15q3,15,3,26664733886.71875,12245178222.65625,-14419555664.0625
44bfd83cf7199b40,nominal,c15q4,15,4,60081481933.59375,8125305175.78125,-51956176757.8125
44bfd83cf7199b40,nominal,c16q0,16,0,6065368652.34375,4386901855.46875,-1678466796.875
44bfd83cf7199b40,nominal,c16q1,16,1,22811889648.4375,55007934570.3125,32196044921.875
44bfd83cf7199b40,nominal,c16q2,16,2,81558227539.0625,22087097167.96875,-59471130371.09375
44bfd83cf7199b40,nominal,c16q3,16,3,253791809082.03125,217933654785.15625,-35858154296.875
44bfd83cf7199b40,nominal,c16q4,16,4,22430419921.875,23040771484.375,610351562.5
44bfd83cf7199b40,nominal,c17q0,17,0,38909912109.375,39482116699.21875,572204589.84375
44bfd83cf7199b40,nominal,c17q1,17,1,69885253906.25,41542053222.65625,-28343200683.59375
44bfd83cf7199b40,nominal,c17q2,17,2,225791931152.34375,249366760253.90625,23574829101.5625
44bfd83cf7199b40,nominal,c17q3,17,3,128211975097.65625,45509338378.90625,-82702636718.75
44bfd83cf7199b40,nominal,c17q4,17,4,22163391113.28125,22964477539.0625,801086425.78125
44bfd83cf7199b40,nominal,c18q0,18,0,4577636718.75,9727478027.34375,5149841308.59375
44bfd83cf7199b40,nominal,c18q1,18,1,26550292968.75,76293945312.5,49743652343.75
44bfd83cf7199b40,nominal,c18q2,18,2,102157592773.4375,93498229980.46875,-8659362792.96875
44bfd83cf7199b40,nominal,c18q3,18,3,55007934570.3125,66642761230.46875,11634826660.15625
44bfd83cf7199b40,nominal,c18q4,18,4,13618469238.28125,19531250000.0,5912780761.71875
44bfd83cf7199b40,nominal,c19q0,19,0,5264282226.5625,14953613281.25,9689331054.6875
44bfd83cf7199b40,nominal,c19q1,19,1,19454956054.6875,30288696289.0625,10833740234.375
44bfd83cf7199b40,nominal,c19q2,19,2,33264160156.25,50354003906.25,17089843750.0
44bfd83cf7199b40,nominal,c19q3,19,3,41503906250.0,22048950195.3125,-19454956054.6875
44bfd83cf7199b40,nominal,c19q4,19,4,8239746093.75,13809204101.5625,5569458007.8125
44bfd83cf7199b40,nominal,c20q0,20,0,3433227539.0625,5187988281.25,1754760742.1875
44bfd83cf7199b40,nominal,c20q1,20,1,48294067382.8125,62828063964.84375,14533996582.03125
44bfd83cf7199b40,nominal,c20q2,20,2,37384033203.125,100212097167.96875,62828063964.84375
44bfd83cf7199b40,nominal,c20q3,20,3,42877197265.625,157775878906.25,114898681640.625
44bfd83cf7199b40,nominal,c20q4,20,4,23155212402.34375,13656616210.9375,-9498596191.40625
44bfd83cf7199b40,nominal,c21q0,21,0,7133483886.71875,4997253417.96875,-2136230468.75
44bfd83cf7199b40,nominal,c21q1,21,1,15563964843.75,19111633300.78125,3547668457.03125
44bfd83cf7199b40,nominal,c21q2,21,2,248451232910.15625,49285888671.875,-199165344238.28125
44bfd83cf7199b40,nominal,c21q3,21,3,63018798828.125,71449279785.15625,8430480957.03125
44bfd83cf7199b40,nominal,c21q4,21,4,36735534667.96875,35934448242.1875,-801086425.78125
44bfd83cf7199b40,nominal,c22q0,22,0,0.0,0.0,0.0
44bfd83cf7199b40,nominal,c22q1,22,1,2517700195.3125,3395080566.40625,877380371.09375
44bfd83cf7199b40,nominal,c22q2,22,2,12207031250.0,11672973632.8125,-534057617.1875
44bfd83cf7199b40,nominal,c22q3,22,3,13198852539.0625,15220642089.84375,2021789550.78125
44bfd83cf7199b40,nominal,c22q4,22,4,10337829589.84375,23117065429.6875,12779235839.84375
44bfd83cf7199b40,nominal,c23q0,23,0,12054443359.375,11444091796.875,-610351562.5
44bfd83cf7199b40,nominal,c23q1,23,1,127677917480.46875,55007934570.3125,-72669982910.15625
44bfd83cf7199b40,nominal,c23q2,23,2,158424377441.40625,50048828125.0,-108375549316.40625
44bfd83cf7199b40,nominal,c23q3,23,3,60615539550.78125,203056335449.21875,142440795898.4375
44bfd83cf7199b40,nominal,c23q4,23,4,32539367675.78125,75645446777.34375,43106079101.5625
44bfd83cf7199b40,nominal,c24q0,24,0,44364929199.21875,13008117675.78125,-31356811523.4375
44bfd83cf7199b40,nominal,c24q1,24,1,32501220703.125,71945190429.6875,39443969726.5625
44bfd83cf7199b40,nominal,c24q2,24,2,126228332519.53125,157203674316.40625,30975341796.875
44bfd83cf7199b40,nominal,c24q3,24,3,61225891113.28125,71868896484.375,10643005371.09375
44bfd83cf7199b40,nominal,c24q4,24,4,66604614257.8125,25596618652.34375,-41007995605.46875
44bfd83cf7199b40,nominal,c25q0,25,0,94985961914.0625,64086914062.5,-30899047851.5625
44bfd83cf7199b40,nominal,c25q1,25,1,150375366210.9375,56152343750.0,-94223022460.9375
44bfd83cf7199b40,nominal,c25q2,25,2,260925292968.75,192451477050.78125,-68473815917.96875
44bfd83cf7199b40,nominal,c25q3,25,3,156936645507.8125,248680114746.09375,91743469238.28125
44bfd83cf7199b40,nominal,c25q4,25,4,88958740234.375,67672729492.1875,-21286010742.1875
44bfd83cf7199b40,nominal,c26q0,26,0,18348693847.65625,1373291015.625,-16975402832.03125
44bfd83cf7199b40,nominal,c26q1,26,1,101280212402.34375,419616699.21875,-100860595703.125
44bfd83cf7199b40,nominal,c26q2,26,2,95787048339.84375,343322753.90625,-95443725585.9375
44bfd83cf7199b40,nominal,c26q3,26,3,69236755371.09375,343322753.90625,-68893432617.1875
44bfd83cf7199b40,nominal,c26q4,26,4,111656188964.84375,686645507.8125,-110969543457.03125
44bfd83cf7199b40,nominal,c27q0,27,0,953674316.40625,1029968261.71875,76293945.3125
44bfd83cf7199b40,nominal,c27q1,27,1,3128051757.8125,5722045898.4375,2593994140.625
44bfd83cf7199b40,nominal,c27q2,27,2,13236999511.71875,33988952636.71875,20751953125.0
44bfd83cf7199b40,nominal,c27q3,27,3,8850097656.25,14343261718.75,5493164062.5
44bfd83cf7199b40,nominal,c27q4,27,4,7705688476.5625,2250671386.71875,-5455017089.84375
44bfd83cf7199b40,nominal,c28q0,28,0,5798339843.75,9574890136.71875,3776550292.96875
44bfd83cf7199b40,nominal,c28q1,28,1,172729492187.5,263786315917.96875,91056823730.46875
44bfd83cf7199b40,nominal,c28q2,28,2,218620300292.96875,482215881347.65625,263595581054.6875
44bfd83cf7199b40,nominal,c28q3,28,3,512809753417.96875,694770812988.2812,181961059570.3125
44bfd83cf7199b40,nominal,c28q4,28,4,910606384277.3438,157623291015.625,-752983093261.7188
44bfd83cf7199b40,nominal,c29q0,29,0,54855346679.6875,21362304687.5,-33493041992.1875
44bfd83cf7199b40,nominal,c29q1,29,1,40283203125.0,87280273437.5,46997070312.5
44bfd83cf7199b40,nominal,c29q2,29,2,242080688476.5625,130615234375.0,-111465454101.5625
44bfd83cf7199b40,nominal,c29q3,29,3,210876464843.75,100975036621.09375,-109901428222.65625
44bfd83cf7199b40,nominal,c29q4,29,4,30670166015.625,45814514160.15625,15144348144.53125
44bfd83cf7199b40,nominal,c30q0,30,0,1678466796.875,3433227539.0625,1754760742.1875
44bfd83cf7199b40,nominal,c30q1,30,1,9918212890.625,28114318847.65625,18196105957.03125
44bfd83cf7199b40,nominal,c30q2,30,2,85334777832.03125,161018371582.03125,75683593750.0
44bfd83cf7199b40,nominal,c30q3,30,3,240135192871.09375,364074707031.25,123939514160.15625
44bfd83cf7199b40,nominal,c30q4,30,4,985145568847.6562,1153831481933.5938,168685913085.9375
44bfd83cf7199b40,nominal,c31q0,31,0,1640319824.21875,953674316.40625,-686645507.8125
44bfd83cf7199b40,nominal,c31q1,31,1,18272399902.34375,6446838378.90625,-11825561523.4375
44bfd83cf7199b40,nominal,c31q2,31,2,42381286621.09375,18501281738.28125,-23880004882.8125
44bfd83cf7199b40,nominal,c31q3,31,3,33149719238.28125,16860961914.0625,-16288757324.21875
44bfd83cf7199b40,nominal,c31q4,31,4,29830932617.1875,6446838378.90625,-23384094238.28125
44bfd83cf7199b40,nominal,c32q0,32,0,44097900390.625,67787170410.15625,23689270019.53125
44bfd83cf7199b40,nominal,c32q1,32,1,213661193847.65625,277252197265.625,63591003417.96875
44bfd83cf7199b40,nominal,c32q2,32,2,316352844238.28125,494117736816.40625,177764892578.125
44bfd83cf7199b40,nominal,c32q3,32,3,489501953125.0,660133361816.4062,170631408691.40625
44bfd83cf7199b40,nominal,c32q4,32,4,324440002441.40625,115623474121.09375,-208816528320.3125
44bfd83cf7199b40,nominal,c33q0,33,0,1831054687.5,2517700195.3125,686645507.8125
44bfd83cf7199b40,nominal,c33q1,33,1,28877258300.78125,7286071777.34375,-21591186523.4375
44bfd83cf7199b40,nominal,c33q2,33,2,25939941406.25,11444091796.875,-14495849609.375
44bfd83cf7199b40,nominal,c33q3,33,3,75492858886.71875,85945129394.53125,10452270507.8125
44bfd83cf7199b40,nominal,c33q4,33,4,51155090332.03125,144462585449.21875,93307495117.1875
44bfd83cf7199b40,nominal,c34q0,34,0,1296997070.3125,3433227539.0625,2136230468.75
44bfd83cf7199b40,nominal,c34q1,34,1,38909912109.375,9040832519.53125,-29869079589.84375
44bfd83cf7199b40,nominal,c34q2,34,2,7820129394.53125,8354187011.71875,534057617.1875
44bfd83cf7199b40,nominal,c34q3,34,3,33988952636.71875,17318725585.9375,-16670227050.78125
44bfd83cf7199b40,nominal,c34q4,34,4,5645751953.125,3356933593.75,-2288818359.375
44bfd83cf7199b40,nominal,c35q0,35,0,7591247558.59375,7400512695.3125,-190734863.28125
44bfd83cf7199b40,nominal,c35q1,35,1,109634399414.0625,74081420898.4375,-35552978515.625
44bfd83cf7199b40,nominal,c35q2,35,2,68931579589.84375,261878967285.15625,192947387695.3125
44bfd83cf7199b40,nominal,c35q3,35,3,29220581054.6875,34713745117.1875,5493164062.5
44bfd83cf7199b40,nominal,c35q4,35,4,41007995605.46875,14266967773.4375,-26741027832.03125
44bfd83cf7199b40,nominal,c36q0,36,0,5607604980.46875,3738403320.3125,-1869201660.15625
44bfd83cf7199b40,nominal,c36q1,36,1,39863586425.78125,70190429687.5,30326843261.71875
44bfd83cf7199b40,nominal,c36q2,36,2,25177001953.125,60768127441.40625,35591125488.28125
44bfd83cf7199b40,nominal,c36q3,36,3,43716430664.0625,25978088378.90625,-17738342285.15625
44bfd83cf7199b40,nominal,c36q4,36,4,4692077636.71875,4920959472.65625,228881835.9375
44bfd83cf7199b40,nominal,c37q0,37,0,11405944824.21875,24871826171.875,13465881347.65625
44bfd83cf7199b40,nominal,c37q1,37,1,15602111816.40625,59165954589.84375,43563842773.4375
44bfd83cf7199b40,nominal,c37q2,37,2,135841369628.90625,38070678710.9375,-97770690917.96875
44bfd83cf7199b40,nominal,c37q3,37,3,345001220703.125,212631225585.9375,-132369995117.1875
44bfd83cf7199b40,nominal,c37q4,37,4,76408386230.46875,173645019531.25,97236633300.78125
44bfd83cf7199b40,nominal,c38q0,38,0,20256042480.46875,42037963867.1875,21781921386.71875
44bfd83cf7199b40,nominal,c38q1,38,1,93193054199.21875,53138732910.15625,-40054321289.0625
44bfd83cf7199b40,nominal,c38q2,38,2,311203002929.6875,390319824218.75,79116821289.0625
44bfd83cf7199b40,nominal,c38q3,38,3,66261291503.90625,54435729980.46875,-11825561523.4375
44bfd83cf7199b40,nominal,c38q4,38,4,127716064453.125,65383911132.8125,-62332153320.3125
44bfd83cf7199b40,nominal,c39q0,39,0,2822875976.5625,2899169921.875,76293945.3125
44bfd83cf7199b40,nominal,c39q1,39,1,14572143554.6875,81863403320.3125,67291259765.625
44bfd83cf7199b40,nominal,c39q2,39,2,120811462402.34375,350532531738.28125,229721069335.9375
44bfd83cf7199b40,nominal,c39q3,39,3,116081237792.96875,65803527832.03125,-50277709960.9375
44bfd83cf7199b40,nominal,c39q4,39,4,32272338867.1875,349960327148.4375,317687988281.25
44bfd83cf7199b40,recorded_physical,c00q0,0,0,534528.0,7269120.0,6734592.0
44bfd83cf7199b40,recorded_physical,c00q1,0,1,53397504.0,15814656.0,-37582848.0
44bfd83cf7199b40,recorded_physical,c00q2,0,2,261550080.0,114928128.0,-146621952.0
44bfd83cf7199b40,recorded_physical,c00q3,0,3,16607232.0,86247936.0,69640704.0
44bfd83cf7199b40,recorded_physical,c00q4,0,4,32433408.0,74589696.0,42156288.0
44bfd83cf7199b40,recorded_physical,c01q0,1,0,55996416.0,18883584.0,-37112832.0
44bfd83cf7199b40,recorded_physical,c01q1,1,1,56339712.0,50494464.0,-5845248.0
44bfd83cf7199b40,recorded_physical,c01q2,1,2,81821952.0,110999808.0,29177856.0
44bfd83cf7199b40,recorded_physical,c01q3,1,3,141520896.0,54512640.0,-87008256.0
44bfd83cf7199b40,recorded_physical,c01q4,1,4,167802624.0,194941440.0,27138816.0
44bfd83cf7199b40,recorded_physical,c02q0,2,0,603648.0,905472.0,301824.0
44bfd83cf7199b40,recorded_physical,c02q1,2,1,5884416.0,6382080.0,497664.0
44bfd83cf7199b40,recorded_physical,c02q2,2,2,27067392.0,29564928.0,2497536.0
44bfd83cf7199b40,recorded_physical,c02q3,2,3,24758784.0,104451840.0,79693056.0
44bfd83cf7199b40,recorded_physical,c02q4,2,4,28297728.0,24088320.0,-4209408.0
44bfd83cf7199b40,recorded_physical,c03q0,3,0,9294336.0,15455232.0,6160896.0
44bfd83cf7199b40,recorded_physical,c03q1,3,1,77188608.0,240650496.0,163461888.0
44bfd83cf7199b40,recorded_physical,c03q2,3,2,73870848.0,122088960.0,48218112.0
44bfd83cf7199b40,recorded_physical,c03q3,3,3,167152896.0,180778752.0,13625856.0
44bfd83cf7199b40,recorded_physical,c03q4,3,4,44363520.0,77905152.0,33541632.0
44bfd83cf7199b40,recorded_physical,c04q0,4,0,603648.0,1138176.0,534528.0
44bfd83cf7199b40,recorded_physical,c04q1,4,1,55056384.0,4948992.0,-50107392.0
44bfd83cf7199b40,recorded_physical,c04q2,4,2,31216896.0,24304896.0,-6912000.0
44bfd83cf7199b40,recorded_physical,c04q3,4,3,39405312.0,10061568.0,-29343744.0
44bfd83cf7199b40,recorded_physical,c04q4,4,4,8232192.0,1741824.0,-6490368.0
44bfd83cf7199b40,recorded_physical,c05q0,5,0,1509120.0,3250944.0,1741824.0
44bfd83cf7199b40,recorded_physical,c05q1,5,1,6651648.0,42651648.0,36000000.0
44bfd83cf7199b40,recorded_physical,c05q2,5,2,91560960.0,64848384.0,-26712576.0
44bfd83cf7199b40,recorded_physical,c05q3,5,3,70343424.0,262317312.0,191973888.0
44bfd83cf7199b40,recorded_physical,c05q4,5,4,282235392.0,96401664.0,-185833728.0
44bfd83cf7199b40,recorded_physical,c06q0,6,0,603648.0,603648.0,0.0
44bfd83cf7199b40,recorded_physical,c06q1,6,1,3232512.0,2578176.0,-654336.0
44bfd83cf7199b40,recorded_physical,c06q2,6,2,49999104.0,18355968.0,-31643136.0
44bfd83cf7199b40,recorded_physical,c06q3,6,3,126878976.0,12036096.0,-114842880.0
44bfd83cf7199b40,recorded_physical,c06q4,6,4,45031680.0,25443072.0,-19588608.0
44bfd83cf7199b40,recorded_physical,c07q0,7,0,5905152.0,21417984.0,15512832.0
44bfd83cf7199b40,recorded_physical,c07q1,7,1,16098048.0,96475392.0,80377344.0
44bfd83cf7199b40,recorded_physical,c07q2,7,2,49469184.0,162358272.0,112889088.0
44bfd83cf7199b40,recorded_physical,c07q3,7,3,118978560.0,36006912.0,-82971648.0
44bfd83cf7199b40,recorded_physical,c07q4,7,4,13526784.0,10941696.0,-2585088.0
44bfd83cf7199b40,recorded_physical,c08q0,8,0,1138176.0,603648.0,-534528.0
44bfd83cf7199b40,recorded_physical,c08q1,8,1,1509120.0,4149504.0,2640384.0
44bfd83cf7199b40,recorded_physical,c08q2,8,2,39716352.0,13095936.0,-26620416.0
44bfd83cf7199b40,recorded_physical,c08q3,8,3,80220672.0,23155200.0,-57065472.0
44bfd83cf7199b40,recorded_physical,c08q4,8,4,3640320.0,24876288.0,21235968.0
44bfd83cf7199b40,recorded_physical,c09q0,9,0,6216192.0,14987520.0,8771328.0
44bfd83cf7199b40,recorded_physical,c09q1,9,1,15632640.0,24756480.0,9123840.0
44bfd83cf7199b40,recorded_physical,c09q2,9,2,23726592.0,59307264.0,35580672.0
44bfd83cf7199b40,recorded_physical,c09q3,9,3,81955584.0,17330688.0,-64624896.0
44bfd83cf7199b40,recorded_physical,c09q4,9,4,2087424.0,10692864.0,8605440.0
44bfd83cf7199b40,recorded_physical,c10q0,10,0,3301632.0,3062016.0,-239616.0
44bfd83cf7199b40,recorded_physical,c10q1,10,1,49135104.0,48847104.0,-288000.0
44bfd83cf7199b40,recorded_physical,c10q2,10,2,110566656.0,24168960.0,-86397696.0
44bfd83cf7199b40,recorded_physical,c10q3,10,3,19846656.0,15077376.0,-4769280.0
44bfd83cf7199b40,recorded_physical,c10q4,10,4,4720896.0,7167744.0,2446848.0
44bfd83cf7199b40,recorded_physical,c11q0,11,0,603648.0,1974528.0,1370880.0
44bfd83cf7199b40,recorded_physical,c11q1,11,1,15079680.0,21694464.0,6614784.0
44bfd83cf7199b40,recorded_physical,c11q2,11,2,136002816.0,49916160.0,-86086656.0
44bfd83cf7199b40,recorded_physical,c11q3,11,3,25784064.0,26850816.0,1066752.0
44bfd83cf7199b40,recorded_physical,c11q4,11,4,3534336.0,3181824.0,-352512.0
44bfd83cf7199b40,recorded_physical,c12q0,12,0,4559616.0,5596416.0,1036800.0
44bfd83cf7199b40,recorded_physical,c12q1,12,1,175956480.0,62931456.0,-113025024.0
44bfd83cf7199b40,recorded_physical,c12q2,12,2,30269952.0,42589440.0,12319488.0
44bfd83cf7199b40,recorded_physical,c12q3,12,3,199097856.0,79280640.0,-119817216.0
44bfd83cf7199b40,recorded_physical,c12q4,12,4,8312832.0,25938432.0,17625600.0
44bfd83cf7199b40,recorded_physical,c13q0,13,0,1069056.0,603648.0,-465408.0
44bfd83cf7199b40,recorded_physical,c13q1,13,1,92708352.0,19625472.0,-73082880.0
44bfd83cf7199b40,recorded_physical,c13q2,13,2,62396928.0,118243584.0,55846656.0
44bfd83cf7199b40,recorded_physical,c13q3,13,3,604445184.0,553450752.0,-50994432.0
44bfd83cf7199b40,recorded_physical,c13q4,13,4,153448704.0,86098176.0,-67350528.0
44bfd83cf7199b40,recorded_physical,c14q0,14,0,38702592.0,17374464.0,-21328128.0
44bfd83cf7199b40,recorded_physical,c14q1,14,1,206820864.0,445259520.0,238438656.0
44bfd83cf7199b40,recorded_physical,c14q2,14,2,56740608.0,310489344.0,253748736.0
44bfd83cf7199b40,recorded_physical,c14q3,14,3,297128448.0,259711488.0,-37416960.0
44bfd83cf7199b40,recorded_physical,c14q4,14,4,15531264.0,17374464.0,1843200.0
44bfd83cf7199b40,recorded_physical,c15q0,15,0,3269376.0,1603584.0,-1665792.0
44bfd83cf7199b40,recorded_physical,c15q1,15,1,54229248.0,6276096.0,-47953152.0
44bfd83cf7199b40,recorded_physical,c15q2,15,2,95516928.0,4207104.0,-91309824.0
44bfd83cf7199b40,recorded_physical,c15q3,15,3,23374080.0,10715904.0,-12658176.0
44bfd83cf7199b40,recorded_physical,c15q4,15,4,52598016.0,7112448.0,-45485568.0
44bfd83cf7199b40,recorded_physical,c16q0,16,0,5412096.0,3854592.0,-1557504.0
44bfd83cf7199b40,recorded_physical,c16q1,16,1,20113920.0,48342528.0,28228608.0
44bfd83cf7199b40,recorded_physical,c16q2,16,2,71585280.0,19411200.0,-52174080.0
44bfd83cf7199b40,recorded_physical,c16q3,16,3,222951168.0,191515392.0,-31435776.0
44bfd83cf7199b40,recorded_physical,c16q4,16,4,19768320.0,20247552.0,479232.0
44bfd83cf7199b40,recorded_physical,c17q0,17,0,34311168.0,34691328.0,380160.0
44bfd83cf7199b40,recorded_physical,c17q1,17,1,61231104.0,36502272.0,-24728832.0
44bfd83cf7199b40,recorded_physical,c17q2,17,2,197805312.0,219108096.0,21302784.0
44bfd83cf7199b40,recorded_physical,c17q3,17,3,113197824.0,39985920.0,-73211904.0
44bfd83cf7199b40,recorded_physical,c17q4,17,4,19461888.0,20178432.0,716544.0
44bfd83cf7199b40,recorded_physical,c18q0,18,0,4036608.0,8563968.0,4527360.0
44bfd83cf7199b40,recorded_physical,c18q1,18,1,23445504.0,67184640.0,43739136.0
44bfd83cf7199b40,recorded_physical,c18q2,18,2,89657856.0,82338048.0,-7319808.0
44bfd83cf7199b40,recorded_physical,c18q3,18,3,48139776.0,58689792.0,10550016.0
44bfd83cf7199b40,recorded_physical,c18q4,18,4,12162816.0,17289216.0,5126400.0
44bfd83cf7199b40,recorded_physical,c19q0,19,0,4713984.0,13123584.0,8409600.0
44bfd83cf7199b40,recorded_physical,c19q1,19,1,17072640.0,26574336.0,9501696.0
44bfd83cf7199b40,recorded_physical,c19q2,19,2,29196288.0,44181504.0,14985216.0
44bfd83cf7199b40,recorded_physical,c19q3,19,3,36734976.0,19348992.0,-17385984.0
44bfd83cf7199b40,recorded_physical,c19q4,19,4,7317504.0,12123648.0,4806144.0
44bfd83cf7199b40,recorded_physical,c20q0,20,0,3018240.0,4571136.0,1552896.0
44bfd83cf7199b40,recorded_physical,c20q1,20,1,42591744.0,55344384.0,12752640.0
44bfd83cf7199b40,recorded_physical,c20q2,20,2,32781312.0,88273152.0,55491840.0
44bfd83cf7199b40,recorded_physical,c20q3,20,3,37573632.0,138977280.0,101403648.0
44bfd83cf7199b40,recorded_physical,c20q4,20,4,20286720.0,12059136.0,-8227584.0
44bfd83cf7199b40,recorded_physical,c21q0,21,0,6232320.0,4407552.0,-1824768.0
44bfd83cf7199b40,recorded_physical,c21q1,21,1,13676544.0,16862976.0,3186432.0
44bfd83cf7199b40,recorded_physical,c21q2,21,2,218168064.0,43490304.0,-174677760.0
44bfd83cf7199b40,recorded_physical,c21q3,21,3,55434240.0,63044352.0,7610112.0
44bfd83cf7199b40,recorded_physical,c21q4,21,4,32313600.0,31707648.0,-605952.0
44bfd83cf7199b40,recorded_physical,c22q0,22,0,0.0,0.0,0.0
44bfd83cf7199b40,recorded_physical,c22q1,22,1,2207232.0,2992896.0,785664.0
44bfd83cf7199b40,recorded_physical,c22q2,22,2,10690560.0,10298880.0,-391680.0
44bfd83cf7199b40,recorded_physical,c22q3,22,3,11552256.0,13430016.0,1877760.0
44bfd83cf7199b40,recorded_physical,c22q4,22,4,9061632.0,20390400.0,11328768.0
44bfd83cf7199b40,recorded_physical,c23q0,23,0,10570752.0,10073088.0,-497664.0
44bfd83cf7199b40,recorded_physical,c23q1,23,1,111995136.0,48416256.0,-63578880.0
44bfd83cf7199b40,recorded_physical,c23q2,23,2,138984192.0,44052480.0,-94931712.0
44bfd83cf7199b40,recorded_physical,c23q3,23,3,53137152.0,178718976.0,125581824.0
44bfd83cf7199b40,recorded_physical,c23q4,23,4,28733184.0,66587904.0,37854720.0
44bfd83cf7199b40,recorded_physical,c24q0,24,0,38801664.0,11517696.0,-27283968.0
44bfd83cf7199b40,recorded_physical,c24q1,24,1,28560384.0,63705600.0,35145216.0
44bfd83cf7199b40,recorded_physical,c24q2,24,2,110718720.0,139205376.0,28486656.0
44bfd83cf7199b40,recorded_physical,c24q3,24,3,53800704.0,63636480.0,9835776.0
44bfd83cf7199b40,recorded_physical,c24q4,24,4,58277376.0,22664448.0,-35612928.0
44bfd83cf7199b40,recorded_physical,c25q0,25,0,83381760.0,56272896.0,-27108864.0
44bfd83cf7199b40,recorded_physical,c25q1,25,1,132217344.0,49305600.0,-82911744.0
44bfd83cf7199b40,recorded_physical,c25q2,25,2,229644288.0,168982272.0,-60662016.0
44bfd83cf7199b40,recorded_physical,c25q3,25,3,137737728.0,218356992.0,80619264.0
44bfd83cf7199b40,recorded_physical,c25q4,25,4,78695424.0,59595264.0,-19100160.0
44bfd83cf7199b40,recorded_physical,c26q0,26,0,16079616.0,1207296.0,-14872320.0
44bfd83cf7199b40,recorded_physical,c26q1,26,1,89332992.0,370944.0,-88962048.0
44bfd83cf7199b40,recorded_physical,c26q2,26,2,83877120.0,301824.0,-83575296.0
44bfd83cf7199b40,recorded_physical,c26q3,26,3,60892416.0,301824.0,-60590592.0
44bfd83cf7199b40,recorded_physical,c26q4,26,4,98401536.0,603648.0,-97797888.0
44bfd83cf7199b40,recorded_physical,c27q0,27,0,836352.0,905472.0,69120.0
44bfd83cf7199b40,recorded_physical,c27q1,27,1,2741760.0,5054976.0,2313216.0
44bfd83cf7199b40,recorded_physical,c27q2,27,2,11596032.0,30046464.0,18450432.0
44bfd83cf7199b40,recorded_physical,c27q3,27,3,7759872.0,12681216.0,4921344.0
44bfd83cf7199b40,recorded_physical,c27q4,27,4,6741504.0,1992960.0,-4748544.0
44bfd83cf7199b40,recorded_physical,c28q0,28,0,5068800.0,8407296.0,3338496.0
44bfd83cf7199b40,recorded_physical,c28q1,28,1,151603200.0,231692544.0,80089344.0
44bfd83cf7199b40,recorded_physical,c28q2,28,2,191768832.0,423555840.0,231787008.0
44bfd83cf7199b40,recorded_physical,c28q3,28,3,452360448.0,610262784.0,157902336.0
44bfd83cf7199b40,recorded_physical,c28q4,28,4,800439552.0,138451968.0,-661987584.0
44bfd83cf7199b40,recorded_physical,c29q0,29,0,48738816.0,18763776.0,-29975040.0
44bfd83cf7199b40,recorded_physical,c29q1,29,1,35518464.0,76658688.0,41140224.0
44bfd83cf7199b40,recorded_physical,c29q2,29,2,212682240.0,114720768.0,-97961472.0
44bfd83cf7199b40,recorded_physical,c29q3,29,3,185702400.0,88687872.0,-97014528.0
44bfd83cf7199b40,recorded_physical,c29q4,29,4,26846208.0,40299264.0,13453056.0
44bfd83cf7199b40,recorded_physical,c30q0,30,0,1502208.0,3018240.0,1516032.0
44bfd83cf7199b40,recorded_physical,c30q1,30,1,8709120.0,24705792.0,15996672.0
44bfd83cf7199b40,recorded_physical,c30q2,30,2,75255552.0,141500160.0,66244608.0
44bfd83cf7199b40,recorded_physical,c30q3,30,3,211076352.0,319942656.0,108866304.0
44bfd83cf7199b40,recorded_physical,c30q4,30,4,870310656.0,1013974272.0,143663616.0
44bfd83cf7199b40,recorded_physical,c31q0,31,0,1440000.0,836352.0,-603648.0
44bfd83cf7199b40,recorded_physical,c31q1,31,1,16047360.0,5665536.0,-10381824.0
44bfd83cf7199b40,recorded_physical,c31q2,31,2,37244160.0,16254720.0,-20989440.0
44bfd83cf7199b40,recorded_physical,c31q3,31,3,29175552.0,14814720.0,-14360832.0
44bfd83cf7199b40,recorded_physical,c31q4,31,4,26085888.0,5665536.0,-20420352.0
44bfd83cf7199b40,recorded_physical,c32q0,32,0,38605824.0,59560704.0,20954880.0
44bfd83cf7199b40,recorded_physical,c32q1,32,1,188160768.0,243606528.0,55445760.0
44bfd83cf7199b40,recorded_physical,c32q2,32,2,277491456.0,434154240.0,156662784.0
44bfd83cf7199b40,recorded_physical,c32q3,32,3,431032320.0,580025088.0,148992768.0
44bfd83cf7199b40,recorded_physical,c32q4,32,4,284744448.0,101590272.0,-183154176.0
44bfd83cf7199b40,recorded_physical,c33q0,33,0,1603584.0,2207232.0,603648.0
44bfd83cf7199b40,recorded_physical,c33q1,33,1,25433856.0,6388992.0,-19044864.0
44bfd83cf7199b40,recorded_physical,c33q2,33,2,22966272.0,10036224.0,-12930048.0
44bfd83cf7199b40,recorded_physical,c33q3,33,3,66302208.0,75366144.0,9063936.0
44bfd83cf7199b40,recorded_physical,c33q4,33,4,44990208.0,126685440.0,81695232.0
44bfd83cf7199b40,recorded_physical,c34q0,34,0,1138176.0,3018240.0,1880064.0
44bfd83cf7199b40,recorded_physical,c34q1,34,1,33942528.0,7941888.0,-26000640.0
44bfd83cf7199b40,recorded_physical,c34q2,34,2,6854400.0,7338240.0,483840.0
44bfd83cf7199b40,recorded_physical,c34q3,34,3,29751552.0,15211008.0,-14540544.0
44bfd83cf7199b40,recorded_physical,c34q4,34,4,4967424.0,2949120.0,-2018304.0
44bfd83cf7199b40,recorded_physical,c35q0,35,0,6757632.0,6501888.0,-255744.0
44bfd83cf7199b40,recorded_physical,c35q1,35,1,96468480.0,65069568.0,-31398912.0
44bfd83cf7199b40,recorded_physical,c35q2,35,2,60486912.0,230019840.0,169532928.0
44bfd83cf7199b40,recorded_physical,c35q3,35,3,25772544.0,30491136.0,4718592.0
44bfd83cf7199b40,recorded_physical,c35q4,35,4,35926272.0,12556800.0,-23369472.0
44bfd83cf7199b40,recorded_physical,c36q0,36,0,4905216.0,3294720.0,-1610496.0
44bfd83cf7199b40,recorded_physical,c36q1,36,1,35294976.0,61876224.0,26581248.0
44bfd83cf7199b40,recorded_physical,c36q2,36,2,22182912.0,53570304.0,31387392.0
44bfd83cf7199b40,recorded_physical,c36q3,36,3,38462976.0,22899456.0,-15563520.0
44bfd83cf7199b40,recorded_physical,c36q4,36,4,4112640.0,4338432.0,225792.0
44bfd83cf7199b40,recorded_physical,c37q0,37,0,9992448.0,21869568.0,11877120.0
44bfd83cf7199b40,recorded_physical,c37q1,37,1,13738752.0,52026624.0,38287872.0
44bfd83cf7199b40,recorded_physical,c37q2,37,2,119243520.0,33477120.0,-85766400.0
44bfd83cf7199b40,recorded_physical,c37q3,37,3,302404608.0,186978816.0,-115425792.0
44bfd83cf7199b40,recorded_physical,c37q4,37,4,67500288.0,152690688.0,85190400.0
44bfd83cf7199b40,recorded_physical,c38q0,38,0,17807616.0,36923904.0,19116288.0
44bfd83cf7199b40,recorded_physical,c38q1,38,1,82098432.0,46676736.0,-35421696.0
44bfd83cf7199b40,recorded_physical,c38q2,38,2,273203712.0,342835200.0,69631488.0
44bfd83cf7199b40,recorded_physical,c38q3,38,3,58196736.0,47814912.0,-10381824.0
44bfd83cf7199b40,recorded_physical,c38q4,38,4,112555008.0,57429504.0,-55125504.0
44bfd83cf7199b40,recorded_physical,c39q0,39,0,2483712.0,2552832.0,69120.0
44bfd83cf7199b40,recorded_physical,c39q1,39,1,12833280.0,72138240.0,59304960.0
44bfd83cf7199b40,recorded_physical,c39q2,39,2,105921792.0,308899584.0,202977792.0
44bfd83cf7199b40,recorded_physical,c39q3,39,3,101875968.0,58003200.0,-43872768.0
44bfd83cf7199b40,recorded_physical,c39q4,39,4,28426752.0,308482560.0,280055808.0
